Key_Dataset,Key_Run,Key_Fold,Key_Scheme,Key_Scheme_options,Key_Scheme_version_ID,Date_time,Number_of_training_instances,Number_of_testing_instances,Number_correct,Number_incorrect,Number_unclassified,Percent_correct,Percent_incorrect,Percent_unclassified,Kappa_statistic,Mean_absolute_error,Root_mean_squared_error,Relative_absolute_error,Root_relative_squared_error,SF_prior_entropy,SF_scheme_entropy,SF_entropy_gain,SF_mean_prior_entropy,SF_mean_scheme_entropy,SF_mean_entropy_gain,KB_information,KB_mean_information,KB_relative_information,True_positive_rate,Num_true_positives,False_positive_rate,Num_false_positives,True_negative_rate,Num_true_negatives,False_negative_rate,Num_false_negatives,IR_precision,IR_recall,F_measure,Matthews_correlation,Area_under_ROC,Area_under_PRC,Weighted_avg_true_positive_rate,Weighted_avg_false_positive_rate,Weighted_avg_true_negative_rate,Weighted_avg_false_negative_rate,Weighted_avg_IR_precision,Weighted_avg_IR_recall,Weighted_avg_F_measure,Weighted_avg_matthews_correlation,Weighted_avg_area_under_ROC,Weighted_avg_area_under_PRC,Unweighted_macro_avg_F_measure,Unweighted_micro_avg_F_measure,Elapsed_Time_training,Elapsed_Time_testing,UserCPU_Time_training,UserCPU_Time_testing,UserCPU_Time_millis_training,UserCPU_Time_millis_testing,Serialized_Model_Size,Serialized_Train_Set_Size,Serialized_Test_Set_Size,Coverage_of_Test_Cases_By_Regions,Size_of_Predicted_Regions,Summary,measureOutOfBagError
DatasetClassiRealeseNormalized,1,1,weka.classifiers.meta.FilteredClassifier,'-F \"weka.filters.MultiFilter -F \\\"weka.filters.supervised.attribute.AttributeSelection -E \\\\\\\"weka.attributeSelection.WrapperSubsetEval -B weka.classifiers.bayes.NaiveBayes -F 5 -T 0.01 -R 1 -E AUC --\\\\\\\" -S \\\\\\\"weka.attributeSelection.GreedyStepwise -B -T -1.7976931348623157E308 -N -1 -num-slots 1\\\\\\\"\\\" -S 1\" -S 1 -W weka.classifiers.trees.RandomForest -- -P 100 -I 100 -num-slots 1 -K 0 -M 1.0 -V 0.001 -S 1',-4523450618538717400,2.02604251011E7,4329.0,482.0,469.0,13.0,0.0,97.30290456431536,2.6970954356846475,0.0,0.877199858895465,0.05285894862953469,0.14899518222078903,22.936609381234973,43.90773649308444,272.3366817903761,57.45322734963301,214.88345444074307,0.565013862635635,0.11919756711542118,0.44581629552021385,208.60939607000253,0.43279957690871895,76.59981560272298,0.84375,54.0,0.007177033492822967,3.0,0.992822966507177,415.0,0.15625,10.0,0.9473684210526315,0.84375,0.8925619834710744,0.8791238482574861,0.9902250299043063,0.9507616110833916,0.9730290456431535,0.1364560791359765,0.8635439208640234,0.026970954356846474,0.9726064000616625,0.9730290456431535,0.9723608731221517,0.8791238482574861,0.9902250299043063,0.9919840921967883,0.9385704342029156,0.9730290456431535,8.742,0.008,8.68,0.01,8680.0,10.0,2745256.0,924290.0,104879.0,99.79253112033194,59.128630705394194,?,?
DatasetClassiRealeseNormalized,1,2,weka.classifiers.meta.FilteredClassifier,'-F \"weka.filters.MultiFilter -F \\\"weka.filters.supervised.attribute.AttributeSelection -E \\\\\\\"weka.attributeSelection.WrapperSubsetEval -B weka.classifiers.bayes.NaiveBayes -F 5 -T 0.01 -R 1 -E AUC --\\\\\\\" -S \\\\\\\"weka.attributeSelection.GreedyStepwise -B -T -1.7976931348623157E308 -N -1 -num-slots 1\\\\\\\"\\\" -S 1\" -S 1 -W weka.classifiers.trees.RandomForest -- -P 100 -I 100 -num-slots 1 -K 0 -M 1.0 -V 0.001 -S 1',-4523450618538717400,2.02604251011E7,4330.0,481.0,461.0,20.0,0.0,95.84199584199584,4.158004158004158,0.0,0.8148504561376496,0.06850030426843479,0.1810986466441279,29.876135476786768,53.6775250141921,269.42867131105754,2214.2312878158173,-1944.8026165047597,0.5601427677984564,4.603391450760535,-4.043248682962078,177.69699738969095,0.3694324270055945,65.95326196169313,0.8253968253968254,52.0,0.0215311004784689,9.0,0.9784688995215312,409.0,0.1746031746031746,11.0,0.8524590163934426,0.8253968253968254,0.8387096774193549,0.8149901588654245,0.9663552821447559,0.8971593933594261,0.9584199584199584,0.15455423350160188,0.8454457664983981,0.04158004158004158,0.9579153825055464,0.9584199584199584,0.9581342536920334,0.8149901588654245,0.9663552821447559,0.9791323718946292,0.9074216644853338,0.9584199584199584,11.39,0.01,11.3,0.01,11300.0,10.0,2746502.0,924503.0,104666.0,99.58419958419958,60.395010395010395,?,?
DatasetClassiRealeseNormalized,1,3,weka.classifiers.meta.FilteredClassifier,'-F \"weka.filters.MultiFilter -F \\\"weka.filters.supervised.attribute.AttributeSelection -E \\\\\\\"weka.attributeSelection.WrapperSubsetEval -B weka.classifiers.bayes.NaiveBayes -F 5 -T 0.01 -R 1 -E AUC --\\\\\\\" -S \\\\\\\"weka.attributeSelection.GreedyStepwise -B -T -1.7976931348623157E308 -N -1 -num-slots 1\\\\\\\"\\\" -S 1\" -S 1 -W weka.classifiers.trees.RandomForest -- -P 100 -I 100 -num-slots 1 -K 0 -M 1.0 -V 0.001 -S 1',-4523450618538717400,2.02604251011E7,4330.0,481.0,467.0,14.0,0.0,97.0893970893971,2.9106029106029108,0.0,0.8667906314290236,0.06018271982091778,0.16438659456899946,26.094156143687506,48.40090081725205,272.1308087156738,65.21632803790754,206.91448067776628,0.565760517080403,0.13558488157569137,0.4301756355047116,195.24241701766474,0.4059093908891159,71.74579678762386,0.828125,53.0,0.007194244604316547,3.0,0.9928057553956835,414.0,0.171875,11.0,0.9464285714285714,0.828125,0.8833333333333333,0.8693127760015362,0.9883655575539568,0.9383722226617318,0.9708939708939709,0.14996321549828742,0.8500367845017126,0.029106029106029108,0.9704334457275633,0.9708939708939709,0.9700620408458888,0.8693127760015361,0.9883655575539568,0.9901383950749104,0.9333531274742677,0.9708939708939709,11.15,0.008,11.08,0.01,11080.0,10.0,2721998.0,924503.0,104666.0,99.37629937629937,59.25155925155925,?,?
DatasetClassiRealeseNormalized,1,4,weka.classifiers.meta.FilteredClassifier,'-F \"weka.filters.MultiFilter -F \\\"weka.filters.supervised.attribute.AttributeSelection -E \\\\\\\"weka.attributeSelection.WrapperSubsetEval -B weka.classifiers.bayes.NaiveBayes -F 5 -T 0.01 -R 1 -E AUC --\\\\\\\" -S \\\\\\\"weka.attributeSelection.GreedyStepwise -B -T -1.7976931348623157E308 -N -1 -num-slots 1\\\\\\\"\\\" -S 1\" -S 1 -W weka.classifiers.trees.RandomForest -- -P 100 -I 100 -num-slots 1 -K 0 -M 1.0 -V 0.001 -S 1',-4523450618538717400,2.02604251011E7,4330.0,481.0,459.0,22.0,0.0,95.42619542619542,4.573804573804574,0.0,0.7963590177815411,0.0683674557311562,0.187373257580719,29.642911957185575,55.168941723913946,272.1308087156738,3288.3195261916944,-3016.1887174760204,0.565760517080403,6.836423131375664,-6.270662614295261,178.75185933354908,0.3716254871799357,65.68600599732594,0.796875,51.0,0.02158273381294964,9.0,0.9784172661870504,408.0,0.203125,13.0,0.85,0.796875,0.8225806451612903,0.7969054429622205,0.9563661570743405,0.8926509895548467,0.9542619542619543,0.1789696880749039,0.8210303119250961,0.04573804573804574,0.9532713418699166,0.9542619542619543,0.9536334038605192,0.7969054429622205,0.9563661570743405,0.9753374488061592,0.8981638309338671,0.9542619542619543,11.408,0.014,11.33,0.01,11330.0,10.0,2627229.0,924503.0,104666.0,99.16839916839916,59.87525987525988,?,?
DatasetClassiRealeseNormalized,1,5,weka.classifiers.meta.FilteredClassifier,'-F \"weka.filters.MultiFilter -F \\\"weka.filters.supervised.attribute.AttributeSelection -E \\\\\\\"weka.attributeSelection.WrapperSubsetEval -B weka.classifiers.bayes.NaiveBayes -F 5 -T 0.01 -R 1 -E AUC --\\\\\\\" -S \\\\\\\"weka.attributeSelection.GreedyStepwise -B -T -1.7976931348623157E308 -N -1 -num-slots 1\\\\\\\"\\\" -S 1\" -S 1 -W weka.classifiers.trees.RandomForest -- -P 100 -I 100 -num-slots 1 -K 0 -M 1.0 -V 0.001 -S 1',-4523450618538717400,2.02604251011E7,4330.0,481.0,461.0,20.0,0.0,95.84199584199584,4.158004158004158,0.0,0.8097009020414622,0.05994671439014305,0.17400059946032387,25.991828389479668,51.23158478160811,272.1308087156738,71.72907549129627,200.40173322437755,0.565760517080403,0.14912489707130203,0.4166356200091009,190.44525063424754,0.3959360720046726,69.98298043983232,0.78125,50.0,0.014388489208633094,6.0,0.9856115107913669,411.0,0.21875,14.0,0.8928571428571429,0.78125,0.8333333333333334,0.8120569297388033,0.9842063848920863,0.9240435817796052,0.9584199584199584,0.1915584476285915,0.8084415523714085,0.04158004158004158,0.9571858348328937,0.9584199584199584,0.9572314869226983,0.8120569297388033,0.9842063848920863,0.9876725066770488,0.9047901821060966,0.9584199584199584,9.281,0.011,9.22,0.02,9220.0,20.0,2701481.0,924503.0,104666.0,99.58419958419958,58.108108108108105,?,?
DatasetClassiRealeseNormalized,1,6,weka.classifiers.meta.FilteredClassifier,'-F \"weka.filters.MultiFilter -F \\\"weka.filters.supervised.attribute.AttributeSelection -E \\\\\\\"weka.attributeSelection.WrapperSubsetEval -B weka.classifiers.bayes.NaiveBayes -F 5 -T 0.01 -R 1 -E AUC --\\\\\\\" -S \\\\\\\"weka.attributeSelection.GreedyStepwise -B -T -1.7976931348623157E308 -N -1 -num-slots 1\\\\\\\"\\\" -S 1\" -S 1 -W weka.classifiers.trees.RandomForest -- -P 100 -I 100 -num-slots 1 -K 0 -M 1.0 -V 0.001 -S 1',-4523450618538717400,2.0260425101200003E7,4330.0,481.0,465.0,16.0,0.0,96.67359667359668,3.3264033264033266,0.0,0.8477607216331697,0.05811210065172314,0.16734281251138375,25.196372526133256,49.271310060771384,272.1308087156738,3273.292935604229,-3001.162126888555,0.565760517080403,6.805182818304011,-6.239422301223607,193.20717272851135,0.4016781137806889,70.99790488271285,0.8125,52.0,0.009592326139088728,4.0,0.9904076738609112,413.0,0.1875,12.0,0.9285714285714286,0.8125,0.8666666666666666,0.8502274939139586,0.9641973920863309,0.9217715738967636,0.9667359667359667,0.16382829287505546,0.8361717071249446,0.033264033264033266,0.9660175754293402,0.9667359667359667,0.9657851895381585,0.8502274939139586,0.9641973920863309,0.980677142655951,0.9238321456848773,0.9667359667359667,9.317,0.015,9.26,0.01,9260.0,10.0,2712340.0,924503.0,104666.0,99.37629937629937,58.731808731808734,?,?
DatasetClassiRealeseNormalized,1,7,weka.classifiers.meta.FilteredClassifier,'-F \"weka.filters.MultiFilter -F \\\"weka.filters.supervised.attribute.AttributeSelection -E \\\\\\\"weka.attributeSelection.WrapperSubsetEval -B weka.classifiers.bayes.NaiveBayes -F 5 -T 0.01 -R 1 -E AUC --\\\\\\\" -S \\\\\\\"weka.attributeSelection.GreedyStepwise -B -T -1.7976931348623157E308 -N -1 -num-slots 1\\\\\\\"\\\" -S 1\" -S 1 -W weka.classifiers.trees.RandomForest -- -P 100 -I 100 -num-slots 1 -K 0 -M 1.0 -V 0.001 -S 1',-4523450618538717400,2.0260425101200003E7,4330.0,481.0,461.0,20.0,0.0,95.84199584199584,4.158004158004158,0.0,0.8148718343468555,0.06729212888358697,0.1849006873703536,29.176669375436756,54.440934517308335,272.1308087156738,2220.006241108974,-1947.8754323933001,0.565760517080403,4.6153975906631475,-4.049637073582745,184.85483858083563,0.384313593723151,67.92866983832566,0.8125,52.0,0.019184652278177457,8.0,0.9808153477218226,409.0,0.1875,12.0,0.8666666666666667,0.8125,0.8387096774193549,0.815430962176605,0.9803844424460432,0.8445538955995497,0.9584199584199584,0.1651046106981359,0.8348953893018641,0.04158004158004158,0.9575481931776468,0.9584199584199584,0.9578485489641084,0.815430962176605,0.9803844424460432,0.9764956497153997,0.9074216644853338,0.9584199584199584,9.269,0.008,9.21,0.01,9210.0,10.0,2672230.0,924503.0,104666.0,99.16839916839916,59.04365904365904,?,?
DatasetClassiRealeseNormalized,1,8,weka.classifiers.meta.FilteredClassifier,'-F \"weka.filters.MultiFilter -F \\\"weka.filters.supervised.attribute.AttributeSelection -E \\\\\\\"weka.attributeSelection.WrapperSubsetEval -B weka.classifiers.bayes.NaiveBayes -F 5 -T 0.01 -R 1 -E AUC --\\\\\\\" -S \\\\\\\"weka.attributeSelection.GreedyStepwise -B -T -1.7976931348623157E308 -N -1 -num-slots 1\\\\\\\"\\\" -S 1\" -S 1 -W weka.classifiers.trees.RandomForest -- -P 100 -I 100 -num-slots 1 -K 0 -M 1.0 -V 0.001 -S 1',-4523450618538717400,2.0260425101200003E7,4330.0,481.0,468.0,13.0,0.0,97.29729729729729,2.7027027027027026,0.0,0.8836196467457056,0.05475641090241448,0.1492852238447849,23.741405177552295,43.95455317836069,272.1308087156738,2194.643649254041,-1922.5128405383673,0.565760517080403,4.562668709467861,-3.996908192387458,201.09334285438374,0.4180734778677416,73.89583847688813,0.90625,58.0,0.016786570743405275,7.0,0.9832134292565947,410.0,0.09375,6.0,0.8923076923076924,0.90625,0.8992248062015504,0.8836550574130195,0.982951139088729,0.9181126575026828,0.972972972972973,0.08350954371637825,0.9164904562836218,0.02702702702702703,0.9731668798976493,0.972972972972973,0.9730615061863841,0.8836550574130195,0.982951139088729,0.9853209410637052,0.9418092818522759,0.972972972972973,11.38,0.016,11.31,0.02,11310.0,20.0,3076292.0,924503.0,104666.0,99.58419958419958,59.45945945945946,?,?
DatasetClassiRealeseNormalized,1,9,weka.classifiers.meta.FilteredClassifier,'-F \"weka.filters.MultiFilter -F \\\"weka.filters.supervised.attribute.AttributeSelection -E \\\\\\\"weka.attributeSelection.WrapperSubsetEval -B weka.classifiers.bayes.NaiveBayes -F 5 -T 0.01 -R 1 -E AUC --\\\\\\\" -S \\\\\\\"weka.attributeSelection.GreedyStepwise -B -T -1.7976931348623157E308 -N -1 -num-slots 1\\\\\\\"\\\" -S 1\" -S 1 -W weka.classifiers.trees.RandomForest -- -P 100 -I 100 -num-slots 1 -K 0 -M 1.0 -V 0.001 -S 1',-4523450618538717400,2.0260425101200003E7,4330.0,481.0,461.0,20.0,0.0,95.84199584199584,4.158004158004158,0.0,0.8173533320675906,0.06428331031351268,0.17187025246695758,27.872099196336006,50.60433951381365,272.1308087156738,1139.410110452595,-867.2793017369213,0.565760517080403,2.3688359884669334,-1.8030754713865307,185.5773008791263,0.38581559434329793,68.19415330258329,0.828125,53.0,0.02158273381294964,9.0,0.9784172661870504,408.0,0.171875,11.0,0.8548387096774194,0.828125,0.8412698412698412,0.817489699927702,0.9774055755395683,0.9163740853272815,0.9584199584199584,0.15187769223290806,0.848122307767092,0.04158004158004158,0.9579255371849105,0.9584199584199584,0.9581396949818003,0.8174896999277019,0.9774055755395683,0.9842238846558754,0.9086731981468823,0.9584199584199584,11.484,0.008,11.37,0.01,11370.0,10.0,3054240.0,924503.0,104666.0,99.37629937629937,60.395010395010395,?,?
DatasetClassiRealeseNormalized,1,10,weka.classifiers.meta.FilteredClassifier,'-F \"weka.filters.MultiFilter -F \\\"weka.filters.supervised.attribute.AttributeSelection -E \\\\\\\"weka.attributeSelection.WrapperSubsetEval -B weka.classifiers.bayes.NaiveBayes -F 5 -T 0.01 -R 1 -E AUC --\\\\\\\" -S \\\\\\\"weka.attributeSelection.GreedyStepwise -B -T -1.7976931348623157E308 -N -1 -num-slots 1\\\\\\\"\\\" -S 1\" -S 1 -W weka.classifiers.trees.RandomForest -- -P 100 -I 100 -num-slots 1 -K 0 -M 1.0 -V 0.001 -S 1',-4523450618538717400,2.0260425101200003E7,4330.0,481.0,462.0,19.0,0.0,96.04989604989605,3.95010395010395,0.0,0.8204695020135548,0.05946224539472659,0.1744446645815936,25.78177125595712,51.36233237661324,272.1308087156738,1140.9965615506271,-868.8657528349534,0.565760517080403,2.3721342235979774,-1.8063737065175745,196.1679723387032,0.4078336223257863,72.0859109134028,0.796875,51.0,0.014388489208633094,6.0,0.9856115107913669,411.0,0.203125,13.0,0.8947368421052632,0.796875,0.8429752066115702,0.8222701368508051,0.9777240707434053,0.9047226084001379,0.9604989604989606,0.17801244970759358,0.8219875502924064,0.0395010395010395,0.9594132651481211,0.9604989604989606,0.9595207604071513,0.8222701368508051,0.9777240707434053,0.9829360408577411,0.910191527205904,0.9604989604989606,9.382,0.008,9.3,0.0,9300.0,0.0,2665835.0,924503.0,104666.0,99.16839916839916,58.523908523908524,?,?
DatasetClassiRealeseNormalized,2,1,weka.classifiers.meta.FilteredClassifier,'-F \"weka.filters.MultiFilter -F \\\"weka.filters.supervised.attribute.AttributeSelection -E \\\\\\\"weka.attributeSelection.WrapperSubsetEval -B weka.classifiers.bayes.NaiveBayes -F 5 -T 0.01 -R 1 -E AUC --\\\\\\\" -S \\\\\\\"weka.attributeSelection.GreedyStepwise -B -T -1.7976931348623157E308 -N -1 -num-slots 1\\\\\\\"\\\" -S 1\" -S 1 -W weka.classifiers.trees.RandomForest -- -P 100 -I 100 -num-slots 1 -K 0 -M 1.0 -V 0.001 -S 1',-4523450618538717400,2.0260425101200003E7,4329.0,482.0,460.0,22.0,0.0,95.4356846473029,4.564315352697095,0.0,0.790732554467951,0.0705577293701547,0.19366913706206135,30.61648253226664,57.07280806142438,272.3366817903761,2227.8065443750957,-1955.4698625847195,0.565013862635635,4.622005278786506,-4.05699141615087,177.68778839176716,0.36864686388333434,65.2456317025033,0.765625,49.0,0.01674641148325359,7.0,0.9832535885167464,411.0,0.234375,15.0,0.875,0.765625,0.8166666666666667,0.7930320299759402,0.9619467703349283,0.8517438656385297,0.9543568464730291,0.20547825795628263,0.7945217420437173,0.04564315352697095,0.9528665770556952,0.9543568464730291,0.953051726285291,0.7930320299759402,0.9619467703349283,0.9722245672555587,0.8953001579778831,0.9543568464730291,11.371,0.008,11.3,0.01,11300.0,10.0,2921465.0,924290.0,104879.0,98.96265560165975,58.92116182572614,?,?
DatasetClassiRealeseNormalized,2,2,weka.classifiers.meta.FilteredClassifier,'-F \"weka.filters.MultiFilter -F \\\"weka.filters.supervised.attribute.AttributeSelection -E \\\\\\\"weka.attributeSelection.WrapperSubsetEval -B weka.classifiers.bayes.NaiveBayes -F 5 -T 0.01 -R 1 -E AUC --\\\\\\\" -S \\\\\\\"weka.attributeSelection.GreedyStepwise -B -T -1.7976931348623157E308 -N -1 -num-slots 1\\\\\\\"\\\" -S 1\" -S 1 -W weka.classifiers.trees.RandomForest -- -P 100 -I 100 -num-slots 1 -K 0 -M 1.0 -V 0.001 -S 1',-4523450618538717400,2.02604251013E7,4330.0,481.0,464.0,17.0,0.0,96.46569646569647,3.5343035343035343,0.0,0.8347179269500538,0.05462838035047399,0.16488537748775656,23.825950988954485,48.871922229025344,269.42867131105754,1133.7794116714417,-864.3507403603842,0.5601427677984564,2.3571297539946814,-1.7969869861962249,197.70305265343896,0.4110250574915571,73.37862436518095,0.7936507936507936,50.0,0.009569377990430622,4.0,0.9904306220095693,414.0,0.20634920634920634,13.0,0.9259259259259259,0.7936507936507936,0.8547008547008547,0.8379319659976556,0.9790005316321105,0.929499487379312,0.9646569646569647,0.18057554899660164,0.8194244510033983,0.035343035343035345,0.9638406195783245,0.9646569646569647,0.9634858344917516,0.8379319659976556,0.9790005316321105,0.9863818588187229,0.9172912557527941,0.9646569646569647,9.318,0.011,9.25,0.01,9250.0,10.0,2747856.0,924503.0,104666.0,99.58419958419958,57.58835758835759,?,?
DatasetClassiRealeseNormalized,2,3,weka.classifiers.meta.FilteredClassifier,'-F \"weka.filters.MultiFilter -F \\\"weka.filters.supervised.attribute.AttributeSelection -E \\\\\\\"weka.attributeSelection.WrapperSubsetEval -B weka.classifiers.bayes.NaiveBayes -F 5 -T 0.01 -R 1 -E AUC --\\\\\\\" -S \\\\\\\"weka.attributeSelection.GreedyStepwise -B -T -1.7976931348623157E308 -N -1 -num-slots 1\\\\\\\"\\\" -S 1\" -S 1 -W weka.classifiers.trees.RandomForest -- -P 100 -I 100 -num-slots 1 -K 0 -M 1.0 -V 0.001 -S 1',-4523450618538717400,2.02604251013E7,4330.0,481.0,467.0,14.0,0.0,97.0893970893971,2.9106029106029108,0.0,0.8629629629629629,0.06416157659270798,0.1733957787916241,27.819317621689958,51.053505387271166,272.1308087156738,1149.3350308198585,-877.2042221041847,0.565760517080403,2.389469918544404,-1.8237094014640016,188.39054980977883,0.3916643447188749,69.2279388353312,0.796875,51.0,0.002398081534772182,1.0,0.9976019184652278,416.0,0.203125,13.0,0.9807692307692307,0.796875,0.8793103448275861,0.8689783990708517,0.9683190947242206,0.9199671545773263,0.9708939708939709,0.1764170524287431,0.8235829475712569,0.029106029106029108,0.9711702019394327,0.9708939708939709,0.9695949123682065,0.8689783990708516,0.9683190947242206,0.9829547888542233,0.931380940735306,0.9708939708939709,11.412,0.012,11.33,0.01,11330.0,10.0,3016262.0,924503.0,104666.0,98.96049896049897,59.771309771309774,?,?
DatasetClassiRealeseNormalized,2,4,weka.classifiers.meta.FilteredClassifier,'-F \"weka.filters.MultiFilter -F \\\"weka.filters.supervised.attribute.AttributeSelection -E \\\\\\\"weka.attributeSelection.WrapperSubsetEval -B weka.classifiers.bayes.NaiveBayes -F 5 -T 0.01 -R 1 -E AUC --\\\\\\\" -S \\\\\\\"weka.attributeSelection.GreedyStepwise -B -T -1.7976931348623157E308 -N -1 -num-slots 1\\\\\\\"\\\" -S 1\" -S 1 -W weka.classifiers.trees.RandomForest -- -P 100 -I 100 -num-slots 1 -K 0 -M 1.0 -V 0.001 -S 1',-4523450618538717400,2.02604251013E7,4330.0,481.0,467.0,14.0,0.0,97.0893970893971,2.9106029106029108,0.0,0.8704102840427989,0.05208558243892206,0.14972432735331315,22.583381492900656,44.083839908951504,272.1308087156738,53.98087175381609,218.14993696185775,0.565760517080403,0.11222634460252826,0.45353417247787475,204.44813164935817,0.42504809074710637,75.12862384610355,0.859375,55.0,0.011990407673860911,5.0,0.988009592326139,412.0,0.140625,9.0,0.9166666666666666,0.859375,0.8870967741935484,0.8710075198197583,0.9927682853717026,0.9503691515158446,0.9708939708939709,0.12350937856783181,0.8764906214321682,0.029106029106029108,0.9703787471008374,0.9708939708939709,0.9704939842748758,0.8710075198197583,0.9927682853717027,0.9924189669879157,0.9351951651397337,0.9708939708939709,9.311,0.012,9.24,0.02,9240.0,20.0,2733020.0,924503.0,104666.0,99.79209979209979,58.93970893970894,?,?
DatasetClassiRealeseNormalized,2,5,weka.classifiers.meta.FilteredClassifier,'-F \"weka.filters.MultiFilter -F \\\"weka.filters.supervised.attribute.AttributeSelection -E \\\\\\\"weka.attributeSelection.WrapperSubsetEval -B weka.classifiers.bayes.NaiveBayes -F 5 -T 0.01 -R 1 -E AUC --\\\\\\\" -S \\\\\\\"weka.attributeSelection.GreedyStepwise -B -T -1.7976931348623157E308 -N -1 -num-slots 1\\\\\\\"\\\" -S 1\" -S 1 -W weka.classifiers.trees.RandomForest -- -P 100 -I 100 -num-slots 1 -K 0 -M 1.0 -V 0.001 -S 1',-4523450618538717400,2.02604251013E7,4330.0,481.0,466.0,15.0,0.0,96.88149688149689,3.1185031185031185,0.0,0.8620907162107921,0.06127813195578285,0.17017862225945024,26.569107348516972,50.106267112546995,272.1308087156738,1141.3388068888407,-869.207998173167,0.565760517080403,2.372845752367652,-1.8070852352872495,194.8084491826656,0.40500717085793264,71.58632648102856,0.859375,55.0,0.014388489208633094,6.0,0.9856115107913669,411.0,0.140625,9.0,0.9016393442622951,0.859375,0.88,0.8624188249903527,0.9869979016786571,0.8749742468828053,0.9688149688149689,0.12382845802360191,0.8761715419763981,0.031185031185031187,0.9683351429253069,0.9688149688149689,0.9684966355934097,0.8624188249903527,0.9869979016786571,0.9816580203795489,0.9310394265232975,0.9688149688149689,9.291,0.015,9.2,0.01,9200.0,10.0,2689207.0,924503.0,104666.0,99.16839916839916,58.523908523908524,?,?
DatasetClassiRealeseNormalized,2,6,weka.classifiers.meta.FilteredClassifier,'-F \"weka.filters.MultiFilter -F \\\"weka.filters.supervised.attribute.AttributeSelection -E \\\\\\\"weka.attributeSelection.WrapperSubsetEval -B weka.classifiers.bayes.NaiveBayes -F 5 -T 0.01 -R 1 -E AUC --\\\\\\\" -S \\\\\\\"weka.attributeSelection.GreedyStepwise -B -T -1.7976931348623157E308 -N -1 -num-slots 1\\\\\\\"\\\" -S 1\" -S 1 -W weka.classifiers.trees.RandomForest -- -P 100 -I 100 -num-slots 1 -K 0 -M 1.0 -V 0.001 -S 1',-4523450618538717400,2.02604251013E7,4330.0,481.0,461.0,20.0,0.0,95.84199584199584,4.158004158004158,0.0,0.8097009020414622,0.06966432214987966,0.19535279891484025,30.205210153883442,57.51838505712842,272.1308087156738,2227.7532778547406,-1955.6224691390669,0.565760517080403,4.631503696163702,-4.065743179083299,178.18538137443093,0.37044777832522024,65.4778421507583,0.78125,50.0,0.014388489208633094,6.0,0.9856115107913669,411.0,0.21875,14.0,0.8928571428571429,0.78125,0.8333333333333334,0.8120569297388033,0.9622864208633094,0.8654499074608875,0.9584199584199584,0.1915584476285915,0.8084415523714085,0.04158004158004158,0.9571858348328937,0.9584199584199584,0.9572314869226983,0.8120569297388033,0.9622864208633093,0.9741899449967378,0.9047901821060966,0.9584199584199584,9.236,0.014,9.18,0.02,9180.0,20.0,2633608.0,924503.0,104666.0,98.96049896049897,59.66735966735967,?,?
DatasetClassiRealeseNormalized,2,7,weka.classifiers.meta.FilteredClassifier,'-F \"weka.filters.MultiFilter -F \\\"weka.filters.supervised.attribute.AttributeSelection -E \\\\\\\"weka.attributeSelection.WrapperSubsetEval -B weka.classifiers.bayes.NaiveBayes -F 5 -T 0.01 -R 1 -E AUC --\\\\\\\" -S \\\\\\\"weka.attributeSelection.GreedyStepwise -B -T -1.7976931348623157E308 -N -1 -num-slots 1\\\\\\\"\\\" -S 1\" -S 1 -W weka.classifiers.trees.RandomForest -- -P 100 -I 100 -num-slots 1 -K 0 -M 1.0 -V 0.001 -S 1',-4523450618538717400,2.02604251013E7,4330.0,481.0,470.0,11.0,0.0,97.71309771309771,2.286902286902287,0.0,0.9002131150632746,0.050776793028847064,0.14156992924495126,22.015913699365818,41.682912904520194,272.1308087156738,49.992058843246525,222.1387498724273,0.565760517080403,0.1039335942687038,0.4618269228116992,207.01226077991365,0.43037892054036103,76.07086524194438,0.90625,58.0,0.011990407673860911,5.0,0.988009592326139,412.0,0.09375,6.0,0.9206349206349206,0.90625,0.9133858267716536,0.9002501578546853,0.9939298561151079,0.9638034863544039,0.9771309771309772,0.08287138480483805,0.917128615195162,0.02286902286902287,0.9769958191010824,0.9771309771309772,0.9770546356335407,0.9002501578546853,0.993929856115108,0.9943572568925645,0.9501060870385214,0.9771309771309772,9.319,0.015,9.26,0.01,9260.0,10.0,2777426.0,924503.0,104666.0,99.79209979209979,59.04365904365904,?,?
DatasetClassiRealeseNormalized,2,8,weka.classifiers.meta.FilteredClassifier,'-F \"weka.filters.MultiFilter -F \\\"weka.filters.supervised.attribute.AttributeSelection -E \\\\\\\"weka.attributeSelection.WrapperSubsetEval -B weka.classifiers.bayes.NaiveBayes -F 5 -T 0.01 -R 1 -E AUC --\\\\\\\" -S \\\\\\\"weka.attributeSelection.GreedyStepwise -B -T -1.7976931348623157E308 -N -1 -num-slots 1\\\\\\\"\\\" -S 1\" -S 1 -W weka.classifiers.trees.RandomForest -- -P 100 -I 100 -num-slots 1 -K 0 -M 1.0 -V 0.001 -S 1',-4523450618538717400,2.0260425101400003E7,4330.0,481.0,469.0,12.0,0.0,97.5051975051975,2.494802494802495,0.0,0.8904119992405544,0.05302607288990298,0.15238932755829884,22.99116141299349,44.86850492946403,272.1308087156738,57.03244508607805,215.09836362959578,0.565760517080403,0.11857057190452817,0.4471899451758748,205.65838876932378,0.42756421781564197,75.57335743789254,0.890625,57.0,0.011990407673860911,5.0,0.988009592326139,412.0,0.109375,7.0,0.9193548387096774,0.890625,0.9047619047619047,0.8905605562650261,0.9908947841726619,0.9502360661362786,0.975051975051975,0.09641738272583597,0.903582617274164,0.02494802494802495,0.9747861175992671,0.975051975051975,0.97488381698908,0.8905605562650261,0.9908947841726619,0.9920758486414047,0.9452039188881294,0.975051975051975,9.294,0.015,9.24,0.01,9240.0,10.0,2776998.0,924503.0,104666.0,99.79209979209979,59.563409563409564,?,?
DatasetClassiRealeseNormalized,2,9,weka.classifiers.meta.FilteredClassifier,'-F \"weka.filters.MultiFilter -F \\\"weka.filters.supervised.attribute.AttributeSelection -E \\\\\\\"weka.attributeSelection.WrapperSubsetEval -B weka.classifiers.bayes.NaiveBayes -F 5 -T 0.01 -R 1 -E AUC --\\\\\\\" -S \\\\\\\"weka.attributeSelection.GreedyStepwise -B -T -1.7976931348623157E308 -N -1 -num-slots 1\\\\\\\"\\\" -S 1\" -S 1 -W weka.classifiers.trees.RandomForest -- -P 100 -I 100 -num-slots 1 -K 0 -M 1.0 -V 0.001 -S 1',-4523450618538717400,2.0260425101400003E7,4330.0,481.0,463.0,18.0,0.0,96.25779625779626,3.7422037422037424,0.0,0.8439831333117094,0.056541708367347135,0.16359683088233545,24.51547838247731,48.16836802485792,272.1308087156738,59.563547172718444,212.56726154295538,0.565760517080403,0.12383273840482005,0.4419277786755829,197.5009600816487,0.41060490661465426,72.57574436858435,0.90625,58.0,0.02877697841726619,12.0,0.9712230215827338,405.0,0.09375,6.0,0.8285714285714286,0.90625,0.8656716417910447,0.8451267655760873,0.9907074340527577,0.9413700657852692,0.9625779625779626,0.08510494099522876,0.9148950590047713,0.037422037422037424,0.9645342623444814,0.9625779625779626,0.96328018229381,0.8451267655760873,0.9907074340527577,0.9909713610833996,0.9219662556781311,0.9625779625779626,9.272,0.016,9.21,0.02,9210.0,20.0,2751847.0,924503.0,104666.0,100.0,58.316008316008315,?,?
DatasetClassiRealeseNormalized,2,10,weka.classifiers.meta.FilteredClassifier,'-F \"weka.filters.MultiFilter -F \\\"weka.filters.supervised.attribute.AttributeSelection -E \\\\\\\"weka.attributeSelection.WrapperSubsetEval -B weka.classifiers.bayes.NaiveBayes -F 5 -T 0.01 -R 1 -E AUC --\\\\\\\" -S \\\\\\\"weka.attributeSelection.GreedyStepwise -B -T -1.7976931348623157E308 -N -1 -num-slots 1\\\\\\\"\\\" -S 1\" -S 1 -W weka.classifiers.trees.RandomForest -- -P 100 -I 100 -num-slots 1 -K 0 -M 1.0 -V 0.001 -S 1',-4523450618538717400,2.0260425101400003E7,4330.0,481.0,462.0,19.0,0.0,96.04989604989605,3.95010395010395,0.0,0.8204695020135548,0.06683444064835466,0.19058460801106308,28.9782239028689,56.11447048844641,272.1308087156738,2231.0064349831246,-1958.8756262674508,0.565760517080403,4.638267016596933,-4.07250649951653,182.6991143463282,0.3798318385578549,67.13650512728783,0.796875,51.0,0.014388489208633094,6.0,0.9856115107913669,411.0,0.203125,13.0,0.8947368421052632,0.796875,0.8429752066115702,0.8222701368508051,0.9559914568345323,0.8631978175248546,0.9604989604989606,0.17801244970759358,0.8219875502924064,0.0395010395010395,0.9594132651481211,0.9604989604989606,0.9595207604071513,0.8222701368508051,0.9559914568345323,0.9727327238343487,0.910191527205904,0.9604989604989606,9.32,0.014,9.26,0.02,9260.0,20.0,2640678.0,924503.0,104666.0,98.12889812889813,59.04365904365904,?,?
DatasetClassiRealeseNormalized,3,1,weka.classifiers.meta.FilteredClassifier,'-F \"weka.filters.MultiFilter -F \\\"weka.filters.supervised.attribute.AttributeSelection -E \\\\\\\"weka.attributeSelection.WrapperSubsetEval -B weka.classifiers.bayes.NaiveBayes -F 5 -T 0.01 -R 1 -E AUC --\\\\\\\" -S \\\\\\\"weka.attributeSelection.GreedyStepwise -B -T -1.7976931348623157E308 -N -1 -num-slots 1\\\\\\\"\\\" -S 1\" -S 1 -W weka.classifiers.trees.RandomForest -- -P 100 -I 100 -num-slots 1 -K 0 -M 1.0 -V 0.001 -S 1',-4523450618538717400,2.0260425101400003E7,4329.0,482.0,468.0,14.0,0.0,97.0954356846473,2.904564315352697,0.0,0.8755257138640891,0.04942520916690172,0.14558934026248568,21.446637620288175,42.904061011680795,272.3366817903761,1119.3664992559907,-847.0298174656145,0.565013862635635,2.322337135385873,-1.7573232727502377,211.20148864829505,0.43817736234086113,77.5516126802418,0.90625,58.0,0.019138755980861243,8.0,0.9808612440191388,410.0,0.09375,6.0,0.8787878787878788,0.90625,0.8923076923076922,0.8756641677427714,0.9932715311004785,0.921536400080996,0.970954356846473,0.08384311282733427,0.9161568871726657,0.029045643153526972,0.9713974649140625,0.970954356846473,0.9711429579604749,0.8756641677427714,0.9932715311004784,0.9887251700739902,0.9377605607821435,0.970954356846473,9.319,0.007,9.25,0.01,9250.0,10.0,2765565.0,924290.0,104879.0,99.79253112033194,57.572614107883815,?,?
DatasetClassiRealeseNormalized,3,2,weka.classifiers.meta.FilteredClassifier,'-F \"weka.filters.MultiFilter -F \\\"weka.filters.supervised.attribute.AttributeSelection -E \\\\\\\"weka.attributeSelection.WrapperSubsetEval -B weka.classifiers.bayes.NaiveBayes -F 5 -T 0.01 -R 1 -E AUC --\\\\\\\" -S \\\\\\\"weka.attributeSelection.GreedyStepwise -B -T -1.7976931348623157E308 -N -1 -num-slots 1\\\\\\\"\\\" -S 1\" -S 1 -W weka.classifiers.trees.RandomForest -- -P 100 -I 100 -num-slots 1 -K 0 -M 1.0 -V 0.001 -S 1',-4523450618538717400,2.0260425101400003E7,4330.0,481.0,468.0,13.0,0.0,97.29729729729729,2.7027027027027026,0.0,0.8771343799736705,0.05314461692914274,0.16008658311575366,23.178813469426416,47.449562594017536,269.42867131105754,2200.2930954405124,-1930.8644241294548,0.5601427677984564,4.574413919834745,-4.014271152036288,201.574377820955,0.41907355056331597,74.81548895300595,0.8571428571428571,54.0,0.009569377990430622,4.0,0.9904306220095693,414.0,0.14285714285714285,9.0,0.9310344827586207,0.8571428571428571,0.8925619834710743,0.8781154010053378,0.9718234981392876,0.9309532859023165,0.972972972972973,0.12539949382054644,0.8746005061794535,0.02702702702702703,0.9724772461382879,0.972972972972973,0.9724949052589307,0.8781154010053378,0.9718234981392876,0.9843622647575971,0.9385520975619343,0.972972972972973,9.282,0.007,9.22,0.01,9220.0,10.0,2725103.0,924503.0,104666.0,99.37629937629937,58.93970893970894,?,?
DatasetClassiRealeseNormalized,3,3,weka.classifiers.meta.FilteredClassifier,'-F \"weka.filters.MultiFilter -F \\\"weka.filters.supervised.attribute.AttributeSelection -E \\\\\\\"weka.attributeSelection.WrapperSubsetEval -B weka.classifiers.bayes.NaiveBayes -F 5 -T 0.01 -R 1 -E AUC --\\\\\\\" -S \\\\\\\"weka.attributeSelection.GreedyStepwise -B -T -1.7976931348623157E308 -N -1 -num-slots 1\\\\\\\"\\\" -S 1\" -S 1 -W weka.classifiers.trees.RandomForest -- -P 100 -I 100 -num-slots 1 -K 0 -M 1.0 -V 0.001 -S 1',-4523450618538717400,2.0260425101400003E7,4330.0,481.0,460.0,21.0,0.0,95.63409563409563,4.365904365904366,0.0,0.801571554857087,0.05454693981673617,0.16458802435469364,23.650582243102964,48.46020847007244,272.1308087156738,62.367046769331985,209.76376194634184,0.565760517080403,0.1296612198946611,0.43609929718574186,200.12926632631374,0.416069160761567,73.5415689501778,0.78125,50.0,0.016786570743405275,7.0,0.9832134292565947,410.0,0.21875,14.0,0.8771929824561403,0.78125,0.8264462809917354,0.8033307155116662,0.9893959832134293,0.9480539044232774,0.9563409563409564,0.1918775270843616,0.8081224729156384,0.04365904365904366,0.955034268092858,0.9563409563409564,0.95525978781843,0.8033307155116663,0.9893959832134293,0.9915177561265347,0.9007380037538939,0.9563409563409564,8.702,0.013,8.64,0.02,8640.0,20.0,2765117.0,924503.0,104666.0,99.58419958419958,58.21205821205821,?,?
DatasetClassiRealeseNormalized,3,4,weka.classifiers.meta.FilteredClassifier,'-F \"weka.filters.MultiFilter -F \\\"weka.filters.supervised.attribute.AttributeSelection -E \\\\\\\"weka.attributeSelection.WrapperSubsetEval -B weka.classifiers.bayes.NaiveBayes -F 5 -T 0.01 -R 1 -E AUC --\\\\\\\" -S \\\\\\\"weka.attributeSelection.GreedyStepwise -B -T -1.7976931348623157E308 -N -1 -num-slots 1\\\\\\\"\\\" -S 1\" -S 1 -W weka.classifiers.trees.RandomForest -- -P 100 -I 100 -num-slots 1 -K 0 -M 1.0 -V 0.001 -S 1',-4523450618538717400,2.0260425101400003E7,4330.0,481.0,468.0,13.0,0.0,97.29729729729729,2.7027027027027026,0.0,0.8804786207160199,0.05351532772290686,0.15743967629176525,23.203293600512534,46.35549618189515,272.1308087156738,62.20194207861347,209.92886663706037,0.565760517080403,0.1293179668994043,0.4364425501809987,205.572069499367,0.42738475987394386,75.54163766666774,0.875,56.0,0.011990407673860911,5.0,0.988009592326139,412.0,0.125,8.0,0.9180327868852459,0.875,0.8959999999999999,0.8808137278691767,0.988833932853717,0.9246326971923847,0.972972972972973,0.10996338064683389,0.8900366193531661,0.02702702702702703,0.9725805430723463,0.972972972972973,0.972697084180955,0.8808137278691767,0.9888339328537171,0.9883137039955849,0.9402341696535244,0.972972972972973,8.682,0.012,8.63,0.01,8630.0,10.0,2732131.0,924503.0,104666.0,99.58419958419958,58.731808731808734,?,?
DatasetClassiRealeseNormalized,3,5,weka.classifiers.meta.FilteredClassifier,'-F \"weka.filters.MultiFilter -F \\\"weka.filters.supervised.attribute.AttributeSelection -E \\\\\\\"weka.attributeSelection.WrapperSubsetEval -B weka.classifiers.bayes.NaiveBayes -F 5 -T 0.01 -R 1 -E AUC --\\\\\\\" -S \\\\\\\"weka.attributeSelection.GreedyStepwise -B -T -1.7976931348623157E308 -N -1 -num-slots 1\\\\\\\"\\\" -S 1\" -S 1 -W weka.classifiers.trees.RandomForest -- -P 100 -I 100 -num-slots 1 -K 0 -M 1.0 -V 0.001 -S 1',-4523450618538717400,2.02604251015E7,4330.0,481.0,455.0,26.0,0.0,94.5945945945946,5.405405405405405,0.0,0.7455026455026454,0.07701754217897944,0.20757288027217013,33.39343548117297,61.1163849263125,272.1308087156738,3305.656612861532,-3033.525804145858,0.565760517080403,6.872466970606095,-6.306706453525692,169.5008475028817,0.3523926143511054,62.28653356187194,0.703125,45.0,0.016786570743405275,7.0,0.9832134292565947,410.0,0.296875,19.0,0.8653846153846154,0.703125,0.7758620689655172,0.7506993036731024,0.9585768884892086,0.8218636450329959,0.9459459459459459,0.2596075166893512,0.7403924833106488,0.05405405405405406,0.9436924821540207,0.9459459459459459,0.9435334086838121,0.7506993036731026,0.9585768884892086,0.9676879836498441,0.8725646042227113,0.9459459459459459,9.299,0.007,9.24,0.01,9240.0,10.0,2562652.0,924503.0,104666.0,98.96049896049897,59.66735966735967,?,?
DatasetClassiRealeseNormalized,3,6,weka.classifiers.meta.FilteredClassifier,'-F \"weka.filters.MultiFilter -F \\\"weka.filters.supervised.attribute.AttributeSelection -E \\\\\\\"weka.attributeSelection.WrapperSubsetEval -B weka.classifiers.bayes.NaiveBayes -F 5 -T 0.01 -R 1 -E AUC --\\\\\\\" -S \\\\\\\"weka.attributeSelection.GreedyStepwise -B -T -1.7976931348623157E308 -N -1 -num-slots 1\\\\\\\"\\\" -S 1\" -S 1 -W weka.classifiers.trees.RandomForest -- -P 100 -I 100 -num-slots 1 -K 0 -M 1.0 -V 0.001 -S 1',-4523450618538717400,2.02604251015E7,4330.0,481.0,464.0,17.0,0.0,96.46569646569647,3.5343035343035343,0.0,0.8415647827013624,0.05937849803949204,0.1665759842139056,25.745459893316585,49.04553021255802,272.1308087156738,1137.3504940951057,-865.2196853794319,0.565760517080403,2.3645540417777666,-1.7987935246973636,194.7983036993259,0.404986078376977,71.58259831684622,0.828125,53.0,0.014388489208633094,6.0,0.9856115107913669,411.0,0.171875,11.0,0.8983050847457628,0.828125,0.8617886178861789,0.8424799724685494,0.9796350419664268,0.9064016797544387,0.9646569646569647,0.15092045386559774,0.8490795461344023,0.035343035343035345,0.963870804942377,0.9646569646569647,0.9640439232578538,0.8424799724685494,0.9796350419664268,0.9833789940119153,0.9207632004806341,0.9646569646569647,9.265,0.013,9.21,0.02,9210.0,20.0,2715668.0,924503.0,104666.0,99.58419958419958,59.04365904365904,?,?
DatasetClassiRealeseNormalized,3,7,weka.classifiers.meta.FilteredClassifier,'-F \"weka.filters.MultiFilter -F \\\"weka.filters.supervised.attribute.AttributeSelection -E \\\\\\\"weka.attributeSelection.WrapperSubsetEval -B weka.classifiers.bayes.NaiveBayes -F 5 -T 0.01 -R 1 -E AUC --\\\\\\\" -S \\\\\\\"weka.attributeSelection.GreedyStepwise -B -T -1.7976931348623157E308 -N -1 -num-slots 1\\\\\\\"\\\" -S 1\" -S 1 -W weka.classifiers.trees.RandomForest -- -P 100 -I 100 -num-slots 1 -K 0 -M 1.0 -V 0.001 -S 1',-4523450618538717400,2.02604251015E7,4330.0,481.0,456.0,25.0,0.0,94.8024948024948,5.197505197505198,0.0,0.757036348574546,0.07145131048597124,0.1931920473946172,30.980016490447756,56.88218768169618,272.1308087156738,1158.1475615271816,-886.0167528115078,0.565760517080403,2.4077911882061986,-1.8420306711257959,177.58330779582496,0.3691960661035862,65.25659796990004,0.71875,46.0,0.016786570743405275,7.0,0.9832134292565947,410.0,0.28125,18.0,0.8679245283018868,0.71875,0.7863247863247864,0.7613996662454237,0.9696867505995204,0.8708307147090673,0.9480249480249481,0.24606151876835328,0.7539384812316468,0.05197505197505198,0.9459662923778601,0.9480249480249481,0.9459199755057743,0.7613996662454237,0.9696867505995204,0.9770686624767108,0.8783694937541092,0.9480249480249481,11.123,0.015,11.05,0.02,11050.0,20.0,2698435.0,924503.0,104666.0,99.16839916839916,59.979209979209976,?,?
DatasetClassiRealeseNormalized,3,8,weka.classifiers.meta.FilteredClassifier,'-F \"weka.filters.MultiFilter -F \\\"weka.filters.supervised.attribute.AttributeSelection -E \\\\\\\"weka.attributeSelection.WrapperSubsetEval -B weka.classifiers.bayes.NaiveBayes -F 5 -T 0.01 -R 1 -E AUC --\\\\\\\" -S \\\\\\\"weka.attributeSelection.GreedyStepwise -B -T -1.7976931348623157E308 -N -1 -num-slots 1\\\\\\\"\\\" -S 1\" -S 1 -W weka.classifiers.trees.RandomForest -- -P 100 -I 100 -num-slots 1 -K 0 -M 1.0 -V 0.001 -S 1',-4523450618538717400,2.02604251015E7,4330.0,481.0,456.0,25.0,0.0,94.8024948024948,5.197505197505198,0.0,0.7535204050259293,0.06846391860390925,0.19305099677749543,29.6847365419032,56.84065767161584,272.1308087156738,1166.5690527344145,-894.4382440187408,0.565760517080403,2.4252994859343335,-1.859538968853931,182.2713514354167,0.37894251857674993,66.97931494623839,0.703125,45.0,0.014388489208633094,6.0,0.9856115107913669,411.0,0.296875,19.0,0.8823529411764706,0.703125,0.7826086956521738,0.759786905975813,0.9555792865707434,0.8809465813166364,0.9480249480249481,0.2592884372335811,0.7407115627664189,0.05197505197505198,0.9460395152597614,0.9480249480249481,0.9454860917311511,0.759786905975813,0.9555792865707434,0.9756441928722034,0.876546378522663,0.9480249480249481,11.384,0.015,11.32,0.01,11320.0,10.0,3040517.0,924503.0,104666.0,98.33679833679834,59.45945945945946,?,?
DatasetClassiRealeseNormalized,3,9,weka.classifiers.meta.FilteredClassifier,'-F \"weka.filters.MultiFilter -F \\\"weka.filters.supervised.attribute.AttributeSelection -E \\\\\\\"weka.attributeSelection.WrapperSubsetEval -B weka.classifiers.bayes.NaiveBayes -F 5 -T 0.01 -R 1 -E AUC --\\\\\\\" -S \\\\\\\"weka.attributeSelection.GreedyStepwise -B -T -1.7976931348623157E308 -N -1 -num-slots 1\\\\\\\"\\\" -S 1\" -S 1 -W weka.classifiers.trees.RandomForest -- -P 100 -I 100 -num-slots 1 -K 0 -M 1.0 -V 0.001 -S 1',-4523450618538717400,2.02604251015E7,4330.0,481.0,468.0,13.0,0.0,97.29729729729729,2.7027027027027026,0.0,0.8771633434829587,0.05351651042488146,0.15893840164582626,23.203806399038232,46.79677095496528,272.1308087156738,61.66432892461066,210.46647979106316,0.565760517080403,0.1282002680345336,0.4375602490458694,205.534940461838,0.4273075685277297,75.52799384673267,0.84375,54.0,0.007194244604316547,3.0,0.9928057553956835,414.0,0.15625,10.0,0.9473684210526315,0.84375,0.8925619834710744,0.8790884008682217,0.9896957434052758,0.9408248845134107,0.972972972972973,0.1364172175772895,0.8635827824227105,0.02702702702702703,0.9725502563139107,0.972972972972973,0.9723036781733139,0.8790884008682217,0.9896957434052759,0.9907056717069762,0.9385520975619344,0.972972972972973,8.795,0.015,8.74,0.02,8740.0,20.0,2710991.0,924503.0,104666.0,99.58419958419958,58.316008316008315,?,?
DatasetClassiRealeseNormalized,3,10,weka.classifiers.meta.FilteredClassifier,'-F \"weka.filters.MultiFilter -F \\\"weka.filters.supervised.attribute.AttributeSelection -E \\\\\\\"weka.attributeSelection.WrapperSubsetEval -B weka.classifiers.bayes.NaiveBayes -F 5 -T 0.01 -R 1 -E AUC --\\\\\\\" -S \\\\\\\"weka.attributeSelection.GreedyStepwise -B -T -1.7976931348623157E308 -N -1 -num-slots 1\\\\\\\"\\\" -S 1\" -S 1 -W weka.classifiers.trees.RandomForest -- -P 100 -I 100 -num-slots 1 -K 0 -M 1.0 -V 0.001 -S 1',-4523450618538717400,2.02604251015E7,4330.0,481.0,472.0,9.0,0.0,98.12889812889813,1.8711018711018712,0.0,0.9194289862085655,0.04982256151010657,0.1368062442689828,21.602175896864775,40.28032503139709,272.1308087156738,50.55972786677905,221.57108084889478,0.565760517080403,0.105113779348813,0.46064673773159,209.13737178463296,0.43479703073728265,76.85178049911383,0.9375,60.0,0.011990407673860911,5.0,0.988009592326139,412.0,0.0625,4.0,0.9230769230769231,0.9375,0.9302325581395349,0.9194658319193522,0.9922624400479616,0.9632961506759345,0.9812889812889813,0.0557793889628422,0.9442206110371578,0.018711018711018712,0.9814289141212219,0.9812889812889813,0.9813502735136505,0.919465831919352,0.9922624400479616,0.9940080118688155,0.9597141182054216,0.9812889812889813,9.291,0.015,9.23,0.02,9230.0,20.0,2775140.0,924503.0,104666.0,99.79209979209979,60.395010395010395,?,?
DatasetClassiRealeseNormalized,4,1,weka.classifiers.meta.FilteredClassifier,'-F \"weka.filters.MultiFilter -F \\\"weka.filters.supervised.attribute.AttributeSelection -E \\\\\\\"weka.attributeSelection.WrapperSubsetEval -B weka.classifiers.bayes.NaiveBayes -F 5 -T 0.01 -R 1 -E AUC --\\\\\\\" -S \\\\\\\"weka.attributeSelection.GreedyStepwise -B -T -1.7976931348623157E308 -N -1 -num-slots 1\\\\\\\"\\\" -S 1\" -S 1 -W weka.classifiers.trees.RandomForest -- -P 100 -I 100 -num-slots 1 -K 0 -M 1.0 -V 0.001 -S 1',-4523450618538717400,2.0260425101600002E7,4329.0,482.0,465.0,17.0,0.0,96.47302904564316,3.5269709543568464,0.0,0.8371556898127908,0.06867279240180912,0.18011270576633895,29.79856874336024,53.077831819594394,272.3366817903761,1143.4738198296336,-871.1371380392575,0.565013862635635,2.372352323297995,-1.80733846066236,177.18075283034455,0.36759492288453227,65.05945202296498,0.796875,51.0,0.009569377990430622,4.0,0.9904306220095693,414.0,0.203125,13.0,0.9272727272727272,0.796875,0.8571428571428571,0.8402842015133863,0.9779081937799043,0.9144878190359476,0.9647302904564315,0.17742466844686217,0.8225753315531378,0.035269709543568464,0.9639407867827704,0.9647302904564315,0.9635843887998371,0.8402842015133863,0.9779081937799043,0.9842324514768701,0.9185122569737953,0.9647302904564315,11.451,0.015,11.38,0.01,11380.0,10.0,2983730.0,924290.0,104879.0,99.79253112033194,59.64730290456431,?,?
DatasetClassiRealeseNormalized,4,2,weka.classifiers.meta.FilteredClassifier,'-F \"weka.filters.MultiFilter -F \\\"weka.filters.supervised.attribute.AttributeSelection -E \\\\\\\"weka.attributeSelection.WrapperSubsetEval -B weka.classifiers.bayes.NaiveBayes -F 5 -T 0.01 -R 1 -E AUC --\\\\\\\" -S \\\\\\\"weka.attributeSelection.GreedyStepwise -B -T -1.7976931348623157E308 -N -1 -num-slots 1\\\\\\\"\\\" -S 1\" -S 1 -W weka.classifiers.trees.RandomForest -- -P 100 -I 100 -num-slots 1 -K 0 -M 1.0 -V 0.001 -S 1',-4523450618538717400,2.0260425101600002E7,4330.0,481.0,457.0,24.0,0.0,95.01039501039502,4.98960498960499,0.0,0.7683230312274223,0.06196794054982354,0.18437654676888343,27.027071001451183,54.649092550455045,269.42867131105754,79.34492858145715,190.08374272960037,0.5601427677984564,0.1649582714791209,0.3951844963193355,189.34805136939593,0.3936549924519666,70.2776176150875,0.746031746031746,47.0,0.019138755980861243,8.0,0.9808612440191388,410.0,0.25396825396825395,16.0,0.8545454545454545,0.746031746031746,0.7966101694915254,0.7706243932180628,0.9814118629908104,0.9067561774391992,0.9501039501039501,0.22321096005306532,0.7767890399469347,0.0498960498960499,0.9483094243657624,0.9501039501039501,0.9486490327521736,0.7706243932180628,0.9814118629908103,0.9851989141380154,0.8840870752670897,0.9501039501039501,8.677,0.015,8.63,0.01,8630.0,10.0,2713044.0,924503.0,104666.0,99.37629937629937,58.523908523908524,?,?
DatasetClassiRealeseNormalized,4,3,weka.classifiers.meta.FilteredClassifier,'-F \"weka.filters.MultiFilter -F \\\"weka.filters.supervised.attribute.AttributeSelection -E \\\\\\\"weka.attributeSelection.WrapperSubsetEval -B weka.classifiers.bayes.NaiveBayes -F 5 -T 0.01 -R 1 -E AUC --\\\\\\\" -S \\\\\\\"weka.attributeSelection.GreedyStepwise -B -T -1.7976931348623157E308 -N -1 -num-slots 1\\\\\\\"\\\" -S 1\" -S 1 -W weka.classifiers.trees.RandomForest -- -P 100 -I 100 -num-slots 1 -K 0 -M 1.0 -V 0.001 -S 1',-4523450618538717400,2.0260425101600002E7,4330.0,481.0,461.0,20.0,0.0,95.84199584199584,4.158004158004158,0.0,0.8148718343468555,0.06432383572513929,0.18332442641319913,27.889670293520023,53.97683067447754,272.1308087156738,1148.0999984510252,-875.9691897353514,0.565760517080403,2.386902283681965,-1.8211417666015621,189.20498299216948,0.39335755299827335,69.52721887136768,0.8125,52.0,0.019184652278177457,8.0,0.9808153477218226,409.0,0.1875,12.0,0.8666666666666667,0.8125,0.8387096774193549,0.815430962176605,0.9732651378896883,0.8797445656731502,0.9584199584199584,0.1651046106981359,0.8348953893018641,0.04158004158004158,0.9575481931776468,0.9584199584199584,0.9578485489641084,0.815430962176605,0.9732651378896883,0.9789125370977325,0.9074216644853338,0.9584199584199584,9.879,0.014,9.83,0.01,9830.0,10.0,2629606.0,924503.0,104666.0,99.37629937629937,58.83575883575884,?,?
DatasetClassiRealeseNormalized,4,4,weka.classifiers.meta.FilteredClassifier,'-F \"weka.filters.MultiFilter -F \\\"weka.filters.supervised.attribute.AttributeSelection -E \\\\\\\"weka.attributeSelection.WrapperSubsetEval -B weka.classifiers.bayes.NaiveBayes -F 5 -T 0.01 -R 1 -E AUC --\\\\\\\" -S \\\\\\\"weka.attributeSelection.GreedyStepwise -B -T -1.7976931348623157E308 -N -1 -num-slots 1\\\\\\\"\\\" -S 1\" -S 1 -W weka.classifiers.trees.RandomForest -- -P 100 -I 100 -num-slots 1 -K 0 -M 1.0 -V 0.001 -S 1',-4523450618538717400,2.0260425101600002E7,4330.0,481.0,468.0,13.0,0.0,97.29729729729729,2.7027027027027026,0.0,0.8788436573598654,0.05258715338305462,0.15415974503018723,22.80085372699505,45.389774931356015,272.1308087156738,2198.5136107592566,-1926.3828020435828,0.565760517080403,4.570714367482862,-4.004953850402459,203.90800594903163,0.42392516829320503,74.93014367295606,0.859375,55.0,0.009592326139088728,4.0,0.9904076738609112,413.0,0.140625,9.0,0.9322033898305084,0.859375,0.8943089430894309,0.8797993873746021,0.9712979616306955,0.9377826879694938,0.972972972972973,0.12319029911206171,0.8768097008879383,0.02702702702702703,0.9724899210400053,0.972972972972973,0.9725041766089472,0.8797993873746021,0.9712979616306955,0.9848132297058302,0.9394071533087203,0.972972972972973,9.311,0.013,9.26,0.01,9260.0,10.0,2752726.0,924503.0,104666.0,99.37629937629937,58.523908523908524,?,?
DatasetClassiRealeseNormalized,4,5,weka.classifiers.meta.FilteredClassifier,'-F \"weka.filters.MultiFilter -F \\\"weka.filters.supervised.attribute.AttributeSelection -E \\\\\\\"weka.attributeSelection.WrapperSubsetEval -B weka.classifiers.bayes.NaiveBayes -F 5 -T 0.01 -R 1 -E AUC --\\\\\\\" -S \\\\\\\"weka.attributeSelection.GreedyStepwise -B -T -1.7976931348623157E308 -N -1 -num-slots 1\\\\\\\"\\\" -S 1\" -S 1 -W weka.classifiers.trees.RandomForest -- -P 100 -I 100 -num-slots 1 -K 0 -M 1.0 -V 0.001 -S 1',-4523450618538717400,2.0260425101600002E7,4330.0,481.0,466.0,15.0,0.0,96.88149688149689,3.1185031185031185,0.0,0.8639269750862836,0.05383408007446468,0.16082767251334104,23.34149894678913,47.353035363965645,272.1308087156738,2202.33702512777,-1930.2062164120964,0.565760517080403,4.578663253903888,-4.012902736823485,203.64944203771273,0.42338761338401815,74.83512910531516,0.875,56.0,0.016786570743405275,7.0,0.9832134292565947,410.0,0.125,8.0,0.8888888888888888,0.875,0.8818897637795274,0.8639625247424667,0.9723471223021583,0.8985007705039303,0.9688149688149689,0.1106015395583741,0.889398460441626,0.031185031185031187,0.9686237580974424,0.9688149688149689,0.9687108667730102,0.8639625247424667,0.9723471223021584,0.9801139003935764,0.93196284596162,0.9688149688149689,9.247,0.012,9.18,0.02,9180.0,20.0,2688982.0,924503.0,104666.0,99.16839916839916,58.41995841995842,?,?
DatasetClassiRealeseNormalized,4,6,weka.classifiers.meta.FilteredClassifier,'-F \"weka.filters.MultiFilter -F \\\"weka.filters.supervised.attribute.AttributeSelection -E \\\\\\\"weka.attributeSelection.WrapperSubsetEval -B weka.classifiers.bayes.NaiveBayes -F 5 -T 0.01 -R 1 -E AUC --\\\\\\\" -S \\\\\\\"weka.attributeSelection.GreedyStepwise -B -T -1.7976931348623157E308 -N -1 -num-slots 1\\\\\\\"\\\" -S 1\" -S 1 -W weka.classifiers.trees.RandomForest -- -P 100 -I 100 -num-slots 1 -K 0 -M 1.0 -V 0.001 -S 1',-4523450618538717400,2.0260425101600002E7,4330.0,481.0,459.0,22.0,0.0,95.42619542619542,4.573804573804574,0.0,0.787706134895478,0.0644821529237351,0.17517855937201926,27.958313813000085,51.57841550099951,272.1308087156738,68.7359426563507,203.39486605932314,0.565760517080403,0.1429021676847208,0.4228583493956822,188.68268180664816,0.39227168774770926,69.33528867868338,0.75,48.0,0.014388489208633094,6.0,0.9856115107913669,411.0,0.25,16.0,0.8888888888888888,0.75,0.8135593220338982,0.7913993941881375,0.9889463429256595,0.9320145051027782,0.9542619542619543,0.21865044347058735,0.7813495565294126,0.04573804573804574,0.9527309691244117,0.9542619542619543,0.9525948614630435,0.7913993941881375,0.9889463429256595,0.9894753588527998,0.8937464856614988,0.9542619542619543,11.418,0.011,11.35,0.01,11350.0,10.0,3022264.0,924503.0,104666.0,100.0,60.187110187110186,?,?
DatasetClassiRealeseNormalized,4,7,weka.classifiers.meta.FilteredClassifier,'-F \"weka.filters.MultiFilter -F \\\"weka.filters.supervised.attribute.AttributeSelection -E \\\\\\\"weka.attributeSelection.WrapperSubsetEval -B weka.classifiers.bayes.NaiveBayes -F 5 -T 0.01 -R 1 -E AUC --\\\\\\\" -S \\\\\\\"weka.attributeSelection.GreedyStepwise -B -T -1.7976931348623157E308 -N -1 -num-slots 1\\\\\\\"\\\" -S 1\" -S 1 -W weka.classifiers.trees.RandomForest -- -P 100 -I 100 -num-slots 1 -K 0 -M 1.0 -V 0.001 -S 1',-4523450618538717400,2.02604251017E7,4330.0,481.0,466.0,15.0,0.0,96.88149688149689,3.1185031185031185,0.0,0.8674565996142191,0.06086297564833273,0.1683120368124946,26.38910296282494,49.5566820486195,272.1308087156738,2207.7896629881066,-1935.6588542724328,0.565760517080403,4.589999299351573,-4.02423878227117,191.18664566011762,0.3974774338048183,70.2554211198748,0.90625,58.0,0.02158273381294964,9.0,0.9784172661870504,408.0,0.09375,6.0,0.8656716417910447,0.90625,0.8854961832061069,0.8677615456054679,0.9701176558752997,0.887525860524175,0.9688149688149689,0.08414770262791846,0.9158522973720815,0.031185031185031187,0.9695623842281857,0.9688149688149689,0.9691157586547121,0.867761545605468,0.9701176558752997,0.9781794585516504,0.9337228208449307,0.9688149688149689,9.25,0.009,9.19,0.01,9190.0,10.0,2704508.0,924503.0,104666.0,99.16839916839916,59.25155925155925,?,?
DatasetClassiRealeseNormalized,4,8,weka.classifiers.meta.FilteredClassifier,'-F \"weka.filters.MultiFilter -F \\\"weka.filters.supervised.attribute.AttributeSelection -E \\\\\\\"weka.attributeSelection.WrapperSubsetEval -B weka.classifiers.bayes.NaiveBayes -F 5 -T 0.01 -R 1 -E AUC --\\\\\\\" -S \\\\\\\"weka.attributeSelection.GreedyStepwise -B -T -1.7976931348623157E308 -N -1 -num-slots 1\\\\\\\"\\\" -S 1\" -S 1 -W weka.classifiers.trees.RandomForest -- -P 100 -I 100 -num-slots 1 -K 0 -M 1.0 -V 0.001 -S 1',-4523450618538717400,2.02604251017E7,4330.0,481.0,464.0,17.0,0.0,96.46569646569647,3.5343035343035343,0.0,0.8347847170306915,0.06304478138860133,0.1752041790727802,27.335095098626926,51.58595879611278,272.1308087156738,1140.4450217612036,-868.3142130455299,0.565760517080403,2.3709875712291137,-1.8052270541487108,188.92873409298105,0.39278323096253853,69.42570559527367,0.78125,50.0,0.007194244604316547,3.0,0.9928057553956835,414.0,0.21875,14.0,0.9433962264150944,0.78125,0.8547008547008547,0.8395961516653123,0.9783048561151079,0.9233269817717389,0.9646569646569647,0.19060120926128118,0.8093987907387188,0.035343035343035345,0.9641105438142998,0.9646569646569647,0.9632255833439266,0.8395961516653124,0.978304856115108,0.9853985989707167,0.9172912557527942,0.9646569646569647,9.261,0.014,9.2,0.02,9200.0,20.0,2673515.0,924503.0,104666.0,99.58419958419958,59.25155925155925,?,?
DatasetClassiRealeseNormalized,4,9,weka.classifiers.meta.FilteredClassifier,'-F \"weka.filters.MultiFilter -F \\\"weka.filters.supervised.attribute.AttributeSelection -E \\\\\\\"weka.attributeSelection.WrapperSubsetEval -B weka.classifiers.bayes.NaiveBayes -F 5 -T 0.01 -R 1 -E AUC --\\\\\\\" -S \\\\\\\"weka.attributeSelection.GreedyStepwise -B -T -1.7976931348623157E308 -N -1 -num-slots 1\\\\\\\"\\\" -S 1\" -S 1 -W weka.classifiers.trees.RandomForest -- -P 100 -I 100 -num-slots 1 -K 0 -M 1.0 -V 0.001 -S 1',-4523450618538717400,2.02604251017E7,4330.0,481.0,461.0,20.0,0.0,95.84199584199584,4.158004158004158,0.0,0.8097009020414622,0.06621934086896879,0.1861778890126618,28.711527586467728,54.81698531497264,272.1308087156738,2224.3661452159545,-1952.2353365002807,0.565760517080403,4.62446184036581,-4.058701323285407,186.85986174040536,0.3884820410403438,68.66545637456258,0.78125,50.0,0.014388489208633094,6.0,0.9856115107913669,411.0,0.21875,14.0,0.8928571428571429,0.78125,0.8333333333333334,0.8120569297388033,0.9620053956834532,0.8674993735092834,0.9584199584199584,0.1915584476285915,0.8084415523714085,0.04158004158004158,0.9571858348328937,0.9584199584199584,0.9572314869226983,0.8120569297388033,0.9620053956834533,0.9741849893431405,0.9047901821060966,0.9584199584199584,9.398,0.013,9.26,0.02,9260.0,20.0,2647735.0,924503.0,104666.0,98.54469854469855,59.563409563409564,?,?
DatasetClassiRealeseNormalized,4,10,weka.classifiers.meta.FilteredClassifier,'-F \"weka.filters.MultiFilter -F \\\"weka.filters.supervised.attribute.AttributeSelection -E \\\\\\\"weka.attributeSelection.WrapperSubsetEval -B weka.classifiers.bayes.NaiveBayes -F 5 -T 0.01 -R 1 -E AUC --\\\\\\\" -S \\\\\\\"weka.attributeSelection.GreedyStepwise -B -T -1.7976931348623157E308 -N -1 -num-slots 1\\\\\\\"\\\" -S 1\" -S 1 -W weka.classifiers.trees.RandomForest -- -P 100 -I 100 -num-slots 1 -K 0 -M 1.0 -V 0.001 -S 1',-4523450618538717400,2.02604251017E7,4330.0,481.0,472.0,9.0,0.0,98.12889812889813,1.8711018711018712,0.0,0.9183561850517702,0.04461504876501868,0.13809736324614422,19.3442910572478,40.66047355701565,272.1308087156738,1119.15738770557,-847.0265789898963,0.565760517080403,2.326730535770416,-1.760970018690013,212.8679876438122,0.4425529888644744,78.22267116628448,0.921875,59.0,0.009592326139088728,4.0,0.9904076738609112,413.0,0.078125,5.0,0.9365079365079365,0.921875,0.9291338582677166,0.9183939744107945,0.9833071043165468,0.958895578982859,0.9812889812889813,0.06900630742807003,0.93099369257193,0.018711018711018712,0.9811818496029022,0.9812889812889813,0.9812265200638061,0.9183939744107945,0.9833071043165467,0.9907555350140824,0.9591777075769721,0.9812889812889813,9.265,0.012,9.19,0.02,9190.0,20.0,2776206.0,924503.0,104666.0,99.58419958419958,57.17255717255717,?,?
DatasetClassiRealeseNormalized,5,1,weka.classifiers.meta.FilteredClassifier,'-F \"weka.filters.MultiFilter -F \\\"weka.filters.supervised.attribute.AttributeSelection -E \\\\\\\"weka.attributeSelection.WrapperSubsetEval -B weka.classifiers.bayes.NaiveBayes -F 5 -T 0.01 -R 1 -E AUC --\\\\\\\" -S \\\\\\\"weka.attributeSelection.GreedyStepwise -B -T -1.7976931348623157E308 -N -1 -num-slots 1\\\\\\\"\\\" -S 1\" -S 1 -W weka.classifiers.trees.RandomForest -- -P 100 -I 100 -num-slots 1 -K 0 -M 1.0 -V 0.001 -S 1',-4523450618538717400,2.02604251017E7,4329.0,482.0,466.0,16.0,0.0,96.6804979253112,3.319502074688797,0.0,0.8519428659192136,0.05560255316036985,0.1580245267058443,24.127117082426576,46.56861500234791,272.3366817903761,2200.574649885413,-1928.2379680950366,0.565013862635635,4.565507572376375,-4.00049370974074,200.33074375964793,0.4156239497088131,73.55995616993204,0.84375,54.0,0.014354066985645933,6.0,0.9856459330143541,412.0,0.15625,10.0,0.9,0.84375,0.870967741935484,0.8525270715062174,0.9712357954545454,0.9327225471136997,0.966804979253112,0.13740904623875796,0.862590953761242,0.03319502074688797,0.9661717567009498,0.966804979253112,0.9663486114563613,0.8525270715062174,0.9712357954545454,0.9841806896671578,0.9259600614439325,0.966804979253112,9.248,0.009,9.18,0.0,9180.0,0.0,2710015.0,924290.0,104879.0,99.37759336099585,59.439834024896264,?,?
DatasetClassiRealeseNormalized,5,2,weka.classifiers.meta.FilteredClassifier,'-F \"weka.filters.MultiFilter -F \\\"weka.filters.supervised.attribute.AttributeSelection -E \\\\\\\"weka.attributeSelection.WrapperSubsetEval -B weka.classifiers.bayes.NaiveBayes -F 5 -T 0.01 -R 1 -E AUC --\\\\\\\" -S \\\\\\\"weka.attributeSelection.GreedyStepwise -B -T -1.7976931348623157E308 -N -1 -num-slots 1\\\\\\\"\\\" -S 1\" -S 1 -W weka.classifiers.trees.RandomForest -- -P 100 -I 100 -num-slots 1 -K 0 -M 1.0 -V 0.001 -S 1',-4523450618538717400,2.02604251017E7,4330.0,481.0,457.0,24.0,0.0,95.01039501039502,4.98960498960499,0.0,0.774742428972838,0.0696941888638721,0.20284307483568578,30.396843498420626,60.12255986011925,269.42867131105754,2237.2560876811494,-1967.827416370092,0.5601427677984564,4.651260057549167,-4.091117289750711,179.67130283366748,0.37353701212820684,66.68603677529016,0.7777777777777778,49.0,0.023923444976076555,10.0,0.9760765550239234,408.0,0.2222222222222222,14.0,0.8305084745762712,0.7777777777777778,0.8032786885245902,0.775288995497457,0.964095845674793,0.8063185945981837,0.9501039501039501,0.19624961730224888,0.8037503826977511,0.0498960498960499,0.9489703437008442,0.9501039501039501,0.9494047821916675,0.7752889954974571,0.9640958456747931,0.9682807985264122,0.8873536299765807,0.9501039501039501,9.273,0.008,9.21,0.01,9210.0,10.0,2613407.0,924503.0,104666.0,98.33679833679834,58.62785862785863,?,?
DatasetClassiRealeseNormalized,5,3,weka.classifiers.meta.FilteredClassifier,'-F \"weka.filters.MultiFilter -F \\\"weka.filters.supervised.attribute.AttributeSelection -E \\\\\\\"weka.attributeSelection.WrapperSubsetEval -B weka.classifiers.bayes.NaiveBayes -F 5 -T 0.01 -R 1 -E AUC --\\\\\\\" -S \\\\\\\"weka.attributeSelection.GreedyStepwise -B -T -1.7976931348623157E308 -N -1 -num-slots 1\\\\\\\"\\\" -S 1\" -S 1 -W weka.classifiers.trees.RandomForest -- -P 100 -I 100 -num-slots 1 -K 0 -M 1.0 -V 0.001 -S 1',-4523450618538717400,2.0260425101800002E7,4330.0,481.0,468.0,13.0,0.0,97.29729729729729,2.7027027027027026,0.0,0.8851290529989899,0.05662369460288605,0.15971873833634326,24.551026154963356,47.026528125011914,272.1308087156738,67.6207043541186,204.51010436155522,0.565760517080403,0.1405835849357975,0.42517693214460545,194.77177565615628,0.40493092652007545,71.57285004788143,0.921875,59.0,0.019184652278177457,8.0,0.9808153477218226,409.0,0.078125,5.0,0.8805970149253731,0.921875,0.9007633587786259,0.8854402115705772,0.9861173561151079,0.918383225450929,0.972972972972973,0.07028262525115044,0.9297173747488496,0.02702702702702703,0.9736423639733178,0.972972972972973,0.9732336575007503,0.8854402115705771,0.986117356115108,0.9870361949497916,0.9425597780656065,0.972972972972973,9.285,0.009,9.22,0.01,9220.0,10.0,2723525.0,924503.0,104666.0,99.37629937629937,59.25155925155925,?,?
DatasetClassiRealeseNormalized,5,4,weka.classifiers.meta.FilteredClassifier,'-F \"weka.filters.MultiFilter -F \\\"weka.filters.supervised.attribute.AttributeSelection -E \\\\\\\"weka.attributeSelection.WrapperSubsetEval -B weka.classifiers.bayes.NaiveBayes -F 5 -T 0.01 -R 1 -E AUC --\\\\\\\" -S \\\\\\\"weka.attributeSelection.GreedyStepwise -B -T -1.7976931348623157E308 -N -1 -num-slots 1\\\\\\\"\\\" -S 1\" -S 1 -W weka.classifiers.trees.RandomForest -- -P 100 -I 100 -num-slots 1 -K 0 -M 1.0 -V 0.001 -S 1',-4523450618538717400,2.0260425101800002E7,4330.0,481.0,463.0,18.0,0.0,96.25779625779626,3.7422037422037424,0.0,0.83338465091217,0.05830567883765911,0.17074107014852413,25.28030458212633,50.27187054611962,272.1308087156738,65.49523003806196,206.63557867761187,0.565760517080403,0.13616471941385022,0.42959579766655276,196.3153939199923,0.4081401120997761,72.14008397156731,0.828125,53.0,0.016786570743405275,7.0,0.9832134292565947,410.0,0.171875,11.0,0.8833333333333333,0.828125,0.8548387096774193,0.8339564813909894,0.9887964628297362,0.9207383481946154,0.9625779625779626,0.15123953332136783,0.8487604666786321,0.037422037422037424,0.961825044485377,0.9625779625779626,0.9620636940676974,0.8339564813909894,0.9887964628297362,0.9880073060855667,0.9166794980368003,0.9625779625779626,9.269,0.013,9.21,0.01,9210.0,10.0,2721349.0,924503.0,104666.0,100.0,58.83575883575884,?,?
DatasetClassiRealeseNormalized,5,5,weka.classifiers.meta.FilteredClassifier,'-F \"weka.filters.MultiFilter -F \\\"weka.filters.supervised.attribute.AttributeSelection -E \\\\\\\"weka.attributeSelection.WrapperSubsetEval -B weka.classifiers.bayes.NaiveBayes -F 5 -T 0.01 -R 1 -E AUC --\\\\\\\" -S \\\\\\\"weka.attributeSelection.GreedyStepwise -B -T -1.7976931348623157E308 -N -1 -num-slots 1\\\\\\\"\\\" -S 1\" -S 1 -W weka.classifiers.trees.RandomForest -- -P 100 -I 100 -num-slots 1 -K 0 -M 1.0 -V 0.001 -S 1',-4523450618538717400,2.0260425101800002E7,4330.0,481.0,468.0,13.0,0.0,97.29729729729729,2.7027027027027026,0.0,0.8804786207160199,0.05279515976173015,0.14741589404095498,22.89104159055777,43.404160084160246,272.1308087156738,53.858482732267575,218.27232598340623,0.565760517080403,0.11197189757228186,0.45378861950812105,209.11517768732344,0.4347508891628346,76.843624826695,0.875,56.0,0.011990407673860911,5.0,0.988009592326139,412.0,0.125,8.0,0.9180327868852459,0.875,0.8959999999999999,0.8808137278691767,0.9931804556354916,0.9504400937524932,0.972972972972973,0.10996338064683389,0.8900366193531661,0.02702702702702703,0.9725805430723463,0.972972972972973,0.972697084180955,0.8808137278691767,0.9931804556354916,0.9924879128555204,0.9402341696535244,0.972972972972973,11.154,0.009,11.08,0.01,11080.0,10.0,2770037.0,924503.0,104666.0,99.79209979209979,60.187110187110186,?,?
DatasetClassiRealeseNormalized,5,6,weka.classifiers.meta.FilteredClassifier,'-F \"weka.filters.MultiFilter -F \\\"weka.filters.supervised.attribute.AttributeSelection -E \\\\\\\"weka.attributeSelection.WrapperSubsetEval -B weka.classifiers.bayes.NaiveBayes -F 5 -T 0.01 -R 1 -E AUC --\\\\\\\" -S \\\\\\\"weka.attributeSelection.GreedyStepwise -B -T -1.7976931348623157E308 -N -1 -num-slots 1\\\\\\\"\\\" -S 1\" -S 1 -W weka.classifiers.trees.RandomForest -- -P 100 -I 100 -num-slots 1 -K 0 -M 1.0 -V 0.001 -S 1',-4523450618538717400,2.0260425101800002E7,4330.0,481.0,469.0,12.0,0.0,97.5051975051975,2.494802494802495,0.0,0.8889231006081133,0.05113837440025221,0.14691843054850318,22.17268894634984,43.25769022619225,272.1308087156738,1125.1933837001413,-853.0625749844676,0.565760517080403,2.3392793839919777,-1.773518866911575,210.53361078298252,0.4376998145176352,77.36485691443745,0.875,56.0,0.009592326139088728,4.0,0.9904076738609112,413.0,0.125,8.0,0.9333333333333333,0.875,0.9032258064516129,0.8895330390341427,0.9823328836930456,0.9455114408412197,0.975051975051975,0.10964430119106379,0.8903556988089363,0.02494802494802495,0.9746555984085676,0.975051975051975,0.974709129378465,0.8895330390341426,0.9823328836930455,0.9888973435206032,0.9444529986912003,0.975051975051975,9.321,0.008,9.24,0.01,9240.0,10.0,2707233.0,924503.0,104666.0,99.37629937629937,58.62785862785863,?,?
DatasetClassiRealeseNormalized,5,7,weka.classifiers.meta.FilteredClassifier,'-F \"weka.filters.MultiFilter -F \\\"weka.filters.supervised.attribute.AttributeSelection -E \\\\\\\"weka.attributeSelection.WrapperSubsetEval -B weka.classifiers.bayes.NaiveBayes -F 5 -T 0.01 -R 1 -E AUC --\\\\\\\" -S \\\\\\\"weka.attributeSelection.GreedyStepwise -B -T -1.7976931348623157E308 -N -1 -num-slots 1\\\\\\\"\\\" -S 1\" -S 1 -W weka.classifiers.trees.RandomForest -- -P 100 -I 100 -num-slots 1 -K 0 -M 1.0 -V 0.001 -S 1',-4523450618538717400,2.0260425101800002E7,4330.0,481.0,458.0,23.0,0.0,95.21829521829522,4.781704781704781,0.0,0.7764734406885824,0.06951768136285004,0.19940418373018182,30.141629318634216,58.71124798572667,272.1308087156738,97.44095297411965,174.68985574155417,0.565760517080403,0.20257994381313857,0.3631805732672644,179.6299695125322,0.3734510800676345,66.00868544076249,0.734375,47.0,0.014388489208633094,6.0,0.9856115107913669,411.0,0.265625,17.0,0.8867924528301887,0.734375,0.8034188034188035,0.7809487876003958,0.9732838729016786,0.8575235440244747,0.9521829521829522,0.23219644139158527,0.7678035586084148,0.04781704781704782,0.9505023552369699,0.9521829521829522,0.9502463774653123,0.7809487876003959,0.9732838729016786,0.977040829267249,0.8880999342537803,0.9521829521829522,9.284,0.012,9.22,0.01,9220.0,10.0,2618489.0,924503.0,104666.0,98.54469854469855,58.731808731808734,?,?
DatasetClassiRealeseNormalized,5,8,weka.classifiers.meta.FilteredClassifier,'-F \"weka.filters.MultiFilter -F \\\"weka.filters.supervised.attribute.AttributeSelection -E \\\\\\\"weka.attributeSelection.WrapperSubsetEval -B weka.classifiers.bayes.NaiveBayes -F 5 -T 0.01 -R 1 -E AUC --\\\\\\\" -S \\\\\\\"weka.attributeSelection.GreedyStepwise -B -T -1.7976931348623157E308 -N -1 -num-slots 1\\\\\\\"\\\" -S 1\" -S 1 -W weka.classifiers.trees.RandomForest -- -P 100 -I 100 -num-slots 1 -K 0 -M 1.0 -V 0.001 -S 1',-4523450618538717400,2.0260425101800002E7,4330.0,481.0,466.0,15.0,0.0,96.88149688149689,3.1185031185031185,0.0,0.8602042200306138,0.05216618506531297,0.15653087139086752,22.61832935708649,46.08791368232508,272.1308087156738,55.271604855104314,216.8592038605695,0.565760517080403,0.11490978140354327,0.4508507356768597,205.8421744793508,0.427946308688879,75.64089323470084,0.84375,54.0,0.011990407673860911,5.0,0.988009592326139,412.0,0.15625,10.0,0.9152542372881356,0.84375,0.8780487804878049,0.8611396799215758,0.9924685251798561,0.9516682432873613,0.9688149688149689,0.1370553764888297,0.8629446235111703,0.031185031185031187,0.9681803629911913,0.9688149688149689,0.9682740499334005,0.8611396799215757,0.9924685251798561,0.9925792704158335,0.9300851768946772,0.9688149688149689,9.316,0.009,9.25,0.01,9250.0,10.0,2782657.0,924503.0,104666.0,100.0,58.00415800415801,?,?
DatasetClassiRealeseNormalized,5,9,weka.classifiers.meta.FilteredClassifier,'-F \"weka.filters.MultiFilter -F \\\"weka.filters.supervised.attribute.AttributeSelection -E \\\\\\\"weka.attributeSelection.WrapperSubsetEval -B weka.classifiers.bayes.NaiveBayes -F 5 -T 0.01 -R 1 -E AUC --\\\\\\\" -S \\\\\\\"weka.attributeSelection.GreedyStepwise -B -T -1.7976931348623157E308 -N -1 -num-slots 1\\\\\\\"\\\" -S 1\" -S 1 -W weka.classifiers.trees.RandomForest -- -P 100 -I 100 -num-slots 1 -K 0 -M 1.0 -V 0.001 -S 1',-4523450618538717400,2.02604251019E7,4330.0,481.0,455.0,26.0,0.0,94.5945945945946,5.405405405405405,0.0,0.7340393858194038,0.07474685083114868,0.19238015652206522,32.40890412797511,56.64313990715075,272.1308087156738,2225.3720142063344,-1953.2412054906606,0.565760517080403,4.626553044088014,-4.06079252700761,169.27494263332048,0.35192295765763093,62.2035202233134,0.65625,42.0,0.009592326139088728,4.0,0.9904076738609112,413.0,0.34375,22.0,0.9130434782608695,0.65625,0.7636363636363634,0.746807904184004,0.9622302158273381,0.8944155898152246,0.9459459459459459,0.29928827208503467,0.7007117279149654,0.05405405405405406,0.9445844645244944,0.9459459459459459,0.9420943350520816,0.7468079041840039,0.9622302158273381,0.9777922703267684,0.8665599658557404,0.9459459459459459,11.422,0.009,11.34,0.01,11340.0,10.0,3018185.0,924503.0,104666.0,99.16839916839916,60.395010395010395,?,?
DatasetClassiRealeseNormalized,5,10,weka.classifiers.meta.FilteredClassifier,'-F \"weka.filters.MultiFilter -F \\\"weka.filters.supervised.attribute.AttributeSelection -E \\\\\\\"weka.attributeSelection.WrapperSubsetEval -B weka.classifiers.bayes.NaiveBayes -F 5 -T 0.01 -R 1 -E AUC --\\\\\\\" -S \\\\\\\"weka.attributeSelection.GreedyStepwise -B -T -1.7976931348623157E308 -N -1 -num-slots 1\\\\\\\"\\\" -S 1\" -S 1 -W weka.classifiers.trees.RandomForest -- -P 100 -I 100 -num-slots 1 -K 0 -M 1.0 -V 0.001 -S 1',-4523450618538717400,2.02604251019E7,4330.0,481.0,467.0,14.0,0.0,97.0893970893971,2.9106029106029108,0.0,0.8738384292565947,0.05505006558211449,0.1487350063291944,23.868728620015812,43.79255077500272,272.1308087156738,53.28200267238228,218.84880604329155,0.565760517080403,0.1107733943292771,0.45498712275112585,199.44288319300918,0.41464216880043486,73.28934350883804,0.890625,57.0,0.016786570743405275,7.0,0.9832134292565947,410.0,0.109375,7.0,0.890625,0.890625,0.890625,0.8738384292565947,0.9934989508393285,0.9626150413995714,0.9708939708939709,0.09705554163737617,0.9029444583626238,0.029106029106029108,0.9708939708939709,0.9708939708939709,0.9708939708939709,0.8738384292565947,0.9934989508393286,0.9941571701250222,0.9369192146282974,0.9708939708939709,9.275,0.009,9.21,0.01,9210.0,10.0,2761122.0,924503.0,104666.0,100.0,58.93970893970894,?,?
DatasetClassiRealeseNormalized,6,1,weka.classifiers.meta.FilteredClassifier,'-F \"weka.filters.MultiFilter -F \\\"weka.filters.supervised.attribute.AttributeSelection -E \\\\\\\"weka.attributeSelection.WrapperSubsetEval -B weka.classifiers.bayes.NaiveBayes -F 5 -T 0.01 -R 1 -E AUC --\\\\\\\" -S \\\\\\\"weka.attributeSelection.GreedyStepwise -B -T -1.7976931348623157E308 -N -1 -num-slots 1\\\\\\\"\\\" -S 1\" -S 1 -W weka.classifiers.trees.RandomForest -- -P 100 -I 100 -num-slots 1 -K 0 -M 1.0 -V 0.001 -S 1',-4523450618538717400,2.02604251019E7,4329.0,482.0,465.0,17.0,0.0,96.47302904564316,3.5269709543568464,0.0,0.8371556898127908,0.062489378175657743,0.16832114855377694,27.11545527960964,49.6029504226571,272.3366817903761,70.03752976295385,202.29915202742222,0.565013862635635,0.1453060783463773,0.4197077842892577,188.8010466257883,0.3917034162360753,69.32633730593548,0.796875,51.0,0.009569377990430622,4.0,0.9904306220095693,414.0,0.203125,13.0,0.9272727272727272,0.796875,0.8571428571428571,0.8402842015133863,0.9851599880382775,0.9302210195572169,0.9647302904564315,0.17742466844686217,0.8225753315531378,0.035269709543568464,0.9639407867827704,0.9647302904564315,0.9635843887998371,0.8402842015133863,0.9851599880382775,0.9885661538100902,0.9185122569737953,0.9647302904564315,9.278,0.006,9.21,0.0,9210.0,0.0,2698584.0,924290.0,104879.0,99.5850622406639,60.477178423236516,?,?
DatasetClassiRealeseNormalized,6,2,weka.classifiers.meta.FilteredClassifier,'-F \"weka.filters.MultiFilter -F \\\"weka.filters.supervised.attribute.AttributeSelection -E \\\\\\\"weka.attributeSelection.WrapperSubsetEval -B weka.classifiers.bayes.NaiveBayes -F 5 -T 0.01 -R 1 -E AUC --\\\\\\\" -S \\\\\\\"weka.attributeSelection.GreedyStepwise -B -T -1.7976931348623157E308 -N -1 -num-slots 1\\\\\\\"\\\" -S 1\" -S 1 -W weka.classifiers.trees.RandomForest -- -P 100 -I 100 -num-slots 1 -K 0 -M 1.0 -V 0.001 -S 1',-4523450618538717400,2.02604251019E7,4330.0,481.0,463.0,18.0,0.0,96.25779625779626,3.7422037422037424,0.0,0.8262422734205668,0.055919193236324626,0.16477668966837306,24.38893389924539,48.839707227688756,269.42867131105754,69.72254922614358,199.70612208491394,0.5601427677984564,0.1449533247944773,0.4151894430039791,199.51702948909153,0.4147963191041404,74.0518922942494,0.7936507936507936,50.0,0.011961722488038277,5.0,0.9880382775119617,413.0,0.20634920634920634,13.0,0.9090909090909091,0.7936507936507936,0.847457627118644,0.8287171212200305,0.9851712614870509,0.9177490065872963,0.9625779625779626,0.1808888914152072,0.8191111085847929,0.037422037422037424,0.9615735108692854,0.9625779625779626,0.9614867745641302,0.8287171212200304,0.9851712614870509,0.9869878599147945,0.9130653064503174,0.9625779625779626,9.276,0.007,9.21,0.01,9210.0,10.0,2720308.0,924503.0,104666.0,98.96049896049897,57.484407484407484,?,?
DatasetClassiRealeseNormalized,6,3,weka.classifiers.meta.FilteredClassifier,'-F \"weka.filters.MultiFilter -F \\\"weka.filters.supervised.attribute.AttributeSelection -E \\\\\\\"weka.attributeSelection.WrapperSubsetEval -B weka.classifiers.bayes.NaiveBayes -F 5 -T 0.01 -R 1 -E AUC --\\\\\\\" -S \\\\\\\"weka.attributeSelection.GreedyStepwise -B -T -1.7976931348623157E308 -N -1 -num-slots 1\\\\\\\"\\\" -S 1\" -S 1 -W weka.classifiers.trees.RandomForest -- -P 100 -I 100 -num-slots 1 -K 0 -M 1.0 -V 0.001 -S 1',-4523450618538717400,2.02604251019E7,4330.0,481.0,465.0,16.0,0.0,96.67359667359668,3.3264033264033266,0.0,0.8498575832065238,0.05964524866581028,0.17932554213431495,25.861118217089373,52.79942565632869,272.1308087156738,1150.1305561625984,-877.9997474469246,0.565760517080403,2.3911238173858593,-1.8253633003054566,192.54143239296928,0.4002940382390214,70.7532650572245,0.828125,53.0,0.011990407673860911,5.0,0.988009592326139,412.0,0.171875,11.0,0.9137931034482759,0.828125,0.8688524590163935,0.8512078499169976,0.9721223021582733,0.8719722960584539,0.9667359667359667,0.15060137440982763,0.8493986255901723,0.033264033264033266,0.9659850041361413,0.9667359667359667,0.966036798823684,0.8512078499169976,0.9721223021582733,0.9775812640460312,0.9249024199843872,0.9667359667359667,9.272,0.009,9.21,0.01,9210.0,10.0,2701379.0,924503.0,104666.0,98.96049896049897,57.9002079002079,?,?
DatasetClassiRealeseNormalized,6,4,weka.classifiers.meta.FilteredClassifier,'-F \"weka.filters.MultiFilter -F \\\"weka.filters.supervised.attribute.AttributeSelection -E \\\\\\\"weka.attributeSelection.WrapperSubsetEval -B weka.classifiers.bayes.NaiveBayes -F 5 -T 0.01 -R 1 -E AUC --\\\\\\\" -S \\\\\\\"weka.attributeSelection.GreedyStepwise -B -T -1.7976931348623157E308 -N -1 -num-slots 1\\\\\\\"\\\" -S 1\" -S 1 -W weka.classifiers.trees.RandomForest -- -P 100 -I 100 -num-slots 1 -K 0 -M 1.0 -V 0.001 -S 1',-4523450618538717400,2.02604251019E7,4330.0,481.0,461.0,20.0,0.0,95.84199584199584,4.158004158004158,0.0,0.8173533320675906,0.0626926091197346,0.18276392575454364,27.182399471034316,53.811800570540434,272.1308087156738,1144.8207490127356,-872.6899402970619,0.565760517080403,2.3800847172821946,-1.8143242002017919,191.06011373515605,0.3972143736697631,70.2089243907618,0.828125,53.0,0.02158273381294964,9.0,0.9784172661870504,408.0,0.171875,11.0,0.8548387096774194,0.828125,0.8412698412698412,0.817489699927702,0.9780800359712231,0.8972606736597528,0.9584199584199584,0.15187769223290806,0.848122307767092,0.04158004158004158,0.9579255371849105,0.9584199584199584,0.9581396949818003,0.8174896999277019,0.978080035971223,0.9820097671968897,0.9086731981468823,0.9584199584199584,9.251,0.014,9.18,0.01,9180.0,10.0,2680096.0,924503.0,104666.0,99.58419958419958,59.66735966735967,?,?
DatasetClassiRealeseNormalized,6,5,weka.classifiers.meta.FilteredClassifier,'-F \"weka.filters.MultiFilter -F \\\"weka.filters.supervised.attribute.AttributeSelection -E \\\\\\\"weka.attributeSelection.WrapperSubsetEval -B weka.classifiers.bayes.NaiveBayes -F 5 -T 0.01 -R 1 -E AUC --\\\\\\\" -S \\\\\\\"weka.attributeSelection.GreedyStepwise -B -T -1.7976931348623157E308 -N -1 -num-slots 1\\\\\\\"\\\" -S 1\" -S 1 -W weka.classifiers.trees.RandomForest -- -P 100 -I 100 -num-slots 1 -K 0 -M 1.0 -V 0.001 -S 1',-4523450618538717400,2.0260425102E7,4330.0,481.0,465.0,16.0,0.0,96.67359667359668,3.3264033264033266,0.0,0.8498575832065238,0.06325435644547366,0.17069649896120903,27.425963113135435,50.25874730074672,272.1308087156738,1139.8620504193348,-867.731241703661,0.565760517080403,2.3697755725973697,-1.8040150555169667,188.23544651812372,0.39134188465306385,69.17094297646938,0.828125,53.0,0.011990407673860911,5.0,0.988009592326139,412.0,0.171875,11.0,0.9137931034482759,0.828125,0.8688524590163935,0.8512078499169976,0.9766374400479616,0.9202819518285996,0.9667359667359667,0.15060137440982763,0.8493986255901723,0.033264033264033266,0.9659850041361413,0.9667359667359667,0.966036798823684,0.8512078499169976,0.9766374400479616,0.9845879883058714,0.9249024199843872,0.9667359667359667,11.483,0.006,11.38,0.01,11380.0,10.0,2954702.0,924503.0,104666.0,99.37629937629937,59.563409563409564,?,?
DatasetClassiRealeseNormalized,6,6,weka.classifiers.meta.FilteredClassifier,'-F \"weka.filters.MultiFilter -F \\\"weka.filters.supervised.attribute.AttributeSelection -E \\\\\\\"weka.attributeSelection.WrapperSubsetEval -B weka.classifiers.bayes.NaiveBayes -F 5 -T 0.01 -R 1 -E AUC --\\\\\\\" -S \\\\\\\"weka.attributeSelection.GreedyStepwise -B -T -1.7976931348623157E308 -N -1 -num-slots 1\\\\\\\"\\\" -S 1\" -S 1 -W weka.classifiers.trees.RandomForest -- -P 100 -I 100 -num-slots 1 -K 0 -M 1.0 -V 0.001 -S 1',-4523450618538717400,2.0260425102E7,4330.0,481.0,462.0,19.0,0.0,96.04989604989605,3.95010395010395,0.0,0.8276408351092924,0.0676346485201374,0.1761770011103448,29.32517979346076,51.87239007766863,272.1308087156738,2211.5352217711443,-1939.4044130554705,0.565760517080403,4.597786323848533,-4.03202580676813,183.94701482032798,0.3824262262376881,67.59507153507137,0.84375,54.0,0.02158273381294964,9.0,0.9784172661870504,408.0,0.15625,10.0,0.8571428571428571,0.84375,0.8503937007874015,0.8276748916302482,0.9696305455635491,0.8999248800046892,0.9604989604989606,0.13833169431191014,0.8616683056880898,0.0395010395010395,0.9602516970938022,0.9604989604989606,0.9603670979124797,0.8276748916302481,0.9696305455635492,0.9795570377314802,0.9138196048847187,0.9604989604989606,11.412,0.01,11.29,0.01,11290.0,10.0,3036839.0,924503.0,104666.0,99.37629937629937,59.979209979209976,?,?
DatasetClassiRealeseNormalized,6,7,weka.classifiers.meta.FilteredClassifier,'-F \"weka.filters.MultiFilter -F \\\"weka.filters.supervised.attribute.AttributeSelection -E \\\\\\\"weka.attributeSelection.WrapperSubsetEval -B weka.classifiers.bayes.NaiveBayes -F 5 -T 0.01 -R 1 -E AUC --\\\\\\\" -S \\\\\\\"weka.attributeSelection.GreedyStepwise -B -T -1.7976931348623157E308 -N -1 -num-slots 1\\\\\\\"\\\" -S 1\" -S 1 -W weka.classifiers.trees.RandomForest -- -P 100 -I 100 -num-slots 1 -K 0 -M 1.0 -V 0.001 -S 1',-4523450618538717400,2.0260425102E7,4330.0,481.0,466.0,15.0,0.0,96.88149688149689,3.1185031185031185,0.0,0.8620907162107921,0.05402651976637489,0.1559690033597583,23.424937372036286,45.92248097829344,272.1308087156738,1129.1776391482547,-857.0468304325809,0.565760517080403,2.347562659351881,-1.781802142271478,203.82111038366259,0.42374451223214676,74.8982121302619,0.859375,55.0,0.014388489208633094,6.0,0.9856115107913669,411.0,0.140625,9.0,0.9016393442622951,0.859375,0.88,0.8624188249903527,0.9890212829736211,0.9129534480166164,0.9688149688149689,0.12382845802360191,0.8761715419763981,0.031185031185031187,0.9683351429253069,0.9688149688149689,0.9684966355934097,0.8624188249903527,0.989021282973621,0.9868072092947532,0.9310394265232975,0.9688149688149689,9.337,0.009,9.25,0.0,9250.0,0.0,2739208.0,924503.0,104666.0,99.58419958419958,58.21205821205821,?,?
DatasetClassiRealeseNormalized,6,8,weka.classifiers.meta.FilteredClassifier,'-F \"weka.filters.MultiFilter -F \\\"weka.filters.supervised.attribute.AttributeSelection -E \\\\\\\"weka.attributeSelection.WrapperSubsetEval -B weka.classifiers.bayes.NaiveBayes -F 5 -T 0.01 -R 1 -E AUC --\\\\\\\" -S \\\\\\\"weka.attributeSelection.GreedyStepwise -B -T -1.7976931348623157E308 -N -1 -num-slots 1\\\\\\\"\\\" -S 1\" -S 1 -W weka.classifiers.trees.RandomForest -- -P 100 -I 100 -num-slots 1 -K 0 -M 1.0 -V 0.001 -S 1',-4523450618538717400,2.0260425102E7,4330.0,481.0,467.0,14.0,0.0,97.0893970893971,2.9106029106029108,0.0,0.8686253853057083,0.05631193928559299,0.15796457714866238,24.41585459820626,46.51004451584037,272.1308087156738,1129.58779432801,-857.4569856123362,0.565760517080403,2.3484153728233057,-1.7826548557429027,198.40592038627656,0.4124863209693899,72.90829043674135,0.84375,54.0,0.009592326139088728,4.0,0.9904076738609112,413.0,0.15625,10.0,0.9310344827586207,0.84375,0.8852459016393444,0.8700054705868508,0.9823890887290168,0.9317011866562723,0.9708939708939709,0.13673629703305962,0.8632637029669404,0.029106029106029108,0.9703285880835404,0.9708939708939709,0.9702821989707237,0.870005470586851,0.9823890887290168,0.9871043707490758,0.9342896174863389,0.9708939708939709,11.426,0.008,11.35,0.01,11350.0,10.0,3062274.0,924503.0,104666.0,99.58419958419958,58.93970893970894,?,?
DatasetClassiRealeseNormalized,6,9,weka.classifiers.meta.FilteredClassifier,'-F \"weka.filters.MultiFilter -F \\\"weka.filters.supervised.attribute.AttributeSelection -E \\\\\\\"weka.attributeSelection.WrapperSubsetEval -B weka.classifiers.bayes.NaiveBayes -F 5 -T 0.01 -R 1 -E AUC --\\\\\\\" -S \\\\\\\"weka.attributeSelection.GreedyStepwise -B -T -1.7976931348623157E308 -N -1 -num-slots 1\\\\\\\"\\\" -S 1\" -S 1 -W weka.classifiers.trees.RandomForest -- -P 100 -I 100 -num-slots 1 -K 0 -M 1.0 -V 0.001 -S 1',-4523450618538717400,2.0260425102E7,4330.0,481.0,467.0,14.0,0.0,97.0893970893971,2.9106029106029108,0.0,0.8704102840427989,0.05475401809738009,0.1521836957854737,23.74036769987806,44.807960071366075,272.1308087156738,2195.407124092487,-1923.276315376813,0.565760517080403,4.564255975244255,-3.9984954581638523,205.40379522520212,0.4270349173081125,75.4798018624238,0.859375,55.0,0.011990407673860911,5.0,0.988009592326139,412.0,0.140625,9.0,0.9166666666666666,0.859375,0.8870967741935484,0.8710075198197583,0.9750824340527577,0.9452629218149671,0.9708939708939709,0.12350937856783181,0.8764906214321682,0.029106029106029108,0.9703787471008374,0.9708939708939709,0.9704939842748758,0.8710075198197583,0.9750824340527577,0.986439232937597,0.9351951651397337,0.9708939708939709,9.283,0.009,9.22,0.01,9220.0,10.0,2727460.0,924503.0,104666.0,99.58419958419958,59.04365904365904,?,?
DatasetClassiRealeseNormalized,6,10,weka.classifiers.meta.FilteredClassifier,'-F \"weka.filters.MultiFilter -F \\\"weka.filters.supervised.attribute.AttributeSelection -E \\\\\\\"weka.attributeSelection.WrapperSubsetEval -B weka.classifiers.bayes.NaiveBayes -F 5 -T 0.01 -R 1 -E AUC --\\\\\\\" -S \\\\\\\"weka.attributeSelection.GreedyStepwise -B -T -1.7976931348623157E308 -N -1 -num-slots 1\\\\\\\"\\\" -S 1\" -S 1 -W weka.classifiers.trees.RandomForest -- -P 100 -I 100 -num-slots 1 -K 0 -M 1.0 -V 0.001 -S 1',-4523450618538717400,2.0260425102E7,4330.0,481.0,467.0,14.0,0.0,97.0893970893971,2.9106029106029108,0.0,0.8704102840427989,0.055056927188104204,0.1534803558992974,23.871703690245685,45.18974009258627,272.1308087156738,56.67843795725862,215.4523707584152,0.565760517080403,0.11783459034773103,0.44792592673267195,206.99025550579125,0.43033317152971157,76.06277895644578,0.859375,55.0,0.011990407673860911,5.0,0.988009592326139,412.0,0.140625,9.0,0.9166666666666666,0.859375,0.8870967741935484,0.8710075198197583,0.9923561151079137,0.9470171697444228,0.9708939708939709,0.12350937856783181,0.8764906214321682,0.029106029106029108,0.9703787471008374,0.9708939708939709,0.9704939842748758,0.8710075198197583,0.9923561151079137,0.9919334600042592,0.9351951651397337,0.9708939708939709,9.251,0.013,9.19,0.01,9190.0,10.0,2743123.0,924503.0,104666.0,100.0,59.25155925155925,?,?
DatasetClassiRealeseNormalized,7,1,weka.classifiers.meta.FilteredClassifier,'-F \"weka.filters.MultiFilter -F \\\"weka.filters.supervised.attribute.AttributeSelection -E \\\\\\\"weka.attributeSelection.WrapperSubsetEval -B weka.classifiers.bayes.NaiveBayes -F 5 -T 0.01 -R 1 -E AUC --\\\\\\\" -S \\\\\\\"weka.attributeSelection.GreedyStepwise -B -T -1.7976931348623157E308 -N -1 -num-slots 1\\\\\\\"\\\" -S 1\" -S 1 -W weka.classifiers.trees.RandomForest -- -P 100 -I 100 -num-slots 1 -K 0 -M 1.0 -V 0.001 -S 1',-4523450618538717400,2.02604251021E7,4329.0,482.0,457.0,25.0,0.0,94.81327800829875,5.186721991701245,0.0,0.7571054222938922,0.07159681915212378,0.20257339061096624,31.067365439683016,59.696823232019455,272.3366817903761,1166.6708010497537,-894.3341192593775,0.565013862635635,2.420478840352186,-1.8554649777165508,178.08356758041282,0.3694679825319768,65.39095887108147,0.71875,46.0,0.01674641148325359,7.0,0.9832535885167464,411.0,0.28125,18.0,0.8679245283018868,0.71875,0.7863247863247864,0.7614666357812057,0.9660212320574163,0.8475517305891199,0.9481327800829875,0.24612919156624113,0.7538708084337588,0.05186721991701245,0.9460761582424465,0.9481327800829875,0.9460313775666472,0.7614666357812057,0.9660212320574163,0.9735205610971855,0.8784044238589694,0.9481327800829875,8.697,0.013,8.63,0.01,8630.0,10.0,2576894.0,924290.0,104879.0,98.7551867219917,58.40248962655602,?,?
DatasetClassiRealeseNormalized,7,2,weka.classifiers.meta.FilteredClassifier,'-F \"weka.filters.MultiFilter -F \\\"weka.filters.supervised.attribute.AttributeSelection -E \\\\\\\"weka.attributeSelection.WrapperSubsetEval -B weka.classifiers.bayes.NaiveBayes -F 5 -T 0.01 -R 1 -E AUC --\\\\\\\" -S \\\\\\\"weka.attributeSelection.GreedyStepwise -B -T -1.7976931348623157E308 -N -1 -num-slots 1\\\\\\\"\\\" -S 1\" -S 1 -W weka.classifiers.trees.RandomForest -- -P 100 -I 100 -num-slots 1 -K 0 -M 1.0 -V 0.001 -S 1',-4523450618538717400,2.02604251021E7,4330.0,481.0,467.0,14.0,0.0,97.0893970893971,2.9106029106029108,0.0,0.8703953192963547,0.04870943376510177,0.14449530903345265,21.244425958474714,42.828318757776124,269.42867131105754,48.81539892868747,220.61327238237007,0.5601427677984564,0.10148731586005712,0.4586554519383993,205.97842388873138,0.42822957149424407,76.45007596497689,0.873015873015873,55.0,0.014354066985645933,6.0,0.9856459330143541,412.0,0.12698412698412698,8.0,0.9016393442622951,0.873015873015873,0.8870967741935485,0.8705445449603183,0.9940001518948888,0.9632346662487813,0.9708939708939709,0.1122321648637438,0.8877678351362562,0.029106029106029108,0.9705641869576295,0.9708939708939709,0.9706939775844232,0.8705445449603183,0.9940001518948888,0.9943912451050861,0.9351951651397337,0.9708939708939709,8.676,0.009,8.62,0.01,8620.0,10.0,2759346.0,924503.0,104666.0,100.0,57.9002079002079,?,?
DatasetClassiRealeseNormalized,7,3,weka.classifiers.meta.FilteredClassifier,'-F \"weka.filters.MultiFilter -F \\\"weka.filters.supervised.attribute.AttributeSelection -E \\\\\\\"weka.attributeSelection.WrapperSubsetEval -B weka.classifiers.bayes.NaiveBayes -F 5 -T 0.01 -R 1 -E AUC --\\\\\\\" -S \\\\\\\"weka.attributeSelection.GreedyStepwise -B -T -1.7976931348623157E308 -N -1 -num-slots 1\\\\\\\"\\\" -S 1\" -S 1 -W weka.classifiers.trees.RandomForest -- -P 100 -I 100 -num-slots 1 -K 0 -M 1.0 -V 0.001 -S 1',-4523450618538717400,2.02604251021E7,4330.0,481.0,462.0,19.0,0.0,96.04989604989605,3.95010395010395,0.0,0.8229253453721108,0.06611814663745431,0.1718786100587845,28.667651568802917,50.606800267831616,272.1308087156738,72.73329627104928,199.39751244462454,0.565760517080403,0.15121267416018563,0.41454784292021735,184.43241218540518,0.38343536836882575,67.7734406684187,0.8125,52.0,0.016786570743405275,7.0,0.9832134292565947,410.0,0.1875,12.0,0.8813559322033898,0.8125,0.8455284552845529,0.8238202650155232,0.9841689148681055,0.9227576829048838,0.9604989604989606,0.16478553124236575,0.8352144687576343,0.0395010395010395,0.9595612468935628,0.9604989604989606,0.9598137965823073,0.8238202650155231,0.9841689148681054,0.9874499500664026,0.9114412240665911,0.9604989604989606,11.364,0.01,11.28,0.02,11280.0,20.0,3025440.0,924503.0,104666.0,99.58419958419958,60.70686070686071,?,?
DatasetClassiRealeseNormalized,7,4,weka.classifiers.meta.FilteredClassifier,'-F \"weka.filters.MultiFilter -F \\\"weka.filters.supervised.attribute.AttributeSelection -E \\\\\\\"weka.attributeSelection.WrapperSubsetEval -B weka.classifiers.bayes.NaiveBayes -F 5 -T 0.01 -R 1 -E AUC --\\\\\\\" -S \\\\\\\"weka.attributeSelection.GreedyStepwise -B -T -1.7976931348623157E308 -N -1 -num-slots 1\\\\\\\"\\\" -S 1\" -S 1 -W weka.classifiers.trees.RandomForest -- -P 100 -I 100 -num-slots 1 -K 0 -M 1.0 -V 0.001 -S 1',-4523450618538717400,2.02604251021E7,4330.0,481.0,461.0,20.0,0.0,95.84199584199584,4.158004158004158,0.0,0.8070055771777073,0.06964451467219171,0.18533235084940908,30.196621984104144,54.56803065486732,272.1308087156738,2222.2429105768742,-1950.1121018612005,0.565760517080403,4.620047631136953,-4.0542871140565495,179.03534892914928,0.372214862638564,65.79018001457085,0.765625,49.0,0.011990407673860911,5.0,0.988009592326139,412.0,0.234375,15.0,0.9074074074074074,0.765625,0.8305084745762712,0.8107893243330283,0.9684689748201439,0.867287052721764,0.9584199584199584,0.2047853660938193,0.7952146339061806,0.04158004158004158,0.9572252850941375,0.9584199584199584,0.9569044195118578,0.8107893243330283,0.9684689748201439,0.9762731032218941,0.9034058960559082,0.9584199584199584,11.365,0.007,11.28,0.01,11280.0,10.0,2775022.0,924503.0,104666.0,99.16839916839916,60.395010395010395,?,?
DatasetClassiRealeseNormalized,7,5,weka.classifiers.meta.FilteredClassifier,'-F \"weka.filters.MultiFilter -F \\\"weka.filters.supervised.attribute.AttributeSelection -E \\\\\\\"weka.attributeSelection.WrapperSubsetEval -B weka.classifiers.bayes.NaiveBayes -F 5 -T 0.01 -R 1 -E AUC --\\\\\\\" -S \\\\\\\"weka.attributeSelection.GreedyStepwise -B -T -1.7976931348623157E308 -N -1 -num-slots 1\\\\\\\"\\\" -S 1\" -S 1 -W weka.classifiers.trees.RandomForest -- -P 100 -I 100 -num-slots 1 -K 0 -M 1.0 -V 0.001 -S 1',-4523450618538717400,2.02604251021E7,4330.0,481.0,464.0,17.0,0.0,96.46569646569647,3.5343035343035343,0.0,0.8415647827013624,0.06305561311047733,0.17894574517286838,27.339791540442423,52.68760075290596,272.1308087156738,2212.3471312365987,-1940.216322520925,0.565760517080403,4.599474285315174,-4.0337137682347715,186.42553234944606,0.38757906933356767,68.50585320687674,0.828125,53.0,0.014388489208633094,6.0,0.9856115107913669,411.0,0.171875,11.0,0.8983050847457628,0.828125,0.8617886178861789,0.8424799724685494,0.9690310251798561,0.9111479076411367,0.9646569646569647,0.15092045386559774,0.8490795461344023,0.035343035343035345,0.963870804942377,0.9646569646569647,0.9640439232578538,0.8424799724685494,0.9690310251798561,0.9812938811835463,0.9207632004806341,0.9646569646569647,8.697,0.012,8.64,0.01,8640.0,10.0,2683199.0,924503.0,104666.0,99.16839916839916,58.731808731808734,?,?
DatasetClassiRealeseNormalized,7,6,weka.classifiers.meta.FilteredClassifier,'-F \"weka.filters.MultiFilter -F \\\"weka.filters.supervised.attribute.AttributeSelection -E \\\\\\\"weka.attributeSelection.WrapperSubsetEval -B weka.classifiers.bayes.NaiveBayes -F 5 -T 0.01 -R 1 -E AUC --\\\\\\\" -S \\\\\\\"weka.attributeSelection.GreedyStepwise -B -T -1.7976931348623157E308 -N -1 -num-slots 1\\\\\\\"\\\" -S 1\" -S 1 -W weka.classifiers.trees.RandomForest -- -P 100 -I 100 -num-slots 1 -K 0 -M 1.0 -V 0.001 -S 1',-4523450618538717400,2.02604251021E7,4330.0,481.0,473.0,8.0,0.0,98.33679833679834,1.6632016632016633,0.0,0.9249287916032619,0.03530054788501213,0.11013903137855549,15.305689261140092,32.42860738029414,272.1308087156738,32.47106892556857,239.65973979010525,0.565760517080403,0.06750741980367686,0.49825309727672606,234.9760618259776,0.4885157210519285,86.34673263749566,0.890625,57.0,0.002398081534772182,1.0,0.9976019184652278,416.0,0.109375,7.0,0.9827586206896551,0.890625,0.9344262295081966,0.9263983325964109,0.9990070443645084,0.9933510043946657,0.9833679833679834,0.09514106490275555,0.9048589350972445,0.016632016632016633,0.9833593399257374,0.9833679833679834,0.983018399411842,0.9263983325964109,0.9990070443645084,0.9989831238522029,0.9624512099921936,0.9833679833679834,9.786,0.01,9.72,0.01,9720.0,10.0,2785847.0,924503.0,104666.0,100.0,57.276507276507274,?,?
DatasetClassiRealeseNormalized,7,7,weka.classifiers.meta.FilteredClassifier,'-F \"weka.filters.MultiFilter -F \\\"weka.filters.supervised.attribute.AttributeSelection -E \\\\\\\"weka.attributeSelection.WrapperSubsetEval -B weka.classifiers.bayes.NaiveBayes -F 5 -T 0.01 -R 1 -E AUC --\\\\\\\" -S \\\\\\\"weka.attributeSelection.GreedyStepwise -B -T -1.7976931348623157E308 -N -1 -num-slots 1\\\\\\\"\\\" -S 1\" -S 1 -W weka.classifiers.trees.RandomForest -- -P 100 -I 100 -num-slots 1 -K 0 -M 1.0 -V 0.001 -S 1',-4523450618538717400,2.02604251022E7,4330.0,481.0,466.0,15.0,0.0,96.88149688149689,3.1185031185031185,0.0,0.8602042200306138,0.05780676214306244,0.16484098208011766,25.06398318338867,48.53468766839945,272.1308087156738,2204.741598562215,-1932.6107898465414,0.565760517080403,4.583662367073212,-4.01790184999281,198.50666522189513,0.41269576969208965,72.945311175442,0.84375,54.0,0.011990407673860911,5.0,0.988009592326139,412.0,0.15625,10.0,0.9152542372881356,0.84375,0.8780487804878049,0.8611396799215758,0.9717476019184652,0.9143670916822518,0.9688149688149689,0.1370553764888297,0.8629446235111703,0.031185031185031187,0.9681803629911913,0.9688149688149689,0.9682740499334005,0.8611396799215757,0.9717476019184652,0.9819786218178826,0.9300851768946772,0.9688149688149689,9.32,0.011,9.25,0.01,9250.0,10.0,2663029.0,924503.0,104666.0,99.37629937629937,59.87525987525988,?,?
DatasetClassiRealeseNormalized,7,8,weka.classifiers.meta.FilteredClassifier,'-F \"weka.filters.MultiFilter -F \\\"weka.filters.supervised.attribute.AttributeSelection -E \\\\\\\"weka.attributeSelection.WrapperSubsetEval -B weka.classifiers.bayes.NaiveBayes -F 5 -T 0.01 -R 1 -E AUC --\\\\\\\" -S \\\\\\\"weka.attributeSelection.GreedyStepwise -B -T -1.7976931348623157E308 -N -1 -num-slots 1\\\\\\\"\\\" -S 1\" -S 1 -W weka.classifiers.trees.RandomForest -- -P 100 -I 100 -num-slots 1 -K 0 -M 1.0 -V 0.001 -S 1',-4523450618538717400,2.02604251022E7,4330.0,481.0,463.0,18.0,0.0,96.25779625779626,3.7422037422037424,0.0,0.83338465091217,0.06898941445467333,0.1755887738732997,29.912582189682176,51.69919634351487,272.1308087156738,73.01775119289445,199.11305752277937,0.565760517080403,0.1518040565340841,0.41395646054631885,182.40111149992433,0.37921229002063267,67.02699792087842,0.828125,53.0,0.016786570743405275,7.0,0.9832134292565947,410.0,0.171875,11.0,0.8833333333333333,0.828125,0.8548387096774193,0.8339564813909894,0.9867168764988009,0.908756131140904,0.9625779625779626,0.15123953332136783,0.8487604666786321,0.037422037422037424,0.961825044485377,0.9625779625779626,0.9620636940676974,0.8339564813909894,0.986716876498801,0.9861029875746115,0.9166794980368003,0.9625779625779626,11.369,0.015,11.3,0.01,11300.0,10.0,3034713.0,924503.0,104666.0,99.79209979209979,61.434511434511435,?,?
DatasetClassiRealeseNormalized,7,9,weka.classifiers.meta.FilteredClassifier,'-F \"weka.filters.MultiFilter -F \\\"weka.filters.supervised.attribute.AttributeSelection -E \\\\\\\"weka.attributeSelection.WrapperSubsetEval -B weka.classifiers.bayes.NaiveBayes -F 5 -T 0.01 -R 1 -E AUC --\\\\\\\" -S \\\\\\\"weka.attributeSelection.GreedyStepwise -B -T -1.7976931348623157E308 -N -1 -num-slots 1\\\\\\\"\\\" -S 1\" -S 1 -W weka.classifiers.trees.RandomForest -- -P 100 -I 100 -num-slots 1 -K 0 -M 1.0 -V 0.001 -S 1',-4523450618538717400,2.02604251022E7,4330.0,481.0,459.0,22.0,0.0,95.42619542619542,4.573804573804574,0.0,0.7963590177815411,0.06588029416615161,0.19219786250465182,28.564522970696963,56.589466463281816,272.1308087156738,2225.841484734097,-1953.710676018423,0.565760517080403,4.627529074291262,-4.061768557210859,181.99881022473954,0.3783759048331383,66.87916413569127,0.796875,51.0,0.02158273381294964,9.0,0.9784172661870504,408.0,0.203125,13.0,0.85,0.796875,0.8225806451612903,0.7969054429622205,0.960619004796163,0.8785457865867083,0.9542619542619543,0.1789696880749039,0.8210303119250961,0.04573804573804574,0.9532713418699166,0.9542619542619543,0.9536334038605192,0.7969054429622205,0.960619004796163,0.9755148129858859,0.8981638309338671,0.9542619542619543,9.249,0.014,9.18,0.02,9180.0,20.0,2676270.0,924503.0,104666.0,98.96049896049897,59.66735966735967,?,?
DatasetClassiRealeseNormalized,7,10,weka.classifiers.meta.FilteredClassifier,'-F \"weka.filters.MultiFilter -F \\\"weka.filters.supervised.attribute.AttributeSelection -E \\\\\\\"weka.attributeSelection.WrapperSubsetEval -B weka.classifiers.bayes.NaiveBayes -F 5 -T 0.01 -R 1 -E AUC --\\\\\\\" -S \\\\\\\"weka.attributeSelection.GreedyStepwise -B -T -1.7976931348623157E308 -N -1 -num-slots 1\\\\\\\"\\\" -S 1\" -S 1 -W weka.classifiers.trees.RandomForest -- -P 100 -I 100 -num-slots 1 -K 0 -M 1.0 -V 0.001 -S 1',-4523450618538717400,2.02604251022E7,4330.0,481.0,462.0,19.0,0.0,96.04989604989605,3.95010395010395,0.0,0.8204695020135548,0.0646424052118558,0.17713443822681615,28.02779635285617,52.154291524891775,272.1308087156738,1143.9069266112485,-871.7761178955748,0.565760517080403,2.378184878609664,-1.8124243615292615,192.77891511617275,0.40078776531428845,70.84053291356324,0.796875,51.0,0.014388489208633094,6.0,0.9856115107913669,411.0,0.203125,13.0,0.8947368421052632,0.796875,0.8429752066115702,0.8222701368508051,0.9755133393285371,0.8928478236210371,0.9604989604989606,0.17801244970759358,0.8219875502924064,0.0395010395010395,0.9594132651481211,0.9604989604989606,0.9595207604071513,0.8222701368508051,0.9755133393285371,0.9808742808980391,0.910191527205904,0.9604989604989606,11.412,0.015,11.34,0.01,11340.0,10.0,2603878.0,924503.0,104666.0,99.58419958419958,60.70686070686071,?,?
DatasetClassiRealeseNormalized,8,1,weka.classifiers.meta.FilteredClassifier,'-F \"weka.filters.MultiFilter -F \\\"weka.filters.supervised.attribute.AttributeSelection -E \\\\\\\"weka.attributeSelection.WrapperSubsetEval -B weka.classifiers.bayes.NaiveBayes -F 5 -T 0.01 -R 1 -E AUC --\\\\\\\" -S \\\\\\\"weka.attributeSelection.GreedyStepwise -B -T -1.7976931348623157E308 -N -1 -num-slots 1\\\\\\\"\\\" -S 1\" -S 1 -W weka.classifiers.trees.RandomForest -- -P 100 -I 100 -num-slots 1 -K 0 -M 1.0 -V 0.001 -S 1',-4523450618538717400,2.02604251022E7,4329.0,482.0,459.0,23.0,0.0,95.22821576763485,4.771784232365145,0.0,0.7827382118919765,0.06724311383903502,0.18960673068438708,29.178201150260726,55.87564808551035,272.3366817903761,3290.692390559444,-3018.355708769068,0.565013862635635,6.827162636015444,-6.262148773379809,182.88903675909276,0.3794378355997775,67.15549134136353,0.765625,49.0,0.019138755980861243,8.0,0.9808612440191388,410.0,0.234375,15.0,0.8596491228070176,0.765625,0.8099173553719009,0.7844550156256479,0.9571807715311005,0.8758290180407824,0.9522821576763485,0.2057959136572098,0.7942040863427903,0.04771784232365145,0.9507564371020301,0.9522821576763485,0.9511000062930377,0.7844550156256479,0.9571807715311005,0.9735312582932616,0.8913169220513123,0.9522821576763485,11.362,0.014,11.29,0.01,11290.0,10.0,2976742.0,924290.0,104879.0,98.96265560165975,59.33609958506224,?,?
DatasetClassiRealeseNormalized,8,2,weka.classifiers.meta.FilteredClassifier,'-F \"weka.filters.MultiFilter -F \\\"weka.filters.supervised.attribute.AttributeSelection -E \\\\\\\"weka.attributeSelection.WrapperSubsetEval -B weka.classifiers.bayes.NaiveBayes -F 5 -T 0.01 -R 1 -E AUC --\\\\\\\" -S \\\\\\\"weka.attributeSelection.GreedyStepwise -B -T -1.7976931348623157E308 -N -1 -num-slots 1\\\\\\\"\\\" -S 1\" -S 1 -W weka.classifiers.trees.RandomForest -- -P 100 -I 100 -num-slots 1 -K 0 -M 1.0 -V 0.001 -S 1',-4523450618538717400,2.02604251022E7,4330.0,481.0,469.0,12.0,0.0,97.5051975051975,2.494802494802495,0.0,0.8857889113142585,0.04789219588653978,0.14157688981326833,20.88799090555874,41.963301135633536,269.42867131105754,47.908981347651704,221.51968996340582,0.5601427677984564,0.09960287182463971,0.46053989597381667,209.855492282044,0.43629000474437424,77.88907218406767,0.8571428571428571,54.0,0.007177033492822967,3.0,0.992822966507177,415.0,0.14285714285714285,9.0,0.9473684210526315,0.8571428571428571,0.9,0.8872367513303506,0.9950254423938635,0.9696899479794931,0.975051975051975,0.12508615140194085,0.8749138485980591,0.02494802494802495,0.974660226646324,0.975051975051975,0.9745171628782079,0.8872367513303505,0.9950254423938636,0.9953632726731565,0.9428741092636579,0.975051975051975,8.11,0.008,8.05,0.0,8050.0,0.0,2649992.0,924503.0,104666.0,100.0,58.62785862785863,?,?
DatasetClassiRealeseNormalized,8,3,weka.classifiers.meta.FilteredClassifier,'-F \"weka.filters.MultiFilter -F \\\"weka.filters.supervised.attribute.AttributeSelection -E \\\\\\\"weka.attributeSelection.WrapperSubsetEval -B weka.classifiers.bayes.NaiveBayes -F 5 -T 0.01 -R 1 -E AUC --\\\\\\\" -S \\\\\\\"weka.attributeSelection.GreedyStepwise -B -T -1.7976931348623157E308 -N -1 -num-slots 1\\\\\\\"\\\" -S 1\" -S 1 -W weka.classifiers.trees.RandomForest -- -P 100 -I 100 -num-slots 1 -K 0 -M 1.0 -V 0.001 -S 1',-4523450618538717400,2.0260425102300003E7,4330.0,481.0,462.0,19.0,0.0,96.04989604989605,3.95010395010395,0.0,0.8229253453721108,0.058284711222494005,0.1784471383609429,25.27121339738581,52.54079426351986,272.1308087156738,3281.958798523206,-3009.827989807532,0.565760517080403,6.82319916532891,-6.257438648248508,195.21055099199944,0.4058431413555082,71.73408696843224,0.8125,52.0,0.016786570743405275,7.0,0.9832134292565947,410.0,0.1875,12.0,0.8813559322033898,0.8125,0.8455284552845529,0.8238202650155232,0.9671575239808153,0.8768224227683216,0.9604989604989606,0.16478553124236575,0.8352144687576343,0.0395010395010395,0.9595612468935628,0.9604989604989606,0.9598137965823073,0.8238202650155231,0.9671575239808153,0.9764419566804993,0.9114412240665911,0.9604989604989606,9.299,0.012,9.24,0.01,9240.0,10.0,2695159.0,924503.0,104666.0,98.96049896049897,57.7962577962578,?,?
DatasetClassiRealeseNormalized,8,4,weka.classifiers.meta.FilteredClassifier,'-F \"weka.filters.MultiFilter -F \\\"weka.filters.supervised.attribute.AttributeSelection -E \\\\\\\"weka.attributeSelection.WrapperSubsetEval -B weka.classifiers.bayes.NaiveBayes -F 5 -T 0.01 -R 1 -E AUC --\\\\\\\" -S \\\\\\\"weka.attributeSelection.GreedyStepwise -B -T -1.7976931348623157E308 -N -1 -num-slots 1\\\\\\\"\\\" -S 1\" -S 1 -W weka.classifiers.trees.RandomForest -- -P 100 -I 100 -num-slots 1 -K 0 -M 1.0 -V 0.001 -S 1',-4523450618538717400,2.0260425102300003E7,4330.0,481.0,466.0,15.0,0.0,96.88149688149689,3.1185031185031185,0.0,0.8562720372915797,0.06394235265080626,0.1703955014885352,27.72426602236975,50.17012359721829,272.1308087156738,1142.0180573528623,-869.8872486371886,0.565760517080403,2.3742579154945163,-1.8084973984141135,187.68874471167604,0.39020529046086494,68.9700462793891,0.8125,52.0,0.007194244604316547,3.0,0.9928057553956835,414.0,0.1875,12.0,0.9454545454545454,0.8125,0.8739495798319329,0.8594738610065344,0.9769184652278178,0.9167161281977321,0.9688149688149689,0.16350921341928534,0.8364907865807146,0.031185031185031187,0.9683214387439739,0.9688149688149689,0.9678021710678191,0.8594738610065344,0.9769184652278177,0.9841445241026672,0.9280779927629416,0.9688149688149689,11.267,0.007,11.16,0.01,11160.0,10.0,2702312.0,924503.0,104666.0,99.16839916839916,59.66735966735967,?,?
DatasetClassiRealeseNormalized,8,5,weka.classifiers.meta.FilteredClassifier,'-F \"weka.filters.MultiFilter -F \\\"weka.filters.supervised.attribute.AttributeSelection -E \\\\\\\"weka.attributeSelection.WrapperSubsetEval -B weka.classifiers.bayes.NaiveBayes -F 5 -T 0.01 -R 1 -E AUC --\\\\\\\" -S \\\\\\\"weka.attributeSelection.GreedyStepwise -B -T -1.7976931348623157E308 -N -1 -num-slots 1\\\\\\\"\\\" -S 1\" -S 1 -W weka.classifiers.trees.RandomForest -- -P 100 -I 100 -num-slots 1 -K 0 -M 1.0 -V 0.001 -S 1',-4523450618538717400,2.0260425102300003E7,4330.0,481.0,458.0,23.0,0.0,95.21829521829522,4.781704781704781,0.0,0.7940962980885558,0.06804008877059123,0.1847548695346855,29.50097146977182,54.39800087895381,272.1308087156738,79.53945202137942,192.5913566942944,0.565760517080403,0.16536268611513394,0.40039783096526904,180.84685008720442,0.3759809773122753,66.45585295568493,0.828125,53.0,0.02877697841726619,12.0,0.9712230215827338,405.0,0.171875,11.0,0.8153846153846154,0.828125,0.8217054263565892,0.7941281211471878,0.9817895683453237,0.894508299413969,0.9521829521829522,0.15283493060021838,0.8471650693997816,0.04781704781704782,0.9525117943387174,0.9521829521829522,0.9523395878682178,0.7941281211471879,0.9817895683453237,0.9833732510256489,0.897047190969411,0.9521829521829522,9.298,0.009,9.2,0.01,9200.0,10.0,2677565.0,924503.0,104666.0,99.58419958419958,59.979209979209976,?,?
DatasetClassiRealeseNormalized,8,6,weka.classifiers.meta.FilteredClassifier,'-F \"weka.filters.MultiFilter -F \\\"weka.filters.supervised.attribute.AttributeSelection -E \\\\\\\"weka.attributeSelection.WrapperSubsetEval -B weka.classifiers.bayes.NaiveBayes -F 5 -T 0.01 -R 1 -E AUC --\\\\\\\" -S \\\\\\\"weka.attributeSelection.GreedyStepwise -B -T -1.7976931348623157E308 -N -1 -num-slots 1\\\\\\\"\\\" -S 1\" -S 1 -W weka.classifiers.trees.RandomForest -- -P 100 -I 100 -num-slots 1 -K 0 -M 1.0 -V 0.001 -S 1',-4523450618538717400,2.0260425102300003E7,4330.0,481.0,472.0,9.0,0.0,98.12889812889813,1.8711018711018712,0.0,0.9172544297264754,0.05131336837061109,0.13975687465721265,22.248563217242484,41.14908911245565,272.1308087156738,49.29363622001186,222.83717249566195,0.565760517080403,0.10248157218297685,0.4632789448974261,210.40357698587007,0.4374294739830979,77.31707335118486,0.90625,58.0,0.007194244604316547,3.0,0.9928057553956835,414.0,0.09375,6.0,0.9508196721311475,0.90625,0.9279999999999999,0.9176035336268247,0.99494154676259,0.9616103764244079,0.9812889812889813,0.08223322589329783,0.9177667741067022,0.018711018711018712,0.9810713433664253,0.9812889812889813,0.9810979813560459,0.9176035336268247,0.99494154676259,0.9942430672292571,0.9586236559139785,0.9812889812889813,9.33,0.007,9.27,0.0,9270.0,0.0,2762918.0,924503.0,104666.0,100.0,59.563409563409564,?,?
DatasetClassiRealeseNormalized,8,7,weka.classifiers.meta.FilteredClassifier,'-F \"weka.filters.MultiFilter -F \\\"weka.filters.supervised.attribute.AttributeSelection -E \\\\\\\"weka.attributeSelection.WrapperSubsetEval -B weka.classifiers.bayes.NaiveBayes -F 5 -T 0.01 -R 1 -E AUC --\\\\\\\" -S \\\\\\\"weka.attributeSelection.GreedyStepwise -B -T -1.7976931348623157E308 -N -1 -num-slots 1\\\\\\\"\\\" -S 1\" -S 1 -W weka.classifiers.trees.RandomForest -- -P 100 -I 100 -num-slots 1 -K 0 -M 1.0 -V 0.001 -S 1',-4523450618538717400,2.0260425102300003E7,4330.0,481.0,465.0,16.0,0.0,96.67359667359668,3.3264033264033266,0.0,0.8433862433862434,0.05268619036143541,0.15570075791847862,22.843794398097273,45.84350056610048,272.1308087156738,1127.8381118772336,-855.7073031615598,0.565760517080403,2.344777779370548,-1.7790172622901452,210.3003981375364,0.43721496494290313,77.27915818501141,0.78125,50.0,0.004796163069544364,2.0,0.9952038369304557,415.0,0.21875,14.0,0.9615384615384616,0.78125,0.8620689655172413,0.8492652165045601,0.9848995803357314,0.9424214765761283,0.9667359667359667,0.1902821298055111,0.8097178701944889,0.033264033264033266,0.9665905819751973,0.9667359667359667,0.9652513284208076,0.8492652165045601,0.9848995803357314,0.9889282269100949,0.921578217983207,0.9667359667359667,9.245,0.013,9.17,0.02,9170.0,20.0,2737024.0,924503.0,104666.0,99.58419958419958,58.00415800415801,?,?
DatasetClassiRealeseNormalized,8,8,weka.classifiers.meta.FilteredClassifier,'-F \"weka.filters.MultiFilter -F \\\"weka.filters.supervised.attribute.AttributeSelection -E \\\\\\\"weka.attributeSelection.WrapperSubsetEval -B weka.classifiers.bayes.NaiveBayes -F 5 -T 0.01 -R 1 -E AUC --\\\\\\\" -S \\\\\\\"weka.attributeSelection.GreedyStepwise -B -T -1.7976931348623157E308 -N -1 -num-slots 1\\\\\\\"\\\" -S 1\" -S 1 -W weka.classifiers.trees.RandomForest -- -P 100 -I 100 -num-slots 1 -K 0 -M 1.0 -V 0.001 -S 1',-4523450618538717400,2.0260425102300003E7,4330.0,481.0,467.0,14.0,0.0,97.0893970893971,2.9106029106029108,0.0,0.8738384292565947,0.050031749926964554,0.15885371399159778,21.692876271144733,46.77183608260842,272.1308087156738,62.18021521628627,209.95059349938754,0.565760517080403,0.12927279670745587,0.4364877203729471,206.0398958694709,0.4283573718700019,75.71354998056995,0.890625,57.0,0.016786570743405275,7.0,0.9832134292565947,410.0,0.109375,7.0,0.890625,0.890625,0.890625,0.8738384292565947,0.9876910971223022,0.9295071522062058,0.9708939708939709,0.09705554163737617,0.9029444583626238,0.029106029106029108,0.9708939708939709,0.9708939708939709,0.9708939708939709,0.8738384292565947,0.9876910971223022,0.988791280173961,0.9369192146282974,0.9708939708939709,9.28,0.011,9.21,0.02,9210.0,20.0,2678739.0,924503.0,104666.0,99.37629937629937,57.17255717255717,?,?
DatasetClassiRealeseNormalized,8,9,weka.classifiers.meta.FilteredClassifier,'-F \"weka.filters.MultiFilter -F \\\"weka.filters.supervised.attribute.AttributeSelection -E \\\\\\\"weka.attributeSelection.WrapperSubsetEval -B weka.classifiers.bayes.NaiveBayes -F 5 -T 0.01 -R 1 -E AUC --\\\\\\\" -S \\\\\\\"weka.attributeSelection.GreedyStepwise -B -T -1.7976931348623157E308 -N -1 -num-slots 1\\\\\\\"\\\" -S 1\" -S 1 -W weka.classifiers.trees.RandomForest -- -P 100 -I 100 -num-slots 1 -K 0 -M 1.0 -V 0.001 -S 1',-4523450618538717400,2.0260425102300003E7,4330.0,481.0,468.0,13.0,0.0,97.29729729729729,2.7027027027027026,0.0,0.8804786207160199,0.056467107223358674,0.1596418697148531,24.48313265424294,47.00389543689973,272.1308087156738,1132.905150141918,-860.7743414262443,0.565760517080403,2.35531216245721,-1.7895516453768072,196.9911281165818,0.40954496489933845,72.38839624454317,0.875,56.0,0.011990407673860911,5.0,0.988009592326139,412.0,0.125,8.0,0.9180327868852459,0.875,0.8959999999999999,0.8808137278691767,0.9789043764988009,0.9319506899409058,0.972972972972973,0.10996338064683389,0.8900366193531661,0.02702702702702703,0.9725805430723463,0.972972972972973,0.972697084180955,0.8808137278691767,0.978904376498801,0.9865110757292392,0.9402341696535244,0.972972972972973,9.273,0.014,9.22,0.02,9220.0,20.0,2726798.0,924503.0,104666.0,99.37629937629937,59.66735966735967,?,?
DatasetClassiRealeseNormalized,8,10,weka.classifiers.meta.FilteredClassifier,'-F \"weka.filters.MultiFilter -F \\\"weka.filters.supervised.attribute.AttributeSelection -E \\\\\\\"weka.attributeSelection.WrapperSubsetEval -B weka.classifiers.bayes.NaiveBayes -F 5 -T 0.01 -R 1 -E AUC --\\\\\\\" -S \\\\\\\"weka.attributeSelection.GreedyStepwise -B -T -1.7976931348623157E308 -N -1 -num-slots 1\\\\\\\"\\\" -S 1\" -S 1 -W weka.classifiers.trees.RandomForest -- -P 100 -I 100 -num-slots 1 -K 0 -M 1.0 -V 0.001 -S 1',-4523450618538717400,2.02604251024E7,4330.0,481.0,460.0,21.0,0.0,95.63409563409563,4.365904365904366,0.0,0.801571554857087,0.06808844634995702,0.18472361357118725,29.5219384554856,54.38879807994704,272.1308087156738,86.63313799265389,185.49767072301995,0.565760517080403,0.18011047399720143,0.38565004308320155,183.02506292330855,0.3805094863270448,67.25628156073124,0.78125,50.0,0.016786570743405275,7.0,0.9832134292565947,410.0,0.21875,14.0,0.8771929824561403,0.78125,0.8264462809917354,0.8033307155116662,0.9725719424460432,0.8943754323862614,0.9563409563409564,0.1918775270843616,0.8081224729156384,0.04365904365904366,0.955034268092858,0.9563409563409564,0.95525978781843,0.8033307155116663,0.9725719424460432,0.9815348526882112,0.9007380037538939,0.9563409563409564,11.156,0.006,11.08,0.01,11080.0,10.0,2666913.0,924503.0,104666.0,99.16839916839916,59.979209979209976,?,?
DatasetClassiRealeseNormalized,9,1,weka.classifiers.meta.FilteredClassifier,'-F \"weka.filters.MultiFilter -F \\\"weka.filters.supervised.attribute.AttributeSelection -E \\\\\\\"weka.attributeSelection.WrapperSubsetEval -B weka.classifiers.bayes.NaiveBayes -F 5 -T 0.01 -R 1 -E AUC --\\\\\\\" -S \\\\\\\"weka.attributeSelection.GreedyStepwise -B -T -1.7976931348623157E308 -N -1 -num-slots 1\\\\\\\"\\\" -S 1\" -S 1 -W weka.classifiers.trees.RandomForest -- -P 100 -I 100 -num-slots 1 -K 0 -M 1.0 -V 0.001 -S 1',-4523450618538717400,2.02604251024E7,4329.0,482.0,470.0,12.0,0.0,97.5103734439834,2.4896265560165975,0.0,0.8904462459277217,0.05274090632323547,0.154457214091177,22.885388342219976,45.517355357984634,272.3366817903761,57.45046833084832,214.88621345952777,0.565013862635635,0.11919184301005875,0.44582201962557627,205.58388405274482,0.4265225810222922,75.48887013721772,0.890625,57.0,0.011961722488038277,5.0,0.9880382775119617,413.0,0.109375,7.0,0.9193548387096774,0.890625,0.9047619047619047,0.8905947158043289,0.9914959629186603,0.9433595480094079,0.975103734439834,0.0964404569278723,0.9035595430721276,0.024896265560165973,0.9748382635077856,0.975103734439834,0.9749358541780729,0.8905947158043288,0.9914959629186603,0.9913548077951136,0.9452210478463461,0.975103734439834,9.281,0.008,9.22,0.0,9220.0,0.0,2733186.0,924290.0,104879.0,100.0,59.024896265560166,?,?
DatasetClassiRealeseNormalized,9,2,weka.classifiers.meta.FilteredClassifier,'-F \"weka.filters.MultiFilter -F \\\"weka.filters.supervised.attribute.AttributeSelection -E \\\\\\\"weka.attributeSelection.WrapperSubsetEval -B weka.classifiers.bayes.NaiveBayes -F 5 -T 0.01 -R 1 -E AUC --\\\\\\\" -S \\\\\\\"weka.attributeSelection.GreedyStepwise -B -T -1.7976931348623157E308 -N -1 -num-slots 1\\\\\\\"\\\" -S 1\" -S 1 -W weka.classifiers.trees.RandomForest -- -P 100 -I 100 -num-slots 1 -K 0 -M 1.0 -V 0.001 -S 1',-4523450618538717400,2.02604251024E7,4330.0,481.0,473.0,8.0,0.0,98.33679833679834,1.6632016632016633,0.0,0.9238592742095056,0.05218435298091998,0.14167606072923403,22.759998164633714,41.99269533278009,269.42867131105754,2194.554263388247,-1925.1255920771894,0.5601427677984564,4.562482876067041,-4.0023401082685846,202.7098596286243,0.4214342196021295,75.23692955253236,0.8888888888888888,56.0,0.0023923444976076554,1.0,0.9976076555023924,417.0,0.1111111111111111,7.0,0.9824561403508771,0.8888888888888888,0.9333333333333333,0.9253693410091156,0.9717855244171034,0.949315081022167,0.9833679833679834,0.09687143897670213,0.9031285610232977,0.016632016632016633,0.983355079929062,0.9833679833679834,0.9830114419188053,0.9253693410091157,0.9717855244171034,0.9863808839602676,0.9619160728424386,0.9833679833679834,9.301,0.012,9.24,0.01,9240.0,10.0,2747484.0,924503.0,104666.0,99.37629937629937,59.25155925155925,?,?
DatasetClassiRealeseNormalized,9,3,weka.classifiers.meta.FilteredClassifier,'-F \"weka.filters.MultiFilter -F \\\"weka.filters.supervised.attribute.AttributeSelection -E \\\\\\\"weka.attributeSelection.WrapperSubsetEval -B weka.classifiers.bayes.NaiveBayes -F 5 -T 0.01 -R 1 -E AUC --\\\\\\\" -S \\\\\\\"weka.attributeSelection.GreedyStepwise -B -T -1.7976931348623157E308 -N -1 -num-slots 1\\\\\\\"\\\" -S 1\" -S 1 -W weka.classifiers.trees.RandomForest -- -P 100 -I 100 -num-slots 1 -K 0 -M 1.0 -V 0.001 -S 1',-4523450618538717400,2.02604251024E7,4330.0,481.0,460.0,21.0,0.0,95.63409563409563,4.365904365904366,0.0,0.8042859080428593,0.06963597759730028,0.19331346065354227,30.192920460379558,56.91793579801028,272.1308087156738,2229.3499035305795,-1957.2190948149057,0.565760517080403,4.634823084263159,-4.0690625671827565,178.27603339281814,0.37063624405991297,65.51115407850916,0.796875,51.0,0.019184652278177457,8.0,0.9808153477218226,409.0,0.203125,13.0,0.864406779661017,0.796875,0.8292682926829269,0.8051605575624968,0.9663893884892086,0.8386568842924529,0.9563409563409564,0.17865060861913382,0.8213493913808663,0.04365904365904366,0.9552516888447485,0.9563409563409564,0.9555836699067607,0.8051605575624968,0.9663893884892086,0.9721056679085989,0.9021192476525481,0.9563409563409564,11.138,0.01,11.06,0.01,11060.0,10.0,2697579.0,924503.0,104666.0,98.75259875259876,58.93970893970894,?,?
DatasetClassiRealeseNormalized,9,4,weka.classifiers.meta.FilteredClassifier,'-F \"weka.filters.MultiFilter -F \\\"weka.filters.supervised.attribute.AttributeSelection -E \\\\\\\"weka.attributeSelection.WrapperSubsetEval -B weka.classifiers.bayes.NaiveBayes -F 5 -T 0.01 -R 1 -E AUC --\\\\\\\" -S \\\\\\\"weka.attributeSelection.GreedyStepwise -B -T -1.7976931348623157E308 -N -1 -num-slots 1\\\\\\\"\\\" -S 1\" -S 1 -W weka.classifiers.trees.RandomForest -- -P 100 -I 100 -num-slots 1 -K 0 -M 1.0 -V 0.001 -S 1',-4523450618538717400,2.02604251024E7,4330.0,481.0,466.0,15.0,0.0,96.88149688149689,3.1185031185031185,0.0,0.8542218091447278,0.05517219824968689,0.16548867393598185,23.92168317087962,48.72538977131738,272.1308087156738,68.27536326331429,203.85544545235953,0.565760517080403,0.14194462216905257,0.42381589491135035,201.6221919847174,0.4191729563091838,74.09017484505958,0.796875,51.0,0.004796163069544364,2.0,0.9952038369304557,415.0,0.203125,13.0,0.9622641509433962,0.796875,0.8717948717948717,0.8591452730202845,0.9862297661870504,0.923235669762193,0.9688149688149689,0.17673613188451318,0.8232638681154868,0.031185031185031187,0.9686466066734097,0.9688149688149689,0.9675519853034645,0.8591452730202845,0.9862297661870504,0.9877422111141807,0.9270216962524654,0.9688149688149689,8.704,0.011,8.6,0.01,8600.0,10.0,2705963.0,924503.0,104666.0,99.37629937629937,58.83575883575884,?,?
DatasetClassiRealeseNormalized,9,5,weka.classifiers.meta.FilteredClassifier,'-F \"weka.filters.MultiFilter -F \\\"weka.filters.supervised.attribute.AttributeSelection -E \\\\\\\"weka.attributeSelection.WrapperSubsetEval -B weka.classifiers.bayes.NaiveBayes -F 5 -T 0.01 -R 1 -E AUC --\\\\\\\" -S \\\\\\\"weka.attributeSelection.GreedyStepwise -B -T -1.7976931348623157E308 -N -1 -num-slots 1\\\\\\\"\\\" -S 1\" -S 1 -W weka.classifiers.trees.RandomForest -- -P 100 -I 100 -num-slots 1 -K 0 -M 1.0 -V 0.001 -S 1',-4523450618538717400,2.02604251024E7,4330.0,481.0,466.0,15.0,0.0,96.88149688149689,3.1185031185031185,0.0,0.8582653963264908,0.05231682752634169,0.16157470462866597,22.68364524695737,47.5729865553383,272.1308087156738,66.16999557868921,205.9608131369846,0.565760517080403,0.13756755837565324,0.42819295870474966,208.4674272557158,0.4334042146688478,76.60559575726892,0.828125,53.0,0.009592326139088728,4.0,0.9904076738609112,413.0,0.171875,11.0,0.9298245614035088,0.828125,0.8760330578512396,0.8601489795290829,0.9862859712230215,0.9261398759619637,0.9688149688149689,0.15028229495405754,0.8497177050459425,0.031185031185031187,0.9681712592586476,0.9688149688149689,0.9680427055845928,0.8601489795290829,0.9862859712230216,0.9881230444713291,0.9290985741099242,0.9688149688149689,8.74,0.013,8.68,0.01,8680.0,10.0,2751548.0,924503.0,104666.0,99.58419958419958,58.21205821205821,?,?
DatasetClassiRealeseNormalized,9,6,weka.classifiers.meta.FilteredClassifier,'-F \"weka.filters.MultiFilter -F \\\"weka.filters.supervised.attribute.AttributeSelection -E \\\\\\\"weka.attributeSelection.WrapperSubsetEval -B weka.classifiers.bayes.NaiveBayes -F 5 -T 0.01 -R 1 -E AUC --\\\\\\\" -S \\\\\\\"weka.attributeSelection.GreedyStepwise -B -T -1.7976931348623157E308 -N -1 -num-slots 1\\\\\\\"\\\" -S 1\" -S 1 -W weka.classifiers.trees.RandomForest -- -P 100 -I 100 -num-slots 1 -K 0 -M 1.0 -V 0.001 -S 1',-4523450618538717400,2.0260425102500003E7,4330.0,481.0,464.0,17.0,0.0,96.46569646569647,3.5343035343035343,0.0,0.8415647827013624,0.05890000459231227,0.16566973005636326,25.537993651152824,48.77869873697795,272.1308087156738,1134.0827082240855,-861.9518995084118,0.565760517080403,2.357760308158182,-1.7919997910777792,196.20696925237087,0.407914696990376,72.1002411224121,0.828125,53.0,0.014388489208633094,6.0,0.9856115107913669,411.0,0.171875,11.0,0.8983050847457628,0.828125,0.8617886178861789,0.8424799724685494,0.980421912470024,0.9296775562056694,0.9646569646569647,0.15092045386559774,0.8490795461344023,0.035343035343035345,0.963870804942377,0.9646569646569647,0.9640439232578538,0.8424799724685494,0.980421912470024,0.9865803808742147,0.9207632004806341,0.9646569646569647,9.264,0.015,9.2,0.02,9200.0,20.0,2690589.0,924503.0,104666.0,99.58419958419958,59.45945945945946,?,?
DatasetClassiRealeseNormalized,9,7,weka.classifiers.meta.FilteredClassifier,'-F \"weka.filters.MultiFilter -F \\\"weka.filters.supervised.attribute.AttributeSelection -E \\\\\\\"weka.attributeSelection.WrapperSubsetEval -B weka.classifiers.bayes.NaiveBayes -F 5 -T 0.01 -R 1 -E AUC --\\\\\\\" -S \\\\\\\"weka.attributeSelection.GreedyStepwise -B -T -1.7976931348623157E308 -N -1 -num-slots 1\\\\\\\"\\\" -S 1\" -S 1 -W weka.classifiers.trees.RandomForest -- -P 100 -I 100 -num-slots 1 -K 0 -M 1.0 -V 0.001 -S 1',-4523450618538717400,2.0260425102500003E7,4330.0,481.0,467.0,14.0,0.0,97.0893970893971,2.9106029106029108,0.0,0.8721473324473135,0.05130612067364701,0.15334532901440523,22.245420744838018,45.149983670352064,272.1308087156738,57.9051455862722,214.22566312940162,0.565760517080403,0.12038491805877796,0.445375599021625,207.7845854128068,0.4319845850578104,76.3546716351044,0.875,56.0,0.014388489208633094,6.0,0.9856115107913669,411.0,0.125,8.0,0.9032258064516129,0.875,0.8888888888888888,0.872292842180695,0.9903514688249401,0.9483331222408268,0.9708939708939709,0.110282460102604,0.889717539897396,0.029106029106029108,0.9705709724956781,0.9708939708939709,0.9706977864872602,0.872292842180695,0.9903514688249401,0.991823730676837,0.9360712387028176,0.9708939708939709,9.804,0.007,9.75,0.0,9750.0,0.0,2699373.0,924503.0,104666.0,99.79209979209979,58.00415800415801,?,?
DatasetClassiRealeseNormalized,9,8,weka.classifiers.meta.FilteredClassifier,'-F \"weka.filters.MultiFilter -F \\\"weka.filters.supervised.attribute.AttributeSelection -E \\\\\\\"weka.attributeSelection.WrapperSubsetEval -B weka.classifiers.bayes.NaiveBayes -F 5 -T 0.01 -R 1 -E AUC --\\\\\\\" -S \\\\\\\"weka.attributeSelection.GreedyStepwise -B -T -1.7976931348623157E308 -N -1 -num-slots 1\\\\\\\"\\\" -S 1\" -S 1 -W weka.classifiers.trees.RandomForest -- -P 100 -I 100 -num-slots 1 -K 0 -M 1.0 -V 0.001 -S 1',-4523450618538717400,2.0260425102500003E7,4330.0,481.0,461.0,20.0,0.0,95.84199584199584,4.158004158004158,0.0,0.8123219790081548,0.055046136269673945,0.16943695488457863,23.867024940078014,49.887895479843785,272.1308087156738,1138.3095187777758,-866.178710062102,0.565760517080403,2.366547856086852,-1.800787339006449,199.74100148583187,0.4152619573510018,73.3988931383819,0.796875,51.0,0.016786570743405275,7.0,0.9832134292565947,410.0,0.203125,13.0,0.8793103448275862,0.796875,0.8360655737704917,0.8136126085772909,0.9766749100719424,0.9241444610428062,0.9584199584199584,0.17833152916336367,0.8216684708366363,0.04158004158004158,0.9572978362413431,0.9584199584199584,0.9575459985296051,0.8136126085772909,0.9766749100719424,0.9851391656127466,0.906128024980484,0.9584199584199584,9.27,0.012,9.22,0.01,9220.0,10.0,2651757.0,924503.0,104666.0,99.37629937629937,57.58835758835759,?,?
DatasetClassiRealeseNormalized,9,9,weka.classifiers.meta.FilteredClassifier,'-F \"weka.filters.MultiFilter -F \\\"weka.filters.supervised.attribute.AttributeSelection -E \\\\\\\"weka.attributeSelection.WrapperSubsetEval -B weka.classifiers.bayes.NaiveBayes -F 5 -T 0.01 -R 1 -E AUC --\\\\\\\" -S \\\\\\\"weka.attributeSelection.GreedyStepwise -B -T -1.7976931348623157E308 -N -1 -num-slots 1\\\\\\\"\\\" -S 1\" -S 1 -W weka.classifiers.trees.RandomForest -- -P 100 -I 100 -num-slots 1 -K 0 -M 1.0 -V 0.001 -S 1',-4523450618538717400,2.0260425102500003E7,4330.0,481.0,455.0,26.0,0.0,94.5945945945946,5.405405405405405,0.0,0.7491072503310194,0.08079902842884693,0.2065975895415575,35.03302061379693,60.82922677911604,272.1308087156738,1165.4722595850867,-893.3414508694129,0.565760517080403,2.423019250696646,-1.8572587336162432,159.88054097864773,0.33239197708658574,58.75135628090284,0.71875,46.0,0.019184652278177457,8.0,0.9808153477218226,409.0,0.28125,18.0,0.8518518518518519,0.71875,0.7796610169491525,0.7526195338983561,0.9735648980815348,0.8381179530378263,0.9459459459459459,0.24638059822412342,0.7536194017758766,0.05405405405405406,0.9437423371849601,0.9459459459459459,0.9439757453654152,0.7526195338983561,0.9735648980815348,0.9748149017459221,0.8744276648726805,0.9459459459459459,11.566,0.015,11.49,0.02,11490.0,20.0,2771437.0,924503.0,104666.0,99.58419958419958,61.74636174636175,?,?
DatasetClassiRealeseNormalized,9,10,weka.classifiers.meta.FilteredClassifier,'-F \"weka.filters.MultiFilter -F \\\"weka.filters.supervised.attribute.AttributeSelection -E \\\\\\\"weka.attributeSelection.WrapperSubsetEval -B weka.classifiers.bayes.NaiveBayes -F 5 -T 0.01 -R 1 -E AUC --\\\\\\\" -S \\\\\\\"weka.attributeSelection.GreedyStepwise -B -T -1.7976931348623157E308 -N -1 -num-slots 1\\\\\\\"\\\" -S 1\" -S 1 -W weka.classifiers.trees.RandomForest -- -P 100 -I 100 -num-slots 1 -K 0 -M 1.0 -V 0.001 -S 1',-4523450618538717400,2.0260425102500003E7,4330.0,481.0,457.0,24.0,0.0,95.01039501039502,4.98960498960499,0.0,0.7778462012162266,0.06851466422364541,0.18190549015194285,29.706738939417697,53.55904847376263,272.1308087156738,73.15377253807891,198.97703617759493,0.565760517080403,0.15208684519351126,0.41367367188689175,178.8042126229044,0.37173432977734805,65.70524427821093,0.78125,50.0,0.023980815347721823,10.0,0.9760191846522782,407.0,0.21875,14.0,0.8333333333333334,0.78125,0.8064516129032259,0.7783799237478362,0.986304706235012,0.9133410944091026,0.9501039501039501,0.19283476545167194,0.8071652345483281,0.0498960498960499,0.9489944905621865,0.9501039501039501,0.9494182587569299,0.7783799237478363,0.986304706235012,0.9866454004478984,0.8889059973824005,0.9501039501039501,9.245,0.012,9.18,0.02,9180.0,20.0,2678593.0,924503.0,104666.0,99.79209979209979,59.45945945945946,?,?
DatasetClassiRealeseNormalized,10,1,weka.classifiers.meta.FilteredClassifier,'-F \"weka.filters.MultiFilter -F \\\"weka.filters.supervised.attribute.AttributeSelection -E \\\\\\\"weka.attributeSelection.WrapperSubsetEval -B weka.classifiers.bayes.NaiveBayes -F 5 -T 0.01 -R 1 -E AUC --\\\\\\\" -S \\\\\\\"weka.attributeSelection.GreedyStepwise -B -T -1.7976931348623157E308 -N -1 -num-slots 1\\\\\\\"\\\" -S 1\" -S 1 -W weka.classifiers.trees.RandomForest -- -P 100 -I 100 -num-slots 1 -K 0 -M 1.0 -V 0.001 -S 1',-4523450618538717400,2.0260425102500003E7,4329.0,482.0,466.0,16.0,0.0,96.6804979253112,3.319502074688797,0.0,0.8456488671843728,0.0603933037874129,0.17030056390134077,26.20592452419995,50.18626893132143,272.3366817903761,2209.7164124628857,-1937.3797306725096,0.565013862635635,4.584473884777771,-4.019460022142136,194.92203163595875,0.4044025552613252,71.57391738583155,0.796875,51.0,0.007177033492822967,3.0,0.992822966507177,415.0,0.203125,13.0,0.9444444444444444,0.796875,0.8644067796610169,0.8496115018456826,0.969217254784689,0.9139216210399542,0.966804979253112,0.177107012745935,0.822892987254065,0.03319502074688797,0.9662825368510404,0.966804979253112,0.9655945986432762,0.8496115018456826,0.969217254784689,0.9815185587896506,0.9227471250550947,0.966804979253112,11.401,0.008,11.32,0.01,11320.0,10.0,2701793.0,924290.0,104879.0,99.1701244813278,58.40248962655602,?,?
DatasetClassiRealeseNormalized,10,2,weka.classifiers.meta.FilteredClassifier,'-F \"weka.filters.MultiFilter -F \\\"weka.filters.supervised.attribute.AttributeSelection -E \\\\\\\"weka.attributeSelection.WrapperSubsetEval -B weka.classifiers.bayes.NaiveBayes -F 5 -T 0.01 -R 1 -E AUC --\\\\\\\" -S \\\\\\\"weka.attributeSelection.GreedyStepwise -B -T -1.7976931348623157E308 -N -1 -num-slots 1\\\\\\\"\\\" -S 1\" -S 1 -W weka.classifiers.trees.RandomForest -- -P 100 -I 100 -num-slots 1 -K 0 -M 1.0 -V 0.001 -S 1',-4523450618538717400,2.02604251026E7,4330.0,481.0,463.0,18.0,0.0,96.25779625779626,3.7422037422037424,0.0,0.8286833669713878,0.06444624312939147,0.17712105430439795,28.107972822404996,52.498569145285636,269.42867131105754,3282.133944504269,-3012.7052731932117,0.5601427677984564,6.82356329418767,-6.263420526389214,187.20719921353026,0.3892041563690858,69.48302803208277,0.8095238095238095,51.0,0.014354066985645933,6.0,0.9856459330143541,412.0,0.19047619047619047,12.0,0.8947368421052632,0.8095238095238095,0.8500000000000001,0.8300378668122032,0.9668869142553354,0.8733473744164539,0.9625779625779626,0.167408220039799,0.8325917799602011,0.037422037422037424,0.9616179467222168,0.9625779625779626,0.961775744317312,0.830037866812203,0.9668869142553354,0.9760375050209692,0.9143111638954871,0.9625779625779626,11.173,0.007,11.11,0.01,11110.0,10.0,2712119.0,924503.0,104666.0,99.16839916839916,60.187110187110186,?,?
DatasetClassiRealeseNormalized,10,3,weka.classifiers.meta.FilteredClassifier,'-F \"weka.filters.MultiFilter -F \\\"weka.filters.supervised.attribute.AttributeSelection -E \\\\\\\"weka.attributeSelection.WrapperSubsetEval -B weka.classifiers.bayes.NaiveBayes -F 5 -T 0.01 -R 1 -E AUC --\\\\\\\" -S \\\\\\\"weka.attributeSelection.GreedyStepwise -B -T -1.7976931348623157E308 -N -1 -num-slots 1\\\\\\\"\\\" -S 1\" -S 1 -W weka.classifiers.trees.RandomForest -- -P 100 -I 100 -num-slots 1 -K 0 -M 1.0 -V 0.001 -S 1',-4523450618538717400,2.02604251026E7,4330.0,481.0,468.0,13.0,0.0,97.29729729729729,2.7027027027027026,0.0,0.8771633434829587,0.055746121470153745,0.15884465845689302,24.170526064220322,46.769169830909235,272.1308087156738,62.05460212146839,210.07620659420542,0.565760517080403,0.1290116468221796,0.43674887025822334,205.75618150204417,0.42776752911027893,75.60929336634617,0.84375,54.0,0.007194244604316547,3.0,0.9928057553956835,414.0,0.15625,10.0,0.9473684210526315,0.84375,0.8925619834710744,0.8790884008682217,0.9895645983213429,0.9460704722814249,0.972972972972973,0.1364172175772895,0.8635827824227105,0.02702702702702703,0.9725502563139107,0.972972972972973,0.9723036781733139,0.8790884008682217,0.9895645983213429,0.9913793466163265,0.9385520975619344,0.972972972972973,9.228,0.008,9.17,0.01,9170.0,10.0,2721301.0,924503.0,104666.0,99.58419958419958,59.45945945945946,?,?
DatasetClassiRealeseNormalized,10,4,weka.classifiers.meta.FilteredClassifier,'-F \"weka.filters.MultiFilter -F \\\"weka.filters.supervised.attribute.AttributeSelection -E \\\\\\\"weka.attributeSelection.WrapperSubsetEval -B weka.classifiers.bayes.NaiveBayes -F 5 -T 0.01 -R 1 -E AUC --\\\\\\\" -S \\\\\\\"weka.attributeSelection.GreedyStepwise -B -T -1.7976931348623157E308 -N -1 -num-slots 1\\\\\\\"\\\" -S 1\" -S 1 -W weka.classifiers.trees.RandomForest -- -P 100 -I 100 -num-slots 1 -K 0 -M 1.0 -V 0.001 -S 1',-4523450618538717400,2.02604251026E7,4330.0,481.0,463.0,18.0,0.0,96.25779625779626,3.7422037422037424,0.0,0.828730811837316,0.054207512811513474,0.15845765039564322,23.503412734978028,46.65522173899127,272.1308087156738,3267.070154723446,-2994.939346007772,0.565760517080403,6.792245643915688,-6.226485126835286,204.92551321474923,0.4260405680140317,75.30404741083849,0.796875,51.0,0.011990407673860911,5.0,0.988009592326139,412.0,0.203125,13.0,0.9107142857142857,0.796875,0.85,0.8311422118263809,0.974314298561151,0.9072482000065755,0.9625779625779626,0.17769337025182347,0.8223066297481765,0.037422037422037424,0.9616017051311169,0.9625779625779626,0.9615083382304284,0.8311422118263809,0.974314298561151,0.9814533222541059,0.9143111638954868,0.9625779625779626,9.311,0.011,9.25,0.01,9250.0,10.0,2700165.0,924503.0,104666.0,99.37629937629937,58.523908523908524,?,?
DatasetClassiRealeseNormalized,10,5,weka.classifiers.meta.FilteredClassifier,'-F \"weka.filters.MultiFilter -F \\\"weka.filters.supervised.attribute.AttributeSelection -E \\\\\\\"weka.attributeSelection.WrapperSubsetEval -B weka.classifiers.bayes.NaiveBayes -F 5 -T 0.01 -R 1 -E AUC --\\\\\\\" -S \\\\\\\"weka.attributeSelection.GreedyStepwise -B -T -1.7976931348623157E308 -N -1 -num-slots 1\\\\\\\"\\\" -S 1\" -S 1 -W weka.classifiers.trees.RandomForest -- -P 100 -I 100 -num-slots 1 -K 0 -M 1.0 -V 0.001 -S 1',-4523450618538717400,2.02604251026E7,4330.0,481.0,465.0,16.0,0.0,96.67359667359668,3.3264033264033266,0.0,0.8558153477218226,0.05765802014868477,0.1603300349058346,24.999491302031963,47.206514240713446,272.1308087156738,1130.5338541312597,-858.4030454155859,0.565760517080403,2.350382233121122,-1.7846217160407192,196.68343508479134,0.40890527044655167,72.27532818244369,0.875,56.0,0.019184652278177457,8.0,0.9808153477218226,409.0,0.125,8.0,0.875,0.875,0.875,0.8558153477218226,0.9813024580335732,0.9407526400949444,0.9667359667359667,0.1109206190141442,0.8890793809858558,0.033264033264033266,0.9667359667359667,0.9667359667359667,0.9667359667359667,0.8558153477218226,0.9813024580335732,0.9880134209714685,0.9279076738609113,0.9667359667359667,11.157,0.015,11.1,0.01,11100.0,10.0,2734123.0,924503.0,104666.0,99.58419958419958,59.563409563409564,?,?
DatasetClassiRealeseNormalized,10,6,weka.classifiers.meta.FilteredClassifier,'-F \"weka.filters.MultiFilter -F \\\"weka.filters.supervised.attribute.AttributeSelection -E \\\\\\\"weka.attributeSelection.WrapperSubsetEval -B weka.classifiers.bayes.NaiveBayes -F 5 -T 0.01 -R 1 -E AUC --\\\\\\\" -S \\\\\\\"weka.attributeSelection.GreedyStepwise -B -T -1.7976931348623157E308 -N -1 -num-slots 1\\\\\\\"\\\" -S 1\" -S 1 -W weka.classifiers.trees.RandomForest -- -P 100 -I 100 -num-slots 1 -K 0 -M 1.0 -V 0.001 -S 1',-4523450618538717400,2.02604251026E7,4330.0,481.0,467.0,14.0,0.0,97.0893970893971,2.9106029106029108,0.0,0.8667906314290236,0.05740505731851884,0.16583107753858997,24.889811121266774,48.82620482167325,272.1308087156738,1138.8465399910522,-866.7157312753784,0.565760517080403,2.367664324305722,-1.8019038072253188,199.61892623170178,0.41500816264387064,73.35403410360144,0.828125,53.0,0.007194244604316547,3.0,0.9928057553956835,414.0,0.171875,11.0,0.9464285714285714,0.828125,0.8833333333333333,0.8693127760015362,0.9772182254196643,0.9133074918763862,0.9708939708939709,0.14996321549828742,0.8500367845017126,0.029106029106029108,0.9704334457275633,0.9708939708939709,0.9700620408458888,0.8693127760015361,0.9772182254196642,0.9837865164613677,0.9333531274742677,0.9708939708939709,9.282,0.015,9.22,0.01,9220.0,10.0,2712365.0,924503.0,104666.0,98.96049896049897,58.62785862785863,?,?
DatasetClassiRealeseNormalized,10,7,weka.classifiers.meta.FilteredClassifier,'-F \"weka.filters.MultiFilter -F \\\"weka.filters.supervised.attribute.AttributeSelection -E \\\\\\\"weka.attributeSelection.WrapperSubsetEval -B weka.classifiers.bayes.NaiveBayes -F 5 -T 0.01 -R 1 -E AUC --\\\\\\\" -S \\\\\\\"weka.attributeSelection.GreedyStepwise -B -T -1.7976931348623157E308 -N -1 -num-slots 1\\\\\\\"\\\" -S 1\" -S 1 -W weka.classifiers.trees.RandomForest -- -P 100 -I 100 -num-slots 1 -K 0 -M 1.0 -V 0.001 -S 1',-4523450618538717400,2.02604251026E7,4330.0,481.0,466.0,15.0,0.0,96.88149688149689,3.1185031185031185,0.0,0.8657149770142756,0.0583106889407794,0.16528137477207758,25.282476873666262,48.664353977626675,272.1308087156738,1134.901532089918,-862.7707233742442,0.565760517080403,2.359462644677584,-1.7937021275971814,195.4570057948824,0.4063555214030819,71.82465179791484,0.890625,57.0,0.019184652278177457,8.0,0.9808153477218226,409.0,0.109375,7.0,0.8769230769230769,0.890625,0.883720930232558,0.8657496701598532,0.9801408872901679,0.91087513099897,0.9688149688149689,0.09737462109314628,0.9026253789068538,0.031185031185031187,0.9690358627858626,0.9688149688149689,0.9689171225227509,0.8657496701598532,0.9801408872901679,0.984045525017766,0.9328568636757029,0.9688149688149689,9.753,0.015,9.69,0.01,9690.0,10.0,2694405.0,924503.0,104666.0,99.37629937629937,59.147609147609145,?,?
DatasetClassiRealeseNormalized,10,8,weka.classifiers.meta.FilteredClassifier,'-F \"weka.filters.MultiFilter -F \\\"weka.filters.supervised.attribute.AttributeSelection -E \\\\\\\"weka.attributeSelection.WrapperSubsetEval -B weka.classifiers.bayes.NaiveBayes -F 5 -T 0.01 -R 1 -E AUC --\\\\\\\" -S \\\\\\\"weka.attributeSelection.GreedyStepwise -B -T -1.7976931348623157E308 -N -1 -num-slots 1\\\\\\\"\\\" -S 1\" -S 1 -W weka.classifiers.trees.RandomForest -- -P 100 -I 100 -num-slots 1 -K 0 -M 1.0 -V 0.001 -S 1',-4523450618538717400,2.0260425102700002E7,4330.0,481.0,464.0,17.0,0.0,96.46569646569647,3.5343035343035343,0.0,0.845783905097788,0.055993002881811214,0.16942944379871952,24.27756945016123,49.885683965439895,272.1308087156738,68.07979807799272,204.0510106376811,0.565760517080403,0.14153804174218862,0.42422247533821433,196.0001111702988,0.4074846386076898,72.02422691327189,0.859375,55.0,0.019184652278177457,8.0,0.9808153477218226,409.0,0.140625,9.0,0.873015873015873,0.859375,0.8661417322834646,0.8458187081863575,0.9878035071942446,0.9116115988185692,0.9646569646569647,0.12446661693514212,0.875533383064858,0.035343035343035345,0.9644377275956224,0.9646569646569647,0.964538982342745,0.8458187081863575,0.9878035071942446,0.9865937842007513,0.9228912254231695,0.9646569646569647,9.279,0.011,9.22,0.01,9220.0,10.0,2684150.0,924503.0,104666.0,99.79209979209979,58.523908523908524,?,?
DatasetClassiRealeseNormalized,10,9,weka.classifiers.meta.FilteredClassifier,'-F \"weka.filters.MultiFilter -F \\\"weka.filters.supervised.attribute.AttributeSelection -E \\\\\\\"weka.attributeSelection.WrapperSubsetEval -B weka.classifiers.bayes.NaiveBayes -F 5 -T 0.01 -R 1 -E AUC --\\\\\\\" -S \\\\\\\"weka.attributeSelection.GreedyStepwise -B -T -1.7976931348623157E308 -N -1 -num-slots 1\\\\\\\"\\\" -S 1\" -S 1 -W weka.classifiers.trees.RandomForest -- -P 100 -I 100 -num-slots 1 -K 0 -M 1.0 -V 0.001 -S 1',-4523450618538717400,2.0260425102700002E7,4330.0,481.0,462.0,19.0,0.0,96.04989604989605,3.95010395010395,0.0,0.8229253453721108,0.06066870166759114,0.15849333468393703,26.304869222588348,46.66572838463943,272.1308087156738,59.23248462337289,212.89832409230092,0.565760517080403,0.12314445867645092,0.442616058403952,193.47310263095568,0.4022309826007395,71.09562623359531,0.8125,52.0,0.016786570743405275,7.0,0.9832134292565947,410.0,0.1875,12.0,0.8813559322033898,0.8125,0.8455284552845529,0.8238202650155232,0.9921125599520384,0.9488906487648049,0.9604989604989606,0.16478553124236575,0.8352144687576343,0.0395010395010395,0.9595612468935628,0.9604989604989606,0.9598137965823073,0.8238202650155231,0.9921125599520384,0.9921503685175147,0.9114412240665911,0.9604989604989606,11.103,0.01,11.04,0.01,11040.0,10.0,2846834.0,924503.0,104666.0,100.0,60.08316008316008,?,?
DatasetClassiRealeseNormalized,10,10,weka.classifiers.meta.FilteredClassifier,'-F \"weka.filters.MultiFilter -F \\\"weka.filters.supervised.attribute.AttributeSelection -E \\\\\\\"weka.attributeSelection.WrapperSubsetEval -B weka.classifiers.bayes.NaiveBayes -F 5 -T 0.01 -R 1 -E AUC --\\\\\\\" -S \\\\\\\"weka.attributeSelection.GreedyStepwise -B -T -1.7976931348623157E308 -N -1 -num-slots 1\\\\\\\"\\\" -S 1\" -S 1 -W weka.classifiers.trees.RandomForest -- -P 100 -I 100 -num-slots 1 -K 0 -M 1.0 -V 0.001 -S 1',-4523450618538717400,2.0260425102700002E7,4330.0,481.0,458.0,23.0,0.0,95.21829521829522,4.781704781704781,0.0,0.7796171238470888,0.0651151273681611,0.1940971016054686,28.2327602660179,57.148665852915116,272.1308087156738,2232.8625885753445,-1960.7317798596707,0.565760517080403,4.642125963774105,-4.0763654466937025,187.06717529412686,0.3889130463495361,68.74163795602333,0.75,48.0,0.016786570743405275,7.0,0.9832134292565947,410.0,0.25,16.0,0.8727272727272727,0.75,0.8067226890756303,0.7825323149160556,0.9542865707434053,0.8624436637692449,0.9521829521829522,0.21896952292635743,0.7810304770736426,0.04781704781704782,0.9505043110676914,0.9521829521829522,0.9506299956373225,0.7825323149160556,0.9542865707434053,0.9718930899734802,0.889719588903177,0.9521829521829522,9.281,0.009,9.22,0.01,9220.0,10.0,2631844.0,924503.0,104666.0,98.54469854469855,58.62785862785863,?,?
DatasetClassiRealeseNormalized,1,1,weka.classifiers.meta.FilteredClassifier,'-F \"weka.filters.MultiFilter -F \\\"weka.filters.supervised.attribute.AttributeSelection -E \\\\\\\"weka.attributeSelection.WrapperSubsetEval -B weka.classifiers.bayes.NaiveBayes -F 5 -T 0.01 -R 1 -E AUC --\\\\\\\" -S \\\\\\\"weka.attributeSelection.GreedyStepwise -B -T -1.7976931348623157E308 -N -1 -num-slots 1\\\\\\\"\\\" -F \\\"weka.filters.supervised.instance.Resample -B 1.0 -S 1 -Z 200.0\\\" -S 1\" -S 1 -W weka.classifiers.trees.RandomForest -- -P 100 -I 100 -num-slots 1 -K 0 -M 1.0 -V 0.001 -S 1',-4523450618538717400,2.0260425102700002E7,4329.0,482.0,469.0,13.0,0.0,97.30290456431536,2.6970954356846475,0.0,0.882107243650047,0.04975256187524078,0.15229087836487706,21.5886828443369,44.87895284853315,272.3366817903761,2199.900144349656,-1927.5634625592797,0.565013862635635,4.564108183298041,-3.999094320662406,203.68287429174887,0.4225785773687736,74.79083352000606,0.890625,57.0,0.014354066985645933,6.0,0.9856459330143541,412.0,0.109375,7.0,0.9047619047619048,0.890625,0.8976377952755906,0.8821435185079662,0.9852721291866029,0.9056835477530014,0.9730290456431535,0.09675811262879945,0.9032418873712005,0.026970954356846474,0.9728661169059668,0.9730290456431535,0.9729389724646977,0.8821435185079662,0.9852721291866029,0.9853120006459207,0.9410530672913198,0.9730290456431535,9.181,0.007,9.06,0.01,9060.0,10.0,3283431.0,924290.0,104879.0,99.37759336099585,58.29875518672199,?,?
DatasetClassiRealeseNormalized,1,2,weka.classifiers.meta.FilteredClassifier,'-F \"weka.filters.MultiFilter -F \\\"weka.filters.supervised.attribute.AttributeSelection -E \\\\\\\"weka.attributeSelection.WrapperSubsetEval -B weka.classifiers.bayes.NaiveBayes -F 5 -T 0.01 -R 1 -E AUC --\\\\\\\" -S \\\\\\\"weka.attributeSelection.GreedyStepwise -B -T -1.7976931348623157E308 -N -1 -num-slots 1\\\\\\\"\\\" -F \\\"weka.filters.supervised.instance.Resample -B 1.0 -S 1 -Z 200.0\\\" -S 1\" -S 1 -W weka.classifiers.trees.RandomForest -- -P 100 -I 100 -num-slots 1 -K 0 -M 1.0 -V 0.001 -S 1',-4523450618538717400,2.0260425102700002E7,4330.0,481.0,460.0,21.0,0.0,95.63409563409563,4.365904365904366,0.0,0.8168549308287856,0.07319451585821712,0.20154619772668714,31.92349720620999,59.738166300318646,269.42867131105754,3306.565701524629,-3037.137030213571,0.5601427677984564,6.874356967826671,-6.314214200028214,161.73523092597102,0.3362478813429751,60.028960592410904,0.8888888888888888,56.0,0.03349282296650718,14.0,0.9665071770334929,404.0,0.1111111111111111,7.0,0.8,0.8888888888888888,0.8421052631578948,0.8183813678805083,0.9581909318751424,0.8463832524579844,0.9563409563409564,0.10094489041857463,0.8990551095814254,0.04365904365904366,0.9590036976898292,0.9563409563409564,0.9573055520614406,0.8183813678805083,0.9581909318751424,0.971223293206763,0.9083867690940258,0.9563409563409564,11.753,0.007,11.67,0.01,11670.0,10.0,3063536.0,924503.0,104666.0,98.54469854469855,60.08316008316008,?,?
DatasetClassiRealeseNormalized,1,3,weka.classifiers.meta.FilteredClassifier,'-F \"weka.filters.MultiFilter -F \\\"weka.filters.supervised.attribute.AttributeSelection -E \\\\\\\"weka.attributeSelection.WrapperSubsetEval -B weka.classifiers.bayes.NaiveBayes -F 5 -T 0.01 -R 1 -E AUC --\\\\\\\" -S \\\\\\\"weka.attributeSelection.GreedyStepwise -B -T -1.7976931348623157E308 -N -1 -num-slots 1\\\\\\\"\\\" -F \\\"weka.filters.supervised.instance.Resample -B 1.0 -S 1 -Z 200.0\\\" -S 1\" -S 1 -W weka.classifiers.trees.RandomForest -- -P 100 -I 100 -num-slots 1 -K 0 -M 1.0 -V 0.001 -S 1',-4523450618538717400,2.02604251028E7,4330.0,481.0,460.0,21.0,0.0,95.63409563409563,4.365904365904366,0.0,0.8144392394599066,0.06332801140206144,0.1809820074730046,27.45789859135372,53.28714434637966,272.1308087156738,1146.2548176699152,-874.1240089542414,0.565760517080403,2.3830661490019027,-1.8173056319214997,182.28129879888368,0.37896319916607835,66.98297030724434,0.859375,55.0,0.02877697841726619,12.0,0.9712230215827338,405.0,0.140625,9.0,0.8208955223880597,0.859375,0.8396946564885497,0.81472554771014,0.9771807553956835,0.9119734598238687,0.9563409563409564,0.12574293475822254,0.8742570652417775,0.04365904365904366,0.9573224449927891,0.9563409563409564,0.9567620621165968,0.8147255477101402,0.9771807553956835,0.9837327484164752,0.9072119491829029,0.9563409563409564,11.664,0.011,11.58,0.01,11580.0,10.0,3124381.0,924503.0,104666.0,99.58419958419958,59.87525987525988,?,?
DatasetClassiRealeseNormalized,1,4,weka.classifiers.meta.FilteredClassifier,'-F \"weka.filters.MultiFilter -F \\\"weka.filters.supervised.attribute.AttributeSelection -E \\\\\\\"weka.attributeSelection.WrapperSubsetEval -B weka.classifiers.bayes.NaiveBayes -F 5 -T 0.01 -R 1 -E AUC --\\\\\\\" -S \\\\\\\"weka.attributeSelection.GreedyStepwise -B -T -1.7976931348623157E308 -N -1 -num-slots 1\\\\\\\"\\\" -F \\\"weka.filters.supervised.instance.Resample -B 1.0 -S 1 -Z 200.0\\\" -S 1\" -S 1 -W weka.classifiers.trees.RandomForest -- -P 100 -I 100 -num-slots 1 -K 0 -M 1.0 -V 0.001 -S 1',-4523450618538717400,2.02604251028E7,4330.0,481.0,458.0,23.0,0.0,95.21829521829522,4.781704781704781,0.0,0.799368890662121,0.0716268009241812,0.20378769898666918,31.056106020964176,60.00190120301867,272.1308087156738,5442.692628579357,-5170.561819863683,0.565760517080403,11.315369290185773,-10.74960877310537,166.2001854418124,0.34553053106405907,61.07363816180796,0.859375,55.0,0.03357314148681055,14.0,0.9664268585131894,403.0,0.140625,9.0,0.7971014492753623,0.859375,0.8270676691729324,0.800130300168799,0.9508580635491607,0.8368683178082292,0.9521829521829522,0.12638109366976275,0.8736189063302373,0.04781704781704782,0.9540650092570734,0.9521829521829522,0.9529375678826508,0.800130300168799,0.9508580635491607,0.9669421847900346,0.899661699483933,0.9521829521829522,11.911,0.011,11.81,0.01,11810.0,10.0,3036886.0,924503.0,104666.0,98.54469854469855,59.355509355509355,?,?
DatasetClassiRealeseNormalized,1,5,weka.classifiers.meta.FilteredClassifier,'-F \"weka.filters.MultiFilter -F \\\"weka.filters.supervised.attribute.AttributeSelection -E \\\\\\\"weka.attributeSelection.WrapperSubsetEval -B weka.classifiers.bayes.NaiveBayes -F 5 -T 0.01 -R 1 -E AUC --\\\\\\\" -S \\\\\\\"weka.attributeSelection.GreedyStepwise -B -T -1.7976931348623157E308 -N -1 -num-slots 1\\\\\\\"\\\" -F \\\"weka.filters.supervised.instance.Resample -B 1.0 -S 1 -Z 200.0\\\" -S 1\" -S 1 -W weka.classifiers.trees.RandomForest -- -P 100 -I 100 -num-slots 1 -K 0 -M 1.0 -V 0.001 -S 1',-4523450618538717400,2.02604251028E7,4330.0,481.0,461.0,20.0,0.0,95.84199584199584,4.158004158004158,0.0,0.8221219629451574,0.059291508822481694,0.18383151852640564,25.7077429171108,54.12613551980796,272.1308087156738,1150.6814958281807,-878.5506871125069,0.565760517080403,2.39226922209601,-1.8265087050156068,182.53202405548447,0.3794844574958097,67.07510440179396,0.859375,55.0,0.026378896882494004,11.0,0.973621103117506,406.0,0.140625,9.0,0.8333333333333334,0.859375,0.8461538461538461,0.8222520559623607,0.9839253597122302,0.9057795016728964,0.9584199584199584,0.12542385530245242,0.8745761446975476,0.04158004158004158,0.9590227855288096,0.9584199584199584,0.9586898288821365,0.8222520559623607,0.9839253597122302,0.9851660371792695,0.9110576923076923,0.9584199584199584,9.692,0.009,9.6,0.01,9600.0,10.0,3076251.0,924503.0,104666.0,98.75259875259876,56.86070686070686,?,?
DatasetClassiRealeseNormalized,1,6,weka.classifiers.meta.FilteredClassifier,'-F \"weka.filters.MultiFilter -F \\\"weka.filters.supervised.attribute.AttributeSelection -E \\\\\\\"weka.attributeSelection.WrapperSubsetEval -B weka.classifiers.bayes.NaiveBayes -F 5 -T 0.01 -R 1 -E AUC --\\\\\\\" -S \\\\\\\"weka.attributeSelection.GreedyStepwise -B -T -1.7976931348623157E308 -N -1 -num-slots 1\\\\\\\"\\\" -F \\\"weka.filters.supervised.instance.Resample -B 1.0 -S 1 -Z 200.0\\\" -S 1\" -S 1 -W weka.classifiers.trees.RandomForest -- -P 100 -I 100 -num-slots 1 -K 0 -M 1.0 -V 0.001 -S 1',-4523450618538717400,2.02604251028E7,4330.0,481.0,458.0,23.0,0.0,95.21829521829522,4.781704781704781,0.0,0.799368890662121,0.06464657849557953,0.18921645959467295,28.029605814400004,55.71164192460519,272.1308087156738,3287.420906607495,-3015.290097891821,0.565760517080403,6.834554899391882,-6.268794382311478,178.2144153482547,0.37050814001716154,65.48851127490518,0.859375,55.0,0.03357314148681055,14.0,0.9664268585131894,403.0,0.140625,9.0,0.7971014492753623,0.859375,0.8270676691729324,0.800130300168799,0.9601506294964028,0.9084111822871823,0.9521829521829522,0.12638109366976275,0.8736189063302373,0.04781704781704782,0.9540650092570734,0.9521829521829522,0.9529375678826508,0.800130300168799,0.960150629496403,0.9780787631364747,0.899661699483933,0.9521829521829522,9.713,0.012,9.65,0.02,9650.0,20.0,3122754.0,924503.0,104666.0,99.16839916839916,58.62785862785863,?,?
DatasetClassiRealeseNormalized,1,7,weka.classifiers.meta.FilteredClassifier,'-F \"weka.filters.MultiFilter -F \\\"weka.filters.supervised.attribute.AttributeSelection -E \\\\\\\"weka.attributeSelection.WrapperSubsetEval -B weka.classifiers.bayes.NaiveBayes -F 5 -T 0.01 -R 1 -E AUC --\\\\\\\" -S \\\\\\\"weka.attributeSelection.GreedyStepwise -B -T -1.7976931348623157E308 -N -1 -num-slots 1\\\\\\\"\\\" -F \\\"weka.filters.supervised.instance.Resample -B 1.0 -S 1 -Z 200.0\\\" -S 1\" -S 1 -W weka.classifiers.trees.RandomForest -- -P 100 -I 100 -num-slots 1 -K 0 -M 1.0 -V 0.001 -S 1',-4523450618538717400,2.02604251028E7,4330.0,481.0,459.0,22.0,0.0,95.42619542619542,4.573804573804574,0.0,0.8068555158063809,0.062300587030020095,0.18563803906814919,27.012425670394794,54.65803547061908,272.1308087156738,2222.5529131511535,-1950.4221044354797,0.565760517080403,4.620692127133375,-4.054931610052972,185.80804855130717,0.3862953192334868,68.27894622745272,0.859375,55.0,0.03117505995203837,13.0,0.9688249400479616,404.0,0.140625,9.0,0.8088235294117647,0.859375,0.8333333333333333,0.8073534901058181,0.9800284772182254,0.8723335766302001,0.9542619542619543,0.12606201421399263,0.8739379857860073,0.04573804573804574,0.9556705588609876,0.9542619542619543,0.95484474279655,0.8073534901058181,0.9800284772182255,0.9800379311811542,0.9034136546184739,0.9542619542619543,9.677,0.008,9.62,0.01,9620.0,10.0,3052364.0,924503.0,104666.0,98.96049896049897,58.62785862785863,?,?
DatasetClassiRealeseNormalized,1,8,weka.classifiers.meta.FilteredClassifier,'-F \"weka.filters.MultiFilter -F \\\"weka.filters.supervised.attribute.AttributeSelection -E \\\\\\\"weka.attributeSelection.WrapperSubsetEval -B weka.classifiers.bayes.NaiveBayes -F 5 -T 0.01 -R 1 -E AUC --\\\\\\\" -S \\\\\\\"weka.attributeSelection.GreedyStepwise -B -T -1.7976931348623157E308 -N -1 -num-slots 1\\\\\\\"\\\" -F \\\"weka.filters.supervised.instance.Resample -B 1.0 -S 1 -Z 200.0\\\" -S 1\" -S 1 -W weka.classifiers.trees.RandomForest -- -P 100 -I 100 -num-slots 1 -K 0 -M 1.0 -V 0.001 -S 1',-4523450618538717400,2.02604251028E7,4330.0,481.0,467.0,14.0,0.0,97.0893970893971,2.9106029106029108,0.0,0.8801779359430605,0.05501931622920318,0.1556971517316456,23.855396247890177,45.84243878431899,272.1308087156738,3268.2271932343574,-2996.0963845186834,0.565760517080403,6.794651129385358,-6.228890612304955,191.64310231035063,0.3984264081296271,70.42315539898391,0.953125,61.0,0.026378896882494004,11.0,0.973621103117506,406.0,0.046875,3.0,0.8472222222222222,0.953125,0.8970588235294118,0.8822484027987099,0.9819207134292566,0.9134150536863053,0.9708939708939709,0.0441478677764649,0.9558521322235352,0.029106029106029108,0.9733129782029537,0.9708939708939709,0.9716090812800684,0.8822484027987099,0.9819207134292566,0.9844155045982248,0.9400548354935194,0.9708939708939709,11.691,0.008,11.62,0.01,11620.0,10.0,3621188.0,924503.0,104666.0,99.37629937629937,59.355509355509355,?,?
DatasetClassiRealeseNormalized,1,9,weka.classifiers.meta.FilteredClassifier,'-F \"weka.filters.MultiFilter -F \\\"weka.filters.supervised.attribute.AttributeSelection -E \\\\\\\"weka.attributeSelection.WrapperSubsetEval -B weka.classifiers.bayes.NaiveBayes -F 5 -T 0.01 -R 1 -E AUC --\\\\\\\" -S \\\\\\\"weka.attributeSelection.GreedyStepwise -B -T -1.7976931348623157E308 -N -1 -num-slots 1\\\\\\\"\\\" -F \\\"weka.filters.supervised.instance.Resample -B 1.0 -S 1 -Z 200.0\\\" -S 1\" -S 1 -W weka.classifiers.trees.RandomForest -- -P 100 -I 100 -num-slots 1 -K 0 -M 1.0 -V 0.001 -S 1',-4523450618538717400,2.0260425102900002E7,4330.0,481.0,461.0,20.0,0.0,95.84199584199584,4.158004158004158,0.0,0.8266479259018993,0.06558715862825264,0.1842462365306733,28.437424618878357,54.24824234393383,272.1308087156738,1154.137316511888,-882.0065077962142,0.565760517080403,2.3994538804820955,-1.8336933634016928,175.5866300787924,0.3650449689787784,64.52287813624508,0.890625,57.0,0.03117505995203837,13.0,0.9688249400479616,404.0,0.109375,7.0,0.8142857142857143,0.890625,0.8507462686567163,0.8277680682389067,0.9772744304556354,0.9138156560041946,0.9584199584199584,0.09897001837199679,0.9010299816280032,0.04158004158004158,0.9605241079693635,0.9584199584199584,0.9592002025486777,0.8277680682389067,0.9772744304556354,0.9838395319520388,0.9132958396423678,0.9584199584199584,11.73,0.01,11.66,0.01,11660.0,10.0,3613799.0,924503.0,104666.0,98.96049896049897,59.45945945945946,?,?
DatasetClassiRealeseNormalized,1,10,weka.classifiers.meta.FilteredClassifier,'-F \"weka.filters.MultiFilter -F \\\"weka.filters.supervised.attribute.AttributeSelection -E \\\\\\\"weka.attributeSelection.WrapperSubsetEval -B weka.classifiers.bayes.NaiveBayes -F 5 -T 0.01 -R 1 -E AUC --\\\\\\\" -S \\\\\\\"weka.attributeSelection.GreedyStepwise -B -T -1.7976931348623157E308 -N -1 -num-slots 1\\\\\\\"\\\" -F \\\"weka.filters.supervised.instance.Resample -B 1.0 -S 1 -Z 200.0\\\" -S 1\" -S 1 -W weka.classifiers.trees.RandomForest -- -P 100 -I 100 -num-slots 1 -K 0 -M 1.0 -V 0.001 -S 1',-4523450618538717400,2.0260425102900002E7,4330.0,481.0,461.0,20.0,0.0,95.84199584199584,4.158004158004158,0.0,0.8244141052785282,0.06327958564537084,0.1858192941676808,27.43690204516537,54.71140302238358,272.1308087156738,4358.656591156469,-4086.5257824407954,0.565760517080403,9.061656114670415,-8.495895597590012,182.31102685116565,0.37902500384857724,66.99389448463619,0.875,56.0,0.02877697841726619,12.0,0.9712230215827338,405.0,0.125,8.0,0.8235294117647058,0.875,0.8484848484848485,0.8249229163710716,0.9748388788968825,0.857863330653353,0.9584199584199584,0.1121969368372246,0.8878030631627755,0.04158004158004158,0.9597264043924064,0.9584199584199584,0.9589497661786818,0.8249229163710715,0.9748388788968825,0.9761875420027561,0.9121942314713398,0.9584199584199584,9.681,0.013,9.62,0.02,9620.0,20.0,3147045.0,924503.0,104666.0,98.75259875259876,59.04365904365904,?,?
DatasetClassiRealeseNormalized,2,1,weka.classifiers.meta.FilteredClassifier,'-F \"weka.filters.MultiFilter -F \\\"weka.filters.supervised.attribute.AttributeSelection -E \\\\\\\"weka.attributeSelection.WrapperSubsetEval -B weka.classifiers.bayes.NaiveBayes -F 5 -T 0.01 -R 1 -E AUC --\\\\\\\" -S \\\\\\\"weka.attributeSelection.GreedyStepwise -B -T -1.7976931348623157E308 -N -1 -num-slots 1\\\\\\\"\\\" -F \\\"weka.filters.supervised.instance.Resample -B 1.0 -S 1 -Z 200.0\\\" -S 1\" -S 1 -W weka.classifiers.trees.RandomForest -- -P 100 -I 100 -num-slots 1 -K 0 -M 1.0 -V 0.001 -S 1',-4523450618538717400,2.0260425102900002E7,4329.0,482.0,453.0,29.0,0.0,93.98340248962656,6.016597510373444,0.0,0.7503126004787253,0.07851915932293095,0.21586072378244026,34.07111440969414,63.612498322267435,272.3366817903761,6525.519724552078,-6253.1830427617015,0.565013862635635,13.538422665045804,-12.97340880241017,159.53026378719036,0.33097565101076837,58.57832398427493,0.828125,53.0,0.0430622009569378,18.0,0.9569377990430622,400.0,0.171875,11.0,0.7464788732394366,0.828125,0.7851851851851853,0.7516790409069477,0.9475740131578947,0.7804964301559577,0.9398340248962656,0.15477122585320335,0.8452287741467966,0.06016597510373444,0.9431271783308102,0.9398340248962656,0.9411398655210877,0.7516790409069476,0.9475740131578947,0.959443515035498,0.8751016396372248,0.9398340248962656,11.707,0.011,11.64,0.01,11640.0,10.0,3424937.0,924290.0,104879.0,98.13278008298755,59.439834024896264,?,?
DatasetClassiRealeseNormalized,2,2,weka.classifiers.meta.FilteredClassifier,'-F \"weka.filters.MultiFilter -F \\\"weka.filters.supervised.attribute.AttributeSelection -E \\\\\\\"weka.attributeSelection.WrapperSubsetEval -B weka.classifiers.bayes.NaiveBayes -F 5 -T 0.01 -R 1 -E AUC --\\\\\\\" -S \\\\\\\"weka.attributeSelection.GreedyStepwise -B -T -1.7976931348623157E308 -N -1 -num-slots 1\\\\\\\"\\\" -F \\\"weka.filters.supervised.instance.Resample -B 1.0 -S 1 -Z 200.0\\\" -S 1\" -S 1 -W weka.classifiers.trees.RandomForest -- -P 100 -I 100 -num-slots 1 -K 0 -M 1.0 -V 0.001 -S 1',-4523450618538717400,2.0260425102900002E7,4330.0,481.0,462.0,19.0,0.0,96.04989604989605,3.95010395010395,0.0,0.8253015502838684,0.057639819883097305,0.1744912831191522,25.139378373221803,51.71910661923474,269.42867131105754,1139.947962267957,-870.5192909568996,0.5601427677984564,2.3699541835092663,-1.8098114157108098,183.17601740239695,0.3808233210029043,67.98683173214286,0.8412698412698413,53.0,0.0215311004784689,9.0,0.9784688995215312,409.0,0.15873015873015872,10.0,0.8548387096774194,0.8412698412698413,0.848,0.8253364386879294,0.9769689374952533,0.9244470238909512,0.9604989604989606,0.1407602197075881,0.8592397802924119,0.0395010395010395,0.9602467880626323,0.9604989604989606,0.9603645531387466,0.8253364386879294,0.9769689374952533,0.9855500527094426,0.9126499402628434,0.9604989604989606,9.731,0.01,9.67,0.01,9670.0,10.0,3136669.0,924503.0,104666.0,99.37629937629937,57.9002079002079,?,?
DatasetClassiRealeseNormalized,2,3,weka.classifiers.meta.FilteredClassifier,'-F \"weka.filters.MultiFilter -F \\\"weka.filters.supervised.attribute.AttributeSelection -E \\\\\\\"weka.attributeSelection.WrapperSubsetEval -B weka.classifiers.bayes.NaiveBayes -F 5 -T 0.01 -R 1 -E AUC --\\\\\\\" -S \\\\\\\"weka.attributeSelection.GreedyStepwise -B -T -1.7976931348623157E308 -N -1 -num-slots 1\\\\\\\"\\\" -F \\\"weka.filters.supervised.instance.Resample -B 1.0 -S 1 -Z 200.0\\\" -S 1\" -S 1 -W weka.classifiers.trees.RandomForest -- -P 100 -I 100 -num-slots 1 -K 0 -M 1.0 -V 0.001 -S 1',-4523450618538717400,2.0260425102900002E7,4330.0,481.0,460.0,21.0,0.0,95.63409563409563,4.365904365904366,0.0,0.8120009678199858,0.07264325907753193,0.19250718136915512,31.49682418468265,56.68054026234057,272.1308087156738,3295.6642742186173,-3023.5334655029433,0.565760517080403,6.851692877793383,-6.285932360712979,161.21299637419463,0.33516215462410526,59.24099411420641,0.84375,54.0,0.026378896882494004,11.0,0.973621103117506,406.0,0.15625,10.0,0.8307692307692308,0.84375,0.8372093023255814,0.8120335084003542,0.9533310851318945,0.8995397468358608,0.9563409563409564,0.13896985322345035,0.8610301467765497,0.04365904365904366,0.9566428114505038,0.9563409563409564,0.9564839715318512,0.8120335084003542,0.9533310851318946,0.9755437454451897,0.9059996091459841,0.9563409563409564,11.73,0.009,11.65,0.01,11650.0,10.0,3476143.0,924503.0,104666.0,98.96049896049897,60.187110187110186,?,?
DatasetClassiRealeseNormalized,2,4,weka.classifiers.meta.FilteredClassifier,'-F \"weka.filters.MultiFilter -F \\\"weka.filters.supervised.attribute.AttributeSelection -E \\\\\\\"weka.attributeSelection.WrapperSubsetEval -B weka.classifiers.bayes.NaiveBayes -F 5 -T 0.01 -R 1 -E AUC --\\\\\\\" -S \\\\\\\"weka.attributeSelection.GreedyStepwise -B -T -1.7976931348623157E308 -N -1 -num-slots 1\\\\\\\"\\\" -F \\\"weka.filters.supervised.instance.Resample -B 1.0 -S 1 -Z 200.0\\\" -S 1\" -S 1 -W weka.classifiers.trees.RandomForest -- -P 100 -I 100 -num-slots 1 -K 0 -M 1.0 -V 0.001 -S 1',-4523450618538717400,2.0260425102900002E7,4330.0,481.0,462.0,19.0,0.0,96.04989604989605,3.95010395010395,0.0,0.8342612575034913,0.057400407753101575,0.1753925056975724,24.8877951524578,51.64140844096803,272.1308087156738,71.92338403738206,200.20742467829177,0.565760517080403,0.14952886494258225,0.4162316521378207,186.59118908702146,0.38792347003538763,68.56672714406791,0.890625,57.0,0.02877697841726619,12.0,0.9712230215827338,405.0,0.109375,7.0,0.8260869565217391,0.890625,0.8571428571428571,0.8350559024539473,0.9887589928057554,0.932101150416253,0.9604989604989606,0.09865093891622669,0.9013490610837733,0.0395010395010395,0.9621301741394609,0.9604989604989606,0.9611223386856679,0.8350559024539475,0.9887589928057554,0.9894356005538397,0.9171118387041185,0.9604989604989606,9.717,0.008,9.66,0.01,9660.0,10.0,3144400.0,924503.0,104666.0,99.58419958419958,57.276507276507274,?,?
DatasetClassiRealeseNormalized,2,5,weka.classifiers.meta.FilteredClassifier,'-F \"weka.filters.MultiFilter -F \\\"weka.filters.supervised.attribute.AttributeSelection -E \\\\\\\"weka.attributeSelection.WrapperSubsetEval -B weka.classifiers.bayes.NaiveBayes -F 5 -T 0.01 -R 1 -E AUC --\\\\\\\" -S \\\\\\\"weka.attributeSelection.GreedyStepwise -B -T -1.7976931348623157E308 -N -1 -num-slots 1\\\\\\\"\\\" -F \\\"weka.filters.supervised.instance.Resample -B 1.0 -S 1 -Z 200.0\\\" -S 1\" -S 1 -W weka.classifiers.trees.RandomForest -- -P 100 -I 100 -num-slots 1 -K 0 -M 1.0 -V 0.001 -S 1',-4523450618538717400,2.0260425103E7,4330.0,481.0,460.0,21.0,0.0,95.63409563409563,4.365904365904366,0.0,0.8168150740828062,0.06529512967846748,0.1878636017660409,28.310806063970134,55.31331542021386,272.1308087156738,3296.42220709516,-3024.291398379486,0.565760517080403,6.85326862181946,-6.287508104739056,179.30060938481077,0.3727663396773613,65.88765536361839,0.875,56.0,0.03117505995203837,13.0,0.9688249400479616,404.0,0.125,8.0,0.8115942028985508,0.875,0.8421052631578948,0.8175931013113732,0.9798973321342925,0.8499475546095862,0.9563409563409564,0.11251601629299471,0.8874839837070053,0.04365904365904366,0.9580975916982671,0.9563409563409564,0.9570299532841593,0.8175931013113732,0.9798973321342926,0.9771764930837837,0.9083867690940257,0.9563409563409564,9.692,0.009,9.62,0.01,9620.0,10.0,3127253.0,924503.0,104666.0,98.33679833679834,59.45945945945946,?,?
DatasetClassiRealeseNormalized,2,6,weka.classifiers.meta.FilteredClassifier,'-F \"weka.filters.MultiFilter -F \\\"weka.filters.supervised.attribute.AttributeSelection -E \\\\\\\"weka.attributeSelection.WrapperSubsetEval -B weka.classifiers.bayes.NaiveBayes -F 5 -T 0.01 -R 1 -E AUC --\\\\\\\" -S \\\\\\\"weka.attributeSelection.GreedyStepwise -B -T -1.7976931348623157E308 -N -1 -num-slots 1\\\\\\\"\\\" -F \\\"weka.filters.supervised.instance.Resample -B 1.0 -S 1 -Z 200.0\\\" -S 1\" -S 1 -W weka.classifiers.trees.RandomForest -- -P 100 -I 100 -num-slots 1 -K 0 -M 1.0 -V 0.001 -S 1',-4523450618538717400,2.0260425103E7,4330.0,481.0,455.0,26.0,0.0,94.5945945945946,5.405405405405405,0.0,0.7717383368620866,0.07273461933543367,0.20762603491744314,31.536436366420354,61.13203542823195,272.1308087156738,8655.047787144178,-8382.916978428504,0.565760517080403,17.99386234333509,-17.428101826254686,166.85965140467778,0.3469015621718873,61.31597234145405,0.828125,53.0,0.03597122302158273,15.0,0.9640287769784173,402.0,0.171875,11.0,0.7794117647058824,0.828125,0.8030303030303031,0.7722146375753111,0.9476918465227818,0.7781128960765333,0.9459459459459459,0.15379216896752868,0.8462078310324713,0.05405405405405406,0.9475588677981499,0.9459459459459459,0.9466346960322863,0.7722146375753111,0.9476918465227817,0.9589615481312631,0.8858525009127419,0.9459459459459459,9.643,0.01,9.58,0.01,9580.0,10.0,3059336.0,924503.0,104666.0,97.92099792099792,59.04365904365904,?,?
DatasetClassiRealeseNormalized,2,7,weka.classifiers.meta.FilteredClassifier,'-F \"weka.filters.MultiFilter -F \\\"weka.filters.supervised.attribute.AttributeSelection -E \\\\\\\"weka.attributeSelection.WrapperSubsetEval -B weka.classifiers.bayes.NaiveBayes -F 5 -T 0.01 -R 1 -E AUC --\\\\\\\" -S \\\\\\\"weka.attributeSelection.GreedyStepwise -B -T -1.7976931348623157E308 -N -1 -num-slots 1\\\\\\\"\\\" -F \\\"weka.filters.supervised.instance.Resample -B 1.0 -S 1 -Z 200.0\\\" -S 1\" -S 1 -W weka.classifiers.trees.RandomForest -- -P 100 -I 100 -num-slots 1 -K 0 -M 1.0 -V 0.001 -S 1',-4523450618538717400,2.0260425103E7,4330.0,481.0,463.0,18.0,0.0,96.25779625779626,3.7422037422037424,0.0,0.847854356306892,0.05636996208843558,0.16998611912971326,24.44101225279173,50.049587765220416,272.1308087156738,2213.7323746689012,-1941.6015659532275,0.565760517080403,4.602354209290855,-4.036593692210452,189.22382473150515,0.39339672501352424,69.53414265167194,0.9375,60.0,0.03357314148681055,14.0,0.9664268585131894,403.0,0.0625,4.0,0.8108108108108109,0.9375,0.8695652173913043,0.850899445889747,0.9808715527577938,0.9084752618136487,0.9625779625779626,0.058651104064773134,0.9413488959352269,0.037422037422037424,0.9663068852258041,0.9625779625779626,0.9637067580292571,0.850899445889747,0.9808715527577938,0.9836975610458624,0.9238602785985648,0.9625779625779626,9.695,0.012,9.64,0.01,9640.0,10.0,3289471.0,924503.0,104666.0,98.54469854469855,57.38045738045738,?,?
DatasetClassiRealeseNormalized,2,8,weka.classifiers.meta.FilteredClassifier,'-F \"weka.filters.MultiFilter -F \\\"weka.filters.supervised.attribute.AttributeSelection -E \\\\\\\"weka.attributeSelection.WrapperSubsetEval -B weka.classifiers.bayes.NaiveBayes -F 5 -T 0.01 -R 1 -E AUC --\\\\\\\" -S \\\\\\\"weka.attributeSelection.GreedyStepwise -B -T -1.7976931348623157E308 -N -1 -num-slots 1\\\\\\\"\\\" -F \\\"weka.filters.supervised.instance.Resample -B 1.0 -S 1 -Z 200.0\\\" -S 1\" -S 1 -W weka.classifiers.trees.RandomForest -- -P 100 -I 100 -num-slots 1 -K 0 -M 1.0 -V 0.001 -S 1',-4523450618538717400,2.0260425103E7,4330.0,481.0,466.0,15.0,0.0,96.88149688149689,3.1185031185031185,0.0,0.8691536243448617,0.05336138189226713,0.16290362660794971,23.136545428373815,47.96426554668075,272.1308087156738,71.60034097538897,200.53046774028485,0.565760517080403,0.14885725774509143,0.4169032593353115,193.644878347734,0.4025881046730436,71.15874871413656,0.921875,59.0,0.023980815347721823,10.0,0.9760191846522782,407.0,0.078125,5.0,0.855072463768116,0.921875,0.887218045112782,0.8699815047390957,0.9878784472422062,0.9310834852067862,0.9688149688149689,0.07092078416269064,0.9290792158373093,0.031185031185031187,0.9701953390218482,0.9688149688149689,0.9693071094886853,0.8699815047390959,0.9878784472422062,0.9891169990513984,0.9345619779243042,0.9688149688149689,9.685,0.011,9.63,0.01,9630.0,10.0,3261904.0,924503.0,104666.0,98.96049896049897,57.7962577962578,?,?
DatasetClassiRealeseNormalized,2,9,weka.classifiers.meta.FilteredClassifier,'-F \"weka.filters.MultiFilter -F \\\"weka.filters.supervised.attribute.AttributeSelection -E \\\\\\\"weka.attributeSelection.WrapperSubsetEval -B weka.classifiers.bayes.NaiveBayes -F 5 -T 0.01 -R 1 -E AUC --\\\\\\\" -S \\\\\\\"weka.attributeSelection.GreedyStepwise -B -T -1.7976931348623157E308 -N -1 -num-slots 1\\\\\\\"\\\" -F \\\"weka.filters.supervised.instance.Resample -B 1.0 -S 1 -Z 200.0\\\" -S 1\" -S 1 -W weka.classifiers.trees.RandomForest -- -P 100 -I 100 -num-slots 1 -K 0 -M 1.0 -V 0.001 -S 1',-4523450618538717400,2.0260425103E7,4330.0,481.0,457.0,24.0,0.0,95.01039501039502,4.98960498960499,0.0,0.7996250781087273,0.06485118219139878,0.19856202970856576,28.11831833523937,58.46328972988495,272.1308087156738,7576.920844141018,-7304.790035425344,0.565760517080403,15.752434187403365,-15.18667367032296,178.54508764355631,0.37119560840656196,65.61002353471223,0.90625,58.0,0.04316546762589928,18.0,0.9568345323741008,399.0,0.09375,6.0,0.7631578947368421,0.90625,0.8285714285714286,0.8036686737641933,0.9799910071942446,0.8031497660200703,0.9501039501039501,0.08701941772984938,0.9129805822701507,0.0498960498960499,0.9556430924851977,0.9501039501039501,0.9518781474985855,0.8036686737641932,0.9799910071942446,0.9709515509239249,0.899687174139729,0.9501039501039501,9.669,0.012,9.6,0.02,9600.0,20.0,3140353.0,924503.0,104666.0,98.12889812889813,57.38045738045738,?,?
DatasetClassiRealeseNormalized,2,10,weka.classifiers.meta.FilteredClassifier,'-F \"weka.filters.MultiFilter -F \\\"weka.filters.supervised.attribute.AttributeSelection -E \\\\\\\"weka.attributeSelection.WrapperSubsetEval -B weka.classifiers.bayes.NaiveBayes -F 5 -T 0.01 -R 1 -E AUC --\\\\\\\" -S \\\\\\\"weka.attributeSelection.GreedyStepwise -B -T -1.7976931348623157E308 -N -1 -num-slots 1\\\\\\\"\\\" -F \\\"weka.filters.supervised.instance.Resample -B 1.0 -S 1 -Z 200.0\\\" -S 1\" -S 1 -W weka.classifiers.trees.RandomForest -- -P 100 -I 100 -num-slots 1 -K 0 -M 1.0 -V 0.001 -S 1',-4523450618538717400,2.0260425103E7,4330.0,481.0,458.0,23.0,0.0,95.21829521829522,4.781704781704781,0.0,0.7940962980885558,0.06721515015006414,0.2002444544098627,29.14329276669815,58.95865172283498,272.1308087156738,4376.706622907216,-4104.575814191542,0.565760517080403,9.099182168206271,-8.533421651125867,172.21572578239125,0.3580368519384433,63.284170798288656,0.828125,53.0,0.02877697841726619,12.0,0.9712230215827338,405.0,0.171875,11.0,0.8153846153846154,0.828125,0.8217054263565892,0.7941281211471878,0.9535746402877698,0.8320200896312956,0.9521829521829522,0.15283493060021838,0.8471650693997816,0.04781704781704782,0.9525117943387174,0.9521829521829522,0.9523395878682178,0.7941281211471879,0.9535746402877698,0.9680793955313689,0.897047190969411,0.9521829521829522,9.694,0.01,9.63,0.01,9630.0,10.0,3019795.0,924503.0,104666.0,98.33679833679834,58.523908523908524,?,?
DatasetClassiRealeseNormalized,3,1,weka.classifiers.meta.FilteredClassifier,'-F \"weka.filters.MultiFilter -F \\\"weka.filters.supervised.attribute.AttributeSelection -E \\\\\\\"weka.attributeSelection.WrapperSubsetEval -B weka.classifiers.bayes.NaiveBayes -F 5 -T 0.01 -R 1 -E AUC --\\\\\\\" -S \\\\\\\"weka.attributeSelection.GreedyStepwise -B -T -1.7976931348623157E308 -N -1 -num-slots 1\\\\\\\"\\\" -F \\\"weka.filters.supervised.instance.Resample -B 1.0 -S 1 -Z 200.0\\\" -S 1\" -S 1 -W weka.classifiers.trees.RandomForest -- -P 100 -I 100 -num-slots 1 -K 0 -M 1.0 -V 0.001 -S 1',-4523450618538717400,2.02604251031E7,4329.0,482.0,467.0,15.0,0.0,96.88796680497926,3.112033195020747,0.0,0.8740374229067215,0.052412578580518634,0.16910559830196698,22.74292003025073,49.83412174190522,272.3366817903761,4347.400579950309,-4075.063898159933,0.565013862635635,9.019503277905207,-8.45448941526957,194.93896740904486,0.4044376917200101,71.58013607549715,0.96875,62.0,0.03110047846889952,13.0,0.9688995215311005,405.0,0.03125,2.0,0.8266666666666667,0.96875,0.8920863309352518,0.8777904021514996,0.9872719796650717,0.8716919548733463,0.9688796680497925,0.03123014651869205,0.968769853481308,0.03112033195020747,0.9727232626817688,0.9688796680497925,0.9699035792113196,0.8777904021514997,0.9872719796650717,0.9811289166474626,0.9369522563767168,0.9688796680497925,9.742,0.011,9.68,0.01,9680.0,10.0,3210591.0,924290.0,104879.0,98.7551867219917,56.53526970954357,?,?
DatasetClassiRealeseNormalized,3,2,weka.classifiers.meta.FilteredClassifier,'-F \"weka.filters.MultiFilter -F \\\"weka.filters.supervised.attribute.AttributeSelection -E \\\\\\\"weka.attributeSelection.WrapperSubsetEval -B weka.classifiers.bayes.NaiveBayes -F 5 -T 0.01 -R 1 -E AUC --\\\\\\\" -S \\\\\\\"weka.attributeSelection.GreedyStepwise -B -T -1.7976931348623157E308 -N -1 -num-slots 1\\\\\\\"\\\" -F \\\"weka.filters.supervised.instance.Resample -B 1.0 -S 1 -Z 200.0\\\" -S 1\" -S 1 -W weka.classifiers.trees.RandomForest -- -P 100 -I 100 -num-slots 1 -K 0 -M 1.0 -V 0.001 -S 1',-4523450618538717400,2.02604251031E7,4330.0,481.0,463.0,18.0,0.0,96.25779625779626,3.7422037422037424,0.0,0.8356117566643882,0.05645287586943902,0.16901569683077697,24.621697458748017,50.09614628569235,269.42867131105754,3275.337309022596,-3005.908637711538,0.5601427677984564,6.809433074891052,-6.249290307092595,190.7387814558581,0.39654632319305216,70.79379508042359,0.8571428571428571,54.0,0.0215311004784689,9.0,0.9784688995215312,409.0,0.14285714285714285,9.0,0.8571428571428571,0.8571428571428571,0.8571428571428571,0.8356117566643882,0.9774056353003722,0.8865379792768738,0.9625779625779626,0.12696620591357433,0.8730337940864257,0.037422037422037424,0.9625779625779626,0.9625779625779626,0.9625779625779626,0.8356117566643882,0.9774056353003722,0.9805960460518099,0.9178058783321941,0.9625779625779626,9.662,0.007,9.6,0.01,9600.0,10.0,3128930.0,924503.0,104666.0,99.16839916839916,58.93970893970894,?,?
DatasetClassiRealeseNormalized,3,3,weka.classifiers.meta.FilteredClassifier,'-F \"weka.filters.MultiFilter -F \\\"weka.filters.supervised.attribute.AttributeSelection -E \\\\\\\"weka.attributeSelection.WrapperSubsetEval -B weka.classifiers.bayes.NaiveBayes -F 5 -T 0.01 -R 1 -E AUC --\\\\\\\" -S \\\\\\\"weka.attributeSelection.GreedyStepwise -B -T -1.7976931348623157E308 -N -1 -num-slots 1\\\\\\\"\\\" -F \\\"weka.filters.supervised.instance.Resample -B 1.0 -S 1 -Z 200.0\\\" -S 1\" -S 1 -W weka.classifiers.trees.RandomForest -- -P 100 -I 100 -num-slots 1 -K 0 -M 1.0 -V 0.001 -S 1',-4523450618538717400,2.02604251031E7,4330.0,481.0,460.0,21.0,0.0,95.63409563409563,4.365904365904366,0.0,0.8069270026951089,0.05819653340651897,0.18598262603048665,25.232981065824386,54.75949337496185,272.1308087156738,80.35509955831375,191.77570915736007,0.565760517080403,0.16705841904015334,0.39870209804024964,186.46373148303385,0.38765848541171277,68.51989025537121,0.8125,52.0,0.02158273381294964,9.0,0.9784172661870504,408.0,0.1875,12.0,0.8524590163934426,0.8125,0.8319999999999999,0.8072341163538808,0.9852742805755396,0.9185658308822836,0.9563409563409564,0.16542369015390598,0.834576309846094,0.04365904365904366,0.9555989424841884,0.9563409563409564,0.9558952898307737,0.8072341163538808,0.9852742805755396,0.9871788385467518,0.9034551971326163,0.9563409563409564,9.071,0.011,9.01,0.02,9010.0,20.0,3183569.0,924503.0,104666.0,99.37629937629937,57.58835758835759,?,?
DatasetClassiRealeseNormalized,3,4,weka.classifiers.meta.FilteredClassifier,'-F \"weka.filters.MultiFilter -F \\\"weka.filters.supervised.attribute.AttributeSelection -E \\\\\\\"weka.attributeSelection.WrapperSubsetEval -B weka.classifiers.bayes.NaiveBayes -F 5 -T 0.01 -R 1 -E AUC --\\\\\\\" -S \\\\\\\"weka.attributeSelection.GreedyStepwise -B -T -1.7976931348623157E308 -N -1 -num-slots 1\\\\\\\"\\\" -F \\\"weka.filters.supervised.instance.Resample -B 1.0 -S 1 -Z 200.0\\\" -S 1\" -S 1 -W weka.classifiers.trees.RandomForest -- -P 100 -I 100 -num-slots 1 -K 0 -M 1.0 -V 0.001 -S 1',-4523450618538717400,2.02604251031E7,4330.0,481.0,462.0,19.0,0.0,96.04989604989605,3.95010395010395,0.0,0.8342612575034913,0.05509470951900568,0.17345654685559067,23.888085436450393,51.071397533796954,272.1308087156738,3280.5167542798004,-3008.3859455641264,0.565760517080403,6.820201152348857,-6.254440635268454,197.2538931568361,0.4100912539643162,72.48495460244995,0.890625,57.0,0.02877697841726619,12.0,0.9712230215827338,405.0,0.109375,7.0,0.8260869565217391,0.890625,0.8571428571428571,0.8350559024539473,0.9841314448441247,0.8703909729060906,0.9604989604989606,0.09865093891622669,0.9013490610837733,0.0395010395010395,0.9621301741394609,0.9604989604989606,0.9611223386856679,0.8350559024539475,0.9841314448441247,0.9804212083437704,0.9171118387041185,0.9604989604989606,9.108,0.008,9.05,0.0,9050.0,0.0,3265143.0,924503.0,104666.0,98.75259875259876,57.06860706860707,?,?
DatasetClassiRealeseNormalized,3,5,weka.classifiers.meta.FilteredClassifier,'-F \"weka.filters.MultiFilter -F \\\"weka.filters.supervised.attribute.AttributeSelection -E \\\\\\\"weka.attributeSelection.WrapperSubsetEval -B weka.classifiers.bayes.NaiveBayes -F 5 -T 0.01 -R 1 -E AUC --\\\\\\\" -S \\\\\\\"weka.attributeSelection.GreedyStepwise -B -T -1.7976931348623157E308 -N -1 -num-slots 1\\\\\\\"\\\" -F \\\"weka.filters.supervised.instance.Resample -B 1.0 -S 1 -Z 200.0\\\" -S 1\" -S 1 -W weka.classifiers.trees.RandomForest -- -P 100 -I 100 -num-slots 1 -K 0 -M 1.0 -V 0.001 -S 1',-4523450618538717400,2.02604251031E7,4330.0,481.0,450.0,31.0,0.0,93.55509355509355,6.444906444906445,0.0,0.7187824151783191,0.07987506002976208,0.22337661681765988,34.63240436133615,65.76953250860618,272.1308087156738,5462.085552547242,-5189.954743831568,0.565760517080403,11.355687219432935,-10.789926702352531,159.3596310141869,0.33130900418749876,58.55993732069055,0.75,48.0,0.03597122302158273,15.0,0.9640287769784173,402.0,0.25,16.0,0.7619047619047619,0.75,0.7559055118110236,0.7188119922935927,0.9527128297362111,0.7830073374160396,0.9355509355509356,0.22152215857251828,0.7784778414274818,0.06444906444906445,0.9351355140828825,0.9355509355509356,0.9353357913308878,0.7188119922935927,0.9527128297362111,0.9616250998406167,0.8593898816540149,0.9355509355509356,9.663,0.011,9.6,0.01,9600.0,10.0,2946225.0,924503.0,104666.0,97.92099792099792,59.563409563409564,?,?
DatasetClassiRealeseNormalized,3,6,weka.classifiers.meta.FilteredClassifier,'-F \"weka.filters.MultiFilter -F \\\"weka.filters.supervised.attribute.AttributeSelection -E \\\\\\\"weka.attributeSelection.WrapperSubsetEval -B weka.classifiers.bayes.NaiveBayes -F 5 -T 0.01 -R 1 -E AUC --\\\\\\\" -S \\\\\\\"weka.attributeSelection.GreedyStepwise -B -T -1.7976931348623157E308 -N -1 -num-slots 1\\\\\\\"\\\" -F \\\"weka.filters.supervised.instance.Resample -B 1.0 -S 1 -Z 200.0\\\" -S 1\" -S 1 -W weka.classifiers.trees.RandomForest -- -P 100 -I 100 -num-slots 1 -K 0 -M 1.0 -V 0.001 -S 1',-4523450618538717400,2.02604251031E7,4330.0,481.0,462.0,19.0,0.0,96.04989604989605,3.95010395010395,0.0,0.8363564739377229,0.06434740010438456,0.18987334427269134,27.899887388946826,55.90505070123019,272.1308087156738,7570.804729334525,-7298.673920618851,0.565760517080403,15.73971877200525,-15.173958254924846,180.62468547963365,0.375519096631255,66.37421405246067,0.90625,58.0,0.03117505995203837,13.0,0.9688249400479616,404.0,0.09375,6.0,0.8169014084507042,0.90625,0.8592592592592593,0.8378806456128978,0.9701551258992805,0.7999459272062823,0.9604989604989606,0.08542402045099887,0.9145759795490012,0.0395010395010395,0.9629506260217355,0.9604989604989606,0.9613558866279545,0.8378806456128978,0.9701551258992805,0.967765686198145,0.9181423261229791,0.9604989604989606,9.69,0.012,9.63,0.01,9630.0,10.0,3100999.0,924503.0,104666.0,98.54469854469855,59.25155925155925,?,?
DatasetClassiRealeseNormalized,3,7,weka.classifiers.meta.FilteredClassifier,'-F \"weka.filters.MultiFilter -F \\\"weka.filters.supervised.attribute.AttributeSelection -E \\\\\\\"weka.attributeSelection.WrapperSubsetEval -B weka.classifiers.bayes.NaiveBayes -F 5 -T 0.01 -R 1 -E AUC --\\\\\\\" -S \\\\\\\"weka.attributeSelection.GreedyStepwise -B -T -1.7976931348623157E308 -N -1 -num-slots 1\\\\\\\"\\\" -F \\\"weka.filters.supervised.instance.Resample -B 1.0 -S 1 -Z 200.0\\\" -S 1\" -S 1 -W weka.classifiers.trees.RandomForest -- -P 100 -I 100 -num-slots 1 -K 0 -M 1.0 -V 0.001 -S 1',-4523450618538717400,2.02604251032E7,4330.0,481.0,457.0,24.0,0.0,95.01039501039502,4.98960498960499,0.0,0.7808239984811087,0.07295260170317243,0.19741085293389013,31.630949641281834,58.12434486007799,272.1308087156738,1160.8482919470978,-888.717483231424,0.565760517080403,2.4134060123640286,-1.8476454952836259,164.4000443192273,0.3417880339277075,60.41213969675695,0.796875,51.0,0.026378896882494004,11.0,0.973621103117506,406.0,0.203125,13.0,0.8225806451612904,0.796875,0.8095238095238094,0.7809542717590401,0.9721410371702638,0.8894539618063779,0.9501039501039501,0.1796078469864441,0.820392153013556,0.0498960498960499,0.9494952469777321,0.9501039501039501,0.9497676339781603,0.7809542717590401,0.9721410371702638,0.979993890054206,0.8904078377762588,0.9501039501039501,11.583,0.009,11.51,0.01,11510.0,10.0,3095732.0,924503.0,104666.0,99.16839916839916,60.4989604989605,?,?
DatasetClassiRealeseNormalized,3,8,weka.classifiers.meta.FilteredClassifier,'-F \"weka.filters.MultiFilter -F \\\"weka.filters.supervised.attribute.AttributeSelection -E \\\\\\\"weka.attributeSelection.WrapperSubsetEval -B weka.classifiers.bayes.NaiveBayes -F 5 -T 0.01 -R 1 -E AUC --\\\\\\\" -S \\\\\\\"weka.attributeSelection.GreedyStepwise -B -T -1.7976931348623157E308 -N -1 -num-slots 1\\\\\\\"\\\" -F \\\"weka.filters.supervised.instance.Resample -B 1.0 -S 1 -Z 200.0\\\" -S 1\" -S 1 -W weka.classifiers.trees.RandomForest -- -P 100 -I 100 -num-slots 1 -K 0 -M 1.0 -V 0.001 -S 1',-4523450618538717400,2.02604251032E7,4330.0,481.0,453.0,28.0,0.0,94.17879417879418,5.8212058212058215,0.0,0.7476768585131894,0.0837572949482073,0.2103423607891026,36.31567232346596,61.931812438311326,272.1308087156738,3312.759764521947,-3040.628955806273,0.565760517080403,6.887234437675565,-6.321473920595162,148.2250208125455,0.3081601264294085,54.46829835699092,0.78125,50.0,0.03357314148681055,14.0,0.9664268585131894,403.0,0.21875,14.0,0.78125,0.78125,0.78125,0.7476768585131894,0.9545675959232613,0.825539828316999,0.9417879417879418,0.19411108327475235,0.8058889167252477,0.058212058212058215,0.9417879417879418,0.9417879417879418,0.9417879417879417,0.7476768585131894,0.9545675959232615,0.9684581034017186,0.8738384292565946,0.9417879417879418,11.698,0.011,11.62,0.01,11620.0,10.0,3454678.0,924503.0,104666.0,98.54469854469855,63.92931392931393,?,?
DatasetClassiRealeseNormalized,3,9,weka.classifiers.meta.FilteredClassifier,'-F \"weka.filters.MultiFilter -F \\\"weka.filters.supervised.attribute.AttributeSelection -E \\\\\\\"weka.attributeSelection.WrapperSubsetEval -B weka.classifiers.bayes.NaiveBayes -F 5 -T 0.01 -R 1 -E AUC --\\\\\\\" -S \\\\\\\"weka.attributeSelection.GreedyStepwise -B -T -1.7976931348623157E308 -N -1 -num-slots 1\\\\\\\"\\\" -F \\\"weka.filters.supervised.instance.Resample -B 1.0 -S 1 -Z 200.0\\\" -S 1\" -S 1 -W weka.classifiers.trees.RandomForest -- -P 100 -I 100 -num-slots 1 -K 0 -M 1.0 -V 0.001 -S 1',-4523450618538717400,2.02604251032E7,4330.0,481.0,465.0,16.0,0.0,96.67359667359668,3.3264033264033266,0.0,0.8558153477218226,0.05249835616093042,0.16635158601095043,22.762352831951926,48.97945989098904,272.1308087156738,3277.720808546959,-3005.589999831285,0.565760517080403,6.8143883753575025,-6.248627858277099,199.92457676221653,0.4156436107322589,73.46635160706872,0.875,56.0,0.019184652278177457,8.0,0.9808153477218226,409.0,0.125,8.0,0.875,0.875,0.875,0.8558153477218226,0.9858550659472423,0.8825657966446411,0.9667359667359667,0.1109206190141442,0.8890793809858558,0.033264033264033266,0.9667359667359667,0.9667359667359667,0.9667359667359667,0.8558153477218226,0.9858550659472423,0.9822985991712382,0.9279076738609113,0.9667359667359667,9.166,0.008,9.09,0.01,9090.0,10.0,3149847.0,924503.0,104666.0,98.75259875259876,57.276507276507274,?,?
DatasetClassiRealeseNormalized,3,10,weka.classifiers.meta.FilteredClassifier,'-F \"weka.filters.MultiFilter -F \\\"weka.filters.supervised.attribute.AttributeSelection -E \\\\\\\"weka.attributeSelection.WrapperSubsetEval -B weka.classifiers.bayes.NaiveBayes -F 5 -T 0.01 -R 1 -E AUC --\\\\\\\" -S \\\\\\\"weka.attributeSelection.GreedyStepwise -B -T -1.7976931348623157E308 -N -1 -num-slots 1\\\\\\\"\\\" -F \\\"weka.filters.supervised.instance.Resample -B 1.0 -S 1 -Z 200.0\\\" -S 1\" -S 1 -W weka.classifiers.trees.RandomForest -- -P 100 -I 100 -num-slots 1 -K 0 -M 1.0 -V 0.001 -S 1',-4523450618538717400,2.02604251032E7,4330.0,481.0,466.0,15.0,0.0,96.88149688149689,3.1185031185031185,0.0,0.8724205612434356,0.05517085576589521,0.16464170066816178,23.92110109380194,48.47601256852231,272.1308087156738,4348.492074815832,-4076.361266100158,0.565760517080403,9.04052406406618,-8.474763546985775,188.70493838218712,0.3923179592145262,69.34346730999823,0.953125,61.0,0.02877697841726619,12.0,0.9712230215827338,405.0,0.046875,3.0,0.8356164383561644,0.953125,0.8905109489051095,0.8749878427539701,0.9834757194244604,0.8789089109958631,0.9688149688149689,0.044466947232235,0.955533052767765,0.031185031185031187,0.9717531716927366,0.9688149688149689,0.9696691944867127,0.8749878427539701,0.9834757194244604,0.9813556792737618,0.9361645653616457,0.9688149688149689,9.781,0.008,9.68,0.01,9680.0,10.0,3128917.0,924503.0,104666.0,98.75259875259876,58.00415800415801,?,?
DatasetClassiRealeseNormalized,4,1,weka.classifiers.meta.FilteredClassifier,'-F \"weka.filters.MultiFilter -F \\\"weka.filters.supervised.attribute.AttributeSelection -E \\\\\\\"weka.attributeSelection.WrapperSubsetEval -B weka.classifiers.bayes.NaiveBayes -F 5 -T 0.01 -R 1 -E AUC --\\\\\\\" -S \\\\\\\"weka.attributeSelection.GreedyStepwise -B -T -1.7976931348623157E308 -N -1 -num-slots 1\\\\\\\"\\\" -F \\\"weka.filters.supervised.instance.Resample -B 1.0 -S 1 -Z 200.0\\\" -S 1\" -S 1 -W weka.classifiers.trees.RandomForest -- -P 100 -I 100 -num-slots 1 -K 0 -M 1.0 -V 0.001 -S 1',-4523450618538717400,2.02604251032E7,4329.0,482.0,459.0,23.0,0.0,95.22821576763485,4.771784232365145,0.0,0.8044452284353499,0.07178174402614602,0.1911670768783739,31.147608231306616,56.33547013144763,272.3366817903761,1153.4934650741682,-881.156783283792,0.565013862635635,2.3931399690335438,-1.8281261063979088,166.09998170271214,0.34460577116745256,60.990675442892844,0.890625,57.0,0.03827751196172249,16.0,0.9617224880382775,402.0,0.109375,7.0,0.7808219178082192,0.890625,0.8321167883211679,0.8068108489172431,0.9764877392344498,0.8999038214760638,0.9522821576763485,0.09993466963807103,0.9000653303619289,0.04771784232365145,0.9560551213898281,0.9522821576763485,0.9535898823730796,0.806810848917243,0.9764877392344499,0.9821082587219463,0.9021527109683227,0.9522821576763485,11.731,0.012,11.65,0.01,11650.0,10.0,3445410.0,924290.0,104879.0,99.1701244813278,60.477178423236516,?,?
DatasetClassiRealeseNormalized,4,2,weka.classifiers.meta.FilteredClassifier,'-F \"weka.filters.MultiFilter -F \\\"weka.filters.supervised.attribute.AttributeSelection -E \\\\\\\"weka.attributeSelection.WrapperSubsetEval -B weka.classifiers.bayes.NaiveBayes -F 5 -T 0.01 -R 1 -E AUC --\\\\\\\" -S \\\\\\\"weka.attributeSelection.GreedyStepwise -B -T -1.7976931348623157E308 -N -1 -num-slots 1\\\\\\\"\\\" -F \\\"weka.filters.supervised.instance.Resample -B 1.0 -S 1 -Z 200.0\\\" -S 1\" -S 1 -W weka.classifiers.trees.RandomForest -- -P 100 -I 100 -num-slots 1 -K 0 -M 1.0 -V 0.001 -S 1',-4523450618538717400,2.02604251032E7,4330.0,481.0,458.0,23.0,0.0,95.21829521829522,4.781704781704781,0.0,0.7913546951323013,0.06795112378455327,0.1990205876269651,29.63661259126271,58.989577054534124,269.42867131105754,4368.303428091604,-4098.874756780546,0.5601427677984564,9.081711908714352,-8.521569140915895,173.75481006748979,0.36123661136692264,64.49009647784979,0.8253968253968254,52.0,0.028708133971291867,12.0,0.9712918660287081,406.0,0.1746031746031746,11.0,0.8125,0.8253968253968254,0.8188976377952756,0.7913872585180297,0.9777094250778461,0.827979270085814,0.9521829521829522,0.15549426075741862,0.8445057392425813,0.04781704781704782,0.9525179232913046,0.9521829521829522,0.9523425753139554,0.7913872585180297,0.9777094250778461,0.9743441235252142,0.8956763638078175,0.9521829521829522,9.114,0.011,9.05,0.01,9050.0,10.0,3198052.0,924503.0,104666.0,98.75259875259876,59.147609147609145,?,?
DatasetClassiRealeseNormalized,4,3,weka.classifiers.meta.FilteredClassifier,'-F \"weka.filters.MultiFilter -F \\\"weka.filters.supervised.attribute.AttributeSelection -E \\\\\\\"weka.attributeSelection.WrapperSubsetEval -B weka.classifiers.bayes.NaiveBayes -F 5 -T 0.01 -R 1 -E AUC --\\\\\\\" -S \\\\\\\"weka.attributeSelection.GreedyStepwise -B -T -1.7976931348623157E308 -N -1 -num-slots 1\\\\\\\"\\\" -F \\\"weka.filters.supervised.instance.Resample -B 1.0 -S 1 -Z 200.0\\\" -S 1\" -S 1 -W weka.classifiers.trees.RandomForest -- -P 100 -I 100 -num-slots 1 -K 0 -M 1.0 -V 0.001 -S 1',-4523450618538717400,2.02604251033E7,4330.0,481.0,456.0,25.0,0.0,94.8024948024948,5.197505197505198,0.0,0.7873676020723924,0.06637826642982925,0.20165780877486347,28.78043488099772,59.374790426963436,272.1308087156738,2240.452510568153,-1968.321701852479,0.565760517080403,4.657905427376617,-4.092144910296214,175.89804969800807,0.3656924110145698,64.63731560868173,0.875,56.0,0.0407673860911271,17.0,0.9592326139088729,400.0,0.125,8.0,0.7671232876712328,0.875,0.8175182481751825,0.7896845973113783,0.9755882793764988,0.847790990087448,0.9480249480249481,0.11379233411607512,0.8862076658839249,0.05197505197505198,0.9520154258268683,0.9480249480249481,0.9494486574778546,0.7896845973113783,0.9755882793764988,0.9760334609282492,0.893607608936076,0.9480249480249481,10.243,0.009,10.16,0.01,10160.0,10.0,3000467.0,924503.0,104666.0,98.12889812889813,57.69230769230769,?,?
DatasetClassiRealeseNormalized,4,4,weka.classifiers.meta.FilteredClassifier,'-F \"weka.filters.MultiFilter -F \\\"weka.filters.supervised.attribute.AttributeSelection -E \\\\\\\"weka.attributeSelection.WrapperSubsetEval -B weka.classifiers.bayes.NaiveBayes -F 5 -T 0.01 -R 1 -E AUC --\\\\\\\" -S \\\\\\\"weka.attributeSelection.GreedyStepwise -B -T -1.7976931348623157E308 -N -1 -num-slots 1\\\\\\\"\\\" -F \\\"weka.filters.supervised.instance.Resample -B 1.0 -S 1 -Z 200.0\\\" -S 1\" -S 1 -W weka.classifiers.trees.RandomForest -- -P 100 -I 100 -num-slots 1 -K 0 -M 1.0 -V 0.001 -S 1',-4523450618538717400,2.02604251033E7,4330.0,481.0,462.0,19.0,0.0,96.04989604989605,3.95010395010395,0.0,0.8342612575034913,0.057444328158792614,0.1746656207236384,24.906838258641873,51.42738924055103,272.1308087156738,3286.0855243638525,-3013.9547156481785,0.565760517080403,6.8317786369310864,-6.266018119850683,186.68463779722208,0.3881177500981748,68.60106677310208,0.890625,57.0,0.02877697841726619,12.0,0.9712230215827338,405.0,0.109375,7.0,0.8260869565217391,0.890625,0.8571428571428571,0.8350559024539473,0.9737335131894485,0.8799696746563022,0.9604989604989606,0.09865093891622669,0.9013490610837733,0.0395010395010395,0.9621301741394609,0.9604989604989606,0.9611223386856679,0.8350559024539475,0.9737335131894485,0.97866393128395,0.9171118387041185,0.9604989604989606,9.652,0.008,9.58,0.01,9580.0,10.0,3110731.0,924503.0,104666.0,98.75259875259876,58.41995841995842,?,?
DatasetClassiRealeseNormalized,4,5,weka.classifiers.meta.FilteredClassifier,'-F \"weka.filters.MultiFilter -F \\\"weka.filters.supervised.attribute.AttributeSelection -E \\\\\\\"weka.attributeSelection.WrapperSubsetEval -B weka.classifiers.bayes.NaiveBayes -F 5 -T 0.01 -R 1 -E AUC --\\\\\\\" -S \\\\\\\"weka.attributeSelection.GreedyStepwise -B -T -1.7976931348623157E308 -N -1 -num-slots 1\\\\\\\"\\\" -F \\\"weka.filters.supervised.instance.Resample -B 1.0 -S 1 -Z 200.0\\\" -S 1\" -S 1 -W weka.classifiers.trees.RandomForest -- -P 100 -I 100 -num-slots 1 -K 0 -M 1.0 -V 0.001 -S 1',-4523450618538717400,2.02604251033E7,4330.0,481.0,465.0,16.0,0.0,96.67359667359668,3.3264033264033266,0.0,0.8613183407215195,0.05361738567737008,0.17446697618725354,23.24754411307483,51.3689016581015,272.1308087156738,3284.970854747712,-3012.840046032038,0.565760517080403,6.8294612364817295,-6.263700719401327,196.6414692629361,0.4088180234156676,72.25990698774204,0.921875,59.0,0.026378896882494004,11.0,0.973621103117506,406.0,0.078125,5.0,0.8428571428571429,0.921875,0.880597014925373,0.8624854629132681,0.9710918764988009,0.8990258922761013,0.9667359667359667,0.07123986361846073,0.9287601363815393,0.033264033264033266,0.9685444167195992,0.9667359667359667,0.967360162038942,0.8624854629132681,0.971091876498801,0.9798126729591086,0.9306366717138943,0.9667359667359667,9.691,0.007,9.62,0.01,9620.0,10.0,3067077.0,924503.0,104666.0,98.33679833679834,56.75675675675676,?,?
DatasetClassiRealeseNormalized,4,6,weka.classifiers.meta.FilteredClassifier,'-F \"weka.filters.MultiFilter -F \\\"weka.filters.supervised.attribute.AttributeSelection -E \\\\\\\"weka.attributeSelection.WrapperSubsetEval -B weka.classifiers.bayes.NaiveBayes -F 5 -T 0.01 -R 1 -E AUC --\\\\\\\" -S \\\\\\\"weka.attributeSelection.GreedyStepwise -B -T -1.7976931348623157E308 -N -1 -num-slots 1\\\\\\\"\\\" -F \\\"weka.filters.supervised.instance.Resample -B 1.0 -S 1 -Z 200.0\\\" -S 1\" -S 1 -W weka.classifiers.trees.RandomForest -- -P 100 -I 100 -num-slots 1 -K 0 -M 1.0 -V 0.001 -S 1',-4523450618538717400,2.02604251033E7,4330.0,481.0,461.0,20.0,0.0,95.84199584199584,4.158004158004158,0.0,0.8197691846522782,0.0705421835541171,0.19148637579864042,30.58583523402026,56.379981026949615,272.1308087156738,1159.451094285563,-887.3202855698892,0.565760517080403,2.410501235520921,-1.844740718440518,172.17000512499135,0.3579417985966556,63.26736981290385,0.84375,54.0,0.023980815347721823,10.0,0.9760191846522782,407.0,0.15625,10.0,0.84375,0.84375,0.84375,0.8197691846522782,0.981939448441247,0.8730034015605962,0.9584199584199584,0.13865077376768026,0.8613492262323198,0.04158004158004158,0.9584199584199584,0.9584199584199584,0.9584199584199584,0.8197691846522782,0.981939448441247,0.9806721673949533,0.9098845923261392,0.9584199584199584,11.718,0.012,11.64,0.01,11640.0,10.0,3539059.0,924503.0,104666.0,98.75259875259876,60.810810810810814,?,?
DatasetClassiRealeseNormalized,4,7,weka.classifiers.meta.FilteredClassifier,'-F \"weka.filters.MultiFilter -F \\\"weka.filters.supervised.attribute.AttributeSelection -E \\\\\\\"weka.attributeSelection.WrapperSubsetEval -B weka.classifiers.bayes.NaiveBayes -F 5 -T 0.01 -R 1 -E AUC --\\\\\\\" -S \\\\\\\"weka.attributeSelection.GreedyStepwise -B -T -1.7976931348623157E308 -N -1 -num-slots 1\\\\\\\"\\\" -F \\\"weka.filters.supervised.instance.Resample -B 1.0 -S 1 -Z 200.0\\\" -S 1\" -S 1 -W weka.classifiers.trees.RandomForest -- -P 100 -I 100 -num-slots 1 -K 0 -M 1.0 -V 0.001 -S 1',-4523450618538717400,2.02604251033E7,4330.0,481.0,457.0,24.0,0.0,95.01039501039502,4.98960498960499,0.0,0.7996250781087273,0.06885086638118285,0.19804211406015765,29.852510210984214,58.31020920772974,272.1308087156738,2238.550206369775,-1966.4193976541012,0.565760517080403,4.653950532993295,-4.088190015912892,169.60357986480352,0.35260619514512165,62.32428465753312,0.90625,58.0,0.04316546762589928,18.0,0.9568345323741008,399.0,0.09375,6.0,0.7631578947368421,0.90625,0.8285714285714286,0.8036686737641933,0.9772369604316546,0.864373777128367,0.9501039501039501,0.08701941772984938,0.9129805822701507,0.0498960498960499,0.9556430924851977,0.9501039501039501,0.9518781474985855,0.8036686737641932,0.9772369604316546,0.9786392302148856,0.899687174139729,0.9501039501039501,9.665,0.01,9.59,0.01,9590.0,10.0,3139891.0,924503.0,104666.0,98.54469854469855,58.523908523908524,?,?
DatasetClassiRealeseNormalized,4,8,weka.classifiers.meta.FilteredClassifier,'-F \"weka.filters.MultiFilter -F \\\"weka.filters.supervised.attribute.AttributeSelection -E \\\\\\\"weka.attributeSelection.WrapperSubsetEval -B weka.classifiers.bayes.NaiveBayes -F 5 -T 0.01 -R 1 -E AUC --\\\\\\\" -S \\\\\\\"weka.attributeSelection.GreedyStepwise -B -T -1.7976931348623157E308 -N -1 -num-slots 1\\\\\\\"\\\" -F \\\"weka.filters.supervised.instance.Resample -B 1.0 -S 1 -Z 200.0\\\" -S 1\" -S 1 -W weka.classifiers.trees.RandomForest -- -P 100 -I 100 -num-slots 1 -K 0 -M 1.0 -V 0.001 -S 1',-4523450618538717400,2.02604251033E7,4330.0,481.0,459.0,22.0,0.0,95.42619542619542,4.573804573804574,0.0,0.8043341592396731,0.061148507687439436,0.18083137334083924,26.51290457289917,53.242792629563915,272.1308087156738,2214.4783238110517,-1942.347515095378,0.565760517080403,4.6039050391082155,-4.038144522027813,186.33056977744073,0.3873816419489412,68.47095727853495,0.84375,54.0,0.02877697841726619,12.0,0.9712230215827338,405.0,0.15625,10.0,0.8181818181818182,0.84375,0.8307692307692308,0.8044614375053459,0.9687125299760192,0.9044615285222544,0.9542619542619543,0.13928893267922046,0.8607110673207796,0.04573804573804574,0.9549177621466779,0.9542619542619543,0.9545588117703503,0.8044614375053459,0.9687125299760192,0.9802160474347485,0.9021634615384616,0.9542619542619543,9.661,0.006,9.6,0.01,9600.0,10.0,3048253.0,924503.0,104666.0,99.16839916839916,58.108108108108105,?,?
DatasetClassiRealeseNormalized,4,9,weka.classifiers.meta.FilteredClassifier,'-F \"weka.filters.MultiFilter -F \\\"weka.filters.supervised.attribute.AttributeSelection -E \\\\\\\"weka.attributeSelection.WrapperSubsetEval -B weka.classifiers.bayes.NaiveBayes -F 5 -T 0.01 -R 1 -E AUC --\\\\\\\" -S \\\\\\\"weka.attributeSelection.GreedyStepwise -B -T -1.7976931348623157E308 -N -1 -num-slots 1\\\\\\\"\\\" -F \\\"weka.filters.supervised.instance.Resample -B 1.0 -S 1 -Z 200.0\\\" -S 1\" -S 1 -W weka.classifiers.trees.RandomForest -- -P 100 -I 100 -num-slots 1 -K 0 -M 1.0 -V 0.001 -S 1',-4523450618538717400,2.0260425103400003E7,4330.0,481.0,463.0,18.0,0.0,96.25779625779626,3.7422037422037424,0.0,0.8356179988608315,0.06906874753961574,0.19786304706225344,29.946979603292057,58.257485906125204,272.1308087156738,4375.2661044950955,-4103.1352957794215,0.565760517080403,9.09618732743263,-8.530426810352228,171.43165408997385,0.3564067652598209,62.99604770920594,0.84375,54.0,0.019184652278177457,8.0,0.9808153477218226,409.0,0.15625,10.0,0.8709677419354839,0.84375,0.8571428571428571,0.8357574140120331,0.9482913669064749,0.85179379336625,0.9625779625779626,0.13801261485614005,0.86198738514386,0.037422037422037424,0.9621406822884997,0.9625779625779626,0.9623257254836203,0.835757414012033,0.9482913669064749,0.9685070953138623,0.9178058783321941,0.9625779625779626,9.706,0.008,9.65,0.01,9650.0,10.0,2981791.0,924503.0,104666.0,97.92099792099792,59.04365904365904,?,?
DatasetClassiRealeseNormalized,4,10,weka.classifiers.meta.FilteredClassifier,'-F \"weka.filters.MultiFilter -F \\\"weka.filters.supervised.attribute.AttributeSelection -E \\\\\\\"weka.attributeSelection.WrapperSubsetEval -B weka.classifiers.bayes.NaiveBayes -F 5 -T 0.01 -R 1 -E AUC --\\\\\\\" -S \\\\\\\"weka.attributeSelection.GreedyStepwise -B -T -1.7976931348623157E308 -N -1 -num-slots 1\\\\\\\"\\\" -F \\\"weka.filters.supervised.instance.Resample -B 1.0 -S 1 -Z 200.0\\\" -S 1\" -S 1 -W weka.classifiers.trees.RandomForest -- -P 100 -I 100 -num-slots 1 -K 0 -M 1.0 -V 0.001 -S 1',-4523450618538717400,2.0260425103400003E7,4330.0,481.0,465.0,16.0,0.0,96.67359667359668,3.3264033264033266,0.0,0.8613183407215195,0.04714116984115565,0.15911215747492946,20.439572194337043,46.84793047118309,272.1308087156738,1131.433853799871,-859.3030450841973,0.565760517080403,2.352253334303266,-1.7864928172228633,203.9812760680922,0.4240774970230607,74.95706826830282,0.921875,59.0,0.026378896882494004,11.0,0.973621103117506,406.0,0.078125,5.0,0.8428571428571429,0.921875,0.880597014925373,0.8624854629132681,0.9800659472422062,0.9451655108595021,0.9667359667359667,0.07123986361846073,0.9287601363815393,0.033264033264033266,0.9685444167195992,0.9667359667359667,0.967360162038942,0.8624854629132681,0.9800659472422062,0.9883730389421616,0.9306366717138943,0.9667359667359667,9.72,0.011,9.64,0.01,9640.0,10.0,3172786.0,924503.0,104666.0,98.96049896049897,56.444906444906444,?,?
DatasetClassiRealeseNormalized,5,1,weka.classifiers.meta.FilteredClassifier,'-F \"weka.filters.MultiFilter -F \\\"weka.filters.supervised.attribute.AttributeSelection -E \\\\\\\"weka.attributeSelection.WrapperSubsetEval -B weka.classifiers.bayes.NaiveBayes -F 5 -T 0.01 -R 1 -E AUC --\\\\\\\" -S \\\\\\\"weka.attributeSelection.GreedyStepwise -B -T -1.7976931348623157E308 -N -1 -num-slots 1\\\\\\\"\\\" -F \\\"weka.filters.supervised.instance.Resample -B 1.0 -S 1 -Z 200.0\\\" -S 1\" -S 1 -W weka.classifiers.trees.RandomForest -- -P 100 -I 100 -num-slots 1 -K 0 -M 1.0 -V 0.001 -S 1',-4523450618538717400,2.0260425103400003E7,4329.0,482.0,462.0,20.0,0.0,95.850622406639,4.149377593360996,0.0,0.826705975408068,0.06164898167166885,0.17962079811418682,26.750789563829997,52.932870410455536,272.3366817903761,1148.3742888290974,-876.0376070387213,0.565013862635635,2.3825192714296626,-1.8175054087940274,180.49767230501863,0.3744764985581299,66.27740013515766,0.890625,57.0,0.03110047846889952,13.0,0.9688995215311005,405.0,0.109375,7.0,0.8142857142857143,0.890625,0.8507462686567163,0.8278254447607162,0.9723945873205742,0.9203723650783306,0.9585062240663901,0.09898170253528957,0.9010182974647104,0.04149377593360996,0.9606065227525163,0.9585062240663901,0.9592852116958577,0.8278254447607162,0.9723945873205742,0.9838345220819947,0.913324941557274,0.9585062240663901,9.662,0.011,9.6,0.01,9600.0,10.0,3140094.0,924290.0,104879.0,98.96265560165975,59.024896265560166,?,?
DatasetClassiRealeseNormalized,5,2,weka.classifiers.meta.FilteredClassifier,'-F \"weka.filters.MultiFilter -F \\\"weka.filters.supervised.attribute.AttributeSelection -E \\\\\\\"weka.attributeSelection.WrapperSubsetEval -B weka.classifiers.bayes.NaiveBayes -F 5 -T 0.01 -R 1 -E AUC --\\\\\\\" -S \\\\\\\"weka.attributeSelection.GreedyStepwise -B -T -1.7976931348623157E308 -N -1 -num-slots 1\\\\\\\"\\\" -F \\\"weka.filters.supervised.instance.Resample -B 1.0 -S 1 -Z 200.0\\\" -S 1\" -S 1 -W weka.classifiers.trees.RandomForest -- -P 100 -I 100 -num-slots 1 -K 0 -M 1.0 -V 0.001 -S 1',-4523450618538717400,2.0260425103400003E7,4330.0,481.0,460.0,21.0,0.0,95.63409563409563,4.365904365904366,0.0,0.8094977651207969,0.06927484805770162,0.20955565820963926,30.213949672329004,62.11216535216516,269.42867131105754,8661.922450895057,-8392.493779584,0.5601427677984564,18.008154783565608,-17.44801201576715,172.1970033052116,0.35799792786946283,63.91190754394837,0.8412698412698413,53.0,0.02631578947368421,11.0,0.9736842105263158,407.0,0.15873015873015872,10.0,0.828125,0.8412698412698413,0.8346456692913385,0.809531075074139,0.9524379129642288,0.7652160917554314,0.9563409563409564,0.14138690454479927,0.8586130954552008,0.04365904365904366,0.9566484286583208,0.9563409563409564,0.9564866991996983,0.809531075074139,0.9524379129642286,0.9597967689757022,0.904747984346268,0.9563409563409564,9.672,0.012,9.61,0.02,9610.0,20.0,2990458.0,924503.0,104666.0,97.5051975051975,57.484407484407484,?,?
DatasetClassiRealeseNormalized,5,3,weka.classifiers.meta.FilteredClassifier,'-F \"weka.filters.MultiFilter -F \\\"weka.filters.supervised.attribute.AttributeSelection -E \\\\\\\"weka.attributeSelection.WrapperSubsetEval -B weka.classifiers.bayes.NaiveBayes -F 5 -T 0.01 -R 1 -E AUC --\\\\\\\" -S \\\\\\\"weka.attributeSelection.GreedyStepwise -B -T -1.7976931348623157E308 -N -1 -num-slots 1\\\\\\\"\\\" -F \\\"weka.filters.supervised.instance.Resample -B 1.0 -S 1 -Z 200.0\\\" -S 1\" -S 1 -W weka.classifiers.trees.RandomForest -- -P 100 -I 100 -num-slots 1 -K 0 -M 1.0 -V 0.001 -S 1',-4523450618538717400,2.0260425103400003E7,4330.0,481.0,459.0,22.0,0.0,95.42619542619542,4.573804573804574,0.0,0.8163229882663333,0.06488723186745136,0.1958668219491855,28.133948833140504,57.66973059700264,272.1308087156738,6508.410726108254,-6236.27991739258,0.565760517080403,13.53099943057849,-12.965238913498087,175.53480175536347,0.3649372177866185,64.503832764766,0.921875,59.0,0.0407673860911271,17.0,0.9592326139088729,400.0,0.078125,5.0,0.7763157894736842,0.921875,0.842857142857143,0.8204510229905794,0.971691396882494,0.8170060721420132,0.9542619542619543,0.07315434035308135,0.9268456596469187,0.04573804573804574,0.9595344332186437,0.9542619542619543,0.9558883018737033,0.8204510229905794,0.971691396882494,0.9702139421230902,0.9080465762947516,0.9542619542619543,9.679,0.009,9.62,0.01,9620.0,10.0,3140694.0,924503.0,104666.0,98.12889812889813,58.21205821205821,?,?
DatasetClassiRealeseNormalized,5,4,weka.classifiers.meta.FilteredClassifier,'-F \"weka.filters.MultiFilter -F \\\"weka.filters.supervised.attribute.AttributeSelection -E \\\\\\\"weka.attributeSelection.WrapperSubsetEval -B weka.classifiers.bayes.NaiveBayes -F 5 -T 0.01 -R 1 -E AUC --\\\\\\\" -S \\\\\\\"weka.attributeSelection.GreedyStepwise -B -T -1.7976931348623157E308 -N -1 -num-slots 1\\\\\\\"\\\" -F \\\"weka.filters.supervised.instance.Resample -B 1.0 -S 1 -Z 200.0\\\" -S 1\" -S 1 -W weka.classifiers.trees.RandomForest -- -P 100 -I 100 -num-slots 1 -K 0 -M 1.0 -V 0.001 -S 1',-4523450618538717400,2.0260425103400003E7,4330.0,481.0,460.0,21.0,0.0,95.63409563409563,4.365904365904366,0.0,0.8213887857408096,0.05982706829583017,0.18958492054307516,25.93995197252356,55.82012912738109,272.1308087156738,87.241464321306,184.8893443943678,0.565760517080403,0.18137518569918087,0.38438533138122205,187.49641323344431,0.38980543291776365,68.89937016625827,0.90625,58.0,0.03597122302158273,15.0,0.9640287769784173,402.0,0.09375,6.0,0.7945205479452054,0.90625,0.8467153284671532,0.823805895488415,0.9871665167865707,0.9150005106964576,0.9563409563409564,0.08606217936253907,0.913937820637461,0.04365904365904366,0.9599105241732155,0.9563409563409564,0.9575368722813978,0.8238058954884151,0.9871665167865707,0.9869865137086987,0.9106303915063039,0.9563409563409564,9.682,0.012,9.62,0.01,9620.0,10.0,3096398.0,924503.0,104666.0,98.75259875259876,57.06860706860707,?,?
DatasetClassiRealeseNormalized,5,5,weka.classifiers.meta.FilteredClassifier,'-F \"weka.filters.MultiFilter -F \\\"weka.filters.supervised.attribute.AttributeSelection -E \\\\\\\"weka.attributeSelection.WrapperSubsetEval -B weka.classifiers.bayes.NaiveBayes -F 5 -T 0.01 -R 1 -E AUC --\\\\\\\" -S \\\\\\\"weka.attributeSelection.GreedyStepwise -B -T -1.7976931348623157E308 -N -1 -num-slots 1\\\\\\\"\\\" -F \\\"weka.filters.supervised.instance.Resample -B 1.0 -S 1 -Z 200.0\\\" -S 1\" -S 1 -W weka.classifiers.trees.RandomForest -- -P 100 -I 100 -num-slots 1 -K 0 -M 1.0 -V 0.001 -S 1',-4523450618538717400,2.02604251035E7,4330.0,481.0,466.0,15.0,0.0,96.88149688149689,3.1185031185031185,0.0,0.8691536243448617,0.051092356409556956,0.14856663535232395,22.152736364642102,43.74297673903356,272.1308087156738,1124.1676343113818,-852.036825595708,0.565760517080403,2.3371468488802116,-1.7713863317998089,203.16088580822614,0.4223719039672061,74.65559918299861,0.921875,59.0,0.023980815347721823,10.0,0.9760191846522782,407.0,0.078125,5.0,0.855072463768116,0.921875,0.887218045112782,0.8699815047390957,0.9919252098321343,0.9360828935910241,0.9688149688149689,0.07092078416269064,0.9290792158373093,0.031185031185031187,0.9701953390218482,0.9688149688149689,0.9693071094886853,0.8699815047390959,0.9919252098321343,0.9903567438417188,0.9345619779243042,0.9688149688149689,11.622,0.011,11.55,0.01,11550.0,10.0,3276651.0,924503.0,104666.0,99.37629937629937,58.00415800415801,?,?
DatasetClassiRealeseNormalized,5,6,weka.classifiers.meta.FilteredClassifier,'-F \"weka.filters.MultiFilter -F \\\"weka.filters.supervised.attribute.AttributeSelection -E \\\\\\\"weka.attributeSelection.WrapperSubsetEval -B weka.classifiers.bayes.NaiveBayes -F 5 -T 0.01 -R 1 -E AUC --\\\\\\\" -S \\\\\\\"weka.attributeSelection.GreedyStepwise -B -T -1.7976931348623157E308 -N -1 -num-slots 1\\\\\\\"\\\" -F \\\"weka.filters.supervised.instance.Resample -B 1.0 -S 1 -Z 200.0\\\" -S 1\" -S 1 -W weka.classifiers.trees.RandomForest -- -P 100 -I 100 -num-slots 1 -K 0 -M 1.0 -V 0.001 -S 1',-4523450618538717400,2.02604251035E7,4330.0,481.0,467.0,14.0,0.0,97.0893970893971,2.9106029106029108,0.0,0.8770898736949697,0.05138168395528831,0.16036001497769356,22.27818363883392,47.215341374631166,272.1308087156738,2203.1877627396516,-1931.0569540239778,0.565760517080403,4.580431939167675,-4.014671422087272,198.77057838303793,0.41324444570278157,73.04229143371866,0.921875,59.0,0.02158273381294964,9.0,0.9784172661870504,408.0,0.078125,5.0,0.8676470588235294,0.921875,0.893939393939394,0.8776311951668322,0.9785671462829736,0.9164424987062982,0.9708939708939709,0.07060170470692054,0.9293982952930795,0.029106029106029108,0.9718939409866628,0.9708939708939709,0.9712648363250771,0.8776311951668321,0.9785671462829736,0.9844668417539885,0.9385359620299379,0.9708939708939709,9.658,0.011,9.6,0.01,9600.0,10.0,3146682.0,924503.0,104666.0,98.96049896049897,57.7962577962578,?,?
DatasetClassiRealeseNormalized,5,7,weka.classifiers.meta.FilteredClassifier,'-F \"weka.filters.MultiFilter -F \\\"weka.filters.supervised.attribute.AttributeSelection -E \\\\\\\"weka.attributeSelection.WrapperSubsetEval -B weka.classifiers.bayes.NaiveBayes -F 5 -T 0.01 -R 1 -E AUC --\\\\\\\" -S \\\\\\\"weka.attributeSelection.GreedyStepwise -B -T -1.7976931348623157E308 -N -1 -num-slots 1\\\\\\\"\\\" -F \\\"weka.filters.supervised.instance.Resample -B 1.0 -S 1 -Z 200.0\\\" -S 1\" -S 1 -W weka.classifiers.trees.RandomForest -- -P 100 -I 100 -num-slots 1 -K 0 -M 1.0 -V 0.001 -S 1',-4523450618538717400,2.02604251035E7,4330.0,481.0,453.0,28.0,0.0,94.17879417879418,5.8212058212058215,0.0,0.757307096262659,0.07130097413053084,0.2144351336996262,30.914833322511715,63.136861403703946,272.1308087156738,5454.830296065702,-5182.699487350028,0.565760517080403,11.34060352612412,-10.774843009043718,167.6416464436516,0.3485273314836832,61.603332321995936,0.828125,53.0,0.0407673860911271,17.0,0.9592326139088729,400.0,0.171875,11.0,0.7571428571428571,0.828125,0.7910447761194029,0.7583332788901838,0.955654226618705,0.8029848107310185,0.9417879417879418,0.15443032787906888,0.8455696721209311,0.058212058212058215,0.944483490468892,0.9417879417879418,0.9428802835681486,0.7583332788901838,0.955654226618705,0.9647661754693972,0.8786141754993151,0.9417879417879418,9.65,0.01,9.6,0.01,9600.0,10.0,2947755.0,924503.0,104666.0,97.92099792099792,56.96465696465697,?,?
DatasetClassiRealeseNormalized,5,8,weka.classifiers.meta.FilteredClassifier,'-F \"weka.filters.MultiFilter -F \\\"weka.filters.supervised.attribute.AttributeSelection -E \\\\\\\"weka.attributeSelection.WrapperSubsetEval -B weka.classifiers.bayes.NaiveBayes -F 5 -T 0.01 -R 1 -E AUC --\\\\\\\" -S \\\\\\\"weka.attributeSelection.GreedyStepwise -B -T -1.7976931348623157E308 -N -1 -num-slots 1\\\\\\\"\\\" -F \\\"weka.filters.supervised.instance.Resample -B 1.0 -S 1 -Z 200.0\\\" -S 1\" -S 1 -W weka.classifiers.trees.RandomForest -- -P 100 -I 100 -num-slots 1 -K 0 -M 1.0 -V 0.001 -S 1',-4523450618538717400,2.02604251035E7,4330.0,481.0,462.0,19.0,0.0,96.04989604989605,3.95010395010395,0.0,0.8299056375514157,0.0563081461619475,0.17466121366820184,24.41420996730602,51.426091656318924,272.1308087156738,3277.8942906407383,-3005.7634819250643,0.565760517080403,6.81474904499114,-6.248988527910736,193.21133539957142,0.401686767982477,70.99943454085032,0.859375,55.0,0.023980815347721823,10.0,0.9760191846522782,407.0,0.140625,9.0,0.8461538461538461,0.859375,0.8527131782945736,0.8299388956535205,0.9869229616306955,0.8759106417229042,0.9604989604989606,0.1251047758466823,0.8748952241533177,0.0395010395010395,0.96077382856229,0.9604989604989606,0.9606283551954843,0.8299388956535205,0.9869229616306955,0.9816864775496926,0.9149520273225569,0.9604989604989606,9.697,0.009,9.63,0.01,9630.0,10.0,3105623.0,924503.0,104666.0,98.96049896049897,57.17255717255717,?,?
DatasetClassiRealeseNormalized,5,9,weka.classifiers.meta.FilteredClassifier,'-F \"weka.filters.MultiFilter -F \\\"weka.filters.supervised.attribute.AttributeSelection -E \\\\\\\"weka.attributeSelection.WrapperSubsetEval -B weka.classifiers.bayes.NaiveBayes -F 5 -T 0.01 -R 1 -E AUC --\\\\\\\" -S \\\\\\\"weka.attributeSelection.GreedyStepwise -B -T -1.7976931348623157E308 -N -1 -num-slots 1\\\\\\\"\\\" -F \\\"weka.filters.supervised.instance.Resample -B 1.0 -S 1 -Z 200.0\\\" -S 1\" -S 1 -W weka.classifiers.trees.RandomForest -- -P 100 -I 100 -num-slots 1 -K 0 -M 1.0 -V 0.001 -S 1',-4523450618538717400,2.02604251035E7,4330.0,481.0,451.0,30.0,0.0,93.76299376299376,6.237006237006237,0.0,0.7296537769784173,0.08140278055105382,0.21015579004996984,35.29479678801818,61.8768797848073,272.1308087156738,2237.973479619429,-1965.842670903755,0.565760517080403,4.6527515168803095,-4.086990999799907,151.1114936432567,0.3141611094454401,55.5289915009734,0.765625,49.0,0.03597122302158273,15.0,0.9640287769784173,402.0,0.234375,15.0,0.765625,0.765625,0.765625,0.7296537769784173,0.9578649580335732,0.8621829468253849,0.9376299376299376,0.20797616065152036,0.7920238393484796,0.062370062370062374,0.9376299376299376,0.9376299376299376,0.9376299376299376,0.7296537769784173,0.9578649580335732,0.9729028101121553,0.8648268884892086,0.9376299376299376,11.76,0.013,11.69,0.01,11690.0,10.0,3439560.0,924503.0,104666.0,99.16839916839916,60.810810810810814,?,?
DatasetClassiRealeseNormalized,5,10,weka.classifiers.meta.FilteredClassifier,'-F \"weka.filters.MultiFilter -F \\\"weka.filters.supervised.attribute.AttributeSelection -E \\\\\\\"weka.attributeSelection.WrapperSubsetEval -B weka.classifiers.bayes.NaiveBayes -F 5 -T 0.01 -R 1 -E AUC --\\\\\\\" -S \\\\\\\"weka.attributeSelection.GreedyStepwise -B -T -1.7976931348623157E308 -N -1 -num-slots 1\\\\\\\"\\\" -F \\\"weka.filters.supervised.instance.Resample -B 1.0 -S 1 -Z 200.0\\\" -S 1\" -S 1 -W weka.classifiers.trees.RandomForest -- -P 100 -I 100 -num-slots 1 -K 0 -M 1.0 -V 0.001 -S 1',-4523450618538717400,2.02604251035E7,4330.0,481.0,464.0,17.0,0.0,96.46569646569647,3.5343035343035343,0.0,0.853582108260068,0.06129180349346151,0.17507365846324446,26.57503508391964,51.54752917176713,272.1308087156738,75.91067451409066,196.22013420158316,0.565760517080403,0.1578184501332446,0.40794206694715834,180.6331237931462,0.3755366399025909,66.37731488237125,0.921875,59.0,0.02877697841726619,12.0,0.9712230215827338,405.0,0.078125,5.0,0.8309859154929577,0.921875,0.874074074074074,0.8551376718413727,0.9932179256594724,0.9556770063003182,0.9646569646569647,0.07155894307423084,0.9284410569257692,0.035343035343035345,0.9669391533012283,0.9646569646569647,0.9654236880355381,0.8551376718413727,0.9932179256594724,0.9931807580093719,0.9267589233731918,0.9646569646569647,9.655,0.008,9.59,0.01,9590.0,10.0,3113481.0,924503.0,104666.0,99.16839916839916,59.147609147609145,?,?
DatasetClassiRealeseNormalized,6,1,weka.classifiers.meta.FilteredClassifier,'-F \"weka.filters.MultiFilter -F \\\"weka.filters.supervised.attribute.AttributeSelection -E \\\\\\\"weka.attributeSelection.WrapperSubsetEval -B weka.classifiers.bayes.NaiveBayes -F 5 -T 0.01 -R 1 -E AUC --\\\\\\\" -S \\\\\\\"weka.attributeSelection.GreedyStepwise -B -T -1.7976931348623157E308 -N -1 -num-slots 1\\\\\\\"\\\" -F \\\"weka.filters.supervised.instance.Resample -B 1.0 -S 1 -Z 200.0\\\" -S 1\" -S 1 -W weka.classifiers.trees.RandomForest -- -P 100 -I 100 -num-slots 1 -K 0 -M 1.0 -V 0.001 -S 1',-4523450618538717400,2.0260425103600003E7,4329.0,482.0,459.0,23.0,0.0,95.22821576763485,4.771784232365145,0.0,0.801972062448644,0.0644378460709585,0.19185102961772704,27.960936473713826,56.53702575362029,272.3366817903761,2224.192639828889,-1951.8559580385127,0.565013862635635,4.614507551512218,-4.0494936888765825,177.80810942494884,0.36889649258288143,65.28981268921089,0.875,56.0,0.03588516746411483,15.0,0.9641148325358851,403.0,0.125,8.0,0.7887323943661971,0.875,0.8296296296296297,0.8034325831006172,0.9834218002392344,0.8826608313811576,0.9522821576763485,0.11316732514046338,0.8868326748595367,0.04771784232365145,0.9550676767594898,0.9522821576763485,0.9533178243787939,0.8034325831006172,0.9834218002392345,0.9820568629968117,0.9009426797122817,0.9522821576763485,9.73,0.007,9.66,0.01,9660.0,10.0,3017742.0,924290.0,104879.0,98.7551867219917,58.09128630705394,?,?
DatasetClassiRealeseNormalized,6,2,weka.classifiers.meta.FilteredClassifier,'-F \"weka.filters.MultiFilter -F \\\"weka.filters.supervised.attribute.AttributeSelection -E \\\\\\\"weka.attributeSelection.WrapperSubsetEval -B weka.classifiers.bayes.NaiveBayes -F 5 -T 0.01 -R 1 -E AUC --\\\\\\\" -S \\\\\\\"weka.attributeSelection.GreedyStepwise -B -T -1.7976931348623157E308 -N -1 -num-slots 1\\\\\\\"\\\" -F \\\"weka.filters.supervised.instance.Resample -B 1.0 -S 1 -Z 200.0\\\" -S 1\" -S 1 -W weka.classifiers.trees.RandomForest -- -P 100 -I 100 -num-slots 1 -K 0 -M 1.0 -V 0.001 -S 1',-4523450618538717400,2.0260425103600003E7,4330.0,481.0,465.0,16.0,0.0,96.67359667359668,3.3264033264033266,0.0,0.8538771170350118,0.056386979625967476,0.17223665895133927,24.59295707403889,51.050837433307585,269.42867131105754,2208.758696222927,-1939.3300249118695,0.5601427677984564,4.592013921461387,-4.03187115366293,188.6289781125552,0.3921600376560399,70.01072944266632,0.873015873015873,55.0,0.019138755980861243,8.0,0.9808612440191388,410.0,0.12698412698412698,8.0,0.873015873015873,0.873015873015873,0.8730158730158731,0.8538771170350118,0.9775955039112934,0.9035526302975738,0.9667359667359667,0.11285884970095496,0.8871411502990452,0.033264033264033266,0.9667359667359667,0.9667359667359667,0.9667359667359667,0.8538771170350119,0.9775955039112934,0.9828160214628701,0.926938558517506,0.9667359667359667,9.669,0.011,9.61,0.01,9610.0,10.0,3258689.0,924503.0,104666.0,99.16839916839916,57.276507276507274,?,?
DatasetClassiRealeseNormalized,6,3,weka.classifiers.meta.FilteredClassifier,'-F \"weka.filters.MultiFilter -F \\\"weka.filters.supervised.attribute.AttributeSelection -E \\\\\\\"weka.attributeSelection.WrapperSubsetEval -B weka.classifiers.bayes.NaiveBayes -F 5 -T 0.01 -R 1 -E AUC --\\\\\\\" -S \\\\\\\"weka.attributeSelection.GreedyStepwise -B -T -1.7976931348623157E308 -N -1 -num-slots 1\\\\\\\"\\\" -F \\\"weka.filters.supervised.instance.Resample -B 1.0 -S 1 -Z 200.0\\\" -S 1\" -S 1 -W weka.classifiers.trees.RandomForest -- -P 100 -I 100 -num-slots 1 -K 0 -M 1.0 -V 0.001 -S 1',-4523450618538717400,2.0260425103600003E7,4330.0,481.0,462.0,19.0,0.0,96.04989604989605,3.95010395010395,0.0,0.8299056375514157,0.06103093031429451,0.1845340617913337,26.46192511662106,54.33298770854492,272.1308087156738,3292.396373855424,-3020.26556513975,0.565760517080403,6.844898906144333,-6.279138389063929,186.06451662096907,0.3868285168835116,68.37319063545354,0.859375,55.0,0.023980815347721823,10.0,0.9760191846522782,407.0,0.140625,9.0,0.8461538461538461,0.859375,0.8527131782945736,0.8299388956535205,0.9793914868105515,0.8596216191767062,0.9604989604989606,0.1251047758466823,0.8748952241533177,0.0395010395010395,0.96077382856229,0.9604989604989606,0.9606283551954843,0.8299388956535205,0.9793914868105515,0.9782888751728913,0.9149520273225569,0.9604989604989606,9.684,0.011,9.63,0.01,9630.0,10.0,3156563.0,924503.0,104666.0,98.33679833679834,58.731808731808734,?,?
DatasetClassiRealeseNormalized,6,4,weka.classifiers.meta.FilteredClassifier,'-F \"weka.filters.MultiFilter -F \\\"weka.filters.supervised.attribute.AttributeSelection -E \\\\\\\"weka.attributeSelection.WrapperSubsetEval -B weka.classifiers.bayes.NaiveBayes -F 5 -T 0.01 -R 1 -E AUC --\\\\\\\" -S \\\\\\\"weka.attributeSelection.GreedyStepwise -B -T -1.7976931348623157E308 -N -1 -num-slots 1\\\\\\\"\\\" -F \\\"weka.filters.supervised.instance.Resample -B 1.0 -S 1 -Z 200.0\\\" -S 1\" -S 1 -W weka.classifiers.trees.RandomForest -- -P 100 -I 100 -num-slots 1 -K 0 -M 1.0 -V 0.001 -S 1',-4523450618538717400,2.0260425103600003E7,4330.0,481.0,462.0,19.0,0.0,96.04989604989605,3.95010395010395,0.0,0.8363564739377229,0.059721020109410904,0.18339042945308837,25.89397136640583,53.99626417266328,272.1308087156738,4362.506091313954,-4090.37528259828,0.565760517080403,9.069659233500944,-8.50389871642054,189.36139914331113,0.39368274250168633,69.58469716714752,0.90625,58.0,0.03117505995203837,13.0,0.9688249400479616,404.0,0.09375,6.0,0.8169014084507042,0.90625,0.8592592592592593,0.8378806456128978,0.9750449640287769,0.8491682837573045,0.9604989604989606,0.08542402045099887,0.9145759795490012,0.0395010395010395,0.9629506260217355,0.9604989604989606,0.9613558866279545,0.8378806456128978,0.975044964028777,0.9750350748954468,0.9181423261229791,0.9604989604989606,9.65,0.009,9.59,0.01,9590.0,10.0,3039552.0,924503.0,104666.0,98.12889812889813,57.9002079002079,?,?
DatasetClassiRealeseNormalized,6,5,weka.classifiers.meta.FilteredClassifier,'-F \"weka.filters.MultiFilter -F \\\"weka.filters.supervised.attribute.AttributeSelection -E \\\\\\\"weka.attributeSelection.WrapperSubsetEval -B weka.classifiers.bayes.NaiveBayes -F 5 -T 0.01 -R 1 -E AUC --\\\\\\\" -S \\\\\\\"weka.attributeSelection.GreedyStepwise -B -T -1.7976931348623157E308 -N -1 -num-slots 1\\\\\\\"\\\" -F \\\"weka.filters.supervised.instance.Resample -B 1.0 -S 1 -Z 200.0\\\" -S 1\" -S 1 -W weka.classifiers.trees.RandomForest -- -P 100 -I 100 -num-slots 1 -K 0 -M 1.0 -V 0.001 -S 1',-4523450618538717400,2.0260425103600003E7,4330.0,481.0,456.0,25.0,0.0,94.8024948024948,5.197505197505198,0.0,0.7819227072414359,0.07078539083144916,0.2027595105533692,30.691285580712268,59.69916820637697,272.1308087156738,5441.26826553356,-5169.137456817886,0.565760517080403,11.312408036452307,-10.746647519371905,171.13779231436104,0.35579582601738263,62.88806222347587,0.84375,54.0,0.03597122302158273,15.0,0.9640287769784173,402.0,0.15625,10.0,0.782608695652174,0.84375,0.81203007518797,0.7826674990262249,0.9610311750599521,0.8087265789039935,0.9480249480249481,0.14024617104653075,0.8597538289534693,0.05197505197505198,0.9500324268158798,0.9480249480249481,0.948845182481142,0.7826674990262249,0.9610311750599521,0.9664390975630274,0.8909366298738403,0.9480249480249481,11.735,0.009,11.66,0.01,11660.0,10.0,3492934.0,924503.0,104666.0,98.54469854469855,58.731808731808734,?,?
DatasetClassiRealeseNormalized,6,6,weka.classifiers.meta.FilteredClassifier,'-F \"weka.filters.MultiFilter -F \\\"weka.filters.supervised.attribute.AttributeSelection -E \\\\\\\"weka.attributeSelection.WrapperSubsetEval -B weka.classifiers.bayes.NaiveBayes -F 5 -T 0.01 -R 1 -E AUC --\\\\\\\" -S \\\\\\\"weka.attributeSelection.GreedyStepwise -B -T -1.7976931348623157E308 -N -1 -num-slots 1\\\\\\\"\\\" -F \\\"weka.filters.supervised.instance.Resample -B 1.0 -S 1 -Z 200.0\\\" -S 1\" -S 1 -W weka.classifiers.trees.RandomForest -- -P 100 -I 100 -num-slots 1 -K 0 -M 1.0 -V 0.001 -S 1',-4523450618538717400,2.02604251037E7,4330.0,481.0,461.0,20.0,0.0,95.84199584199584,4.158004158004158,0.0,0.8309492847854356,0.07689683069872608,0.1969916146667696,33.3410971318355,58.000907119677684,272.1308087156738,5440.821851677779,-5168.691042962105,0.565760517080403,11.311479941118042,-10.74571942403764,161.99449421110282,0.336786890251773,59.52817138773764,0.921875,59.0,0.03597122302158273,15.0,0.9640287769784173,402.0,0.078125,5.0,0.7972972972972973,0.921875,0.8550724637681159,0.8339336593919453,0.9641411870503597,0.8341639269012933,0.9584199584199584,0.07251618144154115,0.9274838185584589,0.04158004158004158,0.9623787461625299,0.9584199584199584,0.9596741755880632,0.8339336593919453,0.9641411870503597,0.9699035006318246,0.9154003095539608,0.9584199584199584,11.771,0.009,11.67,0.01,11670.0,10.0,3626396.0,924503.0,104666.0,98.54469854469855,61.642411642411645,?,?
DatasetClassiRealeseNormalized,6,7,weka.classifiers.meta.FilteredClassifier,'-F \"weka.filters.MultiFilter -F \\\"weka.filters.supervised.attribute.AttributeSelection -E \\\\\\\"weka.attributeSelection.WrapperSubsetEval -B weka.classifiers.bayes.NaiveBayes -F 5 -T 0.01 -R 1 -E AUC --\\\\\\\" -S \\\\\\\"weka.attributeSelection.GreedyStepwise -B -T -1.7976931348623157E308 -N -1 -num-slots 1\\\\\\\"\\\" -F \\\"weka.filters.supervised.instance.Resample -B 1.0 -S 1 -Z 200.0\\\" -S 1\" -S 1 -W weka.classifiers.trees.RandomForest -- -P 100 -I 100 -num-slots 1 -K 0 -M 1.0 -V 0.001 -S 1',-4523450618538717400,2.02604251037E7,4330.0,481.0,461.0,20.0,0.0,95.84199584199584,4.158004158004158,0.0,0.8288256227758007,0.06097564912263403,0.19869800129842505,26.43795617584719,58.5033243047966,272.1308087156738,2236.6245022763815,-1964.4936935607077,0.565760517080403,4.649946990179587,-4.084186473099185,182.25299723156036,0.37890436014877416,66.97257032076104,0.90625,58.0,0.03357314148681055,14.0,0.9664268585131894,403.0,0.09375,6.0,0.8055555555555556,0.90625,0.8529411764705882,0.8307752921676284,0.9779676258992805,0.8524785688618652,0.9584199584199584,0.08574309990676897,0.914256900093231,0.04158004158004158,0.9614099711899223,0.9584199584199584,0.9594415446858119,0.8307752921676284,0.9779676258992805,0.9770935744770115,0.9143640507050277,0.9584199584199584,9.774,0.007,9.65,0.0,9650.0,0.0,3203508.0,924503.0,104666.0,98.33679833679834,56.86070686070686,?,?
DatasetClassiRealeseNormalized,6,8,weka.classifiers.meta.FilteredClassifier,'-F \"weka.filters.MultiFilter -F \\\"weka.filters.supervised.attribute.AttributeSelection -E \\\\\\\"weka.attributeSelection.WrapperSubsetEval -B weka.classifiers.bayes.NaiveBayes -F 5 -T 0.01 -R 1 -E AUC --\\\\\\\" -S \\\\\\\"weka.attributeSelection.GreedyStepwise -B -T -1.7976931348623157E308 -N -1 -num-slots 1\\\\\\\"\\\" -F \\\"weka.filters.supervised.instance.Resample -B 1.0 -S 1 -Z 200.0\\\" -S 1\" -S 1 -W weka.classifiers.trees.RandomForest -- -P 100 -I 100 -num-slots 1 -K 0 -M 1.0 -V 0.001 -S 1',-4523450618538717400,2.02604251037E7,4330.0,481.0,459.0,22.0,0.0,95.42619542619542,4.573804573804574,0.0,0.8068555158063809,0.06113761260673067,0.17255713822792748,26.508180659821484,50.806581610723406,272.1308087156738,3276.095604913199,-3003.964796197525,0.565760517080403,6.811009573624115,-6.245249056543711,181.5501519082513,0.37744314326039774,66.71429551291178,0.859375,55.0,0.03117505995203837,13.0,0.9688249400479616,404.0,0.140625,9.0,0.8088235294117647,0.859375,0.8333333333333333,0.8073534901058181,0.9777428057553957,0.8892051403487284,0.9542619542619543,0.12606201421399263,0.8739379857860073,0.04573804573804574,0.9556705588609876,0.9542619542619543,0.95484474279655,0.8073534901058181,0.9777428057553957,0.9807411735778853,0.9034136546184739,0.9542619542619543,11.733,0.009,11.66,0.01,11660.0,10.0,3519976.0,924503.0,104666.0,99.37629937629937,58.93970893970894,?,?
DatasetClassiRealeseNormalized,6,9,weka.classifiers.meta.FilteredClassifier,'-F \"weka.filters.MultiFilter -F \\\"weka.filters.supervised.attribute.AttributeSelection -E \\\\\\\"weka.attributeSelection.WrapperSubsetEval -B weka.classifiers.bayes.NaiveBayes -F 5 -T 0.01 -R 1 -E AUC --\\\\\\\" -S \\\\\\\"weka.attributeSelection.GreedyStepwise -B -T -1.7976931348623157E308 -N -1 -num-slots 1\\\\\\\"\\\" -F \\\"weka.filters.supervised.instance.Resample -B 1.0 -S 1 -Z 200.0\\\" -S 1\" -S 1 -W weka.classifiers.trees.RandomForest -- -P 100 -I 100 -num-slots 1 -K 0 -M 1.0 -V 0.001 -S 1',-4523450618538717400,2.02604251037E7,4330.0,481.0,465.0,16.0,0.0,96.67359667359668,3.3264033264033266,0.0,0.8613183407215195,0.05571720847817785,0.1653247146437404,24.15798990551156,48.6771146825691,272.1308087156738,3274.0570175119174,-3001.9262087962434,0.565760517080403,6.806771346178622,-6.241010829098219,195.28083253579163,0.40598925683116766,71.75991335101784,0.921875,59.0,0.026378896882494004,11.0,0.973621103117506,406.0,0.078125,5.0,0.8428571428571429,0.921875,0.880597014925373,0.8624854629132681,0.9709045263788969,0.9123211297635322,0.9667359667359667,0.07123986361846073,0.9287601363815393,0.033264033264033266,0.9685444167195992,0.9667359667359667,0.967360162038942,0.8624854629132681,0.9709045263788969,0.9813475775615073,0.9306366717138943,0.9667359667359667,9.716,0.009,9.63,0.01,9630.0,10.0,3217987.0,924503.0,104666.0,99.37629937629937,59.25155925155925,?,?
DatasetClassiRealeseNormalized,6,10,weka.classifiers.meta.FilteredClassifier,'-F \"weka.filters.MultiFilter -F \\\"weka.filters.supervised.attribute.AttributeSelection -E \\\\\\\"weka.attributeSelection.WrapperSubsetEval -B weka.classifiers.bayes.NaiveBayes -F 5 -T 0.01 -R 1 -E AUC --\\\\\\\" -S \\\\\\\"weka.attributeSelection.GreedyStepwise -B -T -1.7976931348623157E308 -N -1 -num-slots 1\\\\\\\"\\\" -F \\\"weka.filters.supervised.instance.Resample -B 1.0 -S 1 -Z 200.0\\\" -S 1\" -S 1 -W weka.classifiers.trees.RandomForest -- -P 100 -I 100 -num-slots 1 -K 0 -M 1.0 -V 0.001 -S 1',-4523450618538717400,2.02604251037E7,4330.0,481.0,467.0,14.0,0.0,97.0893970893971,2.9106029106029108,0.0,0.8786535481313296,0.05092727658191907,0.15558161765574233,22.081160689575007,45.808421695739064,272.1308087156738,2198.058680818144,-1925.92787210247,0.565760517080403,4.569768567189488,-4.004008050109086,199.77457476184546,0.415331756261633,73.41123032143443,0.9375,60.0,0.023980815347721823,10.0,0.9760191846522782,407.0,0.0625,4.0,0.8571428571428571,0.9375,0.8955223880597014,0.8798441602504489,0.9882531474820144,0.9112657400334078,0.9708939708939709,0.05737478624169272,0.9426252137583073,0.029106029106029108,0.9725545710947171,0.9708939708939709,0.9714401417840742,0.8798441602504489,0.9882531474820144,0.9864969767614434,0.9393070877496574,0.9708939708939709,9.677,0.01,9.62,0.01,9620.0,10.0,3238084.0,924503.0,104666.0,99.37629937629937,58.41995841995842,?,?
DatasetClassiRealeseNormalized,7,1,weka.classifiers.meta.FilteredClassifier,'-F \"weka.filters.MultiFilter -F \\\"weka.filters.supervised.attribute.AttributeSelection -E \\\\\\\"weka.attributeSelection.WrapperSubsetEval -B weka.classifiers.bayes.NaiveBayes -F 5 -T 0.01 -R 1 -E AUC --\\\\\\\" -S \\\\\\\"weka.attributeSelection.GreedyStepwise -B -T -1.7976931348623157E308 -N -1 -num-slots 1\\\\\\\"\\\" -F \\\"weka.filters.supervised.instance.Resample -B 1.0 -S 1 -Z 200.0\\\" -S 1\" -S 1 -W weka.classifiers.trees.RandomForest -- -P 100 -I 100 -num-slots 1 -K 0 -M 1.0 -V 0.001 -S 1',-4523450618538717400,2.02604251037E7,4329.0,482.0,455.0,27.0,0.0,94.39834024896265,5.601659751037344,0.0,0.755145813734713,0.07255714610381792,0.2130725395860632,31.484071498739464,62.79084184207807,272.3366817903761,5458.472923645112,-5186.136241854736,0.565013862635635,11.324632621670357,-10.759618759034723,167.91179571954112,0.3483647214098363,61.655960047565955,0.78125,50.0,0.03110047846889952,13.0,0.9688995215311005,405.0,0.21875,14.0,0.7936507936507936,0.78125,0.7874015748031497,0.7551768675632569,0.9508634868421053,0.793550446456921,0.9439834024896265,0.19383388095852608,0.806166119041474,0.056016597510373446,0.9436246134470517,0.9439834024896265,0.9437963274266797,0.7551768675632567,0.9508634868421053,0.9627833777166976,0.8775717551435103,0.9439834024896265,9.08,0.012,9.02,0.01,9020.0,10.0,3032395.0,924290.0,104879.0,97.5103734439834,58.50622406639004,?,?
DatasetClassiRealeseNormalized,7,2,weka.classifiers.meta.FilteredClassifier,'-F \"weka.filters.MultiFilter -F \\\"weka.filters.supervised.attribute.AttributeSelection -E \\\\\\\"weka.attributeSelection.WrapperSubsetEval -B weka.classifiers.bayes.NaiveBayes -F 5 -T 0.01 -R 1 -E AUC --\\\\\\\" -S \\\\\\\"weka.attributeSelection.GreedyStepwise -B -T -1.7976931348623157E308 -N -1 -num-slots 1\\\\\\\"\\\" -F \\\"weka.filters.supervised.instance.Resample -B 1.0 -S 1 -Z 200.0\\\" -S 1\" -S 1 -W weka.classifiers.trees.RandomForest -- -P 100 -I 100 -num-slots 1 -K 0 -M 1.0 -V 0.001 -S 1',-4523450618538717400,2.0260425103800002E7,4330.0,481.0,461.0,20.0,0.0,95.84199584199584,4.158004158004158,0.0,0.824446147669623,0.056002298076501845,0.1759428270477957,24.425179745018305,52.149343327143825,269.42867131105754,3282.382843076234,-3012.9541717651764,0.5601427677984564,6.824080754836245,-6.263937987037789,190.98639587194822,0.39706111407889444,70.88569859421268,0.8888888888888888,56.0,0.03110047846889952,13.0,0.9688995215311005,405.0,0.1111111111111111,7.0,0.8115942028985508,0.8888888888888888,0.8484848484848485,0.8255919247885761,0.9873927242348295,0.8785603841735719,0.9584199584199584,0.10063154799996905,0.8993684520000309,0.04158004158004158,0.9605581975780372,0.9584199584199584,0.9592146700580437,0.8255919247885761,0.9873927242348295,0.9823479393974275,0.91219423147134,0.9584199584199584,9.122,0.013,9.06,0.01,9060.0,10.0,3291341.0,924503.0,104666.0,98.96049896049897,57.38045738045738,?,?
DatasetClassiRealeseNormalized,7,3,weka.classifiers.meta.FilteredClassifier,'-F \"weka.filters.MultiFilter -F \\\"weka.filters.supervised.attribute.AttributeSelection -E \\\\\\\"weka.attributeSelection.WrapperSubsetEval -B weka.classifiers.bayes.NaiveBayes -F 5 -T 0.01 -R 1 -E AUC --\\\\\\\" -S \\\\\\\"weka.attributeSelection.GreedyStepwise -B -T -1.7976931348623157E308 -N -1 -num-slots 1\\\\\\\"\\\" -F \\\"weka.filters.supervised.instance.Resample -B 1.0 -S 1 -Z 200.0\\\" -S 1\" -S 1 -W weka.classifiers.trees.RandomForest -- -P 100 -I 100 -num-slots 1 -K 0 -M 1.0 -V 0.001 -S 1',-4523450618538717400,2.0260425103800002E7,4330.0,481.0,459.0,22.0,0.0,95.42619542619542,4.573804573804574,0.0,0.8093127184920893,0.07066691712726272,0.19261422664620056,30.639917491248035,56.712057965172825,272.1308087156738,1160.8653841393455,-888.7345754236717,0.565760517080403,2.4134415470672463,-1.8476810299868434,169.01529353482763,0.3513831466420533,62.108106881575914,0.875,56.0,0.03357314148681055,14.0,0.9664268585131894,403.0,0.125,8.0,0.8,0.875,0.8358208955223881,0.8104093709017259,0.9762814748201439,0.8745760046193121,0.9542619542619543,0.11283509574876481,0.8871649042512352,0.04573804573804574,0.9565139535942456,0.9542619542619543,0.9551202228035452,0.8104093709017259,0.9762814748201439,0.9798360441436781,0.9046254236066047,0.9542619542619543,11.726,0.011,11.64,0.02,11640.0,20.0,3562483.0,924503.0,104666.0,98.75259875259876,60.187110187110186,?,?
DatasetClassiRealeseNormalized,7,4,weka.classifiers.meta.FilteredClassifier,'-F \"weka.filters.MultiFilter -F \\\"weka.filters.supervised.attribute.AttributeSelection -E \\\\\\\"weka.attributeSelection.WrapperSubsetEval -B weka.classifiers.bayes.NaiveBayes -F 5 -T 0.01 -R 1 -E AUC --\\\\\\\" -S \\\\\\\"weka.attributeSelection.GreedyStepwise -B -T -1.7976931348623157E308 -N -1 -num-slots 1\\\\\\\"\\\" -F \\\"weka.filters.supervised.instance.Resample -B 1.0 -S 1 -Z 200.0\\\" -S 1\" -S 1 -W weka.classifiers.trees.RandomForest -- -P 100 -I 100 -num-slots 1 -K 0 -M 1.0 -V 0.001 -S 1',-4523450618538717400,2.0260425103800002E7,4330.0,481.0,454.0,27.0,0.0,94.38669438669439,5.613305613305613,0.0,0.7614218793055941,0.07484134199145165,0.20208264279481677,32.449873813268184,59.49987574378909,272.1308087156738,3304.052245098931,-3031.921436383257,0.565760517080403,6.869131486692164,-6.303370969611761,161.3674808765301,0.3354833282256343,59.29776258634838,0.8125,52.0,0.03597122302158273,15.0,0.9640287769784173,402.0,0.1875,12.0,0.7761194029850746,0.8125,0.7938931297709924,0.7616895498148123,0.9651341426858513,0.8448056363467584,0.9438669438669439,0.1673381668885266,0.8326618331114735,0.056133056133056136,0.9450825057573922,0.9438669438669439,0.9444083655784814,0.7616895498148123,0.9651341426858513,0.9727947848067335,0.8807010775208752,0.9438669438669439,11.753,0.012,11.68,0.02,11680.0,20.0,3204067.0,924503.0,104666.0,98.75259875259876,60.810810810810814,?,?
DatasetClassiRealeseNormalized,7,5,weka.classifiers.meta.FilteredClassifier,'-F \"weka.filters.MultiFilter -F \\\"weka.filters.supervised.attribute.AttributeSelection -E \\\\\\\"weka.attributeSelection.WrapperSubsetEval -B weka.classifiers.bayes.NaiveBayes -F 5 -T 0.01 -R 1 -E AUC --\\\\\\\" -S \\\\\\\"weka.attributeSelection.GreedyStepwise -B -T -1.7976931348623157E308 -N -1 -num-slots 1\\\\\\\"\\\" -F \\\"weka.filters.supervised.instance.Resample -B 1.0 -S 1 -Z 200.0\\\" -S 1\" -S 1 -W weka.classifiers.trees.RandomForest -- -P 100 -I 100 -num-slots 1 -K 0 -M 1.0 -V 0.001 -S 1',-4523450618538717400,2.0260425103800002E7,4330.0,481.0,457.0,24.0,0.0,95.01039501039502,4.98960498960499,0.0,0.7945907473309609,0.06621218839343368,0.20010076792726839,28.708426400380056,58.91634562597191,272.1308087156738,3302.4395054183224,-3030.3086967026484,0.565760517080403,6.86577859754329,-6.300018080462887,176.8659025267705,0.3677045790577349,64.9929728138803,0.875,56.0,0.03836930455635491,16.0,0.9616306954436451,401.0,0.125,8.0,0.7777777777777778,0.875,0.823529411764706,0.7964598850802407,0.9698741007194245,0.8477562766818456,0.9501039501039501,0.11347325466030501,0.886526745339695,0.0498960498960499,0.9534746331812346,0.9501039501039501,0.9513298536229741,0.7964598850802407,0.9698741007194245,0.9741355513586878,0.8972368608460333,0.9501039501039501,9.107,0.01,9.05,0.01,9050.0,10.0,3013174.0,924503.0,104666.0,98.33679833679834,57.276507276507274,?,?
DatasetClassiRealeseNormalized,7,6,weka.classifiers.meta.FilteredClassifier,'-F \"weka.filters.MultiFilter -F \\\"weka.filters.supervised.attribute.AttributeSelection -E \\\\\\\"weka.attributeSelection.WrapperSubsetEval -B weka.classifiers.bayes.NaiveBayes -F 5 -T 0.01 -R 1 -E AUC --\\\\\\\" -S \\\\\\\"weka.attributeSelection.GreedyStepwise -B -T -1.7976931348623157E308 -N -1 -num-slots 1\\\\\\\"\\\" -F \\\"weka.filters.supervised.instance.Resample -B 1.0 -S 1 -Z 200.0\\\" -S 1\" -S 1 -W weka.classifiers.trees.RandomForest -- -P 100 -I 100 -num-slots 1 -K 0 -M 1.0 -V 0.001 -S 1',-4523450618538717400,2.0260425103800002E7,4330.0,481.0,477.0,4.0,0.0,99.16839916839916,0.8316008316008316,0.0,0.9644243925890315,0.031507754769326046,0.10410708369557929,13.661201672744053,30.65260063044909,272.1308087156738,29.69868137662579,242.43212733904804,0.565760517080403,0.06174362032562534,0.5040168967547777,231.87179665609142,0.4820619473099614,85.20600726923,0.984375,63.0,0.007194244604316547,3.0,0.9928057553956835,414.0,0.015625,1.0,0.9545454545454546,0.984375,0.9692307692307692,0.9645770036184789,0.9983138489208633,0.9909503513478086,0.9916839916839917,0.01450323628830823,0.9854967637116918,0.008316008316008316,0.9918629725858641,0.9916839916839917,0.9917379657764274,0.9645770036184789,0.9983138489208633,0.9985633861113332,0.9822115384615384,0.9916839916839917,10.207,0.007,10.15,0.01,10150.0,10.0,3175264.0,924503.0,104666.0,100.0,56.65280665280665,?,?
DatasetClassiRealeseNormalized,7,7,weka.classifiers.meta.FilteredClassifier,'-F \"weka.filters.MultiFilter -F \\\"weka.filters.supervised.attribute.AttributeSelection -E \\\\\\\"weka.attributeSelection.WrapperSubsetEval -B weka.classifiers.bayes.NaiveBayes -F 5 -T 0.01 -R 1 -E AUC --\\\\\\\" -S \\\\\\\"weka.attributeSelection.GreedyStepwise -B -T -1.7976931348623157E308 -N -1 -num-slots 1\\\\\\\"\\\" -F \\\"weka.filters.supervised.instance.Resample -B 1.0 -S 1 -Z 200.0\\\" -S 1\" -S 1 -W weka.classifiers.trees.RandomForest -- -P 100 -I 100 -num-slots 1 -K 0 -M 1.0 -V 0.001 -S 1',-4523450618538717400,2.0260425103800002E7,4330.0,481.0,465.0,16.0,0.0,96.67359667359668,3.3264033264033266,0.0,0.8558153477218226,0.05362105741765065,0.16724675555218999,23.249136114308495,49.24302768551485,272.1308087156738,2213.02203661231,-1940.891227896636,0.565760517080403,4.600877414994407,-4.035116897914004,197.48375033298458,0.41056912751140245,72.56942029644223,0.875,56.0,0.019184652278177457,8.0,0.9808153477218226,409.0,0.125,8.0,0.875,0.875,0.875,0.8558153477218226,0.9763938848920863,0.886516454845631,0.9667359667359667,0.1109206190141442,0.8890793809858558,0.033264033264033266,0.9667359667359667,0.9667359667359667,0.9667359667359667,0.8558153477218226,0.9763938848920863,0.9801527536228083,0.9279076738609113,0.9667359667359667,9.677,0.013,9.62,0.02,9620.0,20.0,3262512.0,924503.0,104666.0,98.33679833679834,57.58835758835759,?,?
DatasetClassiRealeseNormalized,7,8,weka.classifiers.meta.FilteredClassifier,'-F \"weka.filters.MultiFilter -F \\\"weka.filters.supervised.attribute.AttributeSelection -E \\\\\\\"weka.attributeSelection.WrapperSubsetEval -B weka.classifiers.bayes.NaiveBayes -F 5 -T 0.01 -R 1 -E AUC --\\\\\\\" -S \\\\\\\"weka.attributeSelection.GreedyStepwise -B -T -1.7976931348623157E308 -N -1 -num-slots 1\\\\\\\"\\\" -F \\\"weka.filters.supervised.instance.Resample -B 1.0 -S 1 -Z 200.0\\\" -S 1\" -S 1 -W weka.classifiers.trees.RandomForest -- -P 100 -I 100 -num-slots 1 -K 0 -M 1.0 -V 0.001 -S 1',-4523450618538717400,2.02604251039E7,4330.0,481.0,459.0,22.0,0.0,95.42619542619542,4.573804573804574,0.0,0.8093127184920893,0.07631645662864697,0.1935328884111101,33.08945726491928,56.982542654539174,272.1308087156738,1160.165489313527,-888.0346805978531,0.565760517080403,2.4119864642692868,-1.8462259471888838,163.65895603450355,0.3402473098430427,60.13981173498689,0.875,56.0,0.03357314148681055,14.0,0.9664268585131894,403.0,0.125,8.0,0.8,0.875,0.8358208955223881,0.8104093709017259,0.982951139088729,0.8624188704979097,0.9542619542619543,0.11283509574876481,0.8871649042512352,0.04573804573804574,0.9565139535942456,0.9542619542619543,0.9551202228035452,0.8104093709017259,0.982951139088729,0.9794770665355366,0.9046254236066047,0.9542619542619543,11.743,0.012,11.67,0.01,11670.0,10.0,3570326.0,924503.0,104666.0,98.96049896049897,61.95426195426195,?,?
DatasetClassiRealeseNormalized,7,9,weka.classifiers.meta.FilteredClassifier,'-F \"weka.filters.MultiFilter -F \\\"weka.filters.supervised.attribute.AttributeSelection -E \\\\\\\"weka.attributeSelection.WrapperSubsetEval -B weka.classifiers.bayes.NaiveBayes -F 5 -T 0.01 -R 1 -E AUC --\\\\\\\" -S \\\\\\\"weka.attributeSelection.GreedyStepwise -B -T -1.7976931348623157E308 -N -1 -num-slots 1\\\\\\\"\\\" -F \\\"weka.filters.supervised.instance.Resample -B 1.0 -S 1 -Z 200.0\\\" -S 1\" -S 1 -W weka.classifiers.trees.RandomForest -- -P 100 -I 100 -num-slots 1 -K 0 -M 1.0 -V 0.001 -S 1',-4523450618538717400,2.02604251039E7,4330.0,481.0,455.0,26.0,0.0,94.5945945945946,5.405405405405405,0.0,0.7746423036724691,0.07245477560298821,0.21296809600331934,31.415101104870313,62.704916534839874,272.1308087156738,3319.3858214923634,-3047.2550127766895,0.565760517080403,6.901010023892647,-6.335249506812244,163.80757656751567,0.3405562922401573,60.19442537234517,0.84375,54.0,0.03836930455635491,16.0,0.9616306954436451,401.0,0.15625,10.0,0.7714285714285715,0.84375,0.8059701492537314,0.7756919762273645,0.9575089928057554,0.8478009527775892,0.9459459459459459,0.14056525050230087,0.8594347494976992,0.05405405405405406,0.9484936448440099,0.9459459459459459,0.9469602633132809,0.7756919762273646,0.9575089928057554,0.9707396777093016,0.8872845915350783,0.9459459459459459,9.639,0.01,9.57,0.01,9570.0,10.0,3085689.0,924503.0,104666.0,97.71309771309771,57.7962577962578,?,?
DatasetClassiRealeseNormalized,7,10,weka.classifiers.meta.FilteredClassifier,'-F \"weka.filters.MultiFilter -F \\\"weka.filters.supervised.attribute.AttributeSelection -E \\\\\\\"weka.attributeSelection.WrapperSubsetEval -B weka.classifiers.bayes.NaiveBayes -F 5 -T 0.01 -R 1 -E AUC --\\\\\\\" -S \\\\\\\"weka.attributeSelection.GreedyStepwise -B -T -1.7976931348623157E308 -N -1 -num-slots 1\\\\\\\"\\\" -F \\\"weka.filters.supervised.instance.Resample -B 1.0 -S 1 -Z 200.0\\\" -S 1\" -S 1 -W weka.classifiers.trees.RandomForest -- -P 100 -I 100 -num-slots 1 -K 0 -M 1.0 -V 0.001 -S 1',-4523450618538717400,2.02604251039E7,4330.0,481.0,459.0,22.0,0.0,95.42619542619542,4.573804573804574,0.0,0.8068555158063809,0.06867860594929569,0.19385787068737104,29.777821153719636,57.0782282848785,272.1308087156738,2230.963274967149,-1958.8324662514754,0.565760517080403,4.63817728683399,-4.072416769753587,175.441555956624,0.36474335957718085,64.46956769967484,0.859375,55.0,0.03117505995203837,13.0,0.9688249400479616,404.0,0.140625,9.0,0.8088235294117647,0.859375,0.8333333333333333,0.8073534901058181,0.9769746702637889,0.8594664647629834,0.9542619542619543,0.12606201421399263,0.8739379857860073,0.04573804573804574,0.9556705588609876,0.9542619542619543,0.95484474279655,0.8073534901058181,0.9769746702637889,0.9778567460602405,0.9034136546184739,0.9542619542619543,11.843,0.008,11.77,0.01,11770.0,10.0,3067609.0,924503.0,104666.0,98.54469854469855,59.25155925155925,?,?
DatasetClassiRealeseNormalized,8,1,weka.classifiers.meta.FilteredClassifier,'-F \"weka.filters.MultiFilter -F \\\"weka.filters.supervised.attribute.AttributeSelection -E \\\\\\\"weka.attributeSelection.WrapperSubsetEval -B weka.classifiers.bayes.NaiveBayes -F 5 -T 0.01 -R 1 -E AUC --\\\\\\\" -S \\\\\\\"weka.attributeSelection.GreedyStepwise -B -T -1.7976931348623157E308 -N -1 -num-slots 1\\\\\\\"\\\" -F \\\"weka.filters.supervised.instance.Resample -B 1.0 -S 1 -Z 200.0\\\" -S 1\" -S 1 -W weka.classifiers.trees.RandomForest -- -P 100 -I 100 -num-slots 1 -K 0 -M 1.0 -V 0.001 -S 1',-4523450618538717400,2.02604251039E7,4329.0,482.0,459.0,23.0,0.0,95.22821576763485,4.771784232365145,0.0,0.7968331928307002,0.07212078924738942,0.2048761837023172,31.2947270825864,60.37543867948609,272.3366817903761,5441.824657553106,-5169.48797576273,0.565013862635635,11.290092650525116,-10.72507878788948,165.4749500451259,0.34330902498988775,60.76116847619369,0.84375,54.0,0.03110047846889952,13.0,0.9688995215311005,405.0,0.15625,10.0,0.8059701492537313,0.84375,0.8244274809160305,0.7971131287200846,0.9509756279904307,0.8377366696491231,0.9522821576763485,0.13963263614524807,0.8603673638547519,0.04771784232365145,0.9533398348456688,0.9522821576763485,0.952742618697094,0.7971131287200846,0.9509756279904307,0.9671930098190691,0.8984082182491318,0.9522821576763485,11.694,0.01,11.62,0.01,11620.0,10.0,3513696.0,924290.0,104879.0,98.7551867219917,58.50622406639004,?,?
DatasetClassiRealeseNormalized,8,2,weka.classifiers.meta.FilteredClassifier,'-F \"weka.filters.MultiFilter -F \\\"weka.filters.supervised.attribute.AttributeSelection -E \\\\\\\"weka.attributeSelection.WrapperSubsetEval -B weka.classifiers.bayes.NaiveBayes -F 5 -T 0.01 -R 1 -E AUC --\\\\\\\" -S \\\\\\\"weka.attributeSelection.GreedyStepwise -B -T -1.7976931348623157E308 -N -1 -num-slots 1\\\\\\\"\\\" -F \\\"weka.filters.supervised.instance.Resample -B 1.0 -S 1 -Z 200.0\\\" -S 1\" -S 1 -W weka.classifiers.trees.RandomForest -- -P 100 -I 100 -num-slots 1 -K 0 -M 1.0 -V 0.001 -S 1',-4523450618538717400,2.02604251039E7,4330.0,481.0,469.0,12.0,0.0,97.5051975051975,2.494802494802495,0.0,0.8904078377762589,0.046532484405585016,0.15143328503616907,20.294958146825927,44.88473048328998,269.42867131105754,55.811227794906245,213.6174435161513,0.5601427677984564,0.1160316586172687,0.44411110918118774,203.86568182529174,0.4238371763519579,75.66591960434945,0.9047619047619048,57.0,0.014354066985645933,6.0,0.9856459330143541,412.0,0.09523809523809523,6.0,0.9047619047619048,0.9047619047619048,0.9047619047619048,0.8904078377762589,0.9913230044808993,0.9543838049553623,0.975051975051975,0.08464413727571622,0.9153558627242838,0.02494802494802495,0.975051975051975,0.975051975051975,0.975051975051975,0.8904078377762589,0.9913230044808993,0.99283329168091,0.9452039188881294,0.975051975051975,8.587,0.007,8.54,0.0,8540.0,0.0,3040442.0,924503.0,104666.0,99.58419958419958,57.17255717255717,?,?
DatasetClassiRealeseNormalized,8,3,weka.classifiers.meta.FilteredClassifier,'-F \"weka.filters.MultiFilter -F \\\"weka.filters.supervised.attribute.AttributeSelection -E \\\\\\\"weka.attributeSelection.WrapperSubsetEval -B weka.classifiers.bayes.NaiveBayes -F 5 -T 0.01 -R 1 -E AUC --\\\\\\\" -S \\\\\\\"weka.attributeSelection.GreedyStepwise -B -T -1.7976931348623157E308 -N -1 -num-slots 1\\\\\\\"\\\" -F \\\"weka.filters.supervised.instance.Resample -B 1.0 -S 1 -Z 200.0\\\" -S 1\" -S 1 -W weka.classifiers.trees.RandomForest -- -P 100 -I 100 -num-slots 1 -K 0 -M 1.0 -V 0.001 -S 1',-4523450618538717400,2.02604251039E7,4330.0,481.0,461.0,20.0,0.0,95.84199584199584,4.158004158004158,0.0,0.8266479259018993,0.055830899320582404,0.17938119829366322,24.207284231235615,52.81581268749475,272.1308087156738,6491.200888853185,-6219.070080137511,0.565760517080403,13.495220143145914,-12.92945962606551,196.56357341914324,0.4086560777944766,72.2312825757688,0.890625,57.0,0.03117505995203837,13.0,0.9688249400479616,404.0,0.109375,7.0,0.8142857142857143,0.890625,0.8507462686567163,0.8277680682389067,0.9668764988009593,0.8387931833763455,0.9584199584199584,0.09897001837199679,0.9010299816280032,0.04158004158004158,0.9605241079693635,0.9584199584199584,0.9592002025486777,0.8277680682389067,0.9668764988009592,0.9711677402041237,0.9132958396423678,0.9584199584199584,9.692,0.008,9.63,0.01,9630.0,10.0,3136899.0,924503.0,104666.0,98.54469854469855,57.276507276507274,?,?
DatasetClassiRealeseNormalized,8,4,weka.classifiers.meta.FilteredClassifier,'-F \"weka.filters.MultiFilter -F \\\"weka.filters.supervised.attribute.AttributeSelection -E \\\\\\\"weka.attributeSelection.WrapperSubsetEval -B weka.classifiers.bayes.NaiveBayes -F 5 -T 0.01 -R 1 -E AUC --\\\\\\\" -S \\\\\\\"weka.attributeSelection.GreedyStepwise -B -T -1.7976931348623157E308 -N -1 -num-slots 1\\\\\\\"\\\" -F \\\"weka.filters.supervised.instance.Resample -B 1.0 -S 1 -Z 200.0\\\" -S 1\" -S 1 -W weka.classifiers.trees.RandomForest -- -P 100 -I 100 -num-slots 1 -K 0 -M 1.0 -V 0.001 -S 1',-4523450618538717400,2.0260425104000002E7,4330.0,481.0,457.0,24.0,0.0,95.01039501039502,4.98960498960499,0.0,0.7919775110822792,0.07021721716091665,0.19211750521723928,30.44493558988892,56.5658065954672,272.1308087156738,3297.983209011501,-3025.852400295827,0.565760517080403,6.856513948048859,-6.290753430968455,167.12090477492987,0.34744470847178766,61.411975205475606,0.859375,55.0,0.03597122302158273,15.0,0.9640287769784173,402.0,0.140625,9.0,0.7857142857142857,0.859375,0.8208955223880597,0.7930506735645453,0.9706235011990407,0.8695268553251587,0.9501039501039501,0.12670017312553283,0.8732998268744672,0.0498960498960499,0.9525037992191278,0.9501039501039501,0.9510402430584132,0.7930506735645453,0.9706235011990408,0.9768489143551409,0.8959550075708415,0.9501039501039501,11.63,0.008,11.56,0.01,11560.0,10.0,3176184.0,924503.0,104666.0,98.54469854469855,59.66735966735967,?,?
DatasetClassiRealeseNormalized,8,5,weka.classifiers.meta.FilteredClassifier,'-F \"weka.filters.MultiFilter -F \\\"weka.filters.supervised.attribute.AttributeSelection -E \\\\\\\"weka.attributeSelection.WrapperSubsetEval -B weka.classifiers.bayes.NaiveBayes -F 5 -T 0.01 -R 1 -E AUC --\\\\\\\" -S \\\\\\\"weka.attributeSelection.GreedyStepwise -B -T -1.7976931348623157E308 -N -1 -num-slots 1\\\\\\\"\\\" -F \\\"weka.filters.supervised.instance.Resample -B 1.0 -S 1 -Z 200.0\\\" -S 1\" -S 1 -W weka.classifiers.trees.RandomForest -- -P 100 -I 100 -num-slots 1 -K 0 -M 1.0 -V 0.001 -S 1',-4523450618538717400,2.0260425104000002E7,4330.0,481.0,452.0,29.0,0.0,93.97089397089397,6.029106029106029,0.0,0.7563876421173965,0.07386290304162499,0.20792457137214113,32.02564009950756,61.21993452591723,272.1308087156738,3307.908918111146,-3035.778109395472,0.565760517080403,6.87714951790259,-6.311389000822187,165.29302839204655,0.34364454967161445,60.740284854974675,0.859375,55.0,0.047961630695443645,20.0,0.9520383693045563,397.0,0.140625,9.0,0.7333333333333333,0.859375,0.79136690647482,0.759637726124801,0.9779488908872902,0.8252997094370685,0.9397089397089398,0.12829557040438336,0.8717044295956167,0.060291060291060294,0.9453003970245349,0.9397089397089398,0.9416916400316314,0.7596377261248008,0.9779488908872902,0.9737485518560836,0.8780649842216142,0.9397089397089398,9.715,0.009,9.65,0.01,9650.0,10.0,3152425.0,924503.0,104666.0,98.75259875259876,59.45945945945946,?,?
DatasetClassiRealeseNormalized,8,6,weka.classifiers.meta.FilteredClassifier,'-F \"weka.filters.MultiFilter -F \\\"weka.filters.supervised.attribute.AttributeSelection -E \\\\\\\"weka.attributeSelection.WrapperSubsetEval -B weka.classifiers.bayes.NaiveBayes -F 5 -T 0.01 -R 1 -E AUC --\\\\\\\" -S \\\\\\\"weka.attributeSelection.GreedyStepwise -B -T -1.7976931348623157E308 -N -1 -num-slots 1\\\\\\\"\\\" -F \\\"weka.filters.supervised.instance.Resample -B 1.0 -S 1 -Z 200.0\\\" -S 1\" -S 1 -W weka.classifiers.trees.RandomForest -- -P 100 -I 100 -num-slots 1 -K 0 -M 1.0 -V 0.001 -S 1',-4523450618538717400,2.0260425104000002E7,4330.0,481.0,468.0,13.0,0.0,97.29729729729729,2.7027027027027026,0.0,0.8880333769047579,0.047788511116097006,0.1456477593165449,20.720247849356248,42.883562199326086,272.1308087156738,1125.8032728135715,-853.6724640978978,0.565760517080403,2.34054734472676,-1.7747868276463572,203.49512464965312,0.42306678721341606,74.77842204271246,0.953125,61.0,0.023980815347721823,10.0,0.9760191846522782,407.0,0.046875,3.0,0.8591549295774648,0.953125,0.9037037037037037,0.8896517242983225,0.9905950239808153,0.9380280457133418,0.972972972972973,0.0438287883206948,0.9561712116793052,0.02702702702702703,0.9749162078602134,0.972972972972973,0.9735592908507056,0.8896517242983225,0.9905950239808153,0.9902939292932125,0.9439921178736173,0.972972972972973,9.665,0.011,9.61,0.01,9610.0,10.0,3178379.0,924503.0,104666.0,99.16839916839916,58.00415800415801,?,?
DatasetClassiRealeseNormalized,8,7,weka.classifiers.meta.FilteredClassifier,'-F \"weka.filters.MultiFilter -F \\\"weka.filters.supervised.attribute.AttributeSelection -E \\\\\\\"weka.attributeSelection.WrapperSubsetEval -B weka.classifiers.bayes.NaiveBayes -F 5 -T 0.01 -R 1 -E AUC --\\\\\\\" -S \\\\\\\"weka.attributeSelection.GreedyStepwise -B -T -1.7976931348623157E308 -N -1 -num-slots 1\\\\\\\"\\\" -F \\\"weka.filters.supervised.instance.Resample -B 1.0 -S 1 -Z 200.0\\\" -S 1\" -S 1 -W weka.classifiers.trees.RandomForest -- -P 100 -I 100 -num-slots 1 -K 0 -M 1.0 -V 0.001 -S 1',-4523450618538717400,2.0260425104000002E7,4330.0,481.0,462.0,19.0,0.0,96.04989604989605,3.95010395010395,0.0,0.8276408351092924,0.052037419597639176,0.15969323708646443,22.56249894215355,47.019019705792346,272.1308087156738,1134.1960237270712,-862.0652150113974,0.565760517080403,2.3579958913244723,-1.7922353742440695,203.2010635711057,0.42245543361976234,74.67036331906581,0.84375,54.0,0.02158273381294964,9.0,0.9784172661870504,408.0,0.15625,10.0,0.8571428571428571,0.84375,0.8503937007874015,0.8276748916302482,0.9803844424460432,0.9277400051350675,0.9604989604989606,0.13833169431191014,0.8616683056880898,0.0395010395010395,0.9602516970938022,0.9604989604989606,0.9603670979124797,0.8276748916302481,0.9803844424460432,0.9862179981497965,0.9138196048847187,0.9604989604989606,9.654,0.011,9.6,0.01,9600.0,10.0,3147387.0,924503.0,104666.0,99.16839916839916,58.21205821205821,?,?
DatasetClassiRealeseNormalized,8,8,weka.classifiers.meta.FilteredClassifier,'-F \"weka.filters.MultiFilter -F \\\"weka.filters.supervised.attribute.AttributeSelection -E \\\\\\\"weka.attributeSelection.WrapperSubsetEval -B weka.classifiers.bayes.NaiveBayes -F 5 -T 0.01 -R 1 -E AUC --\\\\\\\" -S \\\\\\\"weka.attributeSelection.GreedyStepwise -B -T -1.7976931348623157E308 -N -1 -num-slots 1\\\\\\\"\\\" -F \\\"weka.filters.supervised.instance.Resample -B 1.0 -S 1 -Z 200.0\\\" -S 1\" -S 1 -W weka.classifiers.trees.RandomForest -- -P 100 -I 100 -num-slots 1 -K 0 -M 1.0 -V 0.001 -S 1',-4523450618538717400,2.0260425104000002E7,4330.0,481.0,463.0,18.0,0.0,96.25779625779626,3.7422037422037424,0.0,0.8459430604982207,0.05314899153624659,0.17711272985251658,23.044456750263144,52.147899854852426,272.1308087156738,1150.1410172445899,-878.0102085289161,0.565760517080403,2.391145565997068,-1.8253850489166654,194.06495277032602,0.40346144027094805,71.31311360379186,0.921875,59.0,0.03117505995203837,13.0,0.9688249400479616,404.0,0.078125,5.0,0.8194444444444444,0.921875,0.8676470588235294,0.8479329957113222,0.9869979016786571,0.9012818496963304,0.9625779625779626,0.07187802253000095,0.928121977469999,0.037422037422037424,0.9653776401942661,0.9625779625779626,0.9634973902172307,0.8479329957113222,0.9869979016786571,0.9850502312399734,0.922927645634525,0.9625779625779626,9.682,0.007,9.62,0.01,9620.0,10.0,3011013.0,924503.0,104666.0,98.33679833679834,55.92515592515593,?,?
DatasetClassiRealeseNormalized,8,9,weka.classifiers.meta.FilteredClassifier,'-F \"weka.filters.MultiFilter -F \\\"weka.filters.supervised.attribute.AttributeSelection -E \\\\\\\"weka.attributeSelection.WrapperSubsetEval -B weka.classifiers.bayes.NaiveBayes -F 5 -T 0.01 -R 1 -E AUC --\\\\\\\" -S \\\\\\\"weka.attributeSelection.GreedyStepwise -B -T -1.7976931348623157E308 -N -1 -num-slots 1\\\\\\\"\\\" -F \\\"weka.filters.supervised.instance.Resample -B 1.0 -S 1 -Z 200.0\\\" -S 1\" -S 1 -W weka.classifiers.trees.RandomForest -- -P 100 -I 100 -num-slots 1 -K 0 -M 1.0 -V 0.001 -S 1',-4523450618538717400,2.0260425104000002E7,4330.0,481.0,463.0,18.0,0.0,96.25779625779626,3.7422037422037424,0.0,0.8399097666506417,0.05999590244276143,0.17352007995471752,26.013155453614477,51.09010379897334,272.1308087156738,2213.243094898008,-1941.1122861823344,0.565760517080403,4.601336995629954,-4.035576478549552,187.2186239704115,0.38922790846239397,68.79729085214316,0.875,56.0,0.023980815347721823,10.0,0.9760191846522782,407.0,0.125,8.0,0.8484848484848485,0.875,0.8615384615384615,0.8400426744193754,0.9832883693045563,0.894787969020636,0.9625779625779626,0.1115587779256844,0.8884412220743156,0.037422037422037424,0.9631278089109414,0.9625779625779626,0.9628208459939228,0.8400426744193753,0.9832883693045564,0.9834456896201565,0.9199519230769231,0.9625779625779626,9.643,0.013,9.58,0.02,9580.0,20.0,3090426.0,924503.0,104666.0,98.96049896049897,58.83575883575884,?,?
DatasetClassiRealeseNormalized,8,10,weka.classifiers.meta.FilteredClassifier,'-F \"weka.filters.MultiFilter -F \\\"weka.filters.supervised.attribute.AttributeSelection -E \\\\\\\"weka.attributeSelection.WrapperSubsetEval -B weka.classifiers.bayes.NaiveBayes -F 5 -T 0.01 -R 1 -E AUC --\\\\\\\" -S \\\\\\\"weka.attributeSelection.GreedyStepwise -B -T -1.7976931348623157E308 -N -1 -num-slots 1\\\\\\\"\\\" -F \\\"weka.filters.supervised.instance.Resample -B 1.0 -S 1 -Z 200.0\\\" -S 1\" -S 1 -W weka.classifiers.trees.RandomForest -- -P 100 -I 100 -num-slots 1 -K 0 -M 1.0 -V 0.001 -S 1',-4523450618538717400,2.02604251041E7,4330.0,481.0,458.0,23.0,0.0,95.21829521829522,4.781704781704781,0.0,0.7885390981898811,0.06886015107812142,0.19078027537784084,29.856535890321783,56.17208149278295,272.1308087156738,2226.2115640642323,-1954.0807553485586,0.565760517080403,4.628298469988009,-4.062537952907606,176.96746124772042,0.3679157198497306,65.03029263129797,0.796875,51.0,0.023980815347721823,10.0,0.9760191846522782,407.0,0.203125,13.0,0.8360655737704918,0.796875,0.816,0.7888392134750568,0.9762065347721822,0.8557587054803112,0.9521829521829522,0.17928876753067402,0.820711232469326,0.04781704781704782,0.951353542337149,0.9521829521829522,0.9516948412432282,0.7888392134750568,0.9762065347721823,0.9774262783516001,0.8942604540023895,0.9521829521829522,11.627,0.012,11.55,0.01,11550.0,10.0,3159384.0,924503.0,104666.0,98.75259875259876,59.87525987525988,?,?
DatasetClassiRealeseNormalized,9,1,weka.classifiers.meta.FilteredClassifier,'-F \"weka.filters.MultiFilter -F \\\"weka.filters.supervised.attribute.AttributeSelection -E \\\\\\\"weka.attributeSelection.WrapperSubsetEval -B weka.classifiers.bayes.NaiveBayes -F 5 -T 0.01 -R 1 -E AUC --\\\\\\\" -S \\\\\\\"weka.attributeSelection.GreedyStepwise -B -T -1.7976931348623157E308 -N -1 -num-slots 1\\\\\\\"\\\" -F \\\"weka.filters.supervised.instance.Resample -B 1.0 -S 1 -Z 200.0\\\" -S 1\" -S 1 -W weka.classifiers.trees.RandomForest -- -P 100 -I 100 -num-slots 1 -K 0 -M 1.0 -V 0.001 -S 1',-4523450618538717400,2.02604251041E7,4329.0,482.0,465.0,17.0,0.0,96.47302904564316,3.5269709543568464,0.0,0.8517567029706553,0.05322842460680074,0.16451394914478812,23.09693277748138,48.48099798141109,272.3366817903761,1135.8613425964074,-863.5246608060313,0.565013862635635,2.3565588020672354,-1.7915449394316003,195.99013116570026,0.4066185293894196,71.96611557328089,0.90625,58.0,0.02631578947368421,11.0,0.9736842105263158,407.0,0.09375,6.0,0.8405797101449275,0.90625,0.8721804511278196,0.8525674728595584,0.9889540968899522,0.9241118644055505,0.9647302904564315,0.08479607993011574,0.9152039200698843,0.035269709543568464,0.9662333241163771,0.9647302904564315,0.9652871486954725,0.8525674728595584,0.9889540968899521,0.9883751309491778,0.9258615853713708,0.9647302904564315,9.665,0.01,9.61,0.01,9610.0,10.0,3209152.0,924290.0,104879.0,99.1701244813278,58.19502074688797,?,?
DatasetClassiRealeseNormalized,9,2,weka.classifiers.meta.FilteredClassifier,'-F \"weka.filters.MultiFilter -F \\\"weka.filters.supervised.attribute.AttributeSelection -E \\\\\\\"weka.attributeSelection.WrapperSubsetEval -B weka.classifiers.bayes.NaiveBayes -F 5 -T 0.01 -R 1 -E AUC --\\\\\\\" -S \\\\\\\"weka.attributeSelection.GreedyStepwise -B -T -1.7976931348623157E308 -N -1 -num-slots 1\\\\\\\"\\\" -F \\\"weka.filters.supervised.instance.Resample -B 1.0 -S 1 -Z 200.0\\\" -S 1\" -S 1 -W weka.classifiers.trees.RandomForest -- -P 100 -I 100 -num-slots 1 -K 0 -M 1.0 -V 0.001 -S 1',-4523450618538717400,2.02604251041E7,4330.0,481.0,463.0,18.0,0.0,96.25779625779626,3.7422037422037424,0.0,0.8440224832456582,0.06027521131816462,0.16986671568134812,26.288793874208363,50.34838773799237,269.42867131105754,2207.788768436924,-1938.3600971258663,0.5601427677984564,4.589997439577805,-4.029854671779348,179.76007223170788,0.3737215638912846,66.71898404760844,0.9206349206349206,58.0,0.03110047846889952,13.0,0.9688995215311005,405.0,0.07936507936507936,5.0,0.8169014084507042,0.9206349206349206,0.8656716417910447,0.8460578926224904,0.9715956558061821,0.9350761362045169,0.9625779625779626,0.07304352041194145,0.9269564795880585,0.037422037422037424,0.9654204319267871,0.9625779625779626,0.9635142555324256,0.8460578926224904,0.9715956558061822,0.9845829564873582,0.9219662556781311,0.9625779625779626,9.685,0.008,9.62,0.01,9620.0,10.0,3165763.0,924503.0,104666.0,99.58419958419958,59.355509355509355,?,?
DatasetClassiRealeseNormalized,9,3,weka.classifiers.meta.FilteredClassifier,'-F \"weka.filters.MultiFilter -F \\\"weka.filters.supervised.attribute.AttributeSelection -E \\\\\\\"weka.attributeSelection.WrapperSubsetEval -B weka.classifiers.bayes.NaiveBayes -F 5 -T 0.01 -R 1 -E AUC --\\\\\\\" -S \\\\\\\"weka.attributeSelection.GreedyStepwise -B -T -1.7976931348623157E308 -N -1 -num-slots 1\\\\\\\"\\\" -F \\\"weka.filters.supervised.instance.Resample -B 1.0 -S 1 -Z 200.0\\\" -S 1\" -S 1 -W weka.classifiers.trees.RandomForest -- -P 100 -I 100 -num-slots 1 -K 0 -M 1.0 -V 0.001 -S 1',-4523450618538717400,2.02604251041E7,4330.0,481.0,454.0,27.0,0.0,94.38669438669439,5.613305613305613,0.0,0.767453936648343,0.07772987316637947,0.21951098368750832,33.70228951878566,64.63136107669044,272.1308087156738,4390.162770230098,-4118.031961514424,0.565760517080403,9.1271575264659,-8.561397009385498,155.56901905230077,0.32342831403804734,57.16699986543659,0.84375,54.0,0.0407673860911271,17.0,0.9592326139088729,400.0,0.15625,10.0,0.7605633802816901,0.84375,0.8,0.768852540698998,0.9616869004796164,0.8074486470448023,0.9438669438669439,0.14088432995807096,0.859115670041929,0.056133056133056136,0.9469965169037652,0.9438669438669439,0.9450846809976193,0.7688525406989981,0.9616869004796164,0.9674060291163006,0.8836759371221282,0.9438669438669439,11.611,0.01,11.54,0.01,11540.0,10.0,3153147.0,924503.0,104666.0,97.92099792099792,58.41995841995842,?,?
DatasetClassiRealeseNormalized,9,4,weka.classifiers.meta.FilteredClassifier,'-F \"weka.filters.MultiFilter -F \\\"weka.filters.supervised.attribute.AttributeSelection -E \\\\\\\"weka.attributeSelection.WrapperSubsetEval -B weka.classifiers.bayes.NaiveBayes -F 5 -T 0.01 -R 1 -E AUC --\\\\\\\" -S \\\\\\\"weka.attributeSelection.GreedyStepwise -B -T -1.7976931348623157E308 -N -1 -num-slots 1\\\\\\\"\\\" -F \\\"weka.filters.supervised.instance.Resample -B 1.0 -S 1 -Z 200.0\\\" -S 1\" -S 1 -W weka.classifiers.trees.RandomForest -- -P 100 -I 100 -num-slots 1 -K 0 -M 1.0 -V 0.001 -S 1',-4523450618538717400,2.02604251041E7,4330.0,481.0,465.0,16.0,0.0,96.67359667359668,3.3264033264033266,0.0,0.8498575832065238,0.05490412381155957,0.16655568802405044,23.80545086586847,49.03955433675912,272.1308087156738,1139.4600802446528,-867.329271528979,0.565760517080403,2.368939875768509,-1.803179358688106,194.27169473058336,0.40389125723614006,71.38908514160968,0.828125,53.0,0.011990407673860911,5.0,0.988009592326139,412.0,0.171875,11.0,0.9137931034482759,0.828125,0.8688524590163935,0.8512078499169976,0.9744454436450839,0.9219676801057239,0.9667359667359667,0.15060137440982763,0.8493986255901723,0.033264033264033266,0.9659850041361413,0.9667359667359667,0.966036798823684,0.8512078499169976,0.9744454436450839,0.9844241382895883,0.9249024199843872,0.9667359667359667,9.152,0.012,9.1,0.01,9100.0,10.0,3110710.0,924503.0,104666.0,99.16839916839916,58.41995841995842,?,?
DatasetClassiRealeseNormalized,9,5,weka.classifiers.meta.FilteredClassifier,'-F \"weka.filters.MultiFilter -F \\\"weka.filters.supervised.attribute.AttributeSelection -E \\\\\\\"weka.attributeSelection.WrapperSubsetEval -B weka.classifiers.bayes.NaiveBayes -F 5 -T 0.01 -R 1 -E AUC --\\\\\\\" -S \\\\\\\"weka.attributeSelection.GreedyStepwise -B -T -1.7976931348623157E308 -N -1 -num-slots 1\\\\\\\"\\\" -F \\\"weka.filters.supervised.instance.Resample -B 1.0 -S 1 -Z 200.0\\\" -S 1\" -S 1 -W weka.classifiers.trees.RandomForest -- -P 100 -I 100 -num-slots 1 -K 0 -M 1.0 -V 0.001 -S 1',-4523450618538717400,2.02604251041E7,4330.0,481.0,467.0,14.0,0.0,97.0893970893971,2.9106029106029108,0.0,0.8738384292565947,0.046390985563100486,0.1597720181158769,20.114305643633447,47.042215470634794,272.1308087156738,3270.633261701159,-2998.502452985485,0.565760517080403,6.79965335073006,-6.233892833649657,209.51527730057262,0.43558269709058756,76.99064956642862,0.890625,57.0,0.016786570743405275,7.0,0.9832134292565947,410.0,0.109375,7.0,0.890625,0.890625,0.890625,0.8738384292565947,0.9853117505995204,0.8831966183765625,0.9708939708939709,0.09705554163737617,0.9029444583626238,0.029106029106029108,0.9708939708939709,0.9708939708939709,0.9708939708939709,0.8738384292565947,0.9853117505995204,0.9822363577215544,0.9369192146282974,0.9708939708939709,9.082,0.009,9.01,0.01,9010.0,10.0,3209212.0,924503.0,104666.0,98.96049896049897,56.237006237006234,?,?
DatasetClassiRealeseNormalized,9,6,weka.classifiers.meta.FilteredClassifier,'-F \"weka.filters.MultiFilter -F \\\"weka.filters.supervised.attribute.AttributeSelection -E \\\\\\\"weka.attributeSelection.WrapperSubsetEval -B weka.classifiers.bayes.NaiveBayes -F 5 -T 0.01 -R 1 -E AUC --\\\\\\\" -S \\\\\\\"weka.attributeSelection.GreedyStepwise -B -T -1.7976931348623157E308 -N -1 -num-slots 1\\\\\\\"\\\" -F \\\"weka.filters.supervised.instance.Resample -B 1.0 -S 1 -Z 200.0\\\" -S 1\" -S 1 -W weka.classifiers.trees.RandomForest -- -P 100 -I 100 -num-slots 1 -K 0 -M 1.0 -V 0.001 -S 1',-4523450618538717400,2.02604251042E7,4330.0,481.0,463.0,18.0,0.0,96.25779625779626,3.7422037422037424,0.0,0.8459430604982207,0.0587951404157647,0.17747235880545442,25.492526410641698,52.25378662334346,272.1308087156738,2213.3035398053,-1941.172731089626,0.565760517080403,4.601462660717879,-4.035702143637476,184.50159917820142,0.38357920827068903,67.7988648359809,0.921875,59.0,0.03117505995203837,13.0,0.9688249400479616,404.0,0.078125,5.0,0.8194444444444444,0.921875,0.8676470588235294,0.8479329957113222,0.9778552158273381,0.896405710641665,0.9625779625779626,0.07187802253000095,0.928121977469999,0.037422037422037424,0.9653776401942661,0.9625779625779626,0.9634973902172307,0.8479329957113222,0.9778552158273381,0.9817826426354545,0.922927645634525,0.9625779625779626,9.691,0.01,9.63,0.01,9630.0,10.0,3100737.0,924503.0,104666.0,99.37629937629937,58.316008316008315,?,?
DatasetClassiRealeseNormalized,9,7,weka.classifiers.meta.FilteredClassifier,'-F \"weka.filters.MultiFilter -F \\\"weka.filters.supervised.attribute.AttributeSelection -E \\\\\\\"weka.attributeSelection.WrapperSubsetEval -B weka.classifiers.bayes.NaiveBayes -F 5 -T 0.01 -R 1 -E AUC --\\\\\\\" -S \\\\\\\"weka.attributeSelection.GreedyStepwise -B -T -1.7976931348623157E308 -N -1 -num-slots 1\\\\\\\"\\\" -F \\\"weka.filters.supervised.instance.Resample -B 1.0 -S 1 -Z 200.0\\\" -S 1\" -S 1 -W weka.classifiers.trees.RandomForest -- -P 100 -I 100 -num-slots 1 -K 0 -M 1.0 -V 0.001 -S 1',-4523450618538717400,2.02604251042E7,4330.0,481.0,465.0,16.0,0.0,96.67359667359668,3.3264033264033266,0.0,0.8576975703561259,0.052280294631482725,0.16805515318228278,22.667805233982428,49.481046932872644,272.1308087156738,2208.5420573747047,-1936.411248659031,0.565760517080403,4.59156352884554,-4.025803011765137,197.34974712575033,0.4102905345649695,72.5201780927143,0.890625,57.0,0.02158273381294964,9.0,0.9784172661870504,408.0,0.109375,7.0,0.8636363636363636,0.890625,0.8769230769230768,0.8578332928763902,0.9850681954436451,0.8948882077141095,0.9667359667359667,0.09769370054891638,0.9023062994510836,0.033264033264033266,0.9672328322930732,0.9667359667359667,0.9669518631057094,0.8578332928763902,0.9850681954436451,0.9838054062171093,0.9288461538461539,0.9667359667359667,10.229,0.011,10.17,0.01,10170.0,10.0,3179414.0,924503.0,104666.0,98.96049896049897,56.65280665280665,?,?
DatasetClassiRealeseNormalized,9,8,weka.classifiers.meta.FilteredClassifier,'-F \"weka.filters.MultiFilter -F \\\"weka.filters.supervised.attribute.AttributeSelection -E \\\\\\\"weka.attributeSelection.WrapperSubsetEval -B weka.classifiers.bayes.NaiveBayes -F 5 -T 0.01 -R 1 -E AUC --\\\\\\\" -S \\\\\\\"weka.attributeSelection.GreedyStepwise -B -T -1.7976931348623157E308 -N -1 -num-slots 1\\\\\\\"\\\" -F \\\"weka.filters.supervised.instance.Resample -B 1.0 -S 1 -Z 200.0\\\" -S 1\" -S 1 -W weka.classifiers.trees.RandomForest -- -P 100 -I 100 -num-slots 1 -K 0 -M 1.0 -V 0.001 -S 1',-4523450618538717400,2.02604251042E7,4330.0,481.0,464.0,17.0,0.0,96.46569646569647,3.5343035343035343,0.0,0.8517074409241765,0.05219823697113382,0.1721754671361894,22.63222649297003,50.69420490078266,272.1308087156738,3285.093141472432,-3012.962332756758,0.565760517080403,6.829715470836657,-6.2639549537562536,197.30768048833465,0.41020307793832567,72.50471985128465,0.90625,58.0,0.026378896882494004,11.0,0.973621103117506,406.0,0.09375,6.0,0.8405797101449275,0.90625,0.8721804511278196,0.8525187035965216,0.9745203836930456,0.8746007359575547,0.9646569646569647,0.08478586153945865,0.9152141384605413,0.035343035343035345,0.9661627565806544,0.9646569646569647,0.9652147240871768,0.8525187035965216,0.9745203836930455,0.9782071933182235,0.9258369083142115,0.9646569646569647,9.79,0.007,9.72,0.01,9720.0,10.0,3094076.0,924503.0,104666.0,98.33679833679834,56.444906444906444,?,?
DatasetClassiRealeseNormalized,9,9,weka.classifiers.meta.FilteredClassifier,'-F \"weka.filters.MultiFilter -F \\\"weka.filters.supervised.attribute.AttributeSelection -E \\\\\\\"weka.attributeSelection.WrapperSubsetEval -B weka.classifiers.bayes.NaiveBayes -F 5 -T 0.01 -R 1 -E AUC --\\\\\\\" -S \\\\\\\"weka.attributeSelection.GreedyStepwise -B -T -1.7976931348623157E308 -N -1 -num-slots 1\\\\\\\"\\\" -F \\\"weka.filters.supervised.instance.Resample -B 1.0 -S 1 -Z 200.0\\\" -S 1\" -S 1 -W weka.classifiers.trees.RandomForest -- -P 100 -I 100 -num-slots 1 -K 0 -M 1.0 -V 0.001 -S 1',-4523450618538717400,2.02604251042E7,4330.0,481.0,445.0,36.0,0.0,92.51559251559252,7.484407484407485,0.0,0.6879662666234188,0.10098876507916607,0.23822133115932334,43.786931075488056,70.14031194104774,272.1308087156738,3336.308992090771,-3064.178183375097,0.565760517080403,6.936193330750044,-6.37043281366964,121.8523861552882,0.25333136414820834,44.77713741063451,0.765625,49.0,0.050359712230215826,21.0,0.9496402877697842,396.0,0.234375,15.0,0.7,0.765625,0.7313432835820896,0.6888984895414609,0.9596260491606715,0.7743707864452718,0.9251559251559252,0.20989063738614097,0.7901093626138591,0.07484407484407485,0.9284428729684205,0.9251559251559252,0.9265603645876196,0.6888984895414609,0.9596260491606714,0.9642183651728126,0.8439325113562621,0.9251559251559252,11.955,0.012,11.87,0.02,11870.0,20.0,3273661.0,924503.0,104666.0,98.75259875259876,65.17671517671518,?,?
DatasetClassiRealeseNormalized,9,10,weka.classifiers.meta.FilteredClassifier,'-F \"weka.filters.MultiFilter -F \\\"weka.filters.supervised.attribute.AttributeSelection -E \\\\\\\"weka.attributeSelection.WrapperSubsetEval -B weka.classifiers.bayes.NaiveBayes -F 5 -T 0.01 -R 1 -E AUC --\\\\\\\" -S \\\\\\\"weka.attributeSelection.GreedyStepwise -B -T -1.7976931348623157E308 -N -1 -num-slots 1\\\\\\\"\\\" -F \\\"weka.filters.supervised.instance.Resample -B 1.0 -S 1 -Z 200.0\\\" -S 1\" -S 1 -W weka.classifiers.trees.RandomForest -- -P 100 -I 100 -num-slots 1 -K 0 -M 1.0 -V 0.001 -S 1',-4523450618538717400,2.02604251042E7,4330.0,481.0,454.0,27.0,0.0,94.38669438669439,5.613305613305613,0.0,0.767453936648343,0.0742568300398648,0.2100534966195716,32.196439834578875,61.846761184249004,272.1308087156738,2236.0334122100344,-1963.9026034943606,0.565760517080403,4.648718112702774,-4.082957595622371,165.11101209141734,0.34326613740419404,60.67339926363416,0.84375,54.0,0.0407673860911271,17.0,0.9592326139088729,400.0,0.15625,10.0,0.7605633802816901,0.84375,0.8,0.768852540698998,0.9792416067146283,0.855695614866845,0.9438669438669439,0.14088432995807096,0.859115670041929,0.056133056133056136,0.9469965169037652,0.9438669438669439,0.9450846809976193,0.7688525406989981,0.9792416067146283,0.977919058416353,0.8836759371221282,0.9438669438669439,9.686,0.007,9.6,0.01,9600.0,10.0,3120506.0,924503.0,104666.0,99.37629937629937,59.979209979209976,?,?
DatasetClassiRealeseNormalized,10,1,weka.classifiers.meta.FilteredClassifier,'-F \"weka.filters.MultiFilter -F \\\"weka.filters.supervised.attribute.AttributeSelection -E \\\\\\\"weka.attributeSelection.WrapperSubsetEval -B weka.classifiers.bayes.NaiveBayes -F 5 -T 0.01 -R 1 -E AUC --\\\\\\\" -S \\\\\\\"weka.attributeSelection.GreedyStepwise -B -T -1.7976931348623157E308 -N -1 -num-slots 1\\\\\\\"\\\" -F \\\"weka.filters.supervised.instance.Resample -B 1.0 -S 1 -Z 200.0\\\" -S 1\" -S 1 -W weka.classifiers.trees.RandomForest -- -P 100 -I 100 -num-slots 1 -K 0 -M 1.0 -V 0.001 -S 1',-4523450618538717400,2.02604251043E7,4329.0,482.0,463.0,19.0,0.0,96.05809128630706,3.9419087136929463,0.0,0.8299602658843627,0.05991381266521702,0.18123599247437688,25.9978632430599,53.408855789950884,272.3366817903761,3288.7651684914426,-3016.4284867010665,0.565013862635635,6.823164249982246,-6.258150387346611,186.29006905265928,0.38649391919638854,68.40432505381375,0.859375,55.0,0.023923444976076555,10.0,0.9760765550239234,408.0,0.140625,9.0,0.8461538461538461,0.859375,0.8527131782945736,0.8299935048137475,0.9658156399521531,0.8815223058221626,0.9605809128630706,0.1251293578391471,0.874870642160853,0.03941908713692946,0.9608553182988241,0.9605809128630706,0.9607100957787214,0.8299935048137475,0.965815639952153,0.976721568154733,0.9149793436383048,0.9605809128630706,11.896,0.011,11.77,0.01,11770.0,10.0,3087957.0,924290.0,104879.0,98.54771784232365,57.98755186721991,?,?
DatasetClassiRealeseNormalized,10,2,weka.classifiers.meta.FilteredClassifier,'-F \"weka.filters.MultiFilter -F \\\"weka.filters.supervised.attribute.AttributeSelection -E \\\\\\\"weka.attributeSelection.WrapperSubsetEval -B weka.classifiers.bayes.NaiveBayes -F 5 -T 0.01 -R 1 -E AUC --\\\\\\\" -S \\\\\\\"weka.attributeSelection.GreedyStepwise -B -T -1.7976931348623157E308 -N -1 -num-slots 1\\\\\\\"\\\" -F \\\"weka.filters.supervised.instance.Resample -B 1.0 -S 1 -Z 200.0\\\" -S 1\" -S 1 -W weka.classifiers.trees.RandomForest -- -P 100 -I 100 -num-slots 1 -K 0 -M 1.0 -V 0.001 -S 1',-4523450618538717400,2.02604251043E7,4330.0,481.0,459.0,22.0,0.0,95.42619542619542,4.573804573804574,0.0,0.8068907624365853,0.07161991505569319,0.19291670906220812,31.236741323875325,57.18039128526014,269.42867131105754,3299.370407324408,-3029.9417360133502,0.5601427677984564,6.85939793622538,-6.299255168426924,167.246806620561,0.34770645867060496,62.07461359131791,0.873015873015873,55.0,0.03349282296650718,14.0,0.9665071770334929,404.0,0.12698412698412698,8.0,0.7971014492753623,0.873015873015873,0.8333333333333334,0.8080121418932154,0.9722601959444065,0.8477095033092084,0.9542619542619543,0.11473890421258842,0.8852610957874116,0.04573804573804574,0.9565506994802055,0.9542619542619543,0.9551361370638479,0.8080121418932155,0.9722601959444065,0.974775809021909,0.9034136546184739,0.9542619542619543,11.601,0.008,11.53,0.01,11530.0,10.0,3100226.0,924503.0,104666.0,98.75259875259876,60.602910602910605,?,?
DatasetClassiRealeseNormalized,10,3,weka.classifiers.meta.FilteredClassifier,'-F \"weka.filters.MultiFilter -F \\\"weka.filters.supervised.attribute.AttributeSelection -E \\\\\\\"weka.attributeSelection.WrapperSubsetEval -B weka.classifiers.bayes.NaiveBayes -F 5 -T 0.01 -R 1 -E AUC --\\\\\\\" -S \\\\\\\"weka.attributeSelection.GreedyStepwise -B -T -1.7976931348623157E308 -N -1 -num-slots 1\\\\\\\"\\\" -F \\\"weka.filters.supervised.instance.Resample -B 1.0 -S 1 -Z 200.0\\\" -S 1\" -S 1 -W weka.classifiers.trees.RandomForest -- -P 100 -I 100 -num-slots 1 -K 0 -M 1.0 -V 0.001 -S 1',-4523450618538717400,2.02604251043E7,4330.0,481.0,465.0,16.0,0.0,96.67359667359668,3.3264033264033266,0.0,0.8576975703561259,0.053866213209910675,0.16713024750251662,23.35543130239235,49.20872382654487,272.1308087156738,67.30996433663033,204.82084437904348,0.565760517080403,0.13993755579341025,0.42582296128699265,196.83441359107726,0.4092191550750047,72.33080830503565,0.890625,57.0,0.02158273381294964,9.0,0.9784172661870504,408.0,0.109375,7.0,0.8636363636363636,0.890625,0.8769230769230768,0.8578332928763902,0.9882531474820144,0.93388868634962,0.9667359667359667,0.09769370054891638,0.9023062994510836,0.033264033264033266,0.9672328322930732,0.9667359667359667,0.9669518631057094,0.8578332928763902,0.9882531474820144,0.9895952944378984,0.9288461538461539,0.9667359667359667,9.685,0.01,9.62,0.01,9620.0,10.0,3108703.0,924503.0,104666.0,99.58419958419958,57.7962577962578,?,?
DatasetClassiRealeseNormalized,10,4,weka.classifiers.meta.FilteredClassifier,'-F \"weka.filters.MultiFilter -F \\\"weka.filters.supervised.attribute.AttributeSelection -E \\\\\\\"weka.attributeSelection.WrapperSubsetEval -B weka.classifiers.bayes.NaiveBayes -F 5 -T 0.01 -R 1 -E AUC --\\\\\\\" -S \\\\\\\"weka.attributeSelection.GreedyStepwise -B -T -1.7976931348623157E308 -N -1 -num-slots 1\\\\\\\"\\\" -F \\\"weka.filters.supervised.instance.Resample -B 1.0 -S 1 -Z 200.0\\\" -S 1\" -S 1 -W weka.classifiers.trees.RandomForest -- -P 100 -I 100 -num-slots 1 -K 0 -M 1.0 -V 0.001 -S 1',-4523450618538717400,2.02604251043E7,4330.0,481.0,465.0,16.0,0.0,96.67359667359668,3.3264033264033266,0.0,0.8558153477218226,0.052117266981406174,0.16271847813822765,22.597119346579955,47.909751656767895,272.1308087156738,1132.6237389602243,-860.4929302445505,0.565760517080403,2.3547271080254144,-1.7889665909450114,198.39810051470084,0.4124700634401265,72.90541686589775,0.875,56.0,0.019184652278177457,8.0,0.9808153477218226,409.0,0.125,8.0,0.875,0.875,0.875,0.8558153477218226,0.9872789268585132,0.9255107754710615,0.9667359667359667,0.1109206190141442,0.8890793809858558,0.033264033264033266,0.9667359667359667,0.9667359667359667,0.9667359667359667,0.8558153477218226,0.9872789268585133,0.9881518588325489,0.9279076738609113,0.9667359667359667,9.703,0.008,9.63,0.01,9630.0,10.0,3222563.0,924503.0,104666.0,99.58419958419958,57.9002079002079,?,?
DatasetClassiRealeseNormalized,10,5,weka.classifiers.meta.FilteredClassifier,'-F \"weka.filters.MultiFilter -F \\\"weka.filters.supervised.attribute.AttributeSelection -E \\\\\\\"weka.attributeSelection.WrapperSubsetEval -B weka.classifiers.bayes.NaiveBayes -F 5 -T 0.01 -R 1 -E AUC --\\\\\\\" -S \\\\\\\"weka.attributeSelection.GreedyStepwise -B -T -1.7976931348623157E308 -N -1 -num-slots 1\\\\\\\"\\\" -F \\\"weka.filters.supervised.instance.Resample -B 1.0 -S 1 -Z 200.0\\\" -S 1\" -S 1 -W weka.classifiers.trees.RandomForest -- -P 100 -I 100 -num-slots 1 -K 0 -M 1.0 -V 0.001 -S 1',-4523450618538717400,2.02604251043E7,4330.0,481.0,462.0,19.0,0.0,96.04989604989605,3.95010395010395,0.0,0.8383993775750183,0.06400847701856506,0.17862662386169212,27.752936371306042,52.59364078633198,272.1308087156738,1144.1107351764447,-871.9799264607709,0.565760517080403,2.3786085970404254,-1.8128480799600226,175.96204687664712,0.36582546128201066,64.66083267348637,0.921875,59.0,0.03357314148681055,14.0,0.9664268585131894,403.0,0.078125,5.0,0.8082191780821918,0.921875,0.8613138686131386,0.8408665445769333,0.9802158273381295,0.9346250609664648,0.9604989604989606,0.07219710198577105,0.927802898014229,0.0395010395010395,0.9638580733463893,0.9604989604989606,0.9615809796831695,0.8408665445769333,0.9802158273381295,0.9870403108696286,0.9191417827914178,0.9604989604989606,11.556,0.008,11.49,0.0,11490.0,0.0,3213996.0,924503.0,104666.0,99.37629937629937,59.87525987525988,?,?
DatasetClassiRealeseNormalized,10,6,weka.classifiers.meta.FilteredClassifier,'-F \"weka.filters.MultiFilter -F \\\"weka.filters.supervised.attribute.AttributeSelection -E \\\\\\\"weka.attributeSelection.WrapperSubsetEval -B weka.classifiers.bayes.NaiveBayes -F 5 -T 0.01 -R 1 -E AUC --\\\\\\\" -S \\\\\\\"weka.attributeSelection.GreedyStepwise -B -T -1.7976931348623157E308 -N -1 -num-slots 1\\\\\\\"\\\" -F \\\"weka.filters.supervised.instance.Resample -B 1.0 -S 1 -Z 200.0\\\" -S 1\" -S 1 -W weka.classifiers.trees.RandomForest -- -P 100 -I 100 -num-slots 1 -K 0 -M 1.0 -V 0.001 -S 1',-4523450618538717400,2.02604251043E7,4330.0,481.0,466.0,15.0,0.0,96.88149688149689,3.1185031185031185,0.0,0.8639269750862836,0.05601209013057586,0.1649185930304766,24.285845341498483,48.55753892291022,272.1308087156738,3276.072550712396,-3003.941741996722,0.565760517080403,6.810961643892716,-6.245201126812312,193.66202137594192,0.4026237450643283,71.16504826849015,0.875,56.0,0.016786570743405275,7.0,0.9832134292565947,410.0,0.125,8.0,0.8888888888888888,0.875,0.8818897637795274,0.8639625247424667,0.9762627398081535,0.890081001630924,0.9688149688149689,0.1106015395583741,0.889398460441626,0.031185031185031187,0.9686237580974424,0.9688149688149689,0.9687108667730102,0.8639625247424667,0.9762627398081535,0.9804450689345053,0.93196284596162,0.9688149688149689,9.721,0.009,9.65,0.01,9650.0,10.0,3210920.0,924503.0,104666.0,98.96049896049897,57.9002079002079,?,?
DatasetClassiRealeseNormalized,10,7,weka.classifiers.meta.FilteredClassifier,'-F \"weka.filters.MultiFilter -F \\\"weka.filters.supervised.attribute.AttributeSelection -E \\\\\\\"weka.attributeSelection.WrapperSubsetEval -B weka.classifiers.bayes.NaiveBayes -F 5 -T 0.01 -R 1 -E AUC --\\\\\\\" -S \\\\\\\"weka.attributeSelection.GreedyStepwise -B -T -1.7976931348623157E308 -N -1 -num-slots 1\\\\\\\"\\\" -F \\\"weka.filters.supervised.instance.Resample -B 1.0 -S 1 -Z 200.0\\\" -S 1\" -S 1 -W weka.classifiers.trees.RandomForest -- -P 100 -I 100 -num-slots 1 -K 0 -M 1.0 -V 0.001 -S 1',-4523450618538717400,2.02604251044E7,4330.0,481.0,465.0,16.0,0.0,96.67359667359668,3.3264033264033266,0.0,0.8630604982206406,0.057268264218670234,0.17463304869475663,24.83050006790378,51.417798947963874,272.1308087156738,5419.634814873727,-5147.504006158053,0.565760517080403,11.267432047554527,-10.701671530474123,188.48100370991403,0.39185239856530985,69.26117796050123,0.9375,60.0,0.02877697841726619,12.0,0.9712230215827338,405.0,0.0625,4.0,0.8333333333333334,0.9375,0.8823529411764706,0.865090699255016,0.9766749100719424,0.853289148858952,0.9667359667359667,0.05801294515323292,0.9419870548467671,0.033264033264033266,0.9693453091986098,0.9667359667359667,0.9675532357486495,0.865090699255016,0.9766749100719424,0.975739579403007,0.9314912405640222,0.9667359667359667,10.179,0.008,10.12,0.01,10120.0,10.0,3168832.0,924503.0,104666.0,98.75259875259876,57.9002079002079,?,?
DatasetClassiRealeseNormalized,10,8,weka.classifiers.meta.FilteredClassifier,'-F \"weka.filters.MultiFilter -F \\\"weka.filters.supervised.attribute.AttributeSelection -E \\\\\\\"weka.attributeSelection.WrapperSubsetEval -B weka.classifiers.bayes.NaiveBayes -F 5 -T 0.01 -R 1 -E AUC --\\\\\\\" -S \\\\\\\"weka.attributeSelection.GreedyStepwise -B -T -1.7976931348623157E308 -N -1 -num-slots 1\\\\\\\"\\\" -F \\\"weka.filters.supervised.instance.Resample -B 1.0 -S 1 -Z 200.0\\\" -S 1\" -S 1 -W weka.classifiers.trees.RandomForest -- -P 100 -I 100 -num-slots 1 -K 0 -M 1.0 -V 0.001 -S 1',-4523450618538717400,2.02604251044E7,4330.0,481.0,460.0,21.0,0.0,95.63409563409563,4.365904365904366,0.0,0.8144392394599066,0.060752110728246454,0.19413918562072865,26.34103390672051,57.161056791810914,272.1308087156738,5436.9316406314965,-5164.8008319158225,0.565760517080403,11.303392184265066,-10.737631667184662,184.18814151839769,0.3829275291442779,67.68367844408242,0.859375,55.0,0.02877697841726619,12.0,0.9712230215827338,405.0,0.140625,9.0,0.8208955223880597,0.859375,0.8396946564885497,0.81472554771014,0.9774992505995204,0.8173554106439046,0.9563409563409564,0.12574293475822254,0.8742570652417775,0.04365904365904366,0.9573224449927891,0.9563409563409564,0.9567620621165968,0.8147255477101402,0.9774992505995204,0.9724531735997168,0.9072119491829029,0.9563409563409564,9.674,0.007,9.61,0.01,9610.0,10.0,3068770.0,924503.0,104666.0,98.33679833679834,57.484407484407484,?,?
DatasetClassiRealeseNormalized,10,9,weka.classifiers.meta.FilteredClassifier,'-F \"weka.filters.MultiFilter -F \\\"weka.filters.supervised.attribute.AttributeSelection -E \\\\\\\"weka.attributeSelection.WrapperSubsetEval -B weka.classifiers.bayes.NaiveBayes -F 5 -T 0.01 -R 1 -E AUC --\\\\\\\" -S \\\\\\\"weka.attributeSelection.GreedyStepwise -B -T -1.7976931348623157E308 -N -1 -num-slots 1\\\\\\\"\\\" -F \\\"weka.filters.supervised.instance.Resample -B 1.0 -S 1 -Z 200.0\\\" -S 1\" -S 1 -W weka.classifiers.trees.RandomForest -- -P 100 -I 100 -num-slots 1 -K 0 -M 1.0 -V 0.001 -S 1',-4523450618538717400,2.02604251044E7,4330.0,481.0,462.0,19.0,0.0,96.04989604989605,3.95010395010395,0.0,0.8383993775750183,0.06694370847969923,0.18520506121692978,29.025600489720937,54.53055233802009,272.1308087156738,78.43701157209412,193.6937971435797,0.565760517080403,0.1630707101290938,0.4026898069513091,174.21121794363296,0.36218548429029723,64.01745497535758,0.921875,59.0,0.03357314148681055,14.0,0.9664268585131894,403.0,0.078125,5.0,0.8082191780821918,0.921875,0.8613138686131386,0.8408665445769333,0.9884404976019184,0.9283086025155556,0.9604989604989606,0.07219710198577105,0.927802898014229,0.0395010395010395,0.9638580733463893,0.9604989604989606,0.9615809796831695,0.8408665445769333,0.9884404976019184,0.9889311789638583,0.9191417827914178,0.9604989604989606,11.541,0.011,11.47,0.01,11470.0,10.0,3335383.0,924503.0,104666.0,99.58419958419958,59.87525987525988,?,?
DatasetClassiRealeseNormalized,10,10,weka.classifiers.meta.FilteredClassifier,'-F \"weka.filters.MultiFilter -F \\\"weka.filters.supervised.attribute.AttributeSelection -E \\\\\\\"weka.attributeSelection.WrapperSubsetEval -B weka.classifiers.bayes.NaiveBayes -F 5 -T 0.01 -R 1 -E AUC --\\\\\\\" -S \\\\\\\"weka.attributeSelection.GreedyStepwise -B -T -1.7976931348623157E308 -N -1 -num-slots 1\\\\\\\"\\\" -F \\\"weka.filters.supervised.instance.Resample -B 1.0 -S 1 -Z 200.0\\\" -S 1\" -S 1 -W weka.classifiers.trees.RandomForest -- -P 100 -I 100 -num-slots 1 -K 0 -M 1.0 -V 0.001 -S 1',-4523450618538717400,2.02604251044E7,4330.0,481.0,457.0,24.0,0.0,95.01039501039502,4.98960498960499,0.0,0.7808239984811087,0.06815609348303642,0.20012862040823093,29.55126904836175,58.92454632610878,272.1308087156738,3309.16711273251,-3037.036304016836,0.565760517080403,6.8797653071361955,-6.314004790055792,174.26027090918336,0.3622874655076577,64.0354804851416,0.796875,51.0,0.026378896882494004,11.0,0.973621103117506,406.0,0.203125,13.0,0.8225806451612904,0.796875,0.8095238095238094,0.7809542717590401,0.9551109112709832,0.8529048501313835,0.9501039501039501,0.1796078469864441,0.820392153013556,0.0498960498960499,0.9494952469777321,0.9501039501039501,0.9497676339781603,0.7809542717590401,0.9551109112709832,0.9711237408532943,0.8904078377762588,0.9501039501039501,9.722,0.011,9.65,0.01,9650.0,10.0,3080473.0,924503.0,104666.0,98.12889812889813,58.316008316008315,?,?
DatasetClassiRealeseNormalized,1,1,weka.classifiers.meta.FilteredClassifier,'-F \"weka.filters.MultiFilter -F \\\"weka.filters.supervised.instance.Resample -B 1.0 -S 1 -Z 200.0\\\" -S 1\" -S 1 -W weka.classifiers.trees.RandomForest -- -P 100 -I 100 -num-slots 1 -K 0 -M 1.0 -V 0.001 -S 1',-4523450618538717400,2.02604251044E7,4329.0,482.0,469.0,13.0,0.0,97.30290456431536,2.6970954356846475,0.0,0.8836570240261428,0.050794163394484095,0.1506778466927813,22.04065564737589,44.403604796618104,272.3366817903761,2196.800118680691,-1924.4634368903148,0.565013862635635,4.557676594773218,-3.9926627321375827,204.26082898578852,0.4237776534974866,75.00305417652584,0.90625,58.0,0.01674641148325359,7.0,0.9832535885167464,411.0,0.09375,6.0,0.8923076923076924,0.90625,0.8992248062015504,0.883692413447335,0.9891970693779905,0.9061862942159546,0.9730290456431535,0.08352545712640712,0.9164745428735929,0.026970954356846474,0.9732226220300491,0.9730290456431535,0.973117433953862,0.883692413447335,0.9891970693779905,0.9860566557115198,0.9418279719630507,0.9730290456431535,1.093,0.011,1.09,0.01,1090.0,10.0,3197137.0,924290.0,104879.0,99.37759336099585,58.60995850622407,?,?
DatasetClassiRealeseNormalized,1,2,weka.classifiers.meta.FilteredClassifier,'-F \"weka.filters.MultiFilter -F \\\"weka.filters.supervised.instance.Resample -B 1.0 -S 1 -Z 200.0\\\" -S 1\" -S 1 -W weka.classifiers.trees.RandomForest -- -P 100 -I 100 -num-slots 1 -K 0 -M 1.0 -V 0.001 -S 1',-4523450618538717400,2.02604251044E7,4330.0,481.0,464.0,17.0,0.0,96.46569646569647,3.5343035343035343,0.0,0.8498062193486768,0.06259575674888201,0.18731153050070662,27.30089054164022,55.51901988343379,269.42867131105754,2233.7833795863285,-1964.354708275271,0.5601427677984564,4.644040290200267,-4.083897522401811,180.2354246032936,0.3747098224600699,66.89541381258952,0.9047619047619048,57.0,0.02631578947368421,11.0,0.9736842105263158,407.0,0.09523809523809523,6.0,0.8382352941176471,0.9047619047619048,0.8702290076335878,0.8506365903130795,0.9582099187362345,0.8706719892051815,0.9646569646569647,0.0862108493687441,0.913789150631256,0.035343035343035345,0.9661874933559879,0.9646569646569647,0.9652251232431461,0.8506365903130794,0.9582099187362345,0.9742340908601255,0.9248858636242547,0.9646569646569647,1.046,0.012,1.04,0.01,1040.0,10.0,2893774.0,924503.0,104666.0,97.71309771309771,58.83575883575884,?,?
DatasetClassiRealeseNormalized,1,3,weka.classifiers.meta.FilteredClassifier,'-F \"weka.filters.MultiFilter -F \\\"weka.filters.supervised.instance.Resample -B 1.0 -S 1 -Z 200.0\\\" -S 1\" -S 1 -W weka.classifiers.trees.RandomForest -- -P 100 -I 100 -num-slots 1 -K 0 -M 1.0 -V 0.001 -S 1',-4523450618538717400,2.02604251044E7,4330.0,481.0,460.0,21.0,0.0,95.63409563409563,4.365904365904366,0.0,0.819130839615378,0.0631334995112517,0.18701015599036228,27.373561697546055,55.06203249504697,272.1308087156738,1148.7745387759803,-876.6437300603066,0.565760517080403,2.3883046544199176,-1.8225441373395146,177.84203148786565,0.3697339531972259,65.35167125221663,0.890625,57.0,0.03357314148681055,14.0,0.9664268585131894,403.0,0.109375,7.0,0.8028169014084507,0.890625,0.8444444444444446,0.8206236193844227,0.9839628297362111,0.9060371315548497,0.9563409563409564,0.09928909782776689,0.9007109021722332,0.04365904365904366,0.958962098742243,0.9563409563409564,0.9572880852203706,0.8206236193844227,0.9839628297362111,0.9851613734370359,0.9095257288727664,0.9563409563409564,1.066,0.011,1.06,0.02,1060.0,20.0,3026760.0,924503.0,104666.0,99.37629937629937,58.83575883575884,?,?
DatasetClassiRealeseNormalized,1,4,weka.classifiers.meta.FilteredClassifier,'-F \"weka.filters.MultiFilter -F \\\"weka.filters.supervised.instance.Resample -B 1.0 -S 1 -Z 200.0\\\" -S 1\" -S 1 -W weka.classifiers.trees.RandomForest -- -P 100 -I 100 -num-slots 1 -K 0 -M 1.0 -V 0.001 -S 1',-4523450618538717400,2.02604251044E7,4330.0,481.0,459.0,22.0,0.0,95.42619542619542,4.573804573804574,0.0,0.8068555158063809,0.06271064267537037,0.19330124256131356,27.190218499785193,56.914338383806964,272.1308087156738,4367.611224830578,-4095.480416114904,0.565760517080403,9.080272816695588,-8.514512299615186,184.0344185736481,0.38260793882255323,67.62718982176321,0.859375,55.0,0.03117505995203837,13.0,0.9688249400479616,404.0,0.140625,9.0,0.8088235294117647,0.859375,0.8333333333333333,0.8073534901058181,0.9623238908872902,0.8453313344217125,0.9542619542619543,0.12606201421399263,0.8739379857860073,0.04573804573804574,0.9556705588609876,0.9542619542619543,0.95484474279655,0.8073534901058181,0.9623238908872902,0.9713076677453096,0.9034136546184739,0.9542619542619543,1.076,0.007,1.07,0.0,1070.0,0.0,3048785.0,924503.0,104666.0,98.54469854469855,58.316008316008315,?,?
DatasetClassiRealeseNormalized,1,5,weka.classifiers.meta.FilteredClassifier,'-F \"weka.filters.MultiFilter -F \\\"weka.filters.supervised.instance.Resample -B 1.0 -S 1 -Z 200.0\\\" -S 1\" -S 1 -W weka.classifiers.trees.RandomForest -- -P 100 -I 100 -num-slots 1 -K 0 -M 1.0 -V 0.001 -S 1',-4523450618538717400,2.02604251044E7,4330.0,481.0,460.0,21.0,0.0,95.63409563409563,4.365904365904366,0.0,0.8144392394599066,0.06097039965888162,0.18378812970199676,26.435680101797473,54.11336040154301,272.1308087156738,2219.491731344612,-1947.3609226289384,0.565760517080403,4.614327923793373,-4.048567406712969,181.12077239763303,0.37655046236514145,66.5565112794232,0.859375,55.0,0.02877697841726619,12.0,0.9712230215827338,405.0,0.140625,9.0,0.8208955223880597,0.859375,0.8396946564885497,0.81472554771014,0.9823141486810552,0.8781173504084319,0.9563409563409564,0.12574293475822254,0.8742570652417775,0.04365904365904366,0.9573224449927891,0.9563409563409564,0.9567620621165968,0.8147255477101402,0.9823141486810553,0.9812597005130602,0.9072119491829029,0.9563409563409564,1.044,0.007,1.04,0.01,1040.0,10.0,2996753.0,924503.0,104666.0,98.96049896049897,57.06860706860707,?,?
DatasetClassiRealeseNormalized,1,6,weka.classifiers.meta.FilteredClassifier,'-F \"weka.filters.MultiFilter -F \\\"weka.filters.supervised.instance.Resample -B 1.0 -S 1 -Z 200.0\\\" -S 1\" -S 1 -W weka.classifiers.trees.RandomForest -- -P 100 -I 100 -num-slots 1 -K 0 -M 1.0 -V 0.001 -S 1',-4523450618538717400,2.02604251044E7,4330.0,481.0,455.0,26.0,0.0,94.5945945945946,5.405405405405405,0.0,0.777473309608541,0.06683313022791726,0.1916615052572522,28.97765572789095,56.43154498554778,272.1308087156738,3289.7888799224957,-3017.6580712068217,0.565760517080403,6.8394779208367895,-6.273717403756386,175.1039788077285,0.36404153598280353,64.34551811099038,0.859375,55.0,0.0407673860911271,17.0,0.9592326139088729,400.0,0.140625,9.0,0.7638888888888888,0.859375,0.8088235294117647,0.779302181536547,0.9581647182254197,0.9052980203129606,0.9459459459459459,0.12733833203707304,0.872661667962927,0.05405405405405406,0.9495069641768906,0.9459459459459459,0.9472740080915555,0.779302181536547,0.9581647182254197,0.9771946172838526,0.8886732659165362,0.9459459459459459,1.062,0.007,1.06,0.0,1060.0,0.0,3013093.0,924503.0,104666.0,99.16839916839916,58.93970893970894,?,?
DatasetClassiRealeseNormalized,1,7,weka.classifiers.meta.FilteredClassifier,'-F \"weka.filters.MultiFilter -F \\\"weka.filters.supervised.instance.Resample -B 1.0 -S 1 -Z 200.0\\\" -S 1\" -S 1 -W weka.classifiers.trees.RandomForest -- -P 100 -I 100 -num-slots 1 -K 0 -M 1.0 -V 0.001 -S 1',-4523450618538717400,2.02604251044E7,4330.0,481.0,460.0,21.0,0.0,95.63409563409563,4.365904365904366,0.0,0.8168150740828062,0.06333234351423114,0.18288780079424868,27.459776918084792,53.848273517292675,272.1308087156738,2217.3259128081886,-1945.1951040925148,0.565760517080403,4.609825182553407,-4.0440646654730035,184.57280878437038,0.3837272531899592,67.82503225396088,0.875,56.0,0.03117505995203837,13.0,0.9688249400479616,404.0,0.125,8.0,0.8115942028985508,0.875,0.8421052631578948,0.8175931013113732,0.9822579436450839,0.8788800458596343,0.9563409563409564,0.11251601629299471,0.8874839837070053,0.04365904365904366,0.9580975916982671,0.9563409563409564,0.9570299532841593,0.8175931013113732,0.9822579436450839,0.9812979707741332,0.9083867690940257,0.9563409563409564,1.057,0.007,1.05,0.01,1050.0,10.0,2941766.0,924503.0,104666.0,99.16839916839916,59.563409563409564,?,?
DatasetClassiRealeseNormalized,1,8,weka.classifiers.meta.FilteredClassifier,'-F \"weka.filters.MultiFilter -F \\\"weka.filters.supervised.instance.Resample -B 1.0 -S 1 -Z 200.0\\\" -S 1\" -S 1 -W weka.classifiers.trees.RandomForest -- -P 100 -I 100 -num-slots 1 -K 0 -M 1.0 -V 0.001 -S 1',-4523450618538717400,2.02604251044E7,4330.0,481.0,469.0,12.0,0.0,97.5051975051975,2.494802494802495,0.0,0.8972953736654804,0.04751328567752669,0.14043450084299208,20.600914997831108,41.34860488133616,272.1308087156738,1120.4383518340642,-848.3075431183904,0.565760517080403,2.3293936628566825,-1.7636331457762795,206.6699351310229,0.4296672248046214,75.94507072036618,0.96875,62.0,0.023980815347721823,10.0,0.9760191846522782,407.0,0.03125,2.0,0.8611111111111112,0.96875,0.911764705882353,0.8994061063424037,0.9941921462829736,0.9497193442616219,0.975051975051975,0.030282790399696873,0.9697172096003032,0.02494802494802495,0.9772806472072977,0.975051975051975,0.9756649268114871,0.8994061063424037,0.9941921462829736,0.9924864114936021,0.9486184304230167,0.975051975051975,1.068,0.008,1.06,0.01,1060.0,10.0,3128459.0,924503.0,104666.0,99.58419958419958,58.62785862785863,?,?
DatasetClassiRealeseNormalized,1,9,weka.classifiers.meta.FilteredClassifier,'-F \"weka.filters.MultiFilter -F \\\"weka.filters.supervised.instance.Resample -B 1.0 -S 1 -Z 200.0\\\" -S 1\" -S 1 -W weka.classifiers.trees.RandomForest -- -P 100 -I 100 -num-slots 1 -K 0 -M 1.0 -V 0.001 -S 1',-4523450618538717400,2.02604251044E7,4330.0,481.0,464.0,17.0,0.0,96.46569646569647,3.5343035343035343,0.0,0.8497841462294482,0.06270689710382496,0.18641771342298438,27.18859448662919,54.88759762693161,272.1308087156738,2226.9312486460835,-1954.8004399304098,0.565760517080403,4.629794695729903,-4.064034178649501,182.63519390985013,0.3796989478375263,67.11301626295096,0.890625,57.0,0.023980815347721823,10.0,0.9760191846522782,407.0,0.109375,7.0,0.8507462686567164,0.890625,0.8702290076335878,0.8500828796403587,0.9799910071942446,0.8775667360440403,0.9646569646569647,0.09801278000468648,0.9019872199953135,0.035343035343035345,0.9654824044830534,0.9646569646569647,0.9649978598086736,0.8500828796403587,0.9799910071942446,0.9806326209955916,0.9248858636242547,0.9646569646569647,1.075,0.008,1.07,0.01,1070.0,10.0,3110488.0,924503.0,104666.0,98.54469854469855,58.00415800415801,?,?
DatasetClassiRealeseNormalized,1,10,weka.classifiers.meta.FilteredClassifier,'-F \"weka.filters.MultiFilter -F \\\"weka.filters.supervised.instance.Resample -B 1.0 -S 1 -Z 200.0\\\" -S 1\" -S 1 -W weka.classifiers.trees.RandomForest -- -P 100 -I 100 -num-slots 1 -K 0 -M 1.0 -V 0.001 -S 1',-4523450618538717400,2.02604251044E7,4330.0,481.0,463.0,18.0,0.0,96.25779625779626,3.7422037422037424,0.0,0.8439831333117094,0.06463455095743607,0.18571109058349772,28.02439088793484,54.679544275264654,272.1308087156738,2222.8613913258955,-1950.7305826102217,0.565760517080403,4.62133345389999,-4.055572936819588,180.20617819104748,0.3746490191082068,66.2204250380667,0.90625,58.0,0.02877697841726619,12.0,0.9712230215827338,405.0,0.09375,6.0,0.8285714285714286,0.90625,0.8656716417910447,0.8451267655760873,0.975550809352518,0.8845708637832517,0.9625779625779626,0.08510494099522876,0.9148950590047713,0.037422037422037424,0.9645342623444814,0.9625779625779626,0.96328018229381,0.8451267655760873,0.9755508093525179,0.9797970396046553,0.9219662556781311,0.9625779625779626,1.059,0.008,1.06,0.01,1060.0,10.0,3022721.0,924503.0,104666.0,98.75259875259876,59.04365904365904,?,?
DatasetClassiRealeseNormalized,2,1,weka.classifiers.meta.FilteredClassifier,'-F \"weka.filters.MultiFilter -F \\\"weka.filters.supervised.instance.Resample -B 1.0 -S 1 -Z 200.0\\\" -S 1\" -S 1 -W weka.classifiers.trees.RandomForest -- -P 100 -I 100 -num-slots 1 -K 0 -M 1.0 -V 0.001 -S 1',-4523450618538717400,2.02604251044E7,4329.0,482.0,462.0,20.0,0.0,95.850622406639,4.149377593360996,0.0,0.8244719592134014,0.06018754585188649,0.18174506601865711,26.116641829091222,53.55887585573217,272.3366817903761,80.5047361937459,191.8319455966302,0.565013862635635,0.16702227426088362,0.39799158837475146,186.83629032766328,0.38762715835614786,68.60489343535276,0.875,56.0,0.028708133971291867,12.0,0.9712918660287081,406.0,0.125,8.0,0.8235294117647058,0.875,0.8484848484848485,0.8249804704365193,0.9817396830143541,0.9099241997569547,0.9585062240663901,0.11221435803768191,0.8877856419623181,0.04149377593360996,0.9598103478567445,0.9585062240663901,0.9590351729874552,0.8249804704365192,0.981739683014354,0.9853577121278962,0.9122231934731935,0.9585062240663901,1.051,0.008,1.05,0.01,1050.0,10.0,3071305.0,924290.0,104879.0,98.96265560165975,58.40248962655602,?,?
DatasetClassiRealeseNormalized,2,2,weka.classifiers.meta.FilteredClassifier,'-F \"weka.filters.MultiFilter -F \\\"weka.filters.supervised.instance.Resample -B 1.0 -S 1 -Z 200.0\\\" -S 1\" -S 1 -W weka.classifiers.trees.RandomForest -- -P 100 -I 100 -num-slots 1 -K 0 -M 1.0 -V 0.001 -S 1',-4523450618538717400,2.02604251044E7,4330.0,481.0,464.0,17.0,0.0,96.46569646569647,3.5343035343035343,0.0,0.8436908607803034,0.057724841960458954,0.17247514048698898,25.176460414373334,51.121523210548176,269.42867131105754,2209.299537968993,-1939.8708666579353,0.5601427677984564,4.593138332575869,-4.032995564777412,186.19154278015242,0.3870926045325414,69.10606130896619,0.8571428571428571,54.0,0.019138755980861243,8.0,0.9808612440191388,410.0,0.14285714285714285,9.0,0.8709677419354839,0.8571428571428571,0.864,0.8437265265653044,0.9763423710792132,0.9052618977044071,0.9646569646569647,0.12665286349496874,0.8733471365050313,0.035343035343035345,0.9644333626934289,0.9646569646569647,0.9645367054399313,0.8437265265653044,0.9763423710792132,0.9828663262405334,0.9218446833930705,0.9646569646569647,1.05,0.008,1.05,0.0,1050.0,0.0,3017290.0,924503.0,104666.0,99.16839916839916,58.00415800415801,?,?
DatasetClassiRealeseNormalized,2,3,weka.classifiers.meta.FilteredClassifier,'-F \"weka.filters.MultiFilter -F \\\"weka.filters.supervised.instance.Resample -B 1.0 -S 1 -Z 200.0\\\" -S 1\" -S 1 -W weka.classifiers.trees.RandomForest -- -P 100 -I 100 -num-slots 1 -K 0 -M 1.0 -V 0.001 -S 1',-4523450618538717400,2.02604251044E7,4330.0,481.0,459.0,22.0,0.0,95.42619542619542,4.573804573804574,0.0,0.8093127184920893,0.06342742237936035,0.18521923022763953,27.50100142173017,54.53472416774768,272.1308087156738,82.83344410760299,189.29736460807084,0.565760517080403,0.1722109025106091,0.3935496145697938,180.3398558921979,0.37492693532681476,66.2695476279643,0.875,56.0,0.03357314148681055,14.0,0.9664268585131894,403.0,0.125,8.0,0.8,0.875,0.8358208955223881,0.8104093709017259,0.9778926858513189,0.9164318342781993,0.9542619542619543,0.11283509574876481,0.8871649042512352,0.04573804573804574,0.9565139535942456,0.9542619542619543,0.9551202228035452,0.8104093709017259,0.9778926858513189,0.9854768878480117,0.9046254236066047,0.9542619542619543,1.055,0.008,1.05,0.01,1050.0,10.0,3000582.0,924503.0,104666.0,98.96049896049897,58.62785862785863,?,?
DatasetClassiRealeseNormalized,2,4,weka.classifiers.meta.FilteredClassifier,'-F \"weka.filters.MultiFilter -F \\\"weka.filters.supervised.instance.Resample -B 1.0 -S 1 -Z 200.0\\\" -S 1\" -S 1 -W weka.classifiers.trees.RandomForest -- -P 100 -I 100 -num-slots 1 -K 0 -M 1.0 -V 0.001 -S 1',-4523450618538717400,2.02604251044E7,4330.0,481.0,463.0,18.0,0.0,96.25779625779626,3.7422037422037424,0.0,0.8419726947506754,0.05872362301118769,0.1742654255782847,25.46151773692976,51.30955843087585,272.1308087156738,1142.0100402545565,-869.8792315388828,0.565760517080403,2.374241247930471,-1.808480730850068,184.72590060016074,0.3840455313932656,67.88128895510873,0.890625,57.0,0.026378896882494004,11.0,0.973621103117506,406.0,0.109375,7.0,0.8382352941176471,0.890625,0.8636363636363636,0.8424923426363251,0.9872601918465228,0.9105214593861536,0.9625779625779626,0.09833185946045657,0.9016681405395435,0.037422037422037424,0.9637822499238252,0.9625779625779626,0.9630547895608137,0.842492342636325,0.9872601918465228,0.9863374274129394,0.920974808324206,0.9625779625779626,1.061,0.009,1.06,0.01,1060.0,10.0,3032051.0,924503.0,104666.0,98.96049896049897,57.69230769230769,?,?
DatasetClassiRealeseNormalized,2,5,weka.classifiers.meta.FilteredClassifier,'-F \"weka.filters.MultiFilter -F \\\"weka.filters.supervised.instance.Resample -B 1.0 -S 1 -Z 200.0\\\" -S 1\" -S 1 -W weka.classifiers.trees.RandomForest -- -P 100 -I 100 -num-slots 1 -K 0 -M 1.0 -V 0.001 -S 1',-4523450618538717400,2.02604251044E7,4330.0,481.0,461.0,20.0,0.0,95.84199584199584,4.158004158004158,0.0,0.8288256227758007,0.06687927002957832,0.18511558848036436,28.997661124665388,54.50420857769276,272.1308087156738,2223.431590027208,-1951.3007813115344,0.565760517080403,4.622518898185464,-4.056758381105061,177.34265526953206,0.36869574900110613,65.16816530495163,0.90625,58.0,0.03357314148681055,14.0,0.9664268585131894,403.0,0.09375,6.0,0.8055555555555556,0.90625,0.8529411764705882,0.8307752921676284,0.9834944544364509,0.8719195071494278,0.9584199584199584,0.08574309990676897,0.914256900093231,0.04158004158004158,0.9614099711899223,0.9584199584199584,0.9594415446858119,0.8307752921676284,0.9834944544364508,0.9806920424322233,0.9143640507050277,0.9584199584199584,1.08,0.008,1.08,0.0,1080.0,0.0,3013511.0,924503.0,104666.0,98.54469854469855,59.979209979209976,?,?
DatasetClassiRealeseNormalized,2,6,weka.classifiers.meta.FilteredClassifier,'-F \"weka.filters.MultiFilter -F \\\"weka.filters.supervised.instance.Resample -B 1.0 -S 1 -Z 200.0\\\" -S 1\" -S 1 -W weka.classifiers.trees.RandomForest -- -P 100 -I 100 -num-slots 1 -K 0 -M 1.0 -V 0.001 -S 1',-4523450618538717400,2.02604251044E7,4330.0,481.0,454.0,27.0,0.0,94.38669438669439,5.613305613305613,0.0,0.7644765238207507,0.07560244875247182,0.2073359629299691,32.779876158180045,61.04662855224911,272.1308087156738,2246.58272095124,-1974.4519122355662,0.565760517080403,4.670650147507775,-4.1048896304273725,161.95192536212565,0.33669838952624875,59.51252859845624,0.828125,53.0,0.03836930455635491,16.0,0.9616306954436451,401.0,0.171875,11.0,0.7681159420289855,0.828125,0.7969924812030075,0.7652046978836506,0.9626236510791367,0.8383630106947118,0.9438669438669439,0.1541112484232988,0.8458887515767013,0.056133056133056136,0.9459998443746861,0.9438669438669439,0.9447527970796336,0.7652046978836506,0.9626236510791367,0.9716606271354733,0.8822115602637475,0.9438669438669439,1.042,0.008,1.04,0.01,1040.0,10.0,2977080.0,924503.0,104666.0,97.92099792099792,59.66735966735967,?,?
DatasetClassiRealeseNormalized,2,7,weka.classifiers.meta.FilteredClassifier,'-F \"weka.filters.MultiFilter -F \\\"weka.filters.supervised.instance.Resample -B 1.0 -S 1 -Z 200.0\\\" -S 1\" -S 1 -W weka.classifiers.trees.RandomForest -- -P 100 -I 100 -num-slots 1 -K 0 -M 1.0 -V 0.001 -S 1',-4523450618538717400,2.02604251044E7,4330.0,481.0,466.0,15.0,0.0,96.88149688149689,3.1185031185031185,0.0,0.8724205612434356,0.05564705662709768,0.16768626767218792,24.127573311490853,49.37243472496217,272.1308087156738,1143.172083919353,-871.0412752036793,0.565760517080403,2.376657139125474,-1.8108966220450713,191.2776480626029,0.39766662798877944,70.28886180338829,0.953125,61.0,0.02877697841726619,12.0,0.9712230215827338,405.0,0.046875,3.0,0.8356164383561644,0.953125,0.8905109489051095,0.8749878427539701,0.9882718824940048,0.9156916651752389,0.9688149688149689,0.044466947232235,0.955533052767765,0.031185031185031187,0.9717531716927366,0.9688149688149689,0.9696691944867127,0.8749878427539701,0.9882718824940049,0.9870918141851006,0.9361645653616457,0.9688149688149689,1.076,0.009,1.07,0.01,1070.0,10.0,3185085.0,924503.0,104666.0,98.75259875259876,58.62785862785863,?,?
DatasetClassiRealeseNormalized,2,8,weka.classifiers.meta.FilteredClassifier,'-F \"weka.filters.MultiFilter -F \\\"weka.filters.supervised.instance.Resample -B 1.0 -S 1 -Z 200.0\\\" -S 1\" -S 1 -W weka.classifiers.trees.RandomForest -- -P 100 -I 100 -num-slots 1 -K 0 -M 1.0 -V 0.001 -S 1',-4523450618538717400,2.02604251044E7,4330.0,481.0,466.0,15.0,0.0,96.88149688149689,3.1185031185031185,0.0,0.8708077425824129,0.05749534258948347,0.16600105709201485,24.928957207801858,48.87625247627581,272.1308087156738,73.5658200762299,198.56498863944392,0.565760517080403,0.15294349288197484,0.41281702419842814,185.22379725078238,0.3850806595650361,68.06425120512792,0.9375,60.0,0.026378896882494004,11.0,0.973621103117506,406.0,0.0625,4.0,0.8450704225352113,0.9375,0.8888888888888888,0.8723946980698476,0.9867356115107914,0.9352680799826653,0.9688149688149689,0.05769386569746282,0.9423061343025372,0.031185031185031187,0.9709276805807208,0.9688149688149689,0.9694914894431217,0.8723946980698475,0.9867356115107914,0.9893444139046556,0.9353755206234045,0.9688149688149689,1.058,0.008,1.06,0.0,1060.0,0.0,3127339.0,924503.0,104666.0,99.16839916839916,58.21205821205821,?,?
DatasetClassiRealeseNormalized,2,9,weka.classifiers.meta.FilteredClassifier,'-F \"weka.filters.MultiFilter -F \\\"weka.filters.supervised.instance.Resample -B 1.0 -S 1 -Z 200.0\\\" -S 1\" -S 1 -W weka.classifiers.trees.RandomForest -- -P 100 -I 100 -num-slots 1 -K 0 -M 1.0 -V 0.001 -S 1',-4523450618538717400,2.02604251044E7,4330.0,481.0,458.0,23.0,0.0,95.21829521829522,4.781704781704781,0.0,0.8067901989206939,0.06584585746392395,0.19889234617488247,28.54959182953757,58.56054592383688,272.1308087156738,4369.426859896454,-4097.29605118078,0.565760517080403,9.084047525772252,-8.51828700869185,175.94625510517434,0.3657926301562876,64.65502966590067,0.90625,58.0,0.0407673860911271,17.0,0.9592326139088729,400.0,0.09375,6.0,0.7733333333333333,0.90625,0.8345323741007193,0.8102568551387972,0.9811525779376499,0.8359033599959322,0.9521829521829522,0.08670033827407927,0.9132996617259207,0.04781704781704782,0.9570286315113902,0.9521829521829522,0.9537554386457767,0.8102568551387971,0.9811525779376499,0.9755422262423469,0.9032929185205906,0.9521829521829522,1.059,0.008,1.05,0.01,1050.0,10.0,3030676.0,924503.0,104666.0,98.33679833679834,58.00415800415801,?,?
DatasetClassiRealeseNormalized,2,10,weka.classifiers.meta.FilteredClassifier,'-F \"weka.filters.MultiFilter -F \\\"weka.filters.supervised.instance.Resample -B 1.0 -S 1 -Z 200.0\\\" -S 1\" -S 1 -W weka.classifiers.trees.RandomForest -- -P 100 -I 100 -num-slots 1 -K 0 -M 1.0 -V 0.001 -S 1',-4523450618538717400,2.02604251044E7,4330.0,481.0,458.0,23.0,0.0,95.21829521829522,4.781704781704781,0.0,0.7940962980885558,0.0682860123941147,0.19741683103676014,29.60759957582516,58.1261050131175,272.1308087156738,3301.4586252379477,-3029.3278165222737,0.565760517080403,6.863739345609039,-6.2979788285286356,169.5354448832919,0.3524645423769062,62.29924707291226,0.828125,53.0,0.02877697841726619,12.0,0.9712230215827338,405.0,0.171875,11.0,0.8153846153846154,0.828125,0.8217054263565892,0.7941281211471878,0.9576026678657075,0.8580993327378831,0.9521829521829522,0.15283493060021838,0.8471650693997816,0.04781704781704782,0.9525117943387174,0.9521829521829522,0.9523395878682178,0.7941281211471879,0.9576026678657074,0.9722510095589045,0.897047190969411,0.9521829521829522,1.027,0.009,1.02,0.01,1020.0,10.0,2928338.0,924503.0,104666.0,98.54469854469855,58.731808731808734,?,?
DatasetClassiRealeseNormalized,3,1,weka.classifiers.meta.FilteredClassifier,'-F \"weka.filters.MultiFilter -F \\\"weka.filters.supervised.instance.Resample -B 1.0 -S 1 -Z 200.0\\\" -S 1\" -S 1 -W weka.classifiers.trees.RandomForest -- -P 100 -I 100 -num-slots 1 -K 0 -M 1.0 -V 0.001 -S 1',-4523450618538717400,2.02604251044E7,4329.0,482.0,466.0,16.0,0.0,96.6804979253112,3.319502074688797,0.0,0.8664634990995983,0.05395842126927686,0.16815214332135622,23.413693680430264,49.553145877969975,272.3366817903761,1145.0130767263302,-872.676394935954,0.565013862635635,2.3755458023367844,-1.8105319397011495,192.79480390227835,0.3999892197142704,70.79281521491,0.96875,62.0,0.03349282296650718,14.0,0.9665071770334929,404.0,0.03125,2.0,0.8157894736842105,0.96875,0.8857142857142857,0.8708419960013102,0.9889540968899522,0.9096770627134267,0.966804979253112,0.03154780221961921,0.9684521977803808,0.03319502074688797,0.9712684917329811,0.966804979253112,0.9679859116832892,0.8708419960013102,0.9889540968899521,0.9864723475090683,0.9331484049930652,0.966804979253112,1.064,0.008,1.06,0.01,1060.0,10.0,3059960.0,924290.0,104879.0,98.7551867219917,57.15767634854772,?,?
DatasetClassiRealeseNormalized,3,2,weka.classifiers.meta.FilteredClassifier,'-F \"weka.filters.MultiFilter -F \\\"weka.filters.supervised.instance.Resample -B 1.0 -S 1 -Z 200.0\\\" -S 1\" -S 1 -W weka.classifiers.trees.RandomForest -- -P 100 -I 100 -num-slots 1 -K 0 -M 1.0 -V 0.001 -S 1',-4523450618538717400,2.02604251044E7,4330.0,481.0,462.0,19.0,0.0,96.04989604989605,3.95010395010395,0.0,0.8276408351092924,0.05710791853360134,0.17086221732323675,24.90739171349028,50.643453798807016,269.42867131105754,2210.9711644704325,-1941.542493159375,0.5601427677984564,4.596613647547676,-4.036470879749221,189.72103331948378,0.3944304227016295,70.41605200971702,0.8571428571428571,54.0,0.023923444976076555,10.0,0.9760765550239234,408.0,0.14285714285714285,9.0,0.84375,0.8571428571428571,0.8503937007874015,0.8276748916302482,0.9804245462140199,0.885998240334214,0.9604989604989606,0.1272795483321799,0.8727204516678201,0.0395010395010395,0.960778934025337,0.9604989604989606,0.9606308230854413,0.8276748916302481,0.9804245462140199,0.982215704914453,0.9138196048847187,0.9604989604989606,1.056,0.009,1.05,0.01,1050.0,10.0,3012753.0,924503.0,104666.0,99.16839916839916,58.93970893970894,?,?
DatasetClassiRealeseNormalized,3,3,weka.classifiers.meta.FilteredClassifier,'-F \"weka.filters.MultiFilter -F \\\"weka.filters.supervised.instance.Resample -B 1.0 -S 1 -Z 200.0\\\" -S 1\" -S 1 -W weka.classifiers.trees.RandomForest -- -P 100 -I 100 -num-slots 1 -K 0 -M 1.0 -V 0.001 -S 1',-4523450618538717400,2.02604251044E7,4330.0,481.0,462.0,19.0,0.0,96.04989604989605,3.95010395010395,0.0,0.8276408351092924,0.059580462503412604,0.18136515914505483,25.833028090179425,53.39995698858745,272.1308087156738,78.37343050133823,193.75737821433557,0.565760517080403,0.16293852495080713,0.4028219921295958,183.21302285171484,0.38090025540897055,67.32535125897428,0.84375,54.0,0.02158273381294964,9.0,0.9784172661870504,408.0,0.15625,10.0,0.8571428571428571,0.84375,0.8503937007874015,0.8276748916302482,0.9848621103117506,0.9193179366397095,0.9604989604989606,0.13833169431191014,0.8616683056880898,0.0395010395010395,0.9602516970938022,0.9604989604989606,0.9603670979124797,0.8276748916302481,0.9848621103117506,0.9871221622618765,0.9138196048847187,0.9604989604989606,1.066,0.008,1.06,0.01,1060.0,10.0,3079493.0,924503.0,104666.0,99.16839916839916,57.7962577962578,?,?
DatasetClassiRealeseNormalized,3,4,weka.classifiers.meta.FilteredClassifier,'-F \"weka.filters.MultiFilter -F \\\"weka.filters.supervised.instance.Resample -B 1.0 -S 1 -Z 200.0\\\" -S 1\" -S 1 -W weka.classifiers.trees.RandomForest -- -P 100 -I 100 -num-slots 1 -K 0 -M 1.0 -V 0.001 -S 1',-4523450618538717400,2.0260425104500003E7,4330.0,481.0,461.0,20.0,0.0,95.84199584199584,4.158004158004158,0.0,0.8266479259018993,0.05816257100193899,0.17392478100565648,25.218255571683173,51.20926129766409,272.1308087156738,1144.9013158581274,-872.7705071424537,0.565760517080403,2.3802522159212627,-1.81449169884086,192.95401311317974,0.4011517944140951,70.9048762335399,0.890625,57.0,0.03117505995203837,13.0,0.9688249400479616,404.0,0.109375,7.0,0.8142857142857143,0.890625,0.8507462686567163,0.8277680682389067,0.9869416966426858,0.8989033553974211,0.9584199584199584,0.09897001837199679,0.9010299816280032,0.04158004158004158,0.9605241079693635,0.9584199584199584,0.9592002025486777,0.8277680682389067,0.9869416966426858,0.9847401569121547,0.9132958396423678,0.9584199584199584,1.07,0.009,1.07,0.01,1070.0,10.0,3138747.0,924503.0,104666.0,98.75259875259876,58.83575883575884,?,?
DatasetClassiRealeseNormalized,3,5,weka.classifiers.meta.FilteredClassifier,'-F \"weka.filters.MultiFilter -F \\\"weka.filters.supervised.instance.Resample -B 1.0 -S 1 -Z 200.0\\\" -S 1\" -S 1 -W weka.classifiers.trees.RandomForest -- -P 100 -I 100 -num-slots 1 -K 0 -M 1.0 -V 0.001 -S 1',-4523450618538717400,2.0260425104500003E7,4330.0,481.0,449.0,32.0,0.0,93.34719334719335,6.652806652806653,0.0,0.707765331308145,0.07988833419212527,0.21880582619805497,34.63815980187477,64.42373917298802,272.1308087156738,4389.4252221644065,-4117.2944134487325,0.565760517080403,9.125624162503964,-8.55986364542356,160.73029949524428,0.3341586268092397,59.06361732940633,0.734375,47.0,0.03597122302158273,15.0,0.9640287769784173,402.0,0.265625,17.0,0.7580645161290323,0.734375,0.7460317460317459,0.7078834154217161,0.9623051558752997,0.7896041979113781,0.9334719334719335,0.2350681564935162,0.7649318435064838,0.06652806652806653,0.9326346665633755,0.9334719334719335,0.9330235119708805,0.7078834154217162,0.9623051558752997,0.9652953760969479,0.8538771170350118,0.9334719334719335,1.035,0.008,1.03,0.01,1030.0,10.0,2896812.0,924503.0,104666.0,98.54469854469855,59.979209979209976,?,?
DatasetClassiRealeseNormalized,3,6,weka.classifiers.meta.FilteredClassifier,'-F \"weka.filters.MultiFilter -F \\\"weka.filters.supervised.instance.Resample -B 1.0 -S 1 -Z 200.0\\\" -S 1\" -S 1 -W weka.classifiers.trees.RandomForest -- -P 100 -I 100 -num-slots 1 -K 0 -M 1.0 -V 0.001 -S 1',-4523450618538717400,2.0260425104500003E7,4330.0,481.0,463.0,18.0,0.0,96.25779625779626,3.7422037422037424,0.0,0.8459430604982207,0.065633992278504,0.1889786806155334,28.457730856051988,55.641631855864894,272.1308087156738,2227.8226409771682,-1955.6918322614945,0.565760517080403,4.631647902239435,-4.065887385159032,177.4955772062985,0.3690136740255686,65.2243595805973,0.921875,59.0,0.03117505995203837,13.0,0.9688249400479616,404.0,0.078125,5.0,0.8194444444444444,0.921875,0.8676470588235294,0.8479329957113222,0.9740894784172662,0.8713609600471262,0.9625779625779626,0.07187802253000095,0.928121977469999,0.037422037422037424,0.9653776401942661,0.9625779625779626,0.9634973902172307,0.8479329957113222,0.9740894784172661,0.9778639489711185,0.922927645634525,0.9625779625779626,1.063,0.008,1.06,0.01,1060.0,10.0,2998202.0,924503.0,104666.0,98.75259875259876,58.83575883575884,?,?
DatasetClassiRealeseNormalized,3,7,weka.classifiers.meta.FilteredClassifier,'-F \"weka.filters.MultiFilter -F \\\"weka.filters.supervised.instance.Resample -B 1.0 -S 1 -Z 200.0\\\" -S 1\" -S 1 -W weka.classifiers.trees.RandomForest -- -P 100 -I 100 -num-slots 1 -K 0 -M 1.0 -V 0.001 -S 1',-4523450618538717400,2.0260425104500003E7,4330.0,481.0,456.0,25.0,0.0,94.8024948024948,5.197505197505198,0.0,0.7732116251438057,0.06801994704270546,0.19730280441324013,29.492238375055948,58.09253176883936,272.1308087156738,91.52850112907765,180.60230758659617,0.565760517080403,0.19028794413529657,0.3754725729451064,173.20236946784982,0.360088086211746,63.6467330859308,0.796875,51.0,0.02877697841726619,12.0,0.9712230215827338,405.0,0.203125,13.0,0.8095238095238095,0.796875,0.8031496062992126,0.7732434419619204,0.9774992505995204,0.893889003411394,0.9480249480249481,0.17992692644221422,0.8200730735577858,0.05197505197505198,0.9476936055883424,0.9480249480249481,0.9478514446216837,0.7732434419619204,0.9774992505995204,0.982580169729859,0.8866047432693668,0.9480249480249481,1.054,0.008,1.05,0.0,1050.0,0.0,2919652.0,924503.0,104666.0,98.96049896049897,59.25155925155925,?,?
DatasetClassiRealeseNormalized,3,8,weka.classifiers.meta.FilteredClassifier,'-F \"weka.filters.MultiFilter -F \\\"weka.filters.supervised.instance.Resample -B 1.0 -S 1 -Z 200.0\\\" -S 1\" -S 1 -W weka.classifiers.trees.RandomForest -- -P 100 -I 100 -num-slots 1 -K 0 -M 1.0 -V 0.001 -S 1',-4523450618538717400,2.0260425104500003E7,4330.0,481.0,460.0,21.0,0.0,95.63409563409563,4.365904365904366,0.0,0.8144392394599066,0.060873653045010016,0.17876201621172993,26.39373249198105,52.633504813704626,272.1308087156738,2213.3079815478814,-1941.1771728322076,0.565760517080403,4.60147189510994,-4.0357113780295375,184.09468935721836,0.3827332419068989,67.64933754691596,0.859375,55.0,0.02877697841726619,12.0,0.9712230215827338,405.0,0.140625,9.0,0.8208955223880597,0.859375,0.8396946564885497,0.81472554771014,0.9770496103117506,0.8969388727765208,0.9563409563409564,0.12574293475822254,0.8742570652417775,0.04365904365904366,0.9573224449927891,0.9563409563409564,0.9567620621165968,0.8147255477101402,0.9770496103117506,0.9816707580013001,0.9072119491829029,0.9563409563409564,1.058,0.009,1.06,0.01,1060.0,10.0,2972938.0,924503.0,104666.0,98.96049896049897,57.9002079002079,?,?
DatasetClassiRealeseNormalized,3,9,weka.classifiers.meta.FilteredClassifier,'-F \"weka.filters.MultiFilter -F \\\"weka.filters.supervised.instance.Resample -B 1.0 -S 1 -Z 200.0\\\" -S 1\" -S 1 -W weka.classifiers.trees.RandomForest -- -P 100 -I 100 -num-slots 1 -K 0 -M 1.0 -V 0.001 -S 1',-4523450618538717400,2.0260425104500003E7,4330.0,481.0,468.0,13.0,0.0,97.29729729729729,2.7027027027027026,0.0,0.8836196467457056,0.055336326538205485,0.16437232892093068,23.992846275520694,48.39670053426011,272.1308087156738,4342.93872221588,-4070.8079135002063,0.565760517080403,9.028978632465448,-8.463218115385045,196.53832856555172,0.4086035936913757,72.22200584091078,0.90625,58.0,0.016786570743405275,7.0,0.9832134292565947,410.0,0.09375,6.0,0.8923076923076924,0.90625,0.8992248062015504,0.8836550574130195,0.9859112709832134,0.8642259658373271,0.972972972972973,0.08350954371637825,0.9164904562836218,0.02702702702702703,0.9731668798976493,0.972972972972973,0.9730615061863841,0.8836550574130195,0.9859112709832134,0.9799395911654945,0.9418092818522759,0.972972972972973,1.066,0.009,1.07,0.01,1070.0,10.0,3076316.0,924503.0,104666.0,98.96049896049897,58.93970893970894,?,?
DatasetClassiRealeseNormalized,3,10,weka.classifiers.meta.FilteredClassifier,'-F \"weka.filters.MultiFilter -F \\\"weka.filters.supervised.instance.Resample -B 1.0 -S 1 -Z 200.0\\\" -S 1\" -S 1 -W weka.classifiers.trees.RandomForest -- -P 100 -I 100 -num-slots 1 -K 0 -M 1.0 -V 0.001 -S 1',-4523450618538717400,2.0260425104500003E7,4330.0,481.0,463.0,18.0,0.0,96.25779625779626,3.7422037422037424,0.0,0.847854356306892,0.056885383722833784,0.1662313924142111,24.66448989966183,48.944070883935865,272.1308087156738,78.35275139544858,193.77805732022523,0.565760517080403,0.16289553304667065,0.4028649840337323,188.5637220711074,0.39202437021020253,69.29157450456904,0.9375,60.0,0.03357314148681055,14.0,0.9664268585131894,403.0,0.0625,4.0,0.8108108108108109,0.9375,0.8695652173913043,0.850899445889747,0.9870915767386091,0.9370485179829133,0.9625779625779626,0.058651104064773134,0.9413488959352269,0.037422037422037424,0.9663068852258041,0.9625779625779626,0.9637067580292571,0.850899445889747,0.9870915767386091,0.989602840237862,0.9238602785985648,0.9625779625779626,1.05,0.009,1.04,0.01,1040.0,10.0,3040297.0,924503.0,104666.0,98.75259875259876,59.04365904365904,?,?
DatasetClassiRealeseNormalized,4,1,weka.classifiers.meta.FilteredClassifier,'-F \"weka.filters.MultiFilter -F \\\"weka.filters.supervised.instance.Resample -B 1.0 -S 1 -Z 200.0\\\" -S 1\" -S 1 -W weka.classifiers.trees.RandomForest -- -P 100 -I 100 -num-slots 1 -K 0 -M 1.0 -V 0.001 -S 1',-4523450618538717400,2.0260425104500003E7,4329.0,482.0,458.0,24.0,0.0,95.02074688796681,4.979253112033195,0.0,0.7972091718673303,0.06670485489381316,0.184905971273273,28.9446392748811,54.49037037072672,272.3366817903761,77.04046345870155,195.29621833167454,0.565013862635635,0.1598349864288414,0.40517887620679366,174.5974837083273,0.3622354433782724,64.1108948528348,0.890625,57.0,0.04066985645933014,17.0,0.9593301435406698,401.0,0.109375,7.0,0.7702702702702703,0.890625,0.8260869565217391,0.8000703809012435,0.9843936901913876,0.926629391648797,0.950207468879668,0.1002523253389982,0.8997476746610018,0.04979253112033195,0.9546176943357807,0.950207468879668,0.9517101385208052,0.8000703809012436,0.9843936901913876,0.9880367233898727,0.89851563322455,0.950207468879668,1.059,0.009,1.06,0.01,1060.0,10.0,3027347.0,924290.0,104879.0,99.5850622406639,59.54356846473029,?,?
DatasetClassiRealeseNormalized,4,2,weka.classifiers.meta.FilteredClassifier,'-F \"weka.filters.MultiFilter -F \\\"weka.filters.supervised.instance.Resample -B 1.0 -S 1 -Z 200.0\\\" -S 1\" -S 1 -W weka.classifiers.trees.RandomForest -- -P 100 -I 100 -num-slots 1 -K 0 -M 1.0 -V 0.001 -S 1',-4523450618538717400,2.0260425104500003E7,4330.0,481.0,459.0,22.0,0.0,95.42619542619542,4.573804573804574,0.0,0.8017535314174379,0.06791598775782925,0.19830343262525008,29.621288152842567,58.777012762879004,269.42867131105754,4365.794244106262,-4096.365572795205,0.5601427677984564,9.076495309992229,-8.516352542193772,174.73051956123572,0.3632651134329225,64.8522366647119,0.8412698412698413,53.0,0.028708133971291867,12.0,0.9712918660287081,406.0,0.15873015873015872,10.0,0.8153846153846154,0.8412698412698413,0.8281250000000001,0.8018837707756475,0.980291638186375,0.8338730024432429,0.9542619542619543,0.14170024696340483,0.8582997530365952,0.04573804573804574,0.9549296337757875,0.9542619542619543,0.9545644409628222,0.8018837707756477,0.980291638186375,0.9755372664945303,0.9008730515587531,0.9542619542619543,1.075,0.009,1.08,0.0,1080.0,0.0,3105899.0,924503.0,104666.0,98.75259875259876,58.83575883575884,?,?
DatasetClassiRealeseNormalized,4,3,weka.classifiers.meta.FilteredClassifier,'-F \"weka.filters.MultiFilter -F \\\"weka.filters.supervised.instance.Resample -B 1.0 -S 1 -Z 200.0\\\" -S 1\" -S 1 -W weka.classifiers.trees.RandomForest -- -P 100 -I 100 -num-slots 1 -K 0 -M 1.0 -V 0.001 -S 1',-4523450618538717400,2.0260425104500003E7,4330.0,481.0,455.0,26.0,0.0,94.5945945945946,5.405405405405405,0.0,0.777473309608541,0.0677222868941873,0.2015006600905856,29.363178232604785,59.328520608544004,272.1308087156738,2236.4968862756423,-1964.3660775599685,0.565760517080403,4.649681676248736,-4.083921159168334,175.93808916409495,0.3657756531478065,64.65202892477991,0.859375,55.0,0.0407673860911271,17.0,0.9592326139088729,400.0,0.140625,9.0,0.7638888888888888,0.859375,0.8088235294117647,0.779302181536547,0.9703799460431655,0.863127625964554,0.9459459459459459,0.12733833203707304,0.872661667962927,0.05405405405405406,0.9495069641768906,0.9459459459459459,0.9472740080915555,0.779302181536547,0.9703799460431654,0.9761297401524708,0.8886732659165362,0.9459459459459459,1.057,0.009,1.05,0.01,1050.0,10.0,2948429.0,924503.0,104666.0,98.54469854469855,58.93970893970894,?,?
DatasetClassiRealeseNormalized,4,4,weka.classifiers.meta.FilteredClassifier,'-F \"weka.filters.MultiFilter -F \\\"weka.filters.supervised.instance.Resample -B 1.0 -S 1 -Z 200.0\\\" -S 1\" -S 1 -W weka.classifiers.trees.RandomForest -- -P 100 -I 100 -num-slots 1 -K 0 -M 1.0 -V 0.001 -S 1',-4523450618538717400,2.0260425104500003E7,4330.0,481.0,462.0,19.0,0.0,96.04989604989605,3.95010395010395,0.0,0.8342612575034913,0.05634674309786034,0.1724272815355323,24.4309449117448,50.7683474657461,272.1308087156738,1140.8724906492419,-868.7416819335681,0.565760517080403,2.3718762799360538,-1.806115762855651,189.32060106229636,0.39359792320643733,69.5697050825661,0.890625,57.0,0.02877697841726619,12.0,0.9712230215827338,405.0,0.109375,7.0,0.8260869565217391,0.890625,0.8571428571428571,0.8350559024539473,0.978492206235012,0.9305619619394292,0.9604989604989606,0.09865093891622669,0.9013490610837733,0.0395010395010395,0.9621301741394609,0.9604989604989606,0.9611223386856679,0.8350559024539475,0.978492206235012,0.9862432998660102,0.9171118387041185,0.9604989604989606,1.064,0.008,1.06,0.0,1060.0,0.0,3000622.0,924503.0,104666.0,99.37629937629937,58.41995841995842,?,?
DatasetClassiRealeseNormalized,4,5,weka.classifiers.meta.FilteredClassifier,'-F \"weka.filters.MultiFilter -F \\\"weka.filters.supervised.instance.Resample -B 1.0 -S 1 -Z 200.0\\\" -S 1\" -S 1 -W weka.classifiers.trees.RandomForest -- -P 100 -I 100 -num-slots 1 -K 0 -M 1.0 -V 0.001 -S 1',-4523450618538717400,2.0260425104500003E7,4330.0,481.0,466.0,15.0,0.0,96.88149688149689,3.1185031185031185,0.0,0.8691536243448617,0.05676188099748906,0.17826774388919214,24.610941316133108,52.48797454268352,272.1308087156738,4356.379410774045,-4084.248602058371,0.565760517080403,9.056921851921091,-8.491161334840688,189.755214502169,0.39450148545149477,69.72941262980184,0.921875,59.0,0.023980815347721823,10.0,0.9760191846522782,407.0,0.078125,5.0,0.855072463768116,0.921875,0.887218045112782,0.8699815047390957,0.9689373501199041,0.8769058952062591,0.9688149688149689,0.07092078416269064,0.9290792158373093,0.031185031185031187,0.9701953390218482,0.9688149688149689,0.9693071094886853,0.8699815047390959,0.9689373501199041,0.9764516299036999,0.9345619779243042,0.9688149688149689,1.056,0.009,1.06,0.0,1060.0,0.0,2970951.0,924503.0,104666.0,98.54469854469855,57.69230769230769,?,?
DatasetClassiRealeseNormalized,4,6,weka.classifiers.meta.FilteredClassifier,'-F \"weka.filters.MultiFilter -F \\\"weka.filters.supervised.instance.Resample -B 1.0 -S 1 -Z 200.0\\\" -S 1\" -S 1 -W weka.classifiers.trees.RandomForest -- -P 100 -I 100 -num-slots 1 -K 0 -M 1.0 -V 0.001 -S 1',-4523450618538717400,2.0260425104500003E7,4330.0,481.0,464.0,17.0,0.0,96.46569646569647,3.5343035343035343,0.0,0.8478103072828457,0.05674114857601792,0.1757299300884336,24.601952107192158,51.74075744517493,272.1308087156738,4356.702007210427,-4084.571198494753,0.565760517080403,9.057592530583008,-8.491832013502604,194.91810117013006,0.40523513756783797,71.62662033382016,0.875,56.0,0.02158273381294964,9.0,0.9784172661870504,408.0,0.125,8.0,0.8615384615384616,0.875,0.8682170542635659,0.8478442829066868,0.9784547362110312,0.8317678083012822,0.9646569646569647,0.1112396984699143,0.8887603015300857,0.035343035343035345,0.9649048456740764,0.9646569646569647,0.9647727388591175,0.8478442829066868,0.9784547362110312,0.9743878501016322,0.9239044454991299,0.9646569646569647,1.042,0.009,1.04,0.01,1040.0,10.0,2977165.0,924503.0,104666.0,98.54469854469855,57.484407484407484,?,?
DatasetClassiRealeseNormalized,4,7,weka.classifiers.meta.FilteredClassifier,'-F \"weka.filters.MultiFilter -F \\\"weka.filters.supervised.instance.Resample -B 1.0 -S 1 -Z 200.0\\\" -S 1\" -S 1 -W weka.classifiers.trees.RandomForest -- -P 100 -I 100 -num-slots 1 -K 0 -M 1.0 -V 0.001 -S 1',-4523450618538717400,2.0260425104500003E7,4330.0,481.0,459.0,22.0,0.0,95.42619542619542,4.573804573804574,0.0,0.8163229882663333,0.06888283757451256,0.1944796277518336,29.866372351368167,57.261294319480534,272.1308087156738,1160.4904472993699,-888.3596385836961,0.565760517080403,2.4126620525974425,-1.8469015355170397,170.84696284789888,0.3551911909519727,62.7811910214114,0.921875,59.0,0.0407673860911271,17.0,0.9592326139088729,400.0,0.078125,5.0,0.7763157894736842,0.921875,0.842857142857143,0.8204510229905794,0.9810589028776978,0.8962420952927679,0.9542619542619543,0.07315434035308135,0.9268456596469187,0.04573804573804574,0.9595344332186437,0.9542619542619543,0.9558883018737033,0.8204510229905794,0.9810589028776978,0.9835129926259422,0.9080465762947516,0.9542619542619543,1.047,0.009,1.03,0.01,1030.0,10.0,3021356.0,924503.0,104666.0,98.96049896049897,59.66735966735967,?,?
DatasetClassiRealeseNormalized,4,8,weka.classifiers.meta.FilteredClassifier,'-F \"weka.filters.MultiFilter -F \\\"weka.filters.supervised.instance.Resample -B 1.0 -S 1 -Z 200.0\\\" -S 1\" -S 1 -W weka.classifiers.trees.RandomForest -- -P 100 -I 100 -num-slots 1 -K 0 -M 1.0 -V 0.001 -S 1',-4523450618538717400,2.0260425104500003E7,4330.0,481.0,458.0,23.0,0.0,95.21829521829522,4.781704781704781,0.0,0.7913546951323013,0.06420717661923743,0.18272900948200602,27.839088981574598,53.80152005436798,272.1308087156738,1148.4500650837142,-876.3192563680404,0.565760517080403,2.387630072939115,-1.821869555858712,181.22016400179857,0.3767570977168369,66.5930347457057,0.8125,52.0,0.026378896882494004,11.0,0.973621103117506,406.0,0.1875,12.0,0.8253968253968254,0.8125,0.8188976377952756,0.7913872585180297,0.9734337529976019,0.9064486701862213,0.9521829521829522,0.1660618490654462,0.8339381509345538,0.04781704781704782,0.9518796360901624,0.9521829521829522,0.9520233290519491,0.7913872585180297,0.9734337529976019,0.9823138955355525,0.8956763638078175,0.9521829521829522,1.041,0.009,1.03,0.01,1030.0,10.0,2986987.0,924503.0,104666.0,99.16839916839916,58.731808731808734,?,?
DatasetClassiRealeseNormalized,4,9,weka.classifiers.meta.FilteredClassifier,'-F \"weka.filters.MultiFilter -F \\\"weka.filters.supervised.instance.Resample -B 1.0 -S 1 -Z 200.0\\\" -S 1\" -S 1 -W weka.classifiers.trees.RandomForest -- -P 100 -I 100 -num-slots 1 -K 0 -M 1.0 -V 0.001 -S 1',-4523450618538717400,2.0260425104500003E7,4330.0,481.0,462.0,19.0,0.0,96.04989604989605,3.95010395010395,0.0,0.8276408351092924,0.07033549152551316,0.19729727498063448,30.496217249254936,58.09090371930269,272.1308087156738,3304.427489481594,-3032.29668076592,0.565760517080403,6.869911620543855,-6.304151103463451,169.7274209650622,0.35286366105002537,62.36979258838562,0.84375,54.0,0.02158273381294964,9.0,0.9784172661870504,408.0,0.15625,10.0,0.8571428571428571,0.84375,0.8503937007874015,0.8276748916302482,0.9553919364508393,0.8553166688888639,0.9604989604989606,0.13833169431191014,0.8616683056880898,0.0395010395010395,0.9602516970938022,0.9604989604989606,0.9603670979124797,0.8276748916302481,0.9553919364508393,0.9712206043232251,0.9138196048847187,0.9604989604989606,1.05,0.009,1.05,0.01,1050.0,10.0,2880535.0,924503.0,104666.0,98.33679833679834,59.25155925155925,?,?
DatasetClassiRealeseNormalized,4,10,weka.classifiers.meta.FilteredClassifier,'-F \"weka.filters.MultiFilter -F \\\"weka.filters.supervised.instance.Resample -B 1.0 -S 1 -Z 200.0\\\" -S 1\" -S 1 -W weka.classifiers.trees.RandomForest -- -P 100 -I 100 -num-slots 1 -K 0 -M 1.0 -V 0.001 -S 1',-4523450618538717400,2.0260425104500003E7,4330.0,481.0,465.0,16.0,0.0,96.67359667359668,3.3264033264033266,0.0,0.8595312842228225,0.05068913095509038,0.15999287996916,21.977904984450756,47.107244572813705,272.1308087156738,66.43635672994331,205.6944519857305,0.565760517080403,0.13812132376287592,0.42763919331752703,199.35081223648746,0.4144507530904105,73.25551016341264,0.90625,58.0,0.023980815347721823,10.0,0.9760191846522782,407.0,0.09375,6.0,0.8529411764705882,0.90625,0.8787878787878787,0.8600617689015787,0.9846747601918465,0.9418820194474572,0.9667359667359667,0.08446678208368856,0.9155332179163115,0.033264033264033266,0.9678380954552439,0.9667359667359667,0.9671598129429455,0.8600617689015787,0.9846747601918465,0.9898597346064985,0.9297553851770719,0.9667359667359667,1.064,0.009,1.06,0.01,1060.0,10.0,3080679.0,924503.0,104666.0,98.96049896049897,57.17255717255717,?,?
DatasetClassiRealeseNormalized,5,1,weka.classifiers.meta.FilteredClassifier,'-F \"weka.filters.MultiFilter -F \\\"weka.filters.supervised.instance.Resample -B 1.0 -S 1 -Z 200.0\\\" -S 1\" -S 1 -W weka.classifiers.trees.RandomForest -- -P 100 -I 100 -num-slots 1 -K 0 -M 1.0 -V 0.001 -S 1',-4523450618538717400,2.0260425104500003E7,4329.0,482.0,459.0,23.0,0.0,95.22821576763485,4.771784232365145,0.0,0.8044452284353499,0.06361759102324228,0.17810124416817316,27.605010559365596,52.485069526869076,272.3366817903761,1143.1422287720259,-870.8055469816497,0.565013862635635,2.3716643750456967,-1.8066505124100618,178.06264155509004,0.36942456754168057,65.38327499053139,0.890625,57.0,0.03827751196172249,16.0,0.9617224880382775,402.0,0.109375,7.0,0.7808219178082192,0.890625,0.8321167883211679,0.8068108489172431,0.9765438098086124,0.9322686618665776,0.9522821576763485,0.09993466963807103,0.9000653303619289,0.04771784232365145,0.9560551213898281,0.9522821576763485,0.9535898823730796,0.806810848917243,0.9765438098086124,0.986144217542514,0.9021527109683227,0.9522821576763485,1.058,0.009,1.05,0.01,1050.0,10.0,3032387.0,924290.0,104879.0,99.1701244813278,59.439834024896264,?,?
DatasetClassiRealeseNormalized,5,2,weka.classifiers.meta.FilteredClassifier,'-F \"weka.filters.MultiFilter -F \\\"weka.filters.supervised.instance.Resample -B 1.0 -S 1 -Z 200.0\\\" -S 1\" -S 1 -W weka.classifiers.trees.RandomForest -- -P 100 -I 100 -num-slots 1 -K 0 -M 1.0 -V 0.001 -S 1',-4523450618538717400,2.0260425104500003E7,4330.0,481.0,459.0,22.0,0.0,95.42619542619542,4.573804573804574,0.0,0.7990810359231412,0.0700192884619112,0.20825351180331023,30.53863439611363,61.72620997594847,269.42867131105754,3317.582360237149,-3048.1536889260915,0.5601427677984564,6.897260624193657,-6.3371178563952,170.9236107356297,0.35535054206991623,63.439280572444,0.8253968253968254,52.0,0.02631578947368421,11.0,0.9736842105263158,407.0,0.1746031746031746,11.0,0.8253968253968254,0.8253968253968254,0.8253968253968254,0.7990810359231412,0.9553429027113237,0.8251228595392169,0.9542619542619543,0.15518091833881306,0.844819081661187,0.04573804573804574,0.9542619542619543,0.9542619542619543,0.9542619542619543,0.7990810359231413,0.9553429027113237,0.9679705508918609,0.8995405179615705,0.9542619542619543,1.038,0.009,1.04,0.0,1040.0,0.0,2907498.0,924503.0,104666.0,97.71309771309771,58.108108108108105,?,?
DatasetClassiRealeseNormalized,5,3,weka.classifiers.meta.FilteredClassifier,'-F \"weka.filters.MultiFilter -F \\\"weka.filters.supervised.instance.Resample -B 1.0 -S 1 -Z 200.0\\\" -S 1\" -S 1 -W weka.classifiers.trees.RandomForest -- -P 100 -I 100 -num-slots 1 -K 0 -M 1.0 -V 0.001 -S 1',-4523450618538717400,2.0260425104500003E7,4330.0,481.0,458.0,23.0,0.0,95.21829521829522,4.781704781704781,0.0,0.8091434486327959,0.06653876905865962,0.19443997063191226,28.850025964129795,57.24961793958445,272.1308087156738,4372.662921444531,-4100.532112728857,0.565760517080403,9.090775304458484,-8.525014787378081,173.53189537771772,0.3607731712634464,63.76782408309613,0.921875,59.0,0.04316546762589928,18.0,0.9568345323741008,399.0,0.078125,5.0,0.7662337662337663,0.921875,0.8368794326241135,0.8138929883231528,0.966820293764988,0.862070562640421,0.9521829521829522,0.07347341980885146,0.9265265801911485,0.04781704781704782,0.9581664655922081,0.9521829521829522,0.9540087082782809,0.8138929883231529,0.966820293764988,0.9739695336947974,0.9044324081512771,0.9521829521829522,1.069,0.01,1.07,0.01,1070.0,10.0,3041130.0,924503.0,104666.0,98.33679833679834,58.731808731808734,?,?
DatasetClassiRealeseNormalized,5,4,weka.classifiers.meta.FilteredClassifier,'-F \"weka.filters.MultiFilter -F \\\"weka.filters.supervised.instance.Resample -B 1.0 -S 1 -Z 200.0\\\" -S 1\" -S 1 -W weka.classifiers.trees.RandomForest -- -P 100 -I 100 -num-slots 1 -K 0 -M 1.0 -V 0.001 -S 1',-4523450618538717400,2.0260425104500003E7,4330.0,481.0,460.0,21.0,0.0,95.63409563409563,4.365904365904366,0.0,0.8213887857408096,0.06077454639173144,0.18859594429778345,26.350761611083268,55.528941507828016,272.1308087156738,1150.8001132344393,-878.6693045187656,0.565760517080403,2.3925158279302274,-1.8267553108498245,184.2617709764026,0.38308060494054597,67.71073508583217,0.90625,58.0,0.03597122302158273,15.0,0.9640287769784173,402.0,0.09375,6.0,0.7945205479452054,0.90625,0.8467153284671532,0.823805895488415,0.9869604316546763,0.9042507920382038,0.9563409563409564,0.08606217936253907,0.913937820637461,0.04365904365904366,0.9599105241732155,0.9563409563409564,0.9575368722813978,0.8238058954884151,0.9869604316546763,0.9854819763713799,0.9106303915063039,0.9563409563409564,1.071,0.009,1.07,0.01,1070.0,10.0,3010172.0,924503.0,104666.0,98.96049896049897,57.484407484407484,?,?
DatasetClassiRealeseNormalized,5,5,weka.classifiers.meta.FilteredClassifier,'-F \"weka.filters.MultiFilter -F \\\"weka.filters.supervised.instance.Resample -B 1.0 -S 1 -Z 200.0\\\" -S 1\" -S 1 -W weka.classifiers.trees.RandomForest -- -P 100 -I 100 -num-slots 1 -K 0 -M 1.0 -V 0.001 -S 1',-4523450618538717400,2.0260425104500003E7,4330.0,481.0,469.0,12.0,0.0,97.5051975051975,2.494802494802495,0.0,0.8959887555411395,0.043840261600797514,0.13740393562275544,19.008357133000583,40.45630531743638,272.1308087156738,1118.4078484072088,-846.277039691535,0.565760517080403,2.325172242010829,-1.7594117249304262,216.48799120773927,0.45007898379987377,79.55291509603715,0.953125,61.0,0.02158273381294964,9.0,0.9784172661870504,408.0,0.046875,3.0,0.8714285714285714,0.953125,0.9104477611940298,0.8972028575876295,0.9924310551558753,0.9372111422763723,0.975051975051975,0.04350970886492469,0.9564902911350753,0.02494802494802495,0.976564725469835,0.975051975051975,0.9755201215292065,0.8972028575876295,0.9924310551558753,0.9905674168702729,0.9479775037854208,0.975051975051975,1.067,0.01,1.06,0.01,1060.0,10.0,3195960.0,924503.0,104666.0,99.37629937629937,57.9002079002079,?,?
DatasetClassiRealeseNormalized,5,6,weka.classifiers.meta.FilteredClassifier,'-F \"weka.filters.MultiFilter -F \\\"weka.filters.supervised.instance.Resample -B 1.0 -S 1 -Z 200.0\\\" -S 1\" -S 1 -W weka.classifiers.trees.RandomForest -- -P 100 -I 100 -num-slots 1 -K 0 -M 1.0 -V 0.001 -S 1',-4523450618538717400,2.0260425104500003E7,4330.0,481.0,467.0,14.0,0.0,97.0893970893971,2.9106029106029108,0.0,0.8770898736949697,0.052555745055396286,0.15809008192231241,22.787235635147965,46.54699731066804,272.1308087156738,2201.906104001942,-1929.7752952862681,0.565760517080403,4.577767367987406,-4.012006850907002,199.20736242670569,0.41415252063764174,73.2027966134626,0.921875,59.0,0.02158273381294964,9.0,0.9784172661870504,408.0,0.078125,5.0,0.8676470588235294,0.921875,0.893939393939394,0.8776311951668322,0.978585881294964,0.918812393524115,0.9708939708939709,0.07060170470692054,0.9293982952930795,0.029106029106029108,0.9718939409866628,0.9708939708939709,0.9712648363250771,0.8776311951668321,0.978585881294964,0.9845677478508582,0.9385359620299379,0.9708939708939709,1.056,0.009,1.05,0.01,1050.0,10.0,3063989.0,924503.0,104666.0,99.16839916839916,58.731808731808734,?,?
DatasetClassiRealeseNormalized,5,7,weka.classifiers.meta.FilteredClassifier,'-F \"weka.filters.MultiFilter -F \\\"weka.filters.supervised.instance.Resample -B 1.0 -S 1 -Z 200.0\\\" -S 1\" -S 1 -W weka.classifiers.trees.RandomForest -- -P 100 -I 100 -num-slots 1 -K 0 -M 1.0 -V 0.001 -S 1',-4523450618538717400,2.0260425104500003E7,4330.0,481.0,453.0,28.0,0.0,94.17879417879418,5.8212058212058215,0.0,0.757307096262659,0.07155004051402652,0.21060685741180302,31.022824073352144,62.00968907317554,272.1308087156738,3314.046702266156,-3041.915893550482,0.565760517080403,6.8899099839213225,-6.324149466840919,168.28073232338375,0.34985599235630715,61.83817742562396,0.828125,53.0,0.0407673860911271,17.0,0.9592326139088729,400.0,0.171875,11.0,0.7571428571428571,0.828125,0.7910447761194029,0.7583332788901838,0.9650966726618705,0.8205112048924972,0.9417879417879418,0.15443032787906888,0.8455696721209311,0.058212058212058215,0.944483490468892,0.9417879417879418,0.9428802835681486,0.7583332788901838,0.9650966726618705,0.9697567451864665,0.8786141754993151,0.9417879417879418,1.041,0.009,1.04,0.01,1040.0,10.0,2865334.0,924503.0,104666.0,98.12889812889813,57.484407484407484,?,?
DatasetClassiRealeseNormalized,5,8,weka.classifiers.meta.FilteredClassifier,'-F \"weka.filters.MultiFilter -F \\\"weka.filters.supervised.instance.Resample -B 1.0 -S 1 -Z 200.0\\\" -S 1\" -S 1 -W weka.classifiers.trees.RandomForest -- -P 100 -I 100 -num-slots 1 -K 0 -M 1.0 -V 0.001 -S 1',-4523450618538717400,2.0260425104500003E7,4330.0,481.0,461.0,20.0,0.0,95.84199584199584,4.158004158004158,0.0,0.8266479259018993,0.05522070992475269,0.17046355896076018,23.942716969746233,50.19016198886253,272.1308087156738,3273.362096431747,-3001.231287716073,0.565760517080403,6.805326603808206,-6.239566086727803,195.09566772441312,0.4056042988033537,71.69187077537107,0.890625,57.0,0.03117505995203837,13.0,0.9688249400479616,404.0,0.109375,7.0,0.8142857142857143,0.890625,0.8507462686567163,0.8277680682389067,0.9881782074340527,0.8886379744192422,0.9584199584199584,0.09897001837199679,0.9010299816280032,0.04158004158004158,0.9605241079693635,0.9584199584199584,0.9592002025486777,0.8277680682389067,0.9881782074340527,0.9835313626197904,0.9132958396423678,0.9584199584199584,1.059,0.009,1.06,0.01,1060.0,10.0,3023228.0,924503.0,104666.0,99.37629937629937,56.96465696465697,?,?
DatasetClassiRealeseNormalized,5,9,weka.classifiers.meta.FilteredClassifier,'-F \"weka.filters.MultiFilter -F \\\"weka.filters.supervised.instance.Resample -B 1.0 -S 1 -Z 200.0\\\" -S 1\" -S 1 -W weka.classifiers.trees.RandomForest -- -P 100 -I 100 -num-slots 1 -K 0 -M 1.0 -V 0.001 -S 1',-4523450618538717400,2.0260425104500003E7,4330.0,481.0,460.0,21.0,0.0,95.63409563409563,4.365904365904366,0.0,0.8213887857408096,0.06664743225042166,0.1884474963388564,28.89714039002061,55.48523347339012,272.1308087156738,2219.6639532521917,-1947.533144536518,0.565760517080403,4.61468597349728,-4.048925456416877,174.9897384734295,0.36380403009029,64.303538176841,0.90625,58.0,0.03597122302158273,15.0,0.9640287769784173,402.0,0.09375,6.0,0.7945205479452054,0.90625,0.8467153284671532,0.823805895488415,0.966501798561151,0.9005670049736187,0.9563409563409564,0.08606217936253907,0.913937820637461,0.04365904365904366,0.9599105241732155,0.9563409563409564,0.9575368722813978,0.8238058954884151,0.966501798561151,0.9793150949340271,0.9106303915063039,0.9563409563409564,1.061,0.01,1.05,0.01,1050.0,10.0,2944709.0,924503.0,104666.0,99.37629937629937,59.04365904365904,?,?
DatasetClassiRealeseNormalized,5,10,weka.classifiers.meta.FilteredClassifier,'-F \"weka.filters.MultiFilter -F \\\"weka.filters.supervised.instance.Resample -B 1.0 -S 1 -Z 200.0\\\" -S 1\" -S 1 -W weka.classifiers.trees.RandomForest -- -P 100 -I 100 -num-slots 1 -K 0 -M 1.0 -V 0.001 -S 1',-4523450618538717400,2.0260425104500003E7,4330.0,481.0,464.0,17.0,0.0,96.46569646569647,3.5343035343035343,0.0,0.853582108260068,0.0627750633918177,0.1750469099321329,27.218150175835508,51.539653511317255,272.1308087156738,73.55721737912445,198.57359133654938,0.565760517080403,0.1529256078568076,0.4128349092235954,178.05030413683485,0.37016695246743214,65.4282052727313,0.921875,59.0,0.02877697841726619,12.0,0.9712230215827338,405.0,0.078125,5.0,0.8309859154929577,0.921875,0.874074074074074,0.8551376718413727,0.9927495503597122,0.9558760614596065,0.9646569646569647,0.07155894307423084,0.9284410569257692,0.035343035343035345,0.9669391533012283,0.9646569646569647,0.9654236880355381,0.8551376718413727,0.9927495503597122,0.9931692405241627,0.9267589233731918,0.9646569646569647,1.031,0.01,1.03,0.01,1030.0,10.0,3009528.0,924503.0,104666.0,99.16839916839916,59.25155925155925,?,?
DatasetClassiRealeseNormalized,6,1,weka.classifiers.meta.FilteredClassifier,'-F \"weka.filters.MultiFilter -F \\\"weka.filters.supervised.instance.Resample -B 1.0 -S 1 -Z 200.0\\\" -S 1\" -S 1 -W weka.classifiers.trees.RandomForest -- -P 100 -I 100 -num-slots 1 -K 0 -M 1.0 -V 0.001 -S 1',-4523450618538717400,2.0260425104500003E7,4329.0,482.0,458.0,24.0,0.0,95.02074688796681,4.979253112033195,0.0,0.7972091718673303,0.06728962926899677,0.19336625813850122,29.198385173494152,56.98355196759123,272.3366817903761,1155.9179298161716,-883.5812480257955,0.565013862635635,2.3981699788717252,-1.8331561162360903,175.0435350747271,0.3631608611508861,64.27468159043745,0.890625,57.0,0.04066985645933014,17.0,0.9593301435406698,401.0,0.109375,7.0,0.7702702702702703,0.890625,0.8260869565217391,0.8000703809012435,0.983907745215311,0.8938846357695489,0.950207468879668,0.1002523253389982,0.8997476746610018,0.04979253112033195,0.9546176943357807,0.950207468879668,0.9517101385208052,0.8000703809012436,0.983907745215311,0.9836910167316623,0.89851563322455,0.950207468879668,1.054,0.009,1.05,0.01,1050.0,10.0,2917275.0,924290.0,104879.0,98.96265560165975,59.024896265560166,?,?
DatasetClassiRealeseNormalized,6,2,weka.classifiers.meta.FilteredClassifier,'-F \"weka.filters.MultiFilter -F \\\"weka.filters.supervised.instance.Resample -B 1.0 -S 1 -Z 200.0\\\" -S 1\" -S 1 -W weka.classifiers.trees.RandomForest -- -P 100 -I 100 -num-slots 1 -K 0 -M 1.0 -V 0.001 -S 1',-4523450618538717400,2.0260425104500003E7,4330.0,481.0,463.0,18.0,0.0,96.25779625779626,3.7422037422037424,0.0,0.8356117566643882,0.05458076737860037,0.16926041675593176,23.80518478049249,50.16868111766037,269.42867131105754,71.43824726869099,197.99042404236656,0.5601427677984564,0.14852026459187315,0.4116225032065833,194.04526492209322,0.403420509193541,72.02101542417749,0.8571428571428571,54.0,0.0215311004784689,9.0,0.9784688995215312,409.0,0.14285714285714285,9.0,0.8571428571428571,0.8571428571428571,0.8571428571428571,0.8356117566643882,0.9830637199058252,0.9269765962883598,0.9625779625779626,0.12696620591357433,0.8730337940864257,0.037422037422037424,0.9625779625779626,0.9625779625779626,0.9625779625779626,0.8356117566643882,0.9830637199058252,0.9878825590064875,0.9178058783321941,0.9625779625779626,1.072,0.009,1.07,0.01,1070.0,10.0,3168446.0,924503.0,104666.0,99.16839916839916,57.17255717255717,?,?
DatasetClassiRealeseNormalized,6,3,weka.classifiers.meta.FilteredClassifier,'-F \"weka.filters.MultiFilter -F \\\"weka.filters.supervised.instance.Resample -B 1.0 -S 1 -Z 200.0\\\" -S 1\" -S 1 -W weka.classifiers.trees.RandomForest -- -P 100 -I 100 -num-slots 1 -K 0 -M 1.0 -V 0.001 -S 1',-4523450618538717400,2.0260425104500003E7,4330.0,481.0,463.0,18.0,0.0,96.25779625779626,3.7422037422037424,0.0,0.8377922661870504,0.05933329324365028,0.17973056304115653,25.72585989842356,52.91867733127426,272.1308087156738,2219.2517785998684,-1947.1209698841947,0.565760517080403,4.613829061538188,-4.048068544457785,189.4117904970361,0.3937875062308443,69.60321449488517,0.859375,55.0,0.02158273381294964,9.0,0.9784172661870504,408.0,0.140625,9.0,0.859375,0.859375,0.859375,0.8377922661870504,0.9801034172661871,0.8839296716721371,0.9625779625779626,0.12478569639091222,0.8752143036090878,0.037422037422037424,0.9625779625779626,0.9625779625779626,0.9625779625779626,0.8377922661870504,0.9801034172661871,0.9815735901053082,0.9188961330935252,0.9625779625779626,1.058,0.009,1.06,0.01,1060.0,10.0,3079979.0,924503.0,104666.0,98.54469854469855,59.04365904365904,?,?
DatasetClassiRealeseNormalized,6,4,weka.classifiers.meta.FilteredClassifier,'-F \"weka.filters.MultiFilter -F \\\"weka.filters.supervised.instance.Resample -B 1.0 -S 1 -Z 200.0\\\" -S 1\" -S 1 -W weka.classifiers.trees.RandomForest -- -P 100 -I 100 -num-slots 1 -K 0 -M 1.0 -V 0.001 -S 1',-4523450618538717400,2.0260425104500003E7,4330.0,481.0,462.0,19.0,0.0,96.04989604989605,3.95010395010395,0.0,0.8342612575034913,0.06051913789547081,0.18443626913190855,26.240021033028953,54.304194285200985,272.1308087156738,4362.597581528731,-4090.466772813057,0.565760517080403,9.069849441847674,-8.50408892476727,188.3880875150309,0.39165922560297484,69.22703401505026,0.890625,57.0,0.02877697841726619,12.0,0.9712230215827338,405.0,0.109375,7.0,0.8260869565217391,0.890625,0.8571428571428571,0.8350559024539473,0.9743705035971223,0.8438960137018825,0.9604989604989606,0.09865093891622669,0.9013490610837733,0.0395010395010395,0.9621301741394609,0.9604989604989606,0.9611223386856679,0.8350559024539475,0.9743705035971223,0.9741806524122171,0.9171118387041185,0.9604989604989606,1.052,0.01,1.04,0.01,1040.0,10.0,2930979.0,924503.0,104666.0,98.33679833679834,57.69230769230769,?,?
DatasetClassiRealeseNormalized,6,5,weka.classifiers.meta.FilteredClassifier,'-F \"weka.filters.MultiFilter -F \\\"weka.filters.supervised.instance.Resample -B 1.0 -S 1 -Z 200.0\\\" -S 1\" -S 1 -W weka.classifiers.trees.RandomForest -- -P 100 -I 100 -num-slots 1 -K 0 -M 1.0 -V 0.001 -S 1',-4523450618538717400,2.0260425104500003E7,4330.0,481.0,459.0,22.0,0.0,95.42619542619542,4.573804573804574,0.0,0.8093127184920893,0.06415723845380317,0.1958786872759114,27.817436681873808,57.67322414526629,272.1308087156738,3300.029351079679,-3027.898542364005,0.565760517080403,6.860767881662535,-6.295007364582132,181.7707904738512,0.37790185129698795,66.79537364097864,0.875,56.0,0.03357314148681055,14.0,0.9664268585131894,403.0,0.125,8.0,0.8,0.875,0.8358208955223881,0.8104093709017259,0.9684502398081535,0.8396135267038443,0.9542619542619543,0.11283509574876481,0.8871649042512352,0.04573804573804574,0.9565139535942456,0.9542619542619543,0.9551202228035452,0.8104093709017259,0.9684502398081535,0.972685803297769,0.9046254236066047,0.9542619542619543,1.067,0.009,1.07,0.01,1070.0,10.0,3001083.0,924503.0,104666.0,98.75259875259876,57.9002079002079,?,?
DatasetClassiRealeseNormalized,6,6,weka.classifiers.meta.FilteredClassifier,'-F \"weka.filters.MultiFilter -F \\\"weka.filters.supervised.instance.Resample -B 1.0 -S 1 -Z 200.0\\\" -S 1\" -S 1 -W weka.classifiers.trees.RandomForest -- -P 100 -I 100 -num-slots 1 -K 0 -M 1.0 -V 0.001 -S 1',-4523450618538717400,2.0260425104500003E7,4330.0,481.0,462.0,19.0,0.0,96.04989604989605,3.95010395010395,0.0,0.8383993775750183,0.060914369180315245,0.18050802751303147,26.4113862835575,53.14758882427536,272.1308087156738,2219.597588826737,-1947.4667801110634,0.565760517080403,4.614548001718788,-4.048787484638385,188.0099686024615,0.39087311559763305,69.08808653080402,0.921875,59.0,0.03357314148681055,14.0,0.9664268585131894,403.0,0.078125,5.0,0.8082191780821918,0.921875,0.8613138686131386,0.8408665445769333,0.97931654676259,0.9016203208152702,0.9604989604989606,0.07219710198577105,0.927802898014229,0.0395010395010395,0.9638580733463893,0.9604989604989606,0.9615809796831695,0.8408665445769333,0.97931654676259,0.9825914345066209,0.9191417827914178,0.9604989604989606,1.065,0.009,1.06,0.01,1060.0,10.0,3128603.0,924503.0,104666.0,98.75259875259876,58.93970893970894,?,?
DatasetClassiRealeseNormalized,6,7,weka.classifiers.meta.FilteredClassifier,'-F \"weka.filters.MultiFilter -F \\\"weka.filters.supervised.instance.Resample -B 1.0 -S 1 -Z 200.0\\\" -S 1\" -S 1 -W weka.classifiers.trees.RandomForest -- -P 100 -I 100 -num-slots 1 -K 0 -M 1.0 -V 0.001 -S 1',-4523450618538717400,2.0260425104500003E7,4330.0,481.0,461.0,20.0,0.0,95.84199584199584,4.158004158004158,0.0,0.8288256227758007,0.06065534143899026,0.19486799129541457,26.299076465260928,57.37564151064404,272.1308087156738,2230.195665029307,-1958.064856313633,0.565760517080403,4.636581424177353,-4.07082090709695,183.29507900545545,0.3810708503231922,67.35550446144624,0.90625,58.0,0.03357314148681055,14.0,0.9664268585131894,403.0,0.09375,6.0,0.8055555555555556,0.90625,0.8529411764705882,0.8307752921676284,0.9738833932853717,0.8839099583808987,0.9584199584199584,0.08574309990676897,0.914256900093231,0.04158004158004158,0.9614099711899223,0.9584199584199584,0.9594415446858119,0.8307752921676284,0.9738833932853717,0.9793605978333244,0.9143640507050277,0.9584199584199584,1.059,0.01,1.06,0.01,1060.0,10.0,3080641.0,924503.0,104666.0,98.54469854469855,57.06860706860707,?,?
DatasetClassiRealeseNormalized,6,8,weka.classifiers.meta.FilteredClassifier,'-F \"weka.filters.MultiFilter -F \\\"weka.filters.supervised.instance.Resample -B 1.0 -S 1 -Z 200.0\\\" -S 1\" -S 1 -W weka.classifiers.trees.RandomForest -- -P 100 -I 100 -num-slots 1 -K 0 -M 1.0 -V 0.001 -S 1',-4523450618538717400,2.0260425104500003E7,4330.0,481.0,465.0,16.0,0.0,96.67359667359668,3.3264033264033266,0.0,0.8576975703561259,0.052030468301111875,0.16167167479449426,22.559484983702948,47.601537809111704,272.1308087156738,1131.9395637147775,-859.8087549991037,0.565760517080403,2.353304706267729,-1.7875441891873258,197.0905575187255,0.40975167883310915,72.42493360046144,0.890625,57.0,0.02158273381294964,9.0,0.9784172661870504,408.0,0.109375,7.0,0.8636363636363636,0.890625,0.8769230769230768,0.8578332928763902,0.9897706834532374,0.9272628023408224,0.9667359667359667,0.09769370054891638,0.9023062994510836,0.033264033264033266,0.9672328322930732,0.9667359667359667,0.9669518631057094,0.8578332928763902,0.9897706834532374,0.9889165606500595,0.9288461538461539,0.9667359667359667,1.052,0.01,1.05,0.01,1050.0,10.0,3040598.0,924503.0,104666.0,99.58419958419958,57.69230769230769,?,?
DatasetClassiRealeseNormalized,6,9,weka.classifiers.meta.FilteredClassifier,'-F \"weka.filters.MultiFilter -F \\\"weka.filters.supervised.instance.Resample -B 1.0 -S 1 -Z 200.0\\\" -S 1\" -S 1 -W weka.classifiers.trees.RandomForest -- -P 100 -I 100 -num-slots 1 -K 0 -M 1.0 -V 0.001 -S 1',-4523450618538717400,2.0260425104500003E7,4330.0,481.0,467.0,14.0,0.0,97.0893970893971,2.9106029106029108,0.0,0.8786535481313296,0.05514020475065058,0.16112104422315648,23.9078113591383,47.43941378835356,272.1308087156738,1135.2062432273067,-863.0754345116329,0.565760517080403,2.3600961397657105,-1.7943356226853076,195.88040896040945,0.4072357774644687,71.98023990185841,0.9375,60.0,0.023980815347721823,10.0,0.9760191846522782,407.0,0.0625,4.0,0.8571428571428571,0.9375,0.8955223880597014,0.8798441602504489,0.9780238309352518,0.9340486551299201,0.9708939708939709,0.05737478624169272,0.9426252137583073,0.029106029106029108,0.9725545710947171,0.9708939708939709,0.9714401417840742,0.8798441602504489,0.9780238309352518,0.9864740260587426,0.9393070877496574,0.9708939708939709,1.065,0.011,1.06,0.01,1060.0,10.0,3117531.0,924503.0,104666.0,99.37629937629937,58.731808731808734,?,?
DatasetClassiRealeseNormalized,6,10,weka.classifiers.meta.FilteredClassifier,'-F \"weka.filters.MultiFilter -F \\\"weka.filters.supervised.instance.Resample -B 1.0 -S 1 -Z 200.0\\\" -S 1\" -S 1 -W weka.classifiers.trees.RandomForest -- -P 100 -I 100 -num-slots 1 -K 0 -M 1.0 -V 0.001 -S 1',-4523450618538717400,2.0260425104500003E7,4330.0,481.0,467.0,14.0,0.0,97.0893970893971,2.9106029106029108,0.0,0.8801779359430605,0.050986058046829694,0.15084604320201692,22.106647286530027,44.41411049871947,272.1308087156738,2195.561305654572,-1923.4304969388984,0.565760517080403,4.564576519032374,-3.9988160019519716,199.43053781662147,0.41461650273725875,73.28480694921586,0.953125,61.0,0.026378896882494004,11.0,0.973621103117506,406.0,0.046875,3.0,0.8472222222222222,0.953125,0.8970588235294118,0.8822484027987099,0.990164118705036,0.9177218246573001,0.9708939708939709,0.0441478677764649,0.9558521322235352,0.029106029106029108,0.9733129782029537,0.9708939708939709,0.9716090812800684,0.8822484027987099,0.990164118705036,0.9876561502186566,0.9400548354935194,0.9708939708939709,1.058,0.01,1.06,0.01,1060.0,10.0,3114614.0,924503.0,104666.0,99.58419958419958,58.523908523908524,?,?
DatasetClassiRealeseNormalized,7,1,weka.classifiers.meta.FilteredClassifier,'-F \"weka.filters.MultiFilter -F \\\"weka.filters.supervised.instance.Resample -B 1.0 -S 1 -Z 200.0\\\" -S 1\" -S 1 -W weka.classifiers.trees.RandomForest -- -P 100 -I 100 -num-slots 1 -K 0 -M 1.0 -V 0.001 -S 1',-4523450618538717400,2.0260425104500003E7,4329.0,482.0,458.0,24.0,0.0,95.02074688796681,4.979253112033195,0.0,0.783791866028708,0.07442854283229067,0.20946251724362006,32.29610989282733,61.72699596878497,272.3366817903761,2244.7472777616963,-1972.4105959713202,0.565013862635635,4.657152028551237,-4.092138165915602,163.71069359506723,0.3396487418984797,60.11334665562209,0.8125,52.0,0.028708133971291867,12.0,0.9712918660287081,406.0,0.1875,12.0,0.8125,0.8125,0.8125,0.7837918660287081,0.9636475777511961,0.8355305774443603,0.950207468879668,0.1664156028509599,0.8335843971490401,0.04979253112033195,0.950207468879668,0.950207468879668,0.950207468879668,0.7837918660287081,0.9636475777511961,0.9716029247789041,0.8918959330143541,0.950207468879668,1.045,0.01,1.04,0.01,1040.0,10.0,2997896.0,924290.0,104879.0,98.34024896265561,58.40248962655602,?,?
DatasetClassiRealeseNormalized,7,2,weka.classifiers.meta.FilteredClassifier,'-F \"weka.filters.MultiFilter -F \\\"weka.filters.supervised.instance.Resample -B 1.0 -S 1 -Z 200.0\\\" -S 1\" -S 1 -W weka.classifiers.trees.RandomForest -- -P 100 -I 100 -num-slots 1 -K 0 -M 1.0 -V 0.001 -S 1',-4523450618538717400,2.0260425104500003E7,4330.0,481.0,462.0,19.0,0.0,96.04989604989605,3.95010395010395,0.0,0.8364033438948859,0.05654613949426176,0.17382590530436165,24.66237401807163,51.52188905323331,269.42867131105754,1139.596432601668,-870.1677612906105,0.5601427677984564,2.3692233526022206,-1.809080584803764,191.21996476521937,0.39754670429359534,70.97238903147557,0.9206349206349206,58.0,0.03349282296650718,14.0,0.9665071770334929,404.0,0.07936507936507936,5.0,0.8055555555555556,0.9206349206349206,0.8592592592592592,0.8389260917543887,0.99052555631503,0.9262893627884942,0.9604989604989606,0.07335686283054704,0.926643137169453,0.0395010395010395,0.9639084730771772,0.9604989604989606,0.9616007226648098,0.8389260917543887,0.99052555631503,0.989038312145466,0.9181423261229791,0.9604989604989606,1.067,0.01,1.07,0.01,1070.0,10.0,3151298.0,924503.0,104666.0,99.16839916839916,57.58835758835759,?,?
DatasetClassiRealeseNormalized,7,3,weka.classifiers.meta.FilteredClassifier,'-F \"weka.filters.MultiFilter -F \\\"weka.filters.supervised.instance.Resample -B 1.0 -S 1 -Z 200.0\\\" -S 1\" -S 1 -W weka.classifiers.trees.RandomForest -- -P 100 -I 100 -num-slots 1 -K 0 -M 1.0 -V 0.001 -S 1',-4523450618538717400,2.0260425104500003E7,4330.0,481.0,464.0,17.0,0.0,96.46569646569647,3.5343035343035343,0.0,0.8478103072828457,0.05823148965244538,0.16738505873775575,25.248137471884384,49.28374876003331,272.1308087156738,2210.0864961356356,-1937.9556874199618,0.565760517080403,4.594774420240406,-4.029013903160004,192.04781177796667,0.39926779995419265,70.57187412345544,0.875,56.0,0.02158273381294964,9.0,0.9784172661870504,408.0,0.125,8.0,0.8615384615384616,0.875,0.8682170542635659,0.8478442829066868,0.9767873201438849,0.8878593134536035,0.9646569646569647,0.1112396984699143,0.8887603015300857,0.035343035343035345,0.9649048456740764,0.9646569646569647,0.9647727388591175,0.8478442829066868,0.9767873201438848,0.9804054044864846,0.9239044454991299,0.9646569646569647,1.051,0.011,1.05,0.01,1050.0,10.0,3100375.0,924503.0,104666.0,98.96049896049897,59.147609147609145,?,?
DatasetClassiRealeseNormalized,7,4,weka.classifiers.meta.FilteredClassifier,'-F \"weka.filters.MultiFilter -F \\\"weka.filters.supervised.instance.Resample -B 1.0 -S 1 -Z 200.0\\\" -S 1\" -S 1 -W weka.classifiers.trees.RandomForest -- -P 100 -I 100 -num-slots 1 -K 0 -M 1.0 -V 0.001 -S 1',-4523450618538717400,2.0260425104500003E7,4330.0,481.0,458.0,23.0,0.0,95.21829521829522,4.781704781704781,0.0,0.799368890662121,0.06831078112093085,0.1961326289560675,29.618338854922943,57.74799305271174,272.1308087156738,2227.164753826452,-1955.0339451107782,0.565760517080403,4.630280153485347,-4.0645196364049445,173.7873352056097,0.3613042311966938,63.861690642747185,0.859375,55.0,0.03357314148681055,14.0,0.9664268585131894,403.0,0.140625,9.0,0.7971014492753623,0.859375,0.8270676691729324,0.800130300168799,0.9791291966426858,0.8627099077784709,0.9521829521829522,0.12638109366976275,0.8736189063302373,0.04781704781704782,0.9540650092570734,0.9521829521829522,0.9529375678826508,0.800130300168799,0.9791291966426858,0.978749948676699,0.899661699483933,0.9521829521829522,1.055,0.011,1.05,0.01,1050.0,10.0,3025301.0,924503.0,104666.0,98.75259875259876,59.771309771309774,?,?
DatasetClassiRealeseNormalized,7,5,weka.classifiers.meta.FilteredClassifier,'-F \"weka.filters.MultiFilter -F \\\"weka.filters.supervised.instance.Resample -B 1.0 -S 1 -Z 200.0\\\" -S 1\" -S 1 -W weka.classifiers.trees.RandomForest -- -P 100 -I 100 -num-slots 1 -K 0 -M 1.0 -V 0.001 -S 1',-4523450618538717400,2.0260425104500003E7,4330.0,481.0,457.0,24.0,0.0,95.01039501039502,4.98960498960499,0.0,0.7919775110822792,0.06891442862452762,0.2021538085760299,29.880069668376915,59.520829325357646,272.1308087156738,2234.292098795463,-1962.1612900797893,0.565760517080403,4.645097918493686,-4.079337401413284,171.93078380509974,0.35744445697525934,63.179463073854116,0.859375,55.0,0.03597122302158273,15.0,0.9640287769784173,402.0,0.140625,9.0,0.7857142857142857,0.859375,0.8208955223880597,0.7930506735645453,0.9687874700239808,0.8623614712922547,0.9501039501039501,0.12670017312553283,0.8732998268744672,0.0498960498960499,0.9525037992191278,0.9501039501039501,0.9510402430584132,0.7930506735645453,0.9687874700239808,0.9757360751609092,0.8959550075708415,0.9501039501039501,1.037,0.011,1.04,0.01,1040.0,10.0,2928364.0,924503.0,104666.0,98.75259875259876,58.108108108108105,?,?
DatasetClassiRealeseNormalized,7,6,weka.classifiers.meta.FilteredClassifier,'-F \"weka.filters.MultiFilter -F \\\"weka.filters.supervised.instance.Resample -B 1.0 -S 1 -Z 200.0\\\" -S 1\" -S 1 -W weka.classifiers.trees.RandomForest -- -P 100 -I 100 -num-slots 1 -K 0 -M 1.0 -V 0.001 -S 1',-4523450618538717400,2.0260425104500003E7,4330.0,481.0,475.0,6.0,0.0,98.75259875259876,1.2474012474012475,0.0,0.9459307553956835,0.03444557896774844,0.10621317903110773,14.93498995589992,31.27270540063339,272.1308087156738,30.815046033105848,241.31576268256796,0.565760517080403,0.06406454476737182,0.5016959723130311,227.11724134624575,0.47217721693606185,83.45884922700579,0.953125,61.0,0.007194244604316547,3.0,0.9928057553956835,414.0,0.046875,3.0,0.953125,0.953125,0.953125,0.9459307553956835,0.9985386690647482,0.9917123852387497,0.9875259875259875,0.041595232130304076,0.958404767869696,0.012474012474012475,0.9875259875259875,0.9875259875259875,0.9875259875259875,0.9459307553956835,0.9985386690647482,0.9987020581831905,0.9729653776978417,0.9875259875259875,1.069,0.011,1.06,0.01,1060.0,10.0,3149944.0,924503.0,104666.0,100.0,56.75675675675676,?,?
DatasetClassiRealeseNormalized,7,7,weka.classifiers.meta.FilteredClassifier,'-F \"weka.filters.MultiFilter -F \\\"weka.filters.supervised.instance.Resample -B 1.0 -S 1 -Z 200.0\\\" -S 1\" -S 1 -W weka.classifiers.trees.RandomForest -- -P 100 -I 100 -num-slots 1 -K 0 -M 1.0 -V 0.001 -S 1',-4523450618538717400,2.0260425104500003E7,4330.0,481.0,465.0,16.0,0.0,96.67359667359668,3.3264033264033266,0.0,0.8558153477218226,0.053806280896507484,0.16845551017639104,23.329445718014497,49.59892539622382,272.1308087156738,2211.2122668379993,-1939.0814581223256,0.565760517080403,4.597114899871101,-4.031354382790697,197.826971057518,0.411282684111264,72.69554373176851,0.875,56.0,0.019184652278177457,8.0,0.9808153477218226,409.0,0.125,8.0,0.875,0.875,0.875,0.8558153477218226,0.9778177458033573,0.9026764834270082,0.9667359667359667,0.1109206190141442,0.8890793809858558,0.033264033264033266,0.9667359667359667,0.9667359667359667,0.9667359667359667,0.8558153477218226,0.9778177458033573,0.982478932694359,0.9279076738609113,0.9667359667359667,1.074,0.011,1.07,0.01,1070.0,10.0,3138174.0,924503.0,104666.0,98.75259875259876,57.69230769230769,?,?
DatasetClassiRealeseNormalized,7,8,weka.classifiers.meta.FilteredClassifier,'-F \"weka.filters.MultiFilter -F \\\"weka.filters.supervised.instance.Resample -B 1.0 -S 1 -Z 200.0\\\" -S 1\" -S 1 -W weka.classifiers.trees.RandomForest -- -P 100 -I 100 -num-slots 1 -K 0 -M 1.0 -V 0.001 -S 1',-4523450618538717400,2.0260425104500003E7,4330.0,481.0,463.0,18.0,0.0,96.25779625779626,3.7422037422037424,0.0,0.8419726947506754,0.057110061162755354,0.1718117204550132,24.761906038658587,50.587105735644684,272.1308087156738,3281.3902866235658,-3009.259477907892,0.565760517080403,6.822017227907621,-6.256256710827218,197.3049501722075,0.410197401605421,72.50371654109716,0.890625,57.0,0.026378896882494004,11.0,0.973621103117506,406.0,0.109375,7.0,0.8382352941176471,0.890625,0.8636363636363636,0.8424923426363251,0.9859674760191847,0.8529496704847547,0.9625779625779626,0.09833185946045657,0.9016681405395435,0.037422037422037424,0.9637822499238252,0.9625779625779626,0.9630547895608137,0.842492342636325,0.9859674760191847,0.9785586299821878,0.920974808324206,0.9625779625779626,1.05,0.011,1.05,0.01,1050.0,10.0,3091329.0,924503.0,104666.0,98.75259875259876,58.41995841995842,?,?
DatasetClassiRealeseNormalized,7,9,weka.classifiers.meta.FilteredClassifier,'-F \"weka.filters.MultiFilter -F \\\"weka.filters.supervised.instance.Resample -B 1.0 -S 1 -Z 200.0\\\" -S 1\" -S 1 -W weka.classifiers.trees.RandomForest -- -P 100 -I 100 -num-slots 1 -K 0 -M 1.0 -V 0.001 -S 1',-4523450618538717400,2.0260425104500003E7,4330.0,481.0,453.0,28.0,0.0,94.17879417879418,5.8212058212058215,0.0,0.7603558718861211,0.07108721992897662,0.2078596387200888,30.82215330525224,61.20081618564122,272.1308087156738,4382.477476411497,-4110.346667695823,0.565760517080403,9.111179784639287,-8.545419267558884,166.39781495774523,0.34594140323855554,61.14626114663851,0.84375,54.0,0.04316546762589928,18.0,0.9568345323741008,399.0,0.15625,10.0,0.75,0.84375,0.7941176470588235,0.7621444779928531,0.9449190647482014,0.857060140740258,0.9417879417879418,0.14120340941384107,0.858796590586159,0.058212058212058215,0.945539295172547,0.9417879417879418,0.9432181625601366,0.7621444779928531,0.9449190647482014,0.9677009117181632,0.8801096709870389,0.9417879417879418,1.056,0.011,1.05,0.02,1050.0,20.0,2998707.0,924503.0,104666.0,97.71309771309771,58.316008316008315,?,?
DatasetClassiRealeseNormalized,7,10,weka.classifiers.meta.FilteredClassifier,'-F \"weka.filters.MultiFilter -F \\\"weka.filters.supervised.instance.Resample -B 1.0 -S 1 -Z 200.0\\\" -S 1\" -S 1 -W weka.classifiers.trees.RandomForest -- -P 100 -I 100 -num-slots 1 -K 0 -M 1.0 -V 0.001 -S 1',-4523450618538717400,2.0260425104500003E7,4330.0,481.0,460.0,21.0,0.0,95.63409563409563,4.365904365904366,0.0,0.8144392394599066,0.060149027535380255,0.18761280433952934,26.07954776835535,55.23947228599946,272.1308087156738,1158.6816324248698,-886.550823709196,0.565760517080403,2.408901522712827,-1.8431410056324242,190.08768063177445,0.3951926832261423,69.85158407050514,0.859375,55.0,0.02877697841726619,12.0,0.9712230215827338,405.0,0.140625,9.0,0.8208955223880597,0.859375,0.8396946564885497,0.81472554771014,0.9806092625899281,0.8838927699470595,0.9563409563409564,0.12574293475822254,0.8742570652417775,0.04365904365904366,0.9573224449927891,0.9563409563409564,0.9567620621165968,0.8147255477101402,0.980609262589928,0.9817724301112792,0.9072119491829029,0.9563409563409564,1.07,0.01,1.06,0.01,1060.0,10.0,3045155.0,924503.0,104666.0,97.92099792099792,57.9002079002079,?,?
DatasetClassiRealeseNormalized,8,1,weka.classifiers.meta.FilteredClassifier,'-F \"weka.filters.MultiFilter -F \\\"weka.filters.supervised.instance.Resample -B 1.0 -S 1 -Z 200.0\\\" -S 1\" -S 1 -W weka.classifiers.trees.RandomForest -- -P 100 -I 100 -num-slots 1 -K 0 -M 1.0 -V 0.001 -S 1',-4523450618538717400,2.0260425104500003E7,4329.0,482.0,461.0,21.0,0.0,95.64315352697095,4.356846473029045,0.0,0.816875927199045,0.06034653079999464,0.1850856604085042,26.18562874136997,54.543323379560995,272.3366817903761,83.32611918286361,189.01056260751247,0.565013862635635,0.17287576593955106,0.39213809669608396,186.122116959889,0.38614547087113904,68.34265429698948,0.875,56.0,0.03110047846889952,13.0,0.9688995215311005,405.0,0.125,8.0,0.8115942028985508,0.875,0.8421052631578948,0.8176534947866351,0.9820947966507177,0.9177528608587325,0.9564315352697096,0.11253201373860906,0.8874679862613909,0.043568464730290454,0.9581850138698447,0.9564315352697096,0.9571194189767602,0.817653494786635,0.9820947966507177,0.986553695869893,0.9084172525175755,0.9564315352697096,1.057,0.011,1.05,0.01,1050.0,10.0,3057210.0,924290.0,104879.0,98.96265560165975,57.88381742738589,?,?
DatasetClassiRealeseNormalized,8,2,weka.classifiers.meta.FilteredClassifier,'-F \"weka.filters.MultiFilter -F \\\"weka.filters.supervised.instance.Resample -B 1.0 -S 1 -Z 200.0\\\" -S 1\" -S 1 -W weka.classifiers.trees.RandomForest -- -P 100 -I 100 -num-slots 1 -K 0 -M 1.0 -V 0.001 -S 1',-4523450618538717400,2.0260425104500003E7,4330.0,481.0,470.0,11.0,0.0,97.71309771309771,2.286902286902287,0.0,0.9002131150632746,0.05041307131960051,0.15279852587690118,21.987460707372904,45.28938701019822,269.42867131105754,56.92107149494982,212.50759981610773,0.5601427677984564,0.11833902597702665,0.4418037418214298,197.3085211735421,0.41020482572461975,73.23219173869876,0.9206349206349206,58.0,0.014354066985645933,6.0,0.9856459330143541,412.0,0.07936507936507936,5.0,0.90625,0.9206349206349206,0.9133858267716536,0.9002501578546853,0.9909052935368725,0.9546774580984675,0.9771309771309772,0.07085012348170242,0.9291498765182975,0.02286902286902287,0.9773009554934016,0.9771309771309772,0.9772073186284134,0.9002501578546852,0.9909052935368726,0.9928107376215862,0.9501060870385214,0.9771309771309772,1.057,0.011,1.06,0.01,1060.0,10.0,3051747.0,924503.0,104666.0,99.58419958419958,58.62785862785863,?,?
DatasetClassiRealeseNormalized,8,3,weka.classifiers.meta.FilteredClassifier,'-F \"weka.filters.MultiFilter -F \\\"weka.filters.supervised.instance.Resample -B 1.0 -S 1 -Z 200.0\\\" -S 1\" -S 1 -W weka.classifiers.trees.RandomForest -- -P 100 -I 100 -num-slots 1 -K 0 -M 1.0 -V 0.001 -S 1',-4523450618538717400,2.0260425104500003E7,4330.0,481.0,462.0,19.0,0.0,96.04989604989605,3.95010395010395,0.0,0.8342612575034913,0.057720070880997384,0.18100705427200173,25.026395395143968,53.29451896008967,272.1308087156738,5428.412158164378,-5156.281349448704,0.565760517080403,11.285680162503903,-10.7199196454235,192.81170745438538,0.40085594065360786,70.85258312513885,0.890625,57.0,0.02877697841726619,12.0,0.9712230215827338,405.0,0.109375,7.0,0.8260869565217391,0.890625,0.8571428571428571,0.8350559024539473,0.9644971522781774,0.840741676485649,0.9604989604989606,0.09865093891622669,0.9013490610837733,0.0395010395010395,0.9621301741394609,0.9604989604989606,0.9611223386856679,0.8350559024539475,0.9644971522781774,0.9710160645224468,0.9171118387041185,0.9604989604989606,1.06,0.011,1.05,0.02,1050.0,20.0,3019956.0,924503.0,104666.0,98.33679833679834,57.38045738045738,?,?
DatasetClassiRealeseNormalized,8,4,weka.classifiers.meta.FilteredClassifier,'-F \"weka.filters.MultiFilter -F \\\"weka.filters.supervised.instance.Resample -B 1.0 -S 1 -Z 200.0\\\" -S 1\" -S 1 -W weka.classifiers.trees.RandomForest -- -P 100 -I 100 -num-slots 1 -K 0 -M 1.0 -V 0.001 -S 1',-4523450618538717400,2.0260425104500003E7,4330.0,481.0,461.0,20.0,0.0,95.84199584199584,4.158004158004158,0.0,0.8266479259018993,0.06245552748479792,0.1816185120492385,27.07960509385683,53.47455254073273,272.1308087156738,2218.820288534513,-1946.6894798188393,0.565760517080403,4.612931992795246,-4.047171475714843,178.65701587194138,0.3714283074260736,65.65115383852212,0.890625,57.0,0.03117505995203837,13.0,0.9688249400479616,404.0,0.109375,7.0,0.8142857142857143,0.890625,0.8507462686567163,0.8277680682389067,0.9755133393285371,0.9009181900784662,0.9584199584199584,0.09897001837199679,0.9010299816280032,0.04158004158004158,0.9605241079693635,0.9584199584199584,0.9592002025486777,0.8277680682389067,0.9755133393285371,0.9818616160387844,0.9132958396423678,0.9584199584199584,1.05,0.011,1.05,0.01,1050.0,10.0,3014997.0,924503.0,104666.0,98.96049896049897,58.316008316008315,?,?
DatasetClassiRealeseNormalized,8,5,weka.classifiers.meta.FilteredClassifier,'-F \"weka.filters.MultiFilter -F \\\"weka.filters.supervised.instance.Resample -B 1.0 -S 1 -Z 200.0\\\" -S 1\" -S 1 -W weka.classifiers.trees.RandomForest -- -P 100 -I 100 -num-slots 1 -K 0 -M 1.0 -V 0.001 -S 1',-4523450618538717400,2.0260425104500003E7,4330.0,481.0,457.0,24.0,0.0,95.01039501039502,4.98960498960499,0.0,0.80205082478823,0.07223148305136964,0.20494180278845187,31.318285428792606,60.341707887312815,272.1308087156738,2237.206223784907,-1965.075415069233,0.565760517080403,4.651156390405212,-4.085395873324809,166.64578131708694,0.3464569258151496,61.23738142828247,0.921875,59.0,0.045563549160671464,19.0,0.9544364508393285,398.0,0.078125,5.0,0.7564102564102564,0.921875,0.8309859154929576,0.8074519296638835,0.9791104616306955,0.8439059441978913,0.9501039501039501,0.07379249926462157,0.9262075007353785,0.0498960498960499,0.9568327632843762,0.9501039501039501,0.9521376726460891,0.8074519296638835,0.9791104616306955,0.9763988452995653,0.9008588114050153,0.9501039501039501,1.059,0.011,1.06,0.01,1060.0,10.0,3079910.0,924503.0,104666.0,98.33679833679834,58.731808731808734,?,?
DatasetClassiRealeseNormalized,8,6,weka.classifiers.meta.FilteredClassifier,'-F \"weka.filters.MultiFilter -F \\\"weka.filters.supervised.instance.Resample -B 1.0 -S 1 -Z 200.0\\\" -S 1\" -S 1 -W weka.classifiers.trees.RandomForest -- -P 100 -I 100 -num-slots 1 -K 0 -M 1.0 -V 0.001 -S 1',-4523450618538717400,2.0260425104500003E7,4330.0,481.0,468.0,13.0,0.0,97.29729729729729,2.7027027027027026,0.0,0.8865998077655467,0.05068744445681392,0.1503631532823713,21.97717374881546,44.27193158706491,272.1308087156738,1127.3864364659144,-855.2556277502406,0.565760517080403,2.3438387452513814,-1.7780782281709784,199.73014078027262,0.4152393779215647,73.39490215124944,0.9375,60.0,0.02158273381294964,9.0,0.9784172661870504,408.0,0.0625,4.0,0.8695652173913043,0.9375,0.9022556390977444,0.8874443058816699,0.9897706834532374,0.9341212951391882,0.972972972972973,0.05705570678592261,0.9429442932140774,0.02702702702702703,0.9742279214630417,0.972972972972973,0.9733994948901938,0.8874443058816699,0.9897706834532374,0.9896364185813111,0.9432870475343968,0.972972972972973,1.061,0.011,1.06,0.01,1060.0,10.0,3076785.0,924503.0,104666.0,99.37629937629937,58.21205821205821,?,?
DatasetClassiRealeseNormalized,8,7,weka.classifiers.meta.FilteredClassifier,'-F \"weka.filters.MultiFilter -F \\\"weka.filters.supervised.instance.Resample -B 1.0 -S 1 -Z 200.0\\\" -S 1\" -S 1 -W weka.classifiers.trees.RandomForest -- -P 100 -I 100 -num-slots 1 -K 0 -M 1.0 -V 0.001 -S 1',-4523450618538717400,2.0260425104500003E7,4330.0,481.0,464.0,17.0,0.0,96.46569646569647,3.5343035343035343,0.0,0.8478103072828457,0.052981699825676735,0.1596303790225534,22.971922042125257,47.000512193516784,272.1308087156738,1133.4707115036808,-861.3399027880071,0.565760517080403,2.356487965704118,-1.7907274486237152,200.7315419902549,0.41732129311903304,73.7628873914023,0.875,56.0,0.02158273381294964,9.0,0.9784172661870504,408.0,0.125,8.0,0.8615384615384616,0.875,0.8682170542635659,0.8478442829066868,0.9787170263788969,0.9337309416867206,0.9646569646569647,0.1112396984699143,0.8887603015300857,0.035343035343035345,0.9649048456740764,0.9646569646569647,0.9647727388591175,0.8478442829066868,0.9787170263788969,0.9866265700243708,0.9239044454991299,0.9646569646569647,1.05,0.011,1.05,0.01,1050.0,10.0,3042469.0,924503.0,104666.0,99.37629937629937,58.00415800415801,?,?
DatasetClassiRealeseNormalized,8,8,weka.classifiers.meta.FilteredClassifier,'-F \"weka.filters.MultiFilter -F \\\"weka.filters.supervised.instance.Resample -B 1.0 -S 1 -Z 200.0\\\" -S 1\" -S 1 -W weka.classifiers.trees.RandomForest -- -P 100 -I 100 -num-slots 1 -K 0 -M 1.0 -V 0.001 -S 1',-4523450618538717400,2.0260425104500003E7,4330.0,481.0,462.0,19.0,0.0,96.04989604989605,3.95010395010395,0.0,0.8383993775750183,0.05863718692876424,0.1796244090077506,25.42404059003581,52.88742204032002,272.1308087156738,2215.4119854116357,-1943.281176695962,0.565760517080403,4.605846123516914,-4.040085606436511,185.55153731354392,0.3857620318368896,68.18468595645516,0.921875,59.0,0.03357314148681055,14.0,0.9664268585131894,403.0,0.078125,5.0,0.8082191780821918,0.921875,0.8613138686131386,0.8408665445769333,0.9860049460431655,0.8897335676173093,0.9604989604989606,0.07219710198577105,0.927802898014229,0.0395010395010395,0.9638580733463893,0.9604989604989606,0.9615809796831695,0.8408665445769333,0.9860049460431654,0.983342106777116,0.9191417827914178,0.9604989604989606,1.077,0.011,1.07,0.02,1070.0,20.0,2960020.0,924503.0,104666.0,98.96049896049897,57.69230769230769,?,?
DatasetClassiRealeseNormalized,8,9,weka.classifiers.meta.FilteredClassifier,'-F \"weka.filters.MultiFilter -F \\\"weka.filters.supervised.instance.Resample -B 1.0 -S 1 -Z 200.0\\\" -S 1\" -S 1 -W weka.classifiers.trees.RandomForest -- -P 100 -I 100 -num-slots 1 -K 0 -M 1.0 -V 0.001 -S 1',-4523450618538717400,2.02604251046E7,4330.0,481.0,464.0,17.0,0.0,96.46569646569647,3.5343035343035343,0.0,0.8497841462294482,0.0613749031322787,0.17157222635159647,26.611065608250083,50.51659067706475,272.1308087156738,2210.8423970249373,-1938.7115883092636,0.565760517080403,4.596345939760784,-4.030585422680382,183.73315193022472,0.381981604844542,67.51648326676298,0.890625,57.0,0.023980815347721823,10.0,0.9760191846522782,407.0,0.109375,7.0,0.8507462686567164,0.890625,0.8702290076335878,0.8500828796403587,0.9850681954436451,0.8957650844953011,0.9646569646569647,0.09801278000468648,0.9019872199953135,0.035343035343035345,0.9654824044830534,0.9646569646569647,0.9649978598086736,0.8500828796403587,0.9850681954436451,0.9839593420436764,0.9248858636242547,0.9646569646569647,1.059,0.011,1.05,0.01,1050.0,10.0,2994256.0,924503.0,104666.0,99.16839916839916,60.08316008316008,?,?
DatasetClassiRealeseNormalized,8,10,weka.classifiers.meta.FilteredClassifier,'-F \"weka.filters.MultiFilter -F \\\"weka.filters.supervised.instance.Resample -B 1.0 -S 1 -Z 200.0\\\" -S 1\" -S 1 -W weka.classifiers.trees.RandomForest -- -P 100 -I 100 -num-slots 1 -K 0 -M 1.0 -V 0.001 -S 1',-4523450618538717400,2.02604251046E7,4330.0,481.0,459.0,22.0,0.0,95.42619542619542,4.573804573804574,0.0,0.7990886652743497,0.06217788592450349,0.18484468593565828,26.959224654955797,54.4244458255545,272.1308087156738,2220.501193084559,-1948.3703843688852,0.565760517080403,4.6164265968493945,-4.050666079768992,188.26456227644726,0.3914024163751502,69.18164215399396,0.8125,52.0,0.023980815347721823,10.0,0.9760191846522782,407.0,0.1875,12.0,0.8387096774193549,0.8125,0.8253968253968254,0.799221985843371,0.9800284772182254,0.8709740731553632,0.9542619542619543,0.1657427696096761,0.834257230390324,0.04573804573804574,0.9537103920813212,0.9542619542619543,0.9539536644799803,0.799221985843371,0.9800284772182255,0.9798687122062018,0.8995405179615705,0.9542619542619543,1.067,0.011,1.07,0.01,1070.0,10.0,3040400.0,924503.0,104666.0,98.75259875259876,58.93970893970894,?,?
DatasetClassiRealeseNormalized,9,1,weka.classifiers.meta.FilteredClassifier,'-F \"weka.filters.MultiFilter -F \\\"weka.filters.supervised.instance.Resample -B 1.0 -S 1 -Z 200.0\\\" -S 1\" -S 1 -W weka.classifiers.trees.RandomForest -- -P 100 -I 100 -num-slots 1 -K 0 -M 1.0 -V 0.001 -S 1',-4523450618538717400,2.02604251046E7,4329.0,482.0,465.0,17.0,0.0,96.47302904564316,3.5269709543568464,0.0,0.8517567029706553,0.057319788732348845,0.1676001672177272,24.8722617088567,49.39048275727451,272.3366817903761,2205.2391897103234,-1932.9025079199473,0.565013862635635,4.575185040892787,-4.010171178257152,188.56382935624998,0.391211264224585,69.23923289239163,0.90625,58.0,0.02631578947368421,11.0,0.9736842105263158,407.0,0.09375,6.0,0.8405797101449275,0.90625,0.8721804511278196,0.8525674728595584,0.9877953050239234,0.9036213452661173,0.9647302904564315,0.08479607993011574,0.9152039200698843,0.035269709543568464,0.9662333241163771,0.9647302904564315,0.9652871486954725,0.8525674728595584,0.9877953050239234,0.9855046793775033,0.9258615853713708,0.9647302904564315,1.071,0.011,1.07,0.01,1070.0,10.0,3126691.0,924290.0,104879.0,99.37759336099585,58.50622406639004,?,?
DatasetClassiRealeseNormalized,9,2,weka.classifiers.meta.FilteredClassifier,'-F \"weka.filters.MultiFilter -F \\\"weka.filters.supervised.instance.Resample -B 1.0 -S 1 -Z 200.0\\\" -S 1\" -S 1 -W weka.classifiers.trees.RandomForest -- -P 100 -I 100 -num-slots 1 -K 0 -M 1.0 -V 0.001 -S 1',-4523450618538717400,2.02604251046E7,4330.0,481.0,462.0,19.0,0.0,96.04989604989605,3.95010395010395,0.0,0.8364033438948859,0.0645662155589102,0.17648509253375633,28.1602983207522,52.310070476276984,269.42867131105754,1145.6924669948319,-876.2637956837743,0.5601427677984564,2.3818970207792765,-1.8217542529808197,171.29998520055085,0.3561330253649706,63.578974118453665,0.9206349206349206,58.0,0.03349282296650718,14.0,0.9665071770334929,404.0,0.07936507936507936,5.0,0.8055555555555556,0.9206349206349206,0.8592592592592592,0.8389260917543887,0.975848712690818,0.9346989421281728,0.9604989604989606,0.07335686283054704,0.926643137169453,0.0395010395010395,0.9639084730771772,0.9604989604989606,0.9616007226648098,0.8389260917543887,0.9758487126908181,0.9863343473727966,0.9181423261229791,0.9604989604989606,1.064,0.012,1.06,0.02,1060.0,20.0,3050881.0,924503.0,104666.0,99.16839916839916,60.187110187110186,?,?
DatasetClassiRealeseNormalized,9,3,weka.classifiers.meta.FilteredClassifier,'-F \"weka.filters.MultiFilter -F \\\"weka.filters.supervised.instance.Resample -B 1.0 -S 1 -Z 200.0\\\" -S 1\" -S 1 -W weka.classifiers.trees.RandomForest -- -P 100 -I 100 -num-slots 1 -K 0 -M 1.0 -V 0.001 -S 1',-4523450618538717400,2.02604251046E7,4330.0,481.0,451.0,30.0,0.0,93.76299376299376,6.237006237006237,0.0,0.7432384341637011,0.07534812362680458,0.2194176693142451,32.6696053103325,64.6038862102819,272.1308087156738,4386.910462646849,-4114.779653931175,0.565760517080403,9.120395972238772,-8.554635455158367,163.1421653714419,0.3391729009801287,59.94990649584817,0.828125,53.0,0.045563549160671464,19.0,0.9544364508393285,398.0,0.171875,11.0,0.7361111111111112,0.828125,0.7794117647058824,0.7449867744491593,0.9644784172661871,0.8128635575028313,0.9376299376299376,0.15506848679060908,0.844931513209391,0.062370062370062374,0.9415716261682033,0.9376299376299376,0.9391623170287179,0.7449867744491593,0.9644784172661871,0.9686504529255662,0.8715460760575418,0.9376299376299376,1.053,0.012,1.06,0.01,1060.0,10.0,3020164.0,924503.0,104666.0,98.33679833679834,57.69230769230769,?,?
DatasetClassiRealeseNormalized,9,4,weka.classifiers.meta.FilteredClassifier,'-F \"weka.filters.MultiFilter -F \\\"weka.filters.supervised.instance.Resample -B 1.0 -S 1 -Z 200.0\\\" -S 1\" -S 1 -W weka.classifiers.trees.RandomForest -- -P 100 -I 100 -num-slots 1 -K 0 -M 1.0 -V 0.001 -S 1',-4523450618538717400,2.02604251046E7,4330.0,481.0,467.0,14.0,0.0,97.0893970893971,2.9106029106029108,0.0,0.8686253853057083,0.056636781163515344,0.1678634043778561,24.55670025472922,49.4245896840975,272.1308087156738,2207.0718755129396,-1934.9410667972659,0.565760517080403,4.5885070176984195,-4.022746500618016,190.40304580384654,0.395848328074525,69.9674714165798,0.84375,54.0,0.009592326139088728,4.0,0.9904076738609112,413.0,0.15625,10.0,0.9310344827586207,0.84375,0.8852459016393444,0.8700054705868508,0.9686937949640287,0.9226941368805713,0.9708939708939709,0.13673629703305962,0.8632637029669404,0.029106029106029108,0.9703285880835404,0.9708939708939709,0.9702821989707237,0.870005470586851,0.9686937949640287,0.9824755568218682,0.9342896174863389,0.9708939708939709,1.048,0.012,1.04,0.02,1040.0,20.0,2995787.0,924503.0,104666.0,98.96049896049897,58.108108108108105,?,?
DatasetClassiRealeseNormalized,9,5,weka.classifiers.meta.FilteredClassifier,'-F \"weka.filters.MultiFilter -F \\\"weka.filters.supervised.instance.Resample -B 1.0 -S 1 -Z 200.0\\\" -S 1\" -S 1 -W weka.classifiers.trees.RandomForest -- -P 100 -I 100 -num-slots 1 -K 0 -M 1.0 -V 0.001 -S 1',-4523450618538717400,2.02604251046E7,4330.0,481.0,467.0,14.0,0.0,97.0893970893971,2.9106029106029108,0.0,0.8738384292565947,0.048112773301317316,0.16051181122825586,20.860842161441347,47.26003525789555,272.1308087156738,1137.3201463012522,-865.1893375855784,0.565760517080403,2.3644909486512518,-1.798730431570849,206.39761613078616,0.4291010730369775,75.8450015655645,0.890625,57.0,0.016786570743405275,7.0,0.9832134292565947,410.0,0.109375,7.0,0.890625,0.890625,0.890625,0.8738384292565947,0.983550659472422,0.904983051844008,0.9708939708939709,0.09705554163737617,0.9029444583626238,0.029106029106029108,0.9708939708939709,0.9708939708939709,0.9708939708939709,0.8738384292565947,0.983550659472422,0.984760956674088,0.9369192146282974,0.9708939708939709,1.048,0.007,1.05,0.01,1050.0,10.0,3095786.0,924503.0,104666.0,98.96049896049897,56.54885654885655,?,?
DatasetClassiRealeseNormalized,9,6,weka.classifiers.meta.FilteredClassifier,'-F \"weka.filters.MultiFilter -F \\\"weka.filters.supervised.instance.Resample -B 1.0 -S 1 -Z 200.0\\\" -S 1\" -S 1 -W weka.classifiers.trees.RandomForest -- -P 100 -I 100 -num-slots 1 -K 0 -M 1.0 -V 0.001 -S 1',-4523450618538717400,2.02604251046E7,4330.0,481.0,463.0,18.0,0.0,96.25779625779626,3.7422037422037424,0.0,0.8439831333117094,0.06378538867173902,0.1802247474391188,27.65620923479181,53.06418171436534,272.1308087156738,1147.715829790653,-875.5850210749793,0.565760517080403,2.386103596238364,-1.8203430791579611,178.48621930512365,0.3710732210085731,65.5883911665469,0.90625,58.0,0.02877697841726619,12.0,0.9712230215827338,405.0,0.09375,6.0,0.8285714285714286,0.90625,0.8656716417910447,0.8451267655760873,0.9770496103117506,0.9108530022247558,0.9625779625779626,0.08510494099522876,0.9148950590047713,0.037422037422037424,0.9645342623444814,0.9625779625779626,0.96328018229381,0.8451267655760873,0.9770496103117506,0.983462610730032,0.9219662556781311,0.9625779625779626,1.052,0.007,1.05,0.0,1050.0,0.0,3004184.0,924503.0,104666.0,99.16839916839916,59.25155925155925,?,?
DatasetClassiRealeseNormalized,9,7,weka.classifiers.meta.FilteredClassifier,'-F \"weka.filters.MultiFilter -F \\\"weka.filters.supervised.instance.Resample -B 1.0 -S 1 -Z 200.0\\\" -S 1\" -S 1 -W weka.classifiers.trees.RandomForest -- -P 100 -I 100 -num-slots 1 -K 0 -M 1.0 -V 0.001 -S 1',-4523450618538717400,2.02604251046E7,4330.0,481.0,462.0,19.0,0.0,96.04989604989605,3.95010395010395,0.0,0.8321116928446773,0.05534562694921167,0.1717334946246548,23.996878768198293,50.5640734399368,272.1308087156738,2206.2535557842016,-1934.1227470685278,0.565760517080403,4.586805729281084,-4.021045212200682,194.4006341174123,0.40415932248942266,71.43646654154652,0.875,56.0,0.026378896882494004,11.0,0.973621103117506,406.0,0.125,8.0,0.835820895522388,0.875,0.8549618320610687,0.8324042136752493,0.9803095023980816,0.9137016628873915,0.9604989604989606,0.11187785738145449,0.8881221426185455,0.0395010395010395,0.9614024247379211,0.9604989604989606,0.9608799609626352,0.8324042136752493,0.9803095023980816,0.984419092285762,0.9160489064035788,0.9604989604989606,1.072,0.008,1.07,0.01,1070.0,10.0,3144707.0,924503.0,104666.0,99.37629937629937,57.58835758835759,?,?
DatasetClassiRealeseNormalized,9,8,weka.classifiers.meta.FilteredClassifier,'-F \"weka.filters.MultiFilter -F \\\"weka.filters.supervised.instance.Resample -B 1.0 -S 1 -Z 200.0\\\" -S 1\" -S 1 -W weka.classifiers.trees.RandomForest -- -P 100 -I 100 -num-slots 1 -K 0 -M 1.0 -V 0.001 -S 1',-4523450618538717400,2.02604251046E7,4330.0,481.0,465.0,16.0,0.0,96.67359667359668,3.3264033264033266,0.0,0.8595312842228225,0.055100149875002585,0.1750716640012174,23.890444277979707,51.54694193556938,272.1308087156738,3283.9775831666916,-3011.8467744510176,0.565760517080403,6.827396222799774,-6.261635705719371,191.68504884940467,0.3985136150715274,70.4385695078281,0.90625,58.0,0.023980815347721823,10.0,0.9760191846522782,407.0,0.09375,6.0,0.8529411764705882,0.90625,0.8787878787878787,0.8600617689015787,0.9759255095923262,0.8761075430315552,0.9667359667359667,0.08446678208368856,0.9155332179163115,0.033264033264033266,0.9678380954552439,0.9667359667359667,0.9671598129429455,0.8600617689015787,0.975925509592326,0.9787168771880131,0.9297553851770719,0.9667359667359667,1.068,0.007,1.06,0.01,1060.0,10.0,3040109.0,924503.0,104666.0,98.33679833679834,56.75675675675676,?,?
DatasetClassiRealeseNormalized,9,9,weka.classifiers.meta.FilteredClassifier,'-F \"weka.filters.MultiFilter -F \\\"weka.filters.supervised.instance.Resample -B 1.0 -S 1 -Z 200.0\\\" -S 1\" -S 1 -W weka.classifiers.trees.RandomForest -- -P 100 -I 100 -num-slots 1 -K 0 -M 1.0 -V 0.001 -S 1',-4523450618538717400,2.02604251046E7,4330.0,481.0,462.0,19.0,0.0,96.04989604989605,3.95010395010395,0.0,0.8321116928446773,0.06393767983960601,0.1807466840210798,27.72223997460301,53.21785726681914,272.1308087156738,2218.1150838899002,-1945.9842751742265,0.565760517080403,4.611465870872974,-4.04570535379257,183.78259074264668,0.38208438823835067,67.53465056382696,0.875,56.0,0.026378896882494004,11.0,0.973621103117506,406.0,0.125,8.0,0.835820895522388,0.875,0.8549618320610687,0.8324042136752493,0.9826139088729017,0.8789781083965826,0.9604989604989606,0.11187785738145449,0.8881221426185455,0.0395010395010395,0.9614024247379211,0.9604989604989606,0.9608799609626352,0.8324042136752493,0.9826139088729017,0.9813094082793947,0.9160489064035788,0.9604989604989606,1.053,0.007,1.04,0.01,1040.0,10.0,3083324.0,924503.0,104666.0,99.16839916839916,59.66735966735967,?,?
DatasetClassiRealeseNormalized,9,10,weka.classifiers.meta.FilteredClassifier,'-F \"weka.filters.MultiFilter -F \\\"weka.filters.supervised.instance.Resample -B 1.0 -S 1 -Z 200.0\\\" -S 1\" -S 1 -W weka.classifiers.trees.RandomForest -- -P 100 -I 100 -num-slots 1 -K 0 -M 1.0 -V 0.001 -S 1',-4523450618538717400,2.02604251046E7,4330.0,481.0,454.0,27.0,0.0,94.38669438669439,5.613305613305613,0.0,0.767453936648343,0.07324726999218074,0.20909783742435445,31.758712566700567,61.565383216391744,272.1308087156738,2235.340124078763,-1963.2093153630892,0.565760517080403,4.647276765236514,-4.0815162481561105,167.63064604827375,0.34850446163882276,61.59929000299876,0.84375,54.0,0.0407673860911271,17.0,0.9592326139088729,400.0,0.15625,10.0,0.7605633802816901,0.84375,0.8,0.768852540698998,0.9805343225419664,0.8579106369956832,0.9438669438669439,0.14088432995807096,0.859115670041929,0.056133056133056136,0.9469965169037652,0.9438669438669439,0.9450846809976193,0.7688525406989981,0.9805343225419664,0.9784607578679483,0.8836759371221282,0.9438669438669439,1.052,0.008,1.05,0.01,1050.0,10.0,3009035.0,924503.0,104666.0,98.96049896049897,59.04365904365904,?,?
DatasetClassiRealeseNormalized,10,1,weka.classifiers.meta.FilteredClassifier,'-F \"weka.filters.MultiFilter -F \\\"weka.filters.supervised.instance.Resample -B 1.0 -S 1 -Z 200.0\\\" -S 1\" -S 1 -W weka.classifiers.trees.RandomForest -- -P 100 -I 100 -num-slots 1 -K 0 -M 1.0 -V 0.001 -S 1',-4523450618538717400,2.02604251046E7,4329.0,482.0,462.0,20.0,0.0,95.850622406639,4.149377593360996,0.0,0.8221795912344132,0.05721506299887328,0.17733449068725696,24.82681901082411,52.259113161747585,272.3366817903761,2209.5349362808715,-1937.1982544904954,0.565013862635635,4.584097378176082,-4.019083515540447,189.5773900661811,0.3933140872742346,69.61140483164998,0.859375,55.0,0.02631578947368421,11.0,0.9736842105263158,407.0,0.140625,9.0,0.8333333333333334,0.859375,0.8461538461538461,0.8223096090643606,0.9789548444976076,0.9103228859262726,0.9585062240663901,0.12544701354007426,0.8745529864599257,0.04149377593360996,0.9591080168102989,0.9585062240663901,0.9587756542292498,0.8223096090643606,0.9789548444976076,0.9838120566740303,0.9110865154030622,0.9585062240663901,1.047,0.007,1.04,0.01,1040.0,10.0,2985133.0,924290.0,104879.0,99.37759336099585,57.67634854771784,?,?
DatasetClassiRealeseNormalized,10,2,weka.classifiers.meta.FilteredClassifier,'-F \"weka.filters.MultiFilter -F \\\"weka.filters.supervised.instance.Resample -B 1.0 -S 1 -Z 200.0\\\" -S 1\" -S 1 -W weka.classifiers.trees.RandomForest -- -P 100 -I 100 -num-slots 1 -K 0 -M 1.0 -V 0.001 -S 1',-4523450618538717400,2.02604251046E7,4330.0,481.0,465.0,16.0,0.0,96.67359667359668,3.3264033264033266,0.0,0.8595569181356983,0.06400741525225585,0.18714107583945802,27.91657978775631,55.46849722899928,269.42867131105754,2230.036108922714,-1960.6074376116565,0.5601427677984564,4.6362497067000294,-4.076106938901573,178.6894754260613,0.37149579090657237,66.32162588953382,0.9206349206349206,58.0,0.02631578947368421,11.0,0.9736842105263158,407.0,0.07936507936507936,5.0,0.8405797101449275,0.9206349206349206,0.8787878787878787,0.8607514905792978,0.9747284878863827,0.8639380290940656,0.9667359667359667,0.0724168355747303,0.9275831644252697,0.033264033264033266,0.9685731937737003,0.9667359667359667,0.967371736046435,0.8607514905792978,0.9747284878863826,0.9773001094744689,0.9297553851770719,0.9667359667359667,1.063,0.007,1.06,0.0,1060.0,0.0,3028722.0,924503.0,104666.0,98.33679833679834,58.21205821205821,?,?
DatasetClassiRealeseNormalized,10,3,weka.classifiers.meta.FilteredClassifier,'-F \"weka.filters.MultiFilter -F \\\"weka.filters.supervised.instance.Resample -B 1.0 -S 1 -Z 200.0\\\" -S 1\" -S 1 -W weka.classifiers.trees.RandomForest -- -P 100 -I 100 -num-slots 1 -K 0 -M 1.0 -V 0.001 -S 1',-4523450618538717400,2.02604251046E7,4330.0,481.0,462.0,19.0,0.0,96.04989604989605,3.95010395010395,0.0,0.8299056375514157,0.05558936652731289,0.1734603933964732,24.10255991102958,51.07253008383385,272.1308087156738,73.91242872931046,198.21837998636335,0.565760517080403,0.15366409299232944,0.4120964240880735,193.92565362726756,0.4031718370629263,71.26192530074162,0.859375,55.0,0.023980815347721823,10.0,0.9760191846522782,407.0,0.140625,9.0,0.8461538461538461,0.859375,0.8527131782945736,0.8299388956535205,0.9859674760191847,0.9186454935237002,0.9604989604989606,0.1251047758466823,0.8748952241533177,0.0395010395010395,0.96077382856229,0.9604989604989606,0.9606283551954843,0.8299388956535205,0.9859674760191847,0.9872157687184107,0.9149520273225569,0.9604989604989606,1.065,0.007,1.06,0.01,1060.0,10.0,3010319.0,924503.0,104666.0,98.96049896049897,57.58835758835759,?,?
DatasetClassiRealeseNormalized,10,4,weka.classifiers.meta.FilteredClassifier,'-F \"weka.filters.MultiFilter -F \\\"weka.filters.supervised.instance.Resample -B 1.0 -S 1 -Z 200.0\\\" -S 1\" -S 1 -W weka.classifiers.trees.RandomForest -- -P 100 -I 100 -num-slots 1 -K 0 -M 1.0 -V 0.001 -S 1',-4523450618538717400,2.02604251046E7,4330.0,481.0,463.0,18.0,0.0,96.25779625779626,3.7422037422037424,0.0,0.8419726947506754,0.055211660472122524,0.16961538583762292,23.938793288153757,49.9404315086098,272.1308087156738,1138.3479554277403,-866.2171467120666,0.565760517080403,2.366627765962038,-1.8008672488816353,195.89300211383556,0.4072619586566228,71.98486751219241,0.890625,57.0,0.026378896882494004,11.0,0.973621103117506,406.0,0.109375,7.0,0.8382352941176471,0.890625,0.8636363636363636,0.8424923426363251,0.9791666666666666,0.9271417359994905,0.9625779625779626,0.09833185946045657,0.9016681405395435,0.037422037422037424,0.9637822499238252,0.9625779625779626,0.9630547895608137,0.842492342636325,0.9791666666666667,0.9859610572220663,0.920974808324206,0.9625779625779626,1.086,0.007,1.08,0.01,1080.0,10.0,3123738.0,924503.0,104666.0,99.37629937629937,57.7962577962578,?,?
DatasetClassiRealeseNormalized,10,5,weka.classifiers.meta.FilteredClassifier,'-F \"weka.filters.MultiFilter -F \\\"weka.filters.supervised.instance.Resample -B 1.0 -S 1 -Z 200.0\\\" -S 1\" -S 1 -W weka.classifiers.trees.RandomForest -- -P 100 -I 100 -num-slots 1 -K 0 -M 1.0 -V 0.001 -S 1',-4523450618538717400,2.02604251046E7,4330.0,481.0,463.0,18.0,0.0,96.25779625779626,3.7422037422037424,0.0,0.8419726947506754,0.05811540554535252,0.16879374098499692,25.19780546918834,49.698511836733736,272.1308087156738,2205.658597413593,-1933.527788697919,0.565760517080403,4.585568809591669,-4.019808292511266,183.34465098058618,0.38117391056254923,67.3737206918557,0.890625,57.0,0.026378896882494004,11.0,0.973621103117506,406.0,0.109375,7.0,0.8382352941176471,0.890625,0.8636363636363636,0.8424923426363251,0.9736773081534772,0.9387780312273105,0.9625779625779626,0.09833185946045657,0.9016681405395435,0.037422037422037424,0.9637822499238252,0.9625779625779626,0.9630547895608137,0.842492342636325,0.9736773081534772,0.9853251402164981,0.920974808324206,0.9625779625779626,1.062,0.008,1.06,0.01,1060.0,10.0,3094488.0,924503.0,104666.0,99.37629937629937,58.523908523908524,?,?
DatasetClassiRealeseNormalized,10,6,weka.classifiers.meta.FilteredClassifier,'-F \"weka.filters.MultiFilter -F \\\"weka.filters.supervised.instance.Resample -B 1.0 -S 1 -Z 200.0\\\" -S 1\" -S 1 -W weka.classifiers.trees.RandomForest -- -P 100 -I 100 -num-slots 1 -K 0 -M 1.0 -V 0.001 -S 1',-4523450618538717400,2.02604251046E7,4330.0,481.0,465.0,16.0,0.0,96.67359667359668,3.3264033264033266,0.0,0.8558153477218226,0.058006327142204765,0.1658522975338447,25.15051101503088,48.832452696619264,272.1308087156738,2211.3129291019372,-1939.1821203862635,0.565760517080403,4.5973241769271045,-4.031563659846702,191.7991350299197,0.39875080047800354,70.48049279503454,0.875,56.0,0.019184652278177457,8.0,0.9808153477218226,409.0,0.125,8.0,0.875,0.875,0.875,0.8558153477218226,0.9692183752997602,0.9087048608340446,0.9667359667359667,0.1109206190141442,0.8890793809858558,0.033264033264033266,0.9667359667359667,0.9667359667359667,0.9667359667359667,0.8558153477218226,0.9692183752997602,0.9806355527532059,0.9279076738609113,0.9667359667359667,1.069,0.008,1.06,0.01,1060.0,10.0,3075903.0,924503.0,104666.0,98.75259875259876,59.147609147609145,?,?
DatasetClassiRealeseNormalized,10,7,weka.classifiers.meta.FilteredClassifier,'-F \"weka.filters.MultiFilter -F \\\"weka.filters.supervised.instance.Resample -B 1.0 -S 1 -Z 200.0\\\" -S 1\" -S 1 -W weka.classifiers.trees.RandomForest -- -P 100 -I 100 -num-slots 1 -K 0 -M 1.0 -V 0.001 -S 1',-4523450618538717400,2.02604251046E7,4330.0,481.0,465.0,16.0,0.0,96.67359667359668,3.3264033264033266,0.0,0.8613183407215195,0.05728718592101575,0.170559845822609,24.838704181260198,50.21851205513507,272.1308087156738,5416.9837167350515,-5144.8529080193775,0.565760517080403,11.261920409012582,-10.696159891932178,190.85973361463562,0.3967977829826104,70.13529064033635,0.921875,59.0,0.026378896882494004,11.0,0.973621103117506,406.0,0.078125,5.0,0.8428571428571429,0.921875,0.880597014925373,0.8624854629132681,0.977068345323741,0.8541378456131741,0.9667359667359667,0.07123986361846073,0.9287601363815393,0.033264033264033266,0.9685444167195992,0.9667359667359667,0.967360162038942,0.8624854629132681,0.977068345323741,0.9759081202848217,0.9306366717138943,0.9667359667359667,1.046,0.008,1.04,0.01,1040.0,10.0,3106346.0,924503.0,104666.0,98.75259875259876,57.9002079002079,?,?
DatasetClassiRealeseNormalized,10,8,weka.classifiers.meta.FilteredClassifier,'-F \"weka.filters.MultiFilter -F \\\"weka.filters.supervised.instance.Resample -B 1.0 -S 1 -Z 200.0\\\" -S 1\" -S 1 -W weka.classifiers.trees.RandomForest -- -P 100 -I 100 -num-slots 1 -K 0 -M 1.0 -V 0.001 -S 1',-4523450618538717400,2.02604251046E7,4330.0,481.0,459.0,22.0,0.0,95.42619542619542,4.573804573804574,0.0,0.8093127184920893,0.0643511728229664,0.1951201719173957,27.901523172574652,57.44989190377703,272.1308087156738,3299.861957052191,-3027.731148336517,0.565760517080403,6.860419869131374,-6.294659352050971,177.4327410989216,0.36888303762769564,65.20126917504071,0.875,56.0,0.03357314148681055,14.0,0.9664268585131894,403.0,0.125,8.0,0.8,0.875,0.8358208955223881,0.8104093709017259,0.980515587529976,0.8417849662922299,0.9542619542619543,0.11283509574876481,0.8871649042512352,0.04573804573804574,0.9565139535942456,0.9542619542619543,0.9551202228035452,0.8104093709017259,0.980515587529976,0.976253111060623,0.9046254236066047,0.9542619542619543,1.054,0.008,1.06,0.0,1060.0,0.0,3013325.0,924503.0,104666.0,98.54469854469855,58.21205821205821,?,?
DatasetClassiRealeseNormalized,10,9,weka.classifiers.meta.FilteredClassifier,'-F \"weka.filters.MultiFilter -F \\\"weka.filters.supervised.instance.Resample -B 1.0 -S 1 -Z 200.0\\\" -S 1\" -S 1 -W weka.classifiers.trees.RandomForest -- -P 100 -I 100 -num-slots 1 -K 0 -M 1.0 -V 0.001 -S 1',-4523450618538717400,2.02604251046E7,4330.0,481.0,463.0,18.0,0.0,96.25779625779626,3.7422037422037424,0.0,0.8497188085815455,0.06163543572480611,0.1792323837696274,26.724027903243723,52.77199672405254,272.1308087156738,75.36658427091058,196.76422444476324,0.565760517080403,0.15668728538650847,0.4090732316938945,183.4695414954869,0.3814335582026755,67.41961425146042,0.953125,61.0,0.03597122302158273,15.0,0.9640287769784173,402.0,0.046875,3.0,0.8026315789473685,0.953125,0.8714285714285714,0.8540157214433515,0.9898268884892086,0.9343894010769289,0.9625779625779626,0.04542418559954531,0.9545758144004547,0.037422037422037424,0.9673171146855357,0.9625779625779626,0.9639086106239391,0.8540157214433515,0.9898268884892086,0.989917293176422,0.9247653806047966,0.9625779625779626,1.082,0.009,1.08,0.01,1080.0,10.0,3153582.0,924503.0,104666.0,99.16839916839916,58.731808731808734,?,?
DatasetClassiRealeseNormalized,10,10,weka.classifiers.meta.FilteredClassifier,'-F \"weka.filters.MultiFilter -F \\\"weka.filters.supervised.instance.Resample -B 1.0 -S 1 -Z 200.0\\\" -S 1\" -S 1 -W weka.classifiers.trees.RandomForest -- -P 100 -I 100 -num-slots 1 -K 0 -M 1.0 -V 0.001 -S 1',-4523450618538717400,2.02604251046E7,4330.0,481.0,460.0,21.0,0.0,95.63409563409563,4.365904365904366,0.0,0.8042859080428593,0.0678103001215044,0.19459650661130268,29.401339201453585,57.29570735723236,272.1308087156738,2234.855427609555,-1962.7246188938814,0.565760517080403,4.646269080269345,-4.080508563188943,176.5807896524247,0.3671118287992198,64.88820228984763,0.796875,51.0,0.019184652278177457,8.0,0.9808153477218226,409.0,0.203125,13.0,0.864406779661017,0.796875,0.8292682926829269,0.8051605575624968,0.9644596822541966,0.8551913298419977,0.9563409563409564,0.17865060861913382,0.8213493913808663,0.04365904365904366,0.9552516888447485,0.9563409563409564,0.9555836699067607,0.8051605575624968,0.9644596822541966,0.9740003766846819,0.9021192476525481,0.9563409563409564,1.066,0.008,1.06,0.01,1060.0,10.0,2991165.0,924503.0,104666.0,98.33679833679834,58.316008316008315,?,?
DatasetClassiRealeseNormalized,1,1,weka.classifiers.trees.RandomForest,'-P 100 -I 100 -num-slots 1 -K 0 -M 1.0 -V 0.001 -S 1',1116839470751428698,2.02604251046E7,4329.0,482.0,470.0,12.0,0.0,97.5103734439834,2.4896265560165975,0.0,0.8874270144024912,0.05364091163439124,0.1482896887532031,23.275919572942986,43.69983298365115,272.3366817903761,57.1366411965056,215.20004059387048,0.565013862635635,0.11854074937034356,0.44647311326529143,205.32691035044377,0.4259894405610867,75.39451130879559,0.859375,55.0,0.007177033492822967,3.0,0.992822966507177,415.0,0.140625,9.0,0.9482758620689655,0.859375,0.9016393442622951,0.8888361230077112,0.9901876495215312,0.9557863904609052,0.975103734439834,0.12290576793265699,0.8770942320673429,0.024896265560165973,0.9747240947364727,0.975103734439834,0.9745802352224169,0.8888361230077111,0.9901876495215312,0.9925777579757589,0.9436937813948054,0.975103734439834,0.57,0.009,0.56,0.01,560.0,10.0,2659700.0,924290.0,104879.0,99.79253112033194,59.75103734439834,?,-1.0
DatasetClassiRealeseNormalized,1,2,weka.classifiers.trees.RandomForest,'-P 100 -I 100 -num-slots 1 -K 0 -M 1.0 -V 0.001 -S 1',1116839470751428698,2.02604251046E7,4330.0,481.0,464.0,17.0,0.0,96.46569646569647,3.5343035343035343,0.0,0.8393295738117229,0.061218196462004514,0.17365503606781652,26.70007309713789,51.47124351894154,269.42867131105754,77.2484518506479,192.18021946040966,0.5601427677984564,0.160599691997189,0.39954307580126747,188.62094602805698,0.3921433389356694,70.00774828833737,0.8253968253968254,52.0,0.014354066985645933,6.0,0.9856459330143541,412.0,0.1746031746031746,11.0,0.896551724137931,0.8253968253968254,0.8595041322314049,0.8402683124853049,0.978298017771702,0.9120843686741511,0.9646569646569647,0.15361420624578517,0.8463857937542149,0.035343035343035345,0.9638519381732881,0.9646569646569647,0.9640317991847556,0.8402683124853049,0.978298017771702,0.9851325837817173,0.9196450506579141,0.9646569646569647,0.557,0.009,0.56,0.01,560.0,10.0,2590675.0,924503.0,104666.0,99.16839916839916,59.45945945945946,?,-1.0
DatasetClassiRealeseNormalized,1,3,weka.classifiers.trees.RandomForest,'-P 100 -I 100 -num-slots 1 -K 0 -M 1.0 -V 0.001 -S 1',1116839470751428698,2.02604251046E7,4330.0,481.0,467.0,14.0,0.0,97.0893970893971,2.9106029106029108,0.0,0.8686253853057083,0.05624667028896817,0.1578074881453403,24.387555122969214,46.46379226948654,272.1308087156738,60.05109431019161,212.0797144054822,0.565760517080403,0.12484634991723827,0.44091416716316467,200.4362495150857,0.41670737944924263,73.65437616602402,0.84375,54.0,0.009592326139088728,4.0,0.9904076738609112,413.0,0.15625,10.0,0.9310344827586207,0.84375,0.8852459016393444,0.8700054705868508,0.9900891786570744,0.9442192589776762,0.9708939708939709,0.13673629703305962,0.8632637029669404,0.029106029106029108,0.9703285880835404,0.9708939708939709,0.9702821989707237,0.870005470586851,0.9900891786570744,0.9911976424849555,0.9342896174863389,0.9708939708939709,0.558,0.01,0.56,0.01,560.0,10.0,2618059.0,924503.0,104666.0,99.79209979209979,59.04365904365904,?,-1.0
DatasetClassiRealeseNormalized,1,4,weka.classifiers.trees.RandomForest,'-P 100 -I 100 -num-slots 1 -K 0 -M 1.0 -V 0.001 -S 1',1116839470751428698,2.02604251046E7,4330.0,481.0,463.0,18.0,0.0,96.25779625779626,3.7422037422037424,0.0,0.83338465091217,0.06113159382857393,0.1759475673529476,26.5055710247388,51.80483712078046,272.1308087156738,2211.0297589709976,-1938.8989502553238,0.565760517080403,4.596735465636169,-4.030974948555767,190.72814443405156,0.396524208802602,70.0869355197952,0.828125,53.0,0.016786570743405275,7.0,0.9832134292565947,410.0,0.171875,11.0,0.8833333333333333,0.828125,0.8548387096774193,0.8339564813909894,0.9673823441247003,0.9127390933038291,0.9625779625779626,0.15123953332136783,0.8487604666786321,0.037422037422037424,0.961825044485377,0.9625779625779626,0.9620636940676974,0.8339564813909894,0.9673823441247003,0.9810187344406298,0.9166794980368003,0.9625779625779626,0.568,0.01,0.56,0.01,560.0,10.0,2602973.0,924503.0,104666.0,99.37629937629937,58.731808731808734,?,-1.0
DatasetClassiRealeseNormalized,1,5,weka.classifiers.trees.RandomForest,'-P 100 -I 100 -num-slots 1 -K 0 -M 1.0 -V 0.001 -S 1',1116839470751428698,2.02604251046E7,4330.0,481.0,462.0,19.0,0.0,96.04989604989605,3.95010395010395,0.0,0.8204695020135548,0.05847579256355153,0.16997401200953396,25.354062865880042,50.04602302489279,272.1308087156738,67.51011680883394,204.62069190683988,0.565760517080403,0.14035367319923897,0.425406843881164,193.79336530329786,0.4028968093623656,71.2133132657449,0.796875,51.0,0.014388489208633094,6.0,0.9856115107913669,411.0,0.203125,13.0,0.8947368421052632,0.796875,0.8429752066115702,0.8222701368508051,0.9870915767386091,0.9305575620112202,0.9604989604989606,0.17801244970759358,0.8219875502924064,0.0395010395010395,0.9594132651481211,0.9604989604989606,0.9595207604071513,0.8222701368508051,0.9870915767386091,0.9889889172266655,0.910191527205904,0.9604989604989606,0.571,0.01,0.57,0.01,570.0,10.0,2585416.0,924503.0,104666.0,99.58419958419958,58.21205821205821,?,-1.0
DatasetClassiRealeseNormalized,1,6,weka.classifiers.trees.RandomForest,'-P 100 -I 100 -num-slots 1 -K 0 -M 1.0 -V 0.001 -S 1',1116839470751428698,2.02604251046E7,4330.0,481.0,464.0,17.0,0.0,96.46569646569647,3.5343035343035343,0.0,0.8393674491700228,0.05894860489713429,0.16471122282864878,25.559065878304246,48.49648221328353,272.1308087156738,2205.5053538060824,-1933.3745450904087,0.565760517080403,4.585250215813061,-4.0194896987326585,194.40497587760544,0.4041683490178907,71.43806200962808,0.8125,52.0,0.011990407673860911,5.0,0.988009592326139,412.0,0.1875,12.0,0.9122807017543859,0.8125,0.859504132231405,0.8412095581899439,0.9693682553956835,0.9260717234078113,0.9646569646569647,0.16414737233082555,0.8358526276691745,0.035343035343035345,0.9637922622033844,0.9646569646569647,0.9637817329958719,0.8412095581899439,0.9693682553956835,0.9829326312288021,0.9196450506579141,0.9646569646569647,0.566,0.01,0.56,0.01,560.0,10.0,2619851.0,924503.0,104666.0,99.37629937629937,59.355509355509355,?,-1.0
DatasetClassiRealeseNormalized,1,7,weka.classifiers.trees.RandomForest,'-P 100 -I 100 -num-slots 1 -K 0 -M 1.0 -V 0.001 -S 1',1116839470751428698,2.02604251046E7,4330.0,481.0,461.0,20.0,0.0,95.84199584199584,4.158004158004158,0.0,0.8097009020414622,0.06820569059030593,0.18322797463796744,29.57277347131267,53.94843205220012,272.1308087156738,2217.6869898096147,-1945.556181093941,0.565760517080403,4.610575862390052,-4.044815345309648,186.86607342316293,0.3884949551417109,68.66773898371915,0.78125,50.0,0.014388489208633094,6.0,0.9856115107913669,411.0,0.21875,14.0,0.8928571428571429,0.78125,0.8333333333333334,0.8120569297388033,0.9831197541966427,0.8510255126735496,0.9584199584199584,0.1915584476285915,0.8084415523714085,0.04158004158004158,0.9571858348328937,0.9584199584199584,0.9572314869226983,0.8120569297388033,0.9831197541966427,0.9778737701123583,0.9047901821060966,0.9584199584199584,0.563,0.011,0.56,0.01,560.0,10.0,2617156.0,924503.0,104666.0,99.16839916839916,59.563409563409564,?,-1.0
DatasetClassiRealeseNormalized,1,8,weka.classifiers.trees.RandomForest,'-P 100 -I 100 -num-slots 1 -K 0 -M 1.0 -V 0.001 -S 1',1116839470751428698,2.02604251046E7,4330.0,481.0,473.0,8.0,0.0,98.33679833679834,1.6632016632016633,0.0,0.9297656421114112,0.04653645106204848,0.12928586345677104,20.177376894889008,38.06607388303447,272.1308087156738,44.08734089701466,228.04346781865917,0.565760517080403,0.09165767338256686,0.4741028436978361,216.31279242055527,0.44971474515707954,79.48853473866018,0.96875,62.0,0.014388489208633094,6.0,0.9856115107913669,411.0,0.03125,2.0,0.9117647058823529,0.96875,0.9393939393939394,0.9303394739625928,0.9959719724220624,0.9717247251022015,0.9833679833679834,0.02900647257661646,0.9709935274233835,0.016632016632016633,0.9840614775809193,0.9833679833679834,0.9835799064714728,0.9303394739625928,0.9959719724220623,0.9956941039927412,0.964877692588536,0.9833679833679834,0.563,0.011,0.56,0.01,560.0,10.0,2655924.0,924503.0,104666.0,100.0,58.00415800415801,?,-1.0
DatasetClassiRealeseNormalized,1,9,weka.classifiers.trees.RandomForest,'-P 100 -I 100 -num-slots 1 -K 0 -M 1.0 -V 0.001 -S 1',1116839470751428698,2.02604251046E7,4330.0,481.0,460.0,21.0,0.0,95.63409563409563,4.365904365904366,0.0,0.8042859080428593,0.05991727137767857,0.17636707760158726,25.979062423320695,51.92835494161899,272.1308087156738,75.44161855612465,196.68919015954918,0.565760517080403,0.15684328182146498,0.408917235258938,193.8238538545014,0.40296019512370357,71.2245169039318,0.796875,51.0,0.019184652278177457,8.0,0.9808153477218226,409.0,0.203125,13.0,0.864406779661017,0.796875,0.8292682926829269,0.8051605575624968,0.9826888489208633,0.9061881122389752,0.9563409563409564,0.17865060861913382,0.8213493913808663,0.04365904365904366,0.9552516888447485,0.9563409563409564,0.9555836699067607,0.8051605575624968,0.9826888489208633,0.9849093835627253,0.9021192476525481,0.9563409563409564,0.564,0.011,0.56,0.02,560.0,20.0,2620542.0,924503.0,104666.0,99.37629937629937,58.731808731808734,?,-1.0
DatasetClassiRealeseNormalized,1,10,weka.classifiers.trees.RandomForest,'-P 100 -I 100 -num-slots 1 -K 0 -M 1.0 -V 0.001 -S 1',1116839470751428698,2.02604251046E7,4330.0,481.0,463.0,18.0,0.0,96.25779625779626,3.7422037422037424,0.0,0.8310897811073393,0.061635907415319185,0.17567967238633503,26.72423241985474,51.72595990002867,272.1308087156738,1143.6447376766064,-871.5139289609326,0.565760517080403,2.377639787269452,-1.8118792701890492,194.65031955243145,0.404678419027924,71.52821853250909,0.8125,52.0,0.014388489208633094,6.0,0.9856115107913669,411.0,0.1875,12.0,0.896551724137931,0.8125,0.8524590163934426,0.8324102292471443,0.9758693045563549,0.8939436028102723,0.9625779625779626,0.16446645178659566,0.8355335482134043,0.037422037422037424,0.9616414201887422,0.9625779625779626,0.9617913986766445,0.8324102292471443,0.9758693045563549,0.9811558287615769,0.9155152224824356,0.9625779625779626,0.56,0.012,0.56,0.01,560.0,10.0,2603991.0,924503.0,104666.0,99.37629937629937,59.45945945945946,?,-1.0
DatasetClassiRealeseNormalized,2,1,weka.classifiers.trees.RandomForest,'-P 100 -I 100 -num-slots 1 -K 0 -M 1.0 -V 0.001 -S 1',1116839470751428698,2.02604251046E7,4329.0,482.0,466.0,16.0,0.0,96.6804979253112,3.319502074688797,0.0,0.8499026858699884,0.05898904416530759,0.17248325155590527,25.596586743991555,50.82949022851284,272.3366817903761,1141.0515465504482,-868.714864760072,0.565013862635635,2.3673268600631703,-1.8023129974275354,194.8743728257462,0.40430367806171413,71.55641742589255,0.828125,53.0,0.011961722488038277,5.0,0.9880382775119617,413.0,0.171875,11.0,0.9137931034482759,0.828125,0.8688524590163935,0.8512522111479238,0.9784128289473685,0.900613767570143,0.966804979253112,0.1506417017411503,0.8493582982588497,0.03319502074688797,0.9660548111992701,0.966804979253112,0.9661069802965558,0.8512522111479238,0.9784128289473684,0.9824980757266288,0.9249250418597407,0.966804979253112,0.555,0.011,0.56,0.01,560.0,10.0,2611293.0,924290.0,104879.0,99.37759336099585,58.50622406639004,?,-1.0
DatasetClassiRealeseNormalized,2,2,weka.classifiers.trees.RandomForest,'-P 100 -I 100 -num-slots 1 -K 0 -M 1.0 -V 0.001 -S 1',1116839470751428698,2.02604251046E7,4330.0,481.0,464.0,17.0,0.0,96.46569646569647,3.5343035343035343,0.0,0.8347179269500538,0.05604025102497951,0.1629628927031718,24.44173277266646,48.30209894748124,269.42867131105754,1130.6714905766053,-861.2428192655477,0.5601427677984564,2.350668379577142,-1.7905256117786854,197.20349238089713,0.4099864706463558,73.19320969861597,0.7936507936507936,50.0,0.009569377990430622,4.0,0.9904306220095693,414.0,0.20634920634920634,13.0,0.9259259259259259,0.7936507936507936,0.8547008547008547,0.8379319659976556,0.9817916002126529,0.9406141535675024,0.9646569646569647,0.18057554899660164,0.8194244510033983,0.035343035343035345,0.9638406195783245,0.9646569646569647,0.9634858344917516,0.8379319659976556,0.9817916002126529,0.9883444543016674,0.9172912557527941,0.9646569646569647,0.564,0.012,0.56,0.01,560.0,10.0,2615348.0,924503.0,104666.0,99.58419958419958,58.523908523908524,?,-1.0
DatasetClassiRealeseNormalized,2,3,weka.classifiers.trees.RandomForest,'-P 100 -I 100 -num-slots 1 -K 0 -M 1.0 -V 0.001 -S 1',1116839470751428698,2.02604251046E7,4330.0,481.0,463.0,18.0,0.0,96.25779625779626,3.7422037422037424,0.0,0.8238095238095238,0.0577835557826627,0.166050302620764,25.053921318561034,48.89075200380072,272.1308087156738,2207.6867346406816,-1935.5559259250078,0.565760517080403,4.589785311103288,-4.0240247940228855,200.49546003024426,0.41683047823335606,73.67613427398615,0.765625,49.0,0.007194244604316547,3.0,0.9928057553956835,414.0,0.234375,15.0,0.9423076923076923,0.765625,0.8448275862068965,0.8295520339382686,0.96783198441247,0.9276327530340065,0.9625779625779626,0.2041472071822791,0.7958527928177209,0.037422037422037424,0.962010962010962,0.9625779625779626,0.9609077444734085,0.8295520339382686,0.96783198441247,0.9828927749738935,0.9117754952311079,0.9625779625779626,0.57,0.012,0.57,0.01,570.0,10.0,2615096.0,924503.0,104666.0,99.16839916839916,58.83575883575884,?,-1.0
DatasetClassiRealeseNormalized,2,4,weka.classifiers.trees.RandomForest,'-P 100 -I 100 -num-slots 1 -K 0 -M 1.0 -V 0.001 -S 1',1116839470751428698,2.02604251046E7,4330.0,481.0,466.0,15.0,0.0,96.88149688149689,3.1185031185031185,0.0,0.8602042200306138,0.05407732260164384,0.15199618733396789,23.446964577187448,44.75275132403772,272.1308087156738,55.36085177780676,216.76995693786705,0.565760517080403,0.11509532594138619,0.45066519113901676,202.57645772147666,0.4211568767598267,74.44083919698024,0.84375,54.0,0.011990407673860911,5.0,0.988009592326139,412.0,0.15625,10.0,0.9152542372881356,0.84375,0.8780487804878049,0.8611396799215758,0.9923935851318945,0.9440698386750999,0.9688149688149689,0.1370553764888297,0.8629446235111703,0.031185031185031187,0.9681803629911913,0.9688149688149689,0.9682740499334005,0.8611396799215757,0.9923935851318946,0.991541442373109,0.9300851768946772,0.9688149688149689,0.566,0.013,0.57,0.01,570.0,10.0,2638776.0,924503.0,104666.0,99.79209979209979,59.45945945945946,?,-1.0
DatasetClassiRealeseNormalized,2,5,weka.classifiers.trees.RandomForest,'-P 100 -I 100 -num-slots 1 -K 0 -M 1.0 -V 0.001 -S 1',1116839470751428698,2.02604251046E7,4330.0,481.0,464.0,17.0,0.0,96.46569646569647,3.5343035343035343,0.0,0.8415647827013624,0.0625297278136644,0.17036911577924943,27.111777035788275,50.16235476362526,272.1308087156738,1139.5928053120565,-867.4619965963827,0.565760517080403,2.369215811459577,-1.8034552943791742,193.34228947260374,0.40195902177256493,71.04755627820535,0.828125,53.0,0.014388489208633094,6.0,0.9856115107913669,411.0,0.171875,11.0,0.8983050847457628,0.828125,0.8617886178861789,0.8424799724685494,0.9866794064748201,0.8886778747475677,0.9646569646569647,0.15092045386559774,0.8490795461344023,0.035343035343035345,0.963870804942377,0.9646569646569647,0.9640439232578538,0.8424799724685494,0.9866794064748202,0.983363521039488,0.9207632004806341,0.9646569646569647,0.554,0.014,0.55,0.02,550.0,20.0,2600337.0,924503.0,104666.0,99.37629937629937,59.25155925155925,?,-1.0
DatasetClassiRealeseNormalized,2,6,weka.classifiers.trees.RandomForest,'-P 100 -I 100 -num-slots 1 -K 0 -M 1.0 -V 0.001 -S 1',1116839470751428698,2.02604251046E7,4330.0,481.0,461.0,20.0,0.0,95.84199584199584,4.158004158004158,0.0,0.8097009020414622,0.06937209151316676,0.19330409725461994,30.078504151113105,56.915178900808655,272.1308087156738,2225.767100603386,-1953.6362918877123,0.565760517080403,4.627374429528869,-4.0616139124484665,180.08119690585957,0.3743891827564648,66.17449812307396,0.78125,50.0,0.014388489208633094,6.0,0.9856115107913669,411.0,0.21875,14.0,0.8928571428571429,0.78125,0.8333333333333334,0.8120569297388033,0.9628297362110312,0.8714146119277206,0.9584199584199584,0.1915584476285915,0.8084415523714085,0.04158004158004158,0.9571858348328937,0.9584199584199584,0.9572314869226983,0.8120569297388033,0.9628297362110312,0.975042004444132,0.9047901821060966,0.9584199584199584,0.551,0.013,0.54,0.02,540.0,20.0,2547112.0,924503.0,104666.0,98.96049896049897,59.979209979209976,?,-1.0
DatasetClassiRealeseNormalized,2,7,weka.classifiers.trees.RandomForest,'-P 100 -I 100 -num-slots 1 -K 0 -M 1.0 -V 0.001 -S 1',1116839470751428698,2.02604251046E7,4330.0,481.0,469.0,12.0,0.0,97.5051975051975,2.494802494802495,0.0,0.8904119992405544,0.05185792996247864,0.14126142342333944,22.484675431019635,41.59207849242882,272.1308087156738,50.54100212871696,221.58980658695685,0.565760517080403,0.10507484850045107,0.46068566857995186,205.24768473352887,0.4267103632713698,75.42243588743185,0.890625,57.0,0.011990407673860911,5.0,0.988009592326139,412.0,0.109375,7.0,0.9193548387096774,0.890625,0.9047619047619047,0.8905605562650261,0.994435701438849,0.9671574389803096,0.975051975051975,0.09641738272583597,0.903582617274164,0.02494802494802495,0.9747861175992671,0.975051975051975,0.97488381698908,0.8905605562650261,0.994435701438849,0.9948647299500062,0.9452039188881294,0.975051975051975,0.563,0.013,0.56,0.01,560.0,10.0,2677533.0,924503.0,104666.0,99.79209979209979,59.66735966735967,?,-1.0
DatasetClassiRealeseNormalized,2,8,weka.classifiers.trees.RandomForest,'-P 100 -I 100 -num-slots 1 -K 0 -M 1.0 -V 0.001 -S 1',1116839470751428698,2.02604251046E7,4330.0,481.0,467.0,14.0,0.0,97.0893970893971,2.9106029106029108,0.0,0.8704102840427989,0.05466651069196314,0.1513832030990937,23.70242604640222,44.57226830331165,272.1308087156738,58.09214884761274,214.03865986806107,0.565760517080403,0.12077369822788511,0.44498681885251784,202.6674703046944,0.42134609210955176,74.47428362161091,0.859375,55.0,0.011990407673860911,5.0,0.988009592326139,412.0,0.140625,9.0,0.9166666666666666,0.859375,0.8870967741935484,0.8710075198197583,0.9898268884892086,0.9521260487116837,0.9708939708939709,0.12350937856783181,0.8764906214321682,0.029106029106029108,0.9703787471008374,0.9708939708939709,0.9704939842748758,0.8710075198197583,0.9898268884892086,0.9921539407382483,0.9351951651397337,0.9708939708939709,0.57,0.014,0.57,0.01,570.0,10.0,2649860.0,924503.0,104666.0,99.79209979209979,59.979209979209976,?,-1.0
DatasetClassiRealeseNormalized,2,9,weka.classifiers.trees.RandomForest,'-P 100 -I 100 -num-slots 1 -K 0 -M 1.0 -V 0.001 -S 1',1116839470751428698,2.02604251046E7,4330.0,481.0,461.0,20.0,0.0,95.84199584199584,4.158004158004158,0.0,0.8244141052785282,0.0563664205971898,0.16103399757357753,24.439476725221294,47.41378434902007,272.1308087156738,57.78713640949575,214.34367230617806,0.565760517080403,0.1201395767349184,0.44562094034548455,196.89662675770873,0.4093484963777728,72.35366979834656,0.875,56.0,0.02877697841726619,12.0,0.9712230215827338,405.0,0.125,8.0,0.8235294117647058,0.875,0.8484848484848485,0.8249229163710716,0.9914755695443646,0.9474745504049183,0.9584199584199584,0.1121969368372246,0.8878030631627755,0.04158004158004158,0.9597264043924064,0.9584199584199584,0.9589497661786818,0.8249229163710715,0.9914755695443646,0.9918749894518422,0.9121942314713398,0.9584199584199584,0.566,0.015,0.57,0.01,570.0,10.0,2666992.0,924503.0,104666.0,100.0,58.41995841995842,?,-1.0
DatasetClassiRealeseNormalized,2,10,weka.classifiers.trees.RandomForest,'-P 100 -I 100 -num-slots 1 -K 0 -M 1.0 -V 0.001 -S 1',1116839470751428698,2.02604251046E7,4330.0,481.0,462.0,19.0,0.0,96.04989604989605,3.95010395010395,0.0,0.8204695020135548,0.06628846794231406,0.18660669899813115,28.741499855102234,54.94324128876762,272.1308087156738,2225.352848619308,-1953.2220399036344,0.565760517080403,4.626513198792741,-4.060752681712337,184.1066384029906,0.38275808399790145,67.65372846679328,0.796875,51.0,0.014388489208633094,6.0,0.9856115107913669,411.0,0.203125,13.0,0.8947368421052632,0.796875,0.8429752066115702,0.8222701368508051,0.9591576738609112,0.8764023452901337,0.9604989604989606,0.17801244970759358,0.8219875502924064,0.0395010395010395,0.9594132651481211,0.9604989604989606,0.9595207604071513,0.8222701368508051,0.9591576738609113,0.9747926134875106,0.910191527205904,0.9604989604989606,0.555,0.014,0.55,0.01,550.0,10.0,2555897.0,924503.0,104666.0,98.75259875259876,59.147609147609145,?,-1.0
DatasetClassiRealeseNormalized,3,1,weka.classifiers.trees.RandomForest,'-P 100 -I 100 -num-slots 1 -K 0 -M 1.0 -V 0.001 -S 1',1116839470751428698,2.02604251046E7,4329.0,482.0,468.0,14.0,0.0,97.0954356846473,2.904564315352697,0.0,0.8755257138640891,0.05074564789993924,0.14374692925036522,22.0196037540605,42.36111662900763,272.3366817903761,1119.4328013922604,-847.0961196018843,0.565013862635635,2.3224746916851875,-1.7574608290495526,210.91205503740576,0.4375768776709663,77.4453348152893,0.90625,58.0,0.019138755980861243,8.0,0.9808612440191388,410.0,0.09375,6.0,0.8787878787878788,0.90625,0.8923076923076922,0.8756641677427714,0.9936640251196173,0.9252184155010551,0.970954356846473,0.08384311282733427,0.9161568871726657,0.029045643153526972,0.9713974649140625,0.970954356846473,0.9711429579604749,0.8756641677427714,0.9936640251196173,0.989267267347276,0.9377605607821435,0.970954356846473,0.567,0.006,0.56,0.01,560.0,10.0,2669651.0,924290.0,104879.0,99.79253112033194,58.71369294605809,?,-1.0
DatasetClassiRealeseNormalized,3,2,weka.classifiers.trees.RandomForest,'-P 100 -I 100 -num-slots 1 -K 0 -M 1.0 -V 0.001 -S 1',1116839470751428698,2.02604251046E7,4330.0,481.0,465.0,16.0,0.0,96.67359667359668,3.3264033264033266,0.0,0.8455486874849483,0.05507204001717572,0.16225175566301686,24.019451389420226,48.09131837584922,269.42867131105754,1135.9163851844296,-866.4877138733721,0.5601427677984564,2.3615725263709555,-1.801429758572499,200.16203774341025,0.41613729260584253,74.29129081526798,0.8095238095238095,51.0,0.009569377990430622,4.0,0.9904306220095693,414.0,0.19047619047619047,12.0,0.9272727272727272,0.8095238095238095,0.864406779661017,0.848081363887353,0.9759436469962786,0.9282447657205491,0.9667359667359667,0.16678153520258784,0.8332184647974122,0.033264033264033266,0.9659948730371267,0.9667359667359667,0.9657660218347826,0.848081363887353,0.9759436469962786,0.9857477328110924,0.9227247168447266,0.9667359667359667,0.56,0.007,0.56,0.01,560.0,10.0,2608684.0,924503.0,104666.0,99.16839916839916,59.355509355509355,?,-1.0
DatasetClassiRealeseNormalized,3,3,weka.classifiers.trees.RandomForest,'-P 100 -I 100 -num-slots 1 -K 0 -M 1.0 -V 0.001 -S 1',1116839470751428698,2.02604251046E7,4330.0,481.0,459.0,22.0,0.0,95.42619542619542,4.573804573804574,0.0,0.7906709922456084,0.056253069770038085,0.16680499114264138,24.39032982405906,49.11295749684032,272.1308087156738,1131.8121874721965,-859.6813787565227,0.565760517080403,2.3530398907945873,-1.7872793737141843,198.32136422501202,0.41231052853432854,72.87721855566197,0.765625,49.0,0.016786570743405275,7.0,0.9832134292565947,410.0,0.234375,15.0,0.875,0.765625,0.8166666666666667,0.7929716476512255,0.9814148681055156,0.9383255894730886,0.9542619542619543,0.20542352500535951,0.7945764749946405,0.04573804573804574,0.9527699645346704,0.9542619542619543,0.9529546356149681,0.7929716476512255,0.9814148681055156,0.9878810809394658,0.8952692003167062,0.9542619542619543,0.559,0.007,0.56,0.01,560.0,10.0,2644955.0,924503.0,104666.0,99.58419958419958,58.523908523908524,?,-1.0
DatasetClassiRealeseNormalized,3,4,weka.classifiers.trees.RandomForest,'-P 100 -I 100 -num-slots 1 -K 0 -M 1.0 -V 0.001 -S 1',1116839470751428698,2.02604251046E7,4330.0,481.0,467.0,14.0,0.0,97.0893970893971,2.9106029106029108,0.0,0.8721473324473135,0.05578218847529985,0.16263988182915728,24.18616407570798,47.88661027976029,272.1308087156738,62.14013298475058,209.99067573092324,0.565760517080403,0.1291894656647621,0.43657105141564084,201.09734541039555,0.41808179919001154,73.89730929749484,0.875,56.0,0.014388489208633094,6.0,0.9856115107913669,411.0,0.125,8.0,0.9032258064516129,0.875,0.8888888888888888,0.872292842180695,0.9900142386091128,0.9270692079839901,0.9708939708939709,0.110282460102604,0.889717539897396,0.029106029106029108,0.9705709724956781,0.9708939708939709,0.9706977864872602,0.872292842180695,0.9900142386091126,0.9889916855911617,0.9360712387028176,0.9708939708939709,0.559,0.007,0.56,0.01,560.0,10.0,2647952.0,924503.0,104666.0,99.79209979209979,58.523908523908524,?,-1.0
DatasetClassiRealeseNormalized,3,5,weka.classifiers.trees.RandomForest,'-P 100 -I 100 -num-slots 1 -K 0 -M 1.0 -V 0.001 -S 1',1116839470751428698,2.02604251046E7,4330.0,481.0,456.0,25.0,0.0,94.8024948024948,5.197505197505198,0.0,0.757036348574546,0.07639373569407504,0.20223468106026227,33.122964092226496,59.54464088431377,272.1308087156738,3298.2581299781477,-3026.1273212624737,0.565760517080403,6.857085509310078,-6.291324992229675,171.7269821306277,0.35702075287032786,63.10457200384485,0.71875,46.0,0.016786570743405275,7.0,0.9832134292565947,410.0,0.28125,18.0,0.8679245283018868,0.71875,0.7863247863247864,0.7613996662454237,0.9623800959232613,0.8263958241566542,0.9480249480249481,0.24606151876835328,0.7539384812316468,0.05197505197505198,0.9459662923778601,0.9480249480249481,0.9459199755057743,0.7613996662454237,0.9623800959232615,0.9690117895197023,0.8783694937541092,0.9480249480249481,0.563,0.008,0.56,0.01,560.0,10.0,2505218.0,924503.0,104666.0,99.37629937629937,60.602910602910605,?,-1.0
DatasetClassiRealeseNormalized,3,6,weka.classifiers.trees.RandomForest,'-P 100 -I 100 -num-slots 1 -K 0 -M 1.0 -V 0.001 -S 1',1116839470751428698,2.02604251046E7,4330.0,481.0,462.0,19.0,0.0,96.04989604989605,3.95010395010395,0.0,0.8204695020135548,0.0609229254618633,0.16901101522264492,26.41509613494655,49.76248462511174,272.1308087156738,1137.6624427145966,-865.5316339989229,0.565760517080403,2.36520258360623,-1.7994420665258273,192.47544275067025,0.4001568456354891,70.72901582112716,0.796875,51.0,0.014388489208633094,6.0,0.9856115107913669,411.0,0.203125,13.0,0.8947368421052632,0.796875,0.8429752066115702,0.8222701368508051,0.9794664268585132,0.912855403231791,0.9604989604989606,0.17801244970759358,0.8219875502924064,0.0395010395010395,0.9594132651481211,0.9604989604989606,0.9595207604071513,0.8222701368508051,0.9794664268585133,0.9841888721419543,0.910191527205904,0.9604989604989606,0.567,0.007,0.57,0.0,570.0,0.0,2587499.0,924503.0,104666.0,99.58419958419958,59.563409563409564,?,-1.0
DatasetClassiRealeseNormalized,3,7,weka.classifiers.trees.RandomForest,'-P 100 -I 100 -num-slots 1 -K 0 -M 1.0 -V 0.001 -S 1',1116839470751428698,2.02604251046E7,4330.0,481.0,459.0,22.0,0.0,95.42619542619542,4.573804573804574,0.0,0.787706134895478,0.06745168590869946,0.19291435825488767,29.245850461627224,56.80042672944022,272.1308087156738,2227.5053329958287,-1955.374524280155,0.565760517080403,4.6309882182865465,-4.065227701206143,181.27210984472177,0.3768650932322698,66.61212330211295,0.75,48.0,0.014388489208633094,6.0,0.9856115107913669,411.0,0.25,16.0,0.8888888888888888,0.75,0.8135593220338982,0.7913993941881375,0.9676071642685852,0.8494162724674699,0.9542619542619543,0.21865044347058735,0.7813495565294126,0.04573804573804574,0.9527309691244117,0.9542619542619543,0.9525948614630435,0.7913993941881375,0.9676071642685852,0.9738173602686534,0.8937464856614988,0.9542619542619543,0.565,0.008,0.56,0.01,560.0,10.0,2567596.0,924503.0,104666.0,98.96049896049897,59.147609147609145,?,-1.0
DatasetClassiRealeseNormalized,3,8,weka.classifiers.trees.RandomForest,'-P 100 -I 100 -num-slots 1 -K 0 -M 1.0 -V 0.001 -S 1',1116839470751428698,2.02604251046E7,4330.0,481.0,463.0,18.0,0.0,96.25779625779626,3.7422037422037424,0.0,0.8263050194599365,0.05920082033317321,0.16833743499885048,25.66842200227856,49.56416012249756,272.1308087156738,70.36622787175816,201.76458084391567,0.565760517080403,0.14629153403691925,0.41946898304348373,196.10254202651262,0.4076975925707123,72.06186721452893,0.78125,50.0,0.009592326139088728,4.0,0.9904076738609112,413.0,0.21875,14.0,0.9259259259259259,0.78125,0.847457627118644,0.830179254477919,0.983775479616307,0.9335554150836423,0.9625779625779626,0.1909202887170513,0.8090797112829488,0.037422037422037424,0.9617196010638633,0.9625779625779626,0.9612139775606718,0.830179254477919,0.983775479616307,0.9886177139087278,0.9130653064503171,0.9625779625779626,0.564,0.008,0.56,0.01,560.0,10.0,2640022.0,924503.0,104666.0,99.37629937629937,59.147609147609145,?,-1.0
DatasetClassiRealeseNormalized,3,9,weka.classifiers.trees.RandomForest,'-P 100 -I 100 -num-slots 1 -K 0 -M 1.0 -V 0.001 -S 1',1116839470751428698,2.02604251046E7,4330.0,481.0,469.0,12.0,0.0,97.5051975051975,2.494802494802495,0.0,0.8858205412248773,0.05493158783897647,0.15838556391241254,23.817358779334054,46.63399707201487,272.1308087156738,62.79912486119003,209.3316838544838,0.565760517080403,0.1305595111459252,0.43520100593447775,203.45152694821422,0.4229761475014849,74.76240118067018,0.84375,54.0,0.004796163069544364,2.0,0.9952038369304557,415.0,0.15625,10.0,0.9642857142857143,0.84375,0.8999999999999999,0.8883980580891139,0.988328087529976,0.9404745519069309,0.975051975051975,0.1360981381215194,0.8639018618784806,0.02494802494802495,0.9748493160257866,0.975051975051975,0.9743388921536189,0.8883980580891139,0.988328087529976,0.9903360377954077,0.9428741092636579,0.975051975051975,0.559,0.008,0.55,0.01,550.0,10.0,2635199.0,924503.0,104666.0,99.58419958419958,58.93970893970894,?,-1.0
DatasetClassiRealeseNormalized,3,10,weka.classifiers.trees.RandomForest,'-P 100 -I 100 -num-slots 1 -K 0 -M 1.0 -V 0.001 -S 1',1116839470751428698,2.02604251046E7,4330.0,481.0,471.0,10.0,0.0,97.92099792099792,2.079002079002079,0.0,0.9086766660337954,0.050326423119975136,0.13680258162962722,21.820641322851557,40.27924662810853,272.1308087156738,54.708466221925846,217.42234249374798,0.565760517080403,0.11373901501439884,0.4520215020660041,208.84513419632714,0.4341894681836323,76.74439185404087,0.90625,58.0,0.009592326139088728,4.0,0.9904076738609112,413.0,0.09375,6.0,0.9354838709677419,0.90625,0.9206349206349206,0.908828270349357,0.990576288968825,0.9560489328615731,0.9792099792099792,0.08255230534906795,0.9174476946509321,0.02079002079002079,0.9790012627028564,0.9792099792099792,0.9790698474909001,0.908828270349357,0.9905762889688249,0.9927730311180444,0.9543365990734411,0.9792099792099792,0.561,0.008,0.56,0.0,560.0,0.0,2655533.0,924503.0,104666.0,99.79209979209979,60.187110187110186,?,-1.0
DatasetClassiRealeseNormalized,4,1,weka.classifiers.trees.RandomForest,'-P 100 -I 100 -num-slots 1 -K 0 -M 1.0 -V 0.001 -S 1',1116839470751428698,2.02604251046E7,4329.0,482.0,462.0,20.0,0.0,95.850622406639,4.149377593360996,0.0,0.8097568676981372,0.060528242716047786,0.16066498152846065,26.264477362965483,47.34673677008086,272.3366817903761,1130.1151328155559,-857.7784510251797,0.565013862635635,2.3446372050115265,-1.7796233423758916,191.855051397464,0.39803952572087964,70.44774509852452,0.78125,50.0,0.014354066985645933,6.0,0.9856459330143541,412.0,0.21875,14.0,0.8928571428571429,0.78125,0.8333333333333334,0.8121116665162419,0.982337769138756,0.9447911705923936,0.9585062240663901,0.19161029105203597,0.808389708947964,0.04149377593360996,0.9572733774709112,0.9585062240663901,0.9573197511684463,0.812111666516242,0.9823377691387559,0.9887883432644746,0.9048183254344392,0.9585062240663901,0.561,0.009,0.56,0.01,560.0,10.0,2647953.0,924290.0,104879.0,99.79253112033194,59.54356846473029,?,-1.0
DatasetClassiRealeseNormalized,4,2,weka.classifiers.trees.RandomForest,'-P 100 -I 100 -num-slots 1 -K 0 -M 1.0 -V 0.001 -S 1',1116839470751428698,2.02604251046E7,4330.0,481.0,459.0,22.0,0.0,95.42619542619542,4.573804573804574,0.0,0.7876294452918038,0.06280939995928679,0.18092063240745734,27.394070178809955,53.624761706355,269.42867131105754,74.08853462848212,195.3401366825754,0.5601427677984564,0.15403021752283186,0.40611255027562454,189.31885179432237,0.3935942864746827,70.26678002496337,0.7619047619047619,48.0,0.01674641148325359,7.0,0.9832535885167464,411.0,0.23809523809523808,15.0,0.8727272727272727,0.7619047619047619,0.8135593220338982,0.7899886358853854,0.9855889724310777,0.9194347646003501,0.9542619542619543,0.20910360384044593,0.790896396159554,0.04573804573804574,0.9527307865336035,0.9542619542619543,0.9529282800228258,0.7899886358853854,0.9855889724310778,0.9874363700469827,0.893746485661499,0.9542619542619543,0.561,0.009,0.56,0.0,560.0,0.0,2594085.0,924503.0,104666.0,99.58419958419958,59.563409563409564,?,-1.0
DatasetClassiRealeseNormalized,4,3,weka.classifiers.trees.RandomForest,'-P 100 -I 100 -num-slots 1 -K 0 -M 1.0 -V 0.001 -S 1',1116839470751428698,2.02604251046E7,4330.0,481.0,463.0,18.0,0.0,96.25779625779626,3.7422037422037424,0.0,0.83338465091217,0.06287607224895862,0.1772364650500321,27.261945818471364,52.184331627396006,272.1308087156738,1144.3068986610897,-872.1760899454159,0.565760517080403,2.379016421332827,-1.813255904252424,192.21593138467938,0.3996173209660694,70.63365309199861,0.828125,53.0,0.016786570743405275,7.0,0.9832134292565947,410.0,0.171875,11.0,0.8833333333333333,0.828125,0.8548387096774193,0.8339564813909894,0.9739958033573142,0.9006064617315377,0.9625779625779626,0.15123953332136783,0.8487604666786321,0.037422037422037424,0.961825044485377,0.9625779625779626,0.9620636940676974,0.8339564813909894,0.9739958033573142,0.9817229070716551,0.9166794980368003,0.9625779625779626,0.551,0.009,0.55,0.01,550.0,10.0,2573264.0,924503.0,104666.0,99.37629937629937,59.87525987525988,?,-1.0
DatasetClassiRealeseNormalized,4,4,weka.classifiers.trees.RandomForest,'-P 100 -I 100 -num-slots 1 -K 0 -M 1.0 -V 0.001 -S 1',1116839470751428698,2.02604251046E7,4330.0,481.0,467.0,14.0,0.0,97.0893970893971,2.9106029106029108,0.0,0.8686253853057083,0.05361021884250628,0.156047744811852,23.244436701037813,45.94566509025212,272.1308087156738,1132.5667221607198,-860.435913445046,0.565760517080403,2.3546085699807064,-1.7888480529003037,203.15467000932898,0.42235898130837624,74.65331506128285,0.84375,54.0,0.009592326139088728,4.0,0.9904076738609112,413.0,0.15625,10.0,0.9310344827586207,0.84375,0.8852459016393444,0.8700054705868508,0.9769372002398081,0.9407791937454677,0.9708939708939709,0.13673629703305962,0.8632637029669404,0.029106029106029108,0.9703285880835404,0.9708939708939709,0.9702821989707237,0.870005470586851,0.9769372002398081,0.9871529664860131,0.9342896174863389,0.9708939708939709,0.568,0.01,0.56,0.01,560.0,10.0,2619052.0,924503.0,104666.0,99.37629937629937,58.731808731808734,?,-1.0
DatasetClassiRealeseNormalized,4,5,weka.classifiers.trees.RandomForest,'-P 100 -I 100 -num-slots 1 -K 0 -M 1.0 -V 0.001 -S 1',1116839470751428698,2.02604251046E7,4330.0,481.0,466.0,15.0,0.0,96.88149688149689,3.1185031185031185,0.0,0.8639269750862836,0.05505322629152061,0.16167363066101273,23.870099047357968,47.602113681503376,272.1308087156738,2203.815057646018,-1931.6842489303442,0.565760517080403,4.581736086582158,-4.015975569501755,200.6905817137346,0.41723613661899084,73.7478357047838,0.875,56.0,0.016786570743405275,7.0,0.9832134292565947,410.0,0.125,8.0,0.8888888888888888,0.875,0.8818897637795274,0.8639625247424667,0.9713541666666666,0.8885877362393176,0.9688149688149689,0.1106015395583741,0.889398460441626,0.031185031185031187,0.9686237580974424,0.9688149688149689,0.9687108667730102,0.8639625247424667,0.9713541666666667,0.9785755002223486,0.93196284596162,0.9688149688149689,0.56,0.01,0.56,0.01,560.0,10.0,2602369.0,924503.0,104666.0,99.16839916839916,58.316008316008315,?,-1.0
DatasetClassiRealeseNormalized,4,6,weka.classifiers.trees.RandomForest,'-P 100 -I 100 -num-slots 1 -K 0 -M 1.0 -V 0.001 -S 1',1116839470751428698,2.02604251046E7,4330.0,481.0,462.0,19.0,0.0,96.04989604989605,3.95010395010395,0.0,0.8204695020135548,0.05887673275268533,0.16801337859183735,25.527903395697717,49.46874709897116,272.1308087156738,1135.79630226805,-863.6654935523763,0.565760517080403,2.3613228737381498,-1.795562356657747,198.5300540099656,0.4127443950311135,72.9539058612774,0.796875,51.0,0.014388489208633094,6.0,0.9856115107913669,411.0,0.203125,13.0,0.8947368421052632,0.796875,0.8429752066115702,0.8222701368508051,0.9884592326139089,0.887776414650387,0.9604989604989606,0.17801244970759358,0.8219875502924064,0.0395010395010395,0.9594132651481211,0.9604989604989606,0.9595207604071513,0.8222701368508051,0.9884429904101667,0.9835306767246492,0.910191527205904,0.9604989604989606,0.558,0.009,0.55,0.01,550.0,10.0,2638442.0,924503.0,104666.0,99.37629937629937,59.355509355509355,?,-1.0
DatasetClassiRealeseNormalized,4,7,weka.classifiers.trees.RandomForest,'-P 100 -I 100 -num-slots 1 -K 0 -M 1.0 -V 0.001 -S 1',1116839470751428698,2.02604251046E7,4330.0,481.0,465.0,16.0,0.0,96.67359667359668,3.3264033264033266,0.0,0.8576975703561259,0.060295662096686124,0.16570498791307559,26.14312590424157,48.78907982693382,272.1308087156738,74.41074624427617,197.72006247139765,0.565760517080403,0.1547000961419463,0.4110604209384567,191.74903533177692,0.39864664310140735,70.46208264207198,0.890625,57.0,0.02158273381294964,9.0,0.9784172661870504,408.0,0.109375,7.0,0.8636363636363636,0.890625,0.8769230769230768,0.8578332928763902,0.9813024580335732,0.9063863940064928,0.9667359667359667,0.09769370054891638,0.9023062994510836,0.033264033264033266,0.9672328322930732,0.9667359667359667,0.9669518631057094,0.8578332928763902,0.9813024580335732,0.9848547269209526,0.9288461538461539,0.9667359667359667,0.553,0.01,0.55,0.01,550.0,10.0,2610265.0,924503.0,104666.0,99.16839916839916,59.87525987525988,?,-1.0
DatasetClassiRealeseNormalized,4,8,weka.classifiers.trees.RandomForest,'-P 100 -I 100 -num-slots 1 -K 0 -M 1.0 -V 0.001 -S 1',1116839470751428698,2.02604251046E7,4330.0,481.0,465.0,16.0,0.0,96.67359667359668,3.3264033264033266,0.0,0.8477607216331697,0.06418745967692145,0.17089672627590424,27.83054006632118,50.31770090596542,272.1308087156738,1137.359540526418,-865.2287318107442,0.565760517080403,2.3645728493272724,-1.7988123322468694,189.98768628401228,0.3949847947692563,69.81483911383005,0.8125,52.0,0.009592326139088728,4.0,0.9904076738609112,413.0,0.1875,12.0,0.9285714285714286,0.8125,0.8666666666666666,0.8502274939139586,0.980421912470024,0.9325664130350675,0.9667359667359667,0.16382829287505546,0.8361717071249446,0.033264033264033266,0.9660175754293402,0.9667359667359667,0.9657851895381585,0.8502274939139586,0.980421912470024,0.9869419879977622,0.9238321456848773,0.9667359667359667,0.554,0.01,0.55,0.01,550.0,10.0,2603576.0,924503.0,104666.0,99.79209979209979,60.187110187110186,?,-1.0
DatasetClassiRealeseNormalized,4,9,weka.classifiers.trees.RandomForest,'-P 100 -I 100 -num-slots 1 -K 0 -M 1.0 -V 0.001 -S 1',1116839470751428698,2.02604251046E7,4330.0,481.0,462.0,19.0,0.0,96.04989604989605,3.95010395010395,0.0,0.8179445805693343,0.06608947335870409,0.18427014236138892,28.655219345482234,54.25528101849519,272.1308087156738,2222.22400545967,-1950.0931967439963,0.565760517080403,4.620008327358981,-4.054247810278579,187.13497346280153,0.3890539988831633,68.76655177191746,0.78125,50.0,0.011990407673860911,5.0,0.988009592326139,412.0,0.21875,14.0,0.9090909090909091,0.78125,0.8403361344537814,0.8210030879612951,0.9608250899280576,0.8842147620271735,0.9604989604989606,0.1912393681728214,0.8087606318271786,0.0395010395010395,0.9594128749058326,0.9604989604989606,0.9592160833525708,0.8210030879612951,0.9608250899280576,0.9759714051272558,0.9088987908330592,0.9604989604989606,0.565,0.011,0.56,0.01,560.0,10.0,2554955.0,924503.0,104666.0,98.96049896049897,59.66735966735967,?,-1.0
DatasetClassiRealeseNormalized,4,10,weka.classifiers.trees.RandomForest,'-P 100 -I 100 -num-slots 1 -K 0 -M 1.0 -V 0.001 -S 1',1116839470751428698,2.02604251046E7,4330.0,481.0,471.0,10.0,0.0,97.92099792099792,2.079002079002079,0.0,0.909884592326139,0.04776271396600639,0.1399358600863469,20.709062664231187,41.20178839749147,272.1308087156738,50.27166787938705,221.85914083628677,0.565760517080403,0.10451490203614772,0.46124561504425526,211.18477450632503,0.439053585252235,77.6041402673278,0.921875,59.0,0.011990407673860911,5.0,0.988009592326139,412.0,0.078125,5.0,0.921875,0.921875,0.921875,0.909884592326139,0.9927308153477218,0.9667030046901536,0.9792099792099792,0.06932538688384013,0.9306746131161598,0.02079002079002079,0.9792099792099792,0.9792099792099792,0.9792099792099792,0.909884592326139,0.9927308153477218,0.9945425216699504,0.9549422961630696,0.9792099792099792,0.566,0.01,0.56,0.01,560.0,10.0,2666828.0,924503.0,104666.0,99.79209979209979,58.41995841995842,?,-1.0
DatasetClassiRealeseNormalized,5,1,weka.classifiers.trees.RandomForest,'-P 100 -I 100 -num-slots 1 -K 0 -M 1.0 -V 0.001 -S 1',1116839470751428698,2.02604251046E7,4329.0,482.0,467.0,15.0,0.0,96.88796680497926,3.112033195020747,0.0,0.8621334045230922,0.05755349297225972,0.15817160212651443,24.973670893120712,46.61195699984837,272.3366817903761,1135.079209613701,-862.742527823325,0.565013862635635,2.3549361195305,-1.7899222568948652,197.03022980447508,0.4087764103827284,72.34803204224023,0.859375,55.0,0.014354066985645933,6.0,0.9856459330143541,412.0,0.140625,9.0,0.9016393442622951,0.859375,0.88,0.862461326330189,0.9757214413875598,0.9332812767741158,0.9688796680497925,0.12385873503543846,0.8761412649645615,0.03112033195020747,0.9684005208494065,0.9688796680497925,0.9685618623237503,0.862461326330189,0.9757214413875598,0.986058393004244,0.9310607866507747,0.9688796680497925,0.562,0.011,0.56,0.01,560.0,10.0,2619741.0,924290.0,104879.0,99.37759336099585,60.16597510373444,?,-1.0
DatasetClassiRealeseNormalized,5,2,weka.classifiers.trees.RandomForest,'-P 100 -I 100 -num-slots 1 -K 0 -M 1.0 -V 0.001 -S 1',1116839470751428698,2.02604251046E7,4330.0,481.0,457.0,24.0,0.0,95.01039501039502,4.98960498960499,0.0,0.774742428972838,0.06884772394387777,0.20281421149068135,30.027661187536328,60.11400478280543,269.42867131105754,2240.397428700761,-1970.9687573897033,0.5601427677984564,4.657790912059794,-4.0976481442613375,179.36835824101453,0.3729071896902589,66.57359714843872,0.7777777777777778,49.0,0.023923444976076555,10.0,0.9760765550239234,408.0,0.2222222222222222,14.0,0.8305084745762712,0.7777777777777778,0.8032786885245902,0.775288995497457,0.9641338193969773,0.8134309627811008,0.9501039501039501,0.19624961730224888,0.8037503826977511,0.0498960498960499,0.9489703437008442,0.9501039501039501,0.9494047821916675,0.7752889954974571,0.9641338193969773,0.9693460724959901,0.8873536299765807,0.9501039501039501,0.563,0.011,0.57,0.01,570.0,10.0,2550964.0,924503.0,104666.0,98.33679833679834,59.04365904365904,?,-1.0
DatasetClassiRealeseNormalized,5,3,weka.classifiers.trees.RandomForest,'-P 100 -I 100 -num-slots 1 -K 0 -M 1.0 -V 0.001 -S 1',1116839470751428698,2.02604251046E7,4330.0,481.0,467.0,14.0,0.0,97.0893970893971,2.9106029106029108,0.0,0.8738384292565947,0.057061344186909814,0.15987231950584663,24.740783225027954,47.07174754799479,272.1308087156738,66.50233724553428,205.62847147013954,0.565760517080403,0.13825849739196316,0.4275020196884398,195.58571308479944,0.4066231041264022,71.87194790912123,0.890625,57.0,0.016786570743405275,7.0,0.9832134292565947,410.0,0.109375,7.0,0.890625,0.890625,0.890625,0.8738384292565947,0.985986211031175,0.9243849093460457,0.9708939708939709,0.09705554163737617,0.9029444583626238,0.029106029106029108,0.9708939708939709,0.9708939708939709,0.9708939708939709,0.8738384292565947,0.9859862110311751,0.987812576682045,0.9369192146282974,0.9708939708939709,0.562,0.012,0.57,0.01,570.0,10.0,2594763.0,924503.0,104666.0,99.37629937629937,59.355509355509355,?,-1.0
DatasetClassiRealeseNormalized,5,4,weka.classifiers.trees.RandomForest,'-P 100 -I 100 -num-slots 1 -K 0 -M 1.0 -V 0.001 -S 1',1116839470751428698,2.02604251046E7,4330.0,481.0,464.0,17.0,0.0,96.46569646569647,3.5343035343035343,0.0,0.8437028117055644,0.05929062857060593,0.16701142256254117,25.707361255564756,49.173737797730006,272.1308087156738,64.41644846214669,207.71436025352713,0.565760517080403,0.13392193027473323,0.4318385868056697,195.40601020300403,0.4062495014615468,71.8059124305793,0.84375,54.0,0.016786570743405275,7.0,0.9832134292565947,410.0,0.15625,10.0,0.8852459016393442,0.84375,0.864,0.8440239221115288,0.989339778177458,0.9275284443147805,0.9646569646569647,0.1376935354003699,0.8623064645996301,0.035343035343035345,0.9640897427782673,0.9646569646569647,0.9642961870058645,0.8440239221115287,0.989339778177458,0.988970268006884,0.9218446833930705,0.9646569646569647,0.561,0.011,0.55,0.02,550.0,20.0,2614872.0,924503.0,104666.0,100.0,59.563409563409564,?,-1.0
DatasetClassiRealeseNormalized,5,5,weka.classifiers.trees.RandomForest,'-P 100 -I 100 -num-slots 1 -K 0 -M 1.0 -V 0.001 -S 1',1116839470751428698,2.02604251046E7,4330.0,481.0,469.0,12.0,0.0,97.5051975051975,2.494802494802495,0.0,0.8904119992405544,0.04873002853456531,0.1399823223114736,21.128473044272987,41.2154684275207,272.1308087156738,50.75476048037373,221.3760482353001,0.565760517080403,0.10551925255794956,0.4602412645224534,215.10227177724977,0.4471980702229725,79.04370430986066,0.890625,57.0,0.011990407673860911,5.0,0.988009592326139,412.0,0.109375,7.0,0.9193548387096774,0.890625,0.9047619047619047,0.8905605562650261,0.9943794964028777,0.9419306507803642,0.975051975051975,0.09641738272583597,0.903582617274164,0.02494802494802495,0.9747861175992671,0.975051975051975,0.97488381698908,0.8905605562650261,0.9943794964028777,0.9915518114712488,0.9452039188881294,0.975051975051975,0.569,0.012,0.57,0.01,570.0,10.0,2672574.0,924503.0,104666.0,99.79209979209979,58.62785862785863,?,-1.0
DatasetClassiRealeseNormalized,5,6,weka.classifiers.trees.RandomForest,'-P 100 -I 100 -num-slots 1 -K 0 -M 1.0 -V 0.001 -S 1',1116839470751428698,2.02604251046E7,4330.0,481.0,469.0,12.0,0.0,97.5051975051975,2.494802494802495,0.0,0.8873931874048929,0.051293051375064916,0.1467854355971898,22.239754129588587,43.218532073031454,272.1308087156738,1125.75440590494,-853.6235971892663,0.565760517080403,2.3404457503221208,-1.774685233241718,210.8449765453486,0.43834714458492435,77.47927459607943,0.859375,55.0,0.007194244604316547,3.0,0.9928057553956835,414.0,0.140625,9.0,0.9482758620689655,0.859375,0.9016393442622951,0.8888030912567042,0.9821830035971223,0.9438970052160742,0.975051975051975,0.1228712196562916,0.8771287803437084,0.02494802494802495,0.9746721720309394,0.975051975051975,0.9745275991177631,0.8888030912567042,0.9821830035971223,0.9885735291482027,0.9436768149882904,0.975051975051975,0.556,0.012,0.56,0.01,560.0,10.0,2637347.0,924503.0,104666.0,99.58419958419958,58.62785862785863,?,-1.0
DatasetClassiRealeseNormalized,5,7,weka.classifiers.trees.RandomForest,'-P 100 -I 100 -num-slots 1 -K 0 -M 1.0 -V 0.001 -S 1',1116839470751428698,2.02604251046E7,4330.0,481.0,457.0,24.0,0.0,95.01039501039502,4.98960498960499,0.0,0.765079365079365,0.07154703799672836,0.20408907378814153,31.021522235292387,60.090636004740965,272.1308087156738,2234.3040139039995,-1962.1732051883257,0.565760517080403,4.645122690029105,-4.079362172948702,177.1676977078256,0.36833201186658127,65.1038735907822,0.71875,46.0,0.014388489208633094,6.0,0.9856115107913669,411.0,0.28125,18.0,0.8846153846153846,0.71875,0.7931034482758621,0.770412486239394,0.9603005095923262,0.8536521995587419,0.9501039501039501,0.2457424393125832,0.7542575606874168,0.0498960498960499,0.9482721021182559,0.9501039501039501,0.9478769926312113,0.7704124862393938,0.960300509592326,0.9722946461869543,0.8823673269748105,0.9501039501039501,0.554,0.013,0.55,0.02,550.0,20.0,2561907.0,924503.0,104666.0,98.75259875259876,58.523908523908524,?,-1.0
DatasetClassiRealeseNormalized,5,8,weka.classifiers.trees.RandomForest,'-P 100 -I 100 -num-slots 1 -K 0 -M 1.0 -V 0.001 -S 1',1116839470751428698,2.02604251046E7,4330.0,481.0,464.0,17.0,0.0,96.46569646569647,3.5343035343035343,0.0,0.8415647827013624,0.05532772936291627,0.1578400903265402,23.98911869333333,46.473391439922665,272.1308087156738,56.40096917278908,215.72983954288475,0.565760517080403,0.11725773216796068,0.4485027849124423,201.85569722407806,0.41965841418727245,74.17598109407001,0.828125,53.0,0.014388489208633094,6.0,0.9856115107913669,411.0,0.171875,11.0,0.8983050847457628,0.828125,0.8617886178861789,0.8424799724685494,0.9924872601918465,0.9522318522465252,0.9646569646569647,0.15092045386559774,0.8490795461344023,0.035343035343035345,0.963870804942377,0.9646569646569647,0.9640439232578538,0.8424799724685494,0.9924872601918465,0.9926536850240458,0.9207632004806341,0.9646569646569647,0.568,0.012,0.56,0.01,560.0,10.0,2666150.0,924503.0,104666.0,100.0,58.93970893970894,?,-1.0
DatasetClassiRealeseNormalized,5,9,weka.classifiers.trees.RandomForest,'-P 100 -I 100 -num-slots 1 -K 0 -M 1.0 -V 0.001 -S 1',1116839470751428698,2.02604251046E7,4330.0,481.0,463.0,18.0,0.0,96.25779625779626,3.7422037422037424,0.0,0.828730811837316,0.06182935717551101,0.17072915188864163,26.80810879273096,50.26836141256771,272.1308087156738,73.63361180226839,198.49719691340545,0.565760517080403,0.153084432021348,0.412676085059055,194.51292999004255,0.4043927858420843,71.4777319437111,0.796875,51.0,0.011990407673860911,5.0,0.988009592326139,412.0,0.203125,13.0,0.9107142857142857,0.796875,0.85,0.8311422118263809,0.9826701139088729,0.9310491052205401,0.9625779625779626,0.17769337025182347,0.8223066297481765,0.037422037422037424,0.9616017051311169,0.9625779625779626,0.9615083382304284,0.8311422118263809,0.9826863561126151,0.9883008430962724,0.9143111638954868,0.9625779625779626,0.56,0.013,0.56,0.02,560.0,20.0,2612875.0,924503.0,104666.0,99.16839916839916,59.45945945945946,?,-1.0
DatasetClassiRealeseNormalized,5,10,weka.classifiers.trees.RandomForest,'-P 100 -I 100 -num-slots 1 -K 0 -M 1.0 -V 0.001 -S 1',1116839470751428698,2.02604251046E7,4330.0,481.0,467.0,14.0,0.0,97.0893970893971,2.9106029106029108,0.0,0.8721473324473135,0.05719766757097072,0.1492833254657392,24.799890617985707,43.95399423219999,272.1308087156738,54.61063787769168,217.52017083798214,0.565760517080403,0.11353562968335068,0.45222488739705224,196.68269007516056,0.4089037215699804,72.27505441350357,0.875,56.0,0.014388489208633094,6.0,0.9856115107913669,411.0,0.125,8.0,0.9032258064516129,0.875,0.8888888888888888,0.872292842180695,0.9934614808153477,0.961958838695876,0.9708939708939709,0.110282460102604,0.889717539897396,0.029106029106029108,0.9705709724956781,0.9708939708939709,0.9706977864872602,0.872292842180695,0.9934614808153477,0.9940439825710023,0.9360712387028176,0.9708939708939709,0.564,0.014,0.56,0.01,560.0,10.0,2665786.0,924503.0,104666.0,100.0,60.29106029106029,?,-1.0
DatasetClassiRealeseNormalized,6,1,weka.classifiers.trees.RandomForest,'-P 100 -I 100 -num-slots 1 -K 0 -M 1.0 -V 0.001 -S 1',1116839470751428698,2.02604251046E7,4329.0,482.0,465.0,17.0,0.0,96.47302904564316,3.5269709543568464,0.0,0.8394152000940698,0.06416524542430693,0.16816152879630109,27.842649320612455,49.55591170539205,272.3366817903761,70.49183155212295,201.84485023825312,0.565013862635635,0.14624861317867832,0.41876524945695665,187.8832404823352,0.38979925411272864,68.9893257298895,0.8125,52.0,0.011961722488038277,5.0,0.9880382775119617,413.0,0.1875,12.0,0.9122807017543859,0.8125,0.859504132231405,0.8412563152047509,0.98514129784689,0.9273801058105495,0.9647302904564315,0.1641920129444698,0.8358079870555302,0.035269709543568464,0.9638664148778097,0.9647302904564315,0.963856526390506,0.8412563152047509,0.98514129784689,0.9881777371021573,0.9196690293422742,0.9647302904564315,0.568,0.013,0.57,0.01,570.0,10.0,2596648.0,924290.0,104879.0,99.5850622406639,60.788381742738586,?,-1.0
DatasetClassiRealeseNormalized,6,2,weka.classifiers.trees.RandomForest,'-P 100 -I 100 -num-slots 1 -K 0 -M 1.0 -V 0.001 -S 1',1116839470751428698,2.02604251046E7,4330.0,481.0,463.0,18.0,0.0,96.25779625779626,3.7422037422037424,0.0,0.8262422734205668,0.05550126764889208,0.1651584420118237,24.20665731518204,48.9528583822916,269.42867131105754,68.91009061826962,200.5185806927879,0.5601427677984564,0.1432642216596042,0.4168785461388522,197.96800274274537,0.4115758892780569,73.4769621137276,0.7936507936507936,50.0,0.011961722488038277,5.0,0.9880382775119617,413.0,0.20634920634920634,13.0,0.9090909090909091,0.7936507936507936,0.847457627118644,0.8287171212200305,0.9870699475962634,0.9242100416469373,0.9625779625779626,0.1808888914152072,0.8191111085847929,0.037422037422037424,0.9615735108692854,0.9625779625779626,0.9614867745641302,0.8287171212200304,0.9870699475962634,0.988260548747105,0.9130653064503174,0.9625779625779626,0.557,0.014,0.56,0.01,560.0,10.0,2639695.0,924503.0,104666.0,98.96049896049897,58.108108108108105,?,-1.0
DatasetClassiRealeseNormalized,6,3,weka.classifiers.trees.RandomForest,'-P 100 -I 100 -num-slots 1 -K 0 -M 1.0 -V 0.001 -S 1',1116839470751428698,2.02604251046E7,4330.0,481.0,464.0,17.0,0.0,96.46569646569647,3.5343035343035343,0.0,0.8393674491700228,0.059285325147316076,0.17470535098923712,25.705061785620003,51.4390871569762,272.1308087156738,76.26694933799367,195.86385937768017,0.565760517080403,0.15855914623283507,0.4072013708475679,194.19897840979516,0.403740079854044,71.36236405070072,0.8125,52.0,0.011990407673860911,5.0,0.988009592326139,412.0,0.1875,12.0,0.9122807017543859,0.8125,0.859504132231405,0.8412095581899439,0.9816396882494005,0.9003158056093398,0.9646569646569647,0.16414737233082555,0.8358526276691745,0.035343035343035345,0.9637922622033844,0.9646569646569647,0.9637817329958719,0.8412095581899439,0.9816396882494004,0.9839638797727591,0.9196450506579141,0.9646569646569647,0.56,0.014,0.56,0.02,560.0,20.0,2602194.0,924503.0,104666.0,98.96049896049897,58.62785862785863,?,-1.0
DatasetClassiRealeseNormalized,6,4,weka.classifiers.trees.RandomForest,'-P 100 -I 100 -num-slots 1 -K 0 -M 1.0 -V 0.001 -S 1',1116839470751428698,2.02604251046E7,4330.0,481.0,458.0,23.0,0.0,95.21829521829522,4.781704781704781,0.0,0.782673607700619,0.0642494281778337,0.18643273731392612,27.85740850536159,54.89202116193619,272.1308087156738,1146.550474144615,-874.4196654289412,0.565760517080403,2.383680819427474,-1.8179203023470711,186.98536610963183,0.38874296488488946,68.71157550742328,0.765625,49.0,0.019184652278177457,8.0,0.9808153477218226,409.0,0.234375,15.0,0.8596491228070176,0.765625,0.8099173553719009,0.7843912941725273,0.9766374400479616,0.9010767911319386,0.9521829521829522,0.20574260446112966,0.7942573955388704,0.04781704781704782,0.950655271037595,0.9521829521829522,0.9509988152297092,0.7843912941725274,0.9766374400479616,0.9822920804211452,0.8912844803018839,0.9521829521829522,0.561,0.014,0.56,0.01,560.0,10.0,2558243.0,924503.0,104666.0,99.79209979209979,59.25155925155925,?,-1.0
DatasetClassiRealeseNormalized,6,5,weka.classifiers.trees.RandomForest,'-P 100 -I 100 -num-slots 1 -K 0 -M 1.0 -V 0.001 -S 1',1116839470751428698,2.02604251046E7,4330.0,481.0,467.0,14.0,0.0,97.0893970893971,2.9106029106029108,0.0,0.8704102840427989,0.056701896344995895,0.16108076891145653,24.584933038457404,47.42755539216204,272.1308087156738,1135.5323064103213,-863.4014976946476,0.565760517080403,2.3607740258010836,-1.795013508720681,199.62251774535804,0.4150156294082288,73.35535387833522,0.859375,55.0,0.011990407673860911,5.0,0.988009592326139,412.0,0.140625,9.0,0.9166666666666666,0.859375,0.8870967741935484,0.8710075198197583,0.9782111810551559,0.9360577926168796,0.9708939708939709,0.12350937856783181,0.8764906214321682,0.029106029106029108,0.9703787471008374,0.9708939708939709,0.9704939842748758,0.8710075198197583,0.9782111810551558,0.9870239379048885,0.9351951651397337,0.9708939708939709,0.563,0.006,0.56,0.01,560.0,10.0,2607981.0,924503.0,104666.0,99.37629937629937,58.83575883575884,?,-1.0
DatasetClassiRealeseNormalized,6,6,weka.classifiers.trees.RandomForest,'-P 100 -I 100 -num-slots 1 -K 0 -M 1.0 -V 0.001 -S 1',1116839470751428698,2.02604251046E7,4330.0,481.0,466.0,15.0,0.0,96.88149688149689,3.1185031185031185,0.0,0.8620907162107921,0.060074864520000236,0.16065205895487533,26.047392004887506,47.301328870210796,272.1308087156738,65.9675362382713,206.16327247740253,0.565760517080403,0.137146644986011,0.42861387209439195,196.53381951228855,0.40859421936026724,72.22034889758841,0.859375,55.0,0.014388489208633094,6.0,0.9856115107913669,411.0,0.140625,9.0,0.9016393442622951,0.859375,0.88,0.8624188249903527,0.988009592326139,0.9214946749363104,0.9688149688149689,0.12382845802360191,0.8761715419763981,0.031185031185031187,0.9683351429253069,0.9688149688149689,0.9684966355934097,0.8624188249903527,0.988009592326139,0.9877639882003714,0.9310394265232975,0.9688149688149689,0.557,0.007,0.55,0.01,550.0,10.0,2598532.0,924503.0,104666.0,99.58419958419958,60.602910602910605,?,-1.0
DatasetClassiRealeseNormalized,6,7,weka.classifiers.trees.RandomForest,'-P 100 -I 100 -num-slots 1 -K 0 -M 1.0 -V 0.001 -S 1',1116839470751428698,2.02604251046E7,4330.0,481.0,465.0,16.0,0.0,96.67359667359668,3.3264033264033266,0.0,0.8498575832065238,0.05442931754017725,0.15822436775173562,23.59958331750376,46.58653554143507,272.1308087156738,1131.1155828628616,-858.9847741471879,0.565760517080403,2.3515916483635375,-1.7858311312831348,202.95270309403082,0.4219390916715818,74.57909821084561,0.828125,53.0,0.011990407673860911,5.0,0.988009592326139,412.0,0.171875,11.0,0.9137931034482759,0.828125,0.8688524590163935,0.8512078499169976,0.9878971822541966,0.9095069112392048,0.9667359667359667,0.15060137440982763,0.8493986255901723,0.033264033264033266,0.9659850041361413,0.9667359667359667,0.966036798823684,0.8512078499169976,0.9878971822541966,0.9861860839035482,0.9249024199843872,0.9667359667359667,0.56,0.006,0.56,0.01,560.0,10.0,2631074.0,924503.0,104666.0,99.37629937629937,58.41995841995842,?,-1.0
DatasetClassiRealeseNormalized,6,8,weka.classifiers.trees.RandomForest,'-P 100 -I 100 -num-slots 1 -K 0 -M 1.0 -V 0.001 -S 1',1116839470751428698,2.02604251046E7,4330.0,481.0,469.0,12.0,0.0,97.5051975051975,2.494802494802495,0.0,0.8873931874048929,0.05098817860016952,0.14614720604031356,22.10756672071521,43.03061598679586,272.1308087156738,52.72764325812254,219.40316545755127,0.565760517080403,0.10962087995451672,0.45613963712588623,209.77251634584636,0.43611749760051216,77.08517728509736,0.859375,55.0,0.007194244604316547,3.0,0.9928057553956835,414.0,0.140625,9.0,0.9482758620689655,0.859375,0.9016393442622951,0.8888030912567042,0.9934989508393285,0.9540370909343171,0.975051975051975,0.1228712196562916,0.8771287803437084,0.02494802494802495,0.9746721720309394,0.975051975051975,0.9745275991177631,0.8888030912567042,0.9934989508393286,0.9930317616804167,0.9436768149882904,0.975051975051975,0.557,0.007,0.56,0.01,560.0,10.0,2646133.0,924503.0,104666.0,99.79209979209979,58.83575883575884,?,-1.0
DatasetClassiRealeseNormalized,6,9,weka.classifiers.trees.RandomForest,'-P 100 -I 100 -num-slots 1 -K 0 -M 1.0 -V 0.001 -S 1',1116839470751428698,2.02604251046E7,4330.0,481.0,469.0,12.0,0.0,97.5051975051975,2.494802494802495,0.0,0.8873931874048929,0.05485084773492725,0.15224313775843498,23.782351307282493,44.82546177243376,272.1308087156738,1127.305172307194,-855.1743635915202,0.565760517080403,2.343669796896453,-1.7779092798160503,204.11026834138121,0.42434567222740377,75.00446910244497,0.859375,55.0,0.007194244604316547,3.0,0.9928057553956835,414.0,0.140625,9.0,0.9482758620689655,0.859375,0.9016393442622951,0.8888030912567042,0.9822766786570744,0.9490943079018272,0.975051975051975,0.1228712196562916,0.8771287803437084,0.02494802494802495,0.9746721720309394,0.975051975051975,0.9745275991177631,0.8888030912567042,0.9822766786570744,0.9893005493500523,0.9436768149882904,0.975051975051975,0.564,0.007,0.56,0.01,560.0,10.0,2646584.0,924503.0,104666.0,99.58419958419958,59.87525987525988,?,-1.0
DatasetClassiRealeseNormalized,6,10,weka.classifiers.trees.RandomForest,'-P 100 -I 100 -num-slots 1 -K 0 -M 1.0 -V 0.001 -S 1',1116839470751428698,2.02604251046E7,4330.0,481.0,469.0,12.0,0.0,97.5051975051975,2.494802494802495,0.0,0.8889231006081133,0.052830613282536326,0.14868271942634964,22.906413606154814,43.777155765420176,272.1308087156738,54.53123708812906,217.59957162754478,0.565760517080403,0.1133705552767756,0.4523899618036274,208.23708033100093,0.43292532293347386,76.52095009520588,0.875,56.0,0.009592326139088728,4.0,0.9904076738609112,413.0,0.125,8.0,0.9333333333333333,0.875,0.9032258064516129,0.8895330390341427,0.9925434652278178,0.9532590358267367,0.975051975051975,0.10964430119106379,0.8903556988089363,0.02494802494802495,0.9746555984085676,0.975051975051975,0.974709129378465,0.8895330390341426,0.9925434652278177,0.9927868942524918,0.9444529986912003,0.975051975051975,0.574,0.008,0.57,0.01,570.0,10.0,2649271.0,924503.0,104666.0,99.79209979209979,58.93970893970894,?,-1.0
DatasetClassiRealeseNormalized,7,1,weka.classifiers.trees.RandomForest,'-P 100 -I 100 -num-slots 1 -K 0 -M 1.0 -V 0.001 -S 1',1116839470751428698,2.02604251046E7,4329.0,482.0,457.0,25.0,0.0,94.81327800829875,5.186721991701245,0.0,0.7605230732541037,0.07273952401908831,0.2032156496080208,31.56320911140064,59.886092028383594,272.3366817903761,3302.1421047622484,-3029.8054229718723,0.565013862635635,6.850917229797196,-6.285903367161561,174.1667396765998,0.3613417835614104,63.952728854447905,0.734375,47.0,0.019138755980861243,8.0,0.9808612440191388,410.0,0.265625,17.0,0.8545454545454545,0.734375,0.7899159663865547,0.7633652032929985,0.952825956937799,0.8419964251729078,0.9481327800829875,0.2328965360638488,0.7671034639361513,0.05186721991701245,0.9461602135025712,0.9481327800829875,0.9464476305879959,0.7633652032929985,0.952825956937799,0.9685505938355471,0.8801650837849933,0.9481327800829875,0.563,0.009,0.56,0.01,560.0,10.0,2522248.0,924290.0,104879.0,98.54771784232365,59.024896265560166,?,-1.0
DatasetClassiRealeseNormalized,7,2,weka.classifiers.trees.RandomForest,'-P 100 -I 100 -num-slots 1 -K 0 -M 1.0 -V 0.001 -S 1',1116839470751428698,2.0260425104700003E7,4330.0,481.0,468.0,13.0,0.0,97.29729729729729,2.7027027027027026,0.0,0.8788248745227993,0.04942737189391152,0.14511249220202832,21.55755182016749,43.01125146093795,269.42867131105754,49.473141718791304,219.95552959226623,0.5601427677984564,0.1028547644881316,0.4572880033103248,205.6126788989512,0.42746918690010643,76.31432760976271,0.873015873015873,55.0,0.011961722488038277,5.0,0.9880382775119617,413.0,0.12698412698412698,8.0,0.9166666666666666,0.873015873015873,0.894308943089431,0.8791686777089791,0.9943988759778234,0.9649265777344054,0.972972972972973,0.11191882244513823,0.8880811775548618,0.02702702702702703,0.9725717403864673,0.972972972972973,0.9726916951545576,0.8791686777089791,0.9943988759778234,0.9946700625259455,0.9394071533087203,0.972972972972973,0.572,0.008,0.57,0.01,570.0,10.0,2676980.0,924503.0,104666.0,100.0,58.108108108108105,?,-1.0
DatasetClassiRealeseNormalized,7,3,weka.classifiers.trees.RandomForest,'-P 100 -I 100 -num-slots 1 -K 0 -M 1.0 -V 0.001 -S 1',1116839470751428698,2.0260425104700003E7,4330.0,481.0,466.0,15.0,0.0,96.88149688149689,3.1185031185031185,0.0,0.8562720372915797,0.059751315976429076,0.15778999943067365,25.907107115119633,46.45864300809925,272.1308087156738,63.643992720617376,208.48681599505645,0.565760517080403,0.1323159931821567,0.4334445238982462,199.3509919751,0.4144511267673596,73.25557621202115,0.8125,52.0,0.007194244604316547,3.0,0.9928057553956835,414.0,0.1875,12.0,0.9454545454545454,0.8125,0.8739495798319329,0.8594738610065344,0.9886653177458034,0.9404573149697824,0.9688149688149689,0.16350921341928534,0.8364907865807146,0.031185031185031187,0.9683214387439739,0.9688149688149689,0.9678021710678191,0.8594738610065344,0.9886653177458034,0.99049235721214,0.9280779927629416,0.9688149688149689,0.558,0.008,0.56,0.01,560.0,10.0,2627078.0,924503.0,104666.0,99.58419958419958,60.602910602910605,?,-1.0
DatasetClassiRealeseNormalized,7,4,weka.classifiers.trees.RandomForest,'-P 100 -I 100 -num-slots 1 -K 0 -M 1.0 -V 0.001 -S 1',1116839470751428698,2.0260425104700003E7,4330.0,481.0,463.0,18.0,0.0,96.25779625779626,3.7422037422037424,0.0,0.828730811837316,0.0666261741057227,0.17915259366719824,28.887923236845243,52.74850385443018,272.1308087156738,80.66884776253782,191.46196095313599,0.565760517080403,0.16771070220901835,0.3980498148713846,184.58206869639739,0.3837465045663147,67.82843499695448,0.796875,51.0,0.011990407673860911,5.0,0.988009592326139,412.0,0.203125,13.0,0.9107142857142857,0.796875,0.85,0.8311422118263809,0.9785296762589928,0.8988817358584763,0.9625779625779626,0.17769337025182347,0.8223066297481765,0.037422037422037424,0.9616017051311169,0.9625779625779626,0.9615083382304284,0.8311422118263809,0.9785296762589928,0.9832623021430067,0.9143111638954868,0.9625779625779626,0.559,0.008,0.56,0.01,560.0,10.0,2588578.0,924503.0,104666.0,99.16839916839916,61.226611226611226,?,-1.0
DatasetClassiRealeseNormalized,7,5,weka.classifiers.trees.RandomForest,'-P 100 -I 100 -num-slots 1 -K 0 -M 1.0 -V 0.001 -S 1',1116839470751428698,2.0260425104700003E7,4330.0,481.0,462.0,19.0,0.0,96.04989604989605,3.95010395010395,0.0,0.8229253453721108,0.06224367198914708,0.18014728265334098,26.98774832168267,53.04137349558636,272.1308087156738,2215.7915728733833,-1943.6607641577095,0.565760517080403,4.60663528663905,-4.0408747695586476,187.95928899731211,0.3907677525931645,69.0694632792183,0.8125,52.0,0.016786570743405275,7.0,0.9832134292565947,410.0,0.1875,12.0,0.8813559322033898,0.8125,0.8455284552845529,0.8238202650155232,0.9662395083932853,0.9001923374715426,0.9604989604989606,0.16478553124236575,0.8352144687576343,0.0395010395010395,0.9595612468935628,0.9604989604989606,0.9598137965823073,0.8238202650155231,0.9662395083932854,0.9792848869717138,0.9114412240665911,0.9604989604989606,0.56,0.009,0.55,0.01,550.0,10.0,2578209.0,924503.0,104666.0,99.16839916839916,58.62785862785863,?,-1.0
DatasetClassiRealeseNormalized,7,6,weka.classifiers.trees.RandomForest,'-P 100 -I 100 -num-slots 1 -K 0 -M 1.0 -V 0.001 -S 1',1116839470751428698,2.0260425104700003E7,4330.0,481.0,472.0,9.0,0.0,98.12889812889813,1.8711018711018712,0.0,0.9149592377958945,0.036640387687690595,0.10537238173575009,15.886619952252985,31.025146610290925,272.1308087156738,32.0799155334779,240.05089318219592,0.565760517080403,0.06669421108831164,0.4990663059920913,233.55688130323867,0.485565241794675,85.82522589247226,0.875,56.0,0.002398081534772182,1.0,0.9976019184652278,416.0,0.125,8.0,0.9824561403508771,0.875,0.9256198347107438,0.9169672435464995,0.9990632494004796,0.99438146975943,0.9812889812889813,0.10868706282375347,0.8913129371762465,0.018711018711018712,0.9813082504244371,0.9812889812889813,0.9808256233507557,0.9169672435464994,0.9990632494004796,0.9991225649059722,0.9574591444659546,0.9812889812889813,0.569,0.008,0.57,0.01,570.0,10.0,2725440.0,924503.0,104666.0,100.0,57.7962577962578,?,-1.0
DatasetClassiRealeseNormalized,7,7,weka.classifiers.trees.RandomForest,'-P 100 -I 100 -num-slots 1 -K 0 -M 1.0 -V 0.001 -S 1',1116839470751428698,2.0260425104700003E7,4330.0,481.0,466.0,15.0,0.0,96.88149688149689,3.1185031185031185,0.0,0.8602042200306138,0.061039956696839266,0.16958594406896496,26.465838795435115,49.9317628691235,272.1308087156738,1141.9197666817145,-869.7889579660407,0.565760517080403,2.3740535689848534,-1.8082930519044504,192.97287294401423,0.4011910040416096,70.91180666193333,0.84375,54.0,0.011990407673860911,5.0,0.988009592326139,412.0,0.15625,10.0,0.9152542372881356,0.84375,0.8780487804878049,0.8611396799215758,0.9763938848920863,0.8997189138592572,0.9688149688149689,0.1370553764888297,0.8629446235111703,0.031185031185031187,0.9681803629911913,0.9688149688149689,0.9682740499334005,0.8611396799215757,0.9763938848920863,0.9819865068904726,0.9300851768946772,0.9688149688149689,0.562,0.009,0.56,0.01,560.0,10.0,2583471.0,924503.0,104666.0,99.37629937629937,59.87525987525988,?,-1.0
DatasetClassiRealeseNormalized,7,8,weka.classifiers.trees.RandomForest,'-P 100 -I 100 -num-slots 1 -K 0 -M 1.0 -V 0.001 -S 1',1116839470751428698,2.0260425104700003E7,4330.0,481.0,463.0,18.0,0.0,96.25779625779626,3.7422037422037424,0.0,0.8310897811073393,0.060011498059574966,0.16522522966347641,26.019917435484032,48.64782298347898,272.1308087156738,1136.9878550427381,-864.8570463270644,0.565760517080403,2.363800114433967,-1.7980395973535641,198.01707357765048,0.411677907645843,72.76540076891534,0.8125,52.0,0.014388489208633094,6.0,0.9856115107913669,411.0,0.1875,12.0,0.896551724137931,0.8125,0.8524590163934426,0.8324102292471443,0.9863421762589928,0.8927819595231652,0.9625779625779626,0.16446645178659566,0.8355335482134043,0.037422037422037424,0.9616414201887422,0.9625779625779626,0.9617913986766445,0.8324102292471443,0.9863421762589928,0.9838799546248848,0.9155152224824356,0.9625779625779626,0.56,0.01,0.56,0.01,560.0,10.0,2645593.0,924503.0,104666.0,99.58419958419958,59.563409563409564,?,-1.0
DatasetClassiRealeseNormalized,7,9,weka.classifiers.trees.RandomForest,'-P 100 -I 100 -num-slots 1 -K 0 -M 1.0 -V 0.001 -S 1',1116839470751428698,2.0260425104700003E7,4330.0,481.0,462.0,19.0,0.0,96.04989604989605,3.95010395010395,0.0,0.8229253453721108,0.06739786594481163,0.18972979396182818,29.22251508320771,55.86278469787031,272.1308087156738,97.53275297359478,174.59805574207905,0.565760517080403,0.20277079620289976,0.36298972087750325,182.4973494124534,0.37941236884085944,67.0623624990323,0.8125,52.0,0.016786570743405275,7.0,0.9832134292565947,410.0,0.1875,12.0,0.8813559322033898,0.8125,0.8455284552845529,0.8238202650155232,0.964572092326139,0.8801633615645111,0.9604989604989606,0.16478553124236575,0.8352144687576343,0.0395010395010395,0.9595612468935628,0.9604989604989606,0.9598137965823073,0.8238202650155231,0.964572092326139,0.9785302307146458,0.9114412240665911,0.9604989604989606,0.561,0.01,0.56,0.01,560.0,10.0,2612499.0,924503.0,104666.0,98.54469854469855,59.45945945945946,?,-1.0
DatasetClassiRealeseNormalized,7,10,weka.classifiers.trees.RandomForest,'-P 100 -I 100 -num-slots 1 -K 0 -M 1.0 -V 0.001 -S 1',1116839470751428698,2.0260425104700003E7,4330.0,481.0,462.0,19.0,0.0,96.04989604989605,3.95010395010395,0.0,0.8204695020135548,0.057085153785647935,0.17196530687445968,24.751106643262293,50.63232670438606,272.1308087156738,1141.137607859698,-869.0067991440242,0.565760517080403,2.372427459167771,-1.8066669420873684,199.41749764565222,0.41458939219470314,73.28001507319463,0.796875,51.0,0.014388489208633094,6.0,0.9856115107913669,411.0,0.203125,13.0,0.8947368421052632,0.796875,0.8429752066115702,0.8222701368508051,0.9757194244604317,0.9077870589996668,0.9604989604989606,0.17801244970759358,0.8219875502924064,0.0395010395010395,0.9594132651481211,0.9604989604989606,0.9595207604071513,0.8222701368508051,0.9757194244604317,0.9828843935823341,0.910191527205904,0.9604989604989606,0.565,0.01,0.57,0.01,570.0,10.0,2607015.0,924503.0,104666.0,99.16839916839916,58.523908523908524,?,-1.0
DatasetClassiRealeseNormalized,8,1,weka.classifiers.trees.RandomForest,'-P 100 -I 100 -num-slots 1 -K 0 -M 1.0 -V 0.001 -S 1',1116839470751428698,2.0260425104700003E7,4329.0,482.0,465.0,17.0,0.0,96.47302904564316,3.5269709543568464,0.0,0.841612865813585,0.05876667407694679,0.17402000211889837,25.500095686431006,51.28235882311956,272.3366817903761,78.12294524587006,194.21373654450602,0.565013862635635,0.16208079926529056,0.40293306337034446,197.84653075657474,0.41046998082276914,72.64777166847536,0.828125,53.0,0.014354066985645933,6.0,0.9856459330143541,412.0,0.171875,11.0,0.8983050847457628,0.828125,0.8617886178861789,0.842527551519842,0.9810855263157895,0.8957859450601473,0.9647302904564315,0.15095935744207747,0.8490406425579224,0.035269709543568464,0.9639451225402298,0.9647302904564315,0.964118271000009,0.8425275515198419,0.9810855263157895,0.9835516872700815,0.9207872934853011,0.9647302904564315,0.564,0.011,0.56,0.01,560.0,10.0,2590574.0,924290.0,104879.0,98.96265560165975,58.40248962655602,?,-1.0
DatasetClassiRealeseNormalized,8,2,weka.classifiers.trees.RandomForest,'-P 100 -I 100 -num-slots 1 -K 0 -M 1.0 -V 0.001 -S 1',1116839470751428698,2.0260425104700003E7,4330.0,481.0,470.0,11.0,0.0,97.71309771309771,2.286902286902287,0.0,0.8960367830546443,0.05152845335537641,0.14116793095733438,22.473930149590707,41.84208598783453,269.42867131105754,49.21482426693922,220.21384704411832,0.5601427677984564,0.1023177219686886,0.45782504582976785,205.04142693802015,0.4262815528856968,76.10230416097707,0.873015873015873,55.0,0.007177033492822967,3.0,0.992822966507177,415.0,0.12698412698412698,8.0,0.9482758620689655,0.873015873015873,0.9090909090909091,0.8970389452653542,0.9951583504215084,0.9711694073667838,0.9771309771309772,0.11129213760792707,0.888707862392073,0.02286902286902287,0.9767899001207878,0.9771309771309772,0.9767264582960182,0.8970389452653542,0.9951583504215082,0.9955691847634833,0.9480056210139445,0.9771309771309772,0.562,0.01,0.56,0.01,560.0,10.0,2652484.0,924503.0,104666.0,100.0,59.66735966735967,?,-1.0
DatasetClassiRealeseNormalized,8,3,weka.classifiers.trees.RandomForest,'-P 100 -I 100 -num-slots 1 -K 0 -M 1.0 -V 0.001 -S 1',1116839470751428698,2.0260425104700003E7,4330.0,481.0,464.0,17.0,0.0,96.46569646569647,3.5343035343035343,0.0,0.8415647827013624,0.059215316104932664,0.17806828491367033,25.674707110908415,52.429247162165325,272.1308087156738,3283.612720155077,-3011.481911439403,0.565760517080403,6.826637671840077,-6.260877154759674,196.36479946288011,0.4082428263261541,72.15823904306434,0.828125,53.0,0.014388489208633094,6.0,0.9856115107913669,411.0,0.171875,11.0,0.8983050847457628,0.828125,0.8617886178861789,0.8424799724685494,0.9654339028776978,0.8706370679081206,0.9646569646569647,0.15092045386559774,0.8490795461344023,0.035343035343035345,0.963870804942377,0.9646569646569647,0.9640439232578538,0.8424799724685494,0.9654339028776978,0.9752729960253882,0.9207632004806341,0.9646569646569647,0.559,0.011,0.56,0.01,560.0,10.0,2599871.0,924503.0,104666.0,98.96049896049897,58.316008316008315,?,-1.0
DatasetClassiRealeseNormalized,8,4,weka.classifiers.trees.RandomForest,'-P 100 -I 100 -num-slots 1 -K 0 -M 1.0 -V 0.001 -S 1',1116839470751428698,2.0260425104700003E7,4330.0,481.0,465.0,16.0,0.0,96.67359667359668,3.3264033264033266,0.0,0.8456044617421659,0.05916531319020006,0.1644886171960035,25.653026737064316,48.43093968425142,272.1308087156738,1137.0780645073269,-864.9472557916531,0.565760517080403,2.3639876600983927,-1.79822714301799,194.99149499265633,0.405387723477456,71.65359038652116,0.796875,51.0,0.007194244604316547,3.0,0.9928057553956835,414.0,0.203125,13.0,0.9444444444444444,0.796875,0.8644067796610169,0.8495691846228096,0.9783048561151079,0.9296163127169366,0.9667359667359667,0.17705521134028326,0.8229447886597168,0.033264033264033266,0.9662139170335892,0.9667359667359667,0.9655235356094862,0.8495691846228095,0.978304856115108,0.9860894390485633,0.9227247168447263,0.9667359667359667,0.557,0.011,0.55,0.01,550.0,10.0,2615698.0,924503.0,104666.0,99.16839916839916,59.147609147609145,?,-1.0
DatasetClassiRealeseNormalized,8,5,weka.classifiers.trees.RandomForest,'-P 100 -I 100 -num-slots 1 -K 0 -M 1.0 -V 0.001 -S 1',1116839470751428698,2.0260425104700003E7,4330.0,481.0,457.0,24.0,0.0,95.01039501039502,4.98960498960499,0.0,0.7837230215827338,0.07153941053705881,0.1843780296153577,31.018215104538093,54.28704662743964,272.1308087156738,1146.6551731755424,-874.5243644598686,0.565760517080403,2.3838984889304413,-1.8181379718500386,176.74849611695237,0.3674604908876349,64.94982944089278,0.8125,52.0,0.02877697841726619,12.0,0.9712230215827338,405.0,0.1875,12.0,0.8125,0.8125,0.8125,0.7837230215827338,0.9746702637889688,0.8944593495361091,0.9501039501039501,0.1663809285212163,0.8336190714787838,0.0498960498960499,0.9501039501039501,0.9501039501039501,0.9501039501039501,0.7837230215827339,0.9746702637889688,0.9810938184645489,0.8918615107913669,0.9501039501039501,0.561,0.012,0.56,0.01,560.0,10.0,2588603.0,924503.0,104666.0,99.79209979209979,61.226611226611226,?,-1.0
DatasetClassiRealeseNormalized,8,6,weka.classifiers.trees.RandomForest,'-P 100 -I 100 -num-slots 1 -K 0 -M 1.0 -V 0.001 -S 1',1116839470751428698,2.0260425104700003E7,4330.0,481.0,471.0,10.0,0.0,97.92099792099792,2.079002079002079,0.0,0.9074359171734278,0.05340621792940794,0.1432716983494281,23.155985536057514,42.18397053550041,272.1308087156738,51.097160050925844,221.03364866474797,0.565760517080403,0.1062311019769768,0.45952941510342615,207.08117859308234,0.430522200817219,76.0961904939781,0.890625,57.0,0.007194244604316547,3.0,0.9928057553956835,414.0,0.109375,7.0,0.95,0.890625,0.9193548387096774,0.9080585582485271,0.9946043165467626,0.9617047112884284,0.9792099792099792,0.09577922381429575,0.9042207761857043,0.02079002079002079,0.9789324497162977,0.9792099792099792,0.9789242744820542,0.9080585582485271,0.9946043165467626,0.9941890646342022,0.9537108322426668,0.9792099792099792,0.562,0.012,0.56,0.01,560.0,10.0,2662964.0,924503.0,104666.0,100.0,59.563409563409564,?,-1.0
DatasetClassiRealeseNormalized,8,7,weka.classifiers.trees.RandomForest,'-P 100 -I 100 -num-slots 1 -K 0 -M 1.0 -V 0.001 -S 1',1116839470751428698,2.0260425104700003E7,4330.0,481.0,467.0,14.0,0.0,97.0893970893971,2.9106029106029108,0.0,0.8649039040243951,0.053867858750777285,0.1564579814831979,23.35614477962372,46.0664524603748,272.1308087156738,1130.8868627082338,-858.75605399256,0.565760517080403,2.3511161386865567,-1.785355621606154,207.08986014159524,0.4305402497746263,76.09938070553625,0.8125,52.0,0.004796163069544364,2.0,0.9952038369304557,415.0,0.1875,12.0,0.9629629629629629,0.8125,0.8813559322033898,0.8689591147677004,0.98162095323741,0.9354172481467382,0.9708939708939709,0.16319013396351525,0.8368098660364848,0.029106029106029108,0.970708233003315,0.9708939708939709,0.9698330936583005,0.8689591147677004,0.98162095323741,0.987442056334401,0.9323841272391357,0.9708939708939709,0.564,0.011,0.56,0.01,560.0,10.0,2630910.0,924503.0,104666.0,99.37629937629937,58.316008316008315,?,-1.0
DatasetClassiRealeseNormalized,8,8,weka.classifiers.trees.RandomForest,'-P 100 -I 100 -num-slots 1 -K 0 -M 1.0 -V 0.001 -S 1',1116839470751428698,2.0260425104700003E7,4330.0,481.0,465.0,16.0,0.0,96.67359667359668,3.3264033264033266,0.0,0.8538826656540726,0.05346712677481904,0.16157918865913734,23.182394527333056,47.57430680359014,272.1308087156738,63.897442038206655,208.23336667746716,0.565760517080403,0.13284291484034647,0.4329176022400565,202.7589045942425,0.42153618418761435,74.50788301080892,0.859375,55.0,0.016786570743405275,7.0,0.9832134292565947,410.0,0.140625,9.0,0.8870967741935484,0.859375,0.8730158730158729,0.854025128096364,0.9881032673860911,0.9232268841638659,0.9667359667359667,0.12414753747937202,0.875852462520628,0.033264033264033266,0.9663558273920888,0.9667359667359667,0.9665117559854401,0.854025128096364,0.9881032673860911,0.98812158377865,0.9269385585175058,0.9667359667359667,0.573,0.013,0.57,0.01,570.0,10.0,2616365.0,924503.0,104666.0,99.58419958419958,58.316008316008315,?,-1.0
DatasetClassiRealeseNormalized,8,9,weka.classifiers.trees.RandomForest,'-P 100 -I 100 -num-slots 1 -K 0 -M 1.0 -V 0.001 -S 1',1116839470751428698,2.0260425104700003E7,4330.0,481.0,466.0,15.0,0.0,96.88149688149689,3.1185031185031185,0.0,0.8582653963264908,0.05700759561053676,0.15513060611234344,24.71747879896425,45.67562884218115,272.1308087156738,61.61422839305946,210.51658032261435,0.565760517080403,0.12809610892527956,0.43766440815512336,197.72494395465185,0.41107056955229077,72.65805179789022,0.828125,53.0,0.009592326139088728,4.0,0.9904076738609112,413.0,0.171875,11.0,0.9298245614035088,0.828125,0.8760330578512396,0.8601489795290829,0.9879908573141487,0.9435932698878965,0.9688149688149689,0.15028229495405754,0.8497177050459425,0.031185031185031187,0.9681712592586476,0.9688149688149689,0.9680427055845928,0.8601489795290829,0.9879908573141487,0.9907602901796108,0.9290985741099242,0.9688149688149689,0.57,0.012,0.57,0.01,570.0,10.0,2645566.0,924503.0,104666.0,99.58419958419958,60.4989604989605,?,-1.0
DatasetClassiRealeseNormalized,8,10,weka.classifiers.trees.RandomForest,'-P 100 -I 100 -num-slots 1 -K 0 -M 1.0 -V 0.001 -S 1',1116839470751428698,2.0260425104700003E7,4330.0,481.0,461.0,20.0,0.0,95.84199584199584,4.158004158004158,0.0,0.8123219790081548,0.0640745329886792,0.18275580825724272,27.78157706424099,53.8094105083655,272.1308087156738,79.4803059940602,192.65050272161363,0.565760517080403,0.16523972140137255,0.40052079567903043,187.86344277827214,0.3905684881045159,69.03424263680286,0.796875,51.0,0.016786570743405275,7.0,0.9832134292565947,410.0,0.203125,13.0,0.8793103448275862,0.796875,0.8360655737704917,0.8136126085772909,0.9808528177458034,0.9108982158841298,0.9584199584199584,0.17833152916336367,0.8216684708366363,0.04158004158004158,0.9572978362413431,0.9584199584199584,0.9575459985296051,0.8136126085772909,0.9808528177458034,0.9853176345744346,0.906128024980484,0.9584199584199584,0.569,0.013,0.57,0.01,570.0,10.0,2593021.0,924503.0,104666.0,99.16839916839916,58.41995841995842,?,-1.0
DatasetClassiRealeseNormalized,9,1,weka.classifiers.trees.RandomForest,'-P 100 -I 100 -num-slots 1 -K 0 -M 1.0 -V 0.001 -S 1',1116839470751428698,2.0260425104700003E7,4329.0,482.0,469.0,13.0,0.0,97.30290456431536,2.6970954356846475,0.0,0.8805156172533465,0.05546543425352612,0.1527695013911094,24.067618305273463,45.01999938038806,272.3366817903761,57.556830820388136,214.77985096998793,0.565013862635635,0.11941251207549405,0.44560135056014094,202.2356337497281,0.41957600363014125,74.25941757834649,0.875,56.0,0.011961722488038277,5.0,0.9880382775119617,413.0,0.125,8.0,0.9180327868852459,0.875,0.8959999999999999,0.8808505309347697,0.9914398923444976,0.9451551789984057,0.9730290456431535,0.10999076813119181,0.8900092318688082,0.026970954356846474,0.9726371483123372,0.9730290456431535,0.972753614013917,0.8808505309347696,0.9914398923444976,0.9915733991931297,0.9402526817640047,0.9730290456431535,0.566,0.013,0.57,0.01,570.0,10.0,2645258.0,924290.0,104879.0,100.0,59.85477178423236,?,-1.0
DatasetClassiRealeseNormalized,9,2,weka.classifiers.trees.RandomForest,'-P 100 -I 100 -num-slots 1 -K 0 -M 1.0 -V 0.001 -S 1',1116839470751428698,2.0260425104700003E7,4330.0,481.0,473.0,8.0,0.0,98.33679833679834,1.6632016632016633,0.0,0.9238592742095056,0.05043258267246119,0.14001826883892002,21.995970506382214,41.50132685869359,269.42867131105754,3262.4898596449657,-2993.061188333908,0.5601427677984564,6.782723200925084,-6.222580433126628,205.23111545622913,0.4266759157094161,76.17270814481662,0.8888888888888888,56.0,0.0023923444976076554,1.0,0.9976076555023924,417.0,0.1111111111111111,7.0,0.9824561403508771,0.8888888888888888,0.9333333333333333,0.9253693410091156,0.9640388850915167,0.9430533937570705,0.9833679833679834,0.09687143897670213,0.9031285610232977,0.016632016632016633,0.983355079929062,0.9833679833679834,0.9830114419188053,0.9253693410091157,0.9640388850915167,0.9832804912464952,0.9619160728424386,0.9833679833679834,0.565,0.014,0.56,0.02,560.0,20.0,2662499.0,924503.0,104666.0,99.16839916839916,59.147609147609145,?,-1.0
DatasetClassiRealeseNormalized,9,3,weka.classifiers.trees.RandomForest,'-P 100 -I 100 -num-slots 1 -K 0 -M 1.0 -V 0.001 -S 1',1116839470751428698,2.0260425104700003E7,4330.0,481.0,457.0,24.0,0.0,95.01039501039502,4.98960498960499,0.0,0.7747863748097857,0.06911660731674424,0.19538028453815492,29.967730750815953,57.526477742127724,272.1308087156738,1162.5323454557238,-890.40153674005,0.565760517080403,2.4169071631096126,-1.85114664602921,177.4690452941419,0.3689585141250351,65.21460988989456,0.765625,49.0,0.02158273381294964,9.0,0.9784172661870504,408.0,0.234375,15.0,0.8448275862068966,0.765625,0.8032786885245901,0.7760173672375842,0.9730590527577938,0.8438350526700196,0.9501039501039501,0.20606168391689975,0.7939383160831003,0.0498960498960499,0.9486106683465451,0.9501039501039501,0.9490551982355261,0.7760173672375842,0.9730590527577938,0.9751393367982959,0.8873536299765807,0.9501039501039501,0.552,0.013,0.55,0.01,550.0,10.0,2572575.0,924503.0,104666.0,98.75259875259876,58.83575883575884,?,-1.0
DatasetClassiRealeseNormalized,9,4,weka.classifiers.trees.RandomForest,'-P 100 -I 100 -num-slots 1 -K 0 -M 1.0 -V 0.001 -S 1',1116839470751428698,2.0260425104700003E7,4330.0,481.0,466.0,15.0,0.0,96.88149688149689,3.1185031185031185,0.0,0.8542218091447278,0.058171696880972894,0.1649014190119062,25.22221239040402,48.55248231855852,272.1308087156738,68.06118282528425,204.06962589038957,0.565760517080403,0.14149934059310654,0.4242611764872964,198.50465367810543,0.4126915876883689,72.94457199276762,0.796875,51.0,0.004796163069544364,2.0,0.9952038369304557,415.0,0.203125,13.0,0.9622641509433962,0.796875,0.8717948717948717,0.8591452730202845,0.9862297661870504,0.9288673925566601,0.9688149688149689,0.17673613188451318,0.8232638681154868,0.031185031185031187,0.9686466066734097,0.9688149688149689,0.9675519853034645,0.8591452730202845,0.9862297661870504,0.9885411364591081,0.9270216962524654,0.9688149688149689,0.558,0.014,0.56,0.02,560.0,20.0,2612097.0,924503.0,104666.0,99.37629937629937,59.147609147609145,?,-1.0
DatasetClassiRealeseNormalized,9,5,weka.classifiers.trees.RandomForest,'-P 100 -I 100 -num-slots 1 -K 0 -M 1.0 -V 0.001 -S 1',1116839470751428698,2.0260425104700003E7,4330.0,481.0,467.0,14.0,0.0,97.0893970893971,2.9106029106029108,0.0,0.8686253853057083,0.05303065988473229,0.16104536575914344,22.9931502523092,47.417131522331196,272.1308087156738,63.21442164249032,208.9163870731835,0.565760517080403,0.1314229140176514,0.43433760306275154,207.16040379457044,0.4306869101758221,76.12530340547167,0.84375,54.0,0.009592326139088728,4.0,0.9904076738609112,413.0,0.15625,10.0,0.9310344827586207,0.84375,0.8852459016393444,0.8700054705868508,0.9884030275779376,0.9318251097402206,0.9708939708939709,0.13673629703305962,0.8632637029669404,0.029106029106029108,0.9703285880835404,0.9708939708939709,0.9702821989707237,0.870005470586851,0.9884030275779377,0.989252040841675,0.9342896174863389,0.9708939708939709,0.555,0.013,0.55,0.01,550.0,10.0,2680436.0,924503.0,104666.0,99.58419958419958,57.9002079002079,?,-1.0
DatasetClassiRealeseNormalized,9,6,weka.classifiers.trees.RandomForest,'-P 100 -I 100 -num-slots 1 -K 0 -M 1.0 -V 0.001 -S 1',1116839470751428698,2.0260425104700003E7,4330.0,481.0,467.0,14.0,0.0,97.0893970893971,2.9106029106029108,0.0,0.8686253853057083,0.05865801461050326,0.16097442931345135,25.433071102133404,47.39624546479546,272.1308087156738,1132.3900991866738,-860.259290471,0.565760517080403,2.354241370450465,-1.7884808533700622,196.25329739303982,0.4080110132911431,72.11726533987854,0.84375,54.0,0.009592326139088728,4.0,0.9904076738609112,413.0,0.15625,10.0,0.9310344827586207,0.84375,0.8852459016393444,0.8700054705868508,0.9806092625899281,0.934419712796938,0.9708939708939709,0.13673629703305962,0.8632637029669404,0.029106029106029108,0.9703285880835404,0.9708939708939709,0.9702821989707237,0.870005470586851,0.980609262589928,0.9871658349031199,0.9342896174863389,0.9708939708939709,0.563,0.014,0.57,0.01,570.0,10.0,2590952.0,924503.0,104666.0,99.79209979209979,59.66735966735967,?,-1.0
DatasetClassiRealeseNormalized,9,7,weka.classifiers.trees.RandomForest,'-P 100 -I 100 -num-slots 1 -K 0 -M 1.0 -V 0.001 -S 1',1116839470751428698,2.0260425104700003E7,4330.0,481.0,469.0,12.0,0.0,97.5051975051975,2.494802494802495,0.0,0.8889231006081133,0.05240480472098114,0.1540888107032292,22.721790592678477,45.368889497646315,272.1308087156738,60.243660766541744,211.88714794913207,0.565760517080403,0.12524669598033628,0.44051382110006665,208.0657318393732,0.43256908906314595,76.45798460723469,0.875,56.0,0.009592326139088728,4.0,0.9904076738609112,413.0,0.125,8.0,0.9333333333333333,0.875,0.9032258064516129,0.8895330390341427,0.9876910971223022,0.9451874581682237,0.975051975051975,0.10964430119106379,0.8903556988089363,0.02494802494802495,0.9746555984085676,0.975051975051975,0.974709129378465,0.8895330390341426,0.9876910971223022,0.9909304046447764,0.9444529986912003,0.975051975051975,0.559,0.006,0.55,0.01,550.0,10.0,2649823.0,924503.0,104666.0,99.37629937629937,58.41995841995842,?,-1.0
DatasetClassiRealeseNormalized,9,8,weka.classifiers.trees.RandomForest,'-P 100 -I 100 -num-slots 1 -K 0 -M 1.0 -V 0.001 -S 1',1116839470751428698,2.0260425104700003E7,4330.0,481.0,461.0,20.0,0.0,95.84199584199584,4.158004158004158,0.0,0.8123219790081548,0.05613048464849486,0.1693902041879391,24.337179097206565,49.87413051417173,272.1308087156738,1138.6442029181142,-866.5133942024404,0.565760517080403,2.3672436651104243,-1.8014831480300215,200.36169254474243,0.41655237535289485,73.62697869100268,0.796875,51.0,0.016786570743405275,7.0,0.9832134292565947,410.0,0.203125,13.0,0.8793103448275862,0.796875,0.8360655737704917,0.8136126085772909,0.9765250299760192,0.9268977561561094,0.9584199584199584,0.17833152916336367,0.8216684708366363,0.04158004158004158,0.9572978362413431,0.9584199584199584,0.9575459985296051,0.8136126085772909,0.9765250299760192,0.9854238273894845,0.906128024980484,0.9584199584199584,0.575,0.007,0.57,0.01,570.0,10.0,2625385.0,924503.0,104666.0,99.37629937629937,58.93970893970894,?,-1.0
DatasetClassiRealeseNormalized,9,9,weka.classifiers.trees.RandomForest,'-P 100 -I 100 -num-slots 1 -K 0 -M 1.0 -V 0.001 -S 1',1116839470751428698,2.0260425104700003E7,4330.0,481.0,463.0,18.0,0.0,96.25779625779626,3.7422037422037424,0.0,0.83338465091217,0.06230659925625988,0.16751736128181113,27.015032464682903,49.32270304538416,272.1308087156738,64.43904257781205,207.69176613786178,0.565760517080403,0.13396890348817472,0.43179161359222823,193.2123263571875,0.401688828185421,70.9997986883795,0.828125,53.0,0.016786570743405275,7.0,0.9832134292565947,410.0,0.171875,11.0,0.8833333333333333,0.828125,0.8548387096774193,0.8339564813909894,0.9900142386091128,0.9249717492086993,0.9625779625779626,0.15123953332136783,0.8487604666786321,0.037422037422037424,0.961825044485377,0.9625779625779626,0.9620636940676974,0.8339564813909894,0.9900142386091126,0.9887317415955642,0.9166794980368003,0.9625779625779626,0.562,0.007,0.56,0.01,560.0,10.0,2582580.0,924503.0,104666.0,99.79209979209979,59.563409563409564,?,-1.0
DatasetClassiRealeseNormalized,9,10,weka.classifiers.trees.RandomForest,'-P 100 -I 100 -num-slots 1 -K 0 -M 1.0 -V 0.001 -S 1',1116839470751428698,2.0260425104700003E7,4330.0,481.0,457.0,24.0,0.0,95.01039501039502,4.98960498960499,0.0,0.7778462012162266,0.06881340234418347,0.1834260677070041,29.83626647135025,54.00675726425386,272.1308087156738,75.14709251821587,196.98371619745797,0.565760517080403,0.15623096157633237,0.4095295555040706,179.59222942549243,0.3733726183482171,65.99481707825774,0.78125,50.0,0.023980815347721823,10.0,0.9760191846522782,407.0,0.21875,14.0,0.8333333333333334,0.78125,0.8064516129032259,0.7783799237478362,0.9844312050359713,0.9052967249162835,0.9501039501039501,0.19283476545167194,0.8071652345483281,0.0498960498960499,0.9489944905621865,0.9501039501039501,0.9494182587569299,0.7783799237478363,0.9844312050359713,0.9852736429764998,0.8889059973824005,0.9501039501039501,0.564,0.007,0.57,0.01,570.0,10.0,2604025.0,924503.0,104666.0,99.58419958419958,59.45945945945946,?,-1.0
DatasetClassiRealeseNormalized,10,1,weka.classifiers.trees.RandomForest,'-P 100 -I 100 -num-slots 1 -K 0 -M 1.0 -V 0.001 -S 1',1116839470751428698,2.0260425104700003E7,4329.0,482.0,469.0,13.0,0.0,97.30290456431536,2.6970954356846475,0.0,0.877199858895465,0.05725697498033001,0.16057621411976483,24.84500550094528,47.320577696128964,272.3366817903761,1131.2832848451085,-858.9466030547323,0.565013862635635,2.347060756940059,-1.7820468943044239,199.6368832010123,0.41418440498135334,73.3051757437059,0.84375,54.0,0.007177033492822967,3.0,0.992822966507177,415.0,0.15625,10.0,0.9473684210526315,0.84375,0.8925619834710744,0.8791238482574861,0.9817957535885168,0.9381904218692055,0.9730290456431535,0.1364560791359765,0.8635439208640234,0.026970954356846474,0.9726064000616625,0.9730290456431535,0.9723608731221517,0.8791238482574861,0.9817957535885168,0.987964772966072,0.9385704342029156,0.9730290456431535,0.556,0.008,0.56,0.0,560.0,0.0,2607605.0,924290.0,104879.0,99.5850622406639,59.232365145228215,?,-1.0
DatasetClassiRealeseNormalized,10,2,weka.classifiers.trees.RandomForest,'-P 100 -I 100 -num-slots 1 -K 0 -M 1.0 -V 0.001 -S 1',1116839470751428698,2.0260425104700003E7,4330.0,481.0,464.0,17.0,0.0,96.46569646569647,3.5343035343035343,0.0,0.8393295738117229,0.0585501376078299,0.16799790314766908,25.536409831132623,49.79447287787464,269.42867131105754,2205.346654825446,-1935.9179835143884,0.5601427677984564,4.5849202803023825,-4.024777512503926,195.55902703359908,0.4065676237704763,72.58285693278154,0.8253968253968254,52.0,0.014354066985645933,6.0,0.9856459330143541,412.0,0.1746031746031746,11.0,0.896551724137931,0.8253968253968254,0.8595041322314049,0.8402683124853049,0.9785258601048075,0.8959305136197651,0.9646569646569647,0.15361420624578517,0.8463857937542149,0.035343035343035345,0.9638519381732881,0.9646569646569647,0.9640317991847556,0.8402683124853049,0.9785258601048075,0.9820409109589401,0.9196450506579141,0.9646569646569647,0.563,0.009,0.56,0.01,560.0,10.0,2627860.0,924503.0,104666.0,99.16839916839916,58.93970893970894,?,-1.0
DatasetClassiRealeseNormalized,10,3,weka.classifiers.trees.RandomForest,'-P 100 -I 100 -num-slots 1 -K 0 -M 1.0 -V 0.001 -S 1',1116839470751428698,2.0260425104700003E7,4330.0,481.0,466.0,15.0,0.0,96.88149688149689,3.1185031185031185,0.0,0.8582653963264908,0.056697731594582024,0.1586741270278849,24.58312727680485,46.71895968571285,272.1308087156738,1128.9576139691835,-856.8268052535097,0.565760517080403,2.3471052265471593,-1.7813447094667563,203.29621655845347,0.42265325687828165,74.70532921939768,0.828125,53.0,0.009592326139088728,4.0,0.9904076738609112,413.0,0.171875,11.0,0.9298245614035088,0.828125,0.8760330578512396,0.8601489795290829,0.9838504196642686,0.9496071320485586,0.9688149688149689,0.15028229495405754,0.8497177050459425,0.031185031185031187,0.9681712592586476,0.9688149688149689,0.9680427055845928,0.8601489795290829,0.9838504196642686,0.9897293807309531,0.9290985741099242,0.9688149688149689,0.567,0.008,0.56,0.01,560.0,10.0,2637827.0,924503.0,104666.0,99.79209979209979,59.979209979209976,?,-1.0
DatasetClassiRealeseNormalized,10,4,weka.classifiers.trees.RandomForest,'-P 100 -I 100 -num-slots 1 -K 0 -M 1.0 -V 0.001 -S 1',1116839470751428698,2.0260425104700003E7,4330.0,481.0,465.0,16.0,0.0,96.67359667359668,3.3264033264033266,0.0,0.8477607216331697,0.05651064657116695,0.15930772141121294,24.50201054051136,46.90551102212951,272.1308087156738,1132.4356964848316,-860.3048877691579,0.565760517080403,2.3543361673281322,-1.7885756502477295,204.4121756416444,0.42497333813231686,75.11541107983005,0.8125,52.0,0.009592326139088728,4.0,0.9904076738609112,413.0,0.1875,12.0,0.9285714285714286,0.8125,0.8666666666666666,0.8502274939139586,0.9800659472422062,0.9368119962739279,0.9667359667359667,0.16382829287505546,0.8361717071249446,0.033264033264033266,0.9660175754293402,0.9667359667359667,0.9657851895381585,0.8502274939139586,0.9800659472422062,0.9872576229221236,0.9238321456848773,0.9667359667359667,0.566,0.009,0.56,0.01,560.0,10.0,2631485.0,924503.0,104666.0,99.37629937629937,59.147609147609145,?,-1.0
DatasetClassiRealeseNormalized,10,5,weka.classifiers.trees.RandomForest,'-P 100 -I 100 -num-slots 1 -K 0 -M 1.0 -V 0.001 -S 1',1116839470751428698,2.0260425104700003E7,4330.0,481.0,463.0,18.0,0.0,96.25779625779626,3.7422037422037424,0.0,0.8377922661870504,0.054988176618267055,0.15340999129138697,23.84189466683105,45.169022403181934,272.1308087156738,1126.6171875558264,-854.4863788401526,0.565760517080403,2.342239475168038,-1.7764789580876355,199.88549205124232,0.4155623535368863,73.45198913515357,0.859375,55.0,0.02158273381294964,9.0,0.9784172661870504,408.0,0.140625,9.0,0.859375,0.859375,0.859375,0.8377922661870504,0.9824827637889688,0.949691429955901,0.9625779625779626,0.12478569639091222,0.8752143036090878,0.037422037422037424,0.9625779625779626,0.9625779625779626,0.9625779625779626,0.8377922661870504,0.9824827637889688,0.9894197141167728,0.9188961330935252,0.9625779625779626,0.561,0.009,0.56,0.01,560.0,10.0,2640702.0,924503.0,104666.0,99.58419958419958,59.771309771309774,?,-1.0
DatasetClassiRealeseNormalized,10,6,weka.classifiers.trees.RandomForest,'-P 100 -I 100 -num-slots 1 -K 0 -M 1.0 -V 0.001 -S 1',1116839470751428698,2.0260425104700003E7,4330.0,481.0,464.0,17.0,0.0,96.46569646569647,3.5343035343035343,0.0,0.8393674491700228,0.059788895517402275,0.1681143785720051,25.923400935220826,49.498484864605025,272.1308087156738,1141.599161247893,-869.4683525322193,0.565760517080403,2.3733870296213992,-1.8076265125409965,197.38723945288945,0.41036848119103836,72.53395541080484,0.8125,52.0,0.011990407673860911,5.0,0.988009592326139,412.0,0.1875,12.0,0.9122807017543859,0.8125,0.859504132231405,0.8412095581899439,0.9755133393285371,0.8984995724975602,0.9646569646569647,0.16414737233082555,0.8358526276691745,0.035343035343035345,0.9637922622033844,0.9646569646569647,0.9637817329958719,0.8412095581899439,0.9755133393285371,0.9815430935064806,0.9196450506579141,0.9646569646569647,0.571,0.009,0.57,0.01,570.0,10.0,2596797.0,924503.0,104666.0,98.96049896049897,59.147609147609145,?,-1.0
DatasetClassiRealeseNormalized,10,7,weka.classifiers.trees.RandomForest,'-P 100 -I 100 -num-slots 1 -K 0 -M 1.0 -V 0.001 -S 1',1116839470751428698,2.0260425104700003E7,4330.0,481.0,465.0,16.0,0.0,96.67359667359668,3.3264033264033266,0.0,0.8558153477218226,0.06195301424317263,0.1708207753582755,26.861724296341205,50.29533842050384,272.1308087156738,1138.1008798212404,-865.9700711055666,0.565760517080403,2.366114095262454,-1.8003535781820512,189.80462981077454,0.39460421998082024,69.74757128991048,0.875,56.0,0.019184652278177457,8.0,0.9808153477218226,409.0,0.125,8.0,0.875,0.875,0.875,0.8558153477218226,0.9791291966426858,0.9094605189087857,0.9667359667359667,0.1109206190141442,0.8890793809858558,0.033264033264033266,0.9667359667359667,0.9667359667359667,0.9667359667359667,0.8558153477218226,0.9791291966426858,0.9837315829690807,0.9279076738609113,0.9667359667359667,0.566,0.009,0.56,0.01,560.0,10.0,2606865.0,924503.0,104666.0,99.58419958419958,59.355509355509355,?,-1.0
DatasetClassiRealeseNormalized,10,8,weka.classifiers.trees.RandomForest,'-P 100 -I 100 -num-slots 1 -K 0 -M 1.0 -V 0.001 -S 1',1116839470751428698,2.0260425104700003E7,4330.0,481.0,463.0,18.0,0.0,96.25779625779626,3.7422037422037424,0.0,0.8356179988608315,0.0588332887691068,0.17161262134007504,25.50906685766196,50.52848431009481,272.1308087156738,71.27204712621682,200.858761589457,0.565760517080403,0.1481747341501389,0.41758578293026405,192.64181932000528,0.40050274286903387,70.79015427513767,0.84375,54.0,0.019184652278177457,8.0,0.9808153477218226,409.0,0.15625,10.0,0.8709677419354839,0.84375,0.8571428571428571,0.8357574140120331,0.9865669964028777,0.900763899540907,0.9625779625779626,0.13801261485614005,0.86198738514386,0.037422037422037424,0.9621406822884997,0.9625779625779626,0.9623257254836203,0.835757414012033,0.9865669964028777,0.9849764654308755,0.9178058783321941,0.9625779625779626,0.563,0.01,0.56,0.01,560.0,10.0,2644953.0,924503.0,104666.0,99.37629937629937,59.355509355509355,?,-1.0
DatasetClassiRealeseNormalized,10,9,weka.classifiers.trees.RandomForest,'-P 100 -I 100 -num-slots 1 -K 0 -M 1.0 -V 0.001 -S 1',1116839470751428698,2.0260425104700003E7,4330.0,481.0,464.0,17.0,0.0,96.46569646569647,3.5343035343035343,0.0,0.845783905097788,0.056775008004646015,0.15689538325053765,24.616632952793466,46.19523814155402,272.1308087156738,58.05970989537794,214.07109882029587,0.565760517080403,0.12070625757874832,0.4450542595016546,201.5278161949499,0.4189767488460497,74.05549454178451,0.859375,55.0,0.019184652278177457,8.0,0.9808153477218226,409.0,0.140625,9.0,0.873015873015873,0.859375,0.8661417322834646,0.8458187081863575,0.9914568345323741,0.9378002170353591,0.9646569646569647,0.12446661693514212,0.875533383064858,0.035343035343035345,0.9644377275956224,0.9646569646569647,0.964538982342745,0.8458187081863575,0.9914568345323741,0.9906154559539575,0.9228912254231695,0.9646569646569647,0.57,0.01,0.57,0.01,570.0,10.0,2651918.0,924503.0,104666.0,100.0,59.66735966735967,?,-1.0
DatasetClassiRealeseNormalized,10,10,weka.classifiers.trees.RandomForest,'-P 100 -I 100 -num-slots 1 -K 0 -M 1.0 -V 0.001 -S 1',1116839470751428698,2.0260425104700003E7,4330.0,481.0,459.0,22.0,0.0,95.42619542619542,4.573804573804574,0.0,0.7906709922456084,0.0661092588569964,0.19402768506648096,28.663797985386783,57.12822730664906,272.1308087156738,99.04183030203124,173.08897841364256,0.565760517080403,0.20590817110609405,0.3598523459743089,185.4431122967348,0.38553661600152767,68.14484297898383,0.765625,49.0,0.016786570743405275,7.0,0.9832134292565947,410.0,0.234375,15.0,0.875,0.765625,0.8166666666666667,0.7929716476512255,0.9660334232613909,0.8661943051989934,0.9542619542619543,0.20542352500535951,0.7945764749946405,0.04573804573804574,0.9527699645346704,0.9542619542619543,0.9529546356149681,0.7929716476512255,0.9660334232613909,0.976944088015553,0.8952692003167062,0.9542619542619543,0.555,0.01,0.55,0.01,550.0,10.0,2566499.0,924503.0,104666.0,98.75259875259876,59.25155925155925,?,-1.0
