Key_Dataset,Key_Run,Key_Fold,Key_Scheme,Key_Scheme_options,Key_Scheme_version_ID,Date_time,Number_of_training_instances,Number_of_testing_instances,Number_correct,Number_incorrect,Number_unclassified,Percent_correct,Percent_incorrect,Percent_unclassified,Kappa_statistic,Mean_absolute_error,Root_mean_squared_error,Relative_absolute_error,Root_relative_squared_error,SF_prior_entropy,SF_scheme_entropy,SF_entropy_gain,SF_mean_prior_entropy,SF_mean_scheme_entropy,SF_mean_entropy_gain,KB_information,KB_mean_information,KB_relative_information,True_positive_rate,Num_true_positives,False_positive_rate,Num_false_positives,True_negative_rate,Num_true_negatives,False_negative_rate,Num_false_negatives,IR_precision,IR_recall,F_measure,Matthews_correlation,Area_under_ROC,Area_under_PRC,Weighted_avg_true_positive_rate,Weighted_avg_false_positive_rate,Weighted_avg_true_negative_rate,Weighted_avg_false_negative_rate,Weighted_avg_IR_precision,Weighted_avg_IR_recall,Weighted_avg_F_measure,Weighted_avg_matthews_correlation,Weighted_avg_area_under_ROC,Weighted_avg_area_under_PRC,Unweighted_macro_avg_F_measure,Unweighted_micro_avg_F_measure,Elapsed_Time_training,Elapsed_Time_testing,UserCPU_Time_training,UserCPU_Time_testing,UserCPU_Time_millis_training,UserCPU_Time_millis_testing,Serialized_Model_Size,Serialized_Train_Set_Size,Serialized_Test_Set_Size,Coverage_of_Test_Cases_By_Regions,Size_of_Predicted_Regions,Summary
DatasetClassiRealeseNormalized,1,1,weka.classifiers.meta.FilteredClassifier,'-F \"weka.filters.MultiFilter -F \\\"weka.filters.supervised.attribute.AttributeSelection -E \\\\\\\"weka.attributeSelection.WrapperSubsetEval -B weka.classifiers.bayes.NaiveBayes -F 5 -T 0.01 -R 1 -E AUC --\\\\\\\" -S \\\\\\\"weka.attributeSelection.GreedyStepwise -B -T -1.7976931348623157E308 -N -1 -num-slots 1\\\\\\\"\\\" -S 1\" -S 1 -W weka.classifiers.bayes.NaiveBayes',-4523450618538717400,2.02604250747E7,4329.0,482.0,427.0,55.0,0.0,88.58921161825727,11.410788381742739,0.0,0.501222953904045,0.11620941605775899,0.33339668415718554,50.42570939537994,98.24944362260925,272.3366817903761,1840.638086346963,-1568.301404556587,0.565013862635635,3.8187512164874753,-3.25373735385184,97.73436796129839,0.20276839825995516,35.8873315628215,0.5625,36.0,0.0645933014354067,27.0,0.9354066985645934,391.0,0.4375,28.0,0.5714285714285714,0.5625,0.5669291338582677,0.501243565673838,0.8863075657894737,0.5877082792567178,0.8858921161825726,0.38798541761797933,0.6120145823820207,0.11410788381742738,0.8851416065292217,0.8858921161825726,0.885511037350644,0.501243565673838,0.8859509786525442,0.9269704838325514,0.7506091308478913,0.8858921161825726,8.33,0.001,8.27,0.0,8270.0,0.0,18468.0,924290.0,104879.0,89.83402489626556,51.55601659751037,?
DatasetClassiRealeseNormalized,1,2,weka.classifiers.meta.FilteredClassifier,'-F \"weka.filters.MultiFilter -F \\\"weka.filters.supervised.attribute.AttributeSelection -E \\\\\\\"weka.attributeSelection.WrapperSubsetEval -B weka.classifiers.bayes.NaiveBayes -F 5 -T 0.01 -R 1 -E AUC --\\\\\\\" -S \\\\\\\"weka.attributeSelection.GreedyStepwise -B -T -1.7976931348623157E308 -N -1 -num-slots 1\\\\\\\"\\\" -S 1\" -S 1 -W weka.classifiers.bayes.NaiveBayes',-4523450618538717400,2.02604250747E7,4330.0,481.0,426.0,55.0,0.0,88.56548856548856,11.434511434511435,0.0,0.4728294442341034,0.11325361916378937,0.3200021614260043,49.3951159123968,94.84843947118941,269.42867131105754,1543.6768448536625,-1274.248173542605,0.5601427677984564,3.2093073697581342,-2.6491646019596775,99.87123412766702,0.2076325033839231,37.06778259406731,0.5079365079365079,32.0,0.05741626794258373,24.0,0.9425837320574163,394.0,0.49206349206349204,31.0,0.5714285714285714,0.5079365079365079,0.5378151260504201,0.47389731040639665,0.8726551226551227,0.5870543225566323,0.8856548856548857,0.4351346456609614,0.5648653543390385,0.11434511434511435,0.8804793934205699,0.8856548856548857,0.882766536524125,0.4738973104063967,0.8727706227706229,0.9228697199600765,0.7362859734641187,0.8856548856548857,11.201,0.001,11.14,0.0,11140.0,0.0,14943.0,924503.0,104666.0,91.47609147609148,53.014553014553016,?
DatasetClassiRealeseNormalized,1,3,weka.classifiers.meta.FilteredClassifier,'-F \"weka.filters.MultiFilter -F \\\"weka.filters.supervised.attribute.AttributeSelection -E \\\\\\\"weka.attributeSelection.WrapperSubsetEval -B weka.classifiers.bayes.NaiveBayes -F 5 -T 0.01 -R 1 -E AUC --\\\\\\\" -S \\\\\\\"weka.attributeSelection.GreedyStepwise -B -T -1.7976931348623157E308 -N -1 -num-slots 1\\\\\\\"\\\" -S 1\" -S 1 -W weka.classifiers.bayes.NaiveBayes',-4523450618538717400,2.02604250747E7,4330.0,481.0,420.0,61.0,0.0,87.31808731808732,12.681912681912682,0.0,0.4811769490566372,0.12849019499605127,0.344116278980416,55.71106159935406,101.3193194506014,272.1308087156738,1213.593558195325,-941.4627494796512,0.565760517080403,2.523063530551611,-1.9573030134712082,75.03011047205509,0.15598775565915818,27.571339983944124,0.59375,38.0,0.08393285371702638,35.0,0.9160671462829736,382.0,0.40625,26.0,0.5205479452054794,0.59375,0.5547445255474454,0.48259291371804763,0.8950089928057554,0.6117165325759105,0.8731808731808732,0.36336372689789953,0.6366362731021004,0.12681912681912683,0.8809595407097423,0.8731808731808732,0.8766547242459651,0.48259291371804763,0.8950414772132398,0.9323681897806454,0.7404025658040257,0.8731808731808732,10.884,0.001,10.82,0.0,10820.0,0.0,15203.0,924503.0,104666.0,89.81288981288981,52.49480249480249,?
DatasetClassiRealeseNormalized,1,4,weka.classifiers.meta.FilteredClassifier,'-F \"weka.filters.MultiFilter -F \\\"weka.filters.supervised.attribute.AttributeSelection -E \\\\\\\"weka.attributeSelection.WrapperSubsetEval -B weka.classifiers.bayes.NaiveBayes -F 5 -T 0.01 -R 1 -E AUC --\\\\\\\" -S \\\\\\\"weka.attributeSelection.GreedyStepwise -B -T -1.7976931348623157E308 -N -1 -num-slots 1\\\\\\\"\\\" -S 1\" -S 1 -W weka.classifiers.bayes.NaiveBayes',-4523450618538717400,2.02604250747E7,4330.0,481.0,428.0,53.0,0.0,88.98128898128898,11.018711018711018,0.0,0.5127205306114649,0.11199457782599671,0.31627013614191063,48.55885559399689,93.12048546901528,272.1308087156738,1239.3096418240293,-967.1788331083555,0.565760517080403,2.5765273218794786,-2.010766804799076,102.43116786527375,0.21295461094651508,37.640415779712505,0.5625,36.0,0.05995203836930456,25.0,0.9400479616306955,392.0,0.4375,28.0,0.5901639344262295,0.5625,0.576,0.512915670292697,0.8748875899280576,0.6016272705918665,0.8898128898128899,0.3872649281821944,0.6127350718178057,0.1101871101871102,0.8876725401315565,0.8898128898128899,0.8886881124300479,0.512915670292697,0.8751149807804485,0.9271368810375719,0.7563393070489844,0.8898128898128899,11.033,0.0,10.96,0.0,10960.0,0.0,14938.0,924503.0,104666.0,91.47609147609148,53.43035343035343,?
DatasetClassiRealeseNormalized,1,5,weka.classifiers.meta.FilteredClassifier,'-F \"weka.filters.MultiFilter -F \\\"weka.filters.supervised.attribute.AttributeSelection -E \\\\\\\"weka.attributeSelection.WrapperSubsetEval -B weka.classifiers.bayes.NaiveBayes -F 5 -T 0.01 -R 1 -E AUC --\\\\\\\" -S \\\\\\\"weka.attributeSelection.GreedyStepwise -B -T -1.7976931348623157E308 -N -1 -num-slots 1\\\\\\\"\\\" -S 1\" -S 1 -W weka.classifiers.bayes.NaiveBayes',-4523450618538717400,2.02604250747E7,4330.0,481.0,422.0,59.0,0.0,87.73388773388774,12.266112266112266,0.0,0.4266057826359284,0.12135383895230438,0.33960127009107416,52.61686463622918,99.98995011841829,272.1308087156738,3023.9751478842336,-2751.8443391685596,0.565760517080403,6.286850619301941,-5.721090102221537,88.88468403306261,0.18479144289618007,32.662484800069294,0.453125,29.0,0.05755395683453238,24.0,0.9424460431654677,393.0,0.546875,35.0,0.5471698113207547,0.453125,0.49572649572649563,0.4290646032108966,0.892648381294964,0.5396252983555931,0.8773388773388774,0.48176783417340974,0.5182321658265903,0.12266112266112267,0.868853223772991,0.8773388773388774,0.8723711421936273,0.4290646032108966,0.8926808657024484,0.9235226091968304,0.7129520052596975,0.8773388773388774,8.853,0.001,8.79,0.0,8790.0,0.0,18215.0,924503.0,104666.0,90.22869022869023,51.975051975051976,?
DatasetClassiRealeseNormalized,1,6,weka.classifiers.meta.FilteredClassifier,'-F \"weka.filters.MultiFilter -F \\\"weka.filters.supervised.attribute.AttributeSelection -E \\\\\\\"weka.attributeSelection.WrapperSubsetEval -B weka.classifiers.bayes.NaiveBayes -F 5 -T 0.01 -R 1 -E AUC --\\\\\\\" -S \\\\\\\"weka.attributeSelection.GreedyStepwise -B -T -1.7976931348623157E308 -N -1 -num-slots 1\\\\\\\"\\\" -S 1\" -S 1 -W weka.classifiers.bayes.NaiveBayes',-4523450618538717400,2.02604250747E7,4330.0,481.0,426.0,55.0,0.0,88.56548856548856,11.434511434511435,0.0,0.5202299559311586,0.1140533854355903,0.3285953096520177,49.451517929537836,96.74942797604994,272.1308087156738,1734.500985245185,-1462.3701765295111,0.565760517080403,3.6060311543558936,-3.040270637275491,99.87547950725016,0.20764132953690262,36.701276117398926,0.609375,39.0,0.07194244604316546,30.0,0.9280575539568345,387.0,0.390625,25.0,0.5652173913043478,0.609375,0.5864661654135338,0.5207254818876121,0.9052945143884892,0.6550007504207518,0.8856548856548857,0.3482223316980511,0.6517776683019489,0.11434511434511435,0.8895436901979747,0.8856548856548857,0.8874594014585125,0.5207254818876121,0.9052945143884892,0.9395934327026981,0.7600605857224484,0.8856548856548857,8.858,0.001,8.8,0.0,8800.0,0.0,18217.0,924503.0,104666.0,90.64449064449065,52.07900207900208,?
DatasetClassiRealeseNormalized,1,7,weka.classifiers.meta.FilteredClassifier,'-F \"weka.filters.MultiFilter -F \\\"weka.filters.supervised.attribute.AttributeSelection -E \\\\\\\"weka.attributeSelection.WrapperSubsetEval -B weka.classifiers.bayes.NaiveBayes -F 5 -T 0.01 -R 1 -E AUC --\\\\\\\" -S \\\\\\\"weka.attributeSelection.GreedyStepwise -B -T -1.7976931348623157E308 -N -1 -num-slots 1\\\\\\\"\\\" -S 1\" -S 1 -W weka.classifiers.bayes.NaiveBayes',-4523450618538717400,2.02604250748E7,4330.0,481.0,412.0,69.0,0.0,85.65488565488566,14.345114345114345,0.0,0.3388513715412659,0.14239481515936303,0.3674712606842834,61.73985741881474,108.19580567504926,272.1308087156738,1508.0110604513736,-1235.8802517356999,0.565760517080403,3.1351581298365354,-2.569397612756133,59.62545851839082,0.12396145222118674,21.910587338417958,0.390625,25.0,0.07194244604316546,30.0,0.9280575539568345,387.0,0.609375,39.0,0.45454545454545453,0.390625,0.4201680672268907,0.34011842489580196,0.8276753597122302,0.46002406040487337,0.8565488565488566,0.537866302592022,0.462133697407978,0.14345114345114346,0.8480558269290663,0.8565488565488566,0.8518899869119674,0.34011842489580196,0.8287798295667,0.8987197323515231,0.6691587667095308,0.8565488565488566,8.828,0.001,8.77,0.0,8770.0,0.0,18217.0,924503.0,104666.0,88.35758835758836,52.39085239085239,?
DatasetClassiRealeseNormalized,1,8,weka.classifiers.meta.FilteredClassifier,'-F \"weka.filters.MultiFilter -F \\\"weka.filters.supervised.attribute.AttributeSelection -E \\\\\\\"weka.attributeSelection.WrapperSubsetEval -B weka.classifiers.bayes.NaiveBayes -F 5 -T 0.01 -R 1 -E AUC --\\\\\\\" -S \\\\\\\"weka.attributeSelection.GreedyStepwise -B -T -1.7976931348623157E308 -N -1 -num-slots 1\\\\\\\"\\\" -S 1\" -S 1 -W weka.classifiers.bayes.NaiveBayes',-4523450618538717400,2.02604250748E7,4330.0,481.0,439.0,42.0,0.0,91.26819126819127,8.731808731808732,0.0,0.5947117120731853,0.09152659043710044,0.28032349741946383,39.6843005645439,82.5365950971732,272.1308087156738,850.639101449591,-578.5082927339172,0.565760517080403,1.76848046039416,-1.2027199433137572,137.06292517459258,0.28495410639208435,50.366559310745984,0.59375,38.0,0.03836930455635491,16.0,0.9616306954436451,401.0,0.40625,26.0,0.7037037037037037,0.59375,0.6440677966101694,0.5975000927392305,0.9011728117505995,0.6252995272550111,0.9126819126819127,0.35730121723826763,0.6426987827617324,0.08731808731808732,0.9077878094271539,0.9126819126819127,0.9094992809749014,0.5975000927392305,0.9017900154928034,0.9347640600217879,0.797152381717407,0.9126819126819127,11.202,0.001,11.07,0.0,11070.0,0.0,14671.0,924503.0,104666.0,93.55509355509355,53.63825363825364,?
DatasetClassiRealeseNormalized,1,9,weka.classifiers.meta.FilteredClassifier,'-F \"weka.filters.MultiFilter -F \\\"weka.filters.supervised.attribute.AttributeSelection -E \\\\\\\"weka.attributeSelection.WrapperSubsetEval -B weka.classifiers.bayes.NaiveBayes -F 5 -T 0.01 -R 1 -E AUC --\\\\\\\" -S \\\\\\\"weka.attributeSelection.GreedyStepwise -B -T -1.7976931348623157E308 -N -1 -num-slots 1\\\\\\\"\\\" -S 1\" -S 1 -W weka.classifiers.bayes.NaiveBayes',-4523450618538717400,2.02604250748E7,4330.0,481.0,435.0,46.0,0.0,90.43659043659044,9.563409563409563,0.0,0.5742052189977677,0.10174326842991588,0.3010810926650395,44.11407029923842,88.64832404514449,272.1308087156738,522.3426884877844,-250.21187977211054,0.565760517080403,1.085951535317639,-0.520191018237236,120.49785720033981,0.25051529563480207,44.27938819901781,0.609375,39.0,0.050359712230215826,21.0,0.9496402877697842,396.0,0.390625,25.0,0.65,0.609375,0.6290322580645162,0.5745992123896075,0.9127510491606715,0.6811906446492226,0.9043659043659044,0.3453506165961202,0.6546493834038799,0.09563409563409564,0.9019491261771547,0.9043659043659044,0.9030516626174491,0.5745992123896075,0.9127510491606714,0.9449471255303392,0.7870698283162676,0.9043659043659044,11.166,0.001,11.09,0.01,11090.0,10.0,14672.0,924503.0,104666.0,92.3076923076923,53.014553014553016,?
DatasetClassiRealeseNormalized,1,10,weka.classifiers.meta.FilteredClassifier,'-F \"weka.filters.MultiFilter -F \\\"weka.filters.supervised.attribute.AttributeSelection -E \\\\\\\"weka.attributeSelection.WrapperSubsetEval -B weka.classifiers.bayes.NaiveBayes -F 5 -T 0.01 -R 1 -E AUC --\\\\\\\" -S \\\\\\\"weka.attributeSelection.GreedyStepwise -B -T -1.7976931348623157E308 -N -1 -num-slots 1\\\\\\\"\\\" -S 1\" -S 1 -W weka.classifiers.bayes.NaiveBayes',-4523450618538717400,2.02604250748E7,4330.0,481.0,419.0,62.0,0.0,87.11018711018711,12.88981288981289,0.0,0.4017172892508926,0.12792976284829835,0.3496547037720754,55.46806819501935,102.95001658699348,272.1308087156738,1600.0179845635978,-1327.887175847924,0.565760517080403,3.326440716348436,-2.7606801992680334,80.55288449231358,0.16746961432913426,29.600795614610615,0.4375,28.0,0.06235011990407674,26.0,0.9376498800959233,391.0,0.5625,36.0,0.5185185185185185,0.4375,0.47457627118644063,0.4036007912903236,0.8606115107913669,0.4962513435947935,0.8711018711018711,0.49595199100594783,0.5040480089940521,0.1288981288981289,0.8628446497298956,0.8711018711018711,0.8664037004867594,0.4036007912903236,0.8609688392736954,0.9115010918814244,0.7005582777733151,0.8711018711018711,8.816,0.001,8.76,0.0,8760.0,0.0,18215.0,924503.0,104666.0,89.1891891891892,51.975051975051976,?
DatasetClassiRealeseNormalized,2,1,weka.classifiers.meta.FilteredClassifier,'-F \"weka.filters.MultiFilter -F \\\"weka.filters.supervised.attribute.AttributeSelection -E \\\\\\\"weka.attributeSelection.WrapperSubsetEval -B weka.classifiers.bayes.NaiveBayes -F 5 -T 0.01 -R 1 -E AUC --\\\\\\\" -S \\\\\\\"weka.attributeSelection.GreedyStepwise -B -T -1.7976931348623157E308 -N -1 -num-slots 1\\\\\\\"\\\" -S 1\" -S 1 -W weka.classifiers.bayes.NaiveBayes',-4523450618538717400,2.02604250748E7,4329.0,482.0,425.0,57.0,0.0,88.17427385892117,11.825726141078839,0.0,0.4615686120801159,0.12072574716423566,0.32563837802696144,52.3854404364112,95.96313035985038,272.3366817903761,1003.1929665930198,-730.8562848026438,0.565013862635635,2.0813132086992114,-1.5162993460635763,92.41638943061022,0.191735247781349,33.93460947789078,0.5,32.0,0.05980861244019139,25.0,0.9401913875598086,393.0,0.5,32.0,0.5614035087719298,0.5,0.5289256198347108,0.46258098467739756,0.8543099581339713,0.5315660126480622,0.8817427385892116,0.441551351029403,0.558448648970597,0.11825726141078838,0.8764665630392798,0.8817427385892116,0.8788130590740496,0.4625809846773975,0.8543099581339713,0.909564874960333,0.7306549807358607,0.8817427385892116,11.087,0.001,11.02,0.0,11020.0,0.0,14668.0,924290.0,104879.0,91.07883817427386,53.63070539419087,?
DatasetClassiRealeseNormalized,2,2,weka.classifiers.meta.FilteredClassifier,'-F \"weka.filters.MultiFilter -F \\\"weka.filters.supervised.attribute.AttributeSelection -E \\\\\\\"weka.attributeSelection.WrapperSubsetEval -B weka.classifiers.bayes.NaiveBayes -F 5 -T 0.01 -R 1 -E AUC --\\\\\\\" -S \\\\\\\"weka.attributeSelection.GreedyStepwise -B -T -1.7976931348623157E308 -N -1 -num-slots 1\\\\\\\"\\\" -S 1\" -S 1 -W weka.classifiers.bayes.NaiveBayes',-4523450618538717400,2.02604250748E7,4330.0,481.0,418.0,63.0,0.0,86.9022869022869,13.097713097713097,0.0,0.4127666996104881,0.132187196327323,0.3565068283744418,57.652920347560254,105.66839980534932,269.42867131105754,964.4635841668438,-695.0349128557863,0.5601427677984564,2.005121796604665,-1.4449790288062085,70.7826691443452,0.14715731630841,26.27139450300969,0.47619047619047616,30.0,0.07177033492822966,30.0,0.9282296650717703,388.0,0.5238095238095238,33.0,0.5,0.47619047619047616,0.4878048780487805,0.4129281771819461,0.8716488190172401,0.6029232773735814,0.8690228690228691,0.4646027277606225,0.5353972722393775,0.13097713097713098,0.8663932523790006,0.8690228690228691,0.8676597534413168,0.41292817718194613,0.8719128192812403,0.9261654091796575,0.7063577429576441,0.8690228690228691,9.094,0.001,9.04,0.0,9040.0,0.0,18216.0,924503.0,104666.0,88.77338877338877,51.975051975051976,?
DatasetClassiRealeseNormalized,2,3,weka.classifiers.meta.FilteredClassifier,'-F \"weka.filters.MultiFilter -F \\\"weka.filters.supervised.attribute.AttributeSelection -E \\\\\\\"weka.attributeSelection.WrapperSubsetEval -B weka.classifiers.bayes.NaiveBayes -F 5 -T 0.01 -R 1 -E AUC --\\\\\\\" -S \\\\\\\"weka.attributeSelection.GreedyStepwise -B -T -1.7976931348623157E308 -N -1 -num-slots 1\\\\\\\"\\\" -S 1\" -S 1 -W weka.classifiers.bayes.NaiveBayes',-4523450618538717400,2.02604250749E7,4330.0,481.0,434.0,47.0,0.0,90.22869022869023,9.771309771309772,0.0,0.5432283353201465,0.104590945437678,0.30473736475573965,45.34877236502153,89.72485259838113,272.1308087156738,794.2154341736026,-522.0846254579287,0.565760517080403,1.6511755388224587,-1.0854150217420555,118.80444033680037,0.24699467845488643,43.65710773340954,0.546875,35.0,0.04316546762589928,18.0,0.9568345323741008,399.0,0.453125,29.0,0.660377358490566,0.546875,0.5982905982905983,0.5463593313407297,0.8861285971223022,0.6172918674591201,0.9022869022869023,0.39857736991280157,0.6014226300871984,0.09771309771309772,0.8960696009276506,0.9022869022869023,0.8983295539508558,0.5463593313407297,0.8861448393260444,0.9318969151907034,0.7713346482577252,0.9022869022869023,11.361,0.0,11.28,0.0,11280.0,0.0,14671.0,924503.0,104666.0,91.68399168399168,53.53430353430353,?
DatasetClassiRealeseNormalized,2,4,weka.classifiers.meta.FilteredClassifier,'-F \"weka.filters.MultiFilter -F \\\"weka.filters.supervised.attribute.AttributeSelection -E \\\\\\\"weka.attributeSelection.WrapperSubsetEval -B weka.classifiers.bayes.NaiveBayes -F 5 -T 0.01 -R 1 -E AUC --\\\\\\\" -S \\\\\\\"weka.attributeSelection.GreedyStepwise -B -T -1.7976931348623157E308 -N -1 -num-slots 1\\\\\\\"\\\" -S 1\" -S 1 -W weka.classifiers.bayes.NaiveBayes',-4523450618538717400,2.02604250749E7,4330.0,481.0,439.0,42.0,0.0,91.26819126819127,8.731808731808732,0.0,0.6003718942870706,0.08958419075329543,0.29279622770670144,38.842110633721916,86.20898324497641,272.1308087156738,2021.1577583308035,-1749.0269496151298,0.565760517080403,4.201991181560922,-3.6362306644805193,138.27256980479459,0.28746896009312806,50.8110678307151,0.609375,39.0,0.0407673860911271,17.0,0.9592326139088729,400.0,0.390625,25.0,0.6964285714285714,0.609375,0.65,0.602118826775449,0.9133880395683454,0.647045872113725,0.9126819126819127,0.3440742987730398,0.6559257012269603,0.08731808731808732,0.9086112615524379,0.9126819126819127,0.9101861225376665,0.602118826775449,0.9134205239758297,0.9403701511630402,0.8000593824228028,0.9126819126819127,8.897,0.001,8.84,0.0,8840.0,0.0,18216.0,924503.0,104666.0,91.89189189189189,51.55925155925156,?
DatasetClassiRealeseNormalized,2,5,weka.classifiers.meta.FilteredClassifier,'-F \"weka.filters.MultiFilter -F \\\"weka.filters.supervised.attribute.AttributeSelection -E \\\\\\\"weka.attributeSelection.WrapperSubsetEval -B weka.classifiers.bayes.NaiveBayes -F 5 -T 0.01 -R 1 -E AUC --\\\\\\\" -S \\\\\\\"weka.attributeSelection.GreedyStepwise -B -T -1.7976931348623157E308 -N -1 -num-slots 1\\\\\\\"\\\" -S 1\" -S 1 -W weka.classifiers.bayes.NaiveBayes',-4523450618538717400,2.02604250749E7,4330.0,481.0,414.0,67.0,0.0,86.07068607068607,13.92931392931393,0.0,0.40797281161017757,0.13852413503909047,0.3639494130939817,60.061599411512894,107.15885618194372,272.1308087156738,2656.419067796923,-2384.288259081249,0.565760517080403,5.522700764650568,-4.956940247570165,65.00505228074766,0.13514563883731323,23.88742847145465,0.5,32.0,0.08393285371702638,35.0,0.9160671462829736,382.0,0.5,32.0,0.47761194029850745,0.5,0.48854961832061067,0.4081162305126267,0.8675434652278178,0.5353670468731772,0.8607068607068608,0.44463971442388706,0.5553602855761128,0.1392931392931393,0.8634829108547473,0.8607068607068608,0.8620503886577134,0.40811623051262663,0.8674784964128489,0.9180837533015173,0.703961933107357,0.8607068607068608,8.976,0.001,8.91,0.0,8910.0,0.0,18215.0,924503.0,104666.0,88.77338877338877,52.28690228690229,?
DatasetClassiRealeseNormalized,2,6,weka.classifiers.meta.FilteredClassifier,'-F \"weka.filters.MultiFilter -F \\\"weka.filters.supervised.attribute.AttributeSelection -E \\\\\\\"weka.attributeSelection.WrapperSubsetEval -B weka.classifiers.bayes.NaiveBayes -F 5 -T 0.01 -R 1 -E AUC --\\\\\\\" -S \\\\\\\"weka.attributeSelection.GreedyStepwise -B -T -1.7976931348623157E308 -N -1 -num-slots 1\\\\\\\"\\\" -S 1\" -S 1 -W weka.classifiers.bayes.NaiveBayes',-4523450618538717400,2.02604250749E7,4330.0,481.0,432.0,49.0,0.0,89.81288981288981,10.187110187110187,0.0,0.5613355915799664,0.10539561536545713,0.3162504435645374,45.6976629236749,93.11468731688021,272.1308087156738,3859.13515664174,-3587.004347926066,0.565760517080403,8.023150013808191,-7.457389496727789,113.53539903197868,0.23604033062781432,41.72089134920483,0.625,40.0,0.05995203836930456,25.0,0.9400479616306955,392.0,0.375,24.0,0.6153846153846154,0.625,0.6201550387596899,0.5613580868560255,0.8834307553956835,0.5836881990329045,0.8981288981288982,0.3330809364982027,0.6669190635017974,0.10187110187110188,0.898808571885495,0.8981288981288982,0.898462600240986,0.5613580868560255,0.8836094196368477,0.9258969504817641,0.7806657546739626,0.8981288981288982,8.86,0.001,8.8,0.0,8800.0,0.0,18216.0,924503.0,104666.0,91.06029106029106,51.975051975051976,?
DatasetClassiRealeseNormalized,2,7,weka.classifiers.meta.FilteredClassifier,'-F \"weka.filters.MultiFilter -F \\\"weka.filters.supervised.attribute.AttributeSelection -E \\\\\\\"weka.attributeSelection.WrapperSubsetEval -B weka.classifiers.bayes.NaiveBayes -F 5 -T 0.01 -R 1 -E AUC --\\\\\\\" -S \\\\\\\"weka.attributeSelection.GreedyStepwise -B -T -1.7976931348623157E308 -N -1 -num-slots 1\\\\\\\"\\\" -S 1\" -S 1 -W weka.classifiers.bayes.NaiveBayes',-4523450618538717400,2.02604250749E7,4330.0,481.0,424.0,57.0,0.0,88.14968814968815,11.85031185031185,0.0,0.4963350785340317,0.11953886428309562,0.3345591609271845,51.82992392374397,98.50538487031501,272.1308087156738,2075.5315749492333,-1803.4007662335596,0.565760517080403,4.315034459353916,-3.7492739422735126,90.94134803973834,0.18906725164186766,33.41824781579772,0.578125,37.0,0.07194244604316546,30.0,0.9280575539568345,387.0,0.421875,27.0,0.5522388059701493,0.578125,0.564885496183206,0.49650956033817306,0.8874775179856115,0.5182211011173754,0.8814968814968815,0.37531432754004695,0.6246856724599531,0.11850311850311851,0.8838828095804087,0.8814968814968815,0.8826398828879056,0.4965095603381731,0.8889068319149254,0.9192413677202711,0.7481467192107366,0.8814968814968815,8.968,0.001,8.9,0.0,8900.0,0.0,18217.0,924503.0,104666.0,89.81288981288981,51.87110187110187,?
DatasetClassiRealeseNormalized,2,8,weka.classifiers.meta.FilteredClassifier,'-F \"weka.filters.MultiFilter -F \\\"weka.filters.supervised.attribute.AttributeSelection -E \\\\\\\"weka.attributeSelection.WrapperSubsetEval -B weka.classifiers.bayes.NaiveBayes -F 5 -T 0.01 -R 1 -E AUC --\\\\\\\" -S \\\\\\\"weka.attributeSelection.GreedyStepwise -B -T -1.7976931348623157E308 -N -1 -num-slots 1\\\\\\\"\\\" -S 1\" -S 1 -W weka.classifiers.bayes.NaiveBayes',-4523450618538717400,2.02604250749E7,4330.0,481.0,429.0,52.0,0.0,89.1891891891892,10.81081081081081,0.0,0.5120371454212025,0.10699710918922173,0.3173251130377649,46.39204214124458,93.43110588325656,272.1308087156738,790.0590121634812,-517.9282034478074,0.565760517080403,1.642534328822206,-1.0767738117418033,109.63204804647344,0.2279252558138741,40.28652564694303,0.546875,35.0,0.05515587529976019,23.0,0.9448441247002398,394.0,0.453125,29.0,0.603448275862069,0.546875,0.5737704918032787,0.5128506778596372,0.9042078836930456,0.6236027549664728,0.8918918918918919,0.4001727671916521,0.5998272328083479,0.10810810810810811,0.8878004930829584,0.8918918918918919,0.8896195961769732,0.5128506778596372,0.9046301809903429,0.935616564331053,0.7559328649492583,0.8918918918918919,8.88,0.001,8.82,0.0,8820.0,0.0,18215.0,924503.0,104666.0,91.47609147609148,52.07900207900208,?
DatasetClassiRealeseNormalized,2,9,weka.classifiers.meta.FilteredClassifier,'-F \"weka.filters.MultiFilter -F \\\"weka.filters.supervised.attribute.AttributeSelection -E \\\\\\\"weka.attributeSelection.WrapperSubsetEval -B weka.classifiers.bayes.NaiveBayes -F 5 -T 0.01 -R 1 -E AUC --\\\\\\\" -S \\\\\\\"weka.attributeSelection.GreedyStepwise -B -T -1.7976931348623157E308 -N -1 -num-slots 1\\\\\\\"\\\" -S 1\" -S 1 -W weka.classifiers.bayes.NaiveBayes',-4523450618538717400,2.0260425075E7,4330.0,481.0,421.0,60.0,0.0,87.52598752598753,12.474012474012474,0.0,0.47994377770569796,0.12501227763997735,0.3478301537666694,54.203098535965054,102.41280816024005,272.1308087156738,2419.2059675425053,-2147.0751588268313,0.565760517080403,5.029534236055104,-4.463773718974701,84.14295832018644,0.17493338528105287,30.92004125416766,0.578125,37.0,0.07913669064748201,33.0,0.920863309352518,384.0,0.421875,27.0,0.5285714285714286,0.578125,0.5522388059701493,0.48059412149529235,0.89935551558753,0.5545027798677237,0.8752598752598753,0.3762715659073573,0.6237284340926427,0.12474012474012475,0.8803210204670058,0.8752598752598753,0.8776006076460328,0.4805941214952924,0.9004599854419998,0.9262019287548747,0.7398875189271037,0.8752598752598753,8.884,0.001,8.83,0.0,8830.0,0.0,18217.0,924503.0,104666.0,89.1891891891892,51.351351351351354,?
DatasetClassiRealeseNormalized,2,10,weka.classifiers.meta.FilteredClassifier,'-F \"weka.filters.MultiFilter -F \\\"weka.filters.supervised.attribute.AttributeSelection -E \\\\\\\"weka.attributeSelection.WrapperSubsetEval -B weka.classifiers.bayes.NaiveBayes -F 5 -T 0.01 -R 1 -E AUC --\\\\\\\" -S \\\\\\\"weka.attributeSelection.GreedyStepwise -B -T -1.7976931348623157E308 -N -1 -num-slots 1\\\\\\\"\\\" -S 1\" -S 1 -W weka.classifiers.bayes.NaiveBayes',-4523450618538717400,2.0260425075E7,4330.0,481.0,424.0,57.0,0.0,88.14968814968815,11.85031185031185,0.0,0.4380265234591186,0.1186019679696031,0.336975942607459,51.42370235769533,99.21696607138928,272.1308087156738,949.8333714971801,-677.7025627815062,0.565760517080403,1.9747055540481915,-1.4089450369677885,91.60717340765608,0.19045150396602095,33.66291888816182,0.453125,29.0,0.05275779376498801,22.0,0.947242206235012,395.0,0.546875,35.0,0.5686274509803921,0.453125,0.5043478260869565,0.44166928297435193,0.845679706235012,0.5283345177138751,0.8814968814968815,0.4811296752618695,0.5188703247381304,0.11850311850311851,0.8720380382487085,0.8814968814968815,0.8757082891470243,0.44166928297435193,0.8460045503098561,0.9124708199370009,0.7185257430316718,0.8814968814968815,8.907,0.001,8.85,0.0,8850.0,0.0,18217.0,924503.0,104666.0,90.22869022869023,51.767151767151766,?
DatasetClassiRealeseNormalized,3,1,weka.classifiers.meta.FilteredClassifier,'-F \"weka.filters.MultiFilter -F \\\"weka.filters.supervised.attribute.AttributeSelection -E \\\\\\\"weka.attributeSelection.WrapperSubsetEval -B weka.classifiers.bayes.NaiveBayes -F 5 -T 0.01 -R 1 -E AUC --\\\\\\\" -S \\\\\\\"weka.attributeSelection.GreedyStepwise -B -T -1.7976931348623157E308 -N -1 -num-slots 1\\\\\\\"\\\" -S 1\" -S 1 -W weka.classifiers.bayes.NaiveBayes',-4523450618538717400,2.0260425075E7,4329.0,482.0,430.0,52.0,0.0,89.2116182572614,10.78838174273859,0.0,0.5121837290774622,0.10993160966726152,0.32407225259194217,47.70163718654667,95.50160521594312,272.3366817903761,1759.9331673342635,-1487.5964855438874,0.565013862635635,3.651313625174821,-3.0862997625391855,107.08226226417523,0.2221623698426872,39.319808686880805,0.546875,35.0,0.05502392344497608,23.0,0.9449760765550239,395.0,0.453125,29.0,0.603448275862069,0.546875,0.5737704918032787,0.512997004409837,0.9007550837320574,0.5641115533138557,0.8921161825726142,0.40026510601759013,0.5997348939824099,0.1078838174273859,0.888031259364446,0.8921161825726142,0.8898476859638065,0.512997004409837,0.9011116708689868,0.9277448764418512,0.7560063860441572,0.8921161825726142,8.911,0.001,8.85,0.0,8850.0,0.0,18216.0,924290.0,104879.0,90.66390041493776,51.55601659751037,?
DatasetClassiRealeseNormalized,3,2,weka.classifiers.meta.FilteredClassifier,'-F \"weka.filters.MultiFilter -F \\\"weka.filters.supervised.attribute.AttributeSelection -E \\\\\\\"weka.attributeSelection.WrapperSubsetEval -B weka.classifiers.bayes.NaiveBayes -F 5 -T 0.01 -R 1 -E AUC --\\\\\\\" -S \\\\\\\"weka.attributeSelection.GreedyStepwise -B -T -1.7976931348623157E308 -N -1 -num-slots 1\\\\\\\"\\\" -S 1\" -S 1 -W weka.classifiers.bayes.NaiveBayes',-4523450618538717400,2.0260425075E7,4330.0,481.0,431.0,50.0,0.0,89.60498960498961,10.395010395010395,0.0,0.5494398441305406,0.10219724261449123,0.31178467759682876,44.57292122002354,92.41278243030014,269.42867131105754,1364.7521609174087,-1095.3234896063511,0.5601427677984564,2.8373225798698725,-2.277179812071416,115.58893524239768,0.24030963667858146,42.90149770621455,0.6190476190476191,39.0,0.06220095693779904,26.0,0.937799043062201,392.0,0.38095238095238093,24.0,0.6,0.6190476190476191,0.609375,0.5495290968620477,0.9049137996506418,0.6457929281446394,0.896049896049896,0.33920323394007607,0.660796766059924,0.10395010395010396,0.8974732128578282,0.896049896049896,0.8967373658245962,0.5495290968620477,0.9051117998486419,0.9392035039392463,0.7747114808153477,0.896049896049896,8.981,0.001,8.92,0.0,8920.0,0.0,18217.0,924503.0,104666.0,91.89189189189189,51.975051975051976,?
DatasetClassiRealeseNormalized,3,3,weka.classifiers.meta.FilteredClassifier,'-F \"weka.filters.MultiFilter -F \\\"weka.filters.supervised.attribute.AttributeSelection -E \\\\\\\"weka.attributeSelection.WrapperSubsetEval -B weka.classifiers.bayes.NaiveBayes -F 5 -T 0.01 -R 1 -E AUC --\\\\\\\" -S \\\\\\\"weka.attributeSelection.GreedyStepwise -B -T -1.7976931348623157E308 -N -1 -num-slots 1\\\\\\\"\\\" -S 1\" -S 1 -W weka.classifiers.bayes.NaiveBayes',-4523450618538717400,2.0260425075E7,4330.0,481.0,424.0,57.0,0.0,88.14968814968815,11.85031185031185,0.0,0.5270076770464938,0.11676765401403427,0.336099244833489,50.628376474857426,98.95883698175226,272.1308087156738,2354.009514232301,-2081.878705516627,0.565760517080403,4.893990674079628,-4.328230156999225,95.7796616930678,0.19912611578600373,35.196184564732526,0.65625,42.0,0.08393285371702638,35.0,0.9160671462829736,382.0,0.34375,22.0,0.5454545454545454,0.65625,0.5957446808510638,0.5301011259071186,0.8947279676258992,0.6204169562700874,0.8814968814968815,0.30917973521390785,0.690820264786092,0.11850311850311851,0.8923101249833922,0.8814968814968815,0.8860215813853048,0.5301011259071186,0.894874147459579,0.9313343070321594,0.7631585767227305,0.8814968814968815,8.246,0.001,8.2,0.0,8200.0,0.0,18482.0,924503.0,104666.0,90.02079002079002,51.45530145530145,?
DatasetClassiRealeseNormalized,3,4,weka.classifiers.meta.FilteredClassifier,'-F \"weka.filters.MultiFilter -F \\\"weka.filters.supervised.attribute.AttributeSelection -E \\\\\\\"weka.attributeSelection.WrapperSubsetEval -B weka.classifiers.bayes.NaiveBayes -F 5 -T 0.01 -R 1 -E AUC --\\\\\\\" -S \\\\\\\"weka.attributeSelection.GreedyStepwise -B -T -1.7976931348623157E308 -N -1 -num-slots 1\\\\\\\"\\\" -S 1\" -S 1 -W weka.classifiers.bayes.NaiveBayes',-4523450618538717400,2.0260425075E7,4330.0,481.0,427.0,54.0,0.0,88.77338877338877,11.226611226611226,0.0,0.5001539527365099,0.10779239470630389,0.32152202486466797,46.73686378644949,94.66681682188437,272.1308087156738,1046.1962521034654,-774.0654433877917,0.565760517080403,2.1750441831672878,-1.609283666086885,109.51583495713358,0.22768364855952927,40.24382078383389,0.546875,35.0,0.05995203836930456,25.0,0.9400479616306955,392.0,0.453125,29.0,0.5833333333333334,0.546875,0.564516129032258,0.5004971355320699,0.8755620503597122,0.582940306703784,0.8877338877338877,0.4008109261031923,0.5991890738968078,0.11226611226611227,0.884841720946234,0.8877338877338877,0.8861910822030925,0.5004971355320699,0.8774461459938079,0.9243336251973342,0.7500384941104011,0.8877338877338877,8.312,0.001,8.26,0.0,8260.0,0.0,18481.0,924503.0,104666.0,90.85239085239085,51.24740124740125,?
DatasetClassiRealeseNormalized,3,5,weka.classifiers.meta.FilteredClassifier,'-F \"weka.filters.MultiFilter -F \\\"weka.filters.supervised.attribute.AttributeSelection -E \\\\\\\"weka.attributeSelection.WrapperSubsetEval -B weka.classifiers.bayes.NaiveBayes -F 5 -T 0.01 -R 1 -E AUC --\\\\\\\" -S \\\\\\\"weka.attributeSelection.GreedyStepwise -B -T -1.7976931348623157E308 -N -1 -num-slots 1\\\\\\\"\\\" -S 1\" -S 1 -W weka.classifiers.bayes.NaiveBayes',-4523450618538717400,2.0260425075E7,4330.0,481.0,410.0,71.0,0.0,85.23908523908524,14.76091476091476,0.0,0.33829997481157137,0.14683228003899582,0.3746518968666685,63.66386320977637,110.31002466340182,272.1308087156738,2942.9332284129173,-2670.8024196972433,0.565760517080403,6.118364300234755,-5.5526037831543515,51.56025519665886,0.10719387774773151,18.946864355417308,0.40625,26.0,0.07913669064748201,33.0,0.920863309352518,384.0,0.59375,38.0,0.4406779661016949,0.40625,0.42276422764227645,0.3386678712368392,0.8491831534772182,0.43244030265149624,0.8523908523908524,0.5252775430383344,0.4747224569616656,0.14760914760914762,0.847512737624393,0.8523908523908524,0.8498305030180956,0.33866787123683917,0.8493130911071559,0.9016348069978302,0.669069837301472,0.8523908523908524,8.9,0.001,8.84,0.0,8840.0,0.0,18217.0,924503.0,104666.0,87.73388773388774,52.28690228690229,?
DatasetClassiRealeseNormalized,3,6,weka.classifiers.meta.FilteredClassifier,'-F \"weka.filters.MultiFilter -F \\\"weka.filters.supervised.attribute.AttributeSelection -E \\\\\\\"weka.attributeSelection.WrapperSubsetEval -B weka.classifiers.bayes.NaiveBayes -F 5 -T 0.01 -R 1 -E AUC --\\\\\\\" -S \\\\\\\"weka.attributeSelection.GreedyStepwise -B -T -1.7976931348623157E308 -N -1 -num-slots 1\\\\\\\"\\\" -S 1\" -S 1 -W weka.classifiers.bayes.NaiveBayes',-4523450618538717400,2.02604250751E7,4330.0,481.0,420.0,61.0,0.0,87.31808731808732,12.681912681912682,0.0,0.4466363653508857,0.1307983882033258,0.3517351911349728,56.711853091324585,103.56258151521746,272.1308087156738,2891.87954105013,-2619.748732334456,0.565760517080403,6.012223578066798,-5.446463060986394,76.37878103526927,0.15879164456396938,28.066936410375686,0.515625,33.0,0.07194244604316546,30.0,0.9280575539568345,387.0,0.484375,31.0,0.5238095238095238,0.515625,0.5196850393700788,0.44665474395195376,0.8604616306954437,0.477252803450892,0.8731808731808732,0.42949831922403864,0.5705016807759614,0.12681912681912683,0.8723450565555829,0.8731808731808732,0.8727575248769079,0.44665474395195376,0.8613387096975226,0.9092129223953133,0.723315573577255,0.8731808731808732,9.004,0.001,8.95,0.0,8950.0,0.0,18216.0,924503.0,104666.0,88.77338877338877,52.39085239085239,?
DatasetClassiRealeseNormalized,3,7,weka.classifiers.meta.FilteredClassifier,'-F \"weka.filters.MultiFilter -F \\\"weka.filters.supervised.attribute.AttributeSelection -E \\\\\\\"weka.attributeSelection.WrapperSubsetEval -B weka.classifiers.bayes.NaiveBayes -F 5 -T 0.01 -R 1 -E AUC --\\\\\\\" -S \\\\\\\"weka.attributeSelection.GreedyStepwise -B -T -1.7976931348623157E308 -N -1 -num-slots 1\\\\\\\"\\\" -S 1\" -S 1 -W weka.classifiers.bayes.NaiveBayes',-4523450618538717400,2.02604250751E7,4330.0,481.0,419.0,62.0,0.0,87.11018711018711,12.88981288981289,0.0,0.42610268647525207,0.12818984051752122,0.34720489895720874,55.58083324336515,102.2287122727526,272.1308087156738,873.2299802375159,-601.099171521842,0.565760517080403,1.81544694436074,-1.2496864272803367,80.7626258752705,0.16790566710035448,29.677869351298792,0.484375,31.0,0.06954436450839328,29.0,0.9304556354916067,388.0,0.515625,33.0,0.5166666666666667,0.484375,0.5000000000000001,0.42639505867453215,0.8838054556354916,0.5639937844289652,0.8711018711018711,0.4562712356102644,0.5437287643897355,0.1288981288981289,0.8677343157153133,0.8711018711018711,0.8693305017887357,0.42639505867453215,0.8842277529327889,0.924826085489868,0.7130071599045347,0.8711018711018711,10.971,0.001,10.91,0.0,10910.0,0.0,15206.0,924503.0,104666.0,88.77338877338877,51.975051975051976,?
DatasetClassiRealeseNormalized,3,8,weka.classifiers.meta.FilteredClassifier,'-F \"weka.filters.MultiFilter -F \\\"weka.filters.supervised.attribute.AttributeSelection -E \\\\\\\"weka.attributeSelection.WrapperSubsetEval -B weka.classifiers.bayes.NaiveBayes -F 5 -T 0.01 -R 1 -E AUC --\\\\\\\" -S \\\\\\\"weka.attributeSelection.GreedyStepwise -B -T -1.7976931348623157E308 -N -1 -num-slots 1\\\\\\\"\\\" -S 1\" -S 1 -W weka.classifiers.bayes.NaiveBayes',-4523450618538717400,2.02604250751E7,4330.0,481.0,431.0,50.0,0.0,89.60498960498961,10.395010395010395,0.0,0.530804947520387,0.11181195549042511,0.3147049083840497,48.47967379972254,92.65963016835488,272.1308087156738,1071.4095440592307,-799.278735343557,0.565760517080403,2.22746266956181,-1.6617021524814073,109.98605250634967,0.22866123182193276,40.416611785130385,0.5625,36.0,0.05275779376498801,22.0,0.947242206235012,395.0,0.4375,28.0,0.6206896551724138,0.5625,0.5901639344262296,0.5316482985294906,0.8702975119904077,0.6104852193213455,0.896049896049896,0.38630768981488406,0.6136923101851159,0.10395010395010396,0.8921440770303573,0.896049896049896,0.8938649963240127,0.5316482985294906,0.870232543175439,0.92715304372584,0.7653200624512101,0.896049896049896,11.302,0.0,11.23,0.0,11230.0,0.0,14665.0,924503.0,104666.0,91.06029106029106,53.84615384615385,?
DatasetClassiRealeseNormalized,3,9,weka.classifiers.meta.FilteredClassifier,'-F \"weka.filters.MultiFilter -F \\\"weka.filters.supervised.attribute.AttributeSelection -E \\\\\\\"weka.attributeSelection.WrapperSubsetEval -B weka.classifiers.bayes.NaiveBayes -F 5 -T 0.01 -R 1 -E AUC --\\\\\\\" -S \\\\\\\"weka.attributeSelection.GreedyStepwise -B -T -1.7976931348623157E308 -N -1 -num-slots 1\\\\\\\"\\\" -S 1\" -S 1 -W weka.classifiers.bayes.NaiveBayes',-4523450618538717400,2.02604250751E7,4330.0,481.0,432.0,49.0,0.0,89.81288981288981,10.187110187110187,0.0,0.47921868440241316,0.10099930166925723,0.3107367338258716,43.79149955341459,91.49126711710069,272.1308087156738,721.4676973389849,-449.33688862331104,0.565760517080403,1.4999328427005922,-0.9341723256201893,120.17247763777479,0.24983883084776465,44.15982086149339,0.4375,28.0,0.03117505995203837,13.0,0.9688249400479616,404.0,0.5625,36.0,0.6829268292682927,0.4375,0.5333333333333333,0.49421193342277525,0.8803956834532374,0.6610370745870249,0.8981288981288982,0.49180395808093647,0.5081960419190635,0.10187110187110188,0.886879699074821,0.8981288981288982,0.8883385854214325,0.49421193342277525,0.8803956834532374,0.9333165350168294,0.7380785686503306,0.8981288981288982,8.507,0.001,8.46,0.0,8460.0,0.0,18476.0,924503.0,104666.0,91.26819126819127,51.351351351351354,?
DatasetClassiRealeseNormalized,3,10,weka.classifiers.meta.FilteredClassifier,'-F \"weka.filters.MultiFilter -F \\\"weka.filters.supervised.attribute.AttributeSelection -E \\\\\\\"weka.attributeSelection.WrapperSubsetEval -B weka.classifiers.bayes.NaiveBayes -F 5 -T 0.01 -R 1 -E AUC --\\\\\\\" -S \\\\\\\"weka.attributeSelection.GreedyStepwise -B -T -1.7976931348623157E308 -N -1 -num-slots 1\\\\\\\"\\\" -S 1\" -S 1 -W weka.classifiers.bayes.NaiveBayes',-4523450618538717400,2.02604250751E7,4330.0,481.0,425.0,56.0,0.0,88.35758835758836,11.642411642411643,0.0,0.4816411361711954,0.11729941985659255,0.33500612993423573,50.85894067948104,98.63698746622858,272.1308087156738,3019.915222421904,-2747.78441370623,0.565760517080403,6.278410025825164,-5.712649508744762,95.15253569708445,0.1978223195365581,34.96573436361672,0.53125,34.0,0.06235011990407674,26.0,0.9376498800959233,391.0,0.46875,30.0,0.5666666666666667,0.53125,0.5483870967741935,0.48197161631768537,0.9017723321342925,0.559157093917953,0.8835758835758836,0.4146760034799603,0.5853239965200397,0.11642411642411643,0.8805648696385038,0.8835758835758836,0.8819759370995032,0.4819716163176854,0.9021946294315899,0.9273191223649899,0.7407806605589344,0.8835758835758836,9.032,0.001,8.97,0.0,8970.0,0.0,18217.0,924503.0,104666.0,89.60498960498961,51.55925155925156,?
DatasetClassiRealeseNormalized,4,1,weka.classifiers.meta.FilteredClassifier,'-F \"weka.filters.MultiFilter -F \\\"weka.filters.supervised.attribute.AttributeSelection -E \\\\\\\"weka.attributeSelection.WrapperSubsetEval -B weka.classifiers.bayes.NaiveBayes -F 5 -T 0.01 -R 1 -E AUC --\\\\\\\" -S \\\\\\\"weka.attributeSelection.GreedyStepwise -B -T -1.7976931348623157E308 -N -1 -num-slots 1\\\\\\\"\\\" -S 1\" -S 1 -W weka.classifiers.bayes.NaiveBayes',-4523450618538717400,2.02604250751E7,4329.0,482.0,427.0,55.0,0.0,88.58921161825727,11.410788381742739,0.0,0.5141663306821096,0.11620397815106395,0.3155935830428336,50.423349773311216,93.00300638324704,272.3366817903761,951.5074637748104,-679.1707819844344,0.565013862635635,1.974081875051474,-1.409068012415839,96.50179782401916,0.200211198805019,35.434740993979965,0.59375,38.0,0.06937799043062201,29.0,0.930622009569378,389.0,0.40625,26.0,0.5671641791044776,0.59375,0.5801526717557253,0.5143469627270169,0.9044931220095693,0.6197006337631449,0.8858921161825726,0.36152010661319467,0.6384798933868053,0.11410788381742738,0.8881961735590407,0.8858921161825726,0.8869932186234856,0.5143469627270169,0.9045579560344656,0.933045716834651,0.7570631305957498,0.8858921161825726,11.246,0.0,11.17,0.0,11170.0,0.0,14668.0,924290.0,104879.0,92.5311203319502,54.25311203319502,?
DatasetClassiRealeseNormalized,4,2,weka.classifiers.meta.FilteredClassifier,'-F \"weka.filters.MultiFilter -F \\\"weka.filters.supervised.attribute.AttributeSelection -E \\\\\\\"weka.attributeSelection.WrapperSubsetEval -B weka.classifiers.bayes.NaiveBayes -F 5 -T 0.01 -R 1 -E AUC --\\\\\\\" -S \\\\\\\"weka.attributeSelection.GreedyStepwise -B -T -1.7976931348623157E308 -N -1 -num-slots 1\\\\\\\"\\\" -S 1\" -S 1 -W weka.classifiers.bayes.NaiveBayes',-4523450618538717400,2.02604250752E7,4330.0,481.0,418.0,63.0,0.0,86.9022869022869,13.097713097713097,0.0,0.42073671936230017,0.1301167453156268,0.35546164335770736,56.74990136707392,105.35860762346478,269.42867131105754,1137.8284980790036,-868.399826767946,0.5601427677984564,2.3655478130540613,-1.805405045255605,73.70361997000485,0.15322997914761924,27.355522191219748,0.49206349206349204,31.0,0.07416267942583732,31.0,0.9258373205741627,387.0,0.5079365079365079,32.0,0.5,0.49206349206349204,0.49599999999999994,0.4207545053856795,0.8700159489633174,0.5880311799811372,0.8690228690228691,0.45112205638521424,0.5488779436147857,0.13097713097713098,0.8681421461851055,0.8690228690228691,0.8685772025126864,0.42075450538567954,0.8708904498378182,0.9264213245014086,0.7103655913978495,0.8690228690228691,8.3,0.001,8.25,0.0,8250.0,0.0,18483.0,924503.0,104666.0,88.35758835758836,51.03950103950104,?
DatasetClassiRealeseNormalized,4,3,weka.classifiers.meta.FilteredClassifier,'-F \"weka.filters.MultiFilter -F \\\"weka.filters.supervised.attribute.AttributeSelection -E \\\\\\\"weka.attributeSelection.WrapperSubsetEval -B weka.classifiers.bayes.NaiveBayes -F 5 -T 0.01 -R 1 -E AUC --\\\\\\\" -S \\\\\\\"weka.attributeSelection.GreedyStepwise -B -T -1.7976931348623157E308 -N -1 -num-slots 1\\\\\\\"\\\" -S 1\" -S 1 -W weka.classifiers.bayes.NaiveBayes',-4523450618538717400,2.02604250752E7,4330.0,481.0,427.0,54.0,0.0,88.77338877338877,11.226611226611226,0.0,0.5001539527365099,0.11413370288930404,0.3317692217360548,49.486342147926536,97.68393364170308,272.1308087156738,2630.1230378737678,-2357.992229158094,0.565760517080403,5.468031263770827,-4.902270746690424,101.92719438534357,0.2119068490339783,37.45522047517911,0.546875,35.0,0.05995203836930456,25.0,0.9400479616306955,392.0,0.453125,29.0,0.5833333333333334,0.546875,0.564516129032258,0.5004971355320699,0.8592251199040767,0.5588184522894942,0.8877338877338877,0.4008109261031923,0.5991890738968078,0.11226611226611227,0.884841720946234,0.8877338877338877,0.8861910822030925,0.5004971355320699,0.858932760236717,0.9175902900178098,0.7500384941104011,0.8877338877338877,9.398,0.001,9.34,0.0,9340.0,0.0,17950.0,924503.0,104666.0,89.1891891891892,50.83160083160083,?
DatasetClassiRealeseNormalized,4,4,weka.classifiers.meta.FilteredClassifier,'-F \"weka.filters.MultiFilter -F \\\"weka.filters.supervised.attribute.AttributeSelection -E \\\\\\\"weka.attributeSelection.WrapperSubsetEval -B weka.classifiers.bayes.NaiveBayes -F 5 -T 0.01 -R 1 -E AUC --\\\\\\\" -S \\\\\\\"weka.attributeSelection.GreedyStepwise -B -T -1.7976931348623157E308 -N -1 -num-slots 1\\\\\\\"\\\" -S 1\" -S 1 -W weka.classifiers.bayes.NaiveBayes',-4523450618538717400,2.02604250752E7,4330.0,481.0,421.0,60.0,0.0,87.52598752598753,12.474012474012474,0.0,0.47324231583558446,0.12702982314308278,0.34416688435115605,55.07787035654218,101.3342193610012,272.1308087156738,1654.3151957511814,-1382.1843870355076,0.565760517080403,3.4393247312914372,-2.8735642142110347,82.7634826051882,0.17206545240163867,30.413124848227188,0.5625,36.0,0.07673860911270983,32.0,0.9232613908872902,385.0,0.4375,28.0,0.5294117647058824,0.5625,0.5454545454545455,0.47353439106600126,0.8866344424460432,0.5706791580843292,0.8752598752598753,0.3894984843725851,0.610501515627415,0.12474012474012475,0.8786094937640301,0.8752598752598753,0.8768492985360455,0.47353439106600126,0.8871217085583093,0.9257772399635935,0.7365826944140197,0.8752598752598753,8.878,0.001,8.83,0.0,8830.0,0.0,18216.0,924503.0,104666.0,89.81288981288981,52.91060291060291,?
DatasetClassiRealeseNormalized,4,5,weka.classifiers.meta.FilteredClassifier,'-F \"weka.filters.MultiFilter -F \\\"weka.filters.supervised.attribute.AttributeSelection -E \\\\\\\"weka.attributeSelection.WrapperSubsetEval -B weka.classifiers.bayes.NaiveBayes -F 5 -T 0.01 -R 1 -E AUC --\\\\\\\" -S \\\\\\\"weka.attributeSelection.GreedyStepwise -B -T -1.7976931348623157E308 -N -1 -num-slots 1\\\\\\\"\\\" -S 1\" -S 1 -W weka.classifiers.bayes.NaiveBayes',-4523450618538717400,2.02604250752E7,4330.0,481.0,428.0,53.0,0.0,88.98128898128898,11.018711018711018,0.0,0.49920440035360003,0.11079172615423392,0.32408254061292424,48.03732051824638,95.42071813054822,272.1308087156738,2426.3508930568023,-2154.2200843411283,0.565760517080403,5.044388551053643,-4.47862803397324,106.06931300635944,0.22051832225854354,38.977326200938236,0.53125,34.0,0.05515587529976019,23.0,0.9448441247002398,394.0,0.46875,30.0,0.5964912280701754,0.53125,0.5619834710743801,0.5002999740854441,0.8757494004796164,0.537435006729593,0.8898128898128899,0.41371876511265004,0.5862812348873501,0.1101871101871102,0.8849703152086469,0.8898128898128899,0.8870842263988951,0.5002999740854441,0.8757494004796164,0.9188703187310873,0.7494816285217323,0.8898128898128899,8.901,0.001,8.85,0.0,8850.0,0.0,18215.0,924503.0,104666.0,90.64449064449065,51.767151767151766,?
DatasetClassiRealeseNormalized,4,6,weka.classifiers.meta.FilteredClassifier,'-F \"weka.filters.MultiFilter -F \\\"weka.filters.supervised.attribute.AttributeSelection -E \\\\\\\"weka.attributeSelection.WrapperSubsetEval -B weka.classifiers.bayes.NaiveBayes -F 5 -T 0.01 -R 1 -E AUC --\\\\\\\" -S \\\\\\\"weka.attributeSelection.GreedyStepwise -B -T -1.7976931348623157E308 -N -1 -num-slots 1\\\\\\\"\\\" -S 1\" -S 1 -W weka.classifiers.bayes.NaiveBayes',-4523450618538717400,2.02604250752E7,4330.0,481.0,427.0,54.0,0.0,88.77338877338877,11.226611226611226,0.0,0.4637238303670976,0.10998532641367778,0.31316390792130805,47.68767994356123,92.20590819210703,272.1308087156738,449.21002121103436,-177.07921249536054,0.565760517080403,0.9339085680063084,-0.36814805092590547,111.87371575892867,0.23258568764850035,41.11027203678946,0.46875,30.0,0.047961630695443645,20.0,0.9520383693045563,397.0,0.53125,34.0,0.6,0.46875,0.5263157894736842,0.468271907609906,0.9020908273381295,0.659879625771243,0.8877338877338877,0.4669455184293314,0.5330544815706687,0.11226611226611227,0.8783875433527405,0.8877338877338877,0.8817670795078938,0.468271907609906,0.9020908273381295,0.9404146773379701,0.7313182720953326,0.8877338877338877,11.217,0.0,11.14,0.0,11140.0,0.0,14672.0,924503.0,104666.0,92.0997920997921,53.222453222453225,?
DatasetClassiRealeseNormalized,4,7,weka.classifiers.meta.FilteredClassifier,'-F \"weka.filters.MultiFilter -F \\\"weka.filters.supervised.attribute.AttributeSelection -E \\\\\\\"weka.attributeSelection.WrapperSubsetEval -B weka.classifiers.bayes.NaiveBayes -F 5 -T 0.01 -R 1 -E AUC --\\\\\\\" -S \\\\\\\"weka.attributeSelection.GreedyStepwise -B -T -1.7976931348623157E308 -N -1 -num-slots 1\\\\\\\"\\\" -S 1\" -S 1 -W weka.classifiers.bayes.NaiveBayes',-4523450618538717400,2.02604250752E7,4330.0,481.0,425.0,56.0,0.0,88.35758835758836,11.642411642411643,0.0,0.5083594947798789,0.11905339898107778,0.34002365549142105,51.61943480941196,100.11431447989465,272.1308087156738,3506.3475918691975,-3234.2167831535235,0.565760517080403,7.289703933199995,-6.7239434161195915,92.87815760620366,0.19309388275718017,34.12996787998528,0.59375,38.0,0.07194244604316546,30.0,0.9280575539568345,387.0,0.40625,26.0,0.5588235294117647,0.59375,0.5757575757575757,0.5086732435965083,0.8622414568345323,0.541318580686204,0.8835758835758836,0.36176832961904903,0.638231670380951,0.11642411642411643,0.8867211848268678,0.8835758835758836,0.885059345300309,0.5086732435965083,0.8625663009093764,0.9166568570117354,0.7541438481197517,0.8835758835758836,8.941,0.001,8.88,0.0,8880.0,0.0,18215.0,924503.0,104666.0,88.98128898128898,51.03950103950104,?
DatasetClassiRealeseNormalized,4,8,weka.classifiers.meta.FilteredClassifier,'-F \"weka.filters.MultiFilter -F \\\"weka.filters.supervised.attribute.AttributeSelection -E \\\\\\\"weka.attributeSelection.WrapperSubsetEval -B weka.classifiers.bayes.NaiveBayes -F 5 -T 0.01 -R 1 -E AUC --\\\\\\\" -S \\\\\\\"weka.attributeSelection.GreedyStepwise -B -T -1.7976931348623157E308 -N -1 -num-slots 1\\\\\\\"\\\" -S 1\" -S 1 -W weka.classifiers.bayes.NaiveBayes',-4523450618538717400,2.02604250753E7,4330.0,481.0,416.0,65.0,0.0,86.48648648648648,13.513513513513514,0.0,0.37717882826351135,0.13577774781213198,0.3629016261966082,58.87081479186571,106.85035274326397,272.1308087156738,2363.6483264841027,-2091.5175177684287,0.565760517080403,4.914029784790234,-4.3482692677098305,68.54673037245998,0.14250879495313926,25.18889011353308,0.421875,27.0,0.0671462829736211,28.0,0.9328537170263789,389.0,0.578125,37.0,0.4909090909090909,0.421875,0.45378151260504196,0.3785891979410414,0.8365182853717026,0.4578785997944167,0.8648648648648649,0.5101361478384859,0.489863852161514,0.13513513513513514,0.8569643907672077,0.8648648648648649,0.8604760746272155,0.3785891979410414,0.8364208321492494,0.8983224684926644,0.688337968639413,0.8648648648648649,9.0,0.001,8.95,0.0,8950.0,0.0,18211.0,924503.0,104666.0,87.52598752598753,51.66320166320166,?
DatasetClassiRealeseNormalized,4,9,weka.classifiers.meta.FilteredClassifier,'-F \"weka.filters.MultiFilter -F \\\"weka.filters.supervised.attribute.AttributeSelection -E \\\\\\\"weka.attributeSelection.WrapperSubsetEval -B weka.classifiers.bayes.NaiveBayes -F 5 -T 0.01 -R 1 -E AUC --\\\\\\\" -S \\\\\\\"weka.attributeSelection.GreedyStepwise -B -T -1.7976931348623157E308 -N -1 -num-slots 1\\\\\\\"\\\" -S 1\" -S 1 -W weka.classifiers.bayes.NaiveBayes',-4523450618538717400,2.02604250753E7,4330.0,481.0,423.0,58.0,0.0,87.94178794178794,12.058212058212058,0.0,0.406703245289439,0.11758063795041053,0.3355572748251611,50.98087183966044,98.79926291984178,272.1308087156738,1478.3781943761255,-1206.2473856604518,0.565760517080403,3.073551339659305,-2.507790822578902,95.68232168219285,0.19892374570102464,35.16041499812802,0.40625,26.0,0.047961630695443645,20.0,0.9520383693045563,397.0,0.59375,38.0,0.5652173913043478,0.40625,0.4727272727272727,0.4137777946348039,0.9010229316546763,0.5388699325490554,0.8794178794178794,0.5211295101133231,0.4788704898866769,0.12058212058212059,0.8664164799097333,0.8794178794178794,0.8708258243469511,0.4137777946348039,0.9013640179332626,0.9243945983978413,0.7023260776781903,0.8794178794178794,9.01,0.001,8.96,0.0,8960.0,0.0,18217.0,924503.0,104666.0,90.22869022869023,51.87110187110187,?
DatasetClassiRealeseNormalized,4,10,weka.classifiers.meta.FilteredClassifier,'-F \"weka.filters.MultiFilter -F \\\"weka.filters.supervised.attribute.AttributeSelection -E \\\\\\\"weka.attributeSelection.WrapperSubsetEval -B weka.classifiers.bayes.NaiveBayes -F 5 -T 0.01 -R 1 -E AUC --\\\\\\\" -S \\\\\\\"weka.attributeSelection.GreedyStepwise -B -T -1.7976931348623157E308 -N -1 -num-slots 1\\\\\\\"\\\" -S 1\" -S 1 -W weka.classifiers.bayes.NaiveBayes',-4523450618538717400,2.02604250753E7,4330.0,481.0,432.0,49.0,0.0,89.81288981288981,10.187110187110187,0.0,0.5494963396219205,0.10090108349513423,0.30957105468480717,43.74891390126494,91.14805226652649,272.1308087156738,1419.1471330619831,-1147.0163243463094,0.565760517080403,2.950409840045703,-2.3846493229653003,120.78092259882285,0.2511037891867419,44.383406336405116,0.59375,38.0,0.05515587529976019,23.0,0.9448441247002398,394.0,0.40625,26.0,0.6229508196721312,0.59375,0.608,0.549705476050345,0.9168352817745803,0.6683047600790357,0.8981288981288982,0.35953477342865836,0.6404652265713418,0.10187110187110188,0.8961633404256356,0.8981288981288982,0.8970890096051385,0.549705476050345,0.9175499387392373,0.9434039228694179,0.7747287933094384,0.8981288981288982,9.021,0.001,8.96,0.0,8960.0,0.0,18215.0,924503.0,104666.0,92.3076923076923,51.975051975051976,?
DatasetClassiRealeseNormalized,5,1,weka.classifiers.meta.FilteredClassifier,'-F \"weka.filters.MultiFilter -F \\\"weka.filters.supervised.attribute.AttributeSelection -E \\\\\\\"weka.attributeSelection.WrapperSubsetEval -B weka.classifiers.bayes.NaiveBayes -F 5 -T 0.01 -R 1 -E AUC --\\\\\\\" -S \\\\\\\"weka.attributeSelection.GreedyStepwise -B -T -1.7976931348623157E308 -N -1 -num-slots 1\\\\\\\"\\\" -S 1\" -S 1 -W weka.classifiers.bayes.NaiveBayes',-4523450618538717400,2.02604250753E7,4329.0,482.0,431.0,51.0,0.0,89.41908713692946,10.58091286307054,0.0,0.5608945732556896,0.1070607771780364,0.3165945642786509,46.4559225987328,93.29798786977365,272.3366817903761,1168.646733673738,-896.3100518833619,0.565013862635635,2.424578285630162,-1.8595644229945267,111.63538399386516,0.23160868048519742,40.991681054480026,0.65625,42.0,0.06937799043062201,29.0,0.930622009569378,389.0,0.34375,22.0,0.5915492957746479,0.65625,0.6222222222222222,0.5619160528634929,0.9215011961722488,0.643936633934801,0.8941908713692946,0.30731886179991663,0.6926811382000834,0.10580912863070539,0.8993453507589845,0.8941908713692946,0.8964873497094992,0.5619160528634929,0.9219550343465227,0.9418262687672185,0.7803511593620158,0.8941908713692946,8.961,0.001,8.9,0.0,8900.0,0.0,18215.0,924290.0,104879.0,91.70124481327801,52.385892116182575,?
DatasetClassiRealeseNormalized,5,2,weka.classifiers.meta.FilteredClassifier,'-F \"weka.filters.MultiFilter -F \\\"weka.filters.supervised.attribute.AttributeSelection -E \\\\\\\"weka.attributeSelection.WrapperSubsetEval -B weka.classifiers.bayes.NaiveBayes -F 5 -T 0.01 -R 1 -E AUC --\\\\\\\" -S \\\\\\\"weka.attributeSelection.GreedyStepwise -B -T -1.7976931348623157E308 -N -1 -num-slots 1\\\\\\\"\\\" -S 1\" -S 1 -W weka.classifiers.bayes.NaiveBayes',-4523450618538717400,2.02604250753E7,4330.0,481.0,427.0,54.0,0.0,88.77338877338877,11.226611226611226,0.0,0.5000962315716541,0.11215273009268396,0.32346246451205246,48.91496751912294,95.87407113050838,269.42867131105754,2137.9885798731193,-1868.5599085620618,0.5601427677984564,4.4448827024389175,-3.884739934640461,97.80969140092552,0.20334655176907593,36.302629161542896,0.5555555555555556,35.0,0.06220095693779904,26.0,0.937799043062201,392.0,0.4444444444444444,28.0,0.5737704918032787,0.5555555555555556,0.5645161290322581,0.5001819709943595,0.8463203463203464,0.5492535496145281,0.8877338877338877,0.3943792891161312,0.6056207108838688,0.11226611226611227,0.886238823943742,0.8877338877338877,0.88696248496849,0.5001819709943595,0.8466503466503467,0.9156368595096934,0.7500384941104011,0.8877338877338877,9.044,0.001,8.98,0.0,8980.0,0.0,18218.0,924503.0,104666.0,90.22869022869023,52.07900207900208,?
DatasetClassiRealeseNormalized,5,3,weka.classifiers.meta.FilteredClassifier,'-F \"weka.filters.MultiFilter -F \\\"weka.filters.supervised.attribute.AttributeSelection -E \\\\\\\"weka.attributeSelection.WrapperSubsetEval -B weka.classifiers.bayes.NaiveBayes -F 5 -T 0.01 -R 1 -E AUC --\\\\\\\" -S \\\\\\\"weka.attributeSelection.GreedyStepwise -B -T -1.7976931348623157E308 -N -1 -num-slots 1\\\\\\\"\\\" -S 1\" -S 1 -W weka.classifiers.bayes.NaiveBayes',-4523450618538717400,2.02604250753E7,4330.0,481.0,420.0,61.0,0.0,87.31808731808732,12.681912681912682,0.0,0.46789140566910314,0.12725519191378912,0.3480951210344577,55.17558624426246,102.49082336872867,272.1308087156738,3706.5983533872263,-3434.4675446715523,0.565760517080403,7.706025682717726,-7.140265165637323,79.00446568577091,0.16425044841116612,29.03179763387831,0.5625,36.0,0.07913669064748201,33.0,0.920863309352518,384.0,0.4375,28.0,0.5217391304347826,0.5625,0.5413533834586465,0.46833707845988964,0.8595248800959233,0.517410143799951,0.8731808731808732,0.3898175638283552,0.6101824361716448,0.12681912681912683,0.8774459428743937,0.8731808731808732,0.8751822452539867,0.46833707845988964,0.8596873021333453,0.9115420355290184,0.73388537689217,0.8731808731808732,8.973,0.001,8.88,0.0,8880.0,0.0,18219.0,924503.0,104666.0,88.77338877338877,51.87110187110187,?
DatasetClassiRealeseNormalized,5,4,weka.classifiers.meta.FilteredClassifier,'-F \"weka.filters.MultiFilter -F \\\"weka.filters.supervised.attribute.AttributeSelection -E \\\\\\\"weka.attributeSelection.WrapperSubsetEval -B weka.classifiers.bayes.NaiveBayes -F 5 -T 0.01 -R 1 -E AUC --\\\\\\\" -S \\\\\\\"weka.attributeSelection.GreedyStepwise -B -T -1.7976931348623157E308 -N -1 -num-slots 1\\\\\\\"\\\" -S 1\" -S 1 -W weka.classifiers.bayes.NaiveBayes',-4523450618538717400,2.02604250753E7,4330.0,481.0,427.0,54.0,0.0,88.77338877338877,11.226611226611226,0.0,0.49326934332201794,0.11468544312733839,0.33105625416851847,49.72556689491146,97.47401219030544,272.1308087156738,933.8204602091793,-661.6896514935054,0.565760517080403,1.9414146781895618,-1.3756541611091588,100.4402805427334,0.20881555206389482,36.908823744273235,0.53125,34.0,0.05755395683453238,24.0,0.9424460431654677,393.0,0.46875,30.0,0.5862068965517241,0.53125,0.5573770491803278,0.4940530571897839,0.8883955335731415,0.6159273549044652,0.8877338877338877,0.41403784456842013,0.5859621554315799,0.11226611226611227,0.8834569091355592,0.8877338877338877,0.8853741960299337,0.49405305718978393,0.8884442601843681,0.9319513322548603,0.7465456674473068,0.8877338877338877,8.968,0.001,8.89,0.0,8890.0,0.0,18216.0,924503.0,104666.0,89.81288981288981,51.767151767151766,?
DatasetClassiRealeseNormalized,5,5,weka.classifiers.meta.FilteredClassifier,'-F \"weka.filters.MultiFilter -F \\\"weka.filters.supervised.attribute.AttributeSelection -E \\\\\\\"weka.attributeSelection.WrapperSubsetEval -B weka.classifiers.bayes.NaiveBayes -F 5 -T 0.01 -R 1 -E AUC --\\\\\\\" -S \\\\\\\"weka.attributeSelection.GreedyStepwise -B -T -1.7976931348623157E308 -N -1 -num-slots 1\\\\\\\"\\\" -S 1\" -S 1 -W weka.classifiers.bayes.NaiveBayes',-4523450618538717400,2.02604250754E7,4330.0,481.0,423.0,58.0,0.0,87.94178794178794,12.058212058212058,0.0,0.48415369254095636,0.12196416349528212,0.33734252814438836,52.88149049511651,99.3249010904246,272.1308087156738,855.0494469902619,-582.9186382745881,0.565760517080403,1.7776495779423325,-1.2118890608619297,87.96628133181247,0.18288208177091989,32.32499904989475,0.5625,36.0,0.07194244604316546,30.0,0.9280575539568345,387.0,0.4375,28.0,0.5454545454545454,0.5625,0.5538461538461538,0.48423030527907995,0.8860911270983214,0.610164183857173,0.8794178794178794,0.3888603254610449,0.6111396745389551,0.12058212058212059,0.8810273412683052,0.8794178794178794,0.880200503758196,0.48423030527907995,0.8863022757469701,0.930746652165654,0.7420673076923077,0.8794178794178794,10.777,0.001,10.71,0.0,10710.0,0.0,15202.0,924503.0,104666.0,90.02079002079002,52.49480249480249,?
DatasetClassiRealeseNormalized,5,6,weka.classifiers.meta.FilteredClassifier,'-F \"weka.filters.MultiFilter -F \\\"weka.filters.supervised.attribute.AttributeSelection -E \\\\\\\"weka.attributeSelection.WrapperSubsetEval -B weka.classifiers.bayes.NaiveBayes -F 5 -T 0.01 -R 1 -E AUC --\\\\\\\" -S \\\\\\\"weka.attributeSelection.GreedyStepwise -B -T -1.7976931348623157E308 -N -1 -num-slots 1\\\\\\\"\\\" -S 1\" -S 1 -W weka.classifiers.bayes.NaiveBayes',-4523450618538717400,2.02604250754E7,4330.0,481.0,422.0,59.0,0.0,87.73388773388774,12.266112266112266,0.0,0.4425105588841962,0.12114865241028988,0.33944598312364094,52.52789940365342,99.94422845158375,272.1308087156738,1342.8926325241275,-1070.7618238084538,0.565760517080403,2.791876574894236,-2.226116057813833,90.25415248757876,0.18763857066024692,33.165723834627485,0.484375,31.0,0.06235011990407674,26.0,0.9376498800959233,391.0,0.515625,33.0,0.543859649122807,0.484375,0.5123966942148761,0.4434817100680275,0.8897631894484412,0.6102560461161639,0.8773388773388774,0.45531399724295407,0.5446860027570459,0.12266112266112267,0.8718333240428574,0.8773388773388774,0.8743013086327324,0.44348171006802756,0.8898606426708945,0.9315294025418985,0.721121058165702,0.8773388773388774,8.808,0.001,8.74,0.0,8740.0,0.0,18216.0,924503.0,104666.0,90.02079002079002,52.07900207900208,?
DatasetClassiRealeseNormalized,5,7,weka.classifiers.meta.FilteredClassifier,'-F \"weka.filters.MultiFilter -F \\\"weka.filters.supervised.attribute.AttributeSelection -E \\\\\\\"weka.attributeSelection.WrapperSubsetEval -B weka.classifiers.bayes.NaiveBayes -F 5 -T 0.01 -R 1 -E AUC --\\\\\\\" -S \\\\\\\"weka.attributeSelection.GreedyStepwise -B -T -1.7976931348623157E308 -N -1 -num-slots 1\\\\\\\"\\\" -S 1\" -S 1 -W weka.classifiers.bayes.NaiveBayes',-4523450618538717400,2.02604250754E7,4330.0,481.0,419.0,62.0,0.0,87.11018711018711,12.88981288981289,0.0,0.4100727963285329,0.12593269903207,0.34825429845859673,54.602176869325916,102.53769051588444,272.1308087156738,1196.1235042348724,-923.9926955191986,0.565760517080403,2.486743252047552,-1.9209827349671489,82.35578922224462,0.17121785701090358,30.26330962338452,0.453125,29.0,0.06474820143884892,27.0,0.935251798561151,390.0,0.546875,35.0,0.5178571428571429,0.453125,0.48333333333333334,0.4112660058996724,0.8470848321342925,0.5398114455546836,0.8711018711018711,0.48272507254072,0.5172749274592799,0.1288981288981289,0.8644525585702056,0.8711018711018711,0.8674176094603648,0.4112660058996723,0.8474096762091367,0.9120424682237368,0.7048495645288995,0.8711018711018711,8.811,0.001,8.76,0.0,8760.0,0.0,18217.0,924503.0,104666.0,89.81288981288981,51.66320166320166,?
DatasetClassiRealeseNormalized,5,8,weka.classifiers.meta.FilteredClassifier,'-F \"weka.filters.MultiFilter -F \\\"weka.filters.supervised.attribute.AttributeSelection -E \\\\\\\"weka.attributeSelection.WrapperSubsetEval -B weka.classifiers.bayes.NaiveBayes -F 5 -T 0.01 -R 1 -E AUC --\\\\\\\" -S \\\\\\\"weka.attributeSelection.GreedyStepwise -B -T -1.7976931348623157E308 -N -1 -num-slots 1\\\\\\\"\\\" -S 1\" -S 1 -W weka.classifiers.bayes.NaiveBayes',-4523450618538717400,2.02604250754E7,4330.0,481.0,424.0,57.0,0.0,88.14968814968815,11.85031185031185,0.0,0.4829225053278768,0.11585910747691923,0.3337790869493385,50.23444686725856,98.2757050516483,272.1308087156738,2820.5919382553125,-2548.4611295396385,0.565760517080403,5.864016503649299,-5.298255986568895,97.45107302646211,0.20260098342299815,35.81037865076144,0.546875,35.0,0.0671462829736211,28.0,0.9328537170263789,389.0,0.453125,29.0,0.5555555555555556,0.546875,0.5511811023622047,0.48294237706417226,0.9054631294964028,0.5735879291439411,0.8814968814968815,0.4017681644705026,0.5982318355294974,0.11850311850311851,0.8807171175592228,0.8814968814968815,0.8811012937374387,0.48294237706417226,0.9063239662947397,0.9292086432935815,0.7414588146541563,0.8814968814968815,8.888,0.001,8.83,0.0,8830.0,0.0,18216.0,924503.0,104666.0,90.02079002079002,51.24740124740125,?
DatasetClassiRealeseNormalized,5,9,weka.classifiers.meta.FilteredClassifier,'-F \"weka.filters.MultiFilter -F \\\"weka.filters.supervised.attribute.AttributeSelection -E \\\\\\\"weka.attributeSelection.WrapperSubsetEval -B weka.classifiers.bayes.NaiveBayes -F 5 -T 0.01 -R 1 -E AUC --\\\\\\\" -S \\\\\\\"weka.attributeSelection.GreedyStepwise -B -T -1.7976931348623157E308 -N -1 -num-slots 1\\\\\\\"\\\" -S 1\" -S 1 -W weka.classifiers.bayes.NaiveBayes',-4523450618538717400,2.02604250754E7,4330.0,481.0,430.0,51.0,0.0,89.3970893970894,10.602910602910603,0.0,0.4821952506596309,0.10534984037405613,0.30731789022123374,45.67781570213609,90.4846454357426,272.1308087156738,1144.824180526108,-872.6933718104342,0.565760517080403,2.3800918514056297,-1.814331334325227,117.10080867994772,0.24345282469843602,43.03107363425959,0.46875,30.0,0.0407673860911271,17.0,0.9592326139088729,400.0,0.53125,34.0,0.6382978723404256,0.46875,0.5405405405405406,0.48954243941019254,0.8731077637889688,0.5997144735247305,0.893970893970894,0.4659882800620211,0.5340117199379789,0.10602910602910603,0.8839560521097927,0.893970893970894,0.8869105931385602,0.48954243941019254,0.8730427949740001,0.924560967802557,0.7403055229142186,0.893970893970894,11.127,0.001,11.05,0.0,11050.0,0.0,14671.0,924503.0,104666.0,91.89189189189189,53.11850311850312,?
DatasetClassiRealeseNormalized,5,10,weka.classifiers.meta.FilteredClassifier,'-F \"weka.filters.MultiFilter -F \\\"weka.filters.supervised.attribute.AttributeSelection -E \\\\\\\"weka.attributeSelection.WrapperSubsetEval -B weka.classifiers.bayes.NaiveBayes -F 5 -T 0.01 -R 1 -E AUC --\\\\\\\" -S \\\\\\\"weka.attributeSelection.GreedyStepwise -B -T -1.7976931348623157E308 -N -1 -num-slots 1\\\\\\\"\\\" -S 1\" -S 1 -W weka.classifiers.bayes.NaiveBayes',-4523450618538717400,2.02604250754E7,4330.0,481.0,428.0,53.0,0.0,88.98128898128898,11.018711018711018,0.0,0.49216119843024775,0.11366634727301064,0.32979629850390196,49.28370507099685,97.1030391841602,272.1308087156738,3152.1971490665183,-2880.0663403508443,0.565760517080403,6.553424426333717,-5.987663909253315,101.60603654301968,0.21123916121209912,37.33720449461462,0.515625,33.0,0.05275779376498801,22.0,0.947242206235012,395.0,0.484375,31.0,0.6,0.515625,0.5546218487394958,0.49400151707675977,0.8881707134292566,0.5133437933178204,0.8898128898128899,0.4269456835778778,0.5730543164221222,0.1101871101871102,0.8836900822816315,0.8898128898128899,0.8862343377729603,0.4940015170767598,0.8888204015789447,0.9189899135451044,0.7458755744290599,0.8898128898128899,8.859,0.001,8.8,0.0,8800.0,0.0,18217.0,924503.0,104666.0,90.02079002079002,51.87110187110187,?
DatasetClassiRealeseNormalized,6,1,weka.classifiers.meta.FilteredClassifier,'-F \"weka.filters.MultiFilter -F \\\"weka.filters.supervised.attribute.AttributeSelection -E \\\\\\\"weka.attributeSelection.WrapperSubsetEval -B weka.classifiers.bayes.NaiveBayes -F 5 -T 0.01 -R 1 -E AUC --\\\\\\\" -S \\\\\\\"weka.attributeSelection.GreedyStepwise -B -T -1.7976931348623157E308 -N -1 -num-slots 1\\\\\\\"\\\" -S 1\" -S 1 -W weka.classifiers.bayes.NaiveBayes',-4523450618538717400,2.02604250755E7,4329.0,482.0,420.0,62.0,0.0,87.13692946058092,12.863070539419088,0.0,0.41837290774620484,0.1285836962313597,0.34886158102178577,55.79516978145457,102.80683001794499,272.3366817903761,3034.5404704501625,-2762.2037886597864,0.565013862635635,6.2957271171165194,-5.730713254480885,77.80551830221835,0.16142223714153184,28.569606485147332,0.46875,30.0,0.06698564593301436,28.0,0.9330143540669856,390.0,0.53125,34.0,0.5172413793103449,0.46875,0.4918032786885246,0.4190372247603685,0.8684958133971292,0.4975715167671234,0.8713692946058091,0.4696049405388235,0.5303950594611765,0.12863070539419086,0.8663580505214394,0.8713692946058091,0.8686645486491538,0.4190372247603685,0.868706523978042,0.9117320961272721,0.709084537206495,0.8713692946058091,8.843,0.001,8.78,0.0,8780.0,0.0,18217.0,924290.0,104879.0,89.2116182572614,52.178423236514526,?
DatasetClassiRealeseNormalized,6,2,weka.classifiers.meta.FilteredClassifier,'-F \"weka.filters.MultiFilter -F \\\"weka.filters.supervised.attribute.AttributeSelection -E \\\\\\\"weka.attributeSelection.WrapperSubsetEval -B weka.classifiers.bayes.NaiveBayes -F 5 -T 0.01 -R 1 -E AUC --\\\\\\\" -S \\\\\\\"weka.attributeSelection.GreedyStepwise -B -T -1.7976931348623157E308 -N -1 -num-slots 1\\\\\\\"\\\" -S 1\" -S 1 -W weka.classifiers.bayes.NaiveBayes',-4523450618538717400,2.02604250755E7,4330.0,481.0,423.0,58.0,0.0,87.94178794178794,12.058212058212058,0.0,0.46306632279918397,0.11825461529816919,0.33645471184369435,51.576280501741074,99.7249650717823,269.42867131105754,2009.2366808358822,-1739.8080095248247,0.5601427677984564,4.177207236665036,-3.6170644688665794,91.33639090424668,0.18988854657847543,33.90002647446459,0.5238095238095238,33.0,0.06698564593301436,28.0,0.9330143540669856,390.0,0.47619047619047616,30.0,0.5409836065573771,0.5238095238095238,0.5322580645161291,0.4631457135977635,0.87745879851143,0.55863062639225,0.8794178794178794,0.42259400154136995,0.57740599845863,0.12058212058212059,0.8778062876423532,0.8794178794178794,0.8785893357068968,0.4631457135977635,0.87742579847843,0.923002022831545,0.7315228270074678,0.8794178794178794,9.004,0.001,8.94,0.0,8940.0,0.0,18216.0,924503.0,104666.0,90.64449064449065,52.07900207900208,?
DatasetClassiRealeseNormalized,6,3,weka.classifiers.meta.FilteredClassifier,'-F \"weka.filters.MultiFilter -F \\\"weka.filters.supervised.attribute.AttributeSelection -E \\\\\\\"weka.attributeSelection.WrapperSubsetEval -B weka.classifiers.bayes.NaiveBayes -F 5 -T 0.01 -R 1 -E AUC --\\\\\\\" -S \\\\\\\"weka.attributeSelection.GreedyStepwise -B -T -1.7976931348623157E308 -N -1 -num-slots 1\\\\\\\"\\\" -S 1\" -S 1 -W weka.classifiers.bayes.NaiveBayes',-4523450618538717400,2.02604250755E7,4330.0,481.0,421.0,60.0,0.0,87.52598752598753,12.474012474012474,0.0,0.42910270612438667,0.1269846970757933,0.3477126442410814,55.05830449694816,102.37820943333057,272.1308087156738,2143.8142422941305,-1871.6834335784567,0.565760517080403,4.456994266723764,-3.8912337496433613,83.41314311704012,0.17341609795642438,30.651855815484446,0.46875,30.0,0.06235011990407674,26.0,0.9376498800959233,391.0,0.53125,34.0,0.5357142857142857,0.46875,0.5,0.4303512879872501,0.8820630995203836,0.5218961470824998,0.8752598752598753,0.468859995163952,0.531140004836048,0.12474012474012475,0.868868428868429,0.8752598752598753,0.8716944607680951,0.4303512879872501,0.8825178812251654,0.9190936518744984,0.7143705463182899,0.8752598752598753,8.856,0.001,8.8,0.0,8800.0,0.0,18216.0,924503.0,104666.0,88.98128898128898,51.66320166320166,?
DatasetClassiRealeseNormalized,6,4,weka.classifiers.meta.FilteredClassifier,'-F \"weka.filters.MultiFilter -F \\\"weka.filters.supervised.attribute.AttributeSelection -E \\\\\\\"weka.attributeSelection.WrapperSubsetEval -B weka.classifiers.bayes.NaiveBayes -F 5 -T 0.01 -R 1 -E AUC --\\\\\\\" -S \\\\\\\"weka.attributeSelection.GreedyStepwise -B -T -1.7976931348623157E308 -N -1 -num-slots 1\\\\\\\"\\\" -S 1\" -S 1 -W weka.classifiers.bayes.NaiveBayes',-4523450618538717400,2.02604250755E7,4330.0,481.0,431.0,50.0,0.0,89.60498960498961,10.395010395010395,0.0,0.5610352631963204,0.10645070639131558,0.3197136029207099,46.155131613300064,94.13435703479072,272.1308087156738,1232.311323081245,-960.1805143655713,0.565760517080403,2.5619778026637112,-1.9962172855833082,112.09120745485833,0.23303785333650381,41.190193783597955,0.640625,41.0,0.06474820143884892,27.0,0.935251798561151,390.0,0.359375,23.0,0.6029411764705882,0.640625,0.6212121212121211,0.5613815223922689,0.8881519784172662,0.5753285678374197,0.896049896049896,0.32017309748874495,0.679826902511255,0.10395010395010396,0.8988887214211242,0.896049896049896,0.8973744154467045,0.561381522392269,0.8903284337187215,0.9258929578973688,0.7804855786783497,0.896049896049896,8.886,0.001,8.83,0.0,8830.0,0.0,18215.0,924503.0,104666.0,90.64449064449065,51.351351351351354,?
DatasetClassiRealeseNormalized,6,5,weka.classifiers.meta.FilteredClassifier,'-F \"weka.filters.MultiFilter -F \\\"weka.filters.supervised.attribute.AttributeSelection -E \\\\\\\"weka.attributeSelection.WrapperSubsetEval -B weka.classifiers.bayes.NaiveBayes -F 5 -T 0.01 -R 1 -E AUC --\\\\\\\" -S \\\\\\\"weka.attributeSelection.GreedyStepwise -B -T -1.7976931348623157E308 -N -1 -num-slots 1\\\\\\\"\\\" -S 1\" -S 1 -W weka.classifiers.bayes.NaiveBayes',-4523450618538717400,2.02604250755E7,4330.0,481.0,433.0,48.0,0.0,90.02079002079002,9.97920997920998,0.0,0.5556924024324532,0.10400367278584867,0.2973909128120308,45.094141395843806,87.5618119148118,272.1308087156738,426.65695302221536,-154.52614430654154,0.565760517080403,0.887020692353878,-0.3212601752734751,119.8102231292846,0.24908570297148563,44.026703075161194,0.59375,38.0,0.05275779376498801,22.0,0.947242206235012,395.0,0.40625,26.0,0.6333333333333333,0.59375,0.6129032258064516,0.556073693175223,0.8928544664268585,0.6783180114887711,0.9002079002079002,0.3592156939728882,0.6407843060271118,0.0997920997920998,0.8976722748694245,0.9002079002079002,0.8988365175138598,0.5560736931752231,0.8928544664268585,0.9362655987538809,0.777811994764801,0.9002079002079002,11.143,0.0,11.07,0.0,11070.0,0.0,14667.0,924503.0,104666.0,93.55509355509355,54.054054054054056,?
DatasetClassiRealeseNormalized,6,6,weka.classifiers.meta.FilteredClassifier,'-F \"weka.filters.MultiFilter -F \\\"weka.filters.supervised.attribute.AttributeSelection -E \\\\\\\"weka.attributeSelection.WrapperSubsetEval -B weka.classifiers.bayes.NaiveBayes -F 5 -T 0.01 -R 1 -E AUC --\\\\\\\" -S \\\\\\\"weka.attributeSelection.GreedyStepwise -B -T -1.7976931348623157E308 -N -1 -num-slots 1\\\\\\\"\\\" -S 1\" -S 1 -W weka.classifiers.bayes.NaiveBayes',-4523450618538717400,2.02604250755E7,4330.0,481.0,428.0,53.0,0.0,88.98128898128898,11.018711018711018,0.0,0.5127205306114649,0.11544884827455346,0.31786538078404564,50.056565779169276,93.59017874239726,272.1308087156738,1270.5287136729894,-998.3979049573156,0.565760517080403,2.641431837157982,-2.0756713200775794,100.3869657730426,0.20870471054686612,36.889232147885295,0.5625,36.0,0.05995203836930456,25.0,0.9400479616306955,392.0,0.4375,28.0,0.5901639344262295,0.5625,0.576,0.512915670292697,0.8834494904076738,0.6097786466385604,0.8898128898128899,0.3872649281821944,0.6127350718178057,0.1101871101871102,0.8876725401315565,0.8898128898128899,0.8886881124300479,0.512915670292697,0.8835469436301271,0.9296925909492191,0.7563393070489844,0.8898128898128899,11.108,0.0,11.03,0.0,11030.0,0.0,14673.0,924503.0,104666.0,91.47609147609148,54.054054054054056,?
DatasetClassiRealeseNormalized,6,7,weka.classifiers.meta.FilteredClassifier,'-F \"weka.filters.MultiFilter -F \\\"weka.filters.supervised.attribute.AttributeSelection -E \\\\\\\"weka.attributeSelection.WrapperSubsetEval -B weka.classifiers.bayes.NaiveBayes -F 5 -T 0.01 -R 1 -E AUC --\\\\\\\" -S \\\\\\\"weka.attributeSelection.GreedyStepwise -B -T -1.7976931348623157E308 -N -1 -num-slots 1\\\\\\\"\\\" -S 1\" -S 1 -W weka.classifiers.bayes.NaiveBayes',-4523450618538717400,2.02604250755E7,4330.0,481.0,418.0,63.0,0.0,86.9022869022869,13.097713097713097,0.0,0.4284932953623901,0.1311711839334858,0.3570553973867394,56.87349068466437,105.12902782912902,272.1308087156738,2490.2428635579226,-2218.1120548422487,0.565760517080403,5.177220090557012,-4.611459573476608,74.56531674067737,0.1550214485253168,27.40054207481678,0.5,32.0,0.07434052757793765,31.0,0.9256594724220624,386.0,0.5,32.0,0.5079365079365079,0.5,0.5039370078740157,0.4285109273958445,0.8609674760191847,0.4537348402162147,0.8690228690228691,0.44336339660080665,0.5566366033991933,0.13097713097713098,0.8681590260537629,0.8690228690228691,0.868585640446643,0.4285109273958445,0.8620069770586857,0.9067608997921279,0.7142439530388043,0.8690228690228691,8.88,0.001,8.83,0.0,8830.0,0.0,18215.0,924503.0,104666.0,88.35758835758836,51.351351351351354,?
DatasetClassiRealeseNormalized,6,8,weka.classifiers.meta.FilteredClassifier,'-F \"weka.filters.MultiFilter -F \\\"weka.filters.supervised.attribute.AttributeSelection -E \\\\\\\"weka.attributeSelection.WrapperSubsetEval -B weka.classifiers.bayes.NaiveBayes -F 5 -T 0.01 -R 1 -E AUC --\\\\\\\" -S \\\\\\\"weka.attributeSelection.GreedyStepwise -B -T -1.7976931348623157E308 -N -1 -num-slots 1\\\\\\\"\\\" -S 1\" -S 1 -W weka.classifiers.bayes.NaiveBayes',-4523450618538717400,2.0260425075600002E7,4330.0,481.0,436.0,45.0,0.0,90.64449064449065,9.355509355509355,0.0,0.5498221750795536,0.09669856027634424,0.28859178338053665,41.926774632802314,84.97105448712416,272.1308087156738,338.91649189448793,-66.78568317881411,0.565760517080403,0.7046080912567316,-0.1388475741763287,131.4453192310559,0.27327509195645716,48.30225576126952,0.53125,34.0,0.03597122302158273,15.0,0.9640287769784173,402.0,0.46875,30.0,0.6938775510204082,0.53125,0.6017699115044248,0.5561191107395762,0.9153364808153477,0.7148051048154753,0.9064449064449065,0.41116612946648917,0.5888338705335109,0.09355509355509356,0.899064095492667,0.9064449064449065,0.901061956004262,0.5561191107395762,0.9153364808153477,0.9487660921588378,0.7743831889677601,0.9064449064449065,11.148,0.001,11.08,0.0,11080.0,0.0,14672.0,924503.0,104666.0,93.97089397089397,54.15800415800416,?
DatasetClassiRealeseNormalized,6,9,weka.classifiers.meta.FilteredClassifier,'-F \"weka.filters.MultiFilter -F \\\"weka.filters.supervised.attribute.AttributeSelection -E \\\\\\\"weka.attributeSelection.WrapperSubsetEval -B weka.classifiers.bayes.NaiveBayes -F 5 -T 0.01 -R 1 -E AUC --\\\\\\\" -S \\\\\\\"weka.attributeSelection.GreedyStepwise -B -T -1.7976931348623157E308 -N -1 -num-slots 1\\\\\\\"\\\" -S 1\" -S 1 -W weka.classifiers.bayes.NaiveBayes',-4523450618538717400,2.0260425075600002E7,4330.0,481.0,426.0,55.0,0.0,88.56548856548856,11.434511434511435,0.0,0.5076215823856766,0.11238989587930162,0.3269818313341363,48.73025846578553,96.2743660998713,272.1308087156738,1841.9552501341618,-1569.824441418488,0.565760517080403,3.829428794457717,-3.263668277377314,102.48792242249989,0.21307260378898107,37.66127139598543,0.578125,37.0,0.0671462829736211,28.0,0.9328537170263789,389.0,0.421875,27.0,0.5692307692307692,0.578125,0.5736434108527132,0.5076419250965265,0.9066059652278178,0.5999284043369908,0.8856548856548857,0.3746761686285068,0.6253238313714933,0.11434511434511435,0.8864155205501358,0.8856548856548857,0.8860294492500864,0.5076419250965265,0.9072231689700214,0.9331188981568711,0.7538085001442438,0.8856548856548857,8.883,0.001,8.83,0.0,8830.0,0.0,18216.0,924503.0,104666.0,91.06029106029106,52.182952182952185,?
DatasetClassiRealeseNormalized,6,10,weka.classifiers.meta.FilteredClassifier,'-F \"weka.filters.MultiFilter -F \\\"weka.filters.supervised.attribute.AttributeSelection -E \\\\\\\"weka.attributeSelection.WrapperSubsetEval -B weka.classifiers.bayes.NaiveBayes -F 5 -T 0.01 -R 1 -E AUC --\\\\\\\" -S \\\\\\\"weka.attributeSelection.GreedyStepwise -B -T -1.7976931348623157E308 -N -1 -num-slots 1\\\\\\\"\\\" -S 1\" -S 1 -W weka.classifiers.bayes.NaiveBayes',-4523450618538717400,2.0260425075600002E7,4330.0,481.0,418.0,63.0,0.0,86.9022869022869,13.097713097713097,0.0,0.4207810080853262,0.1337409374038463,0.35482465924719636,57.98769005129157,104.47222405675105,272.1308087156738,1988.681391925581,-1716.5505832099072,0.565760517080403,4.134472748286031,-3.5687122312056285,71.8823032051416,0.14944345780694718,26.41461418660805,0.484375,31.0,0.07194244604316546,30.0,0.9280575539568345,387.0,0.515625,33.0,0.5081967213114754,0.484375,0.496,0.4209411558985771,0.8485461630695443,0.5431681986874988,0.8690228690228691,0.4565903150660345,0.5434096849339656,0.13097713097713098,0.866445539396359,0.8690228690228691,0.867685869492321,0.4209411558985771,0.8486273740882554,0.9148689807858553,0.7103655913978495,0.8690228690228691,8.86,0.001,8.81,0.0,8810.0,0.0,18215.0,924503.0,104666.0,88.98128898128898,52.49480249480249,?
DatasetClassiRealeseNormalized,7,1,weka.classifiers.meta.FilteredClassifier,'-F \"weka.filters.MultiFilter -F \\\"weka.filters.supervised.attribute.AttributeSelection -E \\\\\\\"weka.attributeSelection.WrapperSubsetEval -B weka.classifiers.bayes.NaiveBayes -F 5 -T 0.01 -R 1 -E AUC --\\\\\\\" -S \\\\\\\"weka.attributeSelection.GreedyStepwise -B -T -1.7976931348623157E308 -N -1 -num-slots 1\\\\\\\"\\\" -S 1\" -S 1 -W weka.classifiers.bayes.NaiveBayes',-4523450618538717400,2.0260425075600002E7,4329.0,482.0,417.0,65.0,0.0,86.51452282157676,13.485477178423237,0.0,0.3944021339931188,0.13695269777590463,0.3635622146968616,59.42665554337387,107.1389939179166,272.3366817903761,3198.17902668292,-2925.8423448925437,0.565013862635635,6.635226196437593,-6.070212333801958,64.74832689230544,0.1343326284072727,23.775103106434905,0.453125,29.0,0.07177033492822966,30.0,0.9282296650717703,388.0,0.546875,35.0,0.4915254237288136,0.453125,0.4715447154471545,0.39483078000024935,0.8316387559808612,0.4841597911446488,0.8651452282157677,0.48379056314399727,0.5162094368560026,0.13485477178423236,0.860728918470059,0.8651452282157677,0.8628051538235643,0.39483078000024935,0.8314442539061724,0.9025543574437237,0.697127886855563,0.8651452282157677,8.277,0.001,8.23,0.0,8230.0,0.0,18467.0,924290.0,104879.0,87.75933609958506,51.45228215767635,?
DatasetClassiRealeseNormalized,7,2,weka.classifiers.meta.FilteredClassifier,'-F \"weka.filters.MultiFilter -F \\\"weka.filters.supervised.attribute.AttributeSelection -E \\\\\\\"weka.attributeSelection.WrapperSubsetEval -B weka.classifiers.bayes.NaiveBayes -F 5 -T 0.01 -R 1 -E AUC --\\\\\\\" -S \\\\\\\"weka.attributeSelection.GreedyStepwise -B -T -1.7976931348623157E308 -N -1 -num-slots 1\\\\\\\"\\\" -S 1\" -S 1 -W weka.classifiers.bayes.NaiveBayes',-4523450618538717400,2.0260425075600002E7,4330.0,481.0,427.0,54.0,0.0,88.77338877338877,11.226611226611226,0.0,0.5133950316609839,0.11309397175764452,0.32813760112163753,49.32548633066808,97.25977868247537,269.42867131105754,1847.6077840581227,-1578.1791127470651,0.5601427677984564,3.8411804242372614,-3.2810376564388046,98.14541736044433,0.2040445267368905,36.427235781129866,0.5873015873015873,37.0,0.06698564593301436,28.0,0.9330143540669856,390.0,0.4126984126984127,26.0,0.5692307692307692,0.5873015873015873,0.578125,0.5134784291601048,0.9096984886458571,0.597153268118564,0.8877338877338877,0.3674179463653148,0.6325820536346852,0.11226611226611227,0.8892651527266912,0.8877338877338877,0.8884763550905638,0.5134784291601048,0.9104904894378577,0.9339233269526463,0.7566883992805755,0.8877338877338877,8.33,0.001,8.28,0.0,8280.0,0.0,18483.0,924503.0,104666.0,90.02079002079002,51.45530145530145,?
DatasetClassiRealeseNormalized,7,3,weka.classifiers.meta.FilteredClassifier,'-F \"weka.filters.MultiFilter -F \\\"weka.filters.supervised.attribute.AttributeSelection -E \\\\\\\"weka.attributeSelection.WrapperSubsetEval -B weka.classifiers.bayes.NaiveBayes -F 5 -T 0.01 -R 1 -E AUC --\\\\\\\" -S \\\\\\\"weka.attributeSelection.GreedyStepwise -B -T -1.7976931348623157E308 -N -1 -num-slots 1\\\\\\\"\\\" -S 1\" -S 1 -W weka.classifiers.bayes.NaiveBayes',-4523450618538717400,2.0260425075600002E7,4330.0,481.0,426.0,55.0,0.0,88.56548856548856,11.434511434511435,0.0,0.45774489105704425,0.11505815863874597,0.31334491375263096,49.88716970682797,92.2592023509901,272.1308087156738,496.22230762649434,-224.09149891082052,0.565760517080403,1.031647209202691,-0.465886692122288,103.65332542669634,0.21549547905758076,38.089522430734704,0.46875,30.0,0.050359712230215826,21.0,0.9496402877697842,396.0,0.53125,34.0,0.5882352941176471,0.46875,0.5217391304347826,0.46155163441194325,0.883917865707434,0.6264150637214897,0.8856548856548857,0.4672645978851015,0.5327354021148986,0.11434511434511435,0.8766631305618994,0.8856548856548857,0.8800694018085321,0.4615516344119432,0.883917865707434,0.9307825597013841,0.7284020327498588,0.8856548856548857,11.093,0.001,11.02,0.0,11020.0,0.0,14672.0,924503.0,104666.0,92.0997920997921,54.78170478170478,?
DatasetClassiRealeseNormalized,7,4,weka.classifiers.meta.FilteredClassifier,'-F \"weka.filters.MultiFilter -F \\\"weka.filters.supervised.attribute.AttributeSelection -E \\\\\\\"weka.attributeSelection.WrapperSubsetEval -B weka.classifiers.bayes.NaiveBayes -F 5 -T 0.01 -R 1 -E AUC --\\\\\\\" -S \\\\\\\"weka.attributeSelection.GreedyStepwise -B -T -1.7976931348623157E308 -N -1 -num-slots 1\\\\\\\"\\\" -S 1\" -S 1 -W weka.classifiers.bayes.NaiveBayes',-4523450618538717400,2.02604250757E7,4330.0,481.0,418.0,63.0,0.0,86.9022869022869,13.097713097713097,0.0,0.4128577241285774,0.1351925189040799,0.3539891767611644,58.61706995361394,104.2262301236873,272.1308087156738,1603.3733708043328,-1331.242562088659,0.565760517080403,3.333416571318779,-2.7676560542383766,70.237683975244,0.14602429100882328,25.810265403881314,0.46875,30.0,0.06954436450839328,29.0,0.9304556354916067,388.0,0.53125,34.0,0.5084745762711864,0.46875,0.4878048780487804,0.4133067010489444,0.8535671462829736,0.503874502116523,0.8690228690228691,0.4698172335312623,0.5301827664687377,0.13097713097713098,0.86475096981965,0.8690228690228691,0.8667510097202821,0.41330670104894435,0.8541193812102085,0.9108170788947513,0.7063577429576441,0.8690228690228691,11.199,0.0,11.13,0.0,11130.0,0.0,14937.0,924503.0,104666.0,88.56548856548856,52.49480249480249,?
DatasetClassiRealeseNormalized,7,5,weka.classifiers.meta.FilteredClassifier,'-F \"weka.filters.MultiFilter -F \\\"weka.filters.supervised.attribute.AttributeSelection -E \\\\\\\"weka.attributeSelection.WrapperSubsetEval -B weka.classifiers.bayes.NaiveBayes -F 5 -T 0.01 -R 1 -E AUC --\\\\\\\" -S \\\\\\\"weka.attributeSelection.GreedyStepwise -B -T -1.7976931348623157E308 -N -1 -num-slots 1\\\\\\\"\\\" -S 1\" -S 1 -W weka.classifiers.bayes.NaiveBayes',-4523450618538717400,2.02604250757E7,4330.0,481.0,423.0,58.0,0.0,87.94178794178794,12.058212058212058,0.0,0.406703245289439,0.12170324076705873,0.3428221520970886,52.76835904422898,100.93828529700089,272.1308087156738,2862.700627529633,-2590.569818813959,0.565760517080403,5.951560556194663,-5.38580003911426,87.45370799777797,0.18181644074382114,32.13664355407507,0.40625,26.0,0.047961630695443645,20.0,0.9520383693045563,397.0,0.59375,38.0,0.5652173913043478,0.40625,0.4727272727272727,0.4137777946348039,0.8767610911270983,0.5253867243867257,0.8794178794178794,0.5211295101133231,0.4788704898866769,0.12058212058212059,0.8664164799097333,0.8794178794178794,0.8708258243469511,0.4137777946348039,0.877134661813169,0.9161217570299135,0.7023260776781903,0.8794178794178794,8.295,0.001,8.24,0.01,8240.0,10.0,18483.0,924503.0,104666.0,89.1891891891892,51.351351351351354,?
DatasetClassiRealeseNormalized,7,6,weka.classifiers.meta.FilteredClassifier,'-F \"weka.filters.MultiFilter -F \\\"weka.filters.supervised.attribute.AttributeSelection -E \\\\\\\"weka.attributeSelection.WrapperSubsetEval -B weka.classifiers.bayes.NaiveBayes -F 5 -T 0.01 -R 1 -E AUC --\\\\\\\" -S \\\\\\\"weka.attributeSelection.GreedyStepwise -B -T -1.7976931348623157E308 -N -1 -num-slots 1\\\\\\\"\\\" -S 1\" -S 1 -W weka.classifiers.bayes.NaiveBayes',-4523450618538717400,2.02604250757E7,4330.0,481.0,432.0,49.0,0.0,89.81288981288981,10.187110187110187,0.0,0.555494785281859,0.09990573008355512,0.30786877374863003,43.317346377942904,90.64684393520831,272.1308087156738,712.2695309834404,-440.1387222677666,0.565760517080403,1.4808098357244084,-0.9150493186440054,122.0095511214295,0.2536581104395624,44.83489087371465,0.609375,39.0,0.05755395683453238,24.0,0.9424460431654677,393.0,0.390625,25.0,0.6190476190476191,0.609375,0.6141732283464567,0.5555176432886093,0.9119454436450839,0.6816217968504136,0.8981288981288982,0.34630785496343053,0.6536921450365696,0.10187110187110188,0.8974612395665026,0.8981288981288982,0.8977888314585,0.5555176432886093,0.9128550070546473,0.9439576806861165,0.7777452968079589,0.8981288981288982,9.358,0.001,9.29,0.0,9290.0,0.0,17951.0,924503.0,104666.0,91.89189189189189,51.767151767151766,?
DatasetClassiRealeseNormalized,7,7,weka.classifiers.meta.FilteredClassifier,'-F \"weka.filters.MultiFilter -F \\\"weka.filters.supervised.attribute.AttributeSelection -E \\\\\\\"weka.attributeSelection.WrapperSubsetEval -B weka.classifiers.bayes.NaiveBayes -F 5 -T 0.01 -R 1 -E AUC --\\\\\\\" -S \\\\\\\"weka.attributeSelection.GreedyStepwise -B -T -1.7976931348623157E308 -N -1 -num-slots 1\\\\\\\"\\\" -S 1\" -S 1 -W weka.classifiers.bayes.NaiveBayes',-4523450618538717400,2.02604250757E7,4330.0,481.0,428.0,53.0,0.0,88.98128898128898,11.018711018711018,0.0,0.49920440035360003,0.11117458860154036,0.32641900740465146,48.203322860966956,96.10865194744912,272.1308087156738,1678.649412749009,-1406.5186040333351,0.565760517080403,3.4899156190208087,-2.9241551019404057,105.27208186398185,0.21886087705609533,38.68436740434327,0.53125,34.0,0.05515587529976019,23.0,0.9448441247002398,394.0,0.46875,30.0,0.5964912280701754,0.53125,0.5619834710743801,0.5002999740854441,0.877248201438849,0.5518740133020674,0.8898128898128899,0.41371876511265004,0.5862812348873501,0.1101871101871102,0.8849703152086469,0.8898128898128899,0.8870842263988951,0.5002999740854441,0.8776704987361463,0.9210514275254509,0.7494816285217323,0.8898128898128899,8.916,0.001,8.86,0.0,8860.0,0.0,18216.0,924503.0,104666.0,90.64449064449065,51.66320166320166,?
DatasetClassiRealeseNormalized,7,8,weka.classifiers.meta.FilteredClassifier,'-F \"weka.filters.MultiFilter -F \\\"weka.filters.supervised.attribute.AttributeSelection -E \\\\\\\"weka.attributeSelection.WrapperSubsetEval -B weka.classifiers.bayes.NaiveBayes -F 5 -T 0.01 -R 1 -E AUC --\\\\\\\" -S \\\\\\\"weka.attributeSelection.GreedyStepwise -B -T -1.7976931348623157E308 -N -1 -num-slots 1\\\\\\\"\\\" -S 1\" -S 1 -W weka.classifiers.bayes.NaiveBayes',-4523450618538717400,2.02604250757E7,4330.0,481.0,434.0,47.0,0.0,90.22869022869023,9.771309771309772,0.0,0.549652383513616,0.10143475521560645,0.2962258773008798,43.980304460629995,87.21878657036909,272.1308087156738,714.9976597587919,-442.86685104311806,0.565760517080403,1.4864816211201495,-0.9207211040397465,124.03208431453064,0.25786296115287033,45.57811182787508,0.5625,36.0,0.045563549160671464,19.0,0.9544364508393285,398.0,0.4375,28.0,0.6545454545454545,0.5625,0.6050420168067226,0.551707676644619,0.9008355815347722,0.6301670647524001,0.9022869022869023,0.3853504514475738,0.6146495485524263,0.09771309771309772,0.8970529280388435,0.9022869022869023,0.8991134693458328,0.551707676644619,0.9008355815347722,0.9358184038813491,0.7746443773238834,0.9022869022869023,11.189,0.0,11.12,0.0,11120.0,0.0,14672.0,924503.0,104666.0,92.72349272349273,53.53430353430353,?
DatasetClassiRealeseNormalized,7,9,weka.classifiers.meta.FilteredClassifier,'-F \"weka.filters.MultiFilter -F \\\"weka.filters.supervised.attribute.AttributeSelection -E \\\\\\\"weka.attributeSelection.WrapperSubsetEval -B weka.classifiers.bayes.NaiveBayes -F 5 -T 0.01 -R 1 -E AUC --\\\\\\\" -S \\\\\\\"weka.attributeSelection.GreedyStepwise -B -T -1.7976931348623157E308 -N -1 -num-slots 1\\\\\\\"\\\" -S 1\" -S 1 -W weka.classifiers.bayes.NaiveBayes',-4523450618538717400,2.02604250757E7,4330.0,481.0,431.0,50.0,0.0,89.60498960498961,10.395010395010395,0.0,0.5433833301689767,0.10778849872498136,0.31814647134540197,46.73517455829122,93.67294118672275,272.1308087156738,2663.734107231458,-2391.603298515784,0.565760517080403,5.537908746842948,-4.972148229762545,109.97338727424969,0.2286349007780659,40.411957688021815,0.59375,38.0,0.05755395683453238,24.0,0.9424460431654677,393.0,0.40625,26.0,0.6129032258064516,0.59375,0.6031746031746031,0.5434739886627371,0.8832246702637889,0.6001484784120151,0.896049896049896,0.35985385288442845,0.6401461471155716,0.10395010395010396,0.894698360631073,0.896049896049896,0.8953492374545006,0.5434739886627371,0.8831759436525624,0.9283603211305765,0.7716829953672059,0.896049896049896,8.899,0.001,8.85,0.0,8850.0,0.0,18216.0,924503.0,104666.0,91.06029106029106,52.39085239085239,?
DatasetClassiRealeseNormalized,7,10,weka.classifiers.meta.FilteredClassifier,'-F \"weka.filters.MultiFilter -F \\\"weka.filters.supervised.attribute.AttributeSelection -E \\\\\\\"weka.attributeSelection.WrapperSubsetEval -B weka.classifiers.bayes.NaiveBayes -F 5 -T 0.01 -R 1 -E AUC --\\\\\\\" -S \\\\\\\"weka.attributeSelection.GreedyStepwise -B -T -1.7976931348623157E308 -N -1 -num-slots 1\\\\\\\"\\\" -S 1\" -S 1 -W weka.classifiers.bayes.NaiveBayes',-4523450618538717400,2.02604250758E7,4330.0,481.0,422.0,59.0,0.0,87.73388773388774,12.266112266112266,0.0,0.45013659878708046,0.12384011478018059,0.33202291930510225,53.694869582863845,97.7586306746895,272.1308087156738,1060.1378422169635,-788.0070335012897,0.565760517080403,2.204028777997845,-1.6382682609174422,83.49679046649993,0.17359000096985433,30.682593735183648,0.5,32.0,0.06474820143884892,27.0,0.935251798561151,390.0,0.5,32.0,0.5423728813559322,0.5,0.5203252032520326,0.450626115954997,0.8868779976019184,0.5722354641803882,0.8773388773388774,0.44208707877772624,0.5579129212222737,0.12266112266112267,0.8733700859172785,0.8773388773388774,0.8752112630713752,0.450626115954997,0.8872678104917313,0.9262164513877702,0.7250016957857301,0.8773388773388774,11.073,0.001,11.0,0.0,11000.0,0.0,14938.0,924503.0,104666.0,91.06029106029106,53.84615384615385,?
DatasetClassiRealeseNormalized,8,1,weka.classifiers.meta.FilteredClassifier,'-F \"weka.filters.MultiFilter -F \\\"weka.filters.supervised.attribute.AttributeSelection -E \\\\\\\"weka.attributeSelection.WrapperSubsetEval -B weka.classifiers.bayes.NaiveBayes -F 5 -T 0.01 -R 1 -E AUC --\\\\\\\" -S \\\\\\\"weka.attributeSelection.GreedyStepwise -B -T -1.7976931348623157E308 -N -1 -num-slots 1\\\\\\\"\\\" -S 1\" -S 1 -W weka.classifiers.bayes.NaiveBayes',-4523450618538717400,2.02604250758E7,4329.0,482.0,418.0,64.0,0.0,86.72199170124482,13.278008298755188,0.0,0.4157133116145164,0.1354933324765762,0.35093324010045257,58.793406251001024,103.41733204608988,272.3366817903761,926.1212095476095,-653.7845277572335,0.565013862635635,1.9214132978166172,-1.3563994351809823,71.2226906735076,0.1477649184097668,26.152441237544846,0.484375,31.0,0.07416267942583732,31.0,0.9258373205741627,387.0,0.515625,33.0,0.5,0.484375,0.49206349206349204,0.4157826261906196,0.8561415968899522,0.5324988209404428,0.8672199170124482,0.4570075964382854,0.5429924035617145,0.13278008298755187,0.8654712507409602,0.8672199170124482,0.8663245556163885,0.41578262619061956,0.8563360989646409,0.9154987962092834,0.7078455885138463,0.8672199170124482,11.109,0.001,11.04,0.0,11040.0,0.0,14671.0,924290.0,104879.0,90.04149377593362,53.83817427385892,?
DatasetClassiRealeseNormalized,8,2,weka.classifiers.meta.FilteredClassifier,'-F \"weka.filters.MultiFilter -F \\\"weka.filters.supervised.attribute.AttributeSelection -E \\\\\\\"weka.attributeSelection.WrapperSubsetEval -B weka.classifiers.bayes.NaiveBayes -F 5 -T 0.01 -R 1 -E AUC --\\\\\\\" -S \\\\\\\"weka.attributeSelection.GreedyStepwise -B -T -1.7976931348623157E308 -N -1 -num-slots 1\\\\\\\"\\\" -S 1\" -S 1 -W weka.classifiers.bayes.NaiveBayes',-4523450618538717400,2.02604250758E7,4330.0,481.0,431.0,50.0,0.0,89.60498960498961,10.395010395010395,0.0,0.5173396483904632,0.10402394957704396,0.31397664747424836,45.369632202149255,93.06248092394353,269.42867131105754,2172.5611006187983,-1903.1324293077407,0.5601427677984564,4.516759044945527,-3.95661627714707,111.39295542623842,0.2315861859173356,41.34413567947057,0.5396825396825397,34.0,0.050239234449760764,21.0,0.9497607655502392,397.0,0.4603174603174603,29.0,0.6181818181818182,0.5396825396825397,0.576271186440678,0.5188892385428697,0.8867433735854788,0.5590427805029946,0.896049896049896,0.4066065908171171,0.5933934091828829,0.10395010395010396,0.890831716183829,0.896049896049896,0.893018818233695,0.5188892385428697,0.8871228739649794,0.9223395188108783,0.7585147401397703,0.896049896049896,7.504,0.001,7.46,0.0,7460.0,0.0,18749.0,924503.0,104666.0,91.26819126819127,51.55925155925156,?
DatasetClassiRealeseNormalized,8,3,weka.classifiers.meta.FilteredClassifier,'-F \"weka.filters.MultiFilter -F \\\"weka.filters.supervised.attribute.AttributeSelection -E \\\\\\\"weka.attributeSelection.WrapperSubsetEval -B weka.classifiers.bayes.NaiveBayes -F 5 -T 0.01 -R 1 -E AUC --\\\\\\\" -S \\\\\\\"weka.attributeSelection.GreedyStepwise -B -T -1.7976931348623157E308 -N -1 -num-slots 1\\\\\\\"\\\" -S 1\" -S 1 -W weka.classifiers.bayes.NaiveBayes',-4523450618538717400,2.02604250758E7,4330.0,481.0,428.0,53.0,0.0,88.98128898128898,11.018711018711018,0.0,0.506054910774835,0.11253413283215094,0.3261072330324441,48.79279704131917,96.01685516495519,272.1308087156738,1398.2267851201598,-1126.095976404486,0.565760517080403,2.906916393181205,-2.3411558761008027,101.29127647635765,0.21058477437912193,37.22153950682895,0.546875,35.0,0.05755395683453238,24.0,0.9424460431654677,393.0,0.453125,29.0,0.5932203389830508,0.546875,0.5691056910569106,0.506605238314076,0.8546912470023981,0.6049340636792666,0.8898128898128899,0.4004918466474222,0.5995081533525779,0.1101871101871102,0.8862987600637211,0.8898128898128899,0.8879016430980151,0.506605238314076,0.8547237314098824,0.9236161623059016,0.7529676250278594,0.8898128898128899,8.934,0.001,8.88,0.0,8880.0,0.0,18217.0,924503.0,104666.0,90.85239085239085,51.975051975051976,?
DatasetClassiRealeseNormalized,8,4,weka.classifiers.meta.FilteredClassifier,'-F \"weka.filters.MultiFilter -F \\\"weka.filters.supervised.attribute.AttributeSelection -E \\\\\\\"weka.attributeSelection.WrapperSubsetEval -B weka.classifiers.bayes.NaiveBayes -F 5 -T 0.01 -R 1 -E AUC --\\\\\\\" -S \\\\\\\"weka.attributeSelection.GreedyStepwise -B -T -1.7976931348623157E308 -N -1 -num-slots 1\\\\\\\"\\\" -S 1\" -S 1 -W weka.classifiers.bayes.NaiveBayes',-4523450618538717400,2.02604250758E7,4330.0,481.0,423.0,58.0,0.0,87.94178794178794,12.058212058212058,0.0,0.4703246629960129,0.12256787965077932,0.3354528747422895,53.1432510748126,98.76852405047332,272.1308087156738,1070.14951976396,-798.0187110482861,0.565760517080403,2.2248430764323492,-1.6590825593519463,88.8735957500213,0.1847683903326846,32.65841018496282,0.53125,34.0,0.0671462829736211,28.0,0.9328537170263789,389.0,0.46875,30.0,0.5483870967741935,0.53125,0.5396825396825397,0.47040313232541314,0.8782786270983214,0.5987892899003593,0.8794178794178794,0.41531416239150054,0.5846858376084996,0.12058212058212059,0.8778377802167162,0.8794178794178794,0.8786051154472206,0.47040313232541314,0.8783598381170324,0.9275074881676136,0.7351522746259588,0.8794178794178794,10.845,0.001,10.78,0.0,10780.0,0.0,15207.0,924503.0,104666.0,90.85239085239085,53.222453222453225,?
DatasetClassiRealeseNormalized,8,5,weka.classifiers.meta.FilteredClassifier,'-F \"weka.filters.MultiFilter -F \\\"weka.filters.supervised.attribute.AttributeSelection -E \\\\\\\"weka.attributeSelection.WrapperSubsetEval -B weka.classifiers.bayes.NaiveBayes -F 5 -T 0.01 -R 1 -E AUC --\\\\\\\" -S \\\\\\\"weka.attributeSelection.GreedyStepwise -B -T -1.7976931348623157E308 -N -1 -num-slots 1\\\\\\\"\\\" -S 1\" -S 1 -W weka.classifiers.bayes.NaiveBayes',-4523450618538717400,2.02604250758E7,4330.0,481.0,419.0,62.0,0.0,87.11018711018711,12.88981288981289,0.0,0.42610268647525207,0.1286577432760559,0.3518837665233437,55.78370755143227,103.60632706913735,272.1308087156738,1275.2909047463174,-1003.1600960306437,0.565760517080403,2.651332442300036,-2.085571925219633,77.18628847701473,0.16047045421416783,28.363671442162975,0.484375,31.0,0.06954436450839328,29.0,0.9304556354916067,388.0,0.515625,33.0,0.5166666666666667,0.484375,0.5000000000000001,0.42639505867453215,0.8862410071942446,0.512536140471454,0.8711018711018711,0.4562712356102644,0.5437287643897355,0.1288981288981289,0.8677343157153133,0.8711018711018711,0.8693305017887357,0.42639505867453215,0.8869069375476749,0.9190830378936743,0.7130071599045347,0.8711018711018711,8.881,0.001,8.83,0.0,8830.0,0.0,18217.0,924503.0,104666.0,89.60498960498961,51.975051975051976,?
DatasetClassiRealeseNormalized,8,6,weka.classifiers.meta.FilteredClassifier,'-F \"weka.filters.MultiFilter -F \\\"weka.filters.supervised.attribute.AttributeSelection -E \\\\\\\"weka.attributeSelection.WrapperSubsetEval -B weka.classifiers.bayes.NaiveBayes -F 5 -T 0.01 -R 1 -E AUC --\\\\\\\" -S \\\\\\\"weka.attributeSelection.GreedyStepwise -B -T -1.7976931348623157E308 -N -1 -num-slots 1\\\\\\\"\\\" -S 1\" -S 1 -W weka.classifiers.bayes.NaiveBayes',-4523450618538717400,2.02604250759E7,4330.0,481.0,425.0,56.0,0.0,88.35758835758836,11.642411642411643,0.0,0.4816411361711954,0.11752200000759402,0.33717906210608317,50.95544747133093,99.27677123210043,272.1308087156738,1302.1384038912663,-1030.0075951755925,0.565760517080403,2.7071484488383915,-2.1413879317579885,95.7950902209633,0.19915819172757443,35.20185409107845,0.53125,34.0,0.06235011990407674,26.0,0.9376498800959233,391.0,0.46875,30.0,0.5666666666666667,0.53125,0.5483870967741935,0.48197161631768537,0.8882643884892086,0.5484768681178255,0.8835758835758836,0.4146760034799603,0.5853239965200397,0.11642411642411643,0.8805648696385038,0.8835758835758836,0.8819759370995032,0.4819716163176854,0.8894338271586473,0.9234199348548837,0.7407806605589344,0.8835758835758836,8.878,0.001,8.82,0.01,8820.0,10.0,18217.0,924503.0,104666.0,90.02079002079002,51.767151767151766,?
DatasetClassiRealeseNormalized,8,7,weka.classifiers.meta.FilteredClassifier,'-F \"weka.filters.MultiFilter -F \\\"weka.filters.supervised.attribute.AttributeSelection -E \\\\\\\"weka.attributeSelection.WrapperSubsetEval -B weka.classifiers.bayes.NaiveBayes -F 5 -T 0.01 -R 1 -E AUC --\\\\\\\" -S \\\\\\\"weka.attributeSelection.GreedyStepwise -B -T -1.7976931348623157E308 -N -1 -num-slots 1\\\\\\\"\\\" -S 1\" -S 1 -W weka.classifiers.bayes.NaiveBayes',-4523450618538717400,2.02604250759E7,4330.0,481.0,422.0,59.0,0.0,87.73388773388774,12.266112266112266,0.0,0.4718122429228166,0.1201115794872865,0.33890155749744266,52.07824304272845,99.78393137380147,272.1308087156738,3243.8374371586833,-2971.7066284430093,0.565760517080403,6.7439447757976785,-6.178184258717275,90.38056877506061,0.18790139038474138,33.21217807039684,0.546875,35.0,0.07194244604316546,30.0,0.9280575539568345,387.0,0.453125,29.0,0.5384615384615384,0.546875,0.5426356589147288,0.47183115059019387,0.8774542865707434,0.5360257989101175,0.8773388773388774,0.4024063233820428,0.5975936766179573,0.12266112266112267,0.8781534863265632,0.8773388773388774,0.8777406819228198,0.47183115059019387,0.8777466462381031,0.9174723958069256,0.7359036637910978,0.8773388773388774,8.833,0.001,8.77,0.0,8770.0,0.0,18216.0,924503.0,104666.0,90.02079002079002,51.55925155925156,?
DatasetClassiRealeseNormalized,8,8,weka.classifiers.meta.FilteredClassifier,'-F \"weka.filters.MultiFilter -F \\\"weka.filters.supervised.attribute.AttributeSelection -E \\\\\\\"weka.attributeSelection.WrapperSubsetEval -B weka.classifiers.bayes.NaiveBayes -F 5 -T 0.01 -R 1 -E AUC --\\\\\\\" -S \\\\\\\"weka.attributeSelection.GreedyStepwise -B -T -1.7976931348623157E308 -N -1 -num-slots 1\\\\\\\"\\\" -S 1\" -S 1 -W weka.classifiers.bayes.NaiveBayes',-4523450618538717400,2.02604250759E7,4330.0,481.0,430.0,51.0,0.0,89.3970893970894,10.602910602910603,0.0,0.5434309218485365,0.10663076652204835,0.3180086275119773,46.23320248116005,93.63235536080822,272.1308087156738,2645.903147377089,-2373.7723386614152,0.565760517080403,5.500838144235113,-4.935077627154709,113.50443397148983,0.23597595420268155,41.709512607990256,0.609375,39.0,0.06235011990407674,26.0,0.9376498800959233,391.0,0.390625,25.0,0.6,0.609375,0.6046511627906976,0.5434526996028591,0.9028589628297362,0.6004393409884107,0.893970893970894,0.3469460138749707,0.6530539861250293,0.10602910602910603,0.8946775547737086,0.893970893970894,0.8943182165773528,0.5434526996028591,0.9029564160521895,0.9314298112641891,0.7717133364973896,0.893970893970894,8.888,0.001,8.82,0.0,8820.0,0.0,18215.0,924503.0,104666.0,90.64449064449065,51.767151767151766,?
DatasetClassiRealeseNormalized,8,9,weka.classifiers.meta.FilteredClassifier,'-F \"weka.filters.MultiFilter -F \\\"weka.filters.supervised.attribute.AttributeSelection -E \\\\\\\"weka.attributeSelection.WrapperSubsetEval -B weka.classifiers.bayes.NaiveBayes -F 5 -T 0.01 -R 1 -E AUC --\\\\\\\" -S \\\\\\\"weka.attributeSelection.GreedyStepwise -B -T -1.7976931348623157E308 -N -1 -num-slots 1\\\\\\\"\\\" -S 1\" -S 1 -W weka.classifiers.bayes.NaiveBayes',-4523450618538717400,2.02604250759E7,4330.0,481.0,428.0,53.0,0.0,88.98128898128898,11.018711018711018,0.0,0.5376761393518438,0.10944134203219472,0.3183080041664419,47.45181799793323,93.72050184135144,272.1308087156738,1994.50664146196,-1722.3758327462863,0.565760517080403,4.146583454182869,-3.5808229371024662,109.62058185415066,0.22790141757619678,40.282312161385526,0.625,40.0,0.06954436450839328,29.0,0.9304556354916067,388.0,0.375,24.0,0.5797101449275363,0.625,0.6015037593984963,0.5381882830301864,0.9055193345323741,0.6228274899242088,0.8898128898128899,0.3343572543212831,0.6656427456787168,0.1101871101871102,0.8935762726391684,0.8898128898128899,0.8915517868600212,0.5381882830301864,0.9054381235136632,0.9353931971032146,0.7687856553325413,0.8898128898128899,8.889,0.001,8.83,0.0,8830.0,0.0,18217.0,924503.0,104666.0,91.26819126819127,52.5987525987526,?
DatasetClassiRealeseNormalized,8,10,weka.classifiers.meta.FilteredClassifier,'-F \"weka.filters.MultiFilter -F \\\"weka.filters.supervised.attribute.AttributeSelection -E \\\\\\\"weka.attributeSelection.WrapperSubsetEval -B weka.classifiers.bayes.NaiveBayes -F 5 -T 0.01 -R 1 -E AUC --\\\\\\\" -S \\\\\\\"weka.attributeSelection.GreedyStepwise -B -T -1.7976931348623157E308 -N -1 -num-slots 1\\\\\\\"\\\" -S 1\" -S 1 -W weka.classifiers.bayes.NaiveBayes',-4523450618538717400,2.02604250759E7,4330.0,481.0,426.0,55.0,0.0,88.56548856548856,11.434511434511435,0.0,0.48030645319713205,0.11217399816920062,0.32604273683440566,48.63664906137171,95.9978653313101,272.1308087156738,1175.8164042803514,-903.6855955646777,0.565760517080403,2.4445247490235995,-1.8787642319431967,101.39278462829766,0.21079581003804088,37.2588407416355,0.515625,33.0,0.05755395683453238,24.0,0.9424460431654677,393.0,0.484375,31.0,0.5789473684210527,0.515625,0.5454545454545454,0.48136055274630524,0.9045638489208633,0.6474372681419687,0.8856548856548857,0.42758384248941805,0.5724161575105821,0.11434511434511435,0.8805913181533837,0.8856548856548857,0.8828232538101742,0.48136055274630524,0.9044176690871835,0.939237749646527,0.7400281050697222,0.8856548856548857,10.836,0.001,10.77,0.0,10770.0,0.0,15203.0,924503.0,104666.0,91.26819126819127,51.767151767151766,?
DatasetClassiRealeseNormalized,9,1,weka.classifiers.meta.FilteredClassifier,'-F \"weka.filters.MultiFilter -F \\\"weka.filters.supervised.attribute.AttributeSelection -E \\\\\\\"weka.attributeSelection.WrapperSubsetEval -B weka.classifiers.bayes.NaiveBayes -F 5 -T 0.01 -R 1 -E AUC --\\\\\\\" -S \\\\\\\"weka.attributeSelection.GreedyStepwise -B -T -1.7976931348623157E308 -N -1 -num-slots 1\\\\\\\"\\\" -S 1\" -S 1 -W weka.classifiers.bayes.NaiveBayes',-4523450618538717400,2.02604250759E7,4329.0,482.0,425.0,57.0,0.0,88.17427385892117,11.825726141078839,0.0,0.4539926070193568,0.12100719935589495,0.33902493022973196,52.50756846103057,99.9080445370026,272.3366817903761,2663.7915232412465,-2391.4548414508704,0.565013862635635,5.526538429961092,-4.9615245673254575,90.3196000389185,0.18738506232140767,33.1646840393097,0.484375,31.0,0.05741626794258373,24.0,0.9425837320574163,394.0,0.515625,33.0,0.5636363636363636,0.484375,0.5210084033613446,0.45568921041144705,0.8940826854066986,0.570623976620865,0.8817427385892116,0.45478400653179535,0.5452159934682047,0.11825726141078838,0.8750379203817746,0.8817427385892116,0.8779005977406308,0.455689210411447,0.893953017356906,0.9274850125175893,0.7267763910297846,0.8817427385892116,8.894,0.001,8.84,0.0,8840.0,0.0,18216.0,924290.0,104879.0,89.41908713692946,51.76348547717842,?
DatasetClassiRealeseNormalized,9,2,weka.classifiers.meta.FilteredClassifier,'-F \"weka.filters.MultiFilter -F \\\"weka.filters.supervised.attribute.AttributeSelection -E \\\\\\\"weka.attributeSelection.WrapperSubsetEval -B weka.classifiers.bayes.NaiveBayes -F 5 -T 0.01 -R 1 -E AUC --\\\\\\\" -S \\\\\\\"weka.attributeSelection.GreedyStepwise -B -T -1.7976931348623157E308 -N -1 -num-slots 1\\\\\\\"\\\" -S 1\" -S 1 -W weka.classifiers.bayes.NaiveBayes',-4523450618538717400,2.02604250759E7,4330.0,481.0,426.0,55.0,0.0,88.56548856548856,11.434511434511435,0.0,0.46526388130899693,0.11481747684603263,0.3325872940053435,50.07718622551573,98.57866485582129,269.42867131105754,2703.1136947446435,-2433.685023433586,0.5601427677984564,5.619778991153105,-5.059636223354649,96.15149279293388,0.19989915341566294,35.68717921706492,0.49206349206349204,31.0,0.05502392344497608,23.0,0.9449760765550239,395.0,0.5079365079365079,32.0,0.5740740740740741,0.49206349206349204,0.5299145299145299,0.4670553562895689,0.8669780511885775,0.5377256205208644,0.8856548856548857,0.44861531703636964,0.5513846829636303,0.11434511434511435,0.8790876085958054,0.8856548856548857,0.8818659351203729,0.4670553562895689,0.8664830506935769,0.9195609708866073,0.73241288625904,0.8856548856548857,8.907,0.001,8.85,0.0,8850.0,0.0,18217.0,924503.0,104666.0,90.22869022869023,51.55925155925156,?
DatasetClassiRealeseNormalized,9,3,weka.classifiers.meta.FilteredClassifier,'-F \"weka.filters.MultiFilter -F \\\"weka.filters.supervised.attribute.AttributeSelection -E \\\\\\\"weka.attributeSelection.WrapperSubsetEval -B weka.classifiers.bayes.NaiveBayes -F 5 -T 0.01 -R 1 -E AUC --\\\\\\\" -S \\\\\\\"weka.attributeSelection.GreedyStepwise -B -T -1.7976931348623157E308 -N -1 -num-slots 1\\\\\\\"\\\" -S 1\" -S 1 -W weka.classifiers.bayes.NaiveBayes',-4523450618538717400,2.026042508E7,4330.0,481.0,428.0,53.0,0.0,88.98128898128898,11.018711018711018,0.0,0.4618891820580478,0.11877982707629331,0.3267870754185612,51.50081890070571,96.21702345719392,272.1308087156738,1169.988197162911,-897.8573884472373,0.565760517080403,2.4324078943095864,-1.8666473772291836,90.57602833907089,0.1883077512246796,33.28400366226304,0.453125,29.0,0.04316546762589928,18.0,0.9568345323741008,399.0,0.546875,35.0,0.6170212765957447,0.453125,0.5225225225225225,0.46892696809551015,0.9058565647482014,0.5741905607017529,0.8898128898128899,0.4798533574387891,0.5201466425612109,0.1101871101871102,0.8791275040417114,0.8898128898128899,0.8824757144381117,0.46892696809551015,0.9059540179706547,0.9302802843690363,0.7301214257735997,0.8898128898128899,10.745,0.001,10.68,0.0,10680.0,0.0,15206.0,924503.0,104666.0,90.85239085239085,53.222453222453225,?
DatasetClassiRealeseNormalized,9,4,weka.classifiers.meta.FilteredClassifier,'-F \"weka.filters.MultiFilter -F \\\"weka.filters.supervised.attribute.AttributeSelection -E \\\\\\\"weka.attributeSelection.WrapperSubsetEval -B weka.classifiers.bayes.NaiveBayes -F 5 -T 0.01 -R 1 -E AUC --\\\\\\\" -S \\\\\\\"weka.attributeSelection.GreedyStepwise -B -T -1.7976931348623157E308 -N -1 -num-slots 1\\\\\\\"\\\" -S 1\" -S 1 -W weka.classifiers.bayes.NaiveBayes',-4523450618538717400,2.026042508E7,4330.0,481.0,417.0,64.0,0.0,86.6943866943867,13.305613305613306,0.0,0.4381251368912901,0.129727515783748,0.35419432199576584,56.24754187027008,104.2866317286911,272.1308087156738,2323.2762828237155,-2051.1454741080415,0.565760517080403,4.830096222086727,-4.2643357050063235,76.35836142877791,0.15874919215962144,28.059432810695913,0.53125,34.0,0.0815347721822542,34.0,0.9184652278177458,383.0,0.46875,30.0,0.5,0.53125,0.5151515151515151,0.43839553853549423,0.8552532973621103,0.5373438957322564,0.8669438669438669,0.4172286391261211,0.5827713608738788,0.13305613305613306,0.8704978027011926,0.8669438669438669,0.8686392517717818,0.43839553853549423,0.8552532973621103,0.9135106862427421,0.7190215407082877,0.8669438669438669,8.313,0.001,8.26,0.0,8260.0,0.0,18481.0,924503.0,104666.0,88.98128898128898,51.55925155925156,?
DatasetClassiRealeseNormalized,9,5,weka.classifiers.meta.FilteredClassifier,'-F \"weka.filters.MultiFilter -F \\\"weka.filters.supervised.attribute.AttributeSelection -E \\\\\\\"weka.attributeSelection.WrapperSubsetEval -B weka.classifiers.bayes.NaiveBayes -F 5 -T 0.01 -R 1 -E AUC --\\\\\\\" -S \\\\\\\"weka.attributeSelection.GreedyStepwise -B -T -1.7976931348623157E308 -N -1 -num-slots 1\\\\\\\"\\\" -S 1\" -S 1 -W weka.classifiers.bayes.NaiveBayes',-4523450618538717400,2.026042508E7,4330.0,481.0,432.0,49.0,0.0,89.81288981288981,10.187110187110187,0.0,0.5370002946665359,0.09570676397198545,0.2995934307739828,41.49674940785933,88.21030672489141,272.1308087156738,1305.0052904868837,-1032.87448177121,0.565760517080403,2.713108712030943,-2.1473481949505406,127.15441065745914,0.26435428411114165,46.72547414148608,0.5625,36.0,0.050359712230215826,21.0,0.9496402877697842,396.0,0.4375,28.0,0.631578947368421,0.5625,0.5950413223140496,0.5381788167637219,0.8915242805755396,0.6135199009945965,0.8981288981288982,0.38598861035911397,0.6140113896408861,0.10187110187110188,0.8937283093191732,0.8981288981288982,0.8956061715763369,0.5381788167637219,0.8934408606171196,0.9295483450192709,0.7683886754257525,0.8981288981288982,8.298,0.002,8.25,0.0,8250.0,0.0,18483.0,924503.0,104666.0,92.0997920997921,51.351351351351354,?
DatasetClassiRealeseNormalized,9,6,weka.classifiers.meta.FilteredClassifier,'-F \"weka.filters.MultiFilter -F \\\"weka.filters.supervised.attribute.AttributeSelection -E \\\\\\\"weka.attributeSelection.WrapperSubsetEval -B weka.classifiers.bayes.NaiveBayes -F 5 -T 0.01 -R 1 -E AUC --\\\\\\\" -S \\\\\\\"weka.attributeSelection.GreedyStepwise -B -T -1.7976931348623157E308 -N -1 -num-slots 1\\\\\\\"\\\" -S 1\" -S 1 -W weka.classifiers.bayes.NaiveBayes',-4523450618538717400,2.026042508E7,4330.0,481.0,422.0,59.0,0.0,87.73388773388774,12.266112266112266,0.0,0.49184378749082347,0.12285285381403749,0.33966462575875805,53.266810799848336,100.00860414185503,272.1308087156738,1540.717610312253,-1268.5868015965793,0.565760517080403,3.2031551149942894,-2.6373945979138864,87.74630035361068,0.18242474085989746,32.2441625656907,0.59375,38.0,0.07913669064748201,33.0,0.920863309352518,384.0,0.40625,26.0,0.5352112676056338,0.59375,0.562962962962963,0.49274012104339887,0.8730515587529976,0.5613901601184536,0.8773388773388774,0.36272556798635935,0.6372744320136406,0.12266112266112267,0.883180080431884,0.8773388773388774,0.8799998584762794,0.49274012104339887,0.8732789496053885,0.9214066555536308,0.7458103811187247,0.8773388773388774,8.895,0.001,8.84,0.0,8840.0,0.0,18215.0,924503.0,104666.0,90.02079002079002,52.91060291060291,?
DatasetClassiRealeseNormalized,9,7,weka.classifiers.meta.FilteredClassifier,'-F \"weka.filters.MultiFilter -F \\\"weka.filters.supervised.attribute.AttributeSelection -E \\\\\\\"weka.attributeSelection.WrapperSubsetEval -B weka.classifiers.bayes.NaiveBayes -F 5 -T 0.01 -R 1 -E AUC --\\\\\\\" -S \\\\\\\"weka.attributeSelection.GreedyStepwise -B -T -1.7976931348623157E308 -N -1 -num-slots 1\\\\\\\"\\\" -S 1\" -S 1 -W weka.classifiers.bayes.NaiveBayes',-4523450618538717400,2.026042508E7,4330.0,481.0,424.0,57.0,0.0,88.14968814968815,11.85031185031185,0.0,0.48971691265424655,0.11945346867572085,0.33689566218147066,51.79289790831207,99.19332883414364,272.1308087156738,1421.5934123710108,-1149.462603655337,0.565760517080403,2.955495659814991,-2.3897351427345885,90.4607432718996,0.1880680733303526,33.241639819772956,0.5625,36.0,0.06954436450839328,29.0,0.9304556354916067,388.0,0.4375,28.0,0.5538461538461539,0.5625,0.5581395348837209,0.4897365378433602,0.8849108213429256,0.6197127972797841,0.8814968814968815,0.3885412460052748,0.6114587539947252,0.11850311850311851,0.8822845034383496,0.8814968814968815,0.8818850655864532,0.4897365378433602,0.884618461675566,0.9315206065046445,0.7448560819676708,0.8814968814968815,9.436,0.001,9.37,0.0,9370.0,0.0,17953.0,924503.0,104666.0,90.43659043659044,52.182952182952185,?
DatasetClassiRealeseNormalized,9,8,weka.classifiers.meta.FilteredClassifier,'-F \"weka.filters.MultiFilter -F \\\"weka.filters.supervised.attribute.AttributeSelection -E \\\\\\\"weka.attributeSelection.WrapperSubsetEval -B weka.classifiers.bayes.NaiveBayes -F 5 -T 0.01 -R 1 -E AUC --\\\\\\\" -S \\\\\\\"weka.attributeSelection.GreedyStepwise -B -T -1.7976931348623157E308 -N -1 -num-slots 1\\\\\\\"\\\" -S 1\" -S 1 -W weka.classifiers.bayes.NaiveBayes',-4523450618538717400,2.026042508E7,4330.0,481.0,430.0,51.0,0.0,89.3970893970894,10.602910602910603,0.0,0.5311084351166927,0.1062013128643365,0.31537060062309474,46.046999018867936,92.85563218495064,272.1308087156738,1193.5242331207671,-921.3934244050934,0.565760517080403,2.4813393619974367,-1.915578844917034,112.36454666862433,0.2336061261301961,41.29063783660909,0.578125,37.0,0.05755395683453238,24.0,0.9424460431654677,393.0,0.421875,27.0,0.6065573770491803,0.578125,0.592,0.531310573171521,0.89935551558753,0.5929486814845693,0.893970893970894,0.37339985080542637,0.6266001491945737,0.10602910602910603,0.891917940278596,0.893970893970894,0.8928885610175932,0.531310573171521,0.899842781699796,0.9303816306075576,0.7655340501792114,0.893970893970894,8.873,0.001,8.81,0.0,8810.0,0.0,18216.0,924503.0,104666.0,91.26819126819127,51.87110187110187,?
DatasetClassiRealeseNormalized,9,9,weka.classifiers.meta.FilteredClassifier,'-F \"weka.filters.MultiFilter -F \\\"weka.filters.supervised.attribute.AttributeSelection -E \\\\\\\"weka.attributeSelection.WrapperSubsetEval -B weka.classifiers.bayes.NaiveBayes -F 5 -T 0.01 -R 1 -E AUC --\\\\\\\" -S \\\\\\\"weka.attributeSelection.GreedyStepwise -B -T -1.7976931348623157E308 -N -1 -num-slots 1\\\\\\\"\\\" -S 1\" -S 1 -W weka.classifiers.bayes.NaiveBayes',-4523450618538717400,2.02604250801E7,4330.0,481.0,433.0,48.0,0.0,90.02079002079002,9.97920997920998,0.0,0.5432821648995093,0.12142338422978853,0.29424702092239985,52.64701823073483,86.63614519649362,272.1308087156738,283.6912933244418,-11.560484608767979,0.565760517080403,0.5897947886163031,-0.024034271535900164,94.98448103463389,0.19747293354393738,34.90397926016346,0.5625,36.0,0.047961630695443645,20.0,0.9520383693045563,397.0,0.4375,28.0,0.6428571428571429,0.5625,0.6000000000000001,0.544862980512716,0.8736885491606715,0.6510287482788647,0.9002079002079002,0.3856695309033439,0.6143304690966562,0.0997920997920998,0.8953636506577684,0.9002079002079002,0.8973555686144761,0.544862980512716,0.8736885491606714,0.9326100996452219,0.7714964370546319,0.9002079002079002,11.319,0.0,11.24,0.0,11240.0,0.0,14129.0,924503.0,104666.0,95.21829521829522,60.810810810810814,?
DatasetClassiRealeseNormalized,9,10,weka.classifiers.meta.FilteredClassifier,'-F \"weka.filters.MultiFilter -F \\\"weka.filters.supervised.attribute.AttributeSelection -E \\\\\\\"weka.attributeSelection.WrapperSubsetEval -B weka.classifiers.bayes.NaiveBayes -F 5 -T 0.01 -R 1 -E AUC --\\\\\\\" -S \\\\\\\"weka.attributeSelection.GreedyStepwise -B -T -1.7976931348623157E308 -N -1 -num-slots 1\\\\\\\"\\\" -S 1\" -S 1 -W weka.classifiers.bayes.NaiveBayes',-4523450618538717400,2.02604250801E7,4330.0,481.0,418.0,63.0,0.0,86.9022869022869,13.097713097713097,0.0,0.4207810080853262,0.13133189964282269,0.355437239178674,56.94317415571152,104.65258803706115,272.1308087156738,2162.6154681046214,-1890.4846593889476,0.565760517080403,4.496082054271562,-3.9303215371911593,75.96898515903041,0.15793967808530232,27.916348581613153,0.484375,31.0,0.07194244604316546,30.0,0.9280575539568345,387.0,0.515625,33.0,0.5081967213114754,0.484375,0.496,0.4209411558985771,0.8873651079136691,0.5118046983793427,0.8690228690228691,0.4565903150660345,0.5434096849339656,0.13097713097713098,0.866445539396359,0.8690228690228691,0.867685869492321,0.4209411558985771,0.8886644842130453,0.9185460961696889,0.7103655913978495,0.8690228690228691,8.865,0.001,8.81,0.0,8810.0,0.0,18216.0,924503.0,104666.0,88.56548856548856,51.55925155925156,?
DatasetClassiRealeseNormalized,10,1,weka.classifiers.meta.FilteredClassifier,'-F \"weka.filters.MultiFilter -F \\\"weka.filters.supervised.attribute.AttributeSelection -E \\\\\\\"weka.attributeSelection.WrapperSubsetEval -B weka.classifiers.bayes.NaiveBayes -F 5 -T 0.01 -R 1 -E AUC --\\\\\\\" -S \\\\\\\"weka.attributeSelection.GreedyStepwise -B -T -1.7976931348623157E308 -N -1 -num-slots 1\\\\\\\"\\\" -S 1\" -S 1 -W weka.classifiers.bayes.NaiveBayes',-4523450618538717400,2.02604250801E7,4329.0,482.0,415.0,67.0,0.0,86.09958506224066,13.900414937759336,0.0,0.35820183632099867,0.13747264853054667,0.35223037114147193,59.65227310985795,103.79958660692314,272.3366817903761,1002.2655989109371,-729.928917120561,0.565013862635635,2.0793892093587907,-1.5143753467231555,61.66255223766413,0.12793060630220773,22.642029649581776,0.40625,26.0,0.06937799043062201,29.0,0.930622009569378,389.0,0.59375,38.0,0.4727272727272727,0.40625,0.43697478991596644,0.3595404626359623,0.859075956937799,0.538300877925004,0.8609958506224067,0.5241238410530287,0.47587615894697133,0.13900414937759337,0.8528122037815256,0.8609958506224067,0.856479649975829,0.3595404626359623,0.8591245824564713,0.9129889721934106,0.678842424543782,0.8609958506224067,10.949,0.001,10.88,0.01,10880.0,10.0,14937.0,924290.0,104879.0,90.04149377593362,53.83817427385892,?
DatasetClassiRealeseNormalized,10,2,weka.classifiers.meta.FilteredClassifier,'-F \"weka.filters.MultiFilter -F \\\"weka.filters.supervised.attribute.AttributeSelection -E \\\\\\\"weka.attributeSelection.WrapperSubsetEval -B weka.classifiers.bayes.NaiveBayes -F 5 -T 0.01 -R 1 -E AUC --\\\\\\\" -S \\\\\\\"weka.attributeSelection.GreedyStepwise -B -T -1.7976931348623157E308 -N -1 -num-slots 1\\\\\\\"\\\" -S 1\" -S 1 -W weka.classifiers.bayes.NaiveBayes',-4523450618538717400,2.02604250801E7,4330.0,481.0,428.0,53.0,0.0,88.98128898128898,11.018711018711018,0.0,0.5059783345929504,0.11993038608761912,0.3297853792986491,52.30716127180969,97.74817909823432,269.42867131105754,820.7283802912202,-551.2997089801627,0.5601427677984564,1.7062960089214558,-1.1461532411229993,83.66288145865086,0.17393530448783961,31.051959337342165,0.5555555555555556,35.0,0.05980861244019139,25.0,0.9401913875598086,393.0,0.4444444444444444,28.0,0.5833333333333334,0.5555555555555556,0.5691056910569107,0.5061762772873527,0.8865724918356497,0.5554558650109241,0.8898128898128899,0.39406594669752565,0.6059340533024744,0.1101871101871102,0.8876289499804939,0.8898128898128899,0.8886661417839651,0.5061762772873527,0.88681999208315,0.925113068027417,0.7529676250278594,0.8898128898128899,10.989,0.0,10.92,0.0,10920.0,0.0,15201.0,924503.0,104666.0,90.43659043659044,53.11850311850312,?
DatasetClassiRealeseNormalized,10,3,weka.classifiers.meta.FilteredClassifier,'-F \"weka.filters.MultiFilter -F \\\"weka.filters.supervised.attribute.AttributeSelection -E \\\\\\\"weka.attributeSelection.WrapperSubsetEval -B weka.classifiers.bayes.NaiveBayes -F 5 -T 0.01 -R 1 -E AUC --\\\\\\\" -S \\\\\\\"weka.attributeSelection.GreedyStepwise -B -T -1.7976931348623157E308 -N -1 -num-slots 1\\\\\\\"\\\" -S 1\" -S 1 -W weka.classifiers.bayes.NaiveBayes',-4523450618538717400,2.02604250801E7,4330.0,481.0,434.0,47.0,0.0,90.22869022869023,9.771309771309772,0.0,0.549652383513616,0.10086497644502099,0.30625327800437957,43.73325852699229,90.17118806136307,272.1308087156738,2493.404447010071,-2221.273638294397,0.565760517080403,5.183793029126967,-4.618032512046564,120.58902769591947,0.25070483928465587,44.31289065175734,0.5625,36.0,0.045563549160671464,19.0,0.9544364508393285,398.0,0.4375,28.0,0.6545454545454545,0.5625,0.6050420168067226,0.551707676644619,0.8966951438848921,0.5792961398037001,0.9022869022869023,0.3853504514475738,0.6146495485524263,0.09771309771309772,0.8970529280388435,0.9022869022869023,0.8991134693458328,0.551707676644619,0.8970687145709627,0.9265932567320287,0.7746443773238834,0.9022869022869023,9.08,0.001,9.03,0.0,9030.0,0.0,18217.0,924503.0,104666.0,92.3076923076923,52.5987525987526,?
DatasetClassiRealeseNormalized,10,4,weka.classifiers.meta.FilteredClassifier,'-F \"weka.filters.MultiFilter -F \\\"weka.filters.supervised.attribute.AttributeSelection -E \\\\\\\"weka.attributeSelection.WrapperSubsetEval -B weka.classifiers.bayes.NaiveBayes -F 5 -T 0.01 -R 1 -E AUC --\\\\\\\" -S \\\\\\\"weka.attributeSelection.GreedyStepwise -B -T -1.7976931348623157E308 -N -1 -num-slots 1\\\\\\\"\\\" -S 1\" -S 1 -W weka.classifiers.bayes.NaiveBayes',-4523450618538717400,2.02604250801E7,4330.0,481.0,430.0,51.0,0.0,89.3970893970894,10.602910602910603,0.0,0.5043541510920737,0.10462201406624178,0.3178458802586377,45.362243169387405,93.58443713677164,272.1308087156738,1065.2605792761524,-793.1297705604786,0.565760517080403,2.21467895899408,-1.6489184419136769,113.11700157201302,0.2351704814386965,41.56714269357105,0.515625,33.0,0.047961630695443645,20.0,0.9520383693045563,397.0,0.484375,31.0,0.6226415094339622,0.515625,0.564102564102564,0.5072610886307853,0.8775854316546763,0.6062336569847493,0.893970893970894,0.42630752466633764,0.5736924753336624,0.10602910602910603,0.8869974752094308,0.893970893970894,0.8896767500317796,0.5072610886307853,0.8777803380995827,0.9284965399256979,0.7518737672583826,0.893970893970894,9.053,0.001,8.99,0.0,8990.0,0.0,18215.0,924503.0,104666.0,91.06029106029106,51.24740124740125,?
DatasetClassiRealeseNormalized,10,5,weka.classifiers.meta.FilteredClassifier,'-F \"weka.filters.MultiFilter -F \\\"weka.filters.supervised.attribute.AttributeSelection -E \\\\\\\"weka.attributeSelection.WrapperSubsetEval -B weka.classifiers.bayes.NaiveBayes -F 5 -T 0.01 -R 1 -E AUC --\\\\\\\" -S \\\\\\\"weka.attributeSelection.GreedyStepwise -B -T -1.7976931348623157E308 -N -1 -num-slots 1\\\\\\\"\\\" -S 1\" -S 1 -W weka.classifiers.bayes.NaiveBayes',-4523450618538717400,2.0260425080199998E7,4330.0,481.0,431.0,50.0,0.0,89.60498960498961,10.395010395010395,0.0,0.5773732119635889,0.10811699208331985,0.3137613838862399,46.877603431731224,92.38182506048175,272.1308087156738,1494.2072601752495,-1222.0764514595758,0.565760517080403,3.1064600003643443,-2.5406994832839414,108.56113653691116,0.22569882855906687,39.89299743357519,0.6875,44.0,0.07194244604316546,30.0,0.9280575539568345,387.0,0.3125,20.0,0.5945945945945946,0.6875,0.6376811594202898,0.5794468619249198,0.9234112709832134,0.6926113393966579,0.896049896049896,0.2804923420930615,0.7195076579069385,0.10395010395010396,0.903456660213417,0.896049896049896,0.8991854389701583,0.5794468619249198,0.9231838801308225,0.9478859827773708,0.7885007738849021,0.896049896049896,11.066,0.001,10.99,0.0,10990.0,0.0,15201.0,924503.0,104666.0,91.68399168399168,52.91060291060291,?
DatasetClassiRealeseNormalized,10,6,weka.classifiers.meta.FilteredClassifier,'-F \"weka.filters.MultiFilter -F \\\"weka.filters.supervised.attribute.AttributeSelection -E \\\\\\\"weka.attributeSelection.WrapperSubsetEval -B weka.classifiers.bayes.NaiveBayes -F 5 -T 0.01 -R 1 -E AUC --\\\\\\\" -S \\\\\\\"weka.attributeSelection.GreedyStepwise -B -T -1.7976931348623157E308 -N -1 -num-slots 1\\\\\\\"\\\" -S 1\" -S 1 -W weka.classifiers.bayes.NaiveBayes',-4523450618538717400,2.0260425080199998E7,4330.0,481.0,420.0,61.0,0.0,87.31808731808732,12.681912681912682,0.0,0.4155062849857568,0.12755373922326863,0.350933471998516,55.30503104391621,103.3265286393204,272.1308087156738,1039.917718164301,-767.7869094486273,0.565760517080403,2.16199109805468,-1.5962305809742772,80.28220810872347,0.16690687756491365,29.501330072701712,0.453125,29.0,0.06235011990407674,26.0,0.9376498800959233,391.0,0.546875,35.0,0.5272727272727272,0.453125,0.48739495798319327,0.41705997098628084,0.8536420863309353,0.5398335528872718,0.8731808731808732,0.4824059930849499,0.5175940069150501,0.12681912681912683,0.8658729546053491,0.8731808731808732,0.8690621623424639,0.41705997098628084,0.8540643836282326,0.9158154363529067,0.7075171705692954,0.8731808731808732,8.959,0.001,8.91,0.0,8910.0,0.0,18217.0,924503.0,104666.0,88.98128898128898,51.66320166320166,?
DatasetClassiRealeseNormalized,10,7,weka.classifiers.meta.FilteredClassifier,'-F \"weka.filters.MultiFilter -F \\\"weka.filters.supervised.attribute.AttributeSelection -E \\\\\\\"weka.attributeSelection.WrapperSubsetEval -B weka.classifiers.bayes.NaiveBayes -F 5 -T 0.01 -R 1 -E AUC --\\\\\\\" -S \\\\\\\"weka.attributeSelection.GreedyStepwise -B -T -1.7976931348623157E308 -N -1 -num-slots 1\\\\\\\"\\\" -S 1\" -S 1 -W weka.classifiers.bayes.NaiveBayes',-4523450618538717400,2.0260425080199998E7,4330.0,481.0,431.0,50.0,0.0,89.60498960498961,10.395010395010395,0.0,0.5610352631963204,0.10499417378714225,0.30816770488756173,45.52360500043235,90.73485924110692,272.1308087156738,3344.5604326793796,-3072.4296239637056,0.565760517080403,6.953348092888523,-6.387587575808119,109.9745268199507,0.2286372698959474,40.41237643726465,0.640625,41.0,0.06474820143884892,27.0,0.935251798561151,390.0,0.359375,23.0,0.6029411764705882,0.640625,0.6212121212121211,0.5613815223922689,0.8919926558752997,0.5776571157383139,0.896049896049896,0.32017309748874495,0.679826902511255,0.10395010395010396,0.8988887214211242,0.896049896049896,0.8973744154467045,0.561381522392269,0.8923499843576282,0.9267104964020292,0.7804855786783497,0.896049896049896,9.305,0.001,9.25,0.0,9250.0,0.0,17952.0,924503.0,104666.0,91.68399168399168,52.49480249480249,?
DatasetClassiRealeseNormalized,10,8,weka.classifiers.meta.FilteredClassifier,'-F \"weka.filters.MultiFilter -F \\\"weka.filters.supervised.attribute.AttributeSelection -E \\\\\\\"weka.attributeSelection.WrapperSubsetEval -B weka.classifiers.bayes.NaiveBayes -F 5 -T 0.01 -R 1 -E AUC --\\\\\\\" -S \\\\\\\"weka.attributeSelection.GreedyStepwise -B -T -1.7976931348623157E308 -N -1 -num-slots 1\\\\\\\"\\\" -S 1\" -S 1 -W weka.classifiers.bayes.NaiveBayes',-4523450618538717400,2.0260425080199998E7,4330.0,481.0,430.0,51.0,0.0,89.3970893970894,10.602910602910603,0.0,0.5373517152933635,0.10929316087341315,0.32239059819837507,47.387569284908885,94.92255380510669,272.1308087156738,1218.637472091422,-946.5066633757483,0.565760517080403,2.5335498380279047,-1.9677893209475017,106.62905776728434,0.22168203278021692,39.18301579689638,0.59375,38.0,0.05995203836930456,25.0,0.9400479616306955,392.0,0.40625,26.0,0.6031746031746031,0.59375,0.5984251968503936,0.5373738267325,0.8992431055155875,0.6208269233226219,0.893970893970894,0.36017293234019854,0.6398270676598016,0.10602910602910603,0.8932752090646827,0.893970893970894,0.8936169470282347,0.5373738267325,0.8997953404428225,0.9339763190671327,0.7686736762695082,0.893970893970894,8.792,0.001,8.74,0.01,8740.0,10.0,18216.0,924503.0,104666.0,90.43659043659044,51.45530145530145,?
DatasetClassiRealeseNormalized,10,9,weka.classifiers.meta.FilteredClassifier,'-F \"weka.filters.MultiFilter -F \\\"weka.filters.supervised.attribute.AttributeSelection -E \\\\\\\"weka.attributeSelection.WrapperSubsetEval -B weka.classifiers.bayes.NaiveBayes -F 5 -T 0.01 -R 1 -E AUC --\\\\\\\" -S \\\\\\\"weka.attributeSelection.GreedyStepwise -B -T -1.7976931348623157E308 -N -1 -num-slots 1\\\\\\\"\\\" -S 1\" -S 1 -W weka.classifiers.bayes.NaiveBayes',-4523450618538717400,2.0260425080199998E7,4330.0,481.0,417.0,64.0,0.0,86.6943866943867,13.305613305613306,0.0,0.42326139088729015,0.13296799283712812,0.3546057463146897,57.65255504452591,104.40776878190552,272.1308087156738,2374.951475128818,-2102.820666413144,0.565760517080403,4.937529054321867,-4.371768537241463,71.6206971674524,0.14889957831071185,26.318481727764507,0.5,32.0,0.07673860911270983,32.0,0.9232613908872902,385.0,0.5,32.0,0.5,0.5,0.5,0.42326139088729015,0.8918053057553957,0.5351915543846906,0.8669438669438669,0.4436824760565768,0.5563175239434233,0.13305613305613306,0.8669438669438669,0.8669438669438669,0.8669438669438669,0.42326139088729015,0.8920976654227554,0.9226610910162725,0.7116306954436451,0.8669438669438669,10.644,0.001,10.59,0.0,10590.0,0.0,15201.0,924503.0,104666.0,88.77338877338877,51.975051975051976,?
DatasetClassiRealeseNormalized,10,10,weka.classifiers.meta.FilteredClassifier,'-F \"weka.filters.MultiFilter -F \\\"weka.filters.supervised.attribute.AttributeSelection -E \\\\\\\"weka.attributeSelection.WrapperSubsetEval -B weka.classifiers.bayes.NaiveBayes -F 5 -T 0.01 -R 1 -E AUC --\\\\\\\" -S \\\\\\\"weka.attributeSelection.GreedyStepwise -B -T -1.7976931348623157E308 -N -1 -num-slots 1\\\\\\\"\\\" -S 1\" -S 1 -W weka.classifiers.bayes.NaiveBayes',-4523450618538717400,2.0260425080199998E7,4330.0,481.0,416.0,65.0,0.0,86.48648648648648,13.513513513513514,0.0,0.4180982337285267,0.13374228306126404,0.3559255013871837,57.988273504397036,104.79634872988926,272.1308087156738,3214.9500709885974,-2942.8192622729234,0.565760517080403,6.683887881473176,-6.118127364392772,70.2057584149018,0.14595791770249852,25.798533707461903,0.5,32.0,0.07913669064748201,33.0,0.920863309352518,384.0,0.5,32.0,0.49230769230769234,0.5,0.49612403100775193,0.41811498883069487,0.8560963729016786,0.503695879412561,0.8648648648648649,0.4440015555123469,0.5559984444876531,0.13513513513513514,0.8657604349912043,0.8648648648648649,0.8653075309319201,0.41811498883069487,0.8555441379744437,0.9110543280377983,0.709046409261379,0.8648648648648649,8.958,0.001,8.91,0.0,8910.0,0.0,18217.0,924503.0,104666.0,89.1891891891892,52.28690228690229,?
DatasetClassiRealeseNormalized,1,1,weka.classifiers.meta.FilteredClassifier,'-F \"weka.filters.MultiFilter -F \\\"weka.filters.supervised.attribute.AttributeSelection -E \\\\\\\"weka.attributeSelection.WrapperSubsetEval -B weka.classifiers.bayes.NaiveBayes -F 5 -T 0.01 -R 1 -E AUC --\\\\\\\" -S \\\\\\\"weka.attributeSelection.GreedyStepwise -B -T -1.7976931348623157E308 -N -1 -num-slots 1\\\\\\\"\\\" -F \\\"weka.filters.supervised.instance.Resample -B 1.0 -S 1 -Z 200.0\\\" -S 1\" -S 1 -W weka.classifiers.bayes.NaiveBayes',-4523450618538717400,2.0260425080199998E7,4329.0,482.0,423.0,59.0,0.0,87.75933609958506,12.240663900414937,0.0,0.4719818782724943,0.11822717572345941,0.33181674267707545,51.30125774579724,97.78384699626753,272.3366817903761,1639.5427106396855,-1367.2060288493094,0.565013862635635,3.401540893443331,-2.8365270308076957,93.23719584443373,0.19343816565235214,34.23600347609456,0.546875,35.0,0.07177033492822966,30.0,0.9282296650717703,388.0,0.453125,29.0,0.5384615384615384,0.546875,0.5426356589147288,0.47200078058983136,0.8851487739234449,0.5890787261148916,0.8775933609958506,0.40248869592408026,0.5975113040759197,0.12240663900414937,0.8784066267573238,0.8775933609958506,0.8779945079444508,0.47200078058983136,0.8849542718487562,0.9258205972543131,0.7359884881399992,0.8775933609958506,8.311,0.002,8.26,0.0,8260.0,0.0,20073.0,924290.0,104879.0,90.45643153526972,52.28215767634855,?
DatasetClassiRealeseNormalized,1,2,weka.classifiers.meta.FilteredClassifier,'-F \"weka.filters.MultiFilter -F \\\"weka.filters.supervised.attribute.AttributeSelection -E \\\\\\\"weka.attributeSelection.WrapperSubsetEval -B weka.classifiers.bayes.NaiveBayes -F 5 -T 0.01 -R 1 -E AUC --\\\\\\\" -S \\\\\\\"weka.attributeSelection.GreedyStepwise -B -T -1.7976931348623157E308 -N -1 -num-slots 1\\\\\\\"\\\" -F \\\"weka.filters.supervised.instance.Resample -B 1.0 -S 1 -Z 200.0\\\" -S 1\" -S 1 -W weka.classifiers.bayes.NaiveBayes',-4523450618538717400,2.02604250803E7,4330.0,481.0,425.0,56.0,0.0,88.35758835758836,11.642411642411643,0.0,0.5084492134749444,0.12335294487705692,0.32644714250961576,53.799896686090605,96.75872781261126,269.42867131105754,1782.7183569670665,-1513.289685656009,0.5601427677984564,3.7062751704097017,-3.1461324026112454,83.56102508126051,0.17372354486748548,31.014154757415795,0.6031746031746031,38.0,0.07416267942583732,31.0,0.9258373205741627,387.0,0.3968253968253968,25.0,0.5507246376811594,0.6031746031746031,0.5757575757575758,0.5091558326720818,0.8730918204602415,0.5782914806419857,0.8835758835758836,0.35456395982711775,0.6454360401728824,0.11642411642411643,0.888423231817069,0.8835758835758836,0.8858010761625219,0.5091558326720818,0.8733888207572419,0.921904617161579,0.7541438481197518,0.8835758835758836,10.999,0.0,10.93,0.0,10930.0,0.0,16411.0,924503.0,104666.0,91.06029106029106,54.46985446985447,?
DatasetClassiRealeseNormalized,1,3,weka.classifiers.meta.FilteredClassifier,'-F \"weka.filters.MultiFilter -F \\\"weka.filters.supervised.attribute.AttributeSelection -E \\\\\\\"weka.attributeSelection.WrapperSubsetEval -B weka.classifiers.bayes.NaiveBayes -F 5 -T 0.01 -R 1 -E AUC --\\\\\\\" -S \\\\\\\"weka.attributeSelection.GreedyStepwise -B -T -1.7976931348623157E308 -N -1 -num-slots 1\\\\\\\"\\\" -F \\\"weka.filters.supervised.instance.Resample -B 1.0 -S 1 -Z 200.0\\\" -S 1\" -S 1 -W weka.classifiers.bayes.NaiveBayes',-4523450618538717400,2.02604250803E7,4330.0,481.0,414.0,67.0,0.0,86.07068607068607,13.92931392931393,0.0,0.4636253183096718,0.13607637395114516,0.35114441903114424,59.000293770602205,103.38863848733266,272.1308087156738,1251.3609754657748,-979.230166750101,0.565760517080403,2.6015820695754153,-2.0358215524950127,68.1697985281518,0.14172515286518045,25.05037884166088,0.625,40.0,0.10311750599520383,43.0,0.8968824940047961,374.0,0.375,24.0,0.4819277108433735,0.625,0.5442176870748299,0.469083504846359,0.8948216426858513,0.6092611424568554,0.8607068607068608,0.3388243667020645,0.6611756332979354,0.1392931392931393,0.878789282434012,0.8607068607068608,0.8680851359203681,0.46908350484635897,0.8947891582783669,0.932045776226586,0.7310045490588872,0.8607068607068608,10.793,0.001,10.72,0.01,10720.0,10.0,16691.0,924503.0,104666.0,89.81288981288981,53.63825363825364,?
DatasetClassiRealeseNormalized,1,4,weka.classifiers.meta.FilteredClassifier,'-F \"weka.filters.MultiFilter -F \\\"weka.filters.supervised.attribute.AttributeSelection -E \\\\\\\"weka.attributeSelection.WrapperSubsetEval -B weka.classifiers.bayes.NaiveBayes -F 5 -T 0.01 -R 1 -E AUC --\\\\\\\" -S \\\\\\\"weka.attributeSelection.GreedyStepwise -B -T -1.7976931348623157E308 -N -1 -num-slots 1\\\\\\\"\\\" -F \\\"weka.filters.supervised.instance.Resample -B 1.0 -S 1 -Z 200.0\\\" -S 1\" -S 1 -W weka.classifiers.bayes.NaiveBayes',-4523450618538717400,2.02604250803E7,4330.0,481.0,422.0,59.0,0.0,87.73388773388774,12.266112266112266,0.0,0.4981875408908458,0.12676958584679646,0.3317981104551393,54.96503609674281,97.69243944493365,272.1308087156738,1206.780140234204,-934.6493315185303,0.565760517080403,2.508898420445331,-1.9431379033649279,76.95780498152403,0.15999543655202503,28.279710535065014,0.609375,39.0,0.0815347721822542,34.0,0.9184652278177458,383.0,0.390625,25.0,0.5342465753424658,0.609375,0.5693430656934307,0.499653562806566,0.8749625299760192,0.6025485091897135,0.8773388773388774,0.3494986495211315,0.6505013504788684,0.12266112266112267,0.8849070898829158,0.8773388773388774,0.880698831647737,0.499653562806566,0.8751899208284101,0.9272698997036691,0.7489139570891397,0.8773388773388774,11.095,0.001,11.02,0.0,11020.0,0.0,16403.0,924503.0,104666.0,91.89189189189189,54.46985446985447,?
DatasetClassiRealeseNormalized,1,5,weka.classifiers.meta.FilteredClassifier,'-F \"weka.filters.MultiFilter -F \\\"weka.filters.supervised.attribute.AttributeSelection -E \\\\\\\"weka.attributeSelection.WrapperSubsetEval -B weka.classifiers.bayes.NaiveBayes -F 5 -T 0.01 -R 1 -E AUC --\\\\\\\" -S \\\\\\\"weka.attributeSelection.GreedyStepwise -B -T -1.7976931348623157E308 -N -1 -num-slots 1\\\\\\\"\\\" -F \\\"weka.filters.supervised.instance.Resample -B 1.0 -S 1 -Z 200.0\\\" -S 1\" -S 1 -W weka.classifiers.bayes.NaiveBayes',-4523450618538717400,2.02604250803E7,4330.0,481.0,422.0,59.0,0.0,87.73388773388774,12.266112266112266,0.0,0.46477943533938126,0.1253833114589819,0.3434366691074754,54.36397219598745,101.11921961800331,272.1308087156738,3396.2580813566055,-3124.1272726409316,0.565760517080403,7.060827611967995,-6.495067094887592,85.06826191838618,0.17685709338541827,31.26006287927021,0.53125,34.0,0.06954436450839328,29.0,0.9304556354916067,388.0,0.46875,30.0,0.5396825396825397,0.53125,0.5354330708661418,0.464798560508063,0.8923486211031175,0.5194092942824249,0.8773388773388774,0.41563324184727063,0.5843667581527293,0.12266112266112267,0.8765310870574028,0.8773388773388774,0.8769294093071734,0.46479856050806306,0.8928358872153837,0.9209447057860769,0.7323871941157056,0.8773388773388774,8.88,0.001,8.82,0.0,8820.0,0.0,19797.0,924503.0,104666.0,89.60498960498961,52.182952182952185,?
DatasetClassiRealeseNormalized,1,6,weka.classifiers.meta.FilteredClassifier,'-F \"weka.filters.MultiFilter -F \\\"weka.filters.supervised.attribute.AttributeSelection -E \\\\\\\"weka.attributeSelection.WrapperSubsetEval -B weka.classifiers.bayes.NaiveBayes -F 5 -T 0.01 -R 1 -E AUC --\\\\\\\" -S \\\\\\\"weka.attributeSelection.GreedyStepwise -B -T -1.7976931348623157E308 -N -1 -num-slots 1\\\\\\\"\\\" -F \\\"weka.filters.supervised.instance.Resample -B 1.0 -S 1 -Z 200.0\\\" -S 1\" -S 1 -W weka.classifiers.bayes.NaiveBayes',-4523450618538717400,2.02604250803E7,4330.0,481.0,425.0,56.0,0.0,88.35758835758836,11.642411642411643,0.0,0.5146141925253181,0.11882637719922555,0.3321028257301931,51.52100220548017,97.78215779358642,272.1308087156738,1670.5446171911512,-1398.4138084754775,0.565760517080403,3.473065732206136,-2.907305215125733,92.71006315317557,0.19274441403986606,34.06819815467509,0.609375,39.0,0.07434052757793765,31.0,0.9256594724220624,386.0,0.390625,25.0,0.5571428571428572,0.609375,0.582089552238806,0.5153115161696538,0.8979878597122302,0.6496440432308402,0.8835758835758836,0.3485414111538212,0.6514585888461787,0.11642411642411643,0.8883413292172415,0.8835758835758836,0.885760567136297,0.5153115161696538,0.8979878597122302,0.9369085239820083,0.75722835099863,0.8835758835758836,8.951,0.002,8.9,0.0,8900.0,0.0,19805.0,924503.0,104666.0,90.22869022869023,52.28690228690229,?
DatasetClassiRealeseNormalized,1,7,weka.classifiers.meta.FilteredClassifier,'-F \"weka.filters.MultiFilter -F \\\"weka.filters.supervised.attribute.AttributeSelection -E \\\\\\\"weka.attributeSelection.WrapperSubsetEval -B weka.classifiers.bayes.NaiveBayes -F 5 -T 0.01 -R 1 -E AUC --\\\\\\\" -S \\\\\\\"weka.attributeSelection.GreedyStepwise -B -T -1.7976931348623157E308 -N -1 -num-slots 1\\\\\\\"\\\" -F \\\"weka.filters.supervised.instance.Resample -B 1.0 -S 1 -Z 200.0\\\" -S 1\" -S 1 -W weka.classifiers.bayes.NaiveBayes',-4523450618538717400,2.02604250803E7,4330.0,481.0,416.0,65.0,0.0,86.48648648648648,13.513513513513514,0.0,0.40239310358009844,0.1384227875147746,0.36008452732772095,60.01765692881779,106.02090479890514,272.1308087156738,1548.8227872356645,-1276.6919785199907,0.565760517080403,3.220005794668741,-2.654245277588338,64.94583991412397,0.13502253620399993,23.865669683134005,0.46875,30.0,0.07434052757793765,31.0,0.9256594724220624,386.0,0.53125,34.0,0.4918032786885246,0.46875,0.48,0.4025462530197531,0.8351318944844125,0.48272738278113536,0.8648648648648649,0.4704553924428025,0.5295446075571975,0.13513513513513514,0.8622001392493196,0.8648648648648649,0.8634854209047758,0.4025462530197531,0.8359927312827492,0.9031195600450461,0.7011708482676224,0.8648648648648649,8.887,0.001,8.83,0.0,8830.0,0.0,19805.0,924503.0,104666.0,88.14968814968815,52.80665280665281,?
DatasetClassiRealeseNormalized,1,8,weka.classifiers.meta.FilteredClassifier,'-F \"weka.filters.MultiFilter -F \\\"weka.filters.supervised.attribute.AttributeSelection -E \\\\\\\"weka.attributeSelection.WrapperSubsetEval -B weka.classifiers.bayes.NaiveBayes -F 5 -T 0.01 -R 1 -E AUC --\\\\\\\" -S \\\\\\\"weka.attributeSelection.GreedyStepwise -B -T -1.7976931348623157E308 -N -1 -num-slots 1\\\\\\\"\\\" -F \\\"weka.filters.supervised.instance.Resample -B 1.0 -S 1 -Z 200.0\\\" -S 1\" -S 1 -W weka.classifiers.bayes.NaiveBayes',-4523450618538717400,2.0260425080399998E7,4330.0,481.0,435.0,46.0,0.0,90.43659043659044,9.563409563409563,0.0,0.5908805147738619,0.1112502368534815,0.2897094904705833,48.236122596572514,85.30014476452742,272.1308087156738,801.3798689535447,-529.2490602378709,0.565760517080403,1.666070413624833,-1.1003098965444302,102.31527150770019,0.21271366217817086,37.59782730613227,0.65625,42.0,0.05755395683453238,24.0,0.9424460431654677,393.0,0.34375,22.0,0.6363636363636364,0.65625,0.6461538461538462,0.5909740160211686,0.9008355815347722,0.6423908695474249,0.9043659043659044,0.30566986120043677,0.6943301387995633,0.09563409563409564,0.9056574815610962,0.9043659043659044,0.9049866064289142,0.5909740160211687,0.9009980035721942,0.9369329395664958,0.7954326923076924,0.9043659043659044,11.019,0.0,10.95,0.0,10950.0,0.0,16113.0,924503.0,104666.0,94.5945945945946,56.65280665280665,?
DatasetClassiRealeseNormalized,1,9,weka.classifiers.meta.FilteredClassifier,'-F \"weka.filters.MultiFilter -F \\\"weka.filters.supervised.attribute.AttributeSelection -E \\\\\\\"weka.attributeSelection.WrapperSubsetEval -B weka.classifiers.bayes.NaiveBayes -F 5 -T 0.01 -R 1 -E AUC --\\\\\\\" -S \\\\\\\"weka.attributeSelection.GreedyStepwise -B -T -1.7976931348623157E308 -N -1 -num-slots 1\\\\\\\"\\\" -F \\\"weka.filters.supervised.instance.Resample -B 1.0 -S 1 -Z 200.0\\\" -S 1\" -S 1 -W weka.classifiers.bayes.NaiveBayes',-4523450618538717400,2.0260425080399998E7,4330.0,481.0,429.0,52.0,0.0,89.1891891891892,10.81081081081081,0.0,0.5492846073449382,0.11940429517455581,0.3081684670694528,51.77157715342844,90.73508365289797,272.1308087156738,512.5768736550489,-240.44606493937505,0.565760517080403,1.0656483859772325,-0.4998878688968296,92.00213479446244,0.1912726295103169,33.80805548209265,0.640625,41.0,0.06954436450839328,29.0,0.9304556354916067,388.0,0.359375,23.0,0.5857142857142857,0.640625,0.6119402985074627,0.5500289108440152,0.9154488908872902,0.6837515381975225,0.8918918918918919,0.3208112564002852,0.6791887435997148,0.10810810810810811,0.8963616379674774,0.8918918918918919,0.8939205266265616,0.5500289108440152,0.9154488908872902,0.9457925315780837,0.7745691830701564,0.8918918918918919,11.276,0.001,11.2,0.0,11200.0,0.0,16117.0,924503.0,104666.0,93.13929313929314,56.65280665280665,?
DatasetClassiRealeseNormalized,1,10,weka.classifiers.meta.FilteredClassifier,'-F \"weka.filters.MultiFilter -F \\\"weka.filters.supervised.attribute.AttributeSelection -E \\\\\\\"weka.attributeSelection.WrapperSubsetEval -B weka.classifiers.bayes.NaiveBayes -F 5 -T 0.01 -R 1 -E AUC --\\\\\\\" -S \\\\\\\"weka.attributeSelection.GreedyStepwise -B -T -1.7976931348623157E308 -N -1 -num-slots 1\\\\\\\"\\\" -F \\\"weka.filters.supervised.instance.Resample -B 1.0 -S 1 -Z 200.0\\\" -S 1\" -S 1 -W weka.classifiers.bayes.NaiveBayes',-4523450618538717400,2.0260425080399998E7,4330.0,481.0,419.0,62.0,0.0,87.11018711018711,12.88981288981289,0.0,0.42610268647525207,0.13221049070629862,0.3535936875405367,57.3241156031072,104.10978489533957,272.1308087156738,1830.52899548949,-1558.3981867738162,0.565760517080403,3.805673587296237,-3.239913070215834,71.74281009463918,0.1491534513402062,26.3633546062758,0.484375,31.0,0.06954436450839328,29.0,0.9304556354916067,388.0,0.515625,33.0,0.5166666666666667,0.484375,0.5000000000000001,0.42639505867453215,0.8596372901678657,0.48796447460078984,0.8711018711018711,0.4562712356102644,0.5437287643897355,0.1288981288981289,0.8677343157153133,0.8711018711018711,0.8693305017887357,0.42639505867453215,0.8600920718726475,0.9102801654817582,0.7130071599045347,0.8711018711018711,8.924,0.001,8.86,0.0,8860.0,0.0,19797.0,924503.0,104666.0,88.35758835758836,51.975051975051976,?
DatasetClassiRealeseNormalized,2,1,weka.classifiers.meta.FilteredClassifier,'-F \"weka.filters.MultiFilter -F \\\"weka.filters.supervised.attribute.AttributeSelection -E \\\\\\\"weka.attributeSelection.WrapperSubsetEval -B weka.classifiers.bayes.NaiveBayes -F 5 -T 0.01 -R 1 -E AUC --\\\\\\\" -S \\\\\\\"weka.attributeSelection.GreedyStepwise -B -T -1.7976931348623157E308 -N -1 -num-slots 1\\\\\\\"\\\" -F \\\"weka.filters.supervised.instance.Resample -B 1.0 -S 1 -Z 200.0\\\" -S 1\" -S 1 -W weka.classifiers.bayes.NaiveBayes',-4523450618538717400,2.0260425080399998E7,4329.0,482.0,422.0,60.0,0.0,87.55186721991701,12.448132780082988,0.0,0.473415877640204,0.135377217436597,0.3293248121249145,58.74302149337077,97.04949419094518,272.3366817903761,1016.9415836777996,-744.6049018874235,0.565013862635635,2.109837310534854,-1.5448234478992189,70.03507635839594,0.14530098829542726,25.716358111575868,0.5625,36.0,0.07655502392344497,32.0,0.9234449760765551,386.0,0.4375,28.0,0.5294117647058824,0.5625,0.5454545454545455,0.47370786730012154,0.8547959031100478,0.526856689801215,0.8755186721991701,0.3895736961226151,0.6104263038773848,0.12448132780082988,0.8788627002908928,0.8755186721991701,0.8771055189623654,0.47370786730012154,0.8549904051847367,0.9090990635888753,0.7366695804195804,0.8755186721991701,11.085,0.001,11.02,0.0,11020.0,0.0,16113.0,924290.0,104879.0,92.5311203319502,56.84647302904564,?
DatasetClassiRealeseNormalized,2,2,weka.classifiers.meta.FilteredClassifier,'-F \"weka.filters.MultiFilter -F \\\"weka.filters.supervised.attribute.AttributeSelection -E \\\\\\\"weka.attributeSelection.WrapperSubsetEval -B weka.classifiers.bayes.NaiveBayes -F 5 -T 0.01 -R 1 -E AUC --\\\\\\\" -S \\\\\\\"weka.attributeSelection.GreedyStepwise -B -T -1.7976931348623157E308 -N -1 -num-slots 1\\\\\\\"\\\" -F \\\"weka.filters.supervised.instance.Resample -B 1.0 -S 1 -Z 200.0\\\" -S 1\" -S 1 -W weka.classifiers.bayes.NaiveBayes',-4523450618538717400,2.0260425080399998E7,4330.0,481.0,416.0,65.0,0.0,86.48648648648648,13.513513513513514,0.0,0.42572966221552827,0.13507520767887093,0.35692421739949837,58.91251502117258,105.7921136499765,269.42867131105754,1060.607753908771,-791.1790825977134,0.5601427677984564,2.20500572538206,-1.6448629575836038,67.55530714680738,0.14044762400583655,25.07354054714327,0.5238095238095238,33.0,0.08373205741626795,35.0,0.916267942583732,383.0,0.47619047619047616,30.0,0.4852941176470588,0.5238095238095238,0.5038167938931297,0.4261456553468326,0.8706994759626339,0.5685768492710059,0.8648648648648649,0.42478739847160896,0.5752126015283909,0.13513513513513514,0.8694601523614485,0.8648648648648649,0.8670372359296767,0.4261456553468326,0.8718874771506351,0.921392318112626,0.7127988903280329,0.8648648648648649,8.887,0.001,8.82,0.0,8820.0,0.0,19801.0,924503.0,104666.0,88.77338877338877,52.39085239085239,?
DatasetClassiRealeseNormalized,2,3,weka.classifiers.meta.FilteredClassifier,'-F \"weka.filters.MultiFilter -F \\\"weka.filters.supervised.attribute.AttributeSelection -E \\\\\\\"weka.attributeSelection.WrapperSubsetEval -B weka.classifiers.bayes.NaiveBayes -F 5 -T 0.01 -R 1 -E AUC --\\\\\\\" -S \\\\\\\"weka.attributeSelection.GreedyStepwise -B -T -1.7976931348623157E308 -N -1 -num-slots 1\\\\\\\"\\\" -F \\\"weka.filters.supervised.instance.Resample -B 1.0 -S 1 -Z 200.0\\\" -S 1\" -S 1 -W weka.classifiers.bayes.NaiveBayes',-4523450618538717400,2.0260425080399998E7,4330.0,481.0,429.0,52.0,0.0,89.1891891891892,10.81081081081081,0.0,0.5186667693018243,0.12226687361222807,0.31343709999815705,53.01274021399538,92.28634505893487,272.1308087156738,792.852167297673,-520.7213585819991,0.565760517080403,1.6483413041531663,-1.082580787072763,82.33726062615261,0.1711793360211073,30.256500913933547,0.5625,36.0,0.05755395683453238,24.0,0.9424460431654677,393.0,0.4375,28.0,0.6,0.5625,0.5806451612903225,0.5190226547464543,0.8856789568345323,0.6041808593543896,0.8918918918918919,0.3869458487264243,0.6130541512735758,0.10810810810810811,0.8891185722539641,0.8918918918918919,0.8904062273066816,0.5190226547464543,0.8859063476869232,0.9301025094478892,0.7592963276618677,0.8918918918918919,11.276,0.001,11.18,0.0,11180.0,0.0,16113.0,924503.0,104666.0,92.72349272349273,56.02910602910603,?
DatasetClassiRealeseNormalized,2,4,weka.classifiers.meta.FilteredClassifier,'-F \"weka.filters.MultiFilter -F \\\"weka.filters.supervised.attribute.AttributeSelection -E \\\\\\\"weka.attributeSelection.WrapperSubsetEval -B weka.classifiers.bayes.NaiveBayes -F 5 -T 0.01 -R 1 -E AUC --\\\\\\\" -S \\\\\\\"weka.attributeSelection.GreedyStepwise -B -T -1.7976931348623157E308 -N -1 -num-slots 1\\\\\\\"\\\" -F \\\"weka.filters.supervised.instance.Resample -B 1.0 -S 1 -Z 200.0\\\" -S 1\" -S 1 -W weka.classifiers.bayes.NaiveBayes',-4523450618538717400,2.02604250805E7,4330.0,481.0,433.0,48.0,0.0,90.02079002079002,9.97920997920998,0.0,0.5616479969622176,0.1053784775052977,0.3121182180077582,45.6902322525404,91.89802217546422,272.1308087156738,2262.4908075720477,-1990.359998856374,0.565760517080403,4.70372309266538,-4.137962575584977,109.90921692110982,0.2285014904804778,40.38837698672499,0.609375,39.0,0.05515587529976019,23.0,0.9448441247002398,394.0,0.390625,25.0,0.6290322580645161,0.609375,0.6190476190476191,0.5617417027470681,0.9083857913669064,0.5878091914883976,0.9002079002079002,0.34598877550766044,0.6540112244923396,0.0997920997920998,0.8989135057346621,0.9002079002079002,0.8995352679563206,0.5617417027470681,0.9092791125727276,0.9320417846412734,0.7808156755525176,0.9002079002079002,9.03,0.001,8.97,0.0,8970.0,0.0,19801.0,924503.0,104666.0,91.47609147609148,51.975051975051976,?
DatasetClassiRealeseNormalized,2,5,weka.classifiers.meta.FilteredClassifier,'-F \"weka.filters.MultiFilter -F \\\"weka.filters.supervised.attribute.AttributeSelection -E \\\\\\\"weka.attributeSelection.WrapperSubsetEval -B weka.classifiers.bayes.NaiveBayes -F 5 -T 0.01 -R 1 -E AUC --\\\\\\\" -S \\\\\\\"weka.attributeSelection.GreedyStepwise -B -T -1.7976931348623157E308 -N -1 -num-slots 1\\\\\\\"\\\" -F \\\"weka.filters.supervised.instance.Resample -B 1.0 -S 1 -Z 200.0\\\" -S 1\" -S 1 -W weka.classifiers.bayes.NaiveBayes',-4523450618538717400,2.02604250805E7,4330.0,481.0,411.0,70.0,0.0,85.44698544698545,14.553014553014552,0.0,0.41557314448378796,0.14748893317235873,0.37247498347031444,63.94857632086874,109.66906869213828,272.1308087156738,2799.1777434309442,-2527.0469347152703,0.565760517080403,5.819496348089281,-5.2537358310088775,50.13209851197048,0.10422473703112367,18.422059137136955,0.546875,35.0,0.09832134292565947,41.0,0.9016786570743405,376.0,0.453125,29.0,0.4605263157894737,0.546875,0.5,0.41767464155731343,0.8651828537170264,0.49953474871836173,0.8544698544698545,0.40591619739551393,0.594083802604486,0.14553014553014554,0.8661422556159398,0.8544698544698545,0.8596445968708741,0.4176746415573134,0.8658162996629724,0.9132380525236619,0.7074209245742091,0.8544698544698545,8.908,0.001,8.85,0.0,8850.0,0.0,19797.0,924503.0,104666.0,86.9022869022869,52.28690228690229,?
DatasetClassiRealeseNormalized,2,6,weka.classifiers.meta.FilteredClassifier,'-F \"weka.filters.MultiFilter -F \\\"weka.filters.supervised.attribute.AttributeSelection -E \\\\\\\"weka.attributeSelection.WrapperSubsetEval -B weka.classifiers.bayes.NaiveBayes -F 5 -T 0.01 -R 1 -E AUC --\\\\\\\" -S \\\\\\\"weka.attributeSelection.GreedyStepwise -B -T -1.7976931348623157E308 -N -1 -num-slots 1\\\\\\\"\\\" -F \\\"weka.filters.supervised.instance.Resample -B 1.0 -S 1 -Z 200.0\\\" -S 1\" -S 1 -W weka.classifiers.bayes.NaiveBayes',-4523450618538717400,2.02604250805E7,4330.0,481.0,428.0,53.0,0.0,88.98128898128898,11.018711018711018,0.0,0.5435206904578583,0.11205112111477049,0.3218329222454339,48.58337175761547,94.75835538882318,272.1308087156738,3847.5148632575365,-3575.3840545418625,0.565760517080403,7.998991399703818,-7.433230882623414,101.05681488486915,0.21009732824297123,37.13538182677977,0.640625,41.0,0.07194244604316546,30.0,0.9280575539568345,387.0,0.359375,23.0,0.5774647887323944,0.640625,0.6074074074074073,0.5445111997288237,0.8816321942446043,0.5688217991061255,0.8898128898128899,0.32113033585605527,0.6788696641439448,0.1101871101871102,0.8951456622703615,0.8898128898128899,0.8922032626990306,0.5445111997288237,0.88255799985791,0.9235290587752938,0.7716601728693626,0.8898128898128899,8.873,0.001,8.83,0.0,8830.0,0.0,19801.0,924503.0,104666.0,90.64449064449065,52.28690228690229,?
DatasetClassiRealeseNormalized,2,7,weka.classifiers.meta.FilteredClassifier,'-F \"weka.filters.MultiFilter -F \\\"weka.filters.supervised.attribute.AttributeSelection -E \\\\\\\"weka.attributeSelection.WrapperSubsetEval -B weka.classifiers.bayes.NaiveBayes -F 5 -T 0.01 -R 1 -E AUC --\\\\\\\" -S \\\\\\\"weka.attributeSelection.GreedyStepwise -B -T -1.7976931348623157E308 -N -1 -num-slots 1\\\\\\\"\\\" -F \\\"weka.filters.supervised.instance.Resample -B 1.0 -S 1 -Z 200.0\\\" -S 1\" -S 1 -W weka.classifiers.bayes.NaiveBayes',-4523450618538717400,2.02604250805E7,4330.0,481.0,420.0,61.0,0.0,87.31808731808732,12.681912681912682,0.0,0.48757400583314425,0.12475747375661063,0.3438298858426165,54.09262010730025,101.23499575076613,272.1308087156738,2200.0386464615713,-1927.9078377458975,0.565760517080403,4.573884919878527,-4.008124402798123,84.11088261528876,0.17486669982388514,30.908254384077843,0.609375,39.0,0.08633093525179857,36.0,0.9136690647482014,381.0,0.390625,25.0,0.52,0.609375,0.5611510791366907,0.48966903805015455,0.8878522182254197,0.5167362625553462,0.8731808731808732,0.35013680843267175,0.6498631915673282,0.12681912681912683,0.8827498130946406,0.8731808731808732,0.8773513807561902,0.48966903805015455,0.8890541413023427,0.919219912612336,0.7435160012937402,0.8731808731808732,8.86,0.001,8.81,0.0,8810.0,0.0,19799.0,924503.0,104666.0,89.3970893970894,52.07900207900208,?
DatasetClassiRealeseNormalized,2,8,weka.classifiers.meta.FilteredClassifier,'-F \"weka.filters.MultiFilter -F \\\"weka.filters.supervised.attribute.AttributeSelection -E \\\\\\\"weka.attributeSelection.WrapperSubsetEval -B weka.classifiers.bayes.NaiveBayes -F 5 -T 0.01 -R 1 -E AUC --\\\\\\\" -S \\\\\\\"weka.attributeSelection.GreedyStepwise -B -T -1.7976931348623157E308 -N -1 -num-slots 1\\\\\\\"\\\" -F \\\"weka.filters.supervised.instance.Resample -B 1.0 -S 1 -Z 200.0\\\" -S 1\" -S 1 -W weka.classifiers.bayes.NaiveBayes',-4523450618538717400,2.02604250805E7,4330.0,481.0,425.0,56.0,0.0,88.35758835758836,11.642411642411643,0.0,0.5083594947798789,0.11402403268936553,0.32494972571263436,49.43879110121379,95.67604637134131,272.1308087156738,908.0973777724143,-635.9665690567406,0.565760517080403,1.8879363363251858,-1.322175819244783,101.89276242298381,0.21183526491264826,37.442567750365534,0.59375,38.0,0.07194244604316546,30.0,0.9280575539568345,387.0,0.40625,26.0,0.5588235294117647,0.59375,0.5757575757575757,0.5086732435965083,0.9038706534772182,0.6134709763974134,0.8835758835758836,0.36176832961904903,0.638231670380951,0.11642411642411643,0.8867211848268678,0.8835758835758836,0.885059345300309,0.5086732435965083,0.9045203416269064,0.9341028764968441,0.7541438481197517,0.8835758835758836,8.874,0.002,8.82,0.0,8820.0,0.0,19797.0,924503.0,104666.0,91.47609147609148,52.39085239085239,?
DatasetClassiRealeseNormalized,2,9,weka.classifiers.meta.FilteredClassifier,'-F \"weka.filters.MultiFilter -F \\\"weka.filters.supervised.attribute.AttributeSelection -E \\\\\\\"weka.attributeSelection.WrapperSubsetEval -B weka.classifiers.bayes.NaiveBayes -F 5 -T 0.01 -R 1 -E AUC --\\\\\\\" -S \\\\\\\"weka.attributeSelection.GreedyStepwise -B -T -1.7976931348623157E308 -N -1 -num-slots 1\\\\\\\"\\\" -F \\\"weka.filters.supervised.instance.Resample -B 1.0 -S 1 -Z 200.0\\\" -S 1\" -S 1 -W weka.classifiers.bayes.NaiveBayes',-4523450618538717400,2.02604250805E7,4330.0,481.0,422.0,59.0,0.0,87.73388773388774,12.266112266112266,0.0,0.4853375890897883,0.12601130059685534,0.3426597610791047,54.636257108815755,100.89047196054447,272.1308087156738,2283.1942560251728,-2011.063447309499,0.565760517080403,4.746765605041939,-4.181005087961537,81.61702222447988,0.16968195888665255,29.99183466571568,0.578125,37.0,0.07673860911270983,32.0,0.9232613908872902,385.0,0.421875,27.0,0.5362318840579711,0.578125,0.556390977443609,0.4857998796024638,0.9060064448441247,0.5812580606420169,0.8773388773388774,0.3759524864515872,0.6240475135484129,0.12266112266112267,0.8814785253155873,0.8773388773388774,0.8792746306554955,0.4857998796024638,0.9064774687526486,0.9309079494013452,0.7426104465022629,0.8773388773388774,8.914,0.001,8.86,0.0,8860.0,0.0,19805.0,924503.0,104666.0,89.3970893970894,52.5987525987526,?
DatasetClassiRealeseNormalized,2,10,weka.classifiers.meta.FilteredClassifier,'-F \"weka.filters.MultiFilter -F \\\"weka.filters.supervised.attribute.AttributeSelection -E \\\\\\\"weka.attributeSelection.WrapperSubsetEval -B weka.classifiers.bayes.NaiveBayes -F 5 -T 0.01 -R 1 -E AUC --\\\\\\\" -S \\\\\\\"weka.attributeSelection.GreedyStepwise -B -T -1.7976931348623157E308 -N -1 -num-slots 1\\\\\\\"\\\" -F \\\"weka.filters.supervised.instance.Resample -B 1.0 -S 1 -Z 200.0\\\" -S 1\" -S 1 -W weka.classifiers.bayes.NaiveBayes',-4523450618538717400,2.0260425080599997E7,4330.0,481.0,420.0,61.0,0.0,87.31808731808732,12.681912681912682,0.0,0.4236126117277283,0.12843922739940491,0.34697062645584326,55.68896295660219,102.15973462811844,272.1308087156738,1054.440553345239,-782.3097446295653,0.565760517080403,2.192184102588855,-1.626423585508452,78.03591884088917,0.1622368375070461,28.675885398342462,0.46875,30.0,0.06474820143884892,27.0,0.935251798561151,390.0,0.53125,34.0,0.5263157894736842,0.46875,0.49586776859504134,0.4245422887288886,0.840396432853717,0.4945800870184121,0.8731808731808732,0.4691790746197221,0.5308209253802779,0.12681912681912683,0.8674543269875941,0.8731808731808732,0.8700403360440113,0.42454228872888855,0.8410461210034053,0.9070784475553341,0.7116675347136918,0.8731808731808732,8.861,0.001,8.8,0.0,8800.0,0.0,19805.0,924503.0,104666.0,88.98128898128898,52.07900207900208,?
DatasetClassiRealeseNormalized,3,1,weka.classifiers.meta.FilteredClassifier,'-F \"weka.filters.MultiFilter -F \\\"weka.filters.supervised.attribute.AttributeSelection -E \\\\\\\"weka.attributeSelection.WrapperSubsetEval -B weka.classifiers.bayes.NaiveBayes -F 5 -T 0.01 -R 1 -E AUC --\\\\\\\" -S \\\\\\\"weka.attributeSelection.GreedyStepwise -B -T -1.7976931348623157E308 -N -1 -num-slots 1\\\\\\\"\\\" -F \\\"weka.filters.supervised.instance.Resample -B 1.0 -S 1 -Z 200.0\\\" -S 1\" -S 1 -W weka.classifiers.bayes.NaiveBayes',-4523450618538717400,2.0260425080599997E7,4329.0,482.0,429.0,53.0,0.0,89.00414937759336,10.995850622406639,0.0,0.5128713626482588,0.11040599949226318,0.32210599972168474,47.90748490755895,94.922165588304,272.3366817903761,1415.6130201241047,-1143.2763383337285,0.565013862635635,2.936956473286524,-2.371942610650889,107.7527227749738,0.22355336675305768,39.56599678992696,0.5625,36.0,0.05980861244019139,25.0,0.9401913875598086,393.0,0.4375,28.0,0.5901639344262295,0.5625,0.576,0.5130664388431558,0.9005121112440191,0.5719286383453658,0.8900414937759336,0.387350106216125,0.612649893783875,0.10995850622406639,0.8879045990537267,0.8900414937759336,0.8889185802105847,0.5130664388431558,0.9006579878000358,0.9287257767011803,0.756414779499404,0.8900414937759336,8.973,0.002,8.92,0.0,8920.0,0.0,19801.0,924290.0,104879.0,90.66390041493776,51.97095435684647,?
DatasetClassiRealeseNormalized,3,2,weka.classifiers.meta.FilteredClassifier,'-F \"weka.filters.MultiFilter -F \\\"weka.filters.supervised.attribute.AttributeSelection -E \\\\\\\"weka.attributeSelection.WrapperSubsetEval -B weka.classifiers.bayes.NaiveBayes -F 5 -T 0.01 -R 1 -E AUC --\\\\\\\" -S \\\\\\\"weka.attributeSelection.GreedyStepwise -B -T -1.7976931348623157E308 -N -1 -num-slots 1\\\\\\\"\\\" -F \\\"weka.filters.supervised.instance.Resample -B 1.0 -S 1 -Z 200.0\\\" -S 1\" -S 1 -W weka.classifiers.bayes.NaiveBayes',-4523450618538717400,2.0260425080599997E7,4330.0,481.0,431.0,50.0,0.0,89.60498960498961,10.395010395010395,0.0,0.5553542375388256,0.1053580491911851,0.3145554146687968,45.95149444695648,93.2340271565546,269.42867131105754,1326.3121133163033,-1056.8834420052458,0.5601427677984564,2.7574056409902354,-2.197262873191779,111.2907245184757,0.23137364764755863,41.30619209044374,0.6349206349206349,40.0,0.0645933014354067,27.0,0.9354066985645934,391.0,0.36507936507936506,23.0,0.5970149253731343,0.6349206349206349,0.6153846153846153,0.5557059281478395,0.9036226930963773,0.646628116315672,0.896049896049896,0.3257225625646678,0.6742774374353321,0.10395010395010396,0.8989391228197199,0.896049896049896,0.8973992483607868,0.5557059281478396,0.9037216931953774,0.9389851221919273,0.7776442307692307,0.896049896049896,8.908,0.001,8.85,0.0,8850.0,0.0,19805.0,924503.0,104666.0,91.06029106029106,51.767151767151766,?
DatasetClassiRealeseNormalized,3,3,weka.classifiers.meta.FilteredClassifier,'-F \"weka.filters.MultiFilter -F \\\"weka.filters.supervised.attribute.AttributeSelection -E \\\\\\\"weka.attributeSelection.WrapperSubsetEval -B weka.classifiers.bayes.NaiveBayes -F 5 -T 0.01 -R 1 -E AUC --\\\\\\\" -S \\\\\\\"weka.attributeSelection.GreedyStepwise -B -T -1.7976931348623157E308 -N -1 -num-slots 1\\\\\\\"\\\" -F \\\"weka.filters.supervised.instance.Resample -B 1.0 -S 1 -Z 200.0\\\" -S 1\" -S 1 -W weka.classifiers.bayes.NaiveBayes',-4523450618538717400,2.0260425080599997E7,4330.0,481.0,422.0,59.0,0.0,87.73388773388774,12.266112266112266,0.0,0.5163027730906241,0.1213349222629464,0.34120078224280637,52.60866269641493,100.4608998890791,272.1308087156738,3153.420047066198,-2881.289238350524,0.565760517080403,6.555966833817459,-5.990206316737057,88.92028694867462,0.18486546143175595,32.675567815469144,0.65625,42.0,0.08872901678657075,37.0,0.9112709832134293,380.0,0.34375,22.0,0.5316455696202531,0.65625,0.5874125874125874,0.5202515296724635,0.8921612709832134,0.6149087018111009,0.8773388773388774,0.3098178941254481,0.6901821058745519,0.12266112266112267,0.890237881358229,0.8773388773388774,0.8826488826488827,0.5202515296724635,0.8926485370954795,0.9297579169313556,0.7576867576867576,0.8773388773388774,8.292,0.001,8.24,0.0,8240.0,0.0,20087.0,924503.0,104666.0,88.98128898128898,51.143451143451145,?
DatasetClassiRealeseNormalized,3,4,weka.classifiers.meta.FilteredClassifier,'-F \"weka.filters.MultiFilter -F \\\"weka.filters.supervised.attribute.AttributeSelection -E \\\\\\\"weka.attributeSelection.WrapperSubsetEval -B weka.classifiers.bayes.NaiveBayes -F 5 -T 0.01 -R 1 -E AUC --\\\\\\\" -S \\\\\\\"weka.attributeSelection.GreedyStepwise -B -T -1.7976931348623157E308 -N -1 -num-slots 1\\\\\\\"\\\" -F \\\"weka.filters.supervised.instance.Resample -B 1.0 -S 1 -Z 200.0\\\" -S 1\" -S 1 -W weka.classifiers.bayes.NaiveBayes',-4523450618538717400,2.0260425080599997E7,4330.0,481.0,428.0,53.0,0.0,88.98128898128898,11.018711018711018,0.0,0.5127205306114649,0.10917293552707984,0.3196809119610246,47.335441714586615,94.12473172500499,272.1308087156738,902.044393128264,-629.9135844125901,0.565760517080403,1.8753521686658294,-1.3095916515854265,109.95506684394527,0.22859681256537479,40.40522547332298,0.5625,36.0,0.05995203836930456,25.0,0.9400479616306955,392.0,0.4375,28.0,0.5901639344262295,0.5625,0.576,0.512915670292697,0.8729391486810552,0.6173193882082776,0.8898128898128899,0.3872649281821944,0.6127350718178057,0.1101871101871102,0.8876725401315565,0.8898128898128899,0.8886881124300479,0.512915670292697,0.8735563524232589,0.9277950517246735,0.7563393070489844,0.8898128898128899,8.292,0.001,8.24,0.0,8240.0,0.0,20083.0,924503.0,104666.0,91.06029106029106,51.87110187110187,?
DatasetClassiRealeseNormalized,3,5,weka.classifiers.meta.FilteredClassifier,'-F \"weka.filters.MultiFilter -F \\\"weka.filters.supervised.attribute.AttributeSelection -E \\\\\\\"weka.attributeSelection.WrapperSubsetEval -B weka.classifiers.bayes.NaiveBayes -F 5 -T 0.01 -R 1 -E AUC --\\\\\\\" -S \\\\\\\"weka.attributeSelection.GreedyStepwise -B -T -1.7976931348623157E308 -N -1 -num-slots 1\\\\\\\"\\\" -F \\\"weka.filters.supervised.instance.Resample -B 1.0 -S 1 -Z 200.0\\\" -S 1\" -S 1 -W weka.classifiers.bayes.NaiveBayes',-4523450618538717400,2.0260425080599997E7,4330.0,481.0,410.0,71.0,0.0,85.23908523908524,14.76091476091476,0.0,0.35592101540840787,0.1488954790873775,0.37455837057075553,64.55842959501419,110.28248739989104,272.1308087156738,3182.8940512461613,-2910.7632425304873,0.565760517080403,6.617243349784119,-6.051482832703716,47.32060036330713,0.09837962653494206,17.388916964836703,0.4375,28.0,0.08393285371702638,35.0,0.9160671462829736,382.0,0.5625,36.0,0.4444444444444444,0.4375,0.4409448818897637,0.35593566117140746,0.8495203836930456,0.42548981522954765,0.8523908523908524,0.49882370610787874,0.5011762938921213,0.14760914760914762,0.851414904046483,0.8523908523908524,0.8518981027255818,0.35593566117140746,0.8499426809903429,0.9008150611608586,0.6779574708850017,0.8523908523908524,8.958,0.001,8.9,0.0,8900.0,0.0,19805.0,924503.0,104666.0,87.31808731808732,52.28690228690229,?
DatasetClassiRealeseNormalized,3,6,weka.classifiers.meta.FilteredClassifier,'-F \"weka.filters.MultiFilter -F \\\"weka.filters.supervised.attribute.AttributeSelection -E \\\\\\\"weka.attributeSelection.WrapperSubsetEval -B weka.classifiers.bayes.NaiveBayes -F 5 -T 0.01 -R 1 -E AUC --\\\\\\\" -S \\\\\\\"weka.attributeSelection.GreedyStepwise -B -T -1.7976931348623157E308 -N -1 -num-slots 1\\\\\\\"\\\" -F \\\"weka.filters.supervised.instance.Resample -B 1.0 -S 1 -Z 200.0\\\" -S 1\" -S 1 -W weka.classifiers.bayes.NaiveBayes',-4523450618538717400,2.0260425080599997E7,4330.0,481.0,417.0,64.0,0.0,86.6943866943867,13.305613305613306,0.0,0.4381251368912901,0.13875907377695204,0.35766398805536687,60.163464666659266,105.30821723729076,272.1308087156738,2565.8055707628337,-2293.6747620471597,0.565760517080403,5.334315115931047,-4.768554598850644,61.33944110206307,0.1275248255760147,22.54042509613507,0.53125,34.0,0.0815347721822542,34.0,0.9184652278177458,383.0,0.46875,30.0,0.5,0.53125,0.5151515151515151,0.43839553853549423,0.8553844424460432,0.46203496451579734,0.8669438669438669,0.4172286391261211,0.5827713608738788,0.13305613305613306,0.8704978027011926,0.8669438669438669,0.8686392517717818,0.43839553853549423,0.8566026077267085,0.9062294554332779,0.7190215407082877,0.8669438669438669,9.109,0.002,9.05,0.01,9050.0,10.0,19801.0,924503.0,104666.0,88.56548856548856,53.43035343035343,?
DatasetClassiRealeseNormalized,3,7,weka.classifiers.meta.FilteredClassifier,'-F \"weka.filters.MultiFilter -F \\\"weka.filters.supervised.attribute.AttributeSelection -E \\\\\\\"weka.attributeSelection.WrapperSubsetEval -B weka.classifiers.bayes.NaiveBayes -F 5 -T 0.01 -R 1 -E AUC --\\\\\\\" -S \\\\\\\"weka.attributeSelection.GreedyStepwise -B -T -1.7976931348623157E308 -N -1 -num-slots 1\\\\\\\"\\\" -F \\\"weka.filters.supervised.instance.Resample -B 1.0 -S 1 -Z 200.0\\\" -S 1\" -S 1 -W weka.classifiers.bayes.NaiveBayes',-4523450618538717400,2.02604250807E7,4330.0,481.0,420.0,61.0,0.0,87.31808731808732,12.681912681912682,0.0,0.46099017176449003,0.13170768003181754,0.34518854627616075,57.10610584399921,101.63503073573992,272.1308087156738,917.2131395578026,-645.0823308421288,0.565760517080403,1.9068880240286956,-1.3411275069482929,75.30640679457599,0.15656217628809976,27.672870686706112,0.546875,35.0,0.07673860911270983,32.0,0.9232613908872902,385.0,0.453125,29.0,0.5223880597014925,0.546875,0.5343511450381679,0.4611522284079545,0.8826626199040767,0.562189341013832,0.8731808731808732,0.40304448229358303,0.5969555177064171,0.12681912681912683,0.8757228500901441,0.8731808731808732,0.8744040851958288,0.4611522284079545,0.8831011594051162,0.9243772139157856,0.7304728047693848,0.8731808731808732,10.826,0.0,10.75,0.0,10750.0,0.0,16691.0,924503.0,104666.0,89.60498960498961,53.74220374220374,?
DatasetClassiRealeseNormalized,3,8,weka.classifiers.meta.FilteredClassifier,'-F \"weka.filters.MultiFilter -F \\\"weka.filters.supervised.attribute.AttributeSelection -E \\\\\\\"weka.attributeSelection.WrapperSubsetEval -B weka.classifiers.bayes.NaiveBayes -F 5 -T 0.01 -R 1 -E AUC --\\\\\\\" -S \\\\\\\"weka.attributeSelection.GreedyStepwise -B -T -1.7976931348623157E308 -N -1 -num-slots 1\\\\\\\"\\\" -F \\\"weka.filters.supervised.instance.Resample -B 1.0 -S 1 -Z 200.0\\\" -S 1\" -S 1 -W weka.classifiers.bayes.NaiveBayes',-4523450618538717400,2.02604250807E7,4330.0,481.0,425.0,56.0,0.0,88.35758835758836,11.642411642411643,0.0,0.520711743772242,0.13412539392037084,0.3209350833443305,58.154383554052856,94.49400164564774,272.1308087156738,854.3430228899207,-582.2122141742468,0.565760517080403,1.776180920769066,-1.2104204036886628,68.99285255039949,0.14343628388856444,25.352826780625275,0.625,40.0,0.07673860911270983,32.0,0.9232613908872902,385.0,0.375,24.0,0.5555555555555556,0.625,0.5882352941176471,0.5219366283811395,0.8698666067146283,0.6093258281556168,0.8835758835758836,0.3353144926885934,0.6646855073114066,0.11642411642411643,0.8899919291117335,0.8835758835758836,0.8864363251202733,0.5219366283811395,0.8697366690846907,0.9269317001094151,0.7602193419740777,0.8835758835758836,11.226,0.001,11.15,0.0,11150.0,0.0,16107.0,924503.0,104666.0,91.89189189189189,58.108108108108105,?
DatasetClassiRealeseNormalized,3,9,weka.classifiers.meta.FilteredClassifier,'-F \"weka.filters.MultiFilter -F \\\"weka.filters.supervised.attribute.AttributeSelection -E \\\\\\\"weka.attributeSelection.WrapperSubsetEval -B weka.classifiers.bayes.NaiveBayes -F 5 -T 0.01 -R 1 -E AUC --\\\\\\\" -S \\\\\\\"weka.attributeSelection.GreedyStepwise -B -T -1.7976931348623157E308 -N -1 -num-slots 1\\\\\\\"\\\" -F \\\"weka.filters.supervised.instance.Resample -B 1.0 -S 1 -Z 200.0\\\" -S 1\" -S 1 -W weka.classifiers.bayes.NaiveBayes',-4523450618538717400,2.02604250807E7,4330.0,481.0,430.0,51.0,0.0,89.3970893970894,10.602910602910603,0.0,0.4821952506596309,0.10409726214934462,0.31144799208990664,45.134720078092116,91.70068529248945,272.1308087156738,672.1876720809668,-400.05686336529294,0.565760517080403,1.3974795677358975,-0.8317190506554947,115.98570706213559,0.241134526116706,42.62130686691896,0.46875,30.0,0.0407673860911271,17.0,0.9592326139088729,400.0,0.53125,34.0,0.6382978723404256,0.46875,0.5405405405405406,0.48954243941019254,0.8784097721822542,0.664189228724348,0.893970893970894,0.4659882800620211,0.5340117199379789,0.10602910602910603,0.8839560521097927,0.893970893970894,0.8869105931385602,0.48954243941019254,0.8784097721822542,0.9329371993228098,0.7403055229142186,0.893970893970894,8.47,0.002,8.41,0.0,8410.0,0.0,20081.0,924503.0,104666.0,91.68399168399168,52.39085239085239,?
DatasetClassiRealeseNormalized,3,10,weka.classifiers.meta.FilteredClassifier,'-F \"weka.filters.MultiFilter -F \\\"weka.filters.supervised.attribute.AttributeSelection -E \\\\\\\"weka.attributeSelection.WrapperSubsetEval -B weka.classifiers.bayes.NaiveBayes -F 5 -T 0.01 -R 1 -E AUC --\\\\\\\" -S \\\\\\\"weka.attributeSelection.GreedyStepwise -B -T -1.7976931348623157E308 -N -1 -num-slots 1\\\\\\\"\\\" -F \\\"weka.filters.supervised.instance.Resample -B 1.0 -S 1 -Z 200.0\\\" -S 1\" -S 1 -W weka.classifiers.bayes.NaiveBayes',-4523450618538717400,2.02604250807E7,4330.0,481.0,419.0,62.0,0.0,87.11018711018711,12.88981288981289,0.0,0.4556837263634373,0.12513480037886404,0.34182887472593526,54.256222214808,100.64583128241861,272.1308087156738,3177.811497813953,-2905.680689098279,0.565760517080403,6.606676710631919,-6.040916193551515,84.0067623741069,0.17465023362600188,30.869993283957193,0.546875,35.0,0.07913669064748201,33.0,0.920863309352518,384.0,0.453125,29.0,0.5147058823529411,0.546875,0.5303030303030303,0.4559649648007478,0.9031774580335732,0.549181983225707,0.8711018711018711,0.4033635617493531,0.5966364382506468,0.1288981288981289,0.8745536482326114,0.8711018711018711,0.8727442751539138,0.4559649648007478,0.9039245994057146,0.9263647166785594,0.7278021175611538,0.8711018711018711,8.821,0.001,8.76,0.0,8760.0,0.0,19805.0,924503.0,104666.0,90.22869022869023,52.39085239085239,?
DatasetClassiRealeseNormalized,4,1,weka.classifiers.meta.FilteredClassifier,'-F \"weka.filters.MultiFilter -F \\\"weka.filters.supervised.attribute.AttributeSelection -E \\\\\\\"weka.attributeSelection.WrapperSubsetEval -B weka.classifiers.bayes.NaiveBayes -F 5 -T 0.01 -R 1 -E AUC --\\\\\\\" -S \\\\\\\"weka.attributeSelection.GreedyStepwise -B -T -1.7976931348623157E308 -N -1 -num-slots 1\\\\\\\"\\\" -F \\\"weka.filters.supervised.instance.Resample -B 1.0 -S 1 -Z 200.0\\\" -S 1\" -S 1 -W weka.classifiers.bayes.NaiveBayes',-4523450618538717400,2.02604250807E7,4329.0,482.0,422.0,60.0,0.0,87.55186721991701,12.448132780082988,0.0,0.5112222823147649,0.13532977240255725,0.3242876515337786,58.722434095379256,95.56508163067058,272.3366817903761,979.5871295190071,-707.2504477286311,0.565013862635635,2.032338442985492,-1.4673245803498571,71.48996557396865,0.14831943065138722,26.250582589162974,0.65625,42.0,0.09090909090909091,38.0,0.9090909090909091,380.0,0.34375,22.0,0.525,0.65625,0.5833333333333334,0.5156209097257006,0.9049977571770335,0.6265707744514071,0.8755186721991701,0.310177763108261,0.6898222368917389,0.12448132780082988,0.8894696641274953,0.8755186721991701,0.8812198495428937,0.5156209097257006,0.9050301741894816,0.9340501475861115,0.7550813008130082,0.8755186721991701,11.093,0.001,11.01,0.0,11010.0,0.0,16113.0,924290.0,104879.0,93.15352697095436,57.67634854771784,?
DatasetClassiRealeseNormalized,4,2,weka.classifiers.meta.FilteredClassifier,'-F \"weka.filters.MultiFilter -F \\\"weka.filters.supervised.attribute.AttributeSelection -E \\\\\\\"weka.attributeSelection.WrapperSubsetEval -B weka.classifiers.bayes.NaiveBayes -F 5 -T 0.01 -R 1 -E AUC --\\\\\\\" -S \\\\\\\"weka.attributeSelection.GreedyStepwise -B -T -1.7976931348623157E308 -N -1 -num-slots 1\\\\\\\"\\\" -F \\\"weka.filters.supervised.instance.Resample -B 1.0 -S 1 -Z 200.0\\\" -S 1\" -S 1 -W weka.classifiers.bayes.NaiveBayes',-4523450618538717400,2.02604250807E7,4330.0,481.0,417.0,64.0,0.0,86.6943866943867,13.305613305613306,0.0,0.42328300048709194,0.1320925561871539,0.35555300932723516,57.6116434265388,105.38568843939387,269.42867131105754,1097.2147562569767,-827.7860849459191,0.5601427677984564,2.2811117593700136,-1.7209689915715574,69.6674636642971,0.14483880179687547,25.857479579025746,0.5079365079365079,32.0,0.07894736842105263,33.0,0.9210526315789473,385.0,0.49206349206349204,31.0,0.49230769230769234,0.5079365079365079,0.5,0.4233517599052477,0.8676236044657097,0.5926884616721692,0.8669438669438669,0.4379547274284116,0.5620452725715883,0.13305613305613306,0.8687450023988486,0.8669438669438669,0.867823828255483,0.4233517599052477,0.8684981053402105,0.9242561757282333,0.7116306954436451,0.8669438669438669,8.266,0.001,8.22,0.0,8220.0,0.0,20091.0,924503.0,104666.0,88.77338877338877,51.767151767151766,?
DatasetClassiRealeseNormalized,4,3,weka.classifiers.meta.FilteredClassifier,'-F \"weka.filters.MultiFilter -F \\\"weka.filters.supervised.attribute.AttributeSelection -E \\\\\\\"weka.attributeSelection.WrapperSubsetEval -B weka.classifiers.bayes.NaiveBayes -F 5 -T 0.01 -R 1 -E AUC --\\\\\\\" -S \\\\\\\"weka.attributeSelection.GreedyStepwise -B -T -1.7976931348623157E308 -N -1 -num-slots 1\\\\\\\"\\\" -F \\\"weka.filters.supervised.instance.Resample -B 1.0 -S 1 -Z 200.0\\\" -S 1\" -S 1 -W weka.classifiers.bayes.NaiveBayes',-4523450618538717400,2.0260425080799997E7,4330.0,481.0,424.0,57.0,0.0,88.14968814968815,11.85031185031185,0.0,0.48971691265424655,0.12195020070198588,0.3411926069000047,52.87543647646201,100.45849279525778,272.1308087156738,2780.959467978223,-2508.828659262549,0.565760517080403,5.7816205155472415,-5.215859998466838,89.93597527071904,0.18697707956490445,33.04880314550692,0.5625,36.0,0.06954436450839328,29.0,0.9304556354916067,388.0,0.4375,28.0,0.5538461538461539,0.5625,0.5581395348837209,0.4897365378433602,0.8578387290167866,0.5179850825042026,0.8814968814968815,0.3885412460052748,0.6114587539947252,0.11850311850311851,0.8822845034383496,0.8814968814968815,0.8818850655864532,0.4897365378433602,0.8581310886841462,0.9120967300853792,0.7448560819676708,0.8814968814968815,9.386,0.001,9.32,0.0,9320.0,0.0,19515.0,924503.0,104666.0,88.98128898128898,51.767151767151766,?
DatasetClassiRealeseNormalized,4,4,weka.classifiers.meta.FilteredClassifier,'-F \"weka.filters.MultiFilter -F \\\"weka.filters.supervised.attribute.AttributeSelection -E \\\\\\\"weka.attributeSelection.WrapperSubsetEval -B weka.classifiers.bayes.NaiveBayes -F 5 -T 0.01 -R 1 -E AUC --\\\\\\\" -S \\\\\\\"weka.attributeSelection.GreedyStepwise -B -T -1.7976931348623157E308 -N -1 -num-slots 1\\\\\\\"\\\" -F \\\"weka.filters.supervised.instance.Resample -B 1.0 -S 1 -Z 200.0\\\" -S 1\" -S 1 -W weka.classifiers.bayes.NaiveBayes',-4523450618538717400,2.0260425080799997E7,4330.0,481.0,418.0,63.0,0.0,86.9022869022869,13.097713097713097,0.0,0.47077315356537847,0.13102447317346555,0.34258340714744984,56.80987951037182,100.86799081430061,272.1308087156738,1643.0732541853265,-1370.9424454696527,0.565760517080403,3.4159527114040054,-2.8501921943236024,74.2584971827925,0.1543835700265956,27.28779498846778,0.59375,38.0,0.08872901678657075,37.0,0.9112709832134293,380.0,0.40625,26.0,0.5066666666666667,0.59375,0.5467625899280575,0.47279599504548914,0.8877398081534772,0.5475744314449528,0.8690228690228691,0.36400188580943976,0.6359981141905602,0.13097713097713098,0.8788404015990222,0.8690228690228691,0.8733301145514751,0.47279599504548914,0.8891041532678223,0.9229815192337394,0.735106689860748,0.8690228690228691,8.786,0.002,8.74,0.0,8740.0,0.0,19801.0,924503.0,104666.0,90.43659043659044,54.054054054054056,?
DatasetClassiRealeseNormalized,4,5,weka.classifiers.meta.FilteredClassifier,'-F \"weka.filters.MultiFilter -F \\\"weka.filters.supervised.attribute.AttributeSelection -E \\\\\\\"weka.attributeSelection.WrapperSubsetEval -B weka.classifiers.bayes.NaiveBayes -F 5 -T 0.01 -R 1 -E AUC --\\\\\\\" -S \\\\\\\"weka.attributeSelection.GreedyStepwise -B -T -1.7976931348623157E308 -N -1 -num-slots 1\\\\\\\"\\\" -F \\\"weka.filters.supervised.instance.Resample -B 1.0 -S 1 -Z 200.0\\\" -S 1\" -S 1 -W weka.classifiers.bayes.NaiveBayes',-4523450618538717400,2.0260425080799997E7,4330.0,481.0,424.0,57.0,0.0,88.14968814968815,11.85031185031185,0.0,0.4963350785340317,0.12220512009283564,0.3375360457945487,52.98596498711558,99.38187914642945,272.1308087156738,2197.3253520765584,-1925.1945433608846,0.565760517080403,4.56824397521114,-4.002483458130738,88.2809890771177,0.1835363598276875,32.4406448111338,0.578125,37.0,0.07194244604316546,30.0,0.9280575539568345,387.0,0.421875,27.0,0.5522388059701493,0.578125,0.564885496183206,0.49650956033817306,0.8730140887290168,0.4957545838567753,0.8814968814968815,0.37531432754004695,0.6246856724599531,0.11850311850311851,0.8838828095804087,0.8814968814968815,0.8826398828879056,0.4965095603381731,0.8735338392487673,0.9133072944306988,0.7481467192107366,0.8814968814968815,8.765,0.001,8.71,0.0,8710.0,0.0,19797.0,924503.0,104666.0,89.60498960498961,52.5987525987526,?
DatasetClassiRealeseNormalized,4,6,weka.classifiers.meta.FilteredClassifier,'-F \"weka.filters.MultiFilter -F \\\"weka.filters.supervised.attribute.AttributeSelection -E \\\\\\\"weka.attributeSelection.WrapperSubsetEval -B weka.classifiers.bayes.NaiveBayes -F 5 -T 0.01 -R 1 -E AUC --\\\\\\\" -S \\\\\\\"weka.attributeSelection.GreedyStepwise -B -T -1.7976931348623157E308 -N -1 -num-slots 1\\\\\\\"\\\" -F \\\"weka.filters.supervised.instance.Resample -B 1.0 -S 1 -Z 200.0\\\" -S 1\" -S 1 -W weka.classifiers.bayes.NaiveBayes',-4523450618538717400,2.0260425080799997E7,4330.0,481.0,433.0,48.0,0.0,90.02079002079002,9.97920997920998,0.0,0.5616479969622176,0.11457809031247994,0.30896435254250526,49.679020625123115,90.96941890355575,272.1308087156738,482.5293345535499,-210.3985258378761,0.565760517080403,1.00317948971632,-0.43741897263591706,101.91522062726148,0.21188195556603218,37.45082047426095,0.609375,39.0,0.05515587529976019,23.0,0.9448441247002398,394.0,0.390625,25.0,0.6290322580645161,0.609375,0.6190476190476191,0.5617417027470681,0.9025029976019184,0.636876048116311,0.9002079002079002,0.34598877550766044,0.6540112244923396,0.0997920997920998,0.8989135057346621,0.9002079002079002,0.8995352679563206,0.5617417027470681,0.9029577793067002,0.9374806230630994,0.7808156755525176,0.9002079002079002,11.064,0.001,11.0,0.0,11000.0,0.0,16117.0,924503.0,104666.0,91.68399168399168,54.67775467775468,?
DatasetClassiRealeseNormalized,4,7,weka.classifiers.meta.FilteredClassifier,'-F \"weka.filters.MultiFilter -F \\\"weka.filters.supervised.attribute.AttributeSelection -E \\\\\\\"weka.attributeSelection.WrapperSubsetEval -B weka.classifiers.bayes.NaiveBayes -F 5 -T 0.01 -R 1 -E AUC --\\\\\\\" -S \\\\\\\"weka.attributeSelection.GreedyStepwise -B -T -1.7976931348623157E308 -N -1 -num-slots 1\\\\\\\"\\\" -F \\\"weka.filters.supervised.instance.Resample -B 1.0 -S 1 -Z 200.0\\\" -S 1\" -S 1 -W weka.classifiers.bayes.NaiveBayes',-4523450618538717400,2.0260425080799997E7,4330.0,481.0,420.0,61.0,0.0,87.31808731808732,12.681912681912682,0.0,0.48757400583314425,0.12859191501153983,0.3507019944961128,55.7551655875918,103.25837393568038,272.1308087156738,4627.451451928212,-4355.320643212538,0.565760517080403,9.620481189039943,-9.054720671959538,77.2863590303508,0.1606785011026004,28.400444402125995,0.609375,39.0,0.08633093525179857,36.0,0.9136690647482014,381.0,0.390625,25.0,0.52,0.609375,0.5611510791366907,0.48966903805015455,0.8633468225419664,0.5038107938170868,0.8731808731808732,0.35013680843267175,0.6498631915673282,0.12681912681912683,0.8827498130946406,0.8731808731808732,0.8773513807561902,0.48966903805015455,0.8639477840804279,0.9122505658445434,0.7435160012937402,0.8731808731808732,8.792,0.001,8.74,0.0,8740.0,0.0,19797.0,924503.0,104666.0,88.77338877338877,51.767151767151766,?
DatasetClassiRealeseNormalized,4,8,weka.classifiers.meta.FilteredClassifier,'-F \"weka.filters.MultiFilter -F \\\"weka.filters.supervised.attribute.AttributeSelection -E \\\\\\\"weka.attributeSelection.WrapperSubsetEval -B weka.classifiers.bayes.NaiveBayes -F 5 -T 0.01 -R 1 -E AUC --\\\\\\\" -S \\\\\\\"weka.attributeSelection.GreedyStepwise -B -T -1.7976931348623157E308 -N -1 -num-slots 1\\\\\\\"\\\" -F \\\"weka.filters.supervised.instance.Resample -B 1.0 -S 1 -Z 200.0\\\" -S 1\" -S 1 -W weka.classifiers.bayes.NaiveBayes',-4523450618538717400,2.0260425080799997E7,4330.0,481.0,409.0,72.0,0.0,85.03118503118503,14.96881496881497,0.0,0.3511690647482014,0.15290577944496267,0.37836671220089524,66.29722445216423,111.40379030176017,272.1308087156738,2727.476414336421,-2455.345605620747,0.565760517080403,5.670429135834555,-5.104668618754151,40.38957705987928,0.0839700146775037,14.841971495435816,0.4375,28.0,0.08633093525179857,36.0,0.9136690647482014,381.0,0.5625,36.0,0.4375,0.4375,0.4375,0.3511690647482014,0.8306354916067147,0.4148498440173641,0.8503118503118503,0.4991427855636489,0.5008572144363511,0.1496881496881497,0.8503118503118503,0.8503118503118503,0.8503118503118503,0.3511690647482015,0.831220210941434,0.8915587475476321,0.6755845323741008,0.8503118503118503,8.826,0.001,8.76,0.0,8760.0,0.0,19799.0,924503.0,104666.0,86.9022869022869,52.7027027027027,?
DatasetClassiRealeseNormalized,4,9,weka.classifiers.meta.FilteredClassifier,'-F \"weka.filters.MultiFilter -F \\\"weka.filters.supervised.attribute.AttributeSelection -E \\\\\\\"weka.attributeSelection.WrapperSubsetEval -B weka.classifiers.bayes.NaiveBayes -F 5 -T 0.01 -R 1 -E AUC --\\\\\\\" -S \\\\\\\"weka.attributeSelection.GreedyStepwise -B -T -1.7976931348623157E308 -N -1 -num-slots 1\\\\\\\"\\\" -F \\\"weka.filters.supervised.instance.Resample -B 1.0 -S 1 -Z 200.0\\\" -S 1\" -S 1 -W weka.classifiers.bayes.NaiveBayes',-4523450618538717400,2.0260425080799997E7,4330.0,481.0,425.0,56.0,0.0,88.35758835758836,11.642411642411643,0.0,0.45185185185185167,0.1203775521384824,0.33464897795115606,52.1935640503351,98.53183000034733,272.1308087156738,1517.2288613065302,-1245.0980525908565,0.565760517080403,3.1543219569782335,-2.5885614398978305,90.30546847421581,0.18774525670315137,33.18458093753297,0.46875,30.0,0.05275779376498801,22.0,0.947242206235012,395.0,0.53125,34.0,0.5769230769230769,0.46875,0.5172413793103449,0.4550015651787292,0.8999550359712231,0.5388262893032955,0.8835758835758836,0.4675836773408716,0.5324163226591284,0.11642411642411643,0.8749981826904903,0.8835758835758836,0.8783796494728262,0.4550015651787292,0.9002798800460671,0.9241580667985547,0.7255237629412243,0.8835758835758836,8.849,0.001,8.79,0.0,8790.0,0.0,19805.0,924503.0,104666.0,90.22869022869023,52.39085239085239,?
DatasetClassiRealeseNormalized,4,10,weka.classifiers.meta.FilteredClassifier,'-F \"weka.filters.MultiFilter -F \\\"weka.filters.supervised.attribute.AttributeSelection -E \\\\\\\"weka.attributeSelection.WrapperSubsetEval -B weka.classifiers.bayes.NaiveBayes -F 5 -T 0.01 -R 1 -E AUC --\\\\\\\" -S \\\\\\\"weka.attributeSelection.GreedyStepwise -B -T -1.7976931348623157E308 -N -1 -num-slots 1\\\\\\\"\\\" -F \\\"weka.filters.supervised.instance.Resample -B 1.0 -S 1 -Z 200.0\\\" -S 1\" -S 1 -W weka.classifiers.bayes.NaiveBayes',-4523450618538717400,2.02604250809E7,4330.0,481.0,432.0,49.0,0.0,89.81288981288981,10.187110187110187,0.0,0.5725685061932141,0.10200965577026905,0.3079707989415353,44.22957110868275,90.67688355769465,272.1308087156738,1487.9730610403692,-1215.8422523246954,0.565760517080403,3.093499087402015,-2.527738570321612,120.90717539207981,0.2513662690064029,44.42980049289654,0.65625,42.0,0.06474820143884892,27.0,0.935251798561151,390.0,0.34375,22.0,0.6086956521739131,0.65625,0.6315789473684211,0.5731138853153347,0.9195518585131894,0.6654824150987977,0.8981288981288982,0.30662709956774703,0.6933729004322529,0.10187110187110188,0.9016414375215558,0.8981288981288982,0.8997365576630386,0.5731138853153347,0.9206238439601749,0.943766706538345,0.7862357945527269,0.8981288981288982,8.814,0.001,8.76,0.0,8760.0,0.0,19797.0,924503.0,104666.0,91.47609147609148,52.182952182952185,?
DatasetClassiRealeseNormalized,5,1,weka.classifiers.meta.FilteredClassifier,'-F \"weka.filters.MultiFilter -F \\\"weka.filters.supervised.attribute.AttributeSelection -E \\\\\\\"weka.attributeSelection.WrapperSubsetEval -B weka.classifiers.bayes.NaiveBayes -F 5 -T 0.01 -R 1 -E AUC --\\\\\\\" -S \\\\\\\"weka.attributeSelection.GreedyStepwise -B -T -1.7976931348623157E308 -N -1 -num-slots 1\\\\\\\"\\\" -F \\\"weka.filters.supervised.instance.Resample -B 1.0 -S 1 -Z 200.0\\\" -S 1\" -S 1 -W weka.classifiers.bayes.NaiveBayes',-4523450618538717400,2.02604250809E7,4329.0,482.0,427.0,55.0,0.0,88.58921161825727,11.410788381742739,0.0,0.5492569796307001,0.1143086857250297,0.323584087212036,49.60094253354877,95.35774662570893,272.3366817903761,1230.458947924188,-958.1222661338118,0.565013862635635,2.552819394033585,-1.9878055313979497,98.30783447517659,0.2039581628115697,36.09790419303355,0.6875,44.0,0.08373205741626795,35.0,0.916267942583732,383.0,0.3125,20.0,0.5569620253164557,0.6875,0.6153846153846154,0.5534547375490175,0.9223983253588517,0.6506410119130949,0.8858921161825726,0.28212417359884057,0.7178758264011594,0.11410788381742738,0.8981351716738672,0.8858921161825726,0.8908343969523284,0.5534547375490175,0.9226576614584368,0.9427824785881335,0.7741965707860958,0.8858921161825726,8.807,0.001,8.74,0.0,8740.0,0.0,19797.0,924290.0,104879.0,90.87136929460581,52.385892116182575,?
DatasetClassiRealeseNormalized,5,2,weka.classifiers.meta.FilteredClassifier,'-F \"weka.filters.MultiFilter -F \\\"weka.filters.supervised.attribute.AttributeSelection -E \\\\\\\"weka.attributeSelection.WrapperSubsetEval -B weka.classifiers.bayes.NaiveBayes -F 5 -T 0.01 -R 1 -E AUC --\\\\\\\" -S \\\\\\\"weka.attributeSelection.GreedyStepwise -B -T -1.7976931348623157E308 -N -1 -num-slots 1\\\\\\\"\\\" -F \\\"weka.filters.supervised.instance.Resample -B 1.0 -S 1 -Z 200.0\\\" -S 1\" -S 1 -W weka.classifiers.bayes.NaiveBayes',-4523450618538717400,2.02604250809E7,4330.0,481.0,420.0,61.0,0.0,87.31808731808732,12.681912681912682,0.0,0.46106937530995734,0.12360379275246623,0.3389459975607611,53.90930299004547,100.46338059212648,269.42867131105754,2338.1115665935404,-2068.6828952824826,0.5601427677984564,4.860938807886778,-4.300796040088321,80.3148735063031,0.16697478899439314,29.809326941889918,0.5555555555555556,35.0,0.07894736842105263,33.0,0.9210526315789473,385.0,0.4444444444444444,28.0,0.5147058823529411,0.5555555555555556,0.5343511450381679,0.46151989992735315,0.8523581681476419,0.5461564372155597,0.8731808731808732,0.39657268604637025,0.6034273139536298,0.12681912681912683,0.8775207641109933,0.8731808731808732,0.8752195598724659,0.4615198999273532,0.8530181688076426,0.916828379187757,0.7304728047693848,0.8731808731808732,8.802,0.001,8.75,0.0,8750.0,0.0,19803.0,924503.0,104666.0,90.64449064449065,52.7027027027027,?
DatasetClassiRealeseNormalized,5,3,weka.classifiers.meta.FilteredClassifier,'-F \"weka.filters.MultiFilter -F \\\"weka.filters.supervised.attribute.AttributeSelection -E \\\\\\\"weka.attributeSelection.WrapperSubsetEval -B weka.classifiers.bayes.NaiveBayes -F 5 -T 0.01 -R 1 -E AUC --\\\\\\\" -S \\\\\\\"weka.attributeSelection.GreedyStepwise -B -T -1.7976931348623157E308 -N -1 -num-slots 1\\\\\\\"\\\" -F \\\"weka.filters.supervised.instance.Resample -B 1.0 -S 1 -Z 200.0\\\" -S 1\" -S 1 -W weka.classifiers.bayes.NaiveBayes',-4523450618538717400,2.02604250809E7,4330.0,481.0,415.0,66.0,0.0,86.27858627858627,13.721413721413722,0.0,0.44213263979193745,0.13756553348903564,0.3615464475151901,59.64596684121457,106.45134290234023,272.1308087156738,3473.756738712474,-3201.6259299968,0.565760517080403,7.221947481730715,-6.6561869646503125,63.28985165674975,0.1315797331741159,23.25714312004852,0.5625,36.0,0.09112709832134293,38.0,0.9088729016786571,379.0,0.4375,28.0,0.4864864864864865,0.5625,0.5217391304347827,0.4437205699425061,0.8608925359712231,0.49687993848983575,0.8627858627858628,0.3914129611072057,0.6085870388927942,0.13721413721413722,0.8720315477072235,0.8627858627858628,0.8669247794406091,0.4437205699425061,0.8613310754722625,0.909847452187194,0.720821021528071,0.8627858627858628,8.808,0.001,8.75,0.0,8750.0,0.0,19807.0,924503.0,104666.0,88.56548856548856,51.767151767151766,?
DatasetClassiRealeseNormalized,5,4,weka.classifiers.meta.FilteredClassifier,'-F \"weka.filters.MultiFilter -F \\\"weka.filters.supervised.attribute.AttributeSelection -E \\\\\\\"weka.attributeSelection.WrapperSubsetEval -B weka.classifiers.bayes.NaiveBayes -F 5 -T 0.01 -R 1 -E AUC --\\\\\\\" -S \\\\\\\"weka.attributeSelection.GreedyStepwise -B -T -1.7976931348623157E308 -N -1 -num-slots 1\\\\\\\"\\\" -F \\\"weka.filters.supervised.instance.Resample -B 1.0 -S 1 -Z 200.0\\\" -S 1\" -S 1 -W weka.classifiers.bayes.NaiveBayes',-4523450618538717400,2.02604250809E7,4330.0,481.0,422.0,59.0,0.0,87.73388773388774,12.266112266112266,0.0,0.47866262514926083,0.12077823122667707,0.3357594599952926,52.3672913714328,98.85879298305595,272.1308087156738,960.8861560993785,-688.7553473837047,0.565760517080403,1.997684316214924,-1.4319237991345213,88.05582451957436,0.18306824224443732,32.357903515282,0.5625,36.0,0.07434052757793765,31.0,0.9256594724220624,386.0,0.4375,28.0,0.5373134328358209,0.5625,0.549618320610687,0.4788308943730638,0.8875524580335732,0.6041795928790381,0.8773388773388774,0.38917940491681496,0.610820595083185,0.12266112266112267,0.8798028298352762,0.8773388773388774,0.8785219840418672,0.4788308943730638,0.8878448177009328,0.930257151502834,0.7393097619900607,0.8773388773388774,8.827,0.001,8.76,0.0,8760.0,0.0,19801.0,924503.0,104666.0,90.02079002079002,51.87110187110187,?
DatasetClassiRealeseNormalized,5,5,weka.classifiers.meta.FilteredClassifier,'-F \"weka.filters.MultiFilter -F \\\"weka.filters.supervised.attribute.AttributeSelection -E \\\\\\\"weka.attributeSelection.WrapperSubsetEval -B weka.classifiers.bayes.NaiveBayes -F 5 -T 0.01 -R 1 -E AUC --\\\\\\\" -S \\\\\\\"weka.attributeSelection.GreedyStepwise -B -T -1.7976931348623157E308 -N -1 -num-slots 1\\\\\\\"\\\" -F \\\"weka.filters.supervised.instance.Resample -B 1.0 -S 1 -Z 200.0\\\" -S 1\" -S 1 -W weka.classifiers.bayes.NaiveBayes',-4523450618538717400,2.02604250809E7,4330.0,481.0,422.0,59.0,0.0,87.73388773388774,12.266112266112266,0.0,0.4981875408908458,0.1256330391960499,0.3360874856802271,54.47224969796564,98.95537469450056,272.1308087156738,884.9950805844957,-612.8642718688218,0.565760517080403,1.8399066124417789,-1.274146095361376,85.69013948610697,0.17814997814159453,31.488584438683407,0.609375,39.0,0.0815347721822542,34.0,0.9184652278177458,383.0,0.390625,25.0,0.5342465753424658,0.609375,0.5693430656934307,0.499653562806566,0.8865407673860911,0.5881977704820752,0.8773388773388774,0.3494986495211315,0.6505013504788684,0.12266112266112267,0.8849070898829158,0.8773388773388774,0.880698831647737,0.499653562806566,0.8873366353694591,0.9280391743868822,0.7489139570891397,0.8773388773388774,10.702,0.001,10.63,0.0,10630.0,0.0,16687.0,924503.0,104666.0,90.43659043659044,53.63825363825364,?
DatasetClassiRealeseNormalized,5,6,weka.classifiers.meta.FilteredClassifier,'-F \"weka.filters.MultiFilter -F \\\"weka.filters.supervised.attribute.AttributeSelection -E \\\\\\\"weka.attributeSelection.WrapperSubsetEval -B weka.classifiers.bayes.NaiveBayes -F 5 -T 0.01 -R 1 -E AUC --\\\\\\\" -S \\\\\\\"weka.attributeSelection.GreedyStepwise -B -T -1.7976931348623157E308 -N -1 -num-slots 1\\\\\\\"\\\" -F \\\"weka.filters.supervised.instance.Resample -B 1.0 -S 1 -Z 200.0\\\" -S 1\" -S 1 -W weka.classifiers.bayes.NaiveBayes',-4523450618538717400,2.0260425080999997E7,4330.0,481.0,421.0,60.0,0.0,87.52598752598753,12.474012474012474,0.0,0.45930755395683454,0.1284879161332924,0.34452114695975394,55.71007352502248,101.43852609858504,272.1308087156738,1419.0813320409518,-1146.950523325278,0.565760517080403,2.9502730395861785,-2.3845125225057755,77.97462958478354,0.162109417016182,28.653363414743882,0.53125,34.0,0.07194244604316546,30.0,0.9280575539568345,387.0,0.46875,30.0,0.53125,0.53125,0.53125,0.45930755395683454,0.8868592625899281,0.5745303728004294,0.8752598752598753,0.4159523213030407,0.5840476786969593,0.12474012474012475,0.8752598752598753,0.8752598752598753,0.8752598752598753,0.45930755395683454,0.887817552610718,0.9260611170755005,0.7296537769784173,0.8752598752598753,8.82,0.001,8.75,0.0,8750.0,0.0,19801.0,924503.0,104666.0,89.60498960498961,52.7027027027027,?
DatasetClassiRealeseNormalized,5,7,weka.classifiers.meta.FilteredClassifier,'-F \"weka.filters.MultiFilter -F \\\"weka.filters.supervised.attribute.AttributeSelection -E \\\\\\\"weka.attributeSelection.WrapperSubsetEval -B weka.classifiers.bayes.NaiveBayes -F 5 -T 0.01 -R 1 -E AUC --\\\\\\\" -S \\\\\\\"weka.attributeSelection.GreedyStepwise -B -T -1.7976931348623157E308 -N -1 -num-slots 1\\\\\\\"\\\" -F \\\"weka.filters.supervised.instance.Resample -B 1.0 -S 1 -Z 200.0\\\" -S 1\" -S 1 -W weka.classifiers.bayes.NaiveBayes',-4523450618538717400,2.0260425080999997E7,4330.0,481.0,419.0,62.0,0.0,87.11018711018711,12.88981288981289,0.0,0.42610268647525207,0.12870738326754222,0.3499888965201189,55.805230568216324,103.04841408767965,272.1308087156738,1161.7364509997492,-889.6056422840754,0.565760517080403,2.4152524968809757,-1.8494919798005727,79.9079934080456,0.16612888442421123,29.36381727051516,0.484375,31.0,0.06954436450839328,29.0,0.9304556354916067,388.0,0.515625,33.0,0.5166666666666667,0.484375,0.5000000000000001,0.42639505867453215,0.8447991606714629,0.5383247187827314,0.8711018711018711,0.4562712356102644,0.5437287643897355,0.1288981288981289,0.8677343157153133,0.8711018711018711,0.8693305017887357,0.42639505867453215,0.8450915203388225,0.9114857947818162,0.7130071599045347,0.8711018711018711,8.849,0.001,8.8,0.0,8800.0,0.0,19805.0,924503.0,104666.0,88.77338877338877,51.975051975051976,?
DatasetClassiRealeseNormalized,5,8,weka.classifiers.meta.FilteredClassifier,'-F \"weka.filters.MultiFilter -F \\\"weka.filters.supervised.attribute.AttributeSelection -E \\\\\\\"weka.attributeSelection.WrapperSubsetEval -B weka.classifiers.bayes.NaiveBayes -F 5 -T 0.01 -R 1 -E AUC --\\\\\\\" -S \\\\\\\"weka.attributeSelection.GreedyStepwise -B -T -1.7976931348623157E308 -N -1 -num-slots 1\\\\\\\"\\\" -F \\\"weka.filters.supervised.instance.Resample -B 1.0 -S 1 -Z 200.0\\\" -S 1\" -S 1 -W weka.classifiers.bayes.NaiveBayes',-4523450618538717400,2.0260425080999997E7,4330.0,481.0,426.0,55.0,0.0,88.56548856548856,11.434511434511435,0.0,0.5076215823856766,0.1129521263534864,0.3259074758933496,48.974031592453336,95.95803999512823,272.1308087156738,3444.197313410806,-3172.066504695132,0.565760517080403,7.160493375074441,-6.594732857994038,103.25831727784372,0.21467425629489337,37.94436865313897,0.578125,37.0,0.0671462829736211,28.0,0.9328537170263789,389.0,0.421875,27.0,0.5692307692307692,0.578125,0.5736434108527132,0.5076419250965265,0.9101281474820144,0.5811115519767285,0.8856548856548857,0.3746761686285068,0.6253238313714933,0.11434511434511435,0.8864155205501358,0.8856548856548857,0.8860294492500864,0.5076419250965265,0.9106803824092493,0.9310727626538474,0.7538085001442438,0.8856548856548857,8.767,0.001,8.73,0.0,8730.0,0.0,19801.0,924503.0,104666.0,90.85239085239085,51.975051975051976,?
DatasetClassiRealeseNormalized,5,9,weka.classifiers.meta.FilteredClassifier,'-F \"weka.filters.MultiFilter -F \\\"weka.filters.supervised.attribute.AttributeSelection -E \\\\\\\"weka.attributeSelection.WrapperSubsetEval -B weka.classifiers.bayes.NaiveBayes -F 5 -T 0.01 -R 1 -E AUC --\\\\\\\" -S \\\\\\\"weka.attributeSelection.GreedyStepwise -B -T -1.7976931348623157E308 -N -1 -num-slots 1\\\\\\\"\\\" -F \\\"weka.filters.supervised.instance.Resample -B 1.0 -S 1 -Z 200.0\\\" -S 1\" -S 1 -W weka.classifiers.bayes.NaiveBayes',-4523450618538717400,2.0260425080999997E7,4330.0,481.0,432.0,49.0,0.0,89.81288981288981,10.187110187110187,0.0,0.5370002946665359,0.11559147445595486,0.3041834046790137,50.118405952872635,89.56174826009475,272.1308087156738,1105.55159496152,-833.4207862458463,0.565760517080403,2.2984440643690647,-1.732683547288662,99.04536742724787,0.2059155247967731,36.39623455157254,0.5625,36.0,0.050359712230215826,21.0,0.9496402877697842,396.0,0.4375,28.0,0.631578947368421,0.5625,0.5950413223140496,0.5381788167637219,0.8724333033573142,0.6007501726918523,0.8981288981288982,0.38598861035911397,0.6140113896408861,0.10187110187110188,0.8937283093191732,0.8981288981288982,0.8956061715763369,0.5381788167637219,0.8723683345423454,0.9245525449312809,0.7683886754257525,0.8981288981288982,11.109,0.001,11.05,0.0,11050.0,0.0,16113.0,924503.0,104666.0,92.93139293139293,55.61330561330561,?
DatasetClassiRealeseNormalized,5,10,weka.classifiers.meta.FilteredClassifier,'-F \"weka.filters.MultiFilter -F \\\"weka.filters.supervised.attribute.AttributeSelection -E \\\\\\\"weka.attributeSelection.WrapperSubsetEval -B weka.classifiers.bayes.NaiveBayes -F 5 -T 0.01 -R 1 -E AUC --\\\\\\\" -S \\\\\\\"weka.attributeSelection.GreedyStepwise -B -T -1.7976931348623157E308 -N -1 -num-slots 1\\\\\\\"\\\" -F \\\"weka.filters.supervised.instance.Resample -B 1.0 -S 1 -Z 200.0\\\" -S 1\" -S 1 -W weka.classifiers.bayes.NaiveBayes',-4523450618538717400,2.0260425080999997E7,4330.0,481.0,422.0,59.0,0.0,87.73388773388774,12.266112266112266,0.0,0.45755681709578166,0.119459766889266,0.33527246750459,51.795628701605615,98.71540613753461,272.1308087156738,3097.013980704587,-2824.883171988913,0.565760517080403,6.438698504583341,-5.8729379875029375,90.9558375870056,0.18909737544076008,33.423572294615695,0.515625,33.0,0.0671462829736211,28.0,0.9328537170263789,389.0,0.484375,31.0,0.5409836065573771,0.515625,0.528,0.45773096165622507,0.8806954436450839,0.508084972499392,0.8773388773388774,0.42886016031249846,0.5711398396875016,0.12266112266112267,0.8749363396904382,0.8773388773388774,0.8760867666674118,0.45773096165622507,0.8815887648509051,0.9162654527961489,0.7287550776583035,0.8773388773388774,8.776,0.001,8.72,0.01,8720.0,10.0,19805.0,924503.0,104666.0,90.22869022869023,52.07900207900208,?
DatasetClassiRealeseNormalized,6,1,weka.classifiers.meta.FilteredClassifier,'-F \"weka.filters.MultiFilter -F \\\"weka.filters.supervised.attribute.AttributeSelection -E \\\\\\\"weka.attributeSelection.WrapperSubsetEval -B weka.classifiers.bayes.NaiveBayes -F 5 -T 0.01 -R 1 -E AUC --\\\\\\\" -S \\\\\\\"weka.attributeSelection.GreedyStepwise -B -T -1.7976931348623157E308 -N -1 -num-slots 1\\\\\\\"\\\" -F \\\"weka.filters.supervised.instance.Resample -B 1.0 -S 1 -Z 200.0\\\" -S 1\" -S 1 -W weka.classifiers.bayes.NaiveBayes',-4523450618538717400,2.0260425080999997E7,4329.0,482.0,416.0,66.0,0.0,86.30705394190872,13.692946058091286,0.0,0.3974543526024701,0.1384089286437287,0.36168670343823595,60.05854474000301,106.58629514668036,272.3366817903761,3411.469675223409,-3139.132993433033,0.565013862635635,7.077737915401263,-6.512724052765629,65.09890511056386,0.13505996910905366,23.903832815541172,0.46875,30.0,0.07655502392344497,32.0,0.9234449760765551,386.0,0.53125,34.0,0.4838709677419355,0.46875,0.47619047619047616,0.3975206227439385,0.8643652811004785,0.47492865104949555,0.8630705394190872,0.4708755633425321,0.5291244366574679,0.13692946058091288,0.8612648271730053,0.8630705394190872,0.8621471979794008,0.3975206227439385,0.8646246172000636,0.9081692242117987,0.6987157631549039,0.8630705394190872,8.819,0.001,8.76,0.0,8760.0,0.0,19799.0,924290.0,104879.0,88.17427385892117,52.385892116182575,?
DatasetClassiRealeseNormalized,6,2,weka.classifiers.meta.FilteredClassifier,'-F \"weka.filters.MultiFilter -F \\\"weka.filters.supervised.attribute.AttributeSelection -E \\\\\\\"weka.attributeSelection.WrapperSubsetEval -B weka.classifiers.bayes.NaiveBayes -F 5 -T 0.01 -R 1 -E AUC --\\\\\\\" -S \\\\\\\"weka.attributeSelection.GreedyStepwise -B -T -1.7976931348623157E308 -N -1 -num-slots 1\\\\\\\"\\\" -F \\\"weka.filters.supervised.instance.Resample -B 1.0 -S 1 -Z 200.0\\\" -S 1\" -S 1 -W weka.classifiers.bayes.NaiveBayes',-4523450618538717400,2.0260425080999997E7,4330.0,481.0,424.0,57.0,0.0,88.14968814968815,11.85031185031185,0.0,0.4897548992239409,0.12014652529316747,0.3373905477724141,52.40142952734185,100.0023462527237,269.42867131105754,1964.8372949022205,-1695.408623591163,0.5601427677984564,4.084900821002537,-3.524758053204081,88.86898268203487,0.18475879975475024,32.984233730431356,0.5714285714285714,36.0,0.07177033492822966,30.0,0.9282296650717703,388.0,0.42857142857142855,27.0,0.5454545454545454,0.5714285714285714,0.5581395348837208,0.4899315982937071,0.8759398496240601,0.5594670863434594,0.8814968814968815,0.3818386449965397,0.6181613550034603,0.11850311850311851,0.8839261032032116,0.8814968814968815,0.8826614337655965,0.4899315982937071,0.87590684959106,0.9228679594289514,0.7448560819676707,0.8814968814968815,8.809,0.001,8.76,0.0,8760.0,0.0,19801.0,924503.0,104666.0,89.3970893970894,51.45530145530145,?
DatasetClassiRealeseNormalized,6,3,weka.classifiers.meta.FilteredClassifier,'-F \"weka.filters.MultiFilter -F \\\"weka.filters.supervised.attribute.AttributeSelection -E \\\\\\\"weka.attributeSelection.WrapperSubsetEval -B weka.classifiers.bayes.NaiveBayes -F 5 -T 0.01 -R 1 -E AUC --\\\\\\\" -S \\\\\\\"weka.attributeSelection.GreedyStepwise -B -T -1.7976931348623157E308 -N -1 -num-slots 1\\\\\\\"\\\" -F \\\"weka.filters.supervised.instance.Resample -B 1.0 -S 1 -Z 200.0\\\" -S 1\" -S 1 -W weka.classifiers.bayes.NaiveBayes',-4523450618538717400,2.02604250811E7,4330.0,481.0,420.0,61.0,0.0,87.31808731808732,12.681912681912682,0.0,0.43916891259055396,0.13180537783003185,0.3505642037078678,57.148465870416835,103.21780372803747,272.1308087156738,2112.020031891823,-1839.889223176149,0.565760517080403,4.390894037197136,-3.825133520116734,73.19696909891373,0.15217665093329258,26.89771490569852,0.5,32.0,0.06954436450839328,29.0,0.9304556354916067,388.0,0.5,32.0,0.5245901639344263,0.5,0.512,0.43933605877740106,0.8789343525179856,0.5069296870081352,0.8731808731808732,0.44272523768926647,0.5572747623107335,0.12681912681912683,0.8706909395433986,0.8731808731808732,0.8718863180798664,0.43933605877740106,0.8793404076115408,0.9165398161846305,0.7195603345280764,0.8731808731808732,8.818,0.001,8.77,0.0,8770.0,0.0,19801.0,924503.0,104666.0,88.77338877338877,52.5987525987526,?
DatasetClassiRealeseNormalized,6,4,weka.classifiers.meta.FilteredClassifier,'-F \"weka.filters.MultiFilter -F \\\"weka.filters.supervised.attribute.AttributeSelection -E \\\\\\\"weka.attributeSelection.WrapperSubsetEval -B weka.classifiers.bayes.NaiveBayes -F 5 -T 0.01 -R 1 -E AUC --\\\\\\\" -S \\\\\\\"weka.attributeSelection.GreedyStepwise -B -T -1.7976931348623157E308 -N -1 -num-slots 1\\\\\\\"\\\" -F \\\"weka.filters.supervised.instance.Resample -B 1.0 -S 1 -Z 200.0\\\" -S 1\" -S 1 -W weka.classifiers.bayes.NaiveBayes',-4523450618538717400,2.02604250811E7,4330.0,481.0,427.0,54.0,0.0,88.77338877338877,11.226611226611226,0.0,0.537829181494662,0.1146617219877844,0.32662820800674713,49.71528183100492,96.17024758801513,272.1308087156738,1301.4045852863953,-1029.2737765707216,0.565760517080403,2.7056228384332544,-2.1398623213528514,99.10231972329949,0.20603392873866838,36.417162830998315,0.640625,41.0,0.07434052757793765,31.0,0.9256594724220624,386.0,0.359375,23.0,0.5694444444444444,0.640625,0.6029411764705882,0.5390943319248334,0.8865032973621103,0.5594265456293723,0.8877338877338877,0.32144941531182536,0.6785505846881745,0.11226611226611227,0.8939595981160774,0.8877338877338877,0.8904921706516921,0.5390943319248334,0.8891995031833161,0.923552170797256,0.768782936903575,0.8877338877338877,8.796,0.001,8.74,0.0,8740.0,0.0,19797.0,924503.0,104666.0,90.22869022869023,52.49480249480249,?
DatasetClassiRealeseNormalized,6,5,weka.classifiers.meta.FilteredClassifier,'-F \"weka.filters.MultiFilter -F \\\"weka.filters.supervised.attribute.AttributeSelection -E \\\\\\\"weka.attributeSelection.WrapperSubsetEval -B weka.classifiers.bayes.NaiveBayes -F 5 -T 0.01 -R 1 -E AUC --\\\\\\\" -S \\\\\\\"weka.attributeSelection.GreedyStepwise -B -T -1.7976931348623157E308 -N -1 -num-slots 1\\\\\\\"\\\" -F \\\"weka.filters.supervised.instance.Resample -B 1.0 -S 1 -Z 200.0\\\" -S 1\" -S 1 -W weka.classifiers.bayes.NaiveBayes',-4523450618538717400,2.02604250811E7,4330.0,481.0,433.0,48.0,0.0,90.02079002079002,9.97920997920998,0.0,0.5839550221645584,0.11491174266950707,0.29696692889066156,49.82368634857136,87.43697689538638,272.1308087156738,425.1889891105863,-153.05818039491248,0.565760517080403,0.8839687923297013,-0.3182082752492983,104.40701422969016,0.2170623996459255,38.366480709200445,0.671875,43.0,0.06474820143884892,27.0,0.935251798561151,390.0,0.328125,21.0,0.6142857142857143,0.671875,0.6417910447761194,0.5847463055183766,0.8924797661870504,0.6802108826390262,0.9002079002079002,0.2930811016467491,0.7069188983532508,0.0997920997920998,0.9043819467177131,0.9002079002079002,0.9020804861168261,0.5847463055183766,0.8924797661870504,0.9363478262783845,0.7919100151416829,0.9002079002079002,11.037,0.0,10.98,0.0,10980.0,0.0,16109.0,924503.0,104666.0,94.17879417879418,56.96465696465697,?
DatasetClassiRealeseNormalized,6,6,weka.classifiers.meta.FilteredClassifier,'-F \"weka.filters.MultiFilter -F \\\"weka.filters.supervised.attribute.AttributeSelection -E \\\\\\\"weka.attributeSelection.WrapperSubsetEval -B weka.classifiers.bayes.NaiveBayes -F 5 -T 0.01 -R 1 -E AUC --\\\\\\\" -S \\\\\\\"weka.attributeSelection.GreedyStepwise -B -T -1.7976931348623157E308 -N -1 -num-slots 1\\\\\\\"\\\" -F \\\"weka.filters.supervised.instance.Resample -B 1.0 -S 1 -Z 200.0\\\" -S 1\" -S 1 -W weka.classifiers.bayes.NaiveBayes',-4523450618538717400,2.02604250811E7,4330.0,481.0,420.0,61.0,0.0,87.31808731808732,12.681912681912682,0.0,0.48757400583314425,0.13511768152205683,0.3304201940741577,58.58462179677248,97.28673486625303,272.1308087156738,1041.9490925703153,-769.8182838546415,0.565760517080403,2.166214329668015,-1.6004538125876124,66.05361031283007,0.1373255931659669,24.272742444918773,0.609375,39.0,0.08633093525179857,36.0,0.9136690647482014,381.0,0.390625,25.0,0.52,0.609375,0.5611510791366907,0.48966903805015455,0.881388639088729,0.6186739999542773,0.8731808731808732,0.35013680843267175,0.6498631915673282,0.12681912681912683,0.8827498130946406,0.8731808731808732,0.8773513807561902,0.48966903805015455,0.8812911858662758,0.930264625987878,0.7435160012937402,0.8731808731808732,10.999,0.001,10.94,0.0,10940.0,0.0,16121.0,924503.0,104666.0,92.51559251559252,56.86070686070686,?
DatasetClassiRealeseNormalized,6,7,weka.classifiers.meta.FilteredClassifier,'-F \"weka.filters.MultiFilter -F \\\"weka.filters.supervised.attribute.AttributeSelection -E \\\\\\\"weka.attributeSelection.WrapperSubsetEval -B weka.classifiers.bayes.NaiveBayes -F 5 -T 0.01 -R 1 -E AUC --\\\\\\\" -S \\\\\\\"weka.attributeSelection.GreedyStepwise -B -T -1.7976931348623157E308 -N -1 -num-slots 1\\\\\\\"\\\" -F \\\"weka.filters.supervised.instance.Resample -B 1.0 -S 1 -Z 200.0\\\" -S 1\" -S 1 -W weka.classifiers.bayes.NaiveBayes',-4523450618538717400,2.02604250811E7,4330.0,481.0,419.0,62.0,0.0,87.11018711018711,12.88981288981289,0.0,0.4485780851299878,0.12910550110030555,0.35013373052619357,55.977847374545874,103.09105805376073,272.1308087156738,2252.631362910568,-1980.5005541948942,0.565760517080403,4.6832252867163575,-4.117464769635955,78.10885179081892,0.1623884652615778,28.70268609403508,0.53125,34.0,0.07673860911270983,32.0,0.9232613908872902,385.0,0.46875,30.0,0.5151515151515151,0.53125,0.5230769230769231,0.44864906836505036,0.8649018285371702,0.4907480244365328,0.8711018711018711,0.41659048021458095,0.5834095197854191,0.1288981288981289,0.8728172945040414,0.8711018711018711,0.8719384695346234,0.4486490683650504,0.8651617037970455,0.91217482142736,0.7242788461538462,0.8711018711018711,8.814,0.001,8.76,0.0,8760.0,0.0,19797.0,924503.0,104666.0,88.56548856548856,51.66320166320166,?
DatasetClassiRealeseNormalized,6,8,weka.classifiers.meta.FilteredClassifier,'-F \"weka.filters.MultiFilter -F \\\"weka.filters.supervised.attribute.AttributeSelection -E \\\\\\\"weka.attributeSelection.WrapperSubsetEval -B weka.classifiers.bayes.NaiveBayes -F 5 -T 0.01 -R 1 -E AUC --\\\\\\\" -S \\\\\\\"weka.attributeSelection.GreedyStepwise -B -T -1.7976931348623157E308 -N -1 -num-slots 1\\\\\\\"\\\" -F \\\"weka.filters.supervised.instance.Resample -B 1.0 -S 1 -Z 200.0\\\" -S 1\" -S 1 -W weka.classifiers.bayes.NaiveBayes',-4523450618538717400,2.02604250811E7,4330.0,481.0,439.0,42.0,0.0,91.26819126819127,8.731808731808732,0.0,0.6112308521283966,0.10679444045034653,0.2817259637720301,46.30416858329655,82.94952800698904,272.1308087156738,322.80424404240006,-50.673435326726235,0.565760517080403,0.6711106944748442,-0.10535017739444123,113.87091953746173,0.2367378784562614,41.84418518244132,0.640625,41.0,0.045563549160671464,19.0,0.9544364508393285,398.0,0.359375,23.0,0.6833333333333333,0.640625,0.6612903225806451,0.6116502508183763,0.916085881294964,0.716360918748731,0.9126819126819127,0.3176204618425842,0.6823795381574159,0.08731808731808732,0.9105028287926151,0.9126819126819127,0.9114819528246274,0.6116502508183763,0.916085881294964,0.9491193708259122,0.8055854954192009,0.9126819126819127,11.12,0.001,11.06,0.0,11060.0,0.0,16117.0,924503.0,104666.0,94.5945945945946,56.444906444906444,?
DatasetClassiRealeseNormalized,6,9,weka.classifiers.meta.FilteredClassifier,'-F \"weka.filters.MultiFilter -F \\\"weka.filters.supervised.attribute.AttributeSelection -E \\\\\\\"weka.attributeSelection.WrapperSubsetEval -B weka.classifiers.bayes.NaiveBayes -F 5 -T 0.01 -R 1 -E AUC --\\\\\\\" -S \\\\\\\"weka.attributeSelection.GreedyStepwise -B -T -1.7976931348623157E308 -N -1 -num-slots 1\\\\\\\"\\\" -F \\\"weka.filters.supervised.instance.Resample -B 1.0 -S 1 -Z 200.0\\\" -S 1\" -S 1 -W weka.classifiers.bayes.NaiveBayes',-4523450618538717400,2.02604250812E7,4330.0,481.0,425.0,56.0,0.0,88.35758835758836,11.642411642411643,0.0,0.5083594947798789,0.11655190257339247,0.33032149771734604,50.53483049027772,97.25767536423226,272.1308087156738,1838.2534348823897,-1566.122626166716,0.565760517080403,3.821732712853201,-3.2559721957727983,96.75310545141609,0.20114990738340144,35.55389627071043,0.59375,38.0,0.07194244604316546,30.0,0.9280575539568345,387.0,0.40625,26.0,0.5588235294117647,0.59375,0.5757575757575757,0.5086732435965083,0.9067745803357314,0.601006642462847,0.8835758835758836,0.36176832961904903,0.638231670380951,0.11642411642411643,0.8867211848268678,0.8835758835758836,0.885059345300309,0.5086732435965083,0.9073917840779352,0.9332849285120286,0.7541438481197517,0.8835758835758836,8.802,0.001,8.76,0.0,8760.0,0.0,19801.0,924503.0,104666.0,90.22869022869023,51.975051975051976,?
DatasetClassiRealeseNormalized,6,10,weka.classifiers.meta.FilteredClassifier,'-F \"weka.filters.MultiFilter -F \\\"weka.filters.supervised.attribute.AttributeSelection -E \\\\\\\"weka.attributeSelection.WrapperSubsetEval -B weka.classifiers.bayes.NaiveBayes -F 5 -T 0.01 -R 1 -E AUC --\\\\\\\" -S \\\\\\\"weka.attributeSelection.GreedyStepwise -B -T -1.7976931348623157E308 -N -1 -num-slots 1\\\\\\\"\\\" -F \\\"weka.filters.supervised.instance.Resample -B 1.0 -S 1 -Z 200.0\\\" -S 1\" -S 1 -W weka.classifiers.bayes.NaiveBayes',-4523450618538717400,2.02604250812E7,4330.0,481.0,417.0,64.0,0.0,86.6943866943867,13.305613305613306,0.0,0.43079028142450354,0.1383487247021961,0.3595579761317139,59.98554461150122,105.86587055003612,272.1308087156738,1934.5369067876077,-1662.406098071934,0.565760517080403,4.021906251117687,-3.4561457340372845,61.88308967894105,0.12865507209759053,22.740199821916296,0.515625,33.0,0.07913669064748201,33.0,0.920863309352518,384.0,0.484375,31.0,0.5,0.515625,0.5076923076923077,0.4308584499080356,0.8458857913669064,0.5396680669498538,0.8669438669438669,0.43045555759134896,0.569544442408651,0.13305613305613306,0.8687122711219096,0.8669438669438669,0.8678074524228371,0.4308584499080356,0.8459020335706486,0.9137589318021171,0.7153846153846154,0.8669438669438669,8.776,0.001,8.72,0.0,8720.0,0.0,19797.0,924503.0,104666.0,88.56548856548856,52.7027027027027,?
DatasetClassiRealeseNormalized,7,1,weka.classifiers.meta.FilteredClassifier,'-F \"weka.filters.MultiFilter -F \\\"weka.filters.supervised.attribute.AttributeSelection -E \\\\\\\"weka.attributeSelection.WrapperSubsetEval -B weka.classifiers.bayes.NaiveBayes -F 5 -T 0.01 -R 1 -E AUC --\\\\\\\" -S \\\\\\\"weka.attributeSelection.GreedyStepwise -B -T -1.7976931348623157E308 -N -1 -num-slots 1\\\\\\\"\\\" -F \\\"weka.filters.supervised.instance.Resample -B 1.0 -S 1 -Z 200.0\\\" -S 1\" -S 1 -W weka.classifiers.bayes.NaiveBayes',-4523450618538717400,2.02604250812E7,4329.0,482.0,410.0,72.0,0.0,85.06224066390041,14.937759336099585,0.0,0.37614151146904434,0.15033117812405164,0.3767216919852518,65.23185950251053,111.01699086085901,272.3366817903761,3422.4757658065205,-3150.1390840161444,0.565013862635635,7.100572128229295,-6.535558265593661,44.41866381057294,0.09215490417131315,16.310202326972252,0.484375,31.0,0.09330143540669857,39.0,0.9066985645933014,379.0,0.515625,33.0,0.44285714285714284,0.484375,0.4626865671641791,0.3766508568794735,0.833732057416268,0.462382196607741,0.8506224066390041,0.45954884204570273,0.5404511579542973,0.14937759336099585,0.8565607357232061,0.8506224066390041,0.8534267621050872,0.3766508568794735,0.8336996404038197,0.9002932446960622,0.6879697896061859,0.8506224066390041,8.277,0.001,8.23,0.0,8230.0,0.0,20069.0,924290.0,104879.0,87.13692946058092,52.385892116182575,?
DatasetClassiRealeseNormalized,7,2,weka.classifiers.meta.FilteredClassifier,'-F \"weka.filters.MultiFilter -F \\\"weka.filters.supervised.attribute.AttributeSelection -E \\\\\\\"weka.attributeSelection.WrapperSubsetEval -B weka.classifiers.bayes.NaiveBayes -F 5 -T 0.01 -R 1 -E AUC --\\\\\\\" -S \\\\\\\"weka.attributeSelection.GreedyStepwise -B -T -1.7976931348623157E308 -N -1 -num-slots 1\\\\\\\"\\\" -F \\\"weka.filters.supervised.instance.Resample -B 1.0 -S 1 -Z 200.0\\\" -S 1\" -S 1 -W weka.classifiers.bayes.NaiveBayes',-4523450618538717400,2.02604250812E7,4330.0,481.0,424.0,57.0,0.0,88.14968814968815,11.85031185031185,0.0,0.5092100316846574,0.1190933517065265,0.3388584466227978,51.942092052989075,100.43743054915473,269.42867131105754,2452.9972438147233,-2183.5685725036656,0.5601427677984564,5.0997863696771795,-4.539643601878723,91.72676537575981,0.19070013591634055,34.04491620339119,0.6190476190476191,39.0,0.07894736842105263,33.0,0.9210526315789473,385.0,0.38095238095238093,24.0,0.5416666666666666,0.6190476190476191,0.5777777777777778,0.5107459037335276,0.905711247816511,0.5709017395584414,0.8814968814968815,0.34139663087031513,0.658603369129685,0.11850311850311851,0.888974807984588,0.8814968814968815,0.884802167994429,0.5107459037335276,0.9066022487075118,0.9300268058677066,0.7544269783689372,0.8814968814968815,8.237,0.001,8.19,0.0,8190.0,0.0,20091.0,924503.0,104666.0,88.98128898128898,51.143451143451145,?
DatasetClassiRealeseNormalized,7,3,weka.classifiers.meta.FilteredClassifier,'-F \"weka.filters.MultiFilter -F \\\"weka.filters.supervised.attribute.AttributeSelection -E \\\\\\\"weka.attributeSelection.WrapperSubsetEval -B weka.classifiers.bayes.NaiveBayes -F 5 -T 0.01 -R 1 -E AUC --\\\\\\\" -S \\\\\\\"weka.attributeSelection.GreedyStepwise -B -T -1.7976931348623157E308 -N -1 -num-slots 1\\\\\\\"\\\" -F \\\"weka.filters.supervised.instance.Resample -B 1.0 -S 1 -Z 200.0\\\" -S 1\" -S 1 -W weka.classifiers.bayes.NaiveBayes',-4523450618538717400,2.02604250812E7,4330.0,481.0,428.0,53.0,0.0,88.98128898128898,11.018711018711018,0.0,0.5376761393518438,0.1301435561143854,0.318973969424607,56.42792955268171,93.91658424388977,272.1308087156738,491.48187082082916,-219.35106210515534,0.565760517080403,1.021791831228335,-0.4560313141479321,73.92419862515546,0.15368856263026082,27.16495018481811,0.625,40.0,0.06954436450839328,29.0,0.9304556354916067,388.0,0.375,24.0,0.5797101449275363,0.625,0.6015037593984963,0.5381882830301864,0.8839928057553957,0.6238339444963944,0.8898128898128899,0.3343572543212831,0.6656427456787168,0.1101871101871102,0.8935762726391684,0.8898128898128899,0.8915517868600212,0.5381882830301864,0.8840090479591379,0.9304688551647652,0.7687856553325413,0.8898128898128899,11.045,0.0,10.99,0.0,10990.0,0.0,16117.0,924503.0,104666.0,93.13929313929314,57.58835758835759,?
DatasetClassiRealeseNormalized,7,4,weka.classifiers.meta.FilteredClassifier,'-F \"weka.filters.MultiFilter -F \\\"weka.filters.supervised.attribute.AttributeSelection -E \\\\\\\"weka.attributeSelection.WrapperSubsetEval -B weka.classifiers.bayes.NaiveBayes -F 5 -T 0.01 -R 1 -E AUC --\\\\\\\" -S \\\\\\\"weka.attributeSelection.GreedyStepwise -B -T -1.7976931348623157E308 -N -1 -num-slots 1\\\\\\\"\\\" -F \\\"weka.filters.supervised.instance.Resample -B 1.0 -S 1 -Z 200.0\\\" -S 1\" -S 1 -W weka.classifiers.bayes.NaiveBayes',-4523450618538717400,2.02604250812E7,4330.0,481.0,414.0,67.0,0.0,86.07068607068607,13.92931392931393,0.0,0.41555285540704767,0.14869143163375562,0.36323100318771107,64.46995825089125,106.94733232435239,272.1308087156738,1612.1141404094326,-1339.9833316937588,0.565760517080403,3.3515886494998597,-2.785828132419457,45.844783351951115,0.09531139990010627,16.84659799025196,0.515625,33.0,0.08633093525179857,36.0,0.9136690647482014,381.0,0.484375,31.0,0.4782608695652174,0.515625,0.49624060150375937,0.4159486750321671,0.8510379196642686,0.5031872068158937,0.8607068607068608,0.4314127959586593,0.5685872040413407,0.1392931392931393,0.8653481955508128,0.8607068607068608,0.8629050890494608,0.4159486750321671,0.8515089435727924,0.9103175492766856,0.7077101680618918,0.8607068607068608,10.932,0.0,10.88,0.0,10880.0,0.0,16405.0,924503.0,104666.0,88.77338877338877,54.98960498960499,?
DatasetClassiRealeseNormalized,7,5,weka.classifiers.meta.FilteredClassifier,'-F \"weka.filters.MultiFilter -F \\\"weka.filters.supervised.attribute.AttributeSelection -E \\\\\\\"weka.attributeSelection.WrapperSubsetEval -B weka.classifiers.bayes.NaiveBayes -F 5 -T 0.01 -R 1 -E AUC --\\\\\\\" -S \\\\\\\"weka.attributeSelection.GreedyStepwise -B -T -1.7976931348623157E308 -N -1 -num-slots 1\\\\\\\"\\\" -F \\\"weka.filters.supervised.instance.Resample -B 1.0 -S 1 -Z 200.0\\\" -S 1\" -S 1 -W weka.classifiers.bayes.NaiveBayes',-4523450618538717400,2.0260425081299998E7,4330.0,481.0,416.0,65.0,0.0,86.48648648648648,13.513513513513514,0.0,0.3942182867993259,0.13240241800260882,0.3546237142557318,57.40733186274214,104.41305914353475,272.1308087156738,3246.5133875610895,-2974.3825788454155,0.565760517080403,6.749508082247587,-6.1837475651671845,73.89380978210683,0.15362538416238425,27.15378318642052,0.453125,29.0,0.07194244604316546,30.0,0.9280575539568345,387.0,0.546875,35.0,0.4915254237288136,0.453125,0.4715447154471545,0.39464699359591815,0.8738758992805755,0.5036548890782254,0.8648648648648649,0.4836823109080303,0.5163176890919696,0.13513513513513514,0.8604414117708358,0.8648648648648649,0.8625208830447355,0.39464699359591815,0.8744443764115526,0.9127839054212571,0.6970357665436011,0.8648648648648649,8.291,0.002,8.24,0.01,8240.0,10.0,20091.0,924503.0,104666.0,89.3970893970894,52.07900207900208,?
DatasetClassiRealeseNormalized,7,6,weka.classifiers.meta.FilteredClassifier,'-F \"weka.filters.MultiFilter -F \\\"weka.filters.supervised.attribute.AttributeSelection -E \\\\\\\"weka.attributeSelection.WrapperSubsetEval -B weka.classifiers.bayes.NaiveBayes -F 5 -T 0.01 -R 1 -E AUC --\\\\\\\" -S \\\\\\\"weka.attributeSelection.GreedyStepwise -B -T -1.7976931348623157E308 -N -1 -num-slots 1\\\\\\\"\\\" -F \\\"weka.filters.supervised.instance.Resample -B 1.0 -S 1 -Z 200.0\\\" -S 1\" -S 1 -W weka.classifiers.bayes.NaiveBayes',-4523450618538717400,2.0260425081299998E7,4330.0,481.0,431.0,50.0,0.0,89.60498960498961,10.395010395010395,0.0,0.5610352631963204,0.10436898051177486,0.3085905392110215,45.252532323824106,90.85935578053316,272.1308087156738,759.7351695718795,-487.6043608562057,0.565760517080403,1.5794909970309345,-1.0137304799505316,114.98864133938571,0.2390616244062073,42.254914789720665,0.640625,41.0,0.06474820143884892,27.0,0.935251798561151,390.0,0.359375,23.0,0.6029411764705882,0.640625,0.6212121212121211,0.5613815223922689,0.910708932853717,0.6576542559637574,0.896049896049896,0.32017309748874495,0.679826902511255,0.10395010395010396,0.8988887214211242,0.896049896049896,0.8973744154467045,0.561381522392269,0.9123331532279375,0.9407980562858778,0.7804855786783497,0.896049896049896,9.331,0.001,9.28,0.0,9280.0,0.0,19513.0,924503.0,104666.0,92.3076923076923,52.7027027027027,?
DatasetClassiRealeseNormalized,7,7,weka.classifiers.meta.FilteredClassifier,'-F \"weka.filters.MultiFilter -F \\\"weka.filters.supervised.attribute.AttributeSelection -E \\\\\\\"weka.attributeSelection.WrapperSubsetEval -B weka.classifiers.bayes.NaiveBayes -F 5 -T 0.01 -R 1 -E AUC --\\\\\\\" -S \\\\\\\"weka.attributeSelection.GreedyStepwise -B -T -1.7976931348623157E308 -N -1 -num-slots 1\\\\\\\"\\\" -F \\\"weka.filters.supervised.instance.Resample -B 1.0 -S 1 -Z 200.0\\\" -S 1\" -S 1 -W weka.classifiers.bayes.NaiveBayes',-4523450618538717400,2.0260425081299998E7,4330.0,481.0,426.0,55.0,0.0,88.56548856548856,11.434511434511435,0.0,0.4943326261062372,0.11274728667082612,0.3242395858031178,48.88521675191994,95.46695747685449,272.1308087156738,1552.4366749119436,-1280.3058661962698,0.565760517080403,3.2275190746610054,-2.6617585575806024,103.34301229503589,0.21485033741171702,37.975491559652895,0.546875,35.0,0.06235011990407674,26.0,0.9376498800959233,391.0,0.453125,29.0,0.5737704918032787,0.546875,0.5599999999999999,0.494520767413873,0.8781849520383693,0.5764726591305037,0.8856548856548857,0.4011300055589624,0.5988699944410376,0.11434511434511435,0.883427139984517,0.8856548856548857,0.8844876638425025,0.494520767413873,0.8781524676308848,0.924284227586228,0.7471445639187575,0.8856548856548857,8.88,0.001,8.82,0.0,8820.0,0.0,19801.0,924503.0,104666.0,90.43659043659044,51.87110187110187,?
DatasetClassiRealeseNormalized,7,8,weka.classifiers.meta.FilteredClassifier,'-F \"weka.filters.MultiFilter -F \\\"weka.filters.supervised.attribute.AttributeSelection -E \\\\\\\"weka.attributeSelection.WrapperSubsetEval -B weka.classifiers.bayes.NaiveBayes -F 5 -T 0.01 -R 1 -E AUC --\\\\\\\" -S \\\\\\\"weka.attributeSelection.GreedyStepwise -B -T -1.7976931348623157E308 -N -1 -num-slots 1\\\\\\\"\\\" -F \\\"weka.filters.supervised.instance.Resample -B 1.0 -S 1 -Z 200.0\\\" -S 1\" -S 1 -W weka.classifiers.bayes.NaiveBayes',-4523450618538717400,2.0260425081299998E7,4330.0,481.0,433.0,48.0,0.0,90.02079002079002,9.97920997920998,0.0,0.5785938526684676,0.11293377828307534,0.29997873540597675,48.96607619569382,88.3237532703744,272.1308087156738,717.9894898505753,-445.8586811349015,0.565760517080403,1.4927016421009882,-0.9269411250205852,104.15965396775303,0.2165481371470957,38.275583150374025,0.65625,42.0,0.06235011990407674,26.0,0.9376498800959233,391.0,0.34375,22.0,0.6176470588235294,0.65625,0.6363636363636364,0.5789509486575224,0.9002360611510791,0.6296767586952051,0.9002079002079002,0.30630802011197694,0.6936919798880231,0.0997920997920998,0.902944566952543,0.9002079002079002,0.9014794388288364,0.5789509486575224,0.9002360611510791,0.9356454138124215,0.7892661555312157,0.9002079002079002,11.111,0.001,11.05,0.0,11050.0,0.0,16117.0,924503.0,104666.0,93.76299376299376,56.75675675675676,?
DatasetClassiRealeseNormalized,7,9,weka.classifiers.meta.FilteredClassifier,'-F \"weka.filters.MultiFilter -F \\\"weka.filters.supervised.attribute.AttributeSelection -E \\\\\\\"weka.attributeSelection.WrapperSubsetEval -B weka.classifiers.bayes.NaiveBayes -F 5 -T 0.01 -R 1 -E AUC --\\\\\\\" -S \\\\\\\"weka.attributeSelection.GreedyStepwise -B -T -1.7976931348623157E308 -N -1 -num-slots 1\\\\\\\"\\\" -F \\\"weka.filters.supervised.instance.Resample -B 1.0 -S 1 -Z 200.0\\\" -S 1\" -S 1 -W weka.classifiers.bayes.NaiveBayes',-4523450618538717400,2.0260425081299998E7,4330.0,481.0,422.0,59.0,0.0,87.73388773388774,12.266112266112266,0.0,0.510411455188476,0.12367516612572164,0.33740182307416167,53.623350782152436,99.34235949706931,272.1308087156738,3156.0902943100905,-2883.9594855944165,0.565760517080403,6.561518283388962,-5.995757766308558,83.49441294955791,0.173585058107189,30.68172006823162,0.640625,41.0,0.08633093525179857,36.0,0.9136690647482014,381.0,0.359375,23.0,0.5324675324675324,0.640625,0.5815602836879432,0.5134074869414694,0.8827562949640287,0.6100867529757614,0.8773388773388774,0.3230448125906759,0.676955187409324,0.12266112266112267,0.8884362225946384,0.8773388773388774,0.8820223386268946,0.5134074869414694,0.8825613885191224,0.9292697671582711,0.7548483513445807,0.8773388773388774,8.905,0.002,8.86,0.0,8860.0,0.0,19801.0,924503.0,104666.0,90.64449064449065,52.80665280665281,?
DatasetClassiRealeseNormalized,7,10,weka.classifiers.meta.FilteredClassifier,'-F \"weka.filters.MultiFilter -F \\\"weka.filters.supervised.attribute.AttributeSelection -E \\\\\\\"weka.attributeSelection.WrapperSubsetEval -B weka.classifiers.bayes.NaiveBayes -F 5 -T 0.01 -R 1 -E AUC --\\\\\\\" -S \\\\\\\"weka.attributeSelection.GreedyStepwise -B -T -1.7976931348623157E308 -N -1 -num-slots 1\\\\\\\"\\\" -F \\\"weka.filters.supervised.instance.Resample -B 1.0 -S 1 -Z 200.0\\\" -S 1\" -S 1 -W weka.classifiers.bayes.NaiveBayes',-4523450618538717400,2.0260425081299998E7,4330.0,481.0,415.0,66.0,0.0,86.27858627858627,13.721413721413722,0.0,0.44213263979193745,0.1405488520341878,0.3472742913906972,60.93948066337489,102.24914372155503,272.1308087156738,1055.209665839483,-783.0788571238093,0.565760517080403,2.1937830890633743,-1.6280225719829715,54.986414340981256,0.11431686973176976,20.205876210962888,0.5625,36.0,0.09112709832134293,38.0,0.9088729016786571,379.0,0.4375,28.0,0.4864864864864865,0.5625,0.5217391304347827,0.4437205699425061,0.8860536570743405,0.5698240671250469,0.8627858627858628,0.3914129611072057,0.6085870388927942,0.13721413721413722,0.8720315477072235,0.8627858627858628,0.8669247794406091,0.4437205699425061,0.886410985556669,0.9257794350275642,0.720821021528071,0.8627858627858628,11.311,0.0,11.25,0.0,11250.0,0.0,16403.0,924503.0,104666.0,91.89189189189189,56.02910602910603,?
DatasetClassiRealeseNormalized,8,1,weka.classifiers.meta.FilteredClassifier,'-F \"weka.filters.MultiFilter -F \\\"weka.filters.supervised.attribute.AttributeSelection -E \\\\\\\"weka.attributeSelection.WrapperSubsetEval -B weka.classifiers.bayes.NaiveBayes -F 5 -T 0.01 -R 1 -E AUC --\\\\\\\" -S \\\\\\\"weka.attributeSelection.GreedyStepwise -B -T -1.7976931348623157E308 -N -1 -num-slots 1\\\\\\\"\\\" -F \\\"weka.filters.supervised.instance.Resample -B 1.0 -S 1 -Z 200.0\\\" -S 1\" -S 1 -W weka.classifiers.bayes.NaiveBayes',-4523450618538717400,2.02604250814E7,4329.0,482.0,418.0,64.0,0.0,86.72199170124482,13.278008298755188,0.0,0.4383102694828844,0.1467934245782336,0.35429226066571895,63.69675384355748,104.40720962237293,272.3366817903761,928.0162471865842,-655.6795653962081,0.565013862635635,1.925344911175486,-1.3603310485398508,51.26084211613094,0.10635029484674469,18.822599210336126,0.53125,34.0,0.08133971291866028,34.0,0.9186602870813397,384.0,0.46875,30.0,0.5,0.53125,0.5151515151515151,0.4385806069864817,0.8572256279904307,0.5334215942019594,0.8672199170124482,0.41730962993110843,0.5826903700688916,0.13278008298755187,0.8707679355343075,0.8672199170124482,0.8689125535598564,0.43858060698648177,0.8574201300651194,0.9158489390744519,0.7191142191142191,0.8672199170124482,11.211,0.001,11.15,0.0,11150.0,0.0,16113.0,924290.0,104879.0,89.6265560165975,54.87551867219917,?
DatasetClassiRealeseNormalized,8,2,weka.classifiers.meta.FilteredClassifier,'-F \"weka.filters.MultiFilter -F \\\"weka.filters.supervised.attribute.AttributeSelection -E \\\\\\\"weka.attributeSelection.WrapperSubsetEval -B weka.classifiers.bayes.NaiveBayes -F 5 -T 0.01 -R 1 -E AUC --\\\\\\\" -S \\\\\\\"weka.attributeSelection.GreedyStepwise -B -T -1.7976931348623157E308 -N -1 -num-slots 1\\\\\\\"\\\" -F \\\"weka.filters.supervised.instance.Resample -B 1.0 -S 1 -Z 200.0\\\" -S 1\" -S 1 -W weka.classifiers.bayes.NaiveBayes',-4523450618538717400,2.02604250814E7,4330.0,481.0,428.0,53.0,0.0,88.98128898128898,11.018711018711018,0.0,0.5126832718444748,0.10918343041588999,0.3230299329638645,47.61991926550585,95.74586905154472,269.42867131105754,2189.256359712417,-1919.8276884013596,0.5601427677984564,4.551468523310638,-3.9913257555121824,105.55157907014187,0.21944195232877728,39.1760752693917,0.5714285714285714,36.0,0.06220095693779904,26.0,0.937799043062201,392.0,0.42857142857142855,27.0,0.5806451612903226,0.5714285714285714,0.576,0.5127049447725545,0.8869902027796764,0.5614158108436318,0.8898128898128899,0.3805852753221174,0.6194147246778826,0.1101871101871102,0.8890750193390888,0.8898128898128899,0.8894379640186092,0.5127049447725545,0.8872542030436769,0.9227104557915607,0.7563393070489844,0.8898128898128899,7.584,0.001,7.54,0.0,7540.0,0.0,20377.0,924503.0,104666.0,90.64449064449065,51.351351351351354,?
DatasetClassiRealeseNormalized,8,3,weka.classifiers.meta.FilteredClassifier,'-F \"weka.filters.MultiFilter -F \\\"weka.filters.supervised.attribute.AttributeSelection -E \\\\\\\"weka.attributeSelection.WrapperSubsetEval -B weka.classifiers.bayes.NaiveBayes -F 5 -T 0.01 -R 1 -E AUC --\\\\\\\" -S \\\\\\\"weka.attributeSelection.GreedyStepwise -B -T -1.7976931348623157E308 -N -1 -num-slots 1\\\\\\\"\\\" -F \\\"weka.filters.supervised.instance.Resample -B 1.0 -S 1 -Z 200.0\\\" -S 1\" -S 1 -W weka.classifiers.bayes.NaiveBayes',-4523450618538717400,2.02604250814E7,4330.0,481.0,423.0,58.0,0.0,87.94178794178794,12.058212058212058,0.0,0.4908009053077317,0.12462366059733003,0.34064083719694066,54.03460110312865,100.29603337609417,272.1308087156738,1244.9278617571258,-972.797053041452,0.565760517080403,2.5882076128006775,-2.0224470957202745,82.69767489216781,0.1719286380294549,30.3889424657432,0.578125,37.0,0.07434052757793765,31.0,0.9256594724220624,386.0,0.421875,27.0,0.5441176470588235,0.578125,0.5606060606060606,0.4911038173312548,0.853173711031175,0.5993289470094018,0.8794178794178794,0.37563340699581704,0.6243665930041828,0.12058212058212059,0.8826653392954489,0.8794178794178794,0.8809543219181775,0.4911038173312548,0.8534335862910504,0.9225600362454456,0.7453632712668857,0.8794178794178794,8.83,0.001,8.79,0.0,8790.0,0.0,19805.0,924503.0,104666.0,90.22869022869023,52.7027027027027,?
DatasetClassiRealeseNormalized,8,4,weka.classifiers.meta.FilteredClassifier,'-F \"weka.filters.MultiFilter -F \\\"weka.filters.supervised.attribute.AttributeSelection -E \\\\\\\"weka.attributeSelection.WrapperSubsetEval -B weka.classifiers.bayes.NaiveBayes -F 5 -T 0.01 -R 1 -E AUC --\\\\\\\" -S \\\\\\\"weka.attributeSelection.GreedyStepwise -B -T -1.7976931348623157E308 -N -1 -num-slots 1\\\\\\\"\\\" -F \\\"weka.filters.supervised.instance.Resample -B 1.0 -S 1 -Z 200.0\\\" -S 1\" -S 1 -W weka.classifiers.bayes.NaiveBayes',-4523450618538717400,2.02604250814E7,4330.0,481.0,426.0,55.0,0.0,88.56548856548856,11.434511434511435,0.0,0.532208724559263,0.12627389397878447,0.3348592175440726,54.750112925414726,98.59373155449346,272.1308087156738,1359.3657414773422,-1087.2349327616685,0.565760517080403,2.8261242026555973,-2.2603636855751943,82.52459441022744,0.1715688033476662,30.325340522708075,0.640625,41.0,0.07673860911270983,32.0,0.9232613908872902,385.0,0.359375,23.0,0.5616438356164384,0.640625,0.5985401459854014,0.5337748609836027,0.8803207434052758,0.5906836870437953,0.8856548856548857,0.3217684947675955,0.6782315052324046,0.11434511434511435,0.8928021882292632,0.8856548856548857,0.88878704645128,0.5337748609836027,0.8806131030726355,0.9267837537871056,0.7659367396593674,0.8856548856548857,10.844,0.001,10.79,0.0,10790.0,0.0,16695.0,924503.0,104666.0,90.22869022869023,53.63825363825364,?
DatasetClassiRealeseNormalized,8,5,weka.classifiers.meta.FilteredClassifier,'-F \"weka.filters.MultiFilter -F \\\"weka.filters.supervised.attribute.AttributeSelection -E \\\\\\\"weka.attributeSelection.WrapperSubsetEval -B weka.classifiers.bayes.NaiveBayes -F 5 -T 0.01 -R 1 -E AUC --\\\\\\\" -S \\\\\\\"weka.attributeSelection.GreedyStepwise -B -T -1.7976931348623157E308 -N -1 -num-slots 1\\\\\\\"\\\" -F \\\"weka.filters.supervised.instance.Resample -B 1.0 -S 1 -Z 200.0\\\" -S 1\" -S 1 -W weka.classifiers.bayes.NaiveBayes',-4523450618538717400,2.02604250814E7,4330.0,481.0,416.0,65.0,0.0,86.48648648648648,13.513513513513514,0.0,0.4103502253738946,0.1332417262372486,0.3554847082456317,57.77124097473546,104.66656451493476,272.1308087156738,1303.6248544929326,-1031.4940457772589,0.565760517080403,2.7102387827295895,-2.144478265649187,72.89735829129103,0.1515537594413535,26.787616821238064,0.484375,31.0,0.07673860911270983,32.0,0.9232613908872902,385.0,0.515625,33.0,0.49206349206349204,0.484375,0.4881889763779527,0.4103671108397352,0.8897631894484412,0.5019223673333797,0.8648648648648649,0.4572284739775747,0.5427715260224254,0.13513513513513514,0.8639729955519428,0.8648648648648649,0.8644137560163776,0.41036711083973515,0.8909163859141377,0.9183769742820528,0.7051723325003536,0.8648648648648649,8.849,0.001,8.8,0.0,8800.0,0.0,19805.0,924503.0,104666.0,88.56548856548856,51.87110187110187,?
DatasetClassiRealeseNormalized,8,6,weka.classifiers.meta.FilteredClassifier,'-F \"weka.filters.MultiFilter -F \\\"weka.filters.supervised.attribute.AttributeSelection -E \\\\\\\"weka.attributeSelection.WrapperSubsetEval -B weka.classifiers.bayes.NaiveBayes -F 5 -T 0.01 -R 1 -E AUC --\\\\\\\" -S \\\\\\\"weka.attributeSelection.GreedyStepwise -B -T -1.7976931348623157E308 -N -1 -num-slots 1\\\\\\\"\\\" -F \\\"weka.filters.supervised.instance.Resample -B 1.0 -S 1 -Z 200.0\\\" -S 1\" -S 1 -W weka.classifiers.bayes.NaiveBayes',-4523450618538717400,2.02604250814E7,4330.0,481.0,425.0,56.0,0.0,88.35758835758836,11.642411642411643,0.0,0.4816411361711954,0.11871468987351147,0.33238353063444354,51.472576568933235,97.86480668758632,272.1308087156738,1171.6994295416116,-899.5686208259378,0.565760517080403,2.4359655499825603,-1.8702050329021578,92.20700144071736,0.1916985476937991,33.88333789764192,0.53125,34.0,0.06235011990407674,26.0,0.9376498800959233,391.0,0.46875,30.0,0.5666666666666667,0.53125,0.5483870967741935,0.48197161631768537,0.8867843225419664,0.5663241930009535,0.8835758835758836,0.4146760034799603,0.5853239965200397,0.11642411642411643,0.8805648696385038,0.8835758835758836,0.8819759370995032,0.4819716163176854,0.8876776437477876,0.925098197498765,0.7407806605589344,0.8835758835758836,8.857,0.001,8.8,0.0,8800.0,0.0,19805.0,924503.0,104666.0,90.85239085239085,52.5987525987526,?
DatasetClassiRealeseNormalized,8,7,weka.classifiers.meta.FilteredClassifier,'-F \"weka.filters.MultiFilter -F \\\"weka.filters.supervised.attribute.AttributeSelection -E \\\\\\\"weka.attributeSelection.WrapperSubsetEval -B weka.classifiers.bayes.NaiveBayes -F 5 -T 0.01 -R 1 -E AUC --\\\\\\\" -S \\\\\\\"weka.attributeSelection.GreedyStepwise -B -T -1.7976931348623157E308 -N -1 -num-slots 1\\\\\\\"\\\" -F \\\"weka.filters.supervised.instance.Resample -B 1.0 -S 1 -Z 200.0\\\" -S 1\" -S 1 -W weka.classifiers.bayes.NaiveBayes',-4523450618538717400,2.02604250814E7,4330.0,481.0,422.0,59.0,0.0,87.73388773388774,12.266112266112266,0.0,0.4981875408908458,0.12391992642399956,0.3405862371521007,53.72947449108491,100.27995730029342,272.1308087156738,3528.701798561063,-3256.570989845389,0.565760517080403,7.336178375386825,-6.770417858306422,88.99858693884265,0.18502824727410114,32.70434073924708,0.609375,39.0,0.0815347721822542,34.0,0.9184652278177458,383.0,0.390625,25.0,0.5342465753424658,0.609375,0.5693430656934307,0.499653562806566,0.8800959232613909,0.5427036770305683,0.8773388773388774,0.3494986495211315,0.6505013504788684,0.12266112266112267,0.8849070898829158,0.8773388773388774,0.880698831647737,0.499653562806566,0.8800959232613909,0.9188191793474052,0.7489139570891397,0.8773388773388774,8.961,0.001,8.91,0.0,8910.0,0.0,19801.0,924503.0,104666.0,89.60498960498961,52.5987525987526,?
DatasetClassiRealeseNormalized,8,8,weka.classifiers.meta.FilteredClassifier,'-F \"weka.filters.MultiFilter -F \\\"weka.filters.supervised.attribute.AttributeSelection -E \\\\\\\"weka.attributeSelection.WrapperSubsetEval -B weka.classifiers.bayes.NaiveBayes -F 5 -T 0.01 -R 1 -E AUC --\\\\\\\" -S \\\\\\\"weka.attributeSelection.GreedyStepwise -B -T -1.7976931348623157E308 -N -1 -num-slots 1\\\\\\\"\\\" -F \\\"weka.filters.supervised.instance.Resample -B 1.0 -S 1 -Z 200.0\\\" -S 1\" -S 1 -W weka.classifiers.bayes.NaiveBayes',-4523450618538717400,2.0260425081499998E7,4330.0,481.0,428.0,53.0,0.0,88.98128898128898,11.018711018711018,0.0,0.5435206904578583,0.11117751217387413,0.32031520301981875,48.204590469895265,94.31148818593455,272.1308087156738,2678.3057323949674,-2406.1749236792934,0.565760517080403,5.568203185852323,-5.00244266877192,102.7841105860802,0.21368837959684034,37.77011176028603,0.640625,41.0,0.07194244604316546,30.0,0.9280575539568345,387.0,0.359375,23.0,0.5774647887323944,0.640625,0.6074074074074073,0.5445111997288237,0.9019409472422062,0.5876449972684232,0.8898128898128899,0.32113033585605527,0.6788696641439448,0.1101871101871102,0.8951456622703615,0.8898128898128899,0.8922032626990306,0.5445111997288237,0.9022170647058237,0.9297408878431878,0.7716601728693626,0.8898128898128899,8.893,0.001,8.84,0.0,8840.0,0.0,19797.0,924503.0,104666.0,90.85239085239085,52.182952182952185,?
DatasetClassiRealeseNormalized,8,9,weka.classifiers.meta.FilteredClassifier,'-F \"weka.filters.MultiFilter -F \\\"weka.filters.supervised.attribute.AttributeSelection -E \\\\\\\"weka.attributeSelection.WrapperSubsetEval -B weka.classifiers.bayes.NaiveBayes -F 5 -T 0.01 -R 1 -E AUC --\\\\\\\" -S \\\\\\\"weka.attributeSelection.GreedyStepwise -B -T -1.7976931348623157E308 -N -1 -num-slots 1\\\\\\\"\\\" -F \\\"weka.filters.supervised.instance.Resample -B 1.0 -S 1 -Z 200.0\\\" -S 1\" -S 1 -W weka.classifiers.bayes.NaiveBayes',-4523450618538717400,2.0260425081499998E7,4330.0,481.0,429.0,52.0,0.0,89.1891891891892,10.81081081081081,0.0,0.5658543359022425,0.11471654073835472,0.3239285898089498,49.73905026555291,95.37538987483832,272.1308087156738,2035.7798708231323,-1763.6490621074586,0.565760517080403,4.232390583831876,-3.6666300667514733,97.59868122538954,0.20290786117544604,35.86462028537241,0.6875,44.0,0.07673860911270983,32.0,0.9232613908872902,385.0,0.3125,20.0,0.5789473684210527,0.6875,0.6285714285714286,0.5687157845947881,0.9042640887290168,0.6114194702634116,0.8918918918918919,0.28113050100460174,0.7188694989953983,0.10810810810810811,0.9011643222169539,0.8918918918918919,0.8957359862469353,0.5687157845947881,0.9043940263589544,0.9337362639261846,0.7826555439694126,0.8918918918918919,8.884,0.001,8.82,0.0,8820.0,0.0,19805.0,924503.0,104666.0,90.64449064449065,52.91060291060291,?
DatasetClassiRealeseNormalized,8,10,weka.classifiers.meta.FilteredClassifier,'-F \"weka.filters.MultiFilter -F \\\"weka.filters.supervised.attribute.AttributeSelection -E \\\\\\\"weka.attributeSelection.WrapperSubsetEval -B weka.classifiers.bayes.NaiveBayes -F 5 -T 0.01 -R 1 -E AUC --\\\\\\\" -S \\\\\\\"weka.attributeSelection.GreedyStepwise -B -T -1.7976931348623157E308 -N -1 -num-slots 1\\\\\\\"\\\" -F \\\"weka.filters.supervised.instance.Resample -B 1.0 -S 1 -Z 200.0\\\" -S 1\" -S 1 -W weka.classifiers.bayes.NaiveBayes',-4523450618538717400,2.0260425081499998E7,4330.0,481.0,425.0,56.0,0.0,88.35758835758836,11.642411642411643,0.0,0.4816411361711954,0.11630673210551212,0.325374526333056,50.42852893910609,95.80112185422995,272.1308087156738,1150.1153192544034,-877.9845105387296,0.565760517080403,2.3910921398220446,-1.8253316227416416,99.11118475845922,0.20605235916519588,36.4204204684564,0.53125,34.0,0.06235011990407674,26.0,0.9376498800959233,391.0,0.46875,30.0,0.5666666666666667,0.53125,0.5483870967741935,0.48197161631768537,0.9033648081534772,0.6463046004772848,0.8835758835758836,0.4146760034799603,0.5853239965200397,0.11642411642411643,0.8805648696385038,0.8835758835758836,0.8819759370995032,0.4819716163176854,0.903186143912313,0.9388887880480848,0.7407806605589344,0.8835758835758836,10.86,0.0,10.79,0.0,10790.0,0.0,16691.0,924503.0,104666.0,91.26819126819127,53.014553014553016,?
DatasetClassiRealeseNormalized,9,1,weka.classifiers.meta.FilteredClassifier,'-F \"weka.filters.MultiFilter -F \\\"weka.filters.supervised.attribute.AttributeSelection -E \\\\\\\"weka.attributeSelection.WrapperSubsetEval -B weka.classifiers.bayes.NaiveBayes -F 5 -T 0.01 -R 1 -E AUC --\\\\\\\" -S \\\\\\\"weka.attributeSelection.GreedyStepwise -B -T -1.7976931348623157E308 -N -1 -num-slots 1\\\\\\\"\\\" -F \\\"weka.filters.supervised.instance.Resample -B 1.0 -S 1 -Z 200.0\\\" -S 1\" -S 1 -W weka.classifiers.bayes.NaiveBayes',-4523450618538717400,2.0260425081499998E7,4329.0,482.0,423.0,59.0,0.0,87.75933609958506,12.240663900414937,0.0,0.4649482596425212,0.12441341161632044,0.3395331030235255,53.985595590069984,100.05779915852973,272.3366817903761,2610.0193132910363,-2337.68263150066,0.565013862635635,5.4149778284046395,-4.849963965769004,85.37261683829034,0.1771216116976978,31.348188674782943,0.53125,34.0,0.06937799043062201,29.0,0.930622009569378,389.0,0.46875,30.0,0.5396825396825397,0.53125,0.5354330708661418,0.4649673796896353,0.8941200657894737,0.554774666510804,0.8775933609958506,0.41572135142647265,0.5842786485735273,0.12240663900414937,0.876786891255246,0.8775933609958506,0.8771845673397817,0.46496737968963536,0.8946387379886438,0.9253626699154636,0.7324716130913744,0.8775933609958506,9.014,0.001,8.97,0.0,8970.0,0.0,19801.0,924290.0,104879.0,89.6265560165975,52.593360995850624,?
DatasetClassiRealeseNormalized,9,2,weka.classifiers.meta.FilteredClassifier,'-F \"weka.filters.MultiFilter -F \\\"weka.filters.supervised.attribute.AttributeSelection -E \\\\\\\"weka.attributeSelection.WrapperSubsetEval -B weka.classifiers.bayes.NaiveBayes -F 5 -T 0.01 -R 1 -E AUC --\\\\\\\" -S \\\\\\\"weka.attributeSelection.GreedyStepwise -B -T -1.7976931348623157E308 -N -1 -num-slots 1\\\\\\\"\\\" -F \\\"weka.filters.supervised.instance.Resample -B 1.0 -S 1 -Z 200.0\\\" -S 1\" -S 1 -W weka.classifiers.bayes.NaiveBayes',-4523450618538717400,2.0260425081499998E7,4330.0,481.0,423.0,58.0,0.0,87.94178794178794,12.058212058212058,0.0,0.4479797380189163,0.11911091164554377,0.3337460408165684,51.94975075060579,98.92211668220001,269.42867131105754,2674.251194621665,-2404.8225233106077,0.5601427677984564,5.559773793392235,-4.9996310255937795,90.93889341317666,0.18906214846814273,33.7524929958872,0.49206349206349204,31.0,0.06220095693779904,26.0,0.937799043062201,392.0,0.5079365079365079,32.0,0.543859649122807,0.49206349206349204,0.5166666666666667,0.448711970024553,0.8678894205209995,0.5435476704215667,0.8794178794178794,0.44955534429218635,0.5504446557078135,0.12058212058212059,0.8746694138948359,0.8794178794178794,0.8768329539113386,0.448711970024553,0.8672624198939988,0.9205191650555639,0.7238915281076801,0.8794178794178794,9.052,0.001,8.99,0.0,8990.0,0.0,19805.0,924503.0,104666.0,89.81288981288981,52.28690228690229,?
DatasetClassiRealeseNormalized,9,3,weka.classifiers.meta.FilteredClassifier,'-F \"weka.filters.MultiFilter -F \\\"weka.filters.supervised.attribute.AttributeSelection -E \\\\\\\"weka.attributeSelection.WrapperSubsetEval -B weka.classifiers.bayes.NaiveBayes -F 5 -T 0.01 -R 1 -E AUC --\\\\\\\" -S \\\\\\\"weka.attributeSelection.GreedyStepwise -B -T -1.7976931348623157E308 -N -1 -num-slots 1\\\\\\\"\\\" -F \\\"weka.filters.supervised.instance.Resample -B 1.0 -S 1 -Z 200.0\\\" -S 1\" -S 1 -W weka.classifiers.bayes.NaiveBayes',-4523450618538717400,2.0260425081499998E7,4330.0,481.0,419.0,62.0,0.0,87.11018711018711,12.88981288981289,0.0,0.42610268647525207,0.1288496801180382,0.33713066464647123,55.866927949900735,99.26252140443883,272.1308087156738,918.5346716965927,-646.4038629809188,0.565760517080403,1.9096354920927083,-1.3438749750123051,75.62687574434408,0.15722843190092323,27.790633519690935,0.484375,31.0,0.06954436450839328,29.0,0.9304556354916067,388.0,0.515625,33.0,0.5166666666666667,0.484375,0.5000000000000001,0.42639505867453215,0.9046949940047961,0.5699871653791548,0.8711018711018711,0.4562712356102644,0.5437287643897355,0.1288981288981289,0.8677343157153133,0.8711018711018711,0.8693305017887357,0.42639505867453215,0.9048574160422181,0.9295593042032564,0.7130071599045347,0.8711018711018711,10.803,0.001,10.75,0.0,10750.0,0.0,16691.0,924503.0,104666.0,91.26819126819127,54.26195426195426,?
DatasetClassiRealeseNormalized,9,4,weka.classifiers.meta.FilteredClassifier,'-F \"weka.filters.MultiFilter -F \\\"weka.filters.supervised.attribute.AttributeSelection -E \\\\\\\"weka.attributeSelection.WrapperSubsetEval -B weka.classifiers.bayes.NaiveBayes -F 5 -T 0.01 -R 1 -E AUC --\\\\\\\" -S \\\\\\\"weka.attributeSelection.GreedyStepwise -B -T -1.7976931348623157E308 -N -1 -num-slots 1\\\\\\\"\\\" -F \\\"weka.filters.supervised.instance.Resample -B 1.0 -S 1 -Z 200.0\\\" -S 1\" -S 1 -W weka.classifiers.bayes.NaiveBayes',-4523450618538717400,2.02604250816E7,4330.0,481.0,416.0,65.0,0.0,86.48648648648648,13.513513513513514,0.0,0.4401668845237885,0.135116119561342,0.3602720660822953,58.58394455840732,106.07612246846841,272.1308087156738,2359.4647555011697,-2087.3339467854958,0.565760517080403,4.905332132019064,-4.33957161493866,68.7302313909464,0.1428902939520715,25.256321294645,0.546875,35.0,0.08633093525179857,36.0,0.9136690647482014,381.0,0.453125,29.0,0.49295774647887325,0.546875,0.5185185185185185,0.4409690423579741,0.8527053357314148,0.521450347936752,0.8648648648648649,0.40432080011666344,0.5956791998833365,0.13513513513513514,0.8712144985934062,0.8648648648648649,0.867796454253528,0.4409690423579741,0.853517445918525,0.9109119533860772,0.7199605893680863,0.8648648648648649,8.257,0.001,8.21,0.0,8210.0,0.0,20083.0,924503.0,104666.0,87.94178794178794,51.55925155925156,?
DatasetClassiRealeseNormalized,9,5,weka.classifiers.meta.FilteredClassifier,'-F \"weka.filters.MultiFilter -F \\\"weka.filters.supervised.attribute.AttributeSelection -E \\\\\\\"weka.attributeSelection.WrapperSubsetEval -B weka.classifiers.bayes.NaiveBayes -F 5 -T 0.01 -R 1 -E AUC --\\\\\\\" -S \\\\\\\"weka.attributeSelection.GreedyStepwise -B -T -1.7976931348623157E308 -N -1 -num-slots 1\\\\\\\"\\\" -F \\\"weka.filters.supervised.instance.Resample -B 1.0 -S 1 -Z 200.0\\\" -S 1\" -S 1 -W weka.classifiers.bayes.NaiveBayes',-4523450618538717400,2.02604250816E7,4330.0,481.0,434.0,47.0,0.0,90.22869022869023,9.771309771309772,0.0,0.5678842441271482,0.09849123694868481,0.3022220413908225,42.70404733071954,88.98425743593573,272.1308087156738,1254.023911779828,-981.8931030641543,0.565760517080403,2.607118319708582,-2.0413578026281796,125.33491684215457,0.26057155268639204,46.05686413591865,0.609375,39.0,0.05275779376498801,22.0,0.947242206235012,395.0,0.390625,25.0,0.639344262295082,0.609375,0.624,0.568100378929169,0.8908498201438849,0.6217610605913683,0.9022869022869023,0.3456696960518903,0.6543303039481098,0.09771309771309772,0.9004087405726751,0.9022869022869023,0.9012894581926839,0.568100378929169,0.8923765872956521,0.930335248399141,0.7839235364396655,0.9022869022869023,8.287,0.002,8.24,0.0,8240.0,0.0,20091.0,924503.0,104666.0,92.3076923076923,52.07900207900208,?
DatasetClassiRealeseNormalized,9,6,weka.classifiers.meta.FilteredClassifier,'-F \"weka.filters.MultiFilter -F \\\"weka.filters.supervised.attribute.AttributeSelection -E \\\\\\\"weka.attributeSelection.WrapperSubsetEval -B weka.classifiers.bayes.NaiveBayes -F 5 -T 0.01 -R 1 -E AUC --\\\\\\\" -S \\\\\\\"weka.attributeSelection.GreedyStepwise -B -T -1.7976931348623157E308 -N -1 -num-slots 1\\\\\\\"\\\" -F \\\"weka.filters.supervised.instance.Resample -B 1.0 -S 1 -Z 200.0\\\" -S 1\" -S 1 -W weka.classifiers.bayes.NaiveBayes',-4523450618538717400,2.02604250816E7,4330.0,481.0,422.0,59.0,0.0,87.73388773388774,12.266112266112266,0.0,0.4981875408908458,0.12499313947155917,0.3430087052992667,54.19480056677233,100.99321278704006,272.1308087156738,1511.3728472715288,-1239.242038555855,0.565760517080403,3.1421472916248,-2.5763867745443974,83.62776327779235,0.17386229371682402,30.730722358293445,0.609375,39.0,0.0815347721822542,34.0,0.9184652278177458,383.0,0.390625,25.0,0.5342465753424658,0.609375,0.5693430656934307,0.499653562806566,0.8751498800959233,0.5649916101969295,0.8773388773388774,0.3494986495211315,0.6505013504788684,0.12266112266112267,0.8849070898829158,0.8773388773388774,0.880698831647737,0.499653562806566,0.8753772709483142,0.9220759340757237,0.7489139570891397,0.8773388773388774,8.873,0.001,8.82,0.0,8820.0,0.0,19797.0,924503.0,104666.0,89.3970893970894,51.87110187110187,?
DatasetClassiRealeseNormalized,9,7,weka.classifiers.meta.FilteredClassifier,'-F \"weka.filters.MultiFilter -F \\\"weka.filters.supervised.attribute.AttributeSelection -E \\\\\\\"weka.attributeSelection.WrapperSubsetEval -B weka.classifiers.bayes.NaiveBayes -F 5 -T 0.01 -R 1 -E AUC --\\\\\\\" -S \\\\\\\"weka.attributeSelection.GreedyStepwise -B -T -1.7976931348623157E308 -N -1 -num-slots 1\\\\\\\"\\\" -F \\\"weka.filters.supervised.instance.Resample -B 1.0 -S 1 -Z 200.0\\\" -S 1\" -S 1 -W weka.classifiers.bayes.NaiveBayes',-4523450618538717400,2.02604250816E7,4330.0,481.0,418.0,63.0,0.0,86.9022869022869,13.097713097713097,0.0,0.4573925188461335,0.12790599167950628,0.34382308992067706,55.45776143932562,101.23299480449303,272.1308087156738,1737.6261211079545,-1465.4953123922808,0.565760517080403,3.612528318311756,-3.046767801231353,80.60568003495744,0.1675793763720529,29.620196410460604,0.5625,36.0,0.08393285371702638,35.0,0.9160671462829736,382.0,0.4375,28.0,0.5070422535211268,0.5625,0.5333333333333333,0.458226068586449,0.8896320443645084,0.5994971719044254,0.8690228690228691,0.3904557227398954,0.6095442772601045,0.13097713097713098,0.8752030258728989,0.8690228690228691,0.8718642556611117,0.45822606858644904,0.8898919196243836,0.9299249037953962,0.7285771866182991,0.8690228690228691,9.489,0.001,9.45,0.0,9450.0,0.0,19521.0,924503.0,104666.0,90.02079002079002,52.49480249480249,?
DatasetClassiRealeseNormalized,9,8,weka.classifiers.meta.FilteredClassifier,'-F \"weka.filters.MultiFilter -F \\\"weka.filters.supervised.attribute.AttributeSelection -E \\\\\\\"weka.attributeSelection.WrapperSubsetEval -B weka.classifiers.bayes.NaiveBayes -F 5 -T 0.01 -R 1 -E AUC --\\\\\\\" -S \\\\\\\"weka.attributeSelection.GreedyStepwise -B -T -1.7976931348623157E308 -N -1 -num-slots 1\\\\\\\"\\\" -F \\\"weka.filters.supervised.instance.Resample -B 1.0 -S 1 -Z 200.0\\\" -S 1\" -S 1 -W weka.classifiers.bayes.NaiveBayes',-4523450618538717400,2.02604250816E7,4330.0,481.0,428.0,53.0,0.0,88.98128898128898,11.018711018711018,0.0,0.5376761393518438,0.10828805527712161,0.3164650726537703,46.951773387871185,93.17788128526732,272.1308087156738,1228.8719983261587,-956.741189610485,0.565760517080403,2.554827439347523,-1.9890669222671205,109.80781430189894,0.22829067422432212,40.35111453206598,0.625,40.0,0.06954436450839328,29.0,0.9304556354916067,388.0,0.375,24.0,0.5797101449275363,0.625,0.6015037593984963,0.5381882830301864,0.9004983513189448,0.5973965950724632,0.8898128898128899,0.3343572543212831,0.6656427456787168,0.1101871101871102,0.8935762726391684,0.8898128898128899,0.8915517868600212,0.5381882830301864,0.9009531330237265,0.9311631504610359,0.7687856553325413,0.8898128898128899,9.044,0.001,9.0,0.0,9000.0,0.0,19801.0,924503.0,104666.0,91.68399168399168,52.49480249480249,?
DatasetClassiRealeseNormalized,9,9,weka.classifiers.meta.FilteredClassifier,'-F \"weka.filters.MultiFilter -F \\\"weka.filters.supervised.attribute.AttributeSelection -E \\\\\\\"weka.attributeSelection.WrapperSubsetEval -B weka.classifiers.bayes.NaiveBayes -F 5 -T 0.01 -R 1 -E AUC --\\\\\\\" -S \\\\\\\"weka.attributeSelection.GreedyStepwise -B -T -1.7976931348623157E308 -N -1 -num-slots 1\\\\\\\"\\\" -F \\\"weka.filters.supervised.instance.Resample -B 1.0 -S 1 -Z 200.0\\\" -S 1\" -S 1 -W weka.classifiers.bayes.NaiveBayes',-4523450618538717400,2.02604250816E7,4330.0,481.0,415.0,66.0,0.0,86.27858627858627,13.721413721413722,0.0,0.48670935195964304,0.1934941480096755,0.3337899371608451,83.89561864399725,98.27889971610591,272.1308087156738,374.09808644750655,-101.96727773183272,0.565760517080403,0.7777506994750656,-0.21199018239466264,-33.5017564108174,-0.0696502212283106,-12.310901719996178,0.671875,43.0,0.1079136690647482,45.0,0.8920863309352518,372.0,0.328125,21.0,0.48863636363636365,0.671875,0.5657894736842105,0.4954156595077261,0.8741007194244604,0.6516857023532336,0.8627858627858628,0.29882453185061103,0.701175468149389,0.13721413721413722,0.8856346871614047,0.8627858627858628,0.8715857557962822,0.4954156595077261,0.8741007194244604,0.9328693070714951,0.7421539961013646,0.8627858627858628,11.435,0.0,11.38,0.0,11380.0,0.0,15531.0,924503.0,104666.0,96.46569646569647,76.5072765072765,?
DatasetClassiRealeseNormalized,9,10,weka.classifiers.meta.FilteredClassifier,'-F \"weka.filters.MultiFilter -F \\\"weka.filters.supervised.attribute.AttributeSelection -E \\\\\\\"weka.attributeSelection.WrapperSubsetEval -B weka.classifiers.bayes.NaiveBayes -F 5 -T 0.01 -R 1 -E AUC --\\\\\\\" -S \\\\\\\"weka.attributeSelection.GreedyStepwise -B -T -1.7976931348623157E308 -N -1 -num-slots 1\\\\\\\"\\\" -F \\\"weka.filters.supervised.instance.Resample -B 1.0 -S 1 -Z 200.0\\\" -S 1\" -S 1 -W weka.classifiers.bayes.NaiveBayes',-4523450618538717400,2.02604250816E7,4330.0,481.0,417.0,64.0,0.0,86.6943866943867,13.305613305613306,0.0,0.4381251368912901,0.1337769553886182,0.3555370737642972,58.00330680841747,104.68198267163918,272.1308087156738,2455.2689728486366,-2183.1381641329626,0.565760517080403,5.104509299061615,-4.538748781981211,71.89715397569857,0.1494743325898099,26.42007140427005,0.53125,34.0,0.0815347721822542,34.0,0.9184652278177458,383.0,0.46875,30.0,0.5,0.53125,0.5151515151515151,0.43839553853549423,0.8877023381294964,0.5120022866406151,0.8669438669438669,0.4172286391261211,0.5827713608738788,0.13305613305613306,0.8704978027011926,0.8669438669438669,0.8686392517717818,0.43839553853549423,0.8889367456139039,0.9186582884129306,0.7190215407082877,0.8669438669438669,8.912,0.001,8.87,0.0,8870.0,0.0,19801.0,924503.0,104666.0,88.98128898128898,52.39085239085239,?
DatasetClassiRealeseNormalized,10,1,weka.classifiers.meta.FilteredClassifier,'-F \"weka.filters.MultiFilter -F \\\"weka.filters.supervised.attribute.AttributeSelection -E \\\\\\\"weka.attributeSelection.WrapperSubsetEval -B weka.classifiers.bayes.NaiveBayes -F 5 -T 0.01 -R 1 -E AUC --\\\\\\\" -S \\\\\\\"weka.attributeSelection.GreedyStepwise -B -T -1.7976931348623157E308 -N -1 -num-slots 1\\\\\\\"\\\" -F \\\"weka.filters.supervised.instance.Resample -B 1.0 -S 1 -Z 200.0\\\" -S 1\" -S 1 -W weka.classifiers.bayes.NaiveBayes',-4523450618538717400,2.0260425081699997E7,4329.0,482.0,411.0,71.0,0.0,85.26970954356847,14.730290456431534,0.0,0.3886963666892929,0.14984553584421445,0.3607167749073894,65.02112910471722,106.30046465394386,272.3366817903761,1039.731019714484,-767.394337924108,0.565013862635635,2.15711829816283,-1.592104435527195,45.91436448510217,0.09525801760394641,16.85941246814615,0.5,32.0,0.09330143540669857,39.0,0.9066985645933014,379.0,0.5,32.0,0.4507042253521127,0.5,0.47407407407407404,0.38940424555126135,0.8584778708133971,0.5241085709806704,0.8526970954356846,0.4459985308423832,0.5540014691576168,0.14730290456431536,0.8595436893300521,0.8526970954356846,0.8558941535171457,0.3894042455512614,0.858704789900534,0.9110406549165568,0.6942143591118259,0.8526970954356846,11.092,0.0,11.03,0.0,11030.0,0.0,16399.0,924290.0,104879.0,90.66390041493776,55.3941908713693,?
DatasetClassiRealeseNormalized,10,2,weka.classifiers.meta.FilteredClassifier,'-F \"weka.filters.MultiFilter -F \\\"weka.filters.supervised.attribute.AttributeSelection -E \\\\\\\"weka.attributeSelection.WrapperSubsetEval -B weka.classifiers.bayes.NaiveBayes -F 5 -T 0.01 -R 1 -E AUC --\\\\\\\" -S \\\\\\\"weka.attributeSelection.GreedyStepwise -B -T -1.7976931348623157E308 -N -1 -num-slots 1\\\\\\\"\\\" -F \\\"weka.filters.supervised.instance.Resample -B 1.0 -S 1 -Z 200.0\\\" -S 1\" -S 1 -W weka.classifiers.bayes.NaiveBayes',-4523450618538717400,2.0260425081699997E7,4330.0,481.0,414.0,67.0,0.0,86.07068607068607,13.92931392931393,0.0,0.4374072586980432,0.13429300077260964,0.34827623883625586,58.57135858760751,103.22885824054852,269.42867131105754,798.6143997569474,-529.1857284458898,0.5601427677984564,1.660320997415691,-1.1001782296172347,63.11239672114241,0.13121080399405907,23.42452880535444,0.5714285714285714,36.0,0.09569377990430622,40.0,0.9043062200956937,378.0,0.42857142857142855,27.0,0.47368421052631576,0.5714285714285714,0.5179856115107914,0.44003682388498877,0.8836105415052784,0.552327421362949,0.8607068607068608,0.38497206918259547,0.6150279308174045,0.1392931392931393,0.8731298099719152,0.8607068607068608,0.8661204405848059,0.4400368238849888,0.8838580417527787,0.9242128188565589,0.7182880669947638,0.8607068607068608,10.858,0.001,10.8,0.0,10800.0,0.0,16683.0,924503.0,104666.0,90.64449064449065,53.84615384615385,?
DatasetClassiRealeseNormalized,10,3,weka.classifiers.meta.FilteredClassifier,'-F \"weka.filters.MultiFilter -F \\\"weka.filters.supervised.attribute.AttributeSelection -E \\\\\\\"weka.attributeSelection.WrapperSubsetEval -B weka.classifiers.bayes.NaiveBayes -F 5 -T 0.01 -R 1 -E AUC --\\\\\\\" -S \\\\\\\"weka.attributeSelection.GreedyStepwise -B -T -1.7976931348623157E308 -N -1 -num-slots 1\\\\\\\"\\\" -F \\\"weka.filters.supervised.instance.Resample -B 1.0 -S 1 -Z 200.0\\\" -S 1\" -S 1 -W weka.classifiers.bayes.NaiveBayes',-4523450618538717400,2.0260425081699997E7,4330.0,481.0,427.0,54.0,0.0,88.77338877338877,11.226611226611226,0.0,0.5197292999519249,0.107188739772245,0.3161284612781536,46.47512975127939,93.0787716598876,272.1308087156738,2747.7822101790885,-2475.6514014634145,0.565760517080403,5.712644927607252,-5.146884410526849,111.31402760907919,0.23142209482137047,40.904603243722285,0.59375,38.0,0.0671462829736211,28.0,0.9328537170263789,389.0,0.40625,26.0,0.5757575757575758,0.59375,0.5846153846153846,0.5198115421931095,0.8984187649880095,0.5655235642449175,0.8877338877338877,0.36113017070750886,0.6388698292924913,0.11226611226611227,0.8892373880325687,0.8877338877338877,0.8884625379817687,0.5198115421931095,0.8992633595826042,0.925338658161682,0.7598557692307693,0.8877338877338877,8.861,0.001,8.81,0.0,8810.0,0.0,19805.0,924503.0,104666.0,91.68399168399168,52.182952182952185,?
DatasetClassiRealeseNormalized,10,4,weka.classifiers.meta.FilteredClassifier,'-F \"weka.filters.MultiFilter -F \\\"weka.filters.supervised.attribute.AttributeSelection -E \\\\\\\"weka.attributeSelection.WrapperSubsetEval -B weka.classifiers.bayes.NaiveBayes -F 5 -T 0.01 -R 1 -E AUC --\\\\\\\" -S \\\\\\\"weka.attributeSelection.GreedyStepwise -B -T -1.7976931348623157E308 -N -1 -num-slots 1\\\\\\\"\\\" -F \\\"weka.filters.supervised.instance.Resample -B 1.0 -S 1 -Z 200.0\\\" -S 1\" -S 1 -W weka.classifiers.bayes.NaiveBayes',-4523450618538717400,2.0260425081699997E7,4330.0,481.0,428.0,53.0,0.0,88.98128898128898,11.018711018711018,0.0,0.49920440035360003,0.1081729876239458,0.31971569256016324,46.901882101502075,94.13497229439989,272.1308087156738,1070.8239109257618,-798.693102210088,0.565760517080403,2.226245137059796,-1.660484619979393,110.7162575378224,0.23017932960046236,40.6849404741601,0.53125,34.0,0.05515587529976019,23.0,0.9448441247002398,394.0,0.46875,30.0,0.5964912280701754,0.53125,0.5619834710743801,0.5002999740854441,0.8785596522781774,0.5955165713837328,0.8898128898128899,0.41371876511265004,0.5862812348873501,0.1101871101871102,0.8849703152086469,0.8898128898128899,0.8870842263988951,0.5002999740854441,0.8789494651679903,0.9273945922170673,0.7494816285217323,0.8898128898128899,8.919,0.001,8.87,0.0,8870.0,0.0,19797.0,924503.0,104666.0,91.26819126819127,51.767151767151766,?
DatasetClassiRealeseNormalized,10,5,weka.classifiers.meta.FilteredClassifier,'-F \"weka.filters.MultiFilter -F \\\"weka.filters.supervised.attribute.AttributeSelection -E \\\\\\\"weka.attributeSelection.WrapperSubsetEval -B weka.classifiers.bayes.NaiveBayes -F 5 -T 0.01 -R 1 -E AUC --\\\\\\\" -S \\\\\\\"weka.attributeSelection.GreedyStepwise -B -T -1.7976931348623157E308 -N -1 -num-slots 1\\\\\\\"\\\" -F \\\"weka.filters.supervised.instance.Resample -B 1.0 -S 1 -Z 200.0\\\" -S 1\" -S 1 -W weka.classifiers.bayes.NaiveBayes',-4523450618538717400,2.0260425081699997E7,4330.0,481.0,428.0,53.0,0.0,88.98128898128898,11.018711018711018,0.0,0.5706586725499775,0.11806594288627446,0.32431618474486584,51.1912914220824,95.48951076224844,272.1308087156738,1976.52914498101,-1704.3983362653362,0.565760517080403,4.109208201623721,-3.5434476845433185,92.37530493089726,0.1920484509997864,33.94518443790475,0.71875,46.0,0.08393285371702638,35.0,0.9160671462829736,382.0,0.28125,18.0,0.5679012345679012,0.71875,0.6344827586206897,0.576148131574024,0.923486211031175,0.6717303781549727,0.8898128898128899,0.25499574352991616,0.7450042564700837,0.1101871101871102,0.9034941351608017,0.8898128898128899,0.8951257566798023,0.576148131574024,0.9237136018835659,0.9452053685796257,0.784805638796269,0.8898128898128899,10.861,0.0,10.8,0.0,10800.0,0.0,16683.0,924503.0,104666.0,91.47609147609148,53.95010395010395,?
DatasetClassiRealeseNormalized,10,6,weka.classifiers.meta.FilteredClassifier,'-F \"weka.filters.MultiFilter -F \\\"weka.filters.supervised.attribute.AttributeSelection -E \\\\\\\"weka.attributeSelection.WrapperSubsetEval -B weka.classifiers.bayes.NaiveBayes -F 5 -T 0.01 -R 1 -E AUC --\\\\\\\" -S \\\\\\\"weka.attributeSelection.GreedyStepwise -B -T -1.7976931348623157E308 -N -1 -num-slots 1\\\\\\\"\\\" -F \\\"weka.filters.supervised.instance.Resample -B 1.0 -S 1 -Z 200.0\\\" -S 1\" -S 1 -W weka.classifiers.bayes.NaiveBayes',-4523450618538717400,2.0260425081699997E7,4330.0,481.0,419.0,62.0,0.0,87.11018711018711,12.88981288981289,0.0,0.4100727963285329,0.12807583171641013,0.3463604491163015,55.53140105640518,101.980078051075,272.1308087156738,902.5304570359312,-630.3996483202575,0.565760517080403,1.8763626965403977,-1.3106021794599947,78.74062597106159,0.16370192509576215,28.934844364987324,0.453125,29.0,0.06474820143884892,27.0,0.935251798561151,390.0,0.546875,35.0,0.5178571428571429,0.453125,0.48333333333333334,0.4112660058996724,0.8576139088729017,0.5554665301363668,0.8711018711018711,0.48272507254072,0.5172749274592799,0.1288981288981289,0.8644525585702056,0.8711018711018711,0.8674176094603648,0.4112660058996723,0.8581011749851678,0.918496900200091,0.7048495645288995,0.8711018711018711,8.934,0.001,8.88,0.0,8880.0,0.0,19805.0,924503.0,104666.0,89.1891891891892,51.975051975051976,?
DatasetClassiRealeseNormalized,10,7,weka.classifiers.meta.FilteredClassifier,'-F \"weka.filters.MultiFilter -F \\\"weka.filters.supervised.attribute.AttributeSelection -E \\\\\\\"weka.attributeSelection.WrapperSubsetEval -B weka.classifiers.bayes.NaiveBayes -F 5 -T 0.01 -R 1 -E AUC --\\\\\\\" -S \\\\\\\"weka.attributeSelection.GreedyStepwise -B -T -1.7976931348623157E308 -N -1 -num-slots 1\\\\\\\"\\\" -F \\\"weka.filters.supervised.instance.Resample -B 1.0 -S 1 -Z 200.0\\\" -S 1\" -S 1 -W weka.classifiers.bayes.NaiveBayes',-4523450618538717400,2.02604250818E7,4330.0,481.0,421.0,60.0,0.0,87.52598752598753,12.474012474012474,0.0,0.5168257157207433,0.1225856381989546,0.3336884361541197,53.150950865223365,98.24901443152874,272.1308087156738,3426.817246804846,-3154.686438089172,0.565760517080403,7.1243601804674555,-6.558599663387052,84.86669738548149,0.1764380403024563,31.18599389242672,0.671875,43.0,0.09352517985611511,39.0,0.9064748201438849,378.0,0.328125,21.0,0.524390243902439,0.671875,0.589041095890411,0.5223423580642147,0.8903814448441247,0.5803882467205213,0.8752598752598753,0.29691005511599033,0.7030899448840096,0.12474012474012475,0.8910885804338949,0.8752598752598753,0.88157352480479,0.5223423580642147,0.8906738045114844,0.9266861042815249,0.7577558420628525,0.8752598752598753,9.479,0.001,9.43,0.0,9430.0,0.0,19517.0,924503.0,104666.0,91.68399168399168,53.95010395010395,?
DatasetClassiRealeseNormalized,10,8,weka.classifiers.meta.FilteredClassifier,'-F \"weka.filters.MultiFilter -F \\\"weka.filters.supervised.attribute.AttributeSelection -E \\\\\\\"weka.attributeSelection.WrapperSubsetEval -B weka.classifiers.bayes.NaiveBayes -F 5 -T 0.01 -R 1 -E AUC --\\\\\\\" -S \\\\\\\"weka.attributeSelection.GreedyStepwise -B -T -1.7976931348623157E308 -N -1 -num-slots 1\\\\\\\"\\\" -F \\\"weka.filters.supervised.instance.Resample -B 1.0 -S 1 -Z 200.0\\\" -S 1\" -S 1 -W weka.classifiers.bayes.NaiveBayes',-4523450618538717400,2.02604250818E7,4330.0,481.0,430.0,51.0,0.0,89.3970893970894,10.602910602910603,0.0,0.5493524386883442,0.11085395628771226,0.3217108250290744,48.06430239651074,94.72240589260923,272.1308087156738,1236.9533549106734,-964.8225461949996,0.565760517080403,2.5716285964878867,-2.0058680794074837,103.88926091478397,0.21598598942782532,38.17622172406394,0.625,40.0,0.06474820143884892,27.0,0.935251798561151,390.0,0.375,24.0,0.5970149253731343,0.625,0.6106870229007634,0.5495455582335009,0.9058003597122302,0.6652984303965742,0.893970893970894,0.33371909540974287,0.666280904590257,0.10602910602910603,0.8961227488158053,0.893970893970894,0.8949935794260206,0.5495455582335009,0.9056704220822925,0.9408833933079662,0.7746575908727643,0.893970893970894,8.84,0.001,8.79,0.0,8790.0,0.0,19801.0,924503.0,104666.0,91.06029106029106,52.182952182952185,?
DatasetClassiRealeseNormalized,10,9,weka.classifiers.meta.FilteredClassifier,'-F \"weka.filters.MultiFilter -F \\\"weka.filters.supervised.attribute.AttributeSelection -E \\\\\\\"weka.attributeSelection.WrapperSubsetEval -B weka.classifiers.bayes.NaiveBayes -F 5 -T 0.01 -R 1 -E AUC --\\\\\\\" -S \\\\\\\"weka.attributeSelection.GreedyStepwise -B -T -1.7976931348623157E308 -N -1 -num-slots 1\\\\\\\"\\\" -F \\\"weka.filters.supervised.instance.Resample -B 1.0 -S 1 -Z 200.0\\\" -S 1\" -S 1 -W weka.classifiers.bayes.NaiveBayes',-4523450618538717400,2.02604250818E7,4330.0,481.0,414.0,67.0,0.0,86.07068607068607,13.92931392931393,0.0,0.41555285540704767,0.1372330640940546,0.35224798280416575,59.50181402905441,103.71356450008673,272.1308087156738,1025.7348295450752,-753.6040208294014,0.565760517080403,2.1325048431290545,-1.5667443260486515,66.9212187619609,0.13912935293546966,24.59156281414691,0.515625,33.0,0.08633093525179857,36.0,0.9136690647482014,381.0,0.484375,31.0,0.4782608695652174,0.515625,0.49624060150375937,0.4159486750321671,0.8924797661870504,0.5400094657259228,0.8607068607068608,0.4314127959586593,0.5685872040413407,0.1392931392931393,0.8653481955508128,0.8607068607068608,0.8629050890494608,0.4159486750321671,0.8937466580789423,0.9235497556380161,0.7077101680618918,0.8607068607068608,10.759,0.0,10.7,0.0,10700.0,0.0,16683.0,924503.0,104666.0,89.60498960498961,53.63825363825364,?
DatasetClassiRealeseNormalized,10,10,weka.classifiers.meta.FilteredClassifier,'-F \"weka.filters.MultiFilter -F \\\"weka.filters.supervised.attribute.AttributeSelection -E \\\\\\\"weka.attributeSelection.WrapperSubsetEval -B weka.classifiers.bayes.NaiveBayes -F 5 -T 0.01 -R 1 -E AUC --\\\\\\\" -S \\\\\\\"weka.attributeSelection.GreedyStepwise -B -T -1.7976931348623157E308 -N -1 -num-slots 1\\\\\\\"\\\" -F \\\"weka.filters.supervised.instance.Resample -B 1.0 -S 1 -Z 200.0\\\" -S 1\" -S 1 -W weka.classifiers.bayes.NaiveBayes',-4523450618538717400,2.02604250818E7,4330.0,481.0,416.0,65.0,0.0,86.48648648648648,13.513513513513514,0.0,0.4401668845237885,0.1363632283612382,0.3579454455542477,59.124668737199706,105.39108772027215,272.1308087156738,3123.5391371230176,-2851.4083284073436,0.565760517080403,6.493844359923114,-5.92808384284271,67.0996517815694,0.13950031555419834,24.657131656003006,0.546875,35.0,0.08633093525179857,36.0,0.9136690647482014,381.0,0.453125,29.0,0.49295774647887325,0.546875,0.5185185185185185,0.4409690423579741,0.8515625,0.5016331912898477,0.8648648648648649,0.40432080011666344,0.5956791998833365,0.13513513513513514,0.8712144985934062,0.8648648648648649,0.867796454253528,0.4409690423579741,0.8511077182952183,0.9098978562321517,0.7199605893680863,0.8648648648648649,8.945,0.001,8.89,0.01,8890.0,10.0,19805.0,924503.0,104666.0,88.98128898128898,52.39085239085239,?
DatasetClassiRealeseNormalized,1,1,weka.classifiers.meta.FilteredClassifier,'-F \"weka.filters.MultiFilter -F \\\"weka.filters.supervised.instance.Resample -B 1.0 -S 1 -Z 200.0\\\" -S 1\" -S 1 -W weka.classifiers.bayes.NaiveBayes',-4523450618538717400,2.02604250818E7,4329.0,482.0,421.0,61.0,0.0,87.34439834024896,12.655601659751037,0.0,0.4680681694829396,0.12707569694222734,0.34899129277508095,55.14081717818158,102.84505507595594,272.3366817903761,2726.8014848767957,-2454.4648030864196,0.565013862635635,5.657264491445634,-5.09225062881,80.51258078344473,0.16703854934324633,29.56361965422533,0.5625,36.0,0.07894736842105263,33.0,0.9210526315789473,385.0,0.4375,28.0,0.5217391304347826,0.5625,0.5413533834586465,0.46851371405740216,0.8592254784688995,0.5068858060554384,0.8734439834024896,0.3898913518235423,0.6101086481764577,0.12655601659751037,0.8777019114045198,0.8734439834024896,0.8754421217896365,0.46851371405740216,0.8594686060622605,0.9098742728373199,0.7339739239796241,0.8734439834024896,0.011,0.002,0.01,0.0,10.0,0.0,10254.0,924290.0,104879.0,88.79668049792531,51.6597510373444,?
DatasetClassiRealeseNormalized,1,2,weka.classifiers.meta.FilteredClassifier,'-F \"weka.filters.MultiFilter -F \\\"weka.filters.supervised.instance.Resample -B 1.0 -S 1 -Z 200.0\\\" -S 1\" -S 1 -W weka.classifiers.bayes.NaiveBayes',-4523450618538717400,2.02604250818E7,4330.0,481.0,420.0,61.0,0.0,87.31808731808732,12.681912681912682,0.0,0.43912602985873506,0.12225704828803707,0.34118829369563847,53.321925744037536,101.12799575684178,269.42867131105754,3312.0143722024895,-3042.5857008914318,0.5601427677984564,6.885684765493742,-6.325541997695284,84.72509802399193,0.17614365493553416,31.446207121058816,0.5079365079365079,32.0,0.07177033492822966,30.0,0.9282296650717703,388.0,0.49206349206349204,31.0,0.5161290322580645,0.5079365079365079,0.512,0.4391445932630545,0.8757309941520468,0.5391903302122968,0.8731808731808732,0.43701470017259486,0.5629852998274051,0.12681912681912683,0.8723287208159023,0.8731808731808732,0.8727493548138711,0.4391445932630545,0.876869495290548,0.9177242908277499,0.7195603345280766,0.8731808731808732,0.011,0.001,0.01,0.0,10.0,0.0,10258.0,924503.0,104666.0,89.3970893970894,51.45530145530145,?
DatasetClassiRealeseNormalized,1,3,weka.classifiers.meta.FilteredClassifier,'-F \"weka.filters.MultiFilter -F \\\"weka.filters.supervised.instance.Resample -B 1.0 -S 1 -Z 200.0\\\" -S 1\" -S 1 -W weka.classifiers.bayes.NaiveBayes',-4523450618538717400,2.02604250818E7,4330.0,481.0,417.0,64.0,0.0,86.6943866943867,13.305613305613306,0.0,0.4784494442938465,0.1311235310409471,0.35549002105302574,56.85282923861633,104.66812878277797,272.1308087156738,3090.4223122625335,-2818.2915035468595,0.565760517080403,6.424994412188219,-5.859233895107816,71.77986221672877,0.1492304827790619,26.37697016206842,0.625,40.0,0.09592326139088729,40.0,0.9040767386091128,377.0,0.375,24.0,0.5,0.625,0.5555555555555556,0.4825690920373957,0.8823815947242206,0.5093086327857518,0.8669438669438669,0.33786712833475424,0.6621328716652457,0.13305613305613306,0.8815850187421259,0.8669438669438669,0.8730345918609977,0.4825690920373957,0.8855325822502081,0.9155004095862626,0.7386579733767998,0.8669438669438669,0.011,0.001,0.01,0.0,10.0,0.0,10258.0,924503.0,104666.0,88.35758835758836,51.351351351351354,?
DatasetClassiRealeseNormalized,1,4,weka.classifiers.meta.FilteredClassifier,'-F \"weka.filters.MultiFilter -F \\\"weka.filters.supervised.instance.Resample -B 1.0 -S 1 -Z 200.0\\\" -S 1\" -S 1 -W weka.classifiers.bayes.NaiveBayes',-4523450618538717400,2.02604250818E7,4330.0,481.0,420.0,61.0,0.0,87.31808731808732,12.681912681912682,0.0,0.4746181531684785,0.12514406275089143,0.34759848286515616,54.26023821446144,102.34459651344616,272.1308087156738,3013.6586662928976,-2741.5278575772236,0.565760517080403,6.265402632625567,-5.6996421155451635,84.4785529481799,0.17563108721035323,31.043362325228053,0.578125,37.0,0.0815347721822542,34.0,0.9184652278177458,383.0,0.421875,27.0,0.5211267605633803,0.578125,0.548148148148148,0.47548309481492396,0.8550284772182254,0.5252491294134778,0.8731808731808732,0.37659064536312736,0.6234093546368725,0.12681912681912683,0.8791915531523914,0.8731808731808732,0.8759320570686956,0.47548309481492396,0.855710649775398,0.9133596915904705,0.7371937838685118,0.8731808731808732,0.011,0.002,0.01,0.0,10.0,0.0,10254.0,924503.0,104666.0,88.98128898128898,51.351351351351354,?
DatasetClassiRealeseNormalized,1,5,weka.classifiers.meta.FilteredClassifier,'-F \"weka.filters.MultiFilter -F \\\"weka.filters.supervised.instance.Resample -B 1.0 -S 1 -Z 200.0\\\" -S 1\" -S 1 -W weka.classifiers.bayes.NaiveBayes',-4523450618538717400,2.02604250818E7,4330.0,481.0,415.0,66.0,0.0,86.27858627858627,13.721413721413722,0.0,0.39726599582304917,0.1340861353316487,0.3603920706114675,58.13736172873249,106.11145580771857,272.1308087156738,4353.241913617205,-4081.111104901531,0.565760517080403,9.050398988809157,-8.484638471728754,70.8113271302053,0.14721689632059315,26.021062247380446,0.46875,30.0,0.07673860911270983,32.0,0.9232613908872902,385.0,0.53125,34.0,0.4838709677419355,0.46875,0.47619047619047616,0.3973322759880891,0.8762365107913669,0.49029866295169156,0.8627858627858628,0.47077447189857263,0.5292255281014274,0.13721413721413722,0.8609771998023594,0.8627858627858628,0.8618609934399409,0.3973322759880891,0.8766425658849221,0.9142658728967433,0.6986215538847118,0.8627858627858628,0.011,0.001,0.01,0.0,10.0,0.0,10250.0,924503.0,104666.0,87.52598752598753,50.83160083160083,?
DatasetClassiRealeseNormalized,1,6,weka.classifiers.meta.FilteredClassifier,'-F \"weka.filters.MultiFilter -F \\\"weka.filters.supervised.instance.Resample -B 1.0 -S 1 -Z 200.0\\\" -S 1\" -S 1 -W weka.classifiers.bayes.NaiveBayes',-4523450618538717400,2.02604250818E7,4330.0,481.0,422.0,59.0,0.0,87.73388773388774,12.266112266112266,0.0,0.49184378749082347,0.1250392955063969,0.34509927058995893,54.21481300196324,101.60874499361736,272.1308087156738,2348.1447736961727,-2076.0139649804987,0.565760517080403,4.881797866312209,-4.316037349231806,80.8521370847332,0.16809176109092142,29.710762065609657,0.59375,38.0,0.07913669064748201,33.0,0.920863309352518,384.0,0.40625,26.0,0.5352112676056338,0.59375,0.562962962962963,0.49274012104339887,0.8822504496402878,0.6042162936034183,0.8773388773388774,0.36272556798635935,0.6372744320136406,0.12266112266112267,0.883180080431884,0.8773388773388774,0.8799998584762794,0.49274012104339887,0.882347902862741,0.9262653663413641,0.7458103811187247,0.8773388773388774,0.011,0.002,0.01,0.0,10.0,0.0,10258.0,924503.0,104666.0,89.60498960498961,51.87110187110187,?
DatasetClassiRealeseNormalized,1,7,weka.classifiers.meta.FilteredClassifier,'-F \"weka.filters.MultiFilter -F \\\"weka.filters.supervised.instance.Resample -B 1.0 -S 1 -Z 200.0\\\" -S 1\" -S 1 -W weka.classifiers.bayes.NaiveBayes',-4523450618538717400,2.02604250818E7,4330.0,481.0,410.0,71.0,0.0,85.23908523908524,14.76091476091476,0.0,0.3472293900644152,0.15038769109678038,0.38162025017644224,65.20542616294449,112.36174048785954,272.1308087156738,2231.496668566109,-1959.365859850435,0.565760517080403,4.639286213235153,-4.073525696154751,44.48576928979007,0.0924860068394804,16.347200634776136,0.421875,27.0,0.0815347721822542,34.0,0.9184652278177458,383.0,0.578125,37.0,0.4426229508196721,0.421875,0.432,0.34736154438328115,0.7998538669064749,0.4463351518369982,0.8523908523908524,0.5120506245731066,0.48794937542689343,0.14760914760914762,0.8494639388082011,0.8523908523908524,0.8508840751421397,0.34736154438328115,0.8008608835384915,0.890517973187629,0.6735866188769415,0.8523908523908524,0.011,0.001,0.01,0.0,10.0,0.0,10258.0,924503.0,104666.0,86.07068607068607,51.45530145530145,?
DatasetClassiRealeseNormalized,1,8,weka.classifiers.meta.FilteredClassifier,'-F \"weka.filters.MultiFilter -F \\\"weka.filters.supervised.instance.Resample -B 1.0 -S 1 -Z 200.0\\\" -S 1\" -S 1 -W weka.classifiers.bayes.NaiveBayes',-4523450618538717400,2.02604250818E7,4330.0,481.0,425.0,56.0,0.0,88.35758835758836,11.642411642411643,0.0,0.5146141925253181,0.11607645907936105,0.33211531996351656,50.328686653514055,97.78583651294588,272.1308087156738,2631.4129950181,-2359.282186302426,0.565760517080403,5.470713087355717,-4.904952570275314,94.47155409271365,0.19640655736530904,34.71549382393483,0.609375,39.0,0.07434052757793765,31.0,0.9256594724220624,386.0,0.390625,25.0,0.5571428571428572,0.609375,0.582089552238806,0.5153115161696538,0.8588129496402878,0.5049692248948381,0.8835758835758836,0.3485414111538212,0.6514585888461787,0.11642411642411643,0.8883413292172415,0.8835758835758836,0.885760567136297,0.5153115161696538,0.8621263592036973,0.9091905641596231,0.75722835099863,0.8835758835758836,0.01,0.002,0.01,0.0,10.0,0.0,10250.0,924503.0,104666.0,89.81288981288981,51.351351351351354,?
DatasetClassiRealeseNormalized,1,9,weka.classifiers.meta.FilteredClassifier,'-F \"weka.filters.MultiFilter -F \\\"weka.filters.supervised.instance.Resample -B 1.0 -S 1 -Z 200.0\\\" -S 1\" -S 1 -W weka.classifiers.bayes.NaiveBayes',-4523450618538717400,2.02604250818E7,4330.0,481.0,426.0,55.0,0.0,88.56548856548856,11.434511434511435,0.0,0.5262950561355134,0.11899994724895657,0.3381999586952682,51.596259089732435,99.5773572664262,272.1308087156738,3768.591838176313,-3496.461029460639,0.565760517080403,7.834910266478821,-7.2691497493984185,90.68716496733072,0.18853880450588506,33.324843076508095,0.625,40.0,0.07434052757793765,31.0,0.9256594724220624,386.0,0.375,24.0,0.5633802816901409,0.625,0.5925925925925926,0.5272541735003488,0.8815197841726619,0.4946411836147552,0.8856548856548857,0.3349954132328233,0.6650045867671767,0.11434511434511435,0.891157134990869,0.8856548856548857,0.8881354612914467,0.5272541735003488,0.8834038798067575,0.912860566569238,0.7630435756191499,0.8856548856548857,0.011,0.001,0.01,0.0,10.0,0.0,10254.0,924503.0,104666.0,89.3970893970894,51.24740124740125,?
DatasetClassiRealeseNormalized,1,10,weka.classifiers.meta.FilteredClassifier,'-F \"weka.filters.MultiFilter -F \\\"weka.filters.supervised.instance.Resample -B 1.0 -S 1 -Z 200.0\\\" -S 1\" -S 1 -W weka.classifiers.bayes.NaiveBayes',-4523450618538717400,2.02604250818E7,4330.0,481.0,410.0,71.0,0.0,85.23908523908524,14.76091476091476,0.0,0.35592101540840787,0.14751199731432624,0.3777495773265924,63.95857652231546,111.22208519423415,272.1308087156738,2713.319048150135,-2441.188239434461,0.565760517080403,5.640995942100073,-5.075235425019669,46.579848182208295,0.09683960121041225,17.116712511178985,0.4375,28.0,0.08393285371702638,35.0,0.9160671462829736,382.0,0.5625,36.0,0.4444444444444444,0.4375,0.4409448818897637,0.35593566117140746,0.8202937649880095,0.4597786244274342,0.8523908523908524,0.49882370610787874,0.5011762938921213,0.14760914760914762,0.851414904046483,0.8523908523908524,0.8518981027255818,0.35593566117140746,0.8209759375451822,0.8960579003106215,0.6779574708850017,0.8523908523908524,0.011,0.001,0.01,0.0,10.0,0.0,10250.0,924503.0,104666.0,87.31808731808732,51.45530145530145,?
DatasetClassiRealeseNormalized,2,1,weka.classifiers.meta.FilteredClassifier,'-F \"weka.filters.MultiFilter -F \\\"weka.filters.supervised.instance.Resample -B 1.0 -S 1 -Z 200.0\\\" -S 1\" -S 1 -W weka.classifiers.bayes.NaiveBayes',-4523450618538717400,2.02604250818E7,4329.0,482.0,410.0,72.0,0.0,85.06224066390041,14.937759336099585,0.0,0.3839818233456404,0.14747305587436835,0.3738895711981702,63.991660154917504,110.18238660465227,272.3366817903761,5138.991364327617,-4866.654682537241,0.565013862635635,10.661807809808334,-10.0967939471727,49.091967822074075,0.10185055564745658,18.02620473280985,0.5,32.0,0.09569377990430622,40.0,0.9043062200956937,378.0,0.5,32.0,0.4444444444444444,0.5,0.47058823529411764,0.38488445792700043,0.8308911483253588,0.39253621471221656,0.8506224066390041,0.4463161865433104,0.5536838134566896,0.14937759336099585,0.858547830291581,0.8506224066390041,0.8542942343814669,0.38488445792700043,0.831912284217475,0.8893123153065274,0.6918158567774937,0.8506224066390041,0.01,0.002,0.01,0.0,10.0,0.0,10254.0,924290.0,104879.0,87.55186721991701,52.385892116182575,?
DatasetClassiRealeseNormalized,2,2,weka.classifiers.meta.FilteredClassifier,'-F \"weka.filters.MultiFilter -F \\\"weka.filters.supervised.instance.Resample -B 1.0 -S 1 -Z 200.0\\\" -S 1\" -S 1 -W weka.classifiers.bayes.NaiveBayes',-4523450618538717400,2.02604250818E7,4330.0,481.0,413.0,68.0,0.0,85.86278586278586,14.137214137214137,0.0,0.3952817630528028,0.13830804975041264,0.36739497824874157,60.32250624290417,108.89564058304813,269.42867131105754,1892.8926118973745,-1623.463940586317,0.5601427677984564,3.935327675462317,-3.3751849076638605,61.46171113858878,0.1277790252361513,22.811867363451736,0.49206349206349204,31.0,0.0861244019138756,36.0,0.9138755980861244,382.0,0.5079365079365079,32.0,0.4626865671641791,0.49206349206349204,0.4769230769230769,0.3955320841534326,0.8569529885319359,0.536607370931028,0.8586278586278586,0.45268876847824213,0.5473112315217578,0.14137214137214138,0.8624533783521453,0.8586278586278586,0.8604629777706702,0.3955320841534326,0.858866990445938,0.9118348161877724,0.6975961538461539,0.8586278586278586,0.011,0.001,0.01,0.0,10.0,0.0,10254.0,924503.0,104666.0,87.11018711018711,50.727650727650726,?
DatasetClassiRealeseNormalized,2,3,weka.classifiers.meta.FilteredClassifier,'-F \"weka.filters.MultiFilter -F \\\"weka.filters.supervised.instance.Resample -B 1.0 -S 1 -Z 200.0\\\" -S 1\" -S 1 -W weka.classifiers.bayes.NaiveBayes',-4523450618538717400,2.02604250818E7,4330.0,481.0,415.0,66.0,0.0,86.27858627858627,13.721413721413722,0.0,0.4279381554762678,0.1347041814919079,0.35811367914086173,58.40533554343877,105.44062130396362,272.1308087156738,1899.3688019396875,-1627.2379932240137,0.565760517080403,3.9487916880242984,-3.3830311709438954,65.10128402326524,0.13534570483007324,23.922790782312337,0.53125,34.0,0.08633093525179857,36.0,0.9136690647482014,381.0,0.46875,30.0,0.4857142857142857,0.53125,0.5074626865671641,0.4285180294837502,0.8599370503597122,0.5346225415520598,0.8627858627858628,0.41786679803766136,0.5821332019623386,0.13721413721413722,0.8682905573416522,0.8627858627858628,0.865360668410636,0.4285180294837502,0.8615612707339326,0.9157343385979058,0.7138762708198139,0.8627858627858628,0.011,0.001,0.01,0.01,10.0,10.0,10250.0,924503.0,104666.0,88.14968814968815,51.55925155925156,?
DatasetClassiRealeseNormalized,2,4,weka.classifiers.meta.FilteredClassifier,'-F \"weka.filters.MultiFilter -F \\\"weka.filters.supervised.instance.Resample -B 1.0 -S 1 -Z 200.0\\\" -S 1\" -S 1 -W weka.classifiers.bayes.NaiveBayes',-4523450618538717400,2.02604250818E7,4330.0,481.0,425.0,56.0,0.0,88.35758835758836,11.642411642411643,0.0,0.5146141925253181,0.11359886694041496,0.3320939532212627,49.25444679984162,97.77954543078476,272.1308087156738,4615.713366852407,-4343.582558136733,0.565760517080403,9.59607768576384,-9.030317168683435,99.58611356275578,0.20703973713670643,36.59494271624526,0.609375,39.0,0.07434052757793765,31.0,0.9256594724220624,386.0,0.390625,25.0,0.5571428571428572,0.609375,0.582089552238806,0.5153115161696538,0.8915804856115108,0.555498492712412,0.8835758835758836,0.3485414111538212,0.6514585888461787,0.11642411642411643,0.8883413292172415,0.8835758835758836,0.885760567136297,0.5153115161696538,0.8919053296863549,0.9234894049886949,0.75722835099863,0.8835758835758836,0.01,0.002,0.01,0.0,10.0,0.0,10254.0,924503.0,104666.0,89.60498960498961,50.727650727650726,?
DatasetClassiRealeseNormalized,2,5,weka.classifiers.meta.FilteredClassifier,'-F \"weka.filters.MultiFilter -F \\\"weka.filters.supervised.instance.Resample -B 1.0 -S 1 -Z 200.0\\\" -S 1\" -S 1 -W weka.classifiers.bayes.NaiveBayes',-4523450618538717400,2.02604250818E7,4330.0,481.0,404.0,77.0,0.0,83.99168399168398,16.008316008316008,0.0,0.3687341275928484,0.16010038331303714,0.3954728155180252,69.41667663518541,116.44039813582872,272.1308087156738,4646.306552052984,-4374.17574333731,0.565760517080403,9.659680981399136,-9.093920464318733,30.60608443524816,0.0636301131709941,11.24682816315217,0.515625,33.0,0.11031175059952038,46.0,0.8896882494004796,371.0,0.484375,31.0,0.4177215189873418,0.515625,0.46153846153846156,0.3715542583168518,0.8358625599520384,0.4500227384109905,0.83991683991684,0.4346035905163603,0.5653964094836397,0.1600831600831601,0.8556703966679405,0.83991683991684,0.8468468468468469,0.3715542583168518,0.8365772169166953,0.9002636996549417,0.6837606837606838,0.83991683991684,0.011,0.001,0.01,0.0,10.0,0.0,10250.0,924503.0,104666.0,85.23908523908524,51.143451143451145,?
DatasetClassiRealeseNormalized,2,6,weka.classifiers.meta.FilteredClassifier,'-F \"weka.filters.MultiFilter -F \\\"weka.filters.supervised.instance.Resample -B 1.0 -S 1 -Z 200.0\\\" -S 1\" -S 1 -W weka.classifiers.bayes.NaiveBayes',-4523450618538717400,2.02604250818E7,4330.0,481.0,430.0,51.0,0.0,89.3970893970894,10.602910602910603,0.0,0.5493524386883442,0.11095096399988605,0.32579293076972693,48.1063632139038,95.92431408711184,272.1308087156738,4857.740444773979,-4585.609636058305,0.565760517080403,10.099252483937587,-9.533491966857182,103.25329438044912,0.2146638136807674,37.94252288734042,0.625,40.0,0.06474820143884892,27.0,0.935251798561151,390.0,0.375,24.0,0.5970149253731343,0.625,0.6106870229007634,0.5495455582335009,0.8813699040767387,0.5696207631985166,0.893970893970894,0.33371909540974287,0.666280904590257,0.10602910602910603,0.8961227488158053,0.893970893970894,0.8949935794260206,0.5495455582335009,0.881727232559067,0.9225185757450695,0.7746575908727643,0.893970893970894,0.012,0.001,0.01,0.0,10.0,0.0,10254.0,924503.0,104666.0,89.81288981288981,51.24740124740125,?
DatasetClassiRealeseNormalized,2,7,weka.classifiers.meta.FilteredClassifier,'-F \"weka.filters.MultiFilter -F \\\"weka.filters.supervised.instance.Resample -B 1.0 -S 1 -Z 200.0\\\" -S 1\" -S 1 -W weka.classifiers.bayes.NaiveBayes',-4523450618538717400,2.02604250818E7,4330.0,481.0,417.0,64.0,0.0,86.6943866943867,13.305613305613306,0.0,0.46566687495660614,0.1334706912903405,0.35960569686080446,57.87051614648919,105.87992112564233,272.1308087156738,3868.179591086546,-3596.0487823708722,0.565760517080403,8.041953411822341,-7.4761928947419385,71.85509951484883,0.149386901278272,26.40461763736721,0.59375,38.0,0.09112709832134293,38.0,0.9088729016786571,379.0,0.40625,26.0,0.5,0.59375,0.5428571428571428,0.46802168923647164,0.8582883693045563,0.4497660950794614,0.8669438669438669,0.36432096526520985,0.63567903473479,0.13305613305613306,0.8778162778162778,0.8669438669438669,0.8716750599962279,0.46802168923647164,0.86001004290123,0.9036655934745961,0.732499131039277,0.8669438669438669,0.01,0.002,0.01,0.0,10.0,0.0,10250.0,924503.0,104666.0,88.14968814968815,51.45530145530145,?
DatasetClassiRealeseNormalized,2,8,weka.classifiers.meta.FilteredClassifier,'-F \"weka.filters.MultiFilter -F \\\"weka.filters.supervised.instance.Resample -B 1.0 -S 1 -Z 200.0\\\" -S 1\" -S 1 -W weka.classifiers.bayes.NaiveBayes',-4523450618538717400,2.02604250818E7,4330.0,481.0,419.0,62.0,0.0,87.11018711018711,12.88981288981289,0.0,0.4626085702958879,0.12563678910579223,0.34767093946148786,54.47387559208661,102.36593015407422,272.1308087156738,1840.6726239341651,-1568.5418152184914,0.565760517080403,3.8267622119213414,-3.2610016948409384,83.23572627596864,0.1730472479749868,30.586660389097847,0.5625,36.0,0.0815347721822542,34.0,0.9184652278177458,383.0,0.4375,28.0,0.5142857142857142,0.5625,0.5373134328358209,0.46323542415811164,0.8840864808153477,0.5605986319475005,0.8711018711018711,0.3901366432841253,0.6098633567158747,0.1288981288981289,0.8763108660918879,0.8711018711018711,0.8735206279009003,0.46323542415811164,0.8852884038922708,0.9234938755588724,0.7312171028913403,0.8711018711018711,0.01,0.002,0.01,0.0,10.0,0.0,10250.0,924503.0,104666.0,89.1891891891892,51.351351351351354,?
DatasetClassiRealeseNormalized,2,9,weka.classifiers.meta.FilteredClassifier,'-F \"weka.filters.MultiFilter -F \\\"weka.filters.supervised.instance.Resample -B 1.0 -S 1 -Z 200.0\\\" -S 1\" -S 1 -W weka.classifiers.bayes.NaiveBayes',-4523450618538717400,2.02604250818E7,4330.0,481.0,416.0,65.0,0.0,86.48648648648648,13.513513513513514,0.0,0.4539723012976127,0.13773577299127113,0.3664773996806173,59.71977965935198,107.90317981957305,272.1308087156738,3915.6570942384856,-3643.5262855228116,0.565760517080403,8.140659239581051,-7.574898722500648,63.09577707298653,0.1311762517109907,23.18582646734053,0.578125,37.0,0.09112709832134293,38.0,0.9088729016786571,379.0,0.421875,27.0,0.49333333333333335,0.578125,0.5323741007194245,0.4559229520408237,0.8747189748201439,0.5216574300415637,0.8648648648648649,0.37786696318620777,0.6221330368137922,0.13513513513513514,0.8749309901034038,0.8648648648648649,0.8693088483467603,0.45592295204082367,0.8759371401008093,0.9155180147058661,0.726697378427756,0.8648648648648649,0.011,0.001,0.01,0.0,10.0,0.0,10258.0,924503.0,104666.0,87.31808731808732,50.935550935550935,?
DatasetClassiRealeseNormalized,2,10,weka.classifiers.meta.FilteredClassifier,'-F \"weka.filters.MultiFilter -F \\\"weka.filters.supervised.instance.Resample -B 1.0 -S 1 -Z 200.0\\\" -S 1\" -S 1 -W weka.classifiers.bayes.NaiveBayes',-4523450618538717400,2.02604250818E7,4330.0,481.0,415.0,66.0,0.0,86.27858627858627,13.721413721413722,0.0,0.38907705334462317,0.13256680516916974,0.3544273886056367,57.47860721229469,104.35525431861548,272.1308087156738,1606.624075602643,-1334.4932668869692,0.565760517080403,3.340174793352688,-2.774414276272285,68.29677209082494,0.14198913116595624,25.097037859532616,0.453125,29.0,0.07434052757793765,31.0,0.9256594724220624,386.0,0.546875,35.0,0.48333333333333334,0.453125,0.46774193548387094,0.38934402024576326,0.8127810251798561,0.4804812220144989,0.8627858627858628,0.4840013903638004,0.5159986096361996,0.13721413721413722,0.859180613099853,0.8627858627858628,0.8609002115815573,0.38934402024576326,0.8134469555332864,0.8980428527731088,0.6944914928016013,0.8627858627858628,0.01,0.001,0.02,0.0,20.0,0.0,10258.0,924503.0,104666.0,88.56548856548856,51.66320166320166,?
DatasetClassiRealeseNormalized,3,1,weka.classifiers.meta.FilteredClassifier,'-F \"weka.filters.MultiFilter -F \\\"weka.filters.supervised.instance.Resample -B 1.0 -S 1 -Z 200.0\\\" -S 1\" -S 1 -W weka.classifiers.bayes.NaiveBayes',-4523450618538717400,2.02604250818E7,4329.0,482.0,430.0,52.0,0.0,89.2116182572614,10.78838174273859,0.0,0.5121837290774622,0.11179847090831975,0.3253006860530627,48.511707537268606,95.86361512731217,272.3366817903761,2637.9344542079166,-2365.5977724175405,0.565013862635635,5.472893058522649,-4.907879195887014,101.7764548379302,0.21115447061811246,37.371555740798044,0.546875,35.0,0.05502392344497608,23.0,0.9449760765550239,395.0,0.453125,29.0,0.603448275862069,0.546875,0.5737704918032787,0.512997004409837,0.8857655502392344,0.5044324001288922,0.8921161825726142,0.40026510601759013,0.5997348939824099,0.1078838174273859,0.888031259364446,0.8921161825726142,0.8898476859638065,0.512997004409837,0.8870946477496079,0.9171644837961233,0.7560063860441572,0.8921161825726142,0.01,0.002,0.01,0.0,10.0,0.0,10254.0,924290.0,104879.0,90.45643153526972,51.55601659751037,?
DatasetClassiRealeseNormalized,3,2,weka.classifiers.meta.FilteredClassifier,'-F \"weka.filters.MultiFilter -F \\\"weka.filters.supervised.instance.Resample -B 1.0 -S 1 -Z 200.0\\\" -S 1\" -S 1 -W weka.classifiers.bayes.NaiveBayes',-4523450618538717400,2.02604250818E7,4330.0,481.0,423.0,58.0,0.0,87.94178794178794,12.058212058212058,0.0,0.5037532462912234,0.11928405120775923,0.33721003439666913,52.025264882584956,99.94884220163607,269.42867131105754,2573.157572364439,-2303.7289010533814,0.5601427677984564,5.349599942545612,-4.789457174747155,88.13847315981431,0.1832400689393229,32.713100922380214,0.6190476190476191,39.0,0.08133971291866028,34.0,0.9186602870813397,384.0,0.38095238095238093,24.0,0.5342465753424658,0.6190476190476191,0.573529411764706,0.5056072888644397,0.8880914407230197,0.5464304544150378,0.8794178794178794,0.34170997328892067,0.6582900267110793,0.12058212058212059,0.8878779604001198,0.8794178794178794,0.8831211296315982,0.5056072888644397,0.8896424422740212,0.9231780784649047,0.7516557470445806,0.8794178794178794,0.011,0.001,0.01,0.01,10.0,10.0,10258.0,924503.0,104666.0,90.02079002079002,51.55925155925156,?
DatasetClassiRealeseNormalized,3,3,weka.classifiers.meta.FilteredClassifier,'-F \"weka.filters.MultiFilter -F \\\"weka.filters.supervised.instance.Resample -B 1.0 -S 1 -Z 200.0\\\" -S 1\" -S 1 -W weka.classifiers.bayes.NaiveBayes',-4523450618538717400,2.02604250818E7,4330.0,481.0,423.0,58.0,0.0,87.94178794178794,12.058212058212058,0.0,0.5273448088912984,0.12223931557481824,0.3456716577556568,53.00079153947011,101.7772748820103,272.1308087156738,3438.3336047565967,-3166.2027960409227,0.565760517080403,7.148302712591677,-6.582542195511274,87.78171784799463,0.18249837390435475,32.25717744428938,0.671875,43.0,0.08872901678657075,37.0,0.9112709832134293,380.0,0.328125,21.0,0.5375,0.671875,0.5972222222222222,0.5318854659616139,0.8869154676258992,0.591002424484477,0.8794178794178794,0.29627189620445016,0.7037281037955498,0.12058212058212059,0.8930604880729569,0.8794178794178794,0.8849375988740292,0.5318854659616139,0.887695093405525,0.9243812718255418,0.7631587883727248,0.8794178794178794,0.01,0.002,0.01,0.0,10.0,0.0,10254.0,924503.0,104666.0,88.56548856548856,50.727650727650726,?
DatasetClassiRealeseNormalized,3,4,weka.classifiers.meta.FilteredClassifier,'-F \"weka.filters.MultiFilter -F \\\"weka.filters.supervised.instance.Resample -B 1.0 -S 1 -Z 200.0\\\" -S 1\" -S 1 -W weka.classifiers.bayes.NaiveBayes',-4523450618538717400,2.02604250818E7,4330.0,481.0,419.0,62.0,0.0,87.11018711018711,12.88981288981289,0.0,0.4626085702958879,0.12863605928586017,0.35214496508637705,55.77430575922897,103.68323264514332,272.1308087156738,1313.5642304219782,-1041.4334217063044,0.565760517080403,2.7309027659500584,-2.165142248869656,76.71439857521742,0.15948939412727114,28.190265900899785,0.5625,36.0,0.0815347721822542,34.0,0.9184652278177458,383.0,0.4375,28.0,0.5142857142857142,0.5625,0.5373134328358209,0.46323542415811164,0.8471597721822542,0.5571895726090567,0.8711018711018711,0.3901366432841253,0.6098633567158747,0.1288981288981289,0.8763108660918879,0.8711018711018711,0.8735206279009003,0.46323542415811164,0.848978899001381,0.9117705713204305,0.7312171028913403,0.8711018711018711,0.011,0.001,0.01,0.0,10.0,0.0,10250.0,924503.0,104666.0,88.77338877338877,51.24740124740125,?
DatasetClassiRealeseNormalized,3,5,weka.classifiers.meta.FilteredClassifier,'-F \"weka.filters.MultiFilter -F \\\"weka.filters.supervised.instance.Resample -B 1.0 -S 1 -Z 200.0\\\" -S 1\" -S 1 -W weka.classifiers.bayes.NaiveBayes',-4523450618538717400,2.02604250818E7,4330.0,481.0,404.0,77.0,0.0,83.99168399168398,16.008316008316008,0.0,0.31961054468632344,0.1628082726179635,0.398142513250364,70.59076924105017,117.22644626520179,272.1308087156738,5079.3631675461975,-4807.2323588305235,0.565760517080403,10.56000658533513,-9.994246068254727,25.703911086359756,0.05343848458702652,9.445424870366505,0.421875,27.0,0.09592326139088729,40.0,0.9040767386091128,377.0,0.578125,37.0,0.40298507462686567,0.421875,0.41221374045801523,0.31972290068708026,0.8351506294964028,0.3825085949137368,0.83991683991684,0.5139651013077272,0.4860348986922728,0.1600831600831601,0.8430830121290862,0.83991683991684,0.8414608944275216,0.3197229006870802,0.8357353488311222,0.892341195232589,0.6597771470039775,0.83991683991684,0.011,0.001,0.01,0.0,10.0,0.0,10258.0,924503.0,104666.0,84.82328482328482,51.351351351351354,?
DatasetClassiRealeseNormalized,3,6,weka.classifiers.meta.FilteredClassifier,'-F \"weka.filters.MultiFilter -F \\\"weka.filters.supervised.instance.Resample -B 1.0 -S 1 -Z 200.0\\\" -S 1\" -S 1 -W weka.classifiers.bayes.NaiveBayes',-4523450618538717400,2.02604250818E7,4330.0,481.0,407.0,74.0,0.0,84.61538461538461,15.384615384615385,0.0,0.3745123537061117,0.1518972054548567,0.3809166062895942,65.85992472130128,112.15456423928956,272.1308087156738,4237.7715044628985,-3965.6406957472245,0.565760517080403,8.810335768114134,-8.24457525103373,40.60834276219491,0.08442482902743224,14.92236140180037,0.5,32.0,0.10071942446043165,42.0,0.8992805755395683,375.0,0.5,32.0,0.43243243243243246,0.5,0.463768115942029,0.3758574239512993,0.8392161270983214,0.4299372778953975,0.8461538461538461,0.4468732706142778,0.5531267293857222,0.15384615384615385,0.8563189914541266,0.8461538461538461,0.8507944496758343,0.3758574239512993,0.8405804722126665,0.8981138219814983,0.6869811453496553,0.8461538461538461,0.01,0.002,0.01,0.0,10.0,0.0,10254.0,924503.0,104666.0,86.9022869022869,52.182952182952185,?
DatasetClassiRealeseNormalized,3,7,weka.classifiers.meta.FilteredClassifier,'-F \"weka.filters.MultiFilter -F \\\"weka.filters.supervised.instance.Resample -B 1.0 -S 1 -Z 200.0\\\" -S 1\" -S 1 -W weka.classifiers.bayes.NaiveBayes',-4523450618538717400,2.02604250818E7,4330.0,481.0,412.0,69.0,0.0,85.65488565488566,14.345114345114345,0.0,0.40571561587909855,0.14145373130073904,0.3695212078541087,61.33182020772973,108.799378550973,272.1308087156738,2698.4505026644442,-2426.3196939487702,0.565760517080403,5.610084205123584,-5.044323688043181,57.39827619727164,0.11933113554526328,21.09216390020807,0.515625,33.0,0.09112709832134293,38.0,0.9088729016786571,379.0,0.484375,31.0,0.4647887323943662,0.515625,0.4888888888888889,0.4064549899010242,0.8240782374100719,0.44916147304273,0.8565488565488566,0.43205095487019946,0.5679490451298005,0.14345114345114346,0.863237444034421,0.8565488565488566,0.8596608514383606,0.40645498990102424,0.8258973642291988,0.895480773529245,0.7027273948676609,0.8565488565488566,0.012,0.001,0.01,0.01,10.0,10.0,10254.0,924503.0,104666.0,86.9022869022869,51.24740124740125,?
DatasetClassiRealeseNormalized,3,8,weka.classifiers.meta.FilteredClassifier,'-F \"weka.filters.MultiFilter -F \\\"weka.filters.supervised.instance.Resample -B 1.0 -S 1 -Z 200.0\\\" -S 1\" -S 1 -W weka.classifiers.bayes.NaiveBayes',-4523450618538717400,2.02604250818E7,4330.0,481.0,421.0,60.0,0.0,87.52598752598753,12.474012474012474,0.0,0.4990626952718183,0.12716542272035536,0.3504500298194897,55.136663919759286,103.18418712406924,272.1308087156738,3237.248420998239,-2965.117612282565,0.565760517080403,6.730246197501536,-6.164485680421133,78.95211578536822,0.16414161285939338,29.012560598332886,0.625,40.0,0.08633093525179857,36.0,0.9136690647482014,381.0,0.375,24.0,0.5263157894736842,0.625,0.5714285714285714,0.5015863876892438,0.8565834832134293,0.5268054708441198,0.8752598752598753,0.33659081051167383,0.6634091894883262,0.12474012474012475,0.8855989592831698,0.8752598752598753,0.8796953687464636,0.5015863876892438,0.8567946318620778,0.9116032164121243,0.7492179353493222,0.8752598752598753,0.011,0.002,0.01,0.0,10.0,0.0,10250.0,924503.0,104666.0,88.35758835758836,51.143451143451145,?
DatasetClassiRealeseNormalized,3,9,weka.classifiers.meta.FilteredClassifier,'-F \"weka.filters.MultiFilter -F \\\"weka.filters.supervised.instance.Resample -B 1.0 -S 1 -Z 200.0\\\" -S 1\" -S 1 -W weka.classifiers.bayes.NaiveBayes',-4523450618538717400,2.02604250818E7,4330.0,481.0,429.0,52.0,0.0,89.1891891891892,10.81081081081081,0.0,0.47594703318806575,0.10705825096461413,0.3191655098110179,46.41855212681418,93.9729801274439,272.1308087156738,1102.2165345398398,-830.085725824166,0.565760517080403,2.291510466818794,-1.725749949738391,110.3044094400496,0.22932309654895966,40.533598514858795,0.46875,30.0,0.04316546762589928,18.0,0.9568345323741008,399.0,0.53125,34.0,0.625,0.46875,0.5357142857142857,0.4822578248587194,0.8382419064748201,0.6118634152449105,0.8918918918918919,0.4663073595177912,0.5336926404822089,0.10810810810810811,0.8820298358404594,0.8918918918918919,0.8851873722461958,0.4822578248587194,0.8385342661421799,0.9137731950628301,0.7372689075630252,0.8918918918918919,0.011,0.001,0.01,0.0,10.0,0.0,10254.0,924503.0,104666.0,90.43659043659044,51.24740124740125,?
DatasetClassiRealeseNormalized,3,10,weka.classifiers.meta.FilteredClassifier,'-F \"weka.filters.MultiFilter -F \\\"weka.filters.supervised.instance.Resample -B 1.0 -S 1 -Z 200.0\\\" -S 1\" -S 1 -W weka.classifiers.bayes.NaiveBayes',-4523450618538717400,2.02604250818E7,4330.0,481.0,414.0,67.0,0.0,86.07068607068607,13.92931392931393,0.0,0.4301451735540114,0.1363310883528701,0.3639046170377529,59.11073340161979,107.14566672765629,272.1308087156738,4866.083126294238,-4593.952317578564,0.565760517080403,10.116596936162658,-9.550836419082254,64.7186732071102,0.13455025614783825,23.782192656741483,0.546875,35.0,0.09112709832134293,38.0,0.9088729016786571,379.0,0.453125,29.0,0.4794520547945205,0.546875,0.5109489051094891,0.43141096645249255,0.8702600419664268,0.5036818624819308,0.8607068607068608,0.4049589590282036,0.5950410409717963,0.1392931392931393,0.8691168931902211,0.8607068607068608,0.8645224020406501,0.4314109664524926,0.8709259723198572,0.9120407367696488,0.714868391948684,0.8607068607068608,0.011,0.001,0.01,0.0,10.0,0.0,10258.0,924503.0,104666.0,87.94178794178794,51.143451143451145,?
DatasetClassiRealeseNormalized,4,1,weka.classifiers.meta.FilteredClassifier,'-F \"weka.filters.MultiFilter -F \\\"weka.filters.supervised.instance.Resample -B 1.0 -S 1 -Z 200.0\\\" -S 1\" -S 1 -W weka.classifiers.bayes.NaiveBayes',-4523450618538717400,2.02604250818E7,4329.0,482.0,425.0,57.0,0.0,88.17427385892117,11.825726141078839,0.0,0.5213422070455417,0.11749978269877276,0.3343640525679565,50.98562661603711,98.53451966761129,272.3366817903761,1602.0319817855507,-1329.6952999951745,0.565013862635635,3.3237178045343376,-2.7587039418987023,93.64831102638387,0.19429110171448935,34.38696190712464,0.640625,41.0,0.08133971291866028,34.0,0.9186602870813397,384.0,0.359375,23.0,0.5466666666666666,0.640625,0.5899280575539567,0.523580768497478,0.9079321172248804,0.6308194687957047,0.8817427385892116,0.3224574515078719,0.6775425484921281,0.11825726141078838,0.8907988486411723,0.8817427385892116,0.8856336010030149,0.523580768497478,0.9082562873493617,0.9367567909172303,0.7604185742315237,0.8817427385892116,0.011,0.001,0.01,0.0,10.0,0.0,10254.0,924290.0,104879.0,90.04149377593362,51.55601659751037,?
DatasetClassiRealeseNormalized,4,2,weka.classifiers.meta.FilteredClassifier,'-F \"weka.filters.MultiFilter -F \\\"weka.filters.supervised.instance.Resample -B 1.0 -S 1 -Z 200.0\\\" -S 1\" -S 1 -W weka.classifiers.bayes.NaiveBayes',-4523450618538717400,2.02604250818E7,4330.0,481.0,410.0,71.0,0.0,85.23908523908524,14.76091476091476,0.0,0.3886651271861521,0.14531119264623588,0.37226276447706597,63.37689918543777,110.33844936089659,269.42867131105754,2464.369940747929,-2194.941269436871,0.5601427677984564,5.123430230245175,-4.563287462446717,48.94861861141104,0.10176427985740341,18.167561148271215,0.5079365079365079,32.0,0.09569377990430622,40.0,0.9043062200956937,378.0,0.49206349206349204,31.0,0.4444444444444444,0.5079365079365079,0.4740740740740741,0.3898374134100524,0.8482190324295588,0.4990156482974594,0.8523908523908524,0.44014812435865064,0.5598518756413493,0.14760914760914762,0.861367668213634,0.8523908523908524,0.8565079636421838,0.3898374134100524,0.8506445348550611,0.906437272751229,0.6941107976174482,0.8523908523908524,0.012,0.001,0.01,0.0,10.0,0.0,10258.0,924503.0,104666.0,87.73388773388774,51.975051975051976,?
DatasetClassiRealeseNormalized,4,3,weka.classifiers.meta.FilteredClassifier,'-F \"weka.filters.MultiFilter -F \\\"weka.filters.supervised.instance.Resample -B 1.0 -S 1 -Z 200.0\\\" -S 1\" -S 1 -W weka.classifiers.bayes.NaiveBayes',-4523450618538717400,2.02604250818E7,4330.0,481.0,427.0,54.0,0.0,88.77338877338877,11.226611226611226,0.0,0.5068539965824947,0.11494805318702646,0.3354811309985524,49.83942994268987,98.77684363553702,272.1308087156738,4967.531793881165,-4695.400985165491,0.565760517080403,10.32750892698787,-9.761748409907465,99.28504626518807,0.2064138175991436,36.4843094149338,0.5625,36.0,0.06235011990407674,26.0,0.9376498800959233,391.0,0.4375,28.0,0.5806451612903226,0.5625,0.5714285714285715,0.5069385604940752,0.8608175959232613,0.49920624549532344,0.8877338877338877,0.38758400763796447,0.6124159923620356,0.11226611226611227,0.8862680704238947,0.8877338877338877,0.8869771764508607,0.5069385604940752,0.861418557461723,0.9106882589477078,0.7534176349965824,0.8877338877338877,0.012,0.001,0.01,0.0,10.0,0.0,10254.0,924503.0,104666.0,89.1891891891892,50.727650727650726,?
DatasetClassiRealeseNormalized,4,4,weka.classifiers.meta.FilteredClassifier,'-F \"weka.filters.MultiFilter -F \\\"weka.filters.supervised.instance.Resample -B 1.0 -S 1 -Z 200.0\\\" -S 1\" -S 1 -W weka.classifiers.bayes.NaiveBayes',-4523450618538717400,2.02604250818E7,4330.0,481.0,412.0,69.0,0.0,85.65488565488566,14.345114345114345,0.0,0.42037059676208116,0.14737814795510976,0.3723849508855297,63.90054182249597,109.64256009380692,272.1308087156738,3134.947324929691,-2862.816516214017,0.565760517080403,6.517562006090834,-5.951801489010431,46.07355749147533,0.09578702181179902,16.930665700410877,0.546875,35.0,0.09592326139088729,40.0,0.9040767386091128,377.0,0.453125,29.0,0.4666666666666667,0.546875,0.5035971223021581,0.42217686603149296,0.8653327338129496,0.46468432129858533,0.8565488565488566,0.40559711793974385,0.5944028820602562,0.14345114345114346,0.8671121671121671,0.8565488565488566,0.86126631593733,0.42217686603149296,0.8680289396341554,0.9077547601773296,0.7098787555617717,0.8565488565488566,0.011,0.001,0.01,0.0,10.0,0.0,10254.0,924503.0,104666.0,87.52598752598753,52.39085239085239,?
DatasetClassiRealeseNormalized,4,5,weka.classifiers.meta.FilteredClassifier,'-F \"weka.filters.MultiFilter -F \\\"weka.filters.supervised.instance.Resample -B 1.0 -S 1 -Z 200.0\\\" -S 1\" -S 1 -W weka.classifiers.bayes.NaiveBayes',-4523450618538717400,2.02604250818E7,4330.0,481.0,421.0,60.0,0.0,87.52598752598753,12.474012474012474,0.0,0.4663658888354721,0.1259393291498402,0.3502314314548204,54.60505157038399,103.11982446849558,272.1308087156738,3789.469450608174,-3517.3386418925,0.565760517080403,7.87831486612926,-7.312554349048857,82.39645221791194,0.1713023954634344,30.278252068107783,0.546875,35.0,0.07434052757793765,31.0,0.9256594724220624,386.0,0.453125,29.0,0.5303030303030303,0.546875,0.5384615384615384,0.46643968682206516,0.8514500899280576,0.45206414068577194,0.8752598752598753,0.4027254028378129,0.597274597162187,0.12474012474012475,0.8769223178861733,0.8752598752598753,0.8760694866464098,0.46643968682206516,0.8525545597825275,0.9030624255773293,0.733173076923077,0.8752598752598753,0.01,0.002,0.01,0.0,10.0,0.0,10250.0,924503.0,104666.0,88.14968814968815,51.143451143451145,?
DatasetClassiRealeseNormalized,4,6,weka.classifiers.meta.FilteredClassifier,'-F \"weka.filters.MultiFilter -F \\\"weka.filters.supervised.instance.Resample -B 1.0 -S 1 -Z 200.0\\\" -S 1\" -S 1 -W weka.classifiers.bayes.NaiveBayes',-4523450618538717400,2.02604250818E7,4330.0,481.0,420.0,61.0,0.0,87.31808731808732,12.681912681912682,0.0,0.46099017176449003,0.12550419277574565,0.3483323375371803,54.41638418341297,102.56066782563585,272.1308087156738,2156.3897158121654,-1884.2589070964916,0.565760517080403,4.4831387023121945,-3.9173781852317915,81.77438672861494,0.1700091200179105,30.049661453089644,0.546875,35.0,0.07673860911270983,32.0,0.9232613908872902,385.0,0.453125,29.0,0.5223880597014925,0.546875,0.5343511450381679,0.4611522284079545,0.8547661870503597,0.5450858440014689,0.8731808731808732,0.40304448229358303,0.5969555177064171,0.12681912681912683,0.8757228500901441,0.8731808731808732,0.8744040851958288,0.4611522284079545,0.8569913689630416,0.9131067492024918,0.7304728047693848,0.8731808731808732,0.011,0.001,0.01,0.0,10.0,0.0,10254.0,924503.0,104666.0,88.56548856548856,51.24740124740125,?
DatasetClassiRealeseNormalized,4,7,weka.classifiers.meta.FilteredClassifier,'-F \"weka.filters.MultiFilter -F \\\"weka.filters.supervised.instance.Resample -B 1.0 -S 1 -Z 200.0\\\" -S 1\" -S 1 -W weka.classifiers.bayes.NaiveBayes',-4523450618538717400,2.02604250818E7,4330.0,481.0,414.0,67.0,0.0,86.07068607068607,13.92931392931393,0.0,0.4572477558650658,0.13602569003501438,0.36420583935323575,58.978318126672754,107.23435663241315,272.1308087156738,7134.412889848033,-6862.282081132359,0.565760517080403,14.83245923045329,-14.266698713372888,66.09218140620531,0.1374057825492834,24.286916177601697,0.609375,39.0,0.10071942446043165,42.0,0.8992805755395683,375.0,0.390625,25.0,0.48148148148148145,0.609375,0.5379310344827586,0.46164625700137973,0.8221672661870504,0.46299253621910874,0.8607068607068608,0.35205128516729234,0.6479487148327076,0.1392931392931393,0.8768239393239394,0.8607068607068608,0.8674231263688064,0.46164625700137973,0.823093071800356,0.8951438822996692,0.727961845270755,0.8607068607068608,0.01,0.001,0.01,0.0,10.0,0.0,10250.0,924503.0,104666.0,87.31808731808732,50.83160083160083,?
DatasetClassiRealeseNormalized,4,8,weka.classifiers.meta.FilteredClassifier,'-F \"weka.filters.MultiFilter -F \\\"weka.filters.supervised.instance.Resample -B 1.0 -S 1 -Z 200.0\\\" -S 1\" -S 1 -W weka.classifiers.bayes.NaiveBayes',-4523450618538717400,2.02604250818E7,4330.0,481.0,401.0,80.0,0.0,83.36798336798337,16.632016632016633,0.0,0.32379713914174235,0.16368751228413292,0.3986830079630132,70.97199191102949,117.38558595081773,272.1308087156738,4839.601350064042,-4567.470541348368,0.565760517080403,10.061541268324412,-9.495780751244009,24.998864658043914,0.051972691596764896,9.186341221718518,0.453125,29.0,0.1079136690647482,45.0,0.8920863309352518,372.0,0.546875,35.0,0.3918918918918919,0.453125,0.42028985507246375,0.32496006445789416,0.8135304256594724,0.3708330606648576,0.8336798336798337,0.4884685027445819,0.5115314972554181,0.16632016632016633,0.844534574264304,0.8336798336798337,0.8386967023522531,0.32496006445789416,0.8152358570524038,0.8831245486029491,0.6616012382158435,0.8336798336798337,0.011,0.001,0.01,0.0,10.0,0.0,10258.0,924503.0,104666.0,84.82328482328482,51.03950103950104,?
DatasetClassiRealeseNormalized,4,9,weka.classifiers.meta.FilteredClassifier,'-F \"weka.filters.MultiFilter -F \\\"weka.filters.supervised.instance.Resample -B 1.0 -S 1 -Z 200.0\\\" -S 1\" -S 1 -W weka.classifiers.bayes.NaiveBayes',-4523450618538717400,2.02604250818E7,4330.0,481.0,416.0,65.0,0.0,86.48648648648648,13.513513513513514,0.0,0.37717882826351135,0.134077209794747,0.36094161161022326,58.133491774794344,106.27325902193765,272.1308087156738,2349.0122628041922,-2076.8814540885182,0.565760517080403,4.883601377971294,-4.3178408608908905,69.3451460463563,0.14416870279907756,25.48228419032448,0.421875,27.0,0.0671462829736211,28.0,0.9328537170263789,389.0,0.578125,37.0,0.4909090909090909,0.421875,0.45378151260504196,0.3785891979410414,0.8836181055155875,0.5211593522937695,0.8648648648648649,0.5101361478384859,0.489863852161514,0.13513513513513514,0.8569643907672077,0.8648648648648649,0.8604760746272155,0.3785891979410414,0.883650589923072,0.9188858172122223,0.688337968639413,0.8648648648648649,0.011,0.001,0.01,0.01,10.0,10.0,10258.0,924503.0,104666.0,87.73388773388774,50.935550935550935,?
DatasetClassiRealeseNormalized,4,10,weka.classifiers.meta.FilteredClassifier,'-F \"weka.filters.MultiFilter -F \\\"weka.filters.supervised.instance.Resample -B 1.0 -S 1 -Z 200.0\\\" -S 1\" -S 1 -W weka.classifiers.bayes.NaiveBayes',-4523450618538717400,2.02604250818E7,4330.0,481.0,424.0,57.0,0.0,88.14968814968815,11.85031185031185,0.0,0.5151981327250544,0.11665317898770938,0.33058667061807545,50.57874214094292,97.33575111792301,272.1308087156738,3931.2276992988914,-3659.0968905832174,0.565760517080403,8.173030559872956,-7.6072700427925515,91.9202472593255,0.19110238515452288,33.77796424195582,0.625,40.0,0.07913669064748201,33.0,0.920863309352518,384.0,0.375,24.0,0.547945205479452,0.625,0.583941605839416,0.5167142118950844,0.892048860911271,0.5794053207367817,0.8814968814968815,0.3356335721443635,0.6643664278556365,0.11850311850311851,0.8888546390560894,0.8814968814968815,0.8847429390495084,0.5167142118950844,0.8936730812854914,0.9260561040500824,0.7574253483742535,0.8814968814968815,0.01,0.002,0.01,0.0,10.0,0.0,10250.0,924503.0,104666.0,90.64449064449065,51.767151767151766,?
DatasetClassiRealeseNormalized,5,1,weka.classifiers.meta.FilteredClassifier,'-F \"weka.filters.MultiFilter -F \\\"weka.filters.supervised.instance.Resample -B 1.0 -S 1 -Z 200.0\\\" -S 1\" -S 1 -W weka.classifiers.bayes.NaiveBayes',-4523450618538717400,2.02604250818E7,4329.0,482.0,419.0,63.0,0.0,86.92946058091286,13.070539419087137,0.0,0.4898356910050065,0.12935281007565622,0.3519867749138609,56.12890445219056,103.72780066852408,272.3366817903761,2401.8176235931724,-2129.480941802796,0.565013862635635,4.983024115338532,-4.418010252702897,74.69721229004055,0.15497346948141194,27.428259681718803,0.640625,41.0,0.09569377990430622,40.0,0.9043062200956937,378.0,0.359375,23.0,0.5061728395061729,0.640625,0.5655172413793104,0.49454421073600224,0.9082311602870813,0.5851495188861461,0.8692946058091287,0.32436338571343487,0.6756366142865652,0.13070539419087138,0.8846887954030196,0.8692946058091287,0.8756001188681112,0.49454421073600224,0.9088795005360439,0.931940810683478,0.7442970822281166,0.8692946058091287,0.011,0.002,0.01,0.0,10.0,0.0,10250.0,924290.0,104879.0,88.58921161825727,51.34854771784232,?
DatasetClassiRealeseNormalized,5,2,weka.classifiers.meta.FilteredClassifier,'-F \"weka.filters.MultiFilter -F \\\"weka.filters.supervised.instance.Resample -B 1.0 -S 1 -Z 200.0\\\" -S 1\" -S 1 -W weka.classifiers.bayes.NaiveBayes',-4523450618538717400,2.02604250818E7,4330.0,481.0,419.0,62.0,0.0,87.11018711018711,12.88981288981289,0.0,0.4557830577758313,0.13166179655918114,0.3557670488890822,57.42376932669812,105.44912963096527,269.42867131105754,3572.4737268886956,-3303.045055577638,0.5601427677984564,7.427180305381904,-6.867037537583447,69.87880241658429,0.14527817550225425,25.935919171686322,0.5555555555555556,35.0,0.08133971291866028,34.0,0.9186602870813397,384.0,0.4444444444444444,28.0,0.5072463768115942,0.5555555555555556,0.5303030303030303,0.4564164839859993,0.8194349510138984,0.47241608976875843,0.8711018711018711,0.39688602846497584,0.6031139715350242,0.1288981288981289,0.8764007375235742,0.8711018711018711,0.873565477179935,0.4564164839859993,0.8215469531259005,0.898202268058992,0.7278021175611538,0.8711018711018711,0.011,0.001,0.01,0.0,10.0,0.0,10254.0,924503.0,104666.0,88.14968814968815,51.45530145530145,?
DatasetClassiRealeseNormalized,5,3,weka.classifiers.meta.FilteredClassifier,'-F \"weka.filters.MultiFilter -F \\\"weka.filters.supervised.instance.Resample -B 1.0 -S 1 -Z 200.0\\\" -S 1\" -S 1 -W weka.classifiers.bayes.NaiveBayes',-4523450618538717400,2.02604250818E7,4330.0,481.0,412.0,69.0,0.0,85.65488565488566,14.345114345114345,0.0,0.4274303458983871,0.14636652352459958,0.37688526583638055,63.46191947496746,110.96760304000107,272.1308087156738,4741.377687659638,-4469.246878943964,0.565760517080403,9.857334069978457,-9.291573552898052,50.02331389777393,0.10399857359204559,18.382084018292467,0.5625,36.0,0.09832134292565947,41.0,0.9016786570743405,376.0,0.4375,28.0,0.4675324675324675,0.5625,0.5106382978723405,0.42993929211322407,0.8283498201438849,0.4500394982841697,0.8565488565488566,0.392370199474516,0.607629800525484,0.14345114345114346,0.869066710650869,0.8565488565488566,0.8620261248348426,0.42993929211322407,0.8289670238860886,0.8961369222772286,0.7132972244538316,0.8565488565488566,0.01,0.001,0.01,0.0,10.0,0.0,10258.0,924503.0,104666.0,86.6943866943867,51.24740124740125,?
DatasetClassiRealeseNormalized,5,4,weka.classifiers.meta.FilteredClassifier,'-F \"weka.filters.MultiFilter -F \\\"weka.filters.supervised.instance.Resample -B 1.0 -S 1 -Z 200.0\\\" -S 1\" -S 1 -W weka.classifiers.bayes.NaiveBayes',-4523450618538717400,2.02604250818E7,4330.0,481.0,418.0,63.0,0.0,86.9022869022869,13.097713097713097,0.0,0.44331771837971923,0.13233561128505925,0.3570592198840511,57.37836565908147,105.13015329993605,272.1308087156738,1791.0768859627476,-1518.9460772470738,0.565760517080403,3.723652569569122,-3.157892052488719,72.1343815708543,0.14996752925333534,26.507245508619107,0.53125,34.0,0.07913669064748201,33.0,0.920863309352518,384.0,0.46875,30.0,0.5074626865671642,0.53125,0.5190839694656488,0.44347356244284525,0.8641336930455635,0.49949026537755836,0.8690228690228691,0.41690955967035104,0.583090440329649,0.13097713097713098,0.8716428703450119,0.8690228690228691,0.8702861863497905,0.44347356244284525,0.8664725703844409,0.912298926666055,0.7216358475487089,0.8690228690228691,0.011,0.001,0.01,0.0,10.0,0.0,10254.0,924503.0,104666.0,87.94178794178794,51.143451143451145,?
DatasetClassiRealeseNormalized,5,5,weka.classifiers.meta.FilteredClassifier,'-F \"weka.filters.MultiFilter -F \\\"weka.filters.supervised.instance.Resample -B 1.0 -S 1 -Z 200.0\\\" -S 1\" -S 1 -W weka.classifiers.bayes.NaiveBayes',-4523450618538717400,2.02604250818E7,4330.0,481.0,414.0,67.0,0.0,86.07068607068607,13.92931392931393,0.0,0.4301451735540114,0.14043722834134956,0.3690108259888376,60.89108261691033,108.64910509281982,272.1308087156738,2260.666906900507,-1988.5360981848332,0.565760517080403,4.699931199377353,-4.134170682296951,60.44192583958938,0.1256588894793958,22.21061486012779,0.546875,35.0,0.09112709832134293,38.0,0.9088729016786571,379.0,0.453125,29.0,0.4794520547945205,0.546875,0.5109489051094891,0.43141096645249255,0.8675247302158273,0.5083508781926332,0.8607068607068608,0.4049589590282036,0.5950410409717963,0.1392931392931393,0.8691168931902211,0.8607068607068608,0.8645224020406501,0.4314109664524926,0.8697986387397358,0.9135395195420455,0.714868391948684,0.8607068607068608,0.01,0.002,0.01,0.0,10.0,0.0,10254.0,924503.0,104666.0,87.11018711018711,51.24740124740125,?
DatasetClassiRealeseNormalized,5,6,weka.classifiers.meta.FilteredClassifier,'-F \"weka.filters.MultiFilter -F \\\"weka.filters.supervised.instance.Resample -B 1.0 -S 1 -Z 200.0\\\" -S 1\" -S 1 -W weka.classifiers.bayes.NaiveBayes',-4523450618538717400,2.02604250818E7,4330.0,481.0,414.0,67.0,0.0,86.07068607068607,13.92931392931393,0.0,0.40797281161017757,0.13928470073893157,0.36824178890613724,60.39136716192766,108.42267490450573,272.1308087156738,3149.58043758615,-2877.449628870476,0.565760517080403,6.547984277725884,-5.98222376064548,62.68877650658634,0.1303300966872897,23.03626583202657,0.5,32.0,0.08393285371702638,35.0,0.9160671462829736,382.0,0.5,32.0,0.47761194029850745,0.5,0.48854961832061067,0.4081162305126267,0.8781100119904077,0.5108796618358096,0.8607068607068608,0.44463971442388706,0.5553602855761128,0.1392931392931393,0.8634829108547473,0.8607068607068608,0.8620503886577134,0.40811623051262663,0.8800915608469566,0.91558300501513,0.703961933107357,0.8607068607068608,0.011,0.001,0.01,0.0,10.0,0.0,10254.0,924503.0,104666.0,87.11018711018711,50.935550935550935,?
DatasetClassiRealeseNormalized,5,7,weka.classifiers.meta.FilteredClassifier,'-F \"weka.filters.MultiFilter -F \\\"weka.filters.supervised.instance.Resample -B 1.0 -S 1 -Z 200.0\\\" -S 1\" -S 1 -W weka.classifiers.bayes.NaiveBayes',-4523450618538717400,2.02604250818E7,4330.0,481.0,416.0,65.0,0.0,86.48648648648648,13.513513513513514,0.0,0.4103502253738946,0.13805081826124221,0.36670216705212555,59.856377681033585,107.96935883668722,272.1308087156738,3698.4183609492266,-3426.2875522335526,0.565760517080403,7.6890194614329035,-7.1232589443525,63.97826548873216,0.13301094696202112,23.510114782915874,0.484375,31.0,0.07673860911270983,32.0,0.9232613908872902,385.0,0.515625,33.0,0.49206349206349204,0.484375,0.4881889763779527,0.4103671108397352,0.827019634292566,0.45553275456437037,0.8648648648648649,0.4572284739775747,0.5427715260224254,0.13513513513513514,0.8639729955519428,0.8648648648648649,0.8644137560163776,0.41036711083973515,0.8277505334609652,0.8952739134131469,0.7051723325003536,0.8648648648648649,0.011,0.001,0.01,0.0,10.0,0.0,10258.0,924503.0,104666.0,87.11018711018711,50.935550935550935,?
DatasetClassiRealeseNormalized,5,8,weka.classifiers.meta.FilteredClassifier,'-F \"weka.filters.MultiFilter -F \\\"weka.filters.supervised.instance.Resample -B 1.0 -S 1 -Z 200.0\\\" -S 1\" -S 1 -W weka.classifiers.bayes.NaiveBayes',-4523450618538717400,2.02604250818E7,4330.0,481.0,427.0,54.0,0.0,88.77338877338877,11.226611226611226,0.0,0.513376798561151,0.11223597603022123,0.33017281127205267,48.66352155878851,97.21389711144722,272.1308087156738,4586.458443607993,-4314.327634892319,0.565760517080403,9.535256639517657,-8.969496122437254,103.19811625603266,0.21454909824539015,37.92224656336341,0.578125,37.0,0.06474820143884892,27.0,0.935251798561151,390.0,0.421875,27.0,0.578125,0.578125,0.578125,0.513376798561151,0.886765587529976,0.5549189156622527,0.8877338877338877,0.37435708917273663,0.6256429108272633,0.11226611226611227,0.8877338877338877,0.8877338877338877,0.8877338877338877,0.513376798561151,0.8872041270310156,0.9214979986265869,0.7566883992805755,0.8877338877338877,0.011,0.001,0.01,0.01,10.0,10.0,10254.0,924503.0,104666.0,89.81288981288981,51.03950103950104,?
DatasetClassiRealeseNormalized,5,9,weka.classifiers.meta.FilteredClassifier,'-F \"weka.filters.MultiFilter -F \\\"weka.filters.supervised.instance.Resample -B 1.0 -S 1 -Z 200.0\\\" -S 1\" -S 1 -W weka.classifiers.bayes.NaiveBayes',-4523450618538717400,2.02604250818E7,4330.0,481.0,427.0,54.0,0.0,88.77338877338877,11.226611226611226,0.0,0.5001539527365099,0.11464402965902509,0.3277464072338646,49.7076107521543,96.49948276700002,272.1308087156738,2008.4761757349859,-1736.345367019312,0.565760517080403,4.175626144979181,-3.609865627898778,96.31562434102264,0.2002403832453693,35.393134939621845,0.546875,35.0,0.05995203836930456,25.0,0.9400479616306955,392.0,0.453125,29.0,0.5833333333333334,0.546875,0.564516129032258,0.5004971355320699,0.8590752398081535,0.5442986985968088,0.8877338877338877,0.4008109261031923,0.5991890738968078,0.11226611226611227,0.884841720946234,0.8877338877338877,0.8861910822030925,0.5004971355320699,0.8592051774380911,0.9147783559657098,0.7500384941104011,0.8877338877338877,0.01,0.002,0.01,0.0,10.0,0.0,10250.0,924503.0,104666.0,90.22869022869023,52.07900207900208,?
DatasetClassiRealeseNormalized,5,10,weka.classifiers.meta.FilteredClassifier,'-F \"weka.filters.MultiFilter -F \\\"weka.filters.supervised.instance.Resample -B 1.0 -S 1 -Z 200.0\\\" -S 1\" -S 1 -W weka.classifiers.bayes.NaiveBayes',-4523450618538717400,2.02604250818E7,4330.0,481.0,422.0,59.0,0.0,87.73388773388774,12.266112266112266,0.0,0.45013659878708046,0.12126757164604822,0.34134445541851,52.579460667677374,100.50320206794936,272.1308087156738,3745.478576275593,-3473.347767559919,0.565760517080403,7.786857746934705,-7.221097229854301,90.11021036254914,0.18733931468305434,33.11282937342739,0.5,32.0,0.06474820143884892,27.0,0.935251798561151,390.0,0.5,32.0,0.5423728813559322,0.5,0.5203252032520326,0.450626115954997,0.8512627398081535,0.47834632807246635,0.8773388773388774,0.44208707877772624,0.5579129212222737,0.12266112266112267,0.8733700859172785,0.8773388773388774,0.8752112630713752,0.450626115954997,0.852497147292561,0.9041914505123996,0.7250016957857301,0.8773388773388774,0.012,0.001,0.01,0.01,10.0,10.0,10258.0,924503.0,104666.0,89.1891891891892,51.24740124740125,?
DatasetClassiRealeseNormalized,6,1,weka.classifiers.meta.FilteredClassifier,'-F \"weka.filters.MultiFilter -F \\\"weka.filters.supervised.instance.Resample -B 1.0 -S 1 -Z 200.0\\\" -S 1\" -S 1 -W weka.classifiers.bayes.NaiveBayes',-4523450618538717400,2.02604250818E7,4329.0,482.0,414.0,68.0,0.0,85.89211618257261,14.107883817427386,0.0,0.3874102870813395,0.14379109150151312,0.3719892044227096,62.3939783855034,109.62236310339914,272.3366817903761,4399.581492014352,-4127.244810223976,0.565013862635635,9.127762431565046,-8.562748568929411,54.971449141013316,0.1140486496701521,20.185106457060428,0.46875,30.0,0.08133971291866028,34.0,0.9186602870813397,384.0,0.53125,34.0,0.46875,0.46875,0.46875,0.38741028708133973,0.846721740430622,0.4433907752777406,0.8589211618257261,0.47151087474438647,0.5284891252556135,0.14107883817427386,0.8589211618257261,0.8589211618257261,0.8589211618257261,0.3874102870813397,0.8469972850364311,0.9003829072781367,0.6937051435406698,0.8589211618257261,0.011,0.001,0.01,0.0,10.0,0.0,10250.0,924290.0,104879.0,87.13692946058092,51.55601659751037,?
DatasetClassiRealeseNormalized,6,2,weka.classifiers.meta.FilteredClassifier,'-F \"weka.filters.MultiFilter -F \\\"weka.filters.supervised.instance.Resample -B 1.0 -S 1 -Z 200.0\\\" -S 1\" -S 1 -W weka.classifiers.bayes.NaiveBayes',-4523450618538717400,2.02604250818E7,4330.0,481.0,419.0,62.0,0.0,87.11018711018711,12.88981288981289,0.0,0.4557830577758313,0.13157261291326366,0.3540911297783084,57.384872233959626,104.95238826013052,269.42867131105754,3143.0074745503043,-2873.5788032392466,0.5601427677984564,6.534319073909157,-5.974176306110699,68.61129235733601,0.14264301945392102,25.465475527704225,0.5555555555555556,35.0,0.08133971291866028,34.0,0.9186602870813397,384.0,0.4444444444444444,28.0,0.5072463768115942,0.5555555555555556,0.5303030303030303,0.4564164839859993,0.8472317156527683,0.4990374141522744,0.8711018711018711,0.39688602846497584,0.6031139715350242,0.1288981288981289,0.8764007375235742,0.8711018711018711,0.873565477179935,0.4564164839859993,0.8472977157187683,0.9073439018745713,0.7278021175611538,0.8711018711018711,0.011,0.001,0.01,0.0,10.0,0.0,10254.0,924503.0,104666.0,88.35758835758836,51.55925155925156,?
DatasetClassiRealeseNormalized,6,3,weka.classifiers.meta.FilteredClassifier,'-F \"weka.filters.MultiFilter -F \\\"weka.filters.supervised.instance.Resample -B 1.0 -S 1 -Z 200.0\\\" -S 1\" -S 1 -W weka.classifiers.bayes.NaiveBayes',-4523450618538717400,2.02604250818E7,4330.0,481.0,415.0,66.0,0.0,86.27858627858627,13.721413721413722,0.0,0.405238309352518,0.13777411290646874,0.36449302062827205,59.73640316418326,107.31891238615967,272.1308087156738,3629.684553757357,-3357.553745041683,0.565760517080403,7.546121733383279,-6.980361216302875,63.470922144573265,0.1319561790947469,23.32368115323855,0.484375,31.0,0.07913669064748201,33.0,0.920863309352518,384.0,0.515625,33.0,0.484375,0.484375,0.484375,0.405238309352518,0.854597571942446,0.47397567779597227,0.8627858627858628,0.4575475534333448,0.5424524465666551,0.13721413721413722,0.8627858627858628,0.8627858627858628,0.8627858627858628,0.405238309352518,0.8554096821295563,0.9059090380155096,0.702619154676259,0.8627858627858628,0.01,0.002,0.01,0.0,10.0,0.0,10254.0,924503.0,104666.0,87.31808731808732,51.143451143451145,?
DatasetClassiRealeseNormalized,6,4,weka.classifiers.meta.FilteredClassifier,'-F \"weka.filters.MultiFilter -F \\\"weka.filters.supervised.instance.Resample -B 1.0 -S 1 -Z 200.0\\\" -S 1\" -S 1 -W weka.classifiers.bayes.NaiveBayes',-4523450618538717400,2.02604250818E7,4330.0,481.0,425.0,56.0,0.0,88.35758835758836,11.642411642411643,0.0,0.5266579973992197,0.1210872827229148,0.3417771407178637,52.50129059950466,100.63059906351343,272.1308087156738,2370.948164874894,-2098.81735615922,0.565760517080403,4.9292061639810685,-4.363445646900665,88.57135874778727,0.1841400389766887,32.54734705188338,0.640625,41.0,0.07913669064748201,33.0,0.920863309352518,384.0,0.359375,23.0,0.5540540540540541,0.640625,0.5942028985507247,0.5285495024315147,0.8721897482014388,0.49727243416950495,0.8835758835758836,0.3220875742233656,0.6779124257766344,0.11642411642411643,0.8916722430235944,0.8835758835758836,0.8870876916465773,0.5285495024315147,0.8765426588043495,0.9125950404585528,0.7631208667510905,0.8835758835758836,0.011,0.001,0.01,0.0,10.0,0.0,10250.0,924503.0,104666.0,88.77338877338877,51.143451143451145,?
DatasetClassiRealeseNormalized,6,5,weka.classifiers.meta.FilteredClassifier,'-F \"weka.filters.MultiFilter -F \\\"weka.filters.supervised.instance.Resample -B 1.0 -S 1 -Z 200.0\\\" -S 1\" -S 1 -W weka.classifiers.bayes.NaiveBayes',-4523450618538717400,2.02604250818E7,4330.0,481.0,426.0,55.0,0.0,88.56548856548856,11.434511434511435,0.0,0.5076215823856766,0.11471846532486196,0.3293834985041965,49.739884732007425,96.9814970846022,272.1308087156738,2995.5764403239614,-2723.4456316082874,0.565760517080403,6.227809647243163,-5.662049130162759,98.21359608523784,0.20418627044747992,36.09058325617693,0.578125,37.0,0.0671462829736211,28.0,0.9328537170263789,389.0,0.421875,27.0,0.5692307692307692,0.578125,0.5736434108527132,0.5076419250965265,0.8654451438848921,0.5592827245300392,0.8856548856548857,0.3746761686285068,0.6253238313714933,0.11434511434511435,0.8864155205501358,0.8856548856548857,0.8860294492500864,0.5076419250965265,0.866159800849549,0.9131454437465044,0.7538085001442438,0.8856548856548857,0.01,0.002,0.01,0.0,10.0,0.0,10250.0,924503.0,104666.0,90.43659043659044,51.767151767151766,?
DatasetClassiRealeseNormalized,6,6,weka.classifiers.meta.FilteredClassifier,'-F \"weka.filters.MultiFilter -F \\\"weka.filters.supervised.instance.Resample -B 1.0 -S 1 -Z 200.0\\\" -S 1\" -S 1 -W weka.classifiers.bayes.NaiveBayes',-4523450618538717400,2.02604250818E7,4330.0,481.0,422.0,59.0,0.0,87.73388773388774,12.266112266112266,0.0,0.50437485810091,0.12366737305200173,0.34558584713238444,53.61997184409361,101.75200937008118,272.1308087156738,3134.0181457849194,-2861.8873370692454,0.565760517080403,6.515630240717088,-5.949869723636684,85.61983832444345,0.1780038218803398,31.46275084711202,0.625,40.0,0.08393285371702638,35.0,0.9160671462829736,382.0,0.375,24.0,0.5333333333333333,0.625,0.5755395683453237,0.5065420810548199,0.8494079736211031,0.5234840915912906,0.8773388773388774,0.3362717310559037,0.6637282689440962,0.12266112266112267,0.8866592245902589,0.8773388773388774,0.8813726469609052,0.5065420810548199,0.8503825058456354,0.9092946094025346,0.7519253127267322,0.8773388773388774,0.01,0.002,0.01,0.0,10.0,0.0,10258.0,924503.0,104666.0,88.98128898128898,51.45530145530145,?
DatasetClassiRealeseNormalized,6,7,weka.classifiers.meta.FilteredClassifier,'-F \"weka.filters.MultiFilter -F \\\"weka.filters.supervised.instance.Resample -B 1.0 -S 1 -Z 200.0\\\" -S 1\" -S 1 -W weka.classifiers.bayes.NaiveBayes',-4523450618538717400,2.02604250818E7,4330.0,481.0,413.0,68.0,0.0,85.86278586278586,14.137214137214137,0.0,0.4106029480664577,0.14166122870805897,0.3725212270090261,61.42178739037165,109.68268433358696,272.1308087156738,5233.432012038593,-4961.301203322919,0.565760517080403,10.880316033344268,-10.314555516263864,57.711572842912936,0.11998247992289592,21.20729112417801,0.515625,33.0,0.08872901678657075,37.0,0.9112709832134293,380.0,0.484375,31.0,0.4714285714285714,0.515625,0.4925373134328358,0.41115933214656947,0.8525367206235012,0.4185479810612609,0.8586278586278586,0.43173187541442937,0.5682681245855706,0.14137214137214138,0.8642804029665343,0.8586278586278586,0.8612806886655038,0.4111593321465694,0.8529102913095719,0.8989069140802732,0.7052058547840507,0.8586278586278586,0.011,0.002,0.02,0.0,20.0,0.0,10250.0,924503.0,104666.0,86.9022869022869,50.83160083160083,?
DatasetClassiRealeseNormalized,6,8,weka.classifiers.meta.FilteredClassifier,'-F \"weka.filters.MultiFilter -F \\\"weka.filters.supervised.instance.Resample -B 1.0 -S 1 -Z 200.0\\\" -S 1\" -S 1 -W weka.classifiers.bayes.NaiveBayes',-4523450618538717400,2.02604250818E7,4330.0,481.0,426.0,55.0,0.0,88.56548856548856,11.434511434511435,0.0,0.4874154734455835,0.11659496046905135,0.3329029613850549,50.55349962746335,98.01774443964383,272.1308087156738,1659.3744868726533,-1387.2436781569795,0.565760517080403,3.4498430080512543,-2.8840824909708513,92.56788687202001,0.19244882925575885,34.015952588718555,0.53125,34.0,0.05995203836930456,25.0,0.9400479616306955,392.0,0.46875,30.0,0.576271186440678,0.53125,0.5528455284552846,0.48794553086104964,0.887683603117506,0.5944000264711794,0.8856548856548857,0.4143569240241902,0.5856430759758099,0.11434511434511435,0.8819892020149069,0.8856548856548857,0.8836715164224683,0.48794553086104964,0.8885444399158429,0.9265500561469019,0.7436456486138163,0.8856548856548857,0.011,0.001,0.01,0.0,10.0,0.0,10254.0,924503.0,104666.0,90.02079002079002,51.55925155925156,?
DatasetClassiRealeseNormalized,6,9,weka.classifiers.meta.FilteredClassifier,'-F \"weka.filters.MultiFilter -F \\\"weka.filters.supervised.instance.Resample -B 1.0 -S 1 -Z 200.0\\\" -S 1\" -S 1 -W weka.classifiers.bayes.NaiveBayes',-4523450618538717400,2.02604250818E7,4330.0,481.0,422.0,59.0,0.0,87.73388773388774,12.266112266112266,0.0,0.4853375890897883,0.1263025922447217,0.34821872360615375,54.762555982734966,102.52721609180382,272.1308087156738,2456.254219736123,-2184.123411020449,0.565760517080403,5.106557629389029,-4.540797112308626,78.99841445823105,0.16423786789653025,29.029573987254683,0.578125,37.0,0.07673860911270983,32.0,0.9232613908872902,385.0,0.421875,27.0,0.5362318840579711,0.578125,0.556390977443609,0.4857998796024638,0.8930980215827338,0.5496285529026995,0.8773388773388774,0.3759524864515872,0.6240475135484129,0.12266112266112267,0.8814785253155873,0.8773388773388774,0.8792746306554955,0.4857998796024638,0.894949632809345,0.924111866319604,0.7426104465022629,0.8773388773388774,0.011,0.001,0.01,0.01,10.0,10.0,10254.0,924503.0,104666.0,88.77338877338877,51.45530145530145,?
DatasetClassiRealeseNormalized,6,10,weka.classifiers.meta.FilteredClassifier,'-F \"weka.filters.MultiFilter -F \\\"weka.filters.supervised.instance.Resample -B 1.0 -S 1 -Z 200.0\\\" -S 1\" -S 1 -W weka.classifiers.bayes.NaiveBayes',-4523450618538717400,2.02604250818E7,4330.0,481.0,412.0,69.0,0.0,85.65488565488566,14.345114345114345,0.0,0.3903003582254067,0.14324059583050947,0.37098251717366787,62.106572864076774,109.22963679450406,272.1308087156738,2395.2535929048886,-2123.1227841892146,0.565760517080403,4.979737199386463,-4.4139766823060596,53.56994852766867,0.11137203436105753,19.685367041127385,0.484375,31.0,0.08633093525179857,36.0,0.9136690647482014,381.0,0.515625,33.0,0.4626865671641791,0.484375,0.4732824427480916,0.3904375645475174,0.8125749400479616,0.5089816009056826,0.8565488565488566,0.4585047918006551,0.5414952081993448,0.14345114345114346,0.8594029311096151,0.8565488565488566,0.8579324898116752,0.39043756454751744,0.813322081420103,0.901989374107177,0.6951249758866812,0.8565488565488566,0.01,0.001,0.01,0.0,10.0,0.0,10250.0,924503.0,104666.0,87.31808731808732,51.55925155925156,?
DatasetClassiRealeseNormalized,7,1,weka.classifiers.meta.FilteredClassifier,'-F \"weka.filters.MultiFilter -F \\\"weka.filters.supervised.instance.Resample -B 1.0 -S 1 -Z 200.0\\\" -S 1\" -S 1 -W weka.classifiers.bayes.NaiveBayes',-4523450618538717400,2.02604250818E7,4329.0,482.0,408.0,74.0,0.0,84.64730290456431,15.352697095435685,0.0,0.36687020732746384,0.15253542846069784,0.3847583062257095,66.1883300767637,113.3853193873726,272.3366817903761,4568.81663569494,-4296.479953904563,0.565013862635635,9.478872688163776,-8.91385882552814,41.99639999116014,0.0871294605625729,15.4207651040875,0.484375,31.0,0.09808612440191387,41.0,0.9019138755980861,377.0,0.515625,33.0,0.4305555555555556,0.484375,0.4558823529411765,0.36773261725384826,0.7986318779904307,0.4122980503165518,0.8464730290456431,0.46018415344755703,0.539815846552443,0.15352697095435686,0.8545884919430107,0.8464730290456431,0.8502468520031743,0.36773261725384826,0.7999933925132522,0.8856321327971896,0.6832551861324241,0.8464730290456431,0.01,0.002,0.01,0.0,10.0,0.0,10250.0,924290.0,104879.0,86.09958506224066,51.2448132780083,?
DatasetClassiRealeseNormalized,7,2,weka.classifiers.meta.FilteredClassifier,'-F \"weka.filters.MultiFilter -F \\\"weka.filters.supervised.instance.Resample -B 1.0 -S 1 -Z 200.0\\\" -S 1\" -S 1 -W weka.classifiers.bayes.NaiveBayes',-4523450618538717400,2.02604250818E7,4330.0,481.0,419.0,62.0,0.0,87.11018711018711,12.88981288981289,0.0,0.4761453063518831,0.1287958139664699,0.35316179918228613,56.17378240870702,104.67693525571096,269.42867131105754,4292.166773672588,-4022.73810236153,0.5601427677984564,8.923423645888956,-8.3632808780905,74.07329353156439,0.1539985312506536,27.49272865843078,0.6031746031746031,38.0,0.08851674641148326,37.0,0.9114832535885168,381.0,0.3968253968253968,25.0,0.5066666666666667,0.6031746031746031,0.5507246376811594,0.4786117696350432,0.8880534670008354,0.5153997205313162,0.8711018711018711,0.35644401433875117,0.6435559856612488,0.1288981288981289,0.8818733549768033,0.8711018711018711,0.8757675589672212,0.4786117696350432,0.8898684688158374,0.9195686030658519,0.7377409596172787,0.8711018711018711,0.011,0.001,0.01,0.0,10.0,0.0,10258.0,924503.0,104666.0,88.35758835758836,51.143451143451145,?
DatasetClassiRealeseNormalized,7,3,weka.classifiers.meta.FilteredClassifier,'-F \"weka.filters.MultiFilter -F \\\"weka.filters.supervised.instance.Resample -B 1.0 -S 1 -Z 200.0\\\" -S 1\" -S 1 -W weka.classifiers.bayes.NaiveBayes',-4523450618538717400,2.02604250818E7,4330.0,481.0,419.0,62.0,0.0,87.11018711018711,12.88981288981289,0.0,0.4823647851142122,0.1269824762686266,0.352011494470935,55.05734159448803,103.64393444058493,272.1308087156738,2070.1059528215746,-1797.9751441059009,0.565760517080403,4.303754579670634,-3.7379940625902304,80.63551435991752,0.1676414019956705,29.6311596399093,0.609375,39.0,0.08872901678657075,37.0,0.9112709832134293,380.0,0.390625,25.0,0.5131578947368421,0.609375,0.5571428571428572,0.48480403846285774,0.854410221822542,0.5044010303018319,0.8711018711018711,0.35045588788844184,0.6495441121115582,0.1288981288981289,0.8817076185497238,0.8711018711018711,0.8756852143713457,0.48480403846285774,0.8564080128828331,0.9077838298395968,0.7408585331942996,0.8711018711018711,0.011,0.001,0.01,0.0,10.0,0.0,10254.0,924503.0,104666.0,88.35758835758836,50.935550935550935,?
DatasetClassiRealeseNormalized,7,4,weka.classifiers.meta.FilteredClassifier,'-F \"weka.filters.MultiFilter -F \\\"weka.filters.supervised.instance.Resample -B 1.0 -S 1 -Z 200.0\\\" -S 1\" -S 1 -W weka.classifiers.bayes.NaiveBayes',-4523450618538717400,2.02604250818E7,4330.0,481.0,404.0,77.0,0.0,83.99168399168398,16.008316008316008,0.0,0.35316718769101807,0.15706885646404006,0.3902519885335514,68.10226055052024,114.90321239557979,272.1308087156738,4131.418667561342,-3859.287858845668,0.565760517080403,8.58922799908803,-8.023467482007625,32.68719560014086,0.06795674760944045,12.01157478435046,0.484375,31.0,0.10551558752997602,44.0,0.894484412470024,373.0,0.515625,33.0,0.41333333333333333,0.484375,0.4460431654676259,0.3546846940128313,0.8264763189448441,0.4085336427786548,0.83991683991684,0.4610574274468159,0.538942572553184,0.1600831600831601,0.8514745211296935,0.83991683991684,0.8451812511184698,0.3546846940128313,0.8288476806912058,0.8924534619904572,0.6762415098298032,0.83991683991684,0.01,0.002,0.02,0.0,20.0,0.0,10258.0,924503.0,104666.0,85.23908523908524,50.935550935550935,?
DatasetClassiRealeseNormalized,7,5,weka.classifiers.meta.FilteredClassifier,'-F \"weka.filters.MultiFilter -F \\\"weka.filters.supervised.instance.Resample -B 1.0 -S 1 -Z 200.0\\\" -S 1\" -S 1 -W weka.classifiers.bayes.NaiveBayes',-4523450618538717400,2.02604250818E7,4330.0,481.0,414.0,67.0,0.0,86.07068607068607,13.92931392931393,0.0,0.3669187702583245,0.1377632158959094,0.3674261104385783,59.73167841435671,108.18251193555686,272.1308087156738,4136.855228864519,-3864.7244201488447,0.565760517080403,8.600530621339956,-8.034770104259552,64.61384311687763,0.13433231417230276,23.74367070815091,0.421875,27.0,0.07194244604316546,30.0,0.9280575539568345,387.0,0.578125,37.0,0.47368421052631576,0.421875,0.4462809917355372,0.367724024711472,0.8672062350119905,0.48665999506343516,0.8607068607068608,0.5107743067500262,0.48922569324997384,0.1392931392931393,0.8543173358218046,0.8607068607068608,0.8572574182778484,0.367724024711472,0.8681970094402649,0.9090855339494243,0.6833069643576616,0.8607068607068608,0.01,0.002,0.01,0.0,10.0,0.0,10258.0,924503.0,104666.0,86.6943866943867,50.62370062370062,?
DatasetClassiRealeseNormalized,7,6,weka.classifiers.meta.FilteredClassifier,'-F \"weka.filters.MultiFilter -F \\\"weka.filters.supervised.instance.Resample -B 1.0 -S 1 -Z 200.0\\\" -S 1\" -S 1 -W weka.classifiers.bayes.NaiveBayes',-4523450618538717400,2.02604250818E7,4330.0,481.0,424.0,57.0,0.0,88.14968814968815,11.85031185031185,0.0,0.5090694218131684,0.11725665042081675,0.3328270038663937,50.8403966133665,97.99538001061795,272.1308087156738,1711.6939809929765,-1439.5631722773028,0.565760517080403,3.5586153450997435,-2.9928548280193406,92.26814001295465,0.19182565491258763,33.90580450938862,0.609375,39.0,0.07673860911270983,32.0,0.9232613908872902,385.0,0.390625,25.0,0.5492957746478874,0.609375,0.5777777777777777,0.5099971472718738,0.8955335731414868,0.5841787237920371,0.8814968814968815,0.34886049060959134,0.6511395093904088,0.11850311850311851,0.8871686077113765,0.8814968814968815,0.884067659883863,0.5099971472718738,0.8978724504803641,0.9282488415885198,0.7544269783689372,0.8814968814968815,0.012,0.001,0.01,0.0,10.0,0.0,10250.0,924503.0,104666.0,90.64449064449065,51.87110187110187,?
DatasetClassiRealeseNormalized,7,7,weka.classifiers.meta.FilteredClassifier,'-F \"weka.filters.MultiFilter -F \\\"weka.filters.supervised.instance.Resample -B 1.0 -S 1 -Z 200.0\\\" -S 1\" -S 1 -W weka.classifiers.bayes.NaiveBayes',-4523450618538717400,2.02604250818E7,4330.0,481.0,424.0,57.0,0.0,88.14968814968815,11.85031185031185,0.0,0.48971691265424655,0.12120800649787736,0.34120596631418093,52.55363427960921,100.46242625274085,272.1308087156738,2299.8035171315505,-2027.6727084158767,0.565760517080403,4.781296293412787,-4.215535776332384,88.35832168399817,0.18369713447816668,32.469062250249,0.5625,36.0,0.06954436450839328,29.0,0.9304556354916067,388.0,0.4375,28.0,0.5538461538461539,0.5625,0.5581395348837209,0.4897365378433602,0.8578199940047961,0.5123216650611582,0.8814968814968815,0.3885412460052748,0.6114587539947252,0.11850311850311851,0.8822845034383496,0.8814968814968815,0.8818850655864532,0.4897365378433602,0.8592980345453367,0.9106383938891851,0.7448560819676708,0.8814968814968815,0.011,0.001,0.01,0.0,10.0,0.0,10254.0,924503.0,104666.0,89.81288981288981,51.55925155925156,?
DatasetClassiRealeseNormalized,7,8,weka.classifiers.meta.FilteredClassifier,'-F \"weka.filters.MultiFilter -F \\\"weka.filters.supervised.instance.Resample -B 1.0 -S 1 -Z 200.0\\\" -S 1\" -S 1 -W weka.classifiers.bayes.NaiveBayes',-4523450618538717400,2.02604250818E7,4330.0,481.0,424.0,57.0,0.0,88.14968814968815,11.85031185031185,0.0,0.4963350785340317,0.12046019924523049,0.3396301806527195,52.229398364814834,99.99846235282787,272.1308087156738,2160.1916697305464,-1888.0608610148727,0.565760517080403,4.491042972412778,-3.9252824553323755,88.85757479999573,0.18473508274427386,32.65252296105708,0.578125,37.0,0.07194244604316546,30.0,0.9280575539568345,387.0,0.421875,27.0,0.5522388059701493,0.578125,0.564885496183206,0.49650956033817306,0.8557029376498801,0.4913979806903574,0.8814968814968815,0.37531432754004695,0.6246856724599531,0.11850311850311851,0.8838828095804087,0.8814968814968815,0.8826398828879056,0.4965095603381731,0.8568398919118344,0.9081254408955707,0.7481467192107366,0.8814968814968815,0.01,0.001,0.01,0.0,10.0,0.0,10254.0,924503.0,104666.0,89.60498960498961,51.45530145530145,?
DatasetClassiRealeseNormalized,7,9,weka.classifiers.meta.FilteredClassifier,'-F \"weka.filters.MultiFilter -F \\\"weka.filters.supervised.instance.Resample -B 1.0 -S 1 -Z 200.0\\\" -S 1\" -S 1 -W weka.classifiers.bayes.NaiveBayes',-4523450618538717400,2.02604250818E7,4330.0,481.0,413.0,68.0,0.0,85.86278586278586,14.137214137214137,0.0,0.4458525345622119,0.13610535988362796,0.35897574840542273,59.01286155501652,105.69444327211751,272.1308087156738,4934.369897906601,-4662.239089190927,0.565760517080403,10.2585652763131,-9.692804759232697,62.100754532477026,0.1291075977806175,22.82018519900875,0.59375,38.0,0.10071942446043165,42.0,0.8992805755395683,375.0,0.40625,26.0,0.475,0.59375,0.5277777777777778,0.4496915094212502,0.8582134292565947,0.5319444027016952,0.8586278586278586,0.36559728308829026,0.6344027169117097,0.14137214137214138,0.8739347058549054,0.8586278586278586,0.86509925385231,0.4496915094212502,0.8595777743709399,0.9128311473700629,0.7223240967128497,0.8586278586278586,0.011,0.002,0.02,0.0,20.0,0.0,10254.0,924503.0,104666.0,89.1891891891892,52.07900207900208,?
DatasetClassiRealeseNormalized,7,10,weka.classifiers.meta.FilteredClassifier,'-F \"weka.filters.MultiFilter -F \\\"weka.filters.supervised.instance.Resample -B 1.0 -S 1 -Z 200.0\\\" -S 1\" -S 1 -W weka.classifiers.bayes.NaiveBayes',-4523450618538717400,2.02604250818E7,4330.0,481.0,412.0,69.0,0.0,85.65488565488566,14.345114345114345,0.0,0.4131345817198027,0.1456446806849948,0.3751191407442476,63.14894126753685,110.4475968579927,272.1308087156738,3532.5237524203376,-3260.3929437046636,0.565760517080403,7.344124225406107,-6.778363708325704,50.405051311418894,0.10479220646864636,18.52236119434857,0.53125,34.0,0.09352517985611511,39.0,0.9064748201438849,378.0,0.46875,30.0,0.4657534246575342,0.53125,0.49635036496350365,0.41435031736397415,0.8754683752997602,0.4981175914606387,0.8565488565488566,0.4188240364049716,0.5811759635950283,0.14345114345114346,0.8651693440170476,0.8565488565488566,0.8604782946388787,0.4143503173639741,0.8763616965055814,0.9150072527944887,0.7063570006635701,0.8565488565488566,0.011,0.001,0.01,0.0,10.0,0.0,10254.0,924503.0,104666.0,87.11018711018711,51.45530145530145,?
DatasetClassiRealeseNormalized,8,1,weka.classifiers.meta.FilteredClassifier,'-F \"weka.filters.MultiFilter -F \\\"weka.filters.supervised.instance.Resample -B 1.0 -S 1 -Z 200.0\\\" -S 1\" -S 1 -W weka.classifiers.bayes.NaiveBayes',-4523450618538717400,2.02604250818E7,4329.0,482.0,403.0,79.0,0.0,83.60995850622406,16.390041493775932,0.0,0.3198170840627347,0.16179573125612992,0.39740745662085564,70.20657019461778,117.11292691221496,272.3366817903761,3350.2226480935196,-3077.8859663031435,0.565013862635635,6.950669394384896,-6.3856555317492605,26.139677730447712,0.054231696536198574,9.59829486009822,0.4375,28.0,0.10287081339712918,43.0,0.8971291866028708,375.0,0.5625,36.0,0.39436619718309857,0.4375,0.41481481481481486,0.32039952262636867,0.8094348086124402,0.40931056165762436,0.8360995850622407,0.5014703984593698,0.49852960154063014,0.16390041493775934,0.8436230247584792,0.8360995850622407,0.8396568750402045,0.32039952262636867,0.8121254206456353,0.8859898113615464,0.65975963901175,0.8360995850622407,0.01,0.002,0.02,0.0,20.0,0.0,10250.0,924290.0,104879.0,85.68464730290457,51.2448132780083,?
DatasetClassiRealeseNormalized,8,2,weka.classifiers.meta.FilteredClassifier,'-F \"weka.filters.MultiFilter -F \\\"weka.filters.supervised.instance.Resample -B 1.0 -S 1 -Z 200.0\\\" -S 1\" -S 1 -W weka.classifiers.bayes.NaiveBayes',-4523450618538717400,2.02604250818E7,4330.0,481.0,427.0,54.0,0.0,88.77338877338877,11.226611226611226,0.0,0.5000962315716541,0.11488802879884467,0.3290884790745259,50.10795717935127,97.54161830992386,269.42867131105754,2693.779234239953,-2424.3505629288957,0.5601427677984564,5.600372628357491,-5.040229860559035,92.12072542975005,0.19151917968763005,34.19113674186366,0.5555555555555556,35.0,0.06220095693779904,26.0,0.937799043062201,392.0,0.4444444444444444,28.0,0.5737704918032787,0.5555555555555556,0.5645161290322581,0.5001819709943595,0.862762968026126,0.5128682615933208,0.8877338877338877,0.3943792891161312,0.6056207108838688,0.11226611226611227,0.886238823943742,0.8877338877338877,0.88696248496849,0.5001819709943595,0.8634889687521267,0.9108310985836596,0.7500384941104011,0.8877338877338877,0.012,0.001,0.01,0.0,10.0,0.0,10258.0,924503.0,104666.0,90.64449064449065,51.87110187110187,?
DatasetClassiRealeseNormalized,8,3,weka.classifiers.meta.FilteredClassifier,'-F \"weka.filters.MultiFilter -F \\\"weka.filters.supervised.instance.Resample -B 1.0 -S 1 -Z 200.0\\\" -S 1\" -S 1 -W weka.classifiers.bayes.NaiveBayes',-4523450618538717400,2.02604250818E7,4330.0,481.0,421.0,60.0,0.0,87.52598752598753,12.474012474012474,0.0,0.4663658888354721,0.12501057443113606,0.34899425328279493,54.20236005492627,102.75555791650287,272.1308087156738,2465.6567333867683,-2193.5259246710943,0.565760517080403,5.126105474816566,-4.560344957736163,83.00085617651558,0.17255895254992845,30.50035259448924,0.546875,35.0,0.07434052757793765,31.0,0.9256594724220624,386.0,0.453125,29.0,0.5303030303030303,0.546875,0.5384615384615384,0.46643968682206516,0.8301296462829736,0.5336852086201136,0.8752598752598753,0.4027254028378129,0.597274597162187,0.12474012474012475,0.8769223178861733,0.8752598752598753,0.8760694866464098,0.46643968682206516,0.8312666005449278,0.908229644784349,0.733173076923077,0.8752598752598753,0.01,0.002,0.02,0.0,20.0,0.0,10258.0,924503.0,104666.0,88.77338877338877,51.03950103950104,?
DatasetClassiRealeseNormalized,8,4,weka.classifiers.meta.FilteredClassifier,'-F \"weka.filters.MultiFilter -F \\\"weka.filters.supervised.instance.Resample -B 1.0 -S 1 -Z 200.0\\\" -S 1\" -S 1 -W weka.classifiers.bayes.NaiveBayes',-4523450618538717400,2.02604250818E7,4330.0,481.0,412.0,69.0,0.0,85.65488565488566,14.345114345114345,0.0,0.42037059676208116,0.1446690761028211,0.373012987140954,62.725936485142654,109.82747493183328,272.1308087156738,4878.840691589637,-4606.709882873963,0.565760517080403,10.143119940934795,-9.577359423854393,53.74822299589665,0.11174266735113648,19.750877620054247,0.546875,35.0,0.09592326139088729,40.0,0.9040767386091128,377.0,0.453125,29.0,0.4666666666666667,0.546875,0.5035971223021581,0.42217686603149296,0.8536046163069544,0.4561301121817042,0.8565488565488566,0.40559711793974385,0.5944028820602562,0.14345114345114346,0.8671121671121671,0.8565488565488566,0.86126631593733,0.42217686603149296,0.8568205726479108,0.9042113573783277,0.7098787555617717,0.8565488565488566,0.011,0.001,0.01,0.0,10.0,0.0,10258.0,924503.0,104666.0,87.11018711018711,51.55925155925156,?
DatasetClassiRealeseNormalized,8,5,weka.classifiers.meta.FilteredClassifier,'-F \"weka.filters.MultiFilter -F \\\"weka.filters.supervised.instance.Resample -B 1.0 -S 1 -Z 200.0\\\" -S 1\" -S 1 -W weka.classifiers.bayes.NaiveBayes',-4523450618538717400,2.02604250818E7,4330.0,481.0,414.0,67.0,0.0,86.07068607068607,13.92931392931393,0.0,0.40019356399709677,0.1403929098302387,0.3688941535037566,60.87186689930196,108.6147528185768,272.1308087156738,2865.5635650395443,-2593.4327563238703,0.565760517080403,5.957512609229822,-5.391752092149418,59.532098569257684,0.12376735669284342,21.876280326443183,0.484375,31.0,0.0815347721822542,34.0,0.9184652278177458,383.0,0.515625,33.0,0.47692307692307695,0.484375,0.48062015503875966,0.40020960157752855,0.8720960731414868,0.47098263239880295,0.8607068607068608,0.4578666328891149,0.542133367110885,0.1392931392931393,0.8616294178794178,0.8607068607068608,0.861163147268287,0.40020960157752855,0.8732005429959566,0.910238931172058,0.7000939910848061,0.8607068607068608,0.011,0.002,0.01,0.01,10.0,10.0,10258.0,924503.0,104666.0,87.31808731808732,51.351351351351354,?
DatasetClassiRealeseNormalized,8,6,weka.classifiers.meta.FilteredClassifier,'-F \"weka.filters.MultiFilter -F \\\"weka.filters.supervised.instance.Resample -B 1.0 -S 1 -Z 200.0\\\" -S 1\" -S 1 -W weka.classifiers.bayes.NaiveBayes',-4523450618538717400,2.02604250818E7,4330.0,481.0,419.0,62.0,0.0,87.11018711018711,12.88981288981289,0.0,0.4485780851299878,0.12913527607257302,0.3542289225975518,55.99075727256699,104.2968193008569,272.1308087156738,3360.7978356652598,-3088.6670269495858,0.565760517080403,6.987105687453763,-6.4213451703733595,78.07613185495488,0.16232044044689165,28.690662488174922,0.53125,34.0,0.07673860911270983,32.0,0.9232613908872902,385.0,0.46875,30.0,0.5151515151515151,0.53125,0.5230769230769231,0.44864906836505036,0.8536420863309353,0.46745364286716656,0.8711018711018711,0.41659048021458095,0.5834095197854191,0.1288981288981289,0.8728172945040414,0.8711018711018711,0.8719384695346234,0.4486490683650504,0.8550714002602492,0.9037000310310479,0.7242788461538462,0.8711018711018711,0.011,0.001,0.01,0.0,10.0,0.0,10258.0,924503.0,104666.0,87.94178794178794,50.935550935550935,?
DatasetClassiRealeseNormalized,8,7,weka.classifiers.meta.FilteredClassifier,'-F \"weka.filters.MultiFilter -F \\\"weka.filters.supervised.instance.Resample -B 1.0 -S 1 -Z 200.0\\\" -S 1\" -S 1 -W weka.classifiers.bayes.NaiveBayes',-4523450618538717400,2.02604250818E7,4330.0,481.0,417.0,64.0,0.0,86.6943866943867,13.305613305613306,0.0,0.4522419928825624,0.12831653980227323,0.35250233399751213,55.63576779815846,103.78845398188533,272.1308087156738,4361.9650645097445,-4089.8342557940705,0.565760517080403,9.068534437650197,-8.502773920569792,78.64612766264321,0.16350546291609816,28.900119039742325,0.5625,36.0,0.08633093525179857,36.0,0.9136690647482014,381.0,0.4375,28.0,0.5,0.5625,0.5294117647058824,0.4533058142063642,0.8569019784172662,0.5073334811700204,0.8669438669438669,0.3907748021956655,0.6092251978043345,0.13305613305613306,0.8741212530943583,0.8669438669438669,0.870212942994598,0.4533058142063642,0.8575029399557277,0.9094162550276351,0.7259649622560889,0.8669438669438669,0.011,0.001,0.01,0.0,10.0,0.0,10254.0,924503.0,104666.0,88.56548856548856,50.935550935550935,?
DatasetClassiRealeseNormalized,8,8,weka.classifiers.meta.FilteredClassifier,'-F \"weka.filters.MultiFilter -F \\\"weka.filters.supervised.instance.Resample -B 1.0 -S 1 -Z 200.0\\\" -S 1\" -S 1 -W weka.classifiers.bayes.NaiveBayes',-4523450618538717400,2.02604250818E7,4330.0,481.0,427.0,54.0,0.0,88.77338877338877,11.226611226611226,0.0,0.5319493999351281,0.11351511691938594,0.33294703413634746,49.218134281360044,98.03072092881347,272.1308087156738,3603.846839307437,-3331.7160305917632,0.565760517080403,7.4924050713252335,-6.92664455424483,101.97938610261738,0.21201535572269725,37.474399383116854,0.625,40.0,0.07194244604316546,30.0,0.9280575539568345,387.0,0.375,24.0,0.5714285714285714,0.625,0.5970149253731343,0.5326702135068345,0.8820068944844125,0.5459498531020657,0.8877338877338877,0.3346763337770532,0.6653236662229468,0.11226611226611227,0.8923514835923594,0.8877338877338877,0.8898405468814293,0.5326702135068345,0.8832088175613355,0.9189741403409962,0.7658987670343932,0.8877338877338877,0.01,0.002,0.01,0.0,10.0,0.0,10250.0,924503.0,104666.0,89.1891891891892,51.03950103950104,?
DatasetClassiRealeseNormalized,8,9,weka.classifiers.meta.FilteredClassifier,'-F \"weka.filters.MultiFilter -F \\\"weka.filters.supervised.instance.Resample -B 1.0 -S 1 -Z 200.0\\\" -S 1\" -S 1 -W weka.classifiers.bayes.NaiveBayes',-4523450618538717400,2.02604250818E7,4330.0,481.0,419.0,62.0,0.0,87.11018711018711,12.88981288981289,0.0,0.5007199062447681,0.12422717318856315,0.3425540198586746,53.86269121962462,100.8593382155104,272.1308087156738,2931.2333173324287,-2659.1025086167547,0.565760517080403,6.09404016077428,-5.528279643693876,83.08492419593193,0.17273373013707263,30.53124509791916,0.65625,42.0,0.09592326139088729,40.0,0.9040767386091128,377.0,0.34375,22.0,0.5121951219512195,0.65625,0.5753424657534246,0.506064633786347,0.8882269184652278,0.5857318086878311,0.8711018711018711,0.3107751324927584,0.6892248675072415,0.1288981288981289,0.8872931530184418,0.8711018711018711,0.8776259756316162,0.506064633786347,0.8884543093176187,0.9271349181810286,0.7496810367982809,0.8711018711018711,0.011,0.001,0.01,0.0,10.0,0.0,10258.0,924503.0,104666.0,89.1891891891892,51.975051975051976,?
DatasetClassiRealeseNormalized,8,10,weka.classifiers.meta.FilteredClassifier,'-F \"weka.filters.MultiFilter -F \\\"weka.filters.supervised.instance.Resample -B 1.0 -S 1 -Z 200.0\\\" -S 1\" -S 1 -W weka.classifiers.bayes.NaiveBayes',-4523450618538717400,2.02604250818E7,4330.0,481.0,422.0,59.0,0.0,87.73388773388774,12.266112266112266,0.0,0.45013659878708046,0.12424329927642007,0.344372915112681,53.86968320429692,101.394881694691,272.1308087156738,2986.678675502225,-2714.547866786551,0.565760517080403,6.209311175680301,-5.643550658599898,84.01519517237506,0.1746677654311332,30.873092087179053,0.5,32.0,0.06474820143884892,27.0,0.935251798561151,390.0,0.5,32.0,0.5423728813559322,0.5,0.5203252032520326,0.450626115954997,0.8772294664268585,0.5275484940047646,0.8773388773388774,0.44208707877772624,0.5579129212222737,0.12266112266112267,0.8733700859172785,0.8773388773388774,0.8752112630713752,0.450626115954997,0.8787237491711413,0.916870576491362,0.7250016957857301,0.8773388773388774,0.011,0.001,0.02,0.0,20.0,0.0,10258.0,924503.0,104666.0,88.56548856548856,51.351351351351354,?
DatasetClassiRealeseNormalized,9,1,weka.classifiers.meta.FilteredClassifier,'-F \"weka.filters.MultiFilter -F \\\"weka.filters.supervised.instance.Resample -B 1.0 -S 1 -Z 200.0\\\" -S 1\" -S 1 -W weka.classifiers.bayes.NaiveBayes',-4523450618538717400,2.02604250818E7,4329.0,482.0,410.0,72.0,0.0,85.06224066390041,14.937759336099585,0.0,0.3839818233456404,0.14845080763083338,0.3788588805494889,64.41592720319028,111.64680392538817,272.3366817903761,4587.282496467518,-4314.945814677142,0.565013862635635,9.517183602629705,-8.952169739994071,45.9978356307777,0.09543119425472552,16.890062450780434,0.5,32.0,0.09569377990430622,40.0,0.9043062200956937,378.0,0.5,32.0,0.4444444444444444,0.5,0.47058823529411764,0.38488445792700043,0.8701779306220095,0.5015843507392905,0.8506224066390041,0.4463161865433104,0.5536838134566896,0.14937759336099585,0.858547830291581,0.8506224066390041,0.8542942343814669,0.38488445792700043,0.8704048497091466,0.9135256034990572,0.6918158567774937,0.8506224066390041,0.012,0.001,0.01,0.0,10.0,0.0,10254.0,924290.0,104879.0,86.72199170124482,51.34854771784232,?
DatasetClassiRealeseNormalized,9,2,weka.classifiers.meta.FilteredClassifier,'-F \"weka.filters.MultiFilter -F \\\"weka.filters.supervised.instance.Resample -B 1.0 -S 1 -Z 200.0\\\" -S 1\" -S 1 -W weka.classifiers.bayes.NaiveBayes',-4523450618538717400,2.02604250818E7,4330.0,481.0,416.0,65.0,0.0,86.48648648648648,13.513513513513514,0.0,0.4103502253738946,0.13487474928681673,0.35998894246993285,58.82508589012812,106.70049623415527,269.42867131105754,3972.2827005677136,-3702.854029256656,0.5601427677984564,8.25838399286427,-7.6982412250658125,63.60548580019468,0.13223593721454194,23.607541651260135,0.49206349206349204,31.0,0.07894736842105263,33.0,0.9210526315789473,385.0,0.5079365079365079,32.0,0.484375,0.49206349206349204,0.4881889763779527,0.4103671108397352,0.8383458646616542,0.45805238286364375,0.8648648648648649,0.4517487412224254,0.5482512587775745,0.13513513513513514,0.8657773105839653,0.8648648648648649,0.8653159737133522,0.4103671108397352,0.8384448647606543,0.9041091449393555,0.7051723325003536,0.8648648648648649,0.01,0.002,0.02,0.0,20.0,0.0,10258.0,924503.0,104666.0,88.56548856548856,51.55925155925156,?
DatasetClassiRealeseNormalized,9,3,weka.classifiers.meta.FilteredClassifier,'-F \"weka.filters.MultiFilter -F \\\"weka.filters.supervised.instance.Resample -B 1.0 -S 1 -Z 200.0\\\" -S 1\" -S 1 -W weka.classifiers.bayes.NaiveBayes',-4523450618538717400,2.02604250818E7,4330.0,481.0,421.0,60.0,0.0,87.52598752598753,12.474012474012474,0.0,0.4369659370244644,0.1282420914926169,0.35053437341970034,55.60348833617026,103.20902069543841,272.1308087156738,2831.266180947442,-2559.135372231768,0.565760517080403,5.886208276398008,-5.320447759317605,77.2906680288057,0.16068745951934657,28.40202783124056,0.484375,31.0,0.06474820143884892,27.0,0.935251798561151,390.0,0.515625,33.0,0.5344827586206896,0.484375,0.5081967213114754,0.43766019518022387,0.8527240707434053,0.4987808400773982,0.8752598752598753,0.45563307669872416,0.5443669233012758,0.12474012474012475,0.870426157293362,0.8752598752598753,0.8726379955888152,0.43766019518022387,0.8529189771883117,0.9063854022136675,0.718384074941452,0.8752598752598753,0.011,0.001,0.01,0.0,10.0,0.0,10254.0,924503.0,104666.0,88.77338877338877,51.87110187110187,?
DatasetClassiRealeseNormalized,9,4,weka.classifiers.meta.FilteredClassifier,'-F \"weka.filters.MultiFilter -F \\\"weka.filters.supervised.instance.Resample -B 1.0 -S 1 -Z 200.0\\\" -S 1\" -S 1 -W weka.classifiers.bayes.NaiveBayes',-4523450618538717400,2.02604250818E7,4330.0,481.0,414.0,67.0,0.0,86.07068607068607,13.92931392931393,0.0,0.4229412502014435,0.14048941058048708,0.3713963218504975,60.913707907027394,109.35147470454446,272.1308087156738,2819.710857886584,-2547.58004917091,0.565760517080403,5.862184735730944,-5.29642421865054,59.76234265757892,0.1242460346311412,21.960888199181987,0.53125,34.0,0.08872901678657075,37.0,0.9112709832134293,380.0,0.46875,30.0,0.4788732394366197,0.53125,0.5037037037037037,0.4237120161294991,0.8103642086330936,0.49129378623068887,0.8607068607068608,0.41818587749343145,0.5818141225065685,0.1392931392931393,0.8672259713139137,0.8607068607068608,0.8637286528459444,0.4237120161294991,0.8110788655977506,0.8953867080775316,0.7113439921178737,0.8607068607068608,0.01,0.001,0.01,0.01,10.0,10.0,10250.0,924503.0,104666.0,86.9022869022869,50.62370062370062,?
DatasetClassiRealeseNormalized,9,5,weka.classifiers.meta.FilteredClassifier,'-F \"weka.filters.MultiFilter -F \\\"weka.filters.supervised.instance.Resample -B 1.0 -S 1 -Z 200.0\\\" -S 1\" -S 1 -W weka.classifiers.bayes.NaiveBayes',-4523450618538717400,2.02604250818E7,4330.0,481.0,429.0,52.0,0.0,89.1891891891892,10.81081081081081,0.0,0.5251186633757357,0.11046518901032161,0.3258188452319899,47.895739824563606,95.93194416985071,272.1308087156738,2141.028387446293,-1868.8975787306192,0.565760517080403,4.451202468703312,-3.885441951622909,104.1774238726167,0.21658508081625094,38.2821130633036,0.578125,37.0,0.05995203836930456,25.0,0.9400479616306955,392.0,0.421875,27.0,0.5967741935483871,0.578125,0.5873015873015873,0.5252062745784061,0.8802083333333334,0.5766986652861084,0.8918918918918919,0.37371893026119646,0.6262810697388036,0.10810810810810811,0.8904832155274838,0.8918918918918919,0.8911632069526807,0.5252062745784061,0.8823847886347886,0.9224536404310938,0.7625503151818942,0.8918918918918919,0.01,0.003,0.01,0.0,10.0,0.0,10258.0,924503.0,104666.0,90.02079002079002,51.143451143451145,?
DatasetClassiRealeseNormalized,9,6,weka.classifiers.meta.FilteredClassifier,'-F \"weka.filters.MultiFilter -F \\\"weka.filters.supervised.instance.Resample -B 1.0 -S 1 -Z 200.0\\\" -S 1\" -S 1 -W weka.classifiers.bayes.NaiveBayes',-4523450618538717400,2.02604250818E7,4330.0,481.0,413.0,68.0,0.0,85.86278586278586,14.137214137214137,0.0,0.4458525345622119,0.14093587203313765,0.3655118764312794,61.10728564648928,107.6188975449114,272.1308087156738,2643.358739213833,-2371.227930498159,0.565760517080403,5.495548314373873,-4.92978779729347,57.06338405419033,0.11863489408355578,20.969100971515125,0.59375,38.0,0.10071942446043165,42.0,0.8992805755395683,375.0,0.40625,26.0,0.475,0.59375,0.5277777777777778,0.4496915094212502,0.8627098321342925,0.5232550859102562,0.8586278586278586,0.36559728308829026,0.6344027169117097,0.14137214137214138,0.8739347058549054,0.8586278586278586,0.86509925385231,0.4496915094212502,0.863538184525145,0.9135798341528273,0.7223240967128497,0.8586278586278586,0.011,0.001,0.01,0.0,10.0,0.0,10250.0,924503.0,104666.0,88.14968814968815,52.182952182952185,?
DatasetClassiRealeseNormalized,9,7,weka.classifiers.meta.FilteredClassifier,'-F \"weka.filters.MultiFilter -F \\\"weka.filters.supervised.instance.Resample -B 1.0 -S 1 -Z 200.0\\\" -S 1\" -S 1 -W weka.classifiers.bayes.NaiveBayes',-4523450618538717400,2.02604250818E7,4330.0,481.0,415.0,66.0,0.0,86.27858627858627,13.721413721413722,0.0,0.44213263979193745,0.13581260956271676,0.3618923156695137,58.88593022642747,106.55317803237108,272.1308087156738,3370.2327279884794,-3098.1019192728054,0.565760517080403,7.0067208482088965,-6.440960331128494,64.76258669097201,0.1346415523720832,23.79832955945716,0.5625,36.0,0.09112709832134293,38.0,0.9088729016786571,379.0,0.4375,28.0,0.4864864864864865,0.5625,0.5217391304347827,0.4437205699425061,0.8643023081534772,0.5048480500895636,0.8627858627858628,0.3914129611072057,0.6085870388927942,0.13721413721413722,0.8720315477072235,0.8627858627858628,0.8669247794406091,0.4437205699425061,0.866348825824995,0.9126474186216654,0.720821021528071,0.8627858627858628,0.011,0.001,0.01,0.0,10.0,0.0,10258.0,924503.0,104666.0,88.77338877338877,51.767151767151766,?
DatasetClassiRealeseNormalized,9,8,weka.classifiers.meta.FilteredClassifier,'-F \"weka.filters.MultiFilter -F \\\"weka.filters.supervised.instance.Resample -B 1.0 -S 1 -Z 200.0\\\" -S 1\" -S 1 -W weka.classifiers.bayes.NaiveBayes',-4523450618538717400,2.02604250818E7,4330.0,481.0,429.0,52.0,0.0,89.1891891891892,10.81081081081081,0.0,0.5375171036574091,0.1126090404353512,0.32931771113538955,48.82527564481321,96.9621270871824,272.1308087156738,2397.1486363653216,-2125.0178276496476,0.565760517080403,4.983676998680503,-4.417916481600099,101.6813036021653,0.21139564158454324,37.3648629062075,0.609375,39.0,0.06474820143884892,27.0,0.935251798561151,390.0,0.390625,25.0,0.5909090909090909,0.609375,0.6000000000000001,0.5376021606501242,0.8901378896882494,0.5524439568503731,0.8918918918918919,0.3472650933307408,0.6527349066692592,0.10810810810810811,0.8933424114147006,0.8918918918918919,0.8925935550935551,0.5376021606501242,0.8918433210811808,0.9231137782289695,0.76875,0.8918918918918919,0.011,0.001,0.01,0.0,10.0,0.0,10254.0,924503.0,104666.0,89.81288981288981,51.143451143451145,?
DatasetClassiRealeseNormalized,9,9,weka.classifiers.meta.FilteredClassifier,'-F \"weka.filters.MultiFilter -F \\\"weka.filters.supervised.instance.Resample -B 1.0 -S 1 -Z 200.0\\\" -S 1\" -S 1 -W weka.classifiers.bayes.NaiveBayes',-4523450618538717400,2.02604250818E7,4330.0,481.0,417.0,64.0,0.0,86.6943866943867,13.305613305613306,0.0,0.47213553276861336,0.13146074649512923,0.3576893620846828,56.99903985757269,105.31568819852987,272.1308087156738,3023.0416088344837,-2750.9108001188097,0.565760517080403,6.284909789676681,-5.719149272596278,74.13995775353267,0.15413712630672072,27.24423526444415,0.609375,39.0,0.09352517985611511,39.0,0.9064748201438849,378.0,0.390625,25.0,0.5,0.609375,0.5492957746478874,0.4753149491462215,0.8434502398081535,0.46207971780503776,0.8669438669438669,0.351094046799982,0.6489059532000179,0.13305613305613306,0.8796912965647458,0.8669438669438669,0.8723671270562374,0.4753149491462215,0.8475757595586733,0.8966528938356948,0.7356234970800413,0.8669438669438669,0.011,0.001,0.01,0.0,10.0,0.0,10250.0,924503.0,104666.0,88.14968814968815,51.03950103950104,?
DatasetClassiRealeseNormalized,9,10,weka.classifiers.meta.FilteredClassifier,'-F \"weka.filters.MultiFilter -F \\\"weka.filters.supervised.instance.Resample -B 1.0 -S 1 -Z 200.0\\\" -S 1\" -S 1 -W weka.classifiers.bayes.NaiveBayes',-4523450618538717400,2.02604250818E7,4330.0,481.0,413.0,68.0,0.0,85.86278586278586,14.137214137214137,0.0,0.40300795794699573,0.14314231244983422,0.3742035499419653,62.06395893952666,110.17801636253536,272.1308087156738,4791.994814952295,-4519.864006236621,0.565760517080403,9.962567182853004,-9.396806665772601,56.72217235828568,0.1179255142583902,20.84371579461619,0.5,32.0,0.08633093525179857,36.0,0.9136690647482014,381.0,0.5,32.0,0.47058823529411764,0.5,0.48484848484848486,0.4032566860049872,0.8688923860911271,0.46532996630835854,0.8586278586278586,0.4449587938796572,0.5550412061203428,0.14137214137214138,0.8623861116383549,0.8586278586278586,0.8604292050075184,0.40325668600498726,0.8699643715381125,0.9091419735448413,0.7014603870025558,0.8586278586278586,0.011,0.002,0.01,0.0,10.0,0.0,10254.0,924503.0,104666.0,86.48648648648648,50.83160083160083,?
DatasetClassiRealeseNormalized,10,1,weka.classifiers.meta.FilteredClassifier,'-F \"weka.filters.MultiFilter -F \\\"weka.filters.supervised.instance.Resample -B 1.0 -S 1 -Z 200.0\\\" -S 1\" -S 1 -W weka.classifiers.bayes.NaiveBayes',-4523450618538717400,2.02604250818E7,4329.0,482.0,409.0,73.0,0.0,84.85477178423237,15.145228215767634,0.0,0.36342584216810797,0.1522923435472565,0.384756773211885,66.08285042098862,113.38486761996614,272.3366817903761,3215.5222733730534,-2943.1855915826773,0.565013862635635,6.671208036043679,-6.106194173408044,39.82358017695195,0.08262153563682977,14.622921860965132,0.46875,30.0,0.09330143540669857,39.0,0.9066985645933014,379.0,0.53125,34.0,0.43478260869565216,0.46875,0.4511278195488722,0.3637717798386323,0.8322555322966507,0.4459618716400377,0.8485477178423236,0.47309915324902224,0.5269008467509778,0.15145228215767634,0.8535569806649226,0.8485477178423236,0.8509389326334996,0.36377177983863224,0.8339574254501777,0.8936397328016665,0.6816409254182387,0.8485477178423236,0.011,0.001,0.01,0.0,10.0,0.0,10250.0,924290.0,104879.0,85.89211618257261,50.933609958506224,?
DatasetClassiRealeseNormalized,10,2,weka.classifiers.meta.FilteredClassifier,'-F \"weka.filters.MultiFilter -F \\\"weka.filters.supervised.instance.Resample -B 1.0 -S 1 -Z 200.0\\\" -S 1\" -S 1 -W weka.classifiers.bayes.NaiveBayes',-4523450618538717400,2.02604250818E7,4330.0,481.0,417.0,64.0,0.0,86.6943866943867,13.305613305613306,0.0,0.4308534240496968,0.13378076616206738,0.35742560808855195,58.34794949791226,105.94072553500314,269.42867131105754,1852.2926685689697,-1582.8639972579122,0.5601427677984564,3.850920308875197,-3.2907775410767406,65.17081000398633,0.13549024948853708,24.18852072678862,0.5238095238095238,33.0,0.08133971291866028,34.0,0.9186602870813397,384.0,0.47619047619047616,30.0,0.4925373134328358,0.5238095238095238,0.5076923076923077,0.43112627170774526,0.8443646996278575,0.47185177602419004,0.8669438669438669,0.4244740560530034,0.5755259439469966,0.13305613305613306,0.8705613215671619,0.8669438669438669,0.8686710379018072,0.43112627170774526,0.8466417019048598,0.9028667340769595,0.7153846153846154,0.8669438669438669,0.01,0.002,0.01,0.0,10.0,0.0,10250.0,924503.0,104666.0,88.77338877338877,51.975051975051976,?
DatasetClassiRealeseNormalized,10,3,weka.classifiers.meta.FilteredClassifier,'-F \"weka.filters.MultiFilter -F \\\"weka.filters.supervised.instance.Resample -B 1.0 -S 1 -Z 200.0\\\" -S 1\" -S 1 -W weka.classifiers.bayes.NaiveBayes',-4523450618538717400,2.02604250818E7,4330.0,481.0,423.0,58.0,0.0,87.94178794178794,12.058212058212058,0.0,0.49727898511550805,0.1182482157037476,0.33746233769777584,51.270321671530205,99.36017702229526,272.1308087156738,3727.3276218462684,-3455.1968131305944,0.565760517080403,7.749121874940267,-7.183361357859863,93.11216881498322,0.19358039254674267,34.21596005774861,0.59375,38.0,0.07673860911270983,32.0,0.9232613908872902,385.0,0.40625,26.0,0.5428571428571428,0.59375,0.5671641791044776,0.49795281883247305,0.8703724520383693,0.5471974227454703,0.8794178794178794,0.36240648853058927,0.6375935114694108,0.12058212058212059,0.8843311748421236,0.8794178794178794,0.8816805873911651,0.49795281883247305,0.8705186318720491,0.9157634845726104,0.7485579349628668,0.8794178794178794,0.011,0.001,0.01,0.01,10.0,10.0,10258.0,924503.0,104666.0,88.98128898128898,51.03950103950104,?
DatasetClassiRealeseNormalized,10,4,weka.classifiers.meta.FilteredClassifier,'-F \"weka.filters.MultiFilter -F \\\"weka.filters.supervised.instance.Resample -B 1.0 -S 1 -Z 200.0\\\" -S 1\" -S 1 -W weka.classifiers.bayes.NaiveBayes',-4523450618538717400,2.02604250818E7,4330.0,481.0,424.0,57.0,0.0,88.14968814968815,11.85031185031185,0.0,0.46877603611633195,0.11882822933465055,0.3376237131251,51.52180525843496,99.40769133496009,272.1308087156738,1925.6661534305317,-1653.535344714858,0.565760517080403,4.003463936446012,-3.437703419365609,90.5998892640335,0.18835735813728377,33.29277184440133,0.515625,33.0,0.06235011990407674,26.0,0.9376498800959233,391.0,0.484375,31.0,0.559322033898305,0.515625,0.5365853658536586,0.46928582340802333,0.8738009592326139,0.5486531528515622,0.8814968814968815,0.42822200140095823,0.5717779985990418,0.11850311850311851,0.8776796439660927,0.8814968814968815,0.8794413897469218,0.46928582340802333,0.8749379134945682,0.9200059180211861,0.7343236721997732,0.8814968814968815,0.011,0.001,0.01,0.0,10.0,0.0,10250.0,924503.0,104666.0,90.43659043659044,51.66320166320166,?
DatasetClassiRealeseNormalized,10,5,weka.classifiers.meta.FilteredClassifier,'-F \"weka.filters.MultiFilter -F \\\"weka.filters.supervised.instance.Resample -B 1.0 -S 1 -Z 200.0\\\" -S 1\" -S 1 -W weka.classifiers.bayes.NaiveBayes',-4523450618538717400,2.02604250818E7,4330.0,481.0,418.0,63.0,0.0,86.9022869022869,13.097713097713097,0.0,0.49564768736581083,0.13220131539356908,0.3579408012432618,57.32013735081578,105.38972028008654,272.1308087156738,5904.038018366356,-5631.907209650682,0.565760517080403,12.274507314690968,-11.708746797610564,71.93392723371426,0.14955078426967622,26.433584485787446,0.65625,42.0,0.09832134292565947,41.0,0.9016786570743405,376.0,0.34375,22.0,0.5060240963855421,0.65625,0.5714285714285713,0.5014828681190613,0.9015849820143885,0.5427601156955733,0.8690228690228691,0.3110942119485285,0.6889057880514715,0.13097713097713098,0.8863519561588218,0.8690228690228691,0.8759606501937789,0.5014828681190613,0.9043786410580475,0.9249826311206282,0.7470639789658193,0.8690228690228691,0.011,0.002,0.01,0.01,10.0,10.0,10250.0,924503.0,104666.0,87.73388773388774,51.143451143451145,?
DatasetClassiRealeseNormalized,10,6,weka.classifiers.meta.FilteredClassifier,'-F \"weka.filters.MultiFilter -F \\\"weka.filters.supervised.instance.Resample -B 1.0 -S 1 -Z 200.0\\\" -S 1\" -S 1 -W weka.classifiers.bayes.NaiveBayes',-4523450618538717400,2.02604250818E7,4330.0,481.0,414.0,67.0,0.0,86.07068607068607,13.92931392931393,0.0,0.392207155385399,0.13854465907199573,0.3665148743277222,60.070498266880705,107.91421360661899,272.1308087156738,1908.0865302801024,-1635.9557215644286,0.565760517080403,3.9669158633681962,-3.4011553462877933,61.473823452381424,0.12780420676170776,22.589806623699914,0.46875,30.0,0.07913669064748201,33.0,0.920863309352518,384.0,0.53125,34.0,0.47619047619047616,0.46875,0.47244094488188976,0.39222329428362596,0.83318345323741,0.4936358483726854,0.8607068607068608,0.4710935513543427,0.5289064486456573,0.1392931392931393,0.859786965050123,0.8607068607068608,0.8602418715861123,0.39222329428362596,0.8338331413870983,0.9053679643966268,0.696100711961903,0.8607068607068608,0.011,0.001,0.01,0.0,10.0,0.0,10258.0,924503.0,104666.0,87.11018711018711,51.143451143451145,?
DatasetClassiRealeseNormalized,10,7,weka.classifiers.meta.FilteredClassifier,'-F \"weka.filters.MultiFilter -F \\\"weka.filters.supervised.instance.Resample -B 1.0 -S 1 -Z 200.0\\\" -S 1\" -S 1 -W weka.classifiers.bayes.NaiveBayes',-4523450618538717400,2.02604250818E7,4330.0,481.0,420.0,61.0,0.0,87.31808731808732,12.681912681912682,0.0,0.4999062569242046,0.12459712270317254,0.3441293466386485,54.023094744560424,101.32316700539553,272.1308087156738,4685.101881972527,-4412.971073256853,0.565760517080403,9.740336552957436,-9.174576035877033,83.33089706959339,0.1732451082527929,30.621632832708297,0.640625,41.0,0.09112709832134293,38.0,0.9088729016786571,379.0,0.359375,23.0,0.5189873417721519,0.640625,0.5734265734265733,0.5037296106329511,0.8717213729016786,0.5288460288012362,0.8731808731808732,0.3236829715022161,0.6763170284977839,0.12681912681912683,0.8863970497259747,0.8731808731808732,0.8786708786708786,0.5037296106329511,0.8726146941074998,0.9163162924607632,0.7494727494727493,0.8731808731808732,0.011,0.001,0.01,0.0,10.0,0.0,10254.0,924503.0,104666.0,88.98128898128898,51.66320166320166,?
DatasetClassiRealeseNormalized,10,8,weka.classifiers.meta.FilteredClassifier,'-F \"weka.filters.MultiFilter -F \\\"weka.filters.supervised.instance.Resample -B 1.0 -S 1 -Z 200.0\\\" -S 1\" -S 1 -W weka.classifiers.bayes.NaiveBayes',-4523450618538717400,2.02604250818E7,4330.0,481.0,422.0,59.0,0.0,87.73388773388774,12.266112266112266,0.0,0.4853375890897883,0.12082188132605454,0.3416403277195903,52.3862172776104,100.59031674987767,272.1308087156738,3052.4029326110362,-2780.2721238953623,0.565760517080403,6.345952042850387,-5.780191525769984,90.38595068151982,0.18791257937945907,33.21415576137737,0.578125,37.0,0.07673860911270983,32.0,0.9232613908872902,385.0,0.421875,27.0,0.5362318840579711,0.578125,0.556390977443609,0.4857998796024638,0.8763114508393285,0.5526801658946933,0.8773388773388774,0.3759524864515872,0.6240475135484129,0.12266112266112267,0.8814785253155873,0.8773388773388774,0.8792746306554955,0.4857998796024638,0.8774484051012829,0.9195103143843579,0.7426104465022629,0.8773388773388774,0.011,0.001,0.01,0.0,10.0,0.0,10254.0,924503.0,104666.0,89.1891891891892,51.03950103950104,?
DatasetClassiRealeseNormalized,10,9,weka.classifiers.meta.FilteredClassifier,'-F \"weka.filters.MultiFilter -F \\\"weka.filters.supervised.instance.Resample -B 1.0 -S 1 -Z 200.0\\\" -S 1\" -S 1 -W weka.classifiers.bayes.NaiveBayes',-4523450618538717400,2.02604250818E7,4330.0,481.0,413.0,68.0,0.0,85.86278586278586,14.137214137214137,0.0,0.4106029480664577,0.14377390699588202,0.3730604780540025,62.337807093168,109.84145784192523,272.1308087156738,3330.6908933852046,-3058.5600846695306,0.565760517080403,6.924513291861132,-6.358752774780729,55.52061796151759,0.11542748016947524,20.402180195453845,0.515625,33.0,0.08872901678657075,37.0,0.9112709832134293,380.0,0.484375,31.0,0.4714285714285714,0.515625,0.4925373134328358,0.41115933214656947,0.8377735311750599,0.44234606850390223,0.8586278586278586,0.43173187541442937,0.5682681245855706,0.14137214137214138,0.8642804029665343,0.8586278586278586,0.8612806886655038,0.4111593321465694,0.8393977515492803,0.8965484590044451,0.7052058547840507,0.8586278586278586,0.01,0.002,0.01,0.0,10.0,0.0,10250.0,924503.0,104666.0,86.27858627858627,51.143451143451145,?
DatasetClassiRealeseNormalized,10,10,weka.classifiers.meta.FilteredClassifier,'-F \"weka.filters.MultiFilter -F \\\"weka.filters.supervised.instance.Resample -B 1.0 -S 1 -Z 200.0\\\" -S 1\" -S 1 -W weka.classifiers.bayes.NaiveBayes',-4523450618538717400,2.02604250818E7,4330.0,481.0,417.0,64.0,0.0,86.6943866943867,13.305613305613306,0.0,0.42326139088729015,0.1349782242765427,0.36100490482927733,58.52415561726709,106.2918946584132,272.1308087156738,4491.232769252387,-4219.101960536713,0.565760517080403,9.337282264557977,-8.771521747477573,67.92292848692333,0.14121190953622312,24.9596614244035,0.5,32.0,0.07673860911270983,32.0,0.9232613908872902,385.0,0.5,32.0,0.5,0.5,0.5,0.42326139088729015,0.8213991306954437,0.45091496729874664,0.8669438669438669,0.4436824760565768,0.5563175239434233,0.13305613305613306,0.8669438669438669,0.8669438669438669,0.8669438669438669,0.42326139088729015,0.8213666462879592,0.8953151986142133,0.7116306954436451,0.8669438669438669,0.01,0.002,0.01,0.0,10.0,0.0,10258.0,924503.0,104666.0,87.94178794178794,51.45530145530145,?
DatasetClassiRealeseNormalized,1,1,weka.classifiers.bayes.NaiveBayes,'',5995231201785697655,2.02604250818E7,4329.0,482.0,422.0,60.0,0.0,87.55186721991701,12.448132780082988,0.0,0.473415877640204,0.12922512409127607,0.35127630671574905,56.073498818459335,103.51843114419152,272.3366817903761,3696.2954608675973,-3423.958779077221,0.565013862635635,7.668662781882982,-7.103648919247346,77.7745162274695,0.16135791748437656,28.558222754338455,0.5625,36.0,0.07655502392344497,32.0,0.9234449760765551,386.0,0.4375,28.0,0.5294117647058824,0.5625,0.5454545454545455,0.47370786730012154,0.8581601375598086,0.5076609940640882,0.8755186721991701,0.3895736961226151,0.6104263038773848,0.12448132780082988,0.8788627002908928,0.8755186721991701,0.8771055189623654,0.47370786730012154,0.8576414653606385,0.9095574452815643,0.7366695804195804,0.8755186721991701,0.005,0.002,0.0,0.0,0.0,0.0,6115.0,924290.0,104879.0,88.38174273858921,51.6597510373444,?
DatasetClassiRealeseNormalized,1,2,weka.classifiers.bayes.NaiveBayes,'',5995231201785697655,2.02604250818E7,4330.0,481.0,422.0,59.0,0.0,87.73388773388774,12.266112266112266,0.0,0.45005135360347304,0.12407859789789137,0.34520643351115476,54.116387367279884,102.31896987208037,269.42867131105754,3584.6403276355322,-3315.2116563244745,0.5601427677984564,7.452474693628965,-6.892331925830508,82.71877367862729,0.17197250245036858,30.70154830817089,0.5079365079365079,32.0,0.06698564593301436,28.0,0.9330143540669856,390.0,0.49206349206349204,31.0,0.5333333333333333,0.5079365079365079,0.5203252032520326,0.4502274172241087,0.8700729095465938,0.5015486662993828,0.8773388773388774,0.43638801533538374,0.5636119846646162,0.12266112266112267,0.874887531419598,0.8773388773388774,0.8760623087783761,0.45022741722410864,0.8724984119720962,0.9117521365196578,0.7250016957857303,0.8773388773388774,0.005,0.002,0.0,0.0,0.0,0.0,6115.0,924503.0,104666.0,88.77338877338877,51.45530145530145,?
DatasetClassiRealeseNormalized,1,3,weka.classifiers.bayes.NaiveBayes,'',5995231201785697655,2.02604250818E7,4330.0,481.0,420.0,61.0,0.0,87.31808731808732,12.681912681912682,0.0,0.4938152333304582,0.12752475183314596,0.351065354694996,55.29246262749519,103.36535930753014,272.1308087156738,3182.5180328363335,-2910.3872241206595,0.565760517080403,6.616461606728344,-6.050701089647941,78.74309245678182,0.16370705292470233,28.935750725326265,0.625,40.0,0.08872901678657075,37.0,0.9112709832134293,380.0,0.375,24.0,0.5194805194805194,0.625,0.5673758865248227,0.49671384797582036,0.8803582134292566,0.5134454081765985,0.8731808731808732,0.3369098899674439,0.663090110032556,0.12681912681912683,0.8845623202058845,0.8731808731808732,0.8780230958684841,0.49671384797582036,0.8831193880654312,0.9155276342915698,0.7465381259664308,0.8731808731808732,0.005,0.002,0.01,0.0,10.0,0.0,6115.0,924503.0,104666.0,88.35758835758836,51.351351351351354,?
DatasetClassiRealeseNormalized,1,4,weka.classifiers.bayes.NaiveBayes,'',5995231201785697655,2.02604250818E7,4330.0,481.0,419.0,62.0,0.0,87.11018711018711,12.88981288981289,0.0,0.4626085702958879,0.12642474687659838,0.3489831970730789,54.815520056930175,102.75230259929599,272.1308087156738,3269.1453325588404,-2997.0145238431664,0.565760517080403,6.796559942949772,-6.230799425869369,81.13154677235845,0.16867265441238763,29.813436837695896,0.5625,36.0,0.0815347721822542,34.0,0.9184652278177458,383.0,0.4375,28.0,0.5142857142857142,0.5625,0.5373134328358209,0.46323542415811164,0.8489583333333334,0.49992504573968394,0.8711018711018711,0.3901366432841253,0.6098633567158747,0.1288981288981289,0.8763108660918879,0.8711018711018711,0.8735206279009003,0.46323542415811164,0.8503551628551628,0.9086103099869512,0.7312171028913403,0.8711018711018711,0.006,0.001,0.01,0.0,10.0,0.0,6115.0,924503.0,104666.0,88.98128898128898,51.24740124740125,?
DatasetClassiRealeseNormalized,1,5,weka.classifiers.bayes.NaiveBayes,'',5995231201785697655,2.02604250818E7,4330.0,481.0,416.0,65.0,0.0,86.48648648648648,13.513513513513514,0.0,0.3858167174147924,0.13418604024462105,0.3609226653651734,58.180678720825554,106.26768061495184,272.1308087156738,3808.0325129166017,-3535.9017042009277,0.565760517080403,7.916907511261126,-7.351146994180723,71.21900634288232,0.14806446225131462,26.170872265070496,0.4375,28.0,0.06954436450839328,29.0,0.9304556354916067,388.0,0.5625,36.0,0.49122807017543857,0.4375,0.4628099173553719,0.3866634460506108,0.8729391486810552,0.4860200032543478,0.8648648648648649,0.49690922937325815,0.5030907706267419,0.13513513513513514,0.8586963328770678,0.8648648648648649,0.8615183908665695,0.3866634460506108,0.8733452037746103,0.9130424383353595,0.6927604878096717,0.8648648648648649,0.006,0.001,0.01,0.0,10.0,0.0,6115.0,924503.0,104666.0,87.94178794178794,51.351351351351354,?
DatasetClassiRealeseNormalized,1,6,weka.classifiers.bayes.NaiveBayes,'',5995231201785697655,2.02604250818E7,4330.0,481.0,422.0,59.0,0.0,87.73388773388774,12.266112266112266,0.0,0.49184378749082347,0.12179628195153538,0.3429631011682291,52.80870004581136,100.97978540855463,272.1308087156738,2442.9290265700733,-2170.7982178543994,0.565760517080403,5.078854525093708,-4.513094008013304,89.0347446995708,0.185103419333827,32.717627643768765,0.59375,38.0,0.07913669064748201,33.0,0.920863309352518,384.0,0.40625,26.0,0.5352112676056338,0.59375,0.562962962962963,0.49274012104339887,0.881201288968825,0.6101149009450951,0.8773388773388774,0.36272556798635935,0.6372744320136406,0.12266112266112267,0.883180080431884,0.8773388773388774,0.8799998584762794,0.49274012104339887,0.8812012889688249,0.9273666562808348,0.7458103811187247,0.8773388773388774,0.005,0.002,0.01,0.0,10.0,0.0,6115.0,924503.0,104666.0,88.77338877338877,51.24740124740125,?
DatasetClassiRealeseNormalized,1,7,weka.classifiers.bayes.NaiveBayes,'',5995231201785697655,2.02604250818E7,4330.0,481.0,408.0,73.0,0.0,84.82328482328482,15.176715176715177,0.0,0.32884148555918746,0.15414411817910043,0.38718036048549204,66.83414608653902,113.99882256445393,272.1308087156738,2190.547754702144,-1918.4169459864704,0.565760517080403,4.554153336179094,-3.9883928190986913,43.2313248584178,0.08987801425866486,15.88622951677129,0.40625,26.0,0.08393285371702638,35.0,0.9160671462829736,382.0,0.59375,38.0,0.4262295081967213,0.40625,0.4159999999999999,0.3289666415044572,0.7892311151079137,0.41174435371539336,0.8482328482328483,0.5259157019498746,0.4740842980501254,0.15176715176715178,0.8452185386611616,0.8482328482328483,0.8466836265545942,0.32896664150445715,0.791017757519556,0.8832252133383158,0.6643918757467144,0.8482328482328483,0.005,0.001,0.0,0.01,0.0,10.0,6115.0,924503.0,104666.0,86.07068607068607,51.55925155925156,?
DatasetClassiRealeseNormalized,1,8,weka.classifiers.bayes.NaiveBayes,'',5995231201785697655,2.02604250818E7,4330.0,481.0,431.0,50.0,0.0,89.60498960498961,10.395010395010395,0.0,0.5494229616306955,0.10494766876915701,0.3177087259717759,45.5034412523601,93.54405433638293,272.1308087156738,2722.6611789745557,-2450.5303702588817,0.565760517080403,5.660418251506353,-5.094657734425949,114.93185767491889,0.2389435710497274,42.234048477400194,0.609375,39.0,0.05995203836930456,25.0,0.9400479616306955,392.0,0.390625,25.0,0.609375,0.609375,0.609375,0.5494229616306955,0.8634404976019184,0.5254730013083098,0.896049896049896,0.3466269344192006,0.6533730655807994,0.10395010395010396,0.896049896049896,0.896049896049896,0.896049896049896,0.5494229616306955,0.8654545308659517,0.9116510653882487,0.7747114808153477,0.896049896049896,0.005,0.002,0.0,0.0,0.0,0.0,6115.0,924503.0,104666.0,90.43659043659044,51.45530145530145,?
DatasetClassiRealeseNormalized,1,9,weka.classifiers.bayes.NaiveBayes,'',5995231201785697655,2.02604250818E7,4330.0,481.0,425.0,56.0,0.0,88.35758835758836,11.642411642411643,0.0,0.5146141925253181,0.1145502834732573,0.33229420172754476,49.66696407456015,97.83850527551402,272.1308087156738,5256.04592461735,-4983.915115901676,0.565760517080403,10.927330404609874,-10.361569887529472,100.1915700980481,0.20829848253232455,36.817430033337274,0.609375,39.0,0.07434052757793765,31.0,0.9256594724220624,386.0,0.390625,25.0,0.5571428571428572,0.609375,0.582089552238806,0.5153115161696538,0.8811450839328537,0.49520016548393797,0.8835758835758836,0.3485414111538212,0.6514585888461787,0.11642411642411643,0.8883413292172415,0.8835758835758836,0.885760567136297,0.5153115161696538,0.8819571941199639,0.9127310528167388,0.75722835099863,0.8835758835758836,0.005,0.001,0.0,0.0,0.0,0.0,6115.0,924503.0,104666.0,89.60498960498961,51.351351351351354,?
DatasetClassiRealeseNormalized,1,10,weka.classifiers.bayes.NaiveBayes,'',5995231201785697655,2.02604250818E7,4330.0,481.0,413.0,68.0,0.0,85.86278586278586,14.137214137214137,0.0,0.37056423677930866,0.1418321046164134,0.37180593908080783,61.49587614287508,109.47207969054875,272.1308087156738,2494.728344178424,-2222.59753546275,0.565760517080403,5.1865454140923575,-4.620784897011954,58.60981562061167,0.12184992852518019,21.537368700450248,0.4375,28.0,0.07673860911270983,32.0,0.9232613908872902,385.0,0.5625,36.0,0.4666666666666667,0.4375,0.45161290322580644,0.37081850103137887,0.819806654676259,0.45008516664752274,0.8586278586278586,0.4978664677405685,0.5021335322594316,0.14137214137214138,0.8549037617921229,0.8586278586278586,0.856685066477968,0.37081850103137887,0.8205213116409159,0.8949508624836174,0.6852336592501347,0.8586278586278586,0.005,0.001,0.0,0.0,0.0,0.0,6115.0,924503.0,104666.0,86.48648648648648,51.143451143451145,?
DatasetClassiRealeseNormalized,2,1,weka.classifiers.bayes.NaiveBayes,'',5995231201785697655,2.02604250818E7,4329.0,482.0,413.0,69.0,0.0,85.68464730290457,14.315352697095436,0.0,0.38248728136952714,0.14682237944748988,0.37503789547537836,63.70931797021975,110.52078895445143,272.3366817903761,5136.448561930108,-4864.1118801397315,0.565013862635635,10.656532286162049,-10.091518423526415,53.697999463841136,0.11140663789178659,19.71750522581961,0.46875,30.0,0.08373205741626795,35.0,0.916267942583732,383.0,0.53125,34.0,0.46153846153846156,0.46875,0.46511627906976744,0.3825025995338523,0.8280502392344498,0.38999754612663806,0.8568464730290456,0.4718285304453136,0.5281714695546864,0.14315352697095435,0.8577944538719486,0.8568464730290456,0.8573156109858832,0.38250259953385235,0.8289417070767735,0.8880900054583395,0.6912407742654226,0.8568464730290456,0.005,0.001,0.01,0.0,10.0,0.0,6115.0,924290.0,104879.0,86.72199170124482,51.76348547717842,?
DatasetClassiRealeseNormalized,2,2,weka.classifiers.bayes.NaiveBayes,'',5995231201785697655,2.02604250818E7,4330.0,481.0,415.0,66.0,0.0,86.27858627858627,13.721413721413722,0.0,0.4052605942523136,0.13653669029056034,0.3657633899704911,59.54993485412245,108.41203884310389,269.42867131105754,1782.299906162755,-1512.8712348516974,0.5601427677984564,3.705405210317578,-3.1452624425191216,64.45213264886527,0.13399611777310869,23.921779495566298,0.49206349206349204,31.0,0.08133971291866028,34.0,0.9186602870813397,384.0,0.5079365079365079,32.0,0.47692307692307695,0.49206349206349204,0.484375,0.4053264260542763,0.8559656717551455,0.5310091232059692,0.8627858627858628,0.452062083641031,0.547937916358969,0.13721413721413722,0.8646409723332801,0.8627858627858628,0.8636933228884668,0.4053264260542763,0.8579786737681474,0.9108685729373598,0.702619154676259,0.8627858627858628,0.005,0.002,0.01,0.0,10.0,0.0,6115.0,924503.0,104666.0,87.52598752598753,51.143451143451145,?
DatasetClassiRealeseNormalized,2,3,weka.classifiers.bayes.NaiveBayes,'',5995231201785697655,2.02604250818E7,4330.0,481.0,422.0,59.0,0.0,87.73388773388774,12.266112266112266,0.0,0.46477943533938126,0.12318832975508084,0.3428527090788392,53.412267196868676,100.94728229244849,272.1308087156738,1765.4506268544594,-1493.3198181387856,0.565760517080403,3.6703755236059448,-3.104615006525542,86.26130360478615,0.17933742953177995,31.69847030988439,0.53125,34.0,0.06954436450839328,29.0,0.9304556354916067,388.0,0.46875,30.0,0.5396825396825397,0.53125,0.5354330708661418,0.464798560508063,0.8641336930455635,0.5550948869289425,0.8773388773388774,0.41563324184727063,0.5843667581527293,0.12266112266112267,0.8765310870574028,0.8773388773388774,0.8769294093071734,0.46479856050806306,0.8654005849374555,0.9191345628927223,0.7323871941157056,0.8773388773388774,0.005,0.001,0.0,0.01,0.0,10.0,6115.0,924503.0,104666.0,88.98128898128898,51.767151767151766,?
DatasetClassiRealeseNormalized,2,4,weka.classifiers.bayes.NaiveBayes,'',5995231201785697655,2.02604250818E7,4330.0,481.0,431.0,50.0,0.0,89.60498960498961,10.395010395010395,0.0,0.5494229616306955,0.10382771523866458,0.316530882243684,45.017849335190114,93.19725782532271,272.1308087156738,3677.411987466801,-3405.281178751127,0.565760517080403,7.645347167290646,-7.079586650210243,115.66439380280613,0.24046651518254913,42.503233775215044,0.609375,39.0,0.05995203836930456,25.0,0.9400479616306955,392.0,0.390625,25.0,0.609375,0.609375,0.609375,0.5494229616306955,0.8930980215827338,0.5476246000909061,0.896049896049896,0.3466269344192006,0.6533730655807994,0.10395010395010396,0.896049896049896,0.896049896049896,0.896049896049896,0.5494229616306955,0.8943486712708836,0.9225852470661453,0.7747114808153477,0.896049896049896,0.005,0.001,0.0,0.0,0.0,0.0,6115.0,924503.0,104666.0,90.64449064449065,51.351351351351354,?
DatasetClassiRealeseNormalized,2,5,weka.classifiers.bayes.NaiveBayes,'',5995231201785697655,2.02604250818E7,4330.0,481.0,408.0,73.0,0.0,84.82328482328482,15.176715176715177,0.0,0.3791133980513855,0.150465491951767,0.3816967422174318,65.23915922891716,112.38426229810173,272.1308087156738,4495.417344611066,-4223.286535895392,0.565760517080403,9.345982005428413,-8.780221488348008,44.50077176020848,0.09251719700667044,16.35271359763735,0.5,32.0,0.09832134292565947,41.0,0.9016786570743405,376.0,0.5,32.0,0.4383561643835616,0.5,0.46715328467153283,0.3802290191869374,0.8365557553956835,0.47031040986465344,0.8482328482328483,0.4465541911585077,0.5534458088414923,0.15176715176715178,0.8572742456707001,0.8482328482328483,0.8523900798353353,0.38022901918693736,0.8368481150630431,0.9014160999196047,0.6893342180933422,0.8482328482328483,0.005,0.001,0.0,0.0,0.0,0.0,6115.0,924503.0,104666.0,86.48648648648648,51.351351351351354,?
DatasetClassiRealeseNormalized,2,6,weka.classifiers.bayes.NaiveBayes,'',5995231201785697655,2.02604250818E7,4330.0,481.0,431.0,50.0,0.0,89.60498960498961,10.395010395010395,0.0,0.5553049073628934,0.10672031142953634,0.32188622049779525,46.27202755926912,94.77404817346316,272.1308087156738,4673.416948094977,-4401.286139379303,0.565760517080403,9.716043551133009,-9.150283034052604,112.13123393541456,0.23312106847279535,41.204902327898814,0.625,40.0,0.06235011990407674,26.0,0.9376498800959233,391.0,0.375,24.0,0.6060606060606061,0.625,0.6153846153846154,0.555392779107139,0.8797586930455635,0.566884585746279,0.896049896049896,0.3334000159539728,0.6665999840460273,0.10395010395010396,0.8974474347968324,0.896049896049896,0.8967245722053415,0.555392779107139,0.8802459591578297,0.921976381216214,0.7776442307692308,0.896049896049896,0.005,0.002,0.0,0.0,0.0,0.0,6115.0,924503.0,104666.0,89.81288981288981,51.03950103950104,?
DatasetClassiRealeseNormalized,2,7,weka.classifiers.bayes.NaiveBayes,'',5995231201785697655,2.02604250818E7,4330.0,481.0,418.0,63.0,0.0,86.9022869022869,13.097713097713097,0.0,0.450445222248418,0.12986941510475364,0.35390029899413444,56.30906689024296,104.20006154225185,272.1308087156738,3880.7167968920057,-3608.5859881763317,0.565760517080403,8.068018288756768,-7.502257771676366,78.02700796928575,0.16221831178645685,28.67261091735096,0.546875,35.0,0.0815347721822542,34.0,0.9184652278177458,383.0,0.453125,29.0,0.5072463768115942,0.546875,0.5263157894736842,0.45087427731731544,0.8587567446043165,0.4586678705119736,0.8690228690228691,0.4036826412051232,0.5963173587948767,0.13097713097713098,0.8734133604332,0.8690228690228691,0.8710898598524781,0.45087427731731544,0.8608844732945452,0.9043440837971427,0.7251603072820774,0.8690228690228691,0.005,0.001,0.01,0.0,10.0,0.0,6115.0,924503.0,104666.0,87.94178794178794,51.03950103950104,?
DatasetClassiRealeseNormalized,2,8,weka.classifiers.bayes.NaiveBayes,'',5995231201785697655,2.02604250818E7,4330.0,481.0,423.0,58.0,0.0,87.94178794178794,12.058212058212058,0.0,0.4773306354916067,0.11819797640244428,0.33790260190946636,51.2485388046764,99.48980550264238,272.1308087156738,1444.1297479677273,-1171.9989392520536,0.565760517080403,3.0023487483736533,-2.4365882312932508,92.7676199559554,0.19286407475250603,34.08934857239201,0.546875,35.0,0.06954436450839328,29.0,0.9304556354916067,388.0,0.453125,29.0,0.546875,0.546875,0.546875,0.4773306354916067,0.8772294664268585,0.5671713026756663,0.8794178794178794,0.4020872439262727,0.5979127560737272,0.12058212058212059,0.8794178794178794,0.8794178794178794,0.8794178794178794,0.4773306354916067,0.8782689674663596,0.9222239363919374,0.7386653177458034,0.8794178794178794,0.006,0.001,0.01,0.0,10.0,0.0,6115.0,924503.0,104666.0,89.3970893970894,51.143451143451145,?
DatasetClassiRealeseNormalized,2,9,weka.classifiers.bayes.NaiveBayes,'',5995231201785697655,2.02604250818E7,4330.0,481.0,414.0,67.0,0.0,86.07068607068607,13.92931392931393,0.0,0.44402656775640487,0.1394454608170578,0.3692661767848919,60.461069870492175,108.72428889102326,272.1308087156738,4050.6750691848065,-3778.5442604691325,0.565760517080403,8.421361890197103,-7.855601373116699,63.16009254510417,0.1313099637112353,23.20946049555703,0.578125,37.0,0.09592326139088729,40.0,0.9040767386091128,377.0,0.421875,27.0,0.4805194805194805,0.578125,0.524822695035461,0.44663293107887314,0.8645645983213429,0.5022510242372341,0.8607068607068608,0.378505122097748,0.621494877902252,0.1392931392931393,0.872940613039623,0.8607068607068608,0.8660253675932531,0.4466329310788732,0.866399967344212,0.9086374363455769,0.7216074498319814,0.8607068607068608,0.005,0.002,0.01,0.0,10.0,0.0,6115.0,924503.0,104666.0,86.6943866943867,50.935550935550935,?
DatasetClassiRealeseNormalized,2,10,weka.classifiers.bayes.NaiveBayes,'',5995231201785697655,2.02604250818E7,4330.0,481.0,425.0,56.0,0.0,88.35758835758836,11.642411642411643,0.0,0.4438617500103234,0.11838464739796849,0.338503300075333,51.32947602584554,99.66667109453232,272.1308087156738,1467.6444587011767,-1195.513649985503,0.565760517080403,3.0512358808756272,-2.4854753637952243,95.41735849107467,0.19837288667583092,35.0630488849824,0.453125,29.0,0.050359712230215826,21.0,0.9496402877697842,396.0,0.546875,35.0,0.58,0.453125,0.5087719298245614,0.4482150253694461,0.816677907673861,0.49916152578384704,0.8835758835758836,0.4808105958060994,0.5191894041939006,0.11642411642411643,0.873714950002653,0.8835758835758836,0.8773880824526307,0.4482150253694461,0.8173113536198069,0.9017403554944763,0.7213670969877524,0.8835758835758836,0.005,0.001,0.01,0.0,10.0,0.0,6115.0,924503.0,104666.0,88.77338877338877,51.45530145530145,?
DatasetClassiRealeseNormalized,3,1,weka.classifiers.bayes.NaiveBayes,'',5995231201785697655,2.02604250818E7,4329.0,482.0,429.0,53.0,0.0,89.00414937759336,10.995850622406639,0.0,0.49935327088151116,0.10989628180286215,0.32451150245990695,47.68630768327408,95.6310487802903,272.3366817903761,3053.2632186227634,-2780.9265368323872,0.565013862635635,6.334570992993285,-5.76955713035765,108.28957622375108,0.2246671705886952,39.763125375488016,0.53125,34.0,0.05502392344497608,23.0,0.9449760765550239,395.0,0.46875,30.0,0.5964912280701754,0.53125,0.5619834710743801,0.5004485177301329,0.8854291267942583,0.5001878558017699,0.8900414937759336,0.41381541722090964,0.5861845827790904,0.10995850622406639,0.8852065482231329,0.8900414937759336,0.8873174058056953,0.5004485177301329,0.8870823944291131,0.9165380477236031,0.749556385596502,0.8900414937759336,0.006,0.001,0.0,0.01,0.0,10.0,6115.0,924290.0,104879.0,90.04149377593362,51.34854771784232,?
DatasetClassiRealeseNormalized,3,2,weka.classifiers.bayes.NaiveBayes,'',5995231201785697655,2.02604250818E7,4330.0,481.0,425.0,56.0,0.0,88.35758835758836,11.642411642411643,0.0,0.5084492134749444,0.11463887878355636,0.330279300602161,49.999291390340645,97.89457706208219,269.42867131105754,2646.3738231741627,-2376.945151863105,0.5601427677984564,5.501816680195764,-4.941673912397308,95.92930996286101,0.1994372348500229,35.60471478260377,0.6031746031746031,38.0,0.07416267942583732,31.0,0.9258373205741627,387.0,0.3968253968253968,25.0,0.5507246376811594,0.6031746031746031,0.5757575757575758,0.5091558326720818,0.8894205209994683,0.5489878025933327,0.8835758835758836,0.35456395982711775,0.6454360401728824,0.11642411642411643,0.888423231817069,0.8835758835758836,0.8858010761625219,0.5091558326720818,0.89100452258347,0.9238861052831085,0.7541438481197518,0.8835758835758836,0.005,0.002,0.0,0.0,0.0,0.0,6115.0,924503.0,104666.0,90.22869022869023,51.66320166320166,?
DatasetClassiRealeseNormalized,3,3,weka.classifiers.bayes.NaiveBayes,'',5995231201785697655,2.02604250818E7,4330.0,481.0,424.0,57.0,0.0,88.14968814968815,11.85031185031185,0.0,0.5326992892570437,0.12084945532409574,0.3419736169311581,52.39817287238135,100.68844821926452,272.1308087156738,2351.2010388746316,-2079.0702301589577,0.565760517080403,4.888151847972207,-4.322391330891804,91.20426366676564,0.18961385377705955,33.51486150987673,0.671875,43.0,0.08633093525179857,36.0,0.9136690647482014,381.0,0.328125,21.0,0.5443037974683544,0.671875,0.6013986013986015,0.5367734487119759,0.8886765587529976,0.5995532853075424,0.8814968814968815,0.29595281674868007,0.7040471832513199,0.11850311850311851,0.8940787129904831,0.8814968814968815,0.8866268866268866,0.5367734487119759,0.8896510909775298,0.9264638406376898,0.765900765900766,0.8814968814968815,0.005,0.001,0.0,0.0,0.0,0.0,6115.0,924503.0,104666.0,88.98128898128898,51.24740124740125,?
DatasetClassiRealeseNormalized,3,4,weka.classifiers.bayes.NaiveBayes,'',5995231201785697655,2.02604250818E7,4330.0,481.0,418.0,63.0,0.0,86.9022869022869,13.097713097713097,0.0,0.450445222248418,0.12753143502227124,0.3506797912991337,55.29536033934822,103.25183657332653,272.1308087156738,1771.8254014229403,-1499.6945927072666,0.565760517080403,3.683628693186986,-3.117868176106583,78.86752607542134,0.16396575067655164,28.98147638910788,0.546875,35.0,0.0815347721822542,34.0,0.9184652278177458,383.0,0.453125,29.0,0.5072463768115942,0.546875,0.5263157894736842,0.45087427731731544,0.8478717026378897,0.551654407033437,0.8690228690228691,0.4036826412051232,0.5963173587948767,0.13097713097713098,0.8734133604332,0.8690228690228691,0.8710898598524781,0.45087427731731544,0.8495608918270788,0.9115614170743088,0.7251603072820774,0.8690228690228691,0.005,0.002,0.0,0.0,0.0,0.0,6115.0,924503.0,104666.0,88.56548856548856,51.24740124740125,?
DatasetClassiRealeseNormalized,3,5,weka.classifiers.bayes.NaiveBayes,'',5995231201785697655,2.02604250818E7,4330.0,481.0,404.0,77.0,0.0,83.99168399168398,16.008316008316008,0.0,0.31067021533994704,0.15975630826493475,0.3937067645786462,69.26749181839668,115.92041378686638,272.1308087156738,4799.549644133658,-4527.418835417984,0.565760517080403,9.978273688427564,-9.412513171347161,32.10064706277771,0.06673731198082684,11.796035595630382,0.40625,26.0,0.09352517985611511,39.0,0.9064748201438849,378.0,0.59375,38.0,0.4,0.40625,0.40310077519379844,0.31068266531169686,0.8337642386091128,0.3862628615081488,0.83991683991684,0.527192019772955,0.472807980227045,0.1600831600831601,0.8409743323204862,0.83991683991684,0.8404412289501209,0.31068266531169686,0.8340565982764724,0.8924772609916761,0.6553319002019413,0.83991683991684,0.005,0.001,0.01,0.0,10.0,0.0,6115.0,924503.0,104666.0,85.23908523908524,51.351351351351354,?
DatasetClassiRealeseNormalized,3,6,weka.classifiers.bayes.NaiveBayes,'',5995231201785697655,2.02604250818E7,4330.0,481.0,413.0,68.0,0.0,85.86278586278586,14.137214137214137,0.0,0.39521467401353505,0.1436956083572669,0.37376847017709025,62.3038581970739,110.04991435639232,272.1308087156738,4781.091871828965,-4508.961063113291,0.565760517080403,9.93989994143236,-9.374139424351956,57.60727143427375,0.1197656370774922,21.168963450390745,0.484375,31.0,0.08393285371702638,35.0,0.9160671462829736,382.0,0.515625,33.0,0.4696969696969697,0.484375,0.47692307692307695,0.39527721299400603,0.8427757793764988,0.43439175104656536,0.8586278586278586,0.458185712344885,0.541814287655115,0.14137214137214138,0.8605022243576461,0.8586278586278586,0.8595454181992643,0.39527721299400603,0.8441076400833595,0.8995072226982428,0.6975961538461538,0.8586278586278586,0.005,0.001,0.01,0.0,10.0,0.0,6115.0,924503.0,104666.0,86.9022869022869,51.767151767151766,?
DatasetClassiRealeseNormalized,3,7,weka.classifiers.bayes.NaiveBayes,'',5995231201785697655,2.02604250818E7,4330.0,481.0,415.0,66.0,0.0,86.27858627858627,13.721413721413722,0.0,0.405238309352518,0.13633302837642983,0.3619358250793418,59.111574561305495,106.5659886550087,272.1308087156738,2684.5174371115195,-2412.3866283958455,0.565760517080403,5.581117332872182,-5.015356815791779,68.51251711237555,0.14243766551429426,25.176317755318326,0.484375,31.0,0.07913669064748201,33.0,0.920863309352518,384.0,0.515625,33.0,0.484375,0.484375,0.484375,0.405238309352518,0.810888788968825,0.4498896276410811,0.8627858627858628,0.4575475534333448,0.5424524465666551,0.13721413721413722,0.8627858627858628,0.8627858627858628,0.8627858627858628,0.405238309352518,0.8124967671393031,0.8844756251464244,0.702619154676259,0.8627858627858628,0.005,0.001,0.01,0.0,10.0,0.0,6115.0,924503.0,104666.0,87.52598752598753,51.66320166320166,?
DatasetClassiRealeseNormalized,3,8,weka.classifiers.bayes.NaiveBayes,'',5995231201785697655,2.02604250818E7,4330.0,481.0,421.0,60.0,0.0,87.52598752598753,12.474012474012474,0.0,0.4990626952718183,0.1264189454996888,0.35023493898601754,54.8130046831588,103.12085720276465,272.1308087156738,3673.0655874200356,-3400.9347787043616,0.565760517080403,7.636310992557247,-7.070550475476844,81.80952708163944,0.1700821768849053,30.062574490459554,0.625,40.0,0.08633093525179857,36.0,0.9136690647482014,381.0,0.375,24.0,0.5263157894736842,0.625,0.5714285714285714,0.5015863876892438,0.8515250299760192,0.4956198142403714,0.8752598752598753,0.33659081051167383,0.6634091894883262,0.12474012474012475,0.8855989592831698,0.8752598752598753,0.8796953687464636,0.5015863876892438,0.8535228210363103,0.9068780349261758,0.7492179353493222,0.8752598752598753,0.005,0.001,0.0,0.01,0.0,10.0,6115.0,924503.0,104666.0,88.35758835758836,51.143451143451145,?
DatasetClassiRealeseNormalized,3,9,weka.classifiers.bayes.NaiveBayes,'',5995231201785697655,2.02604250818E7,4330.0,481.0,431.0,50.0,0.0,89.60498960498961,10.395010395010395,0.0,0.4885372804219302,0.10380319566526536,0.3181467364806545,45.00721808457931,93.67301925139155,272.1308087156738,1153.3663863321751,-881.2355776165014,0.565760517080403,2.397851115035707,-1.8320905979553044,116.24641929407267,0.24167654738892447,42.71711087866152,0.46875,30.0,0.03836930455635491,16.0,0.9616306954436451,401.0,0.53125,34.0,0.6521739130434783,0.46875,0.5454545454545454,0.49703532202210393,0.8406399880095923,0.6093271596250475,0.896049896049896,0.465669200606251,0.5343307993937491,0.10395010395010396,0.8859584760634237,0.896049896049896,0.8886429520232338,0.49703532202210393,0.8409973164919208,0.9147078458187358,0.743384549722578,0.896049896049896,0.005,0.002,0.0,0.0,0.0,0.0,6115.0,924503.0,104666.0,90.22869022869023,50.83160083160083,?
DatasetClassiRealeseNormalized,3,10,weka.classifiers.bayes.NaiveBayes,'',5995231201785697655,2.02604250818E7,4330.0,481.0,422.0,59.0,0.0,87.73388773388774,12.266112266112266,0.0,0.4718122429228166,0.12657148513889674,0.3494329240626255,54.87914315572099,102.8847172373202,272.1308087156738,4512.545860358134,-4240.41505164246,0.565760517080403,9.381592225276785,-8.815831708196383,80.17601439240374,0.16668610060790798,29.462307031973282,0.546875,35.0,0.07194244604316546,30.0,0.9280575539568345,387.0,0.453125,29.0,0.5384615384615384,0.546875,0.5426356589147288,0.47183115059019387,0.871964928057554,0.498507335474884,0.8773388773388774,0.4024063233820428,0.5975936766179573,0.12266112266112267,0.8781534863265632,0.8773388773388774,0.8777406819228198,0.47183115059019387,0.8727283116334374,0.9124196766872316,0.7359036637910978,0.8773388773388774,0.005,0.001,0.0,0.0,0.0,0.0,6115.0,924503.0,104666.0,88.14968814968815,51.24740124740125,?
DatasetClassiRealeseNormalized,4,1,weka.classifiers.bayes.NaiveBayes,'',5995231201785697655,2.02604250818E7,4329.0,482.0,429.0,53.0,0.0,89.00414937759336,10.995850622406639,0.0,0.5493737872640676,0.11274439571087376,0.3267540734312218,48.92216420095034,96.29191723125552,272.3366817903761,1793.5877295880384,-1521.2510477976623,0.565013862635635,3.7211363684399137,-3.1561225058042788,103.01879423587181,0.2137319382486967,37.82773350935067,0.65625,42.0,0.07416267942583732,31.0,0.9258373205741627,387.0,0.34375,22.0,0.5753424657534246,0.65625,0.6131386861313868,0.5509893228374402,0.90548370215311,0.6150445706215594,0.8900414937759336,0.30795417320177093,0.692045826798229,0.10995850622406639,0.8969664112629815,0.8900414937759336,0.893054946337966,0.5509893228374402,0.9056782042277989,0.9342313690182186,0.7745258122313523,0.8900414937759336,0.004,0.002,0.01,0.0,10.0,0.0,6115.0,924290.0,104879.0,90.04149377593362,51.76348547717842,?
DatasetClassiRealeseNormalized,4,2,weka.classifiers.bayes.NaiveBayes,'',5995231201785697655,2.02604250818E7,4330.0,481.0,409.0,72.0,0.0,85.03118503118503,14.96881496881497,0.0,0.376089932982633,0.14785007135293363,0.37948470225541586,64.48422104350117,112.47902717819021,269.42867131105754,2568.3316626382843,-2298.902991327227,0.5601427677984564,5.339566866191859,-4.779424098393403,47.88960322413072,0.09956258466555243,17.774501500191786,0.49206349206349204,31.0,0.09569377990430622,40.0,0.9043062200956937,378.0,0.5079365079365079,32.0,0.43661971830985913,0.49206349206349204,0.4626865671641791,0.37699689576066403,0.8456937799043063,0.49711339274483496,0.8503118503118503,0.45394213815266443,0.5460578618473355,0.1496881496881497,0.8583838919118892,0.8503118503118503,0.8540570221297022,0.376996895760664,0.8479707821813085,0.9071468037271679,0.6878650227125244,0.8503118503118503,0.005,0.001,0.01,0.0,10.0,0.0,6115.0,924503.0,104666.0,86.48648648648648,51.24740124740125,?
DatasetClassiRealeseNormalized,4,3,weka.classifiers.bayes.NaiveBayes,'',5995231201785697655,2.02604250818E7,4330.0,481.0,430.0,51.0,0.0,89.3970893970894,10.602910602910603,0.0,0.5246943481040865,0.11060667717804022,0.3272187433590142,47.957086575789205,96.34412090833725,272.1308087156738,4075.0047287747407,-3802.8739200590667,0.565760517080403,8.47194330306599,-7.906182785985585,106.44090395856092,0.22129086062070877,39.11387485338784,0.5625,36.0,0.05515587529976019,23.0,0.9448441247002398,394.0,0.4375,28.0,0.6101694915254238,0.5625,0.5853658536585366,0.5252649457671023,0.8540729916067147,0.5137942321277071,0.893970893970894,0.3866267692706542,0.6133732307293459,0.10602910602910603,0.8906083181125354,0.893970893970894,0.8921317697735617,0.5252649457671023,0.8544465622927853,0.9103833080733399,0.7622896014419024,0.893970893970894,0.005,0.002,0.01,0.0,10.0,0.0,6115.0,924503.0,104666.0,89.60498960498961,51.03950103950104,?
DatasetClassiRealeseNormalized,4,4,weka.classifiers.bayes.NaiveBayes,'',5995231201785697655,2.02604250818E7,4330.0,481.0,416.0,65.0,0.0,86.48648648648648,13.513513513513514,0.0,0.43299903882773283,0.14106698461354114,0.3678937983860272,61.1641337277264,108.32021487914083,272.1308087156738,3130.4958275176673,-2858.3650188019933,0.565760517080403,6.508307333716564,-5.942546816636161,60.85712116256045,0.1265220814190446,22.363186825400888,0.53125,34.0,0.08393285371702638,35.0,0.9160671462829736,382.0,0.46875,30.0,0.4927536231884058,0.53125,0.5112781954887218,0.4334114761747413,0.863328087529976,0.466327162287221,0.8648648648648649,0.4175477185818912,0.5824522814181087,0.13513513513513514,0.8693807779920065,0.8648648648648649,0.8669974744509695,0.4334114761747413,0.8657319336838222,0.9076445757335282,0.7164352376719846,0.8648648648648649,0.005,0.001,0.0,0.01,0.0,10.0,6115.0,924503.0,104666.0,86.9022869022869,51.66320166320166,?
DatasetClassiRealeseNormalized,4,5,weka.classifiers.bayes.NaiveBayes,'',5995231201785697655,2.02604250818E7,4330.0,481.0,425.0,56.0,0.0,88.35758835758836,11.642411642411643,0.0,0.4816411361711954,0.11589367692679048,0.33587809391316104,50.24943556543349,98.89372276858602,272.1308087156738,3800.1649939568506,-3528.0341852411766,0.565760517080403,7.9005509229872155,-7.334790405906812,99.07226914101291,0.20597145351561935,36.40612013339696,0.53125,34.0,0.06235011990407674,26.0,0.9376498800959233,391.0,0.46875,30.0,0.5666666666666667,0.53125,0.5483870967741935,0.48197161631768537,0.8444057254196643,0.48391664342014395,0.8835758835758836,0.4146760034799603,0.5853239965200397,0.11642411642411643,0.8805648696385038,0.8835758835758836,0.8819759370995032,0.4819716163176854,0.8447955383094771,0.9035698898917689,0.7407806605589344,0.8835758835758836,0.005,0.001,0.0,0.0,0.0,0.0,6115.0,924503.0,104666.0,89.1891891891892,50.935550935550935,?
DatasetClassiRealeseNormalized,4,6,weka.classifiers.bayes.NaiveBayes,'',5995231201785697655,2.02604250818E7,4330.0,481.0,426.0,55.0,0.0,88.56548856548856,11.434511434511435,0.0,0.4943326261062372,0.11560508895684075,0.333061950918101,50.12430895813714,98.06455626538984,272.1308087156738,1463.8950148998977,-1191.764206184224,0.565760517080403,3.0434407794176668,-2.477680262337264,98.59592552471103,0.2049811341470084,36.23107798416366,0.546875,35.0,0.06235011990407674,26.0,0.9376498800959233,391.0,0.453125,29.0,0.5737704918032787,0.546875,0.5599999999999999,0.494520767413873,0.8529488908872902,0.5714885326082922,0.8856548856548857,0.4011300055589624,0.5988699944410376,0.11434511434511435,0.883427139984517,0.8856548856548857,0.8844876638425025,0.494520767413873,0.8545731112615106,0.914710029848592,0.7471445639187575,0.8856548856548857,0.005,0.001,0.0,0.0,0.0,0.0,6115.0,924503.0,104666.0,90.02079002079002,51.66320166320166,?
DatasetClassiRealeseNormalized,4,7,weka.classifiers.bayes.NaiveBayes,'',5995231201785697655,2.02604250818E7,4330.0,481.0,419.0,62.0,0.0,87.11018711018711,12.88981288981289,0.0,0.4823647851142122,0.13055637290833752,0.35824201392034516,56.606919566961174,105.47840734697684,272.1308087156738,5013.972284208613,-4741.841475492939,0.565760517080403,10.42405880292851,-9.858298285848106,76.60745812507922,0.1592670647091044,28.150968457643394,0.609375,39.0,0.08872901678657075,37.0,0.9112709832134293,380.0,0.390625,25.0,0.5131578947368421,0.609375,0.5571428571428572,0.48480403846285774,0.8255208333333334,0.4811523832320034,0.8711018711018711,0.35045588788844184,0.6495441121115582,0.1288981288981289,0.8817076185497238,0.8711018711018711,0.8756852143713457,0.48480403846285774,0.8268202096327096,0.8972219461969625,0.7408585331942996,0.8711018711018711,0.005,0.001,0.01,0.0,10.0,0.0,6115.0,924503.0,104666.0,87.31808731808732,50.62370062370062,?
DatasetClassiRealeseNormalized,4,8,weka.classifiers.bayes.NaiveBayes,'',5995231201785697655,2.02604250818E7,4330.0,481.0,406.0,75.0,0.0,84.4074844074844,15.592515592515593,0.0,0.328574885071377,0.1529237929414948,0.3844030867798356,66.3050347836448,113.18110047755093,272.1308087156738,3676.5419891442525,-3404.4111804285785,0.565760517080403,7.64353843896934,-7.077777921888937,40.753988811802394,0.08472762746736465,14.975882004739399,0.421875,27.0,0.09112709832134293,38.0,0.9088729016786571,379.0,0.578125,37.0,0.4153846153846154,0.421875,0.4186046511627907,0.32858805256486323,0.8165842326139089,0.38790952927270883,0.8440748440748441,0.513326942396187,0.486673057603813,0.15592515592515593,0.8451053494322726,0.8440748440748441,0.8445856126137541,0.32858805256486323,0.8178511245058008,0.8860839308327205,0.6642843183785142,0.8440748440748441,0.005,0.001,0.01,0.0,10.0,0.0,6115.0,924503.0,104666.0,86.27858627858627,51.55925155925156,?
DatasetClassiRealeseNormalized,4,9,weka.classifiers.bayes.NaiveBayes,'',5995231201785697655,2.02604250818E7,4330.0,481.0,419.0,62.0,0.0,87.11018711018711,12.88981288981289,0.0,0.39312169312169293,0.12695352961313722,0.3505333519490012,55.044790839878985,103.20871994036696,272.1308087156738,2267.904223350163,-1995.7734146344894,0.565760517080403,4.714977595322584,-4.149217078242182,80.49646304975516,0.16735231403275502,29.580062408096918,0.421875,27.0,0.05995203836930456,25.0,0.9400479616306955,392.0,0.578125,37.0,0.5192307692307693,0.421875,0.46551724137931033,0.39586201747985456,0.8821567745803357,0.5208593884152668,0.8711018711018711,0.5091789094711757,0.49082109052882433,0.1288981288981289,0.8612593227977844,0.8711018711018711,0.8653488976306292,0.3958620174798546,0.882254227802789,0.9186452556347643,0.696115594684927,0.8711018711018711,0.004,0.002,0.01,0.0,10.0,0.0,6115.0,924503.0,104666.0,88.56548856548856,51.24740124740125,?
DatasetClassiRealeseNormalized,4,10,weka.classifiers.bayes.NaiveBayes,'',5995231201785697655,2.02604250818E7,4330.0,481.0,430.0,51.0,0.0,89.3970893970894,10.602910602910603,0.0,0.5434309218485365,0.10478427104623854,0.31477484388275506,45.432594907960166,92.68022151368518,272.1308087156738,2998.1461957667307,-2726.0153870510567,0.565760517080403,6.233152174151207,-5.667391657070804,114.34258304475665,0.23771846786851694,42.01750753044041,0.609375,39.0,0.06235011990407674,26.0,0.9376498800959233,391.0,0.390625,25.0,0.6,0.609375,0.6046511627906976,0.5434526996028591,0.8916741606714629,0.5817118654425995,0.893970893970894,0.3469460138749707,0.6530539861250293,0.10602910602910603,0.8946775547737086,0.893970893970894,0.8943182165773528,0.5434526996028591,0.8929897791745813,0.9261332195362644,0.7717133364973896,0.893970893970894,0.005,0.001,0.0,0.01,0.0,10.0,6115.0,924503.0,104666.0,90.64449064449065,51.66320166320166,?
DatasetClassiRealeseNormalized,5,1,weka.classifiers.bayes.NaiveBayes,'',5995231201785697655,2.02604250818E7,4329.0,482.0,425.0,57.0,0.0,88.17427385892117,11.825726141078839,0.0,0.5153642617745634,0.11937434084278822,0.33861907872655395,51.799036814810364,99.78844321438764,272.3366817903761,2319.0419619598733,-2046.7052801694972,0.565013862635635,4.811290377510111,-4.246276514874475,92.09778258730417,0.1910742377329962,33.81761941940454,0.625,40.0,0.07894736842105263,33.0,0.9210526315789473,385.0,0.375,24.0,0.547945205479452,0.625,0.583941605839416,0.5168797860267997,0.908287230861244,0.5882309887013544,0.8817427385892116,0.33569010701026425,0.6643098929897356,0.11825726141078838,0.8890879165794018,0.8817427385892116,0.8849836215332842,0.5168797860267997,0.9086924435168457,0.9324204235707796,0.7575088923997564,0.8817427385892116,0.005,0.001,0.0,0.0,0.0,0.0,6115.0,924290.0,104879.0,89.2116182572614,51.55601659751037,?
DatasetClassiRealeseNormalized,5,2,weka.classifiers.bayes.NaiveBayes,'',5995231201785697655,2.02604250818E7,4330.0,481.0,420.0,61.0,0.0,87.31808731808732,12.681912681912682,0.0,0.4539482254852701,0.12561264847363837,0.3471395769401651,54.785457429358125,102.89195236913147,269.42867131105754,3240.8972905351147,-2971.468619224057,0.5601427677984564,6.737832204854708,-6.177689437056252,80.70526662507793,0.1677864170999541,29.954223591854873,0.5396825396825397,34.0,0.07655502392344497,32.0,0.9234449760765551,386.0,0.4603174603174603,29.0,0.5151515151515151,0.5396825396825397,0.5271317829457365,0.45411200583599726,0.8176881597934229,0.47464732054984515,0.8731808731808732,0.41005335742177845,0.5899466425782214,0.12681912681912683,0.8757690372148202,0.8731808731808732,0.8744271484158138,0.45411200583599726,0.8193051614104246,0.8972183674480089,0.726951245614525,0.8731808731808732,0.005,0.001,0.0,0.0,0.0,0.0,6115.0,924503.0,104666.0,88.77338877338877,51.45530145530145,?
DatasetClassiRealeseNormalized,5,3,weka.classifiers.bayes.NaiveBayes,'',5995231201785697655,2.02604250818E7,4330.0,481.0,415.0,66.0,0.0,86.27858627858627,13.721413721413722,0.0,0.44213263979193745,0.13831256361876773,0.36812420019498876,59.96986580934484,108.38805286272398,272.1308087156738,5224.712758216607,-4952.581949500933,0.565760517080403,10.862188686521012,-10.296428169440608,65.37410974006853,0.13591291006251255,24.023046140421513,0.5625,36.0,0.09112709832134293,38.0,0.9088729016786571,379.0,0.4375,28.0,0.4864864864864865,0.5625,0.5217391304347827,0.4437205699425061,0.8294551858513189,0.4693316443098509,0.8627858627858628,0.3914129611072057,0.6085870388927942,0.13721413721413722,0.8720315477072235,0.8627858627858628,0.8669247794406091,0.4437205699425061,0.8294714280550611,0.8971613661212362,0.720821021528071,0.8627858627858628,0.005,0.002,0.0,0.0,0.0,0.0,6115.0,924503.0,104666.0,87.11018711018711,51.351351351351354,?
DatasetClassiRealeseNormalized,5,4,weka.classifiers.bayes.NaiveBayes,'',5995231201785697655,2.02604250818E7,4330.0,481.0,419.0,62.0,0.0,87.11018711018711,12.88981288981289,0.0,0.4485780851299878,0.12950658467396575,0.35439914039399784,56.15175007334214,104.34693710215764,272.1308087156738,1734.48388023964,-1462.3530715239663,0.565760517080403,3.605995593013805,-3.040235075933402,77.94659859372705,0.16205114052749905,28.643062857012552,0.53125,34.0,0.07673860911270983,32.0,0.9232613908872902,385.0,0.46875,30.0,0.5151515151515151,0.53125,0.5230769230769231,0.44864906836505036,0.8668127997601919,0.5251053865073947,0.8711018711018711,0.41659048021458095,0.5834095197854191,0.1288981288981289,0.8728172945040414,0.8711018711018711,0.8719384695346234,0.4486490683650504,0.8679659962258883,0.9160579429953777,0.7242788461538462,0.8711018711018711,0.005,0.001,0.01,0.0,10.0,0.0,6115.0,924503.0,104666.0,87.94178794178794,51.24740124740125,?
DatasetClassiRealeseNormalized,5,5,weka.classifiers.bayes.NaiveBayes,'',5995231201785697655,2.02604250818E7,4330.0,481.0,413.0,68.0,0.0,85.86278586278586,14.137214137214137,0.0,0.4180071174377225,0.14234836406734733,0.37233422526036697,61.71971705208308,109.62762477649088,272.1308087156738,2331.362164277484,-2059.2313555618102,0.565760517080403,4.846906786439676,-4.281146269359273,59.50060280122172,0.12370187692561688,21.864706565947408,0.53125,34.0,0.09112709832134293,38.0,0.9088729016786571,379.0,0.46875,30.0,0.4722222222222222,0.53125,0.4999999999999999,0.4189904071189765,0.8646770083932853,0.4967864344377792,0.8586278586278586,0.41850495694920153,0.5814950430507984,0.14137214137214138,0.8661859150856706,0.8586278586278586,0.8621012519317605,0.41899040711897645,0.8671458233621003,0.9115453536643433,0.7088377723970944,0.8586278586278586,0.005,0.001,0.01,0.0,10.0,0.0,6115.0,924503.0,104666.0,86.9022869022869,51.351351351351354,?
DatasetClassiRealeseNormalized,5,6,weka.classifiers.bayes.NaiveBayes,'',5995231201785697655,2.02604250818E7,4330.0,481.0,414.0,67.0,0.0,86.07068607068607,13.92931392931393,0.0,0.40019356399709677,0.13461279934391446,0.3601034448640279,58.365713870546905,106.0264747530787,272.1308087156738,3058.7587514624647,-2786.6279427467907,0.565760517080403,6.359165803456268,-5.793405286375864,68.4163010063678,0.1422376320298707,25.140961190414178,0.484375,31.0,0.0815347721822542,34.0,0.9184652278177458,383.0,0.515625,33.0,0.47692307692307695,0.484375,0.48062015503875966,0.40020960157752855,0.875824340527578,0.515416564138583,0.8607068607068608,0.4578666328891149,0.542133367110885,0.1392931392931393,0.8616294178794178,0.8607068607068608,0.861163147268287,0.40020960157752855,0.877578498531736,0.9147538171356553,0.7000939910848061,0.8607068607068608,0.005,0.002,0.01,0.0,10.0,0.0,6115.0,924503.0,104666.0,88.14968814968815,51.45530145530145,?
DatasetClassiRealeseNormalized,5,7,weka.classifiers.bayes.NaiveBayes,'',5995231201785697655,2.02604250818E7,4330.0,481.0,415.0,66.0,0.0,86.27858627858627,13.721413721413722,0.0,0.38907705334462317,0.1355450526198705,0.3632269043344669,58.76992229815947,106.94612548513383,272.1308087156738,2891.2877203626563,-2619.1569116469823,0.565760517080403,6.010993181627144,-5.445232664546741,70.01403706603942,0.1455593286196246,25.728081798776078,0.453125,29.0,0.07434052757793765,31.0,0.9256594724220624,386.0,0.546875,35.0,0.48333333333333334,0.453125,0.46774193548387094,0.38934402024576326,0.8258955335731415,0.4590551727957802,0.8627858627858628,0.4840013903638004,0.5159986096361996,0.13721413721413722,0.859180613099853,0.8627858627858628,0.8609002115815573,0.38934402024576326,0.8270487300388379,0.8953608198798518,0.6944914928016013,0.8627858627858628,0.005,0.001,0.0,0.0,0.0,0.0,6115.0,924503.0,104666.0,87.52598752598753,51.143451143451145,?
DatasetClassiRealeseNormalized,5,8,weka.classifiers.bayes.NaiveBayes,'',5995231201785697655,2.02604250818E7,4330.0,481.0,428.0,53.0,0.0,88.98128898128898,11.018711018711018,0.0,0.5127205306114649,0.11155862028045276,0.33012670869250543,48.36983216170115,97.20032297308188,272.1308087156738,3722.3186991762736,-3450.1878904605996,0.565760517080403,7.7387083142957875,-7.172947797215384,103.98171701114495,0.2161782058443762,38.210196596955896,0.5625,36.0,0.05995203836930456,25.0,0.9400479616306955,392.0,0.4375,28.0,0.5901639344262295,0.5625,0.576,0.512915670292697,0.8793465227817746,0.5381213535793375,0.8898128898128899,0.3872649281821944,0.6127350718178057,0.1101871101871102,0.8876725401315565,0.8898128898128899,0.8886881124300479,0.512915670292697,0.8815392202869721,0.9173771606848672,0.7563393070489844,0.8898128898128899,0.005,0.001,0.0,0.0,0.0,0.0,6115.0,924503.0,104666.0,89.1891891891892,50.62370062370062,?
DatasetClassiRealeseNormalized,5,9,weka.classifiers.bayes.NaiveBayes,'',5995231201785697655,2.02604250818E7,4330.0,481.0,427.0,54.0,0.0,88.77338877338877,11.226611226611226,0.0,0.486192435511948,0.11009921630560598,0.32486000177828983,47.73706057361593,95.6496286500026,272.1308087156738,2131.5492894927006,-1859.4184807770268,0.565760517080403,4.431495404350729,-3.865734887270326,108.80243730521698,0.22620049335803946,39.98166830823456,0.515625,33.0,0.05515587529976019,23.0,0.9448441247002398,394.0,0.484375,31.0,0.5892857142857143,0.515625,0.5499999999999999,0.48760713424998303,0.8588316846522782,0.5460420958071469,0.8877338877338877,0.42726476303364797,0.5727352369663521,0.11226611226611227,0.8821160397630986,0.8877338877338877,0.8845250146912854,0.48760713424998303,0.8588804112635048,0.9149055749256608,0.7429334916864607,0.8877338877338877,0.005,0.002,0.0,0.0,0.0,0.0,6115.0,924503.0,104666.0,90.02079002079002,51.55925155925156,?
DatasetClassiRealeseNormalized,5,10,weka.classifiers.bayes.NaiveBayes,'',5995231201785697655,2.02604250818E7,4330.0,481.0,424.0,57.0,0.0,88.14968814968815,11.85031185031185,0.0,0.46140850604066413,0.11936842305573216,0.3369391294888928,51.75602364118149,99.20612706042755,272.1308087156738,4014.685588812874,-3742.5547800972,0.565760517080403,8.34653968568165,-7.7807791686012475,90.50167607633772,0.18815317271587884,33.256681411216164,0.5,32.0,0.05995203836930456,25.0,0.9400479616306955,392.0,0.5,32.0,0.5614035087719298,0.5,0.5289256198347108,0.46242113140716634,0.8579698741007195,0.47964634076617546,0.8814968814968815,0.44144891986618606,0.558551080133814,0.11850311850311851,0.8762123210981205,0.8814968814968815,0.8785622812214533,0.46242113140716634,0.8589119219177672,0.9071641443002924,0.7305745816177122,0.8814968814968815,0.005,0.001,0.01,0.0,10.0,0.0,6115.0,924503.0,104666.0,89.60498960498961,51.55925155925156,?
DatasetClassiRealeseNormalized,6,1,weka.classifiers.bayes.NaiveBayes,'',5995231201785697655,2.02604250818E7,4329.0,482.0,413.0,69.0,0.0,85.68464730290457,14.315352697095436,0.0,0.37426152398871104,0.1408826540142187,0.3673003489610917,61.13194619823173,108.24059339115568,272.3366817903761,3793.456051303472,-3521.119369513096,0.565013862635635,7.870240770339154,-7.305226907703519,60.286772600681516,0.12507629170265874,22.13685361969918,0.453125,29.0,0.08133971291866028,34.0,0.9186602870813397,384.0,0.546875,35.0,0.4603174603174603,0.453125,0.4566929133858268,0.37427691472912855,0.8470955442583732,0.4458409972733726,0.8568464730290456,0.4850611859477059,0.514938814052294,0.14315352697095435,0.8559001030703068,0.8568464730290456,0.856368392312626,0.37427691472912855,0.8477600930135599,0.9006755296663748,0.6871278187000819,0.8568464730290456,0.005,0.002,0.01,0.0,10.0,0.0,6115.0,924290.0,104879.0,87.55186721991701,51.6597510373444,?
DatasetClassiRealeseNormalized,6,2,weka.classifiers.bayes.NaiveBayes,'',5995231201785697655,2.02604250818E7,4330.0,481.0,419.0,62.0,0.0,87.11018711018711,12.88981288981289,0.0,0.4413054067218703,0.12790681110799382,0.35029849683565367,55.786047345005684,103.82825424023886,269.42867131105754,3232.3951545438235,-2962.966483232766,0.5601427677984564,6.720156246452856,-6.1600134786544,77.99874228780044,0.16215954737588448,28.949681527304964,0.5238095238095238,33.0,0.07655502392344497,32.0,0.9234449760765551,386.0,0.47619047619047616,30.0,0.5076923076923077,0.5238095238095238,0.515625,0.44137709375621914,0.8459595959595959,0.4935641865571554,0.8711018711018711,0.42384737121579225,0.5761526287842077,0.1288981288981289,0.872849032464417,0.8711018711018711,0.8719543336224991,0.4413770937562191,0.8462400962400963,0.9065371985894208,0.7206422362110312,0.8711018711018711,0.005,0.001,0.01,0.0,10.0,0.0,6115.0,924503.0,104666.0,88.77338877338877,51.767151767151766,?
DatasetClassiRealeseNormalized,6,3,weka.classifiers.bayes.NaiveBayes,'',5995231201785697655,2.02604250818E7,4330.0,481.0,418.0,63.0,0.0,86.9022869022869,13.097713097713097,0.0,0.4128577241285774,0.13248640736801173,0.3581344015077745,57.44374815668423,105.44672266051444,272.1308087156738,3909.739985522095,-3637.609176806421,0.565760517080403,8.128357558257994,-7.5625970411775905,73.85265334510734,0.15353981984429801,27.138659416644607,0.46875,30.0,0.06954436450839328,29.0,0.9304556354916067,388.0,0.53125,34.0,0.5084745762711864,0.46875,0.4878048780487804,0.4133067010489444,0.8558715527577938,0.4840064919236359,0.8690228690228691,0.4698172335312623,0.5301827664687377,0.13097713097713098,0.86475096981965,0.8690228690228691,0.8667510097202821,0.41330670104894435,0.8566186941299352,0.9074021878412691,0.7063577429576441,0.8690228690228691,0.005,0.001,0.0,0.01,0.0,10.0,6115.0,924503.0,104666.0,87.73388773388774,51.351351351351354,?
DatasetClassiRealeseNormalized,6,4,weka.classifiers.bayes.NaiveBayes,'',5995231201785697655,2.02604250818E7,4330.0,481.0,424.0,57.0,0.0,88.14968814968815,11.85031185031185,0.0,0.5151981327250544,0.12027351740862889,0.34253272565554355,52.14845644314749,100.85306849128847,272.1308087156738,2682.60317365633,-2410.472364940656,0.565760517080403,5.577137575169085,-5.011377058088682,92.56913938071078,0.19245143322393093,34.01641284850932,0.625,40.0,0.07913669064748201,33.0,0.920863309352518,384.0,0.375,24.0,0.547945205479452,0.625,0.583941605839416,0.5167142118950844,0.8675434652278178,0.49114333103187796,0.8814968814968815,0.3356335721443635,0.6643664278556365,0.11850311850311851,0.8888546390560894,0.8814968814968815,0.8847429390495084,0.5167142118950844,0.8717339537933063,0.9099556104157063,0.7574253483742535,0.8814968814968815,0.005,0.002,0.0,0.0,0.0,0.0,6115.0,924503.0,104666.0,88.56548856548856,51.03950103950104,?
DatasetClassiRealeseNormalized,6,5,weka.classifiers.bayes.NaiveBayes,'',5995231201785697655,2.02604250818E7,4330.0,481.0,423.0,58.0,0.0,87.94178794178794,12.058212058212058,0.0,0.4773306354916067,0.1205952333589861,0.3388532312243823,52.28794675311547,99.76970250583693,272.1308087156738,3003.4726638273437,-2731.3418551116697,0.565760517080403,6.2442259123229595,-5.678465395242556,90.62723819823573,0.1884142166283487,33.30282176647054,0.546875,35.0,0.06954436450839328,29.0,0.9304556354916067,388.0,0.453125,29.0,0.546875,0.546875,0.546875,0.4773306354916067,0.8638901378896883,0.5620721698406917,0.8794178794178794,0.4020872439262727,0.5979127560737272,0.12058212058212059,0.8794178794178794,0.8794178794178794,0.8794178794178794,0.4773306354916067,0.8642312241682746,0.9132660641979103,0.7386653177458034,0.8794178794178794,0.005,0.001,0.0,0.0,0.0,0.0,6115.0,924503.0,104666.0,90.02079002079002,51.87110187110187,?
DatasetClassiRealeseNormalized,6,6,weka.classifiers.bayes.NaiveBayes,'',5995231201785697655,2.02604250818E7,4330.0,481.0,427.0,54.0,0.0,88.77338877338877,11.226611226611226,0.0,0.5319493999351281,0.11508411717777743,0.3320820933089805,49.89842486732528,97.77605347671408,272.1308087156738,2715.6882155590088,-2443.557406843335,0.565760517080403,5.645921446068625,-5.080160928988222,98.39900184823672,0.20457172941421356,36.15871437439684,0.625,40.0,0.07194244604316546,30.0,0.9280575539568345,387.0,0.375,24.0,0.5714285714285714,0.625,0.5970149253731343,0.5326702135068345,0.8519934052757794,0.5459100029414654,0.8877338877338877,0.3346763337770532,0.6653236662229468,0.11226611226611227,0.8923514835923594,0.8877338877338877,0.8898405468814293,0.5326702135068345,0.852837999870374,0.9120961433309891,0.7658987670343932,0.8877338877338877,0.005,0.001,0.01,0.0,10.0,0.0,6115.0,924503.0,104666.0,89.60498960498961,51.55925155925156,?
DatasetClassiRealeseNormalized,6,7,weka.classifiers.bayes.NaiveBayes,'',5995231201785697655,2.02604250818E7,4330.0,481.0,412.0,69.0,0.0,85.65488565488566,14.345114345114345,0.0,0.40571561587909855,0.14237978671476217,0.3741202293325685,61.73334135272171,110.15348399381016,272.1308087156738,4682.063849721428,-4409.933041005754,0.565760517080403,9.734020477591326,-9.168259960510923,57.699942081007194,0.1199582995447135,21.203017164180377,0.515625,33.0,0.09112709832134293,38.0,0.9088729016786571,379.0,0.484375,31.0,0.4647887323943662,0.515625,0.4888888888888889,0.4064549899010242,0.847609412470024,0.41110449467155824,0.8565488565488566,0.43205095487019946,0.5679490451298005,0.14345114345114346,0.863237444034421,0.8565488565488566,0.8596608514383606,0.40645498990102424,0.848486491472103,0.8971609778570961,0.7027273948676609,0.8565488565488566,0.005,0.001,0.01,0.0,10.0,0.0,6115.0,924503.0,104666.0,86.27858627858627,50.83160083160083,?
DatasetClassiRealeseNormalized,6,8,weka.classifiers.bayes.NaiveBayes,'',5995231201785697655,2.02604250818E7,4330.0,481.0,427.0,54.0,0.0,88.77338877338877,11.226611226611226,0.0,0.49326934332201794,0.11165277166633196,0.32763667366583776,48.410654526851594,96.4671735415652,272.1308087156738,1682.5454347103919,-1410.414625994718,0.565760517080403,3.4980154567783615,-2.9322549396979585,104.10287835700959,0.21643010053432346,38.254719797558,0.53125,34.0,0.05755395683453238,24.0,0.9424460431654677,393.0,0.46875,30.0,0.5862068965517241,0.53125,0.5573770491803278,0.4940530571897839,0.8933228417266187,0.5953725737888417,0.8877338877338877,0.41403784456842013,0.5859621554315799,0.11226611226611227,0.8834569091355592,0.8877338877338877,0.8853741960299337,0.49405305718978393,0.8941349519137288,0.9290206204510189,0.7465456674473068,0.8877338877338877,0.004,0.002,0.01,0.0,10.0,0.0,6115.0,924503.0,104666.0,89.81288981288981,51.45530145530145,?
DatasetClassiRealeseNormalized,6,9,weka.classifiers.bayes.NaiveBayes,'',5995231201785697655,2.02604250818E7,4330.0,481.0,423.0,58.0,0.0,87.94178794178794,12.058212058212058,0.0,0.4908009053077317,0.12090017681041457,0.3425767987143635,52.42016480607564,100.8660450710044,272.1308087156738,2669.023725200717,-2396.892916485043,0.565760517080403,5.548905873598164,-4.983145356517761,91.09303889613487,0.18938261724768166,33.473989705924915,0.578125,37.0,0.07434052757793765,31.0,0.9256594724220624,386.0,0.421875,27.0,0.5441176470588235,0.578125,0.5606060606060606,0.4911038173312548,0.8937912170263789,0.550959051263379,0.8794178794178794,0.37563340699581704,0.6243665930041828,0.12058212058212059,0.8826653392954489,0.8794178794178794,0.8809543219181775,0.4911038173312548,0.8954804062155681,0.9243333189028919,0.7453632712668857,0.8794178794178794,0.005,0.001,0.0,0.01,0.0,10.0,6115.0,924503.0,104666.0,88.77338877338877,51.03950103950104,?
DatasetClassiRealeseNormalized,6,10,weka.classifiers.bayes.NaiveBayes,'',5995231201785697655,2.02604250818E7,4330.0,481.0,415.0,66.0,0.0,86.27858627858627,13.721413721413722,0.0,0.405238309352518,0.1381382802881126,0.3657983708174925,59.89429965917931,107.70325105565938,272.1308087156738,2497.9633231768394,-2225.8325144611654,0.565760517080403,5.193270942155591,-4.6275104250751875,63.901809366562496,0.13285199452507795,23.482019425932776,0.484375,31.0,0.07913669064748201,33.0,0.920863309352518,384.0,0.515625,33.0,0.484375,0.484375,0.484375,0.405238309352518,0.8104953537170264,0.49271106987021285,0.8627858627858628,0.4575475534333448,0.5424524465666551,0.13721413721413722,0.8627858627858628,0.8627858627858628,0.8627858627858628,0.405238309352518,0.8114861281453009,0.8991709329117672,0.702619154676259,0.8627858627858628,0.005,0.001,0.0,0.0,0.0,0.0,6115.0,924503.0,104666.0,87.11018711018711,51.24740124740125,?
DatasetClassiRealeseNormalized,7,1,weka.classifiers.bayes.NaiveBayes,'',5995231201785697655,2.02604250818E7,4329.0,482.0,413.0,69.0,0.0,85.68464730290457,14.315352697095436,0.0,0.38248728136952714,0.1435832408649768,0.374483965669858,62.30378762341907,110.35755009280547,272.3366817903761,4193.352272399352,-3921.015590608976,0.565013862635635,8.699900980081644,-8.134887117446008,55.77091951891797,0.11570730190646882,20.478666021878812,0.46875,30.0,0.08373205741626795,35.0,0.916267942583732,383.0,0.53125,34.0,0.46153846153846156,0.46875,0.46511627906976744,0.3825025995338523,0.7996224581339713,0.42839435864070624,0.8568464730290456,0.4718285304453136,0.5281714695546864,0.14315352697095435,0.8577944538719486,0.8568464730290456,0.8573156109858832,0.38250259953385235,0.801032598175465,0.883684786176514,0.6912407742654226,0.8568464730290456,0.005,0.001,0.0,0.0,0.0,0.0,6115.0,924290.0,104879.0,86.92946058091286,51.2448132780083,?
DatasetClassiRealeseNormalized,7,2,weka.classifiers.bayes.NaiveBayes,'',5995231201785697655,2.02604250818E7,4330.0,481.0,422.0,59.0,0.0,87.73388773388774,12.266112266112266,0.0,0.49198933104201376,0.1243584213897073,0.34805314119944364,54.2384312711773,103.16273224125197,269.42867131105754,3515.2150169118922,-3245.7863456008345,0.5601427677984564,7.308139328299152,-6.747996560500695,84.25939509796116,0.17517545758411884,31.273358803259296,0.6031746031746031,38.0,0.08133971291866028,34.0,0.9186602870813397,384.0,0.3968253968253968,25.0,0.5277777777777778,0.6031746031746031,0.562962962962963,0.4934732622587454,0.8863826232247285,0.5279464806046699,0.8773388773388774,0.35550398708293446,0.6444960129170656,0.12266112266112267,0.8850309308744516,0.8773388773388774,0.8807601388012513,0.4934732622587454,0.88786762470973,0.9205600625745498,0.7458103811187246,0.8773388773388774,0.005,0.002,0.0,0.0,0.0,0.0,6115.0,924503.0,104666.0,88.14968814968815,51.143451143451145,?
DatasetClassiRealeseNormalized,7,3,weka.classifiers.bayes.NaiveBayes,'',5995231201785697655,2.02604250818E7,4330.0,481.0,422.0,59.0,0.0,87.73388773388774,12.266112266112266,0.0,0.4981875408908458,0.12389327324788153,0.3446960640159769,53.71791814831046,101.49002751882975,272.1308087156738,1992.2205869247837,-1720.08977820911,0.565760517080403,4.141830742047367,-3.5760702249669643,86.21351468763744,0.17923807627367452,31.680909300392578,0.609375,39.0,0.0815347721822542,34.0,0.9184652278177458,383.0,0.390625,25.0,0.5342465753424658,0.609375,0.5693430656934307,0.499653562806566,0.8423448741007195,0.5027876195649716,0.8773388773388774,0.3494986495211315,0.6505013504788684,0.12266112266112267,0.8849070898829158,0.8773388773388774,0.880698831647737,0.499653562806566,0.8438391568450022,0.9024660435484158,0.7489139570891397,0.8773388773388774,0.005,0.001,0.01,0.0,10.0,0.0,6115.0,924503.0,104666.0,88.56548856548856,51.24740124740125,?
DatasetClassiRealeseNormalized,7,4,weka.classifiers.bayes.NaiveBayes,'',5995231201785697655,2.02604250818E7,4330.0,481.0,410.0,71.0,0.0,85.23908523908524,14.76091476091476,0.0,0.38066048856567736,0.14958586669304014,0.3823959032737657,64.85776937286793,112.59011865172732,272.1308087156738,4122.600726794063,-3850.469918078389,0.565760517080403,8.570895481900338,-8.005134964819936,49.19570291167498,0.10227796863134091,18.077961530285734,0.484375,31.0,0.09112709832134293,38.0,0.9088729016786571,379.0,0.515625,33.0,0.4492753623188406,0.484375,0.4661654135338346,0.38102307274701874,0.8275442146282974,0.41396541749324123,0.8523908523908524,0.4591429507121953,0.5408570492878046,0.14760914760914762,0.8572830306684255,0.8523908523908524,0.8547203182464438,0.38102307274701874,0.8298830919671747,0.8921124905724626,0.6902600288417062,0.8523908523908524,0.005,0.002,0.01,0.0,10.0,0.0,6115.0,924503.0,104666.0,85.86278586278586,51.351351351351354,?
DatasetClassiRealeseNormalized,7,5,weka.classifiers.bayes.NaiveBayes,'',5995231201785697655,2.02604250818E7,4330.0,481.0,418.0,63.0,0.0,86.9022869022869,13.097713097713097,0.0,0.38773159840785576,0.12930117208220696,0.3559583697576438,56.06268682962064,104.80602627532923,272.1308087156738,3495.6161201371165,-3223.4853114214425,0.565760517080403,7.267393181158246,-6.701632664077843,77.26592704535621,0.16063602296331853,28.39293625371347,0.421875,27.0,0.06235011990407674,26.0,0.9376498800959233,391.0,0.578125,37.0,0.5094339622641509,0.421875,0.4615384615384615,0.38996636050095224,0.8709157673860911,0.5149842065828322,0.8690228690228691,0.5094979889269458,0.49050201107305424,0.13097713097713098,0.8597810980547711,0.8690228690228691,0.8637183382745512,0.38996636050095224,0.8712568536646773,0.9132483442079811,0.693491124260355,0.8690228690228691,0.005,0.001,0.01,0.0,10.0,0.0,6115.0,924503.0,104666.0,87.52598752598753,50.51975051975052,?
DatasetClassiRealeseNormalized,7,6,weka.classifiers.bayes.NaiveBayes,'',5995231201785697655,2.02604250818E7,4330.0,481.0,429.0,52.0,0.0,89.1891891891892,10.81081081081081,0.0,0.5313998800959232,0.11000289068092377,0.32469414960221993,47.69529549721899,95.600796233069,272.1308087156738,1618.8618109943066,-1346.7310022786328,0.565760517080403,3.365617070674234,-2.7998565535938313,105.59787976415055,0.21953821156788056,38.804088468527915,0.59375,38.0,0.06235011990407674,26.0,0.9376498800959233,391.0,0.40625,26.0,0.59375,0.59375,0.59375,0.5313998800959233,0.8963579136690647,0.5737134217297888,0.8918918918918919,0.3604920117959686,0.6395079882040314,0.10810810810810811,0.8918918918918919,0.8918918918918919,0.8918918918918919,0.5313998800959233,0.8993789635651147,0.927164891206216,0.7656999400479616,0.8918918918918919,0.006,0.001,0.0,0.01,0.0,10.0,6115.0,924503.0,104666.0,90.02079002079002,51.351351351351354,?
DatasetClassiRealeseNormalized,7,7,weka.classifiers.bayes.NaiveBayes,'',5995231201785697655,2.02604250818E7,4330.0,481.0,422.0,59.0,0.0,87.73388773388774,12.266112266112266,0.0,0.46477943533938126,0.12081214699004232,0.3404492877502878,52.38199664277346,100.23963482490237,272.1308087156738,2406.9248269363684,-2134.7940182206944,0.565760517080403,5.004001719202429,-4.438241202122025,90.23640015815667,0.18760166353047125,33.159200380151354,0.53125,34.0,0.06954436450839328,29.0,0.9304556354916067,388.0,0.46875,30.0,0.5396825396825397,0.53125,0.5354330708661418,0.464798560508063,0.8526303956834532,0.4974571482122003,0.8773388773388774,0.41563324184727063,0.5843667581527293,0.12266112266112267,0.8765310870574028,0.8773388773388774,0.8769294093071734,0.46479856050806306,0.8545794601325177,0.9065961678538189,0.7323871941157056,0.8773388773388774,0.005,0.002,0.0,0.0,0.0,0.0,6115.0,924503.0,104666.0,89.1891891891892,51.24740124740125,?
DatasetClassiRealeseNormalized,7,8,weka.classifiers.bayes.NaiveBayes,'',5995231201785697655,2.02604250818E7,4330.0,481.0,426.0,55.0,0.0,88.56548856548856,11.434511434511435,0.0,0.4943326261062372,0.11431247980593423,0.3293109373023071,49.56385663699112,96.9601326446061,272.1308087156738,2002.2602846852542,-1730.1294759695804,0.565760517080403,4.162703294563938,-3.596942777483535,100.41118914266983,0.20875507098268156,36.89813351768667,0.546875,35.0,0.06235011990407674,26.0,0.9376498800959233,391.0,0.453125,29.0,0.5737704918032787,0.546875,0.5599999999999999,0.494520767413873,0.8584195143884892,0.5208732247292217,0.8856548856548857,0.4011300055589624,0.5988699944410376,0.11434511434511435,0.883427139984517,0.8856548856548857,0.8844876638425025,0.494520767413873,0.8588580538895286,0.9124560725682399,0.7471445639187575,0.8856548856548857,0.005,0.001,0.0,0.0,0.0,0.0,6115.0,924503.0,104666.0,90.02079002079002,51.66320166320166,?
DatasetClassiRealeseNormalized,7,9,weka.classifiers.bayes.NaiveBayes,'',5995231201785697655,2.02604250818E7,4330.0,481.0,426.0,55.0,0.0,88.56548856548856,11.434511434511435,0.0,0.5140075319188026,0.11650977119735949,0.3338728086498143,50.51656307551107,98.30329984878517,272.1308087156738,4001.02685403966,-3728.896045323986,0.565760517080403,8.3181431476916,-7.752382630611198,96.92263841720998,0.20150236677174632,35.616194606791524,0.59375,38.0,0.06954436450839328,29.0,0.9304556354916067,388.0,0.40625,26.0,0.5671641791044776,0.59375,0.5801526717557253,0.5141882263032823,0.8631220023980816,0.545729849921269,0.8856548856548857,0.36144925016327895,0.638550749836721,0.11434511434511435,0.8879627893255408,0.8856548856548857,0.8867577817339442,0.5141882263032823,0.8636904795290586,0.9167495629755168,0.7569836764314126,0.8856548856548857,0.005,0.002,0.0,0.0,0.0,0.0,6115.0,924503.0,104666.0,89.3970893970894,51.767151767151766,?
DatasetClassiRealeseNormalized,7,10,weka.classifiers.bayes.NaiveBayes,'',5995231201785697655,2.02604250818E7,4330.0,481.0,414.0,67.0,0.0,86.07068607068607,13.92931392931393,0.0,0.41555285540704767,0.13826009105636042,0.36542999131135606,59.94711464022536,107.59478783220516,272.1308087156738,3489.5213645631197,-3217.3905558474457,0.565760517080403,7.254722171648898,-6.6889616545684945,64.13664442243584,0.1333402170944612,23.56831434306533,0.515625,33.0,0.08633093525179857,36.0,0.9136690647482014,381.0,0.484375,31.0,0.4782608695652174,0.515625,0.49624060150375937,0.4159486750321671,0.8785221822541966,0.5099379879952728,0.8607068607068608,0.4314127959586593,0.5685872040413407,0.1392931392931393,0.8653481955508128,0.8607068607068608,0.8629050890494608,0.4159486750321671,0.8792368392188536,0.9170194174464076,0.7077101680618918,0.8607068607068608,0.005,0.001,0.01,0.0,10.0,0.0,6115.0,924503.0,104666.0,87.52598752598753,51.45530145530145,?
DatasetClassiRealeseNormalized,8,1,weka.classifiers.bayes.NaiveBayes,'',5995231201785697655,2.02604250818E7,4329.0,482.0,410.0,72.0,0.0,85.06224066390041,14.937759336099585,0.0,0.35137559808612434,0.14792155700572887,0.3785123699380375,64.18627422734555,111.54468990805626,272.3366817903761,2795.604109852912,-2523.267428062536,0.565013862635635,5.800008526665793,-5.2349946640301575,47.86301787403347,0.09930086695857565,17.57494347047775,0.4375,28.0,0.0861244019138756,36.0,0.9138755980861244,382.0,0.5625,36.0,0.4375,0.4375,0.4375,0.3513755980861244,0.8164997009569378,0.44065229868950406,0.8506224066390041,0.49924680855287973,0.5007531914471203,0.14937759336099585,0.8506224066390041,0.8506224066390041,0.8506224066390041,0.35137559808612445,0.817990883529552,0.890738378013687,0.6756877990430622,0.8506224066390041,0.005,0.002,0.01,0.0,10.0,0.0,6115.0,924290.0,104879.0,86.92946058091286,51.6597510373444,?
DatasetClassiRealeseNormalized,8,2,weka.classifiers.bayes.NaiveBayes,'',5995231201785697655,2.02604250818E7,4330.0,481.0,431.0,50.0,0.0,89.60498960498961,10.395010395010395,0.0,0.5241204638094106,0.10685215575784959,0.3202708494173915,46.60314308821653,94.92807842292073,269.42867131105754,2666.315282931623,-2396.8866116205654,0.5601427677984564,5.543275016489861,-4.983132248691404,109.38805678365614,0.22741799747121857,40.60000602436507,0.5555555555555556,35.0,0.05263157894736842,22.0,0.9473684210526315,396.0,0.4444444444444444,28.0,0.6140350877192983,0.5555555555555556,0.5833333333333335,0.524977149382083,0.8633135869977975,0.5139266547002497,0.896049896049896,0.39312591944170894,0.6068740805582911,0.10395010395010396,0.8920591204603121,0.896049896049896,0.8938215119925333,0.524977149382083,0.8642210879052984,0.9109767014817225,0.7619754552652416,0.896049896049896,0.005,0.002,0.01,0.0,10.0,0.0,6115.0,924503.0,104666.0,90.22869022869023,51.45530145530145,?
DatasetClassiRealeseNormalized,8,3,weka.classifiers.bayes.NaiveBayes,'',5995231201785697655,2.02604250818E7,4330.0,481.0,425.0,56.0,0.0,88.35758835758836,11.642411642411643,0.0,0.48858932978925385,0.11774034991397228,0.3385470301826157,51.050120104404805,99.67954669786768,272.1308087156738,2627.623597429682,-2355.492788714008,0.565760517080403,5.462834921891231,-4.8970744048108275,94.09818329361045,0.1956303186977348,34.57829113054435,0.546875,35.0,0.06474820143884892,27.0,0.935251798561151,390.0,0.453125,29.0,0.5645161290322581,0.546875,0.5555555555555557,0.4886708464097441,0.8321530275779376,0.5368659654304847,0.8835758835758836,0.4014490850147325,0.5985509149852675,0.11642411642411643,0.8820529253203054,0.8835758835758836,0.8827911459490406,0.4886708464097441,0.8331275598024699,0.9088829675247907,0.7442849548112707,0.8835758835758836,0.005,0.001,0.01,0.0,10.0,0.0,6115.0,924503.0,104666.0,88.98128898128898,51.03950103950104,?
DatasetClassiRealeseNormalized,8,4,weka.classifiers.bayes.NaiveBayes,'',5995231201785697655,2.02604250818E7,4330.0,481.0,415.0,66.0,0.0,86.27858627858627,13.721413721413722,0.0,0.4205665474191429,0.13783608879080672,0.36434863482224317,59.76327480454565,107.27640038513339,272.1308087156738,2880.1191186826186,-2607.9883099669446,0.565760517080403,5.9877736355148,-5.422013118434396,66.85692236486523,0.1389956805922354,24.567935795435165,0.515625,33.0,0.08393285371702638,35.0,0.9160671462829736,382.0,0.484375,31.0,0.4852941176470588,0.515625,0.5,0.4208261122702407,0.8590002997601919,0.5054285130631763,0.8627858627858628,0.43109371650288913,0.5689062834971108,0.13721413721413722,0.8664419571697737,0.8627858627858628,0.8645342283896501,0.4208261122702407,0.8600073163922085,0.9111454841209115,0.7102409638554217,0.8627858627858628,0.005,0.001,0.0,0.01,0.0,10.0,6115.0,924503.0,104666.0,87.52598752598753,51.66320166320166,?
DatasetClassiRealeseNormalized,8,5,weka.classifiers.bayes.NaiveBayes,'',5995231201785697655,2.02604250818E7,4330.0,481.0,415.0,66.0,0.0,86.27858627858627,13.721413721413722,0.0,0.405238309352518,0.13679112844199026,0.36479093730653883,59.3101985961736,107.4066290009749,272.1308087156738,2415.025352088995,-2142.894543373321,0.565760517080403,5.020842727835749,-4.455082210755346,65.49273204878442,0.1361595260889489,24.0666363201868,0.484375,31.0,0.07913669064748201,33.0,0.920863309352518,384.0,0.515625,33.0,0.484375,0.484375,0.484375,0.405238309352518,0.8763301858513189,0.47185651267050044,0.8627858627858628,0.4575475534333448,0.5424524465666551,0.13721413721413722,0.8627858627858628,0.8627858627858628,0.8627858627858628,0.405238309352518,0.8777270153731485,0.9117975380340072,0.702619154676259,0.8627858627858628,0.005,0.001,0.0,0.0,0.0,0.0,6115.0,924503.0,104666.0,87.31808731808732,51.24740124740125,?
DatasetClassiRealeseNormalized,8,6,weka.classifiers.bayes.NaiveBayes,'',5995231201785697655,2.02604250818E7,4330.0,481.0,419.0,62.0,0.0,87.11018711018711,12.88981288981289,0.0,0.4485780851299878,0.1291929128710117,0.35275889869462723,56.01574756251328,103.86399519308223,272.1308087156738,4605.721664521525,-4333.590855805851,0.565760517080403,9.575304915845166,-9.009544398764763,78.10268999270104,0.16237565487048033,28.70042181600388,0.53125,34.0,0.07673860911270983,32.0,0.9232613908872902,385.0,0.46875,30.0,0.5151515151515151,0.53125,0.5230769230769231,0.44864906836505036,0.8498763489208633,0.45495290811362654,0.8711018711018711,0.41659048021458095,0.5834095197854191,0.1288981288981289,0.8728172945040414,0.8711018711018711,0.8719384695346234,0.4486490683650504,0.8509970609790753,0.9019532918913546,0.7242788461538462,0.8711018711018711,0.005,0.002,0.0,0.0,0.0,0.0,6115.0,924503.0,104666.0,88.14968814968815,51.45530145530145,?
DatasetClassiRealeseNormalized,8,7,weka.classifiers.bayes.NaiveBayes,'',5995231201785697655,2.02604250818E7,4330.0,481.0,421.0,60.0,0.0,87.52598752598753,12.474012474012474,0.0,0.47324231583558446,0.12455012812068578,0.34860781088582987,54.0027187300339,102.64177637503273,272.1308087156738,3855.744206508026,-3583.613397792352,0.565760517080403,8.016100221430408,-7.450339704350004,84.6375417142947,0.17596162518564387,31.101785980699166,0.5625,36.0,0.07673860911270983,32.0,0.9232613908872902,385.0,0.4375,28.0,0.5294117647058824,0.5625,0.5454545454545455,0.47353439106600126,0.8456047661870504,0.5080742152829651,0.8752598752598753,0.3894984843725851,0.610501515627415,0.12474012474012475,0.8786094937640301,0.8752598752598753,0.8768492985360455,0.47353439106600126,0.8461082745030587,0.9057605462056971,0.7365826944140197,0.8752598752598753,0.005,0.001,0.0,0.0,0.0,0.0,6115.0,924503.0,104666.0,88.14968814968815,50.83160083160083,?
DatasetClassiRealeseNormalized,8,8,weka.classifiers.bayes.NaiveBayes,'',5995231201785697655,2.02604250818E7,4330.0,481.0,426.0,55.0,0.0,88.56548856548856,11.434511434511435,0.0,0.5140075319188026,0.1141730523727833,0.33385663758694784,49.503403383595796,98.2985385480723,272.1308087156738,3548.576348724938,-3276.445540009264,0.565760517080403,7.377497606496752,-6.811737089416349,103.20432010040417,0.21456199605073634,37.92452629214561,0.59375,38.0,0.06954436450839328,29.0,0.9304556354916067,388.0,0.40625,26.0,0.5671641791044776,0.59375,0.5801526717557253,0.5141882263032823,0.8849108213429256,0.5550341658964915,0.8856548856548857,0.36144925016327895,0.638550749836721,0.11434511434511435,0.8879627893255408,0.8856548856548857,0.8867577817339442,0.5141882263032823,0.8859340801786845,0.9204830597662538,0.7569836764314126,0.8856548856548857,0.004,0.002,0.01,0.0,10.0,0.0,6115.0,924503.0,104666.0,89.1891891891892,50.83160083160083,?
DatasetClassiRealeseNormalized,8,9,weka.classifiers.bayes.NaiveBayes,'',5995231201785697655,2.02604250818E7,4330.0,481.0,422.0,59.0,0.0,87.73388773388774,12.266112266112266,0.0,0.5163027730906241,0.12356024727688097,0.3424932000177551,53.573524014694534,100.8414308241213,272.1308087156738,3046.649931014859,-2774.519122299185,0.565760517080403,6.333991540571432,-5.768231023491029,87.1891658399819,0.1812664570477794,32.039432158186244,0.65625,42.0,0.08872901678657075,37.0,0.9112709832134293,380.0,0.34375,22.0,0.5316455696202531,0.65625,0.5874125874125874,0.5202515296724635,0.8803207434052758,0.5717656943306207,0.8773388773388774,0.3098178941254481,0.6901821058745519,0.12266112266112267,0.890237881358229,0.8773388773388774,0.8826488826488827,0.5202515296724635,0.8807430407025731,0.9231069852460067,0.7576867576867576,0.8773388773388774,0.005,0.001,0.01,0.0,10.0,0.0,6115.0,924503.0,104666.0,89.3970893970894,52.07900207900208,?
DatasetClassiRealeseNormalized,8,10,weka.classifiers.bayes.NaiveBayes,'',5995231201785697655,2.02604250818E7,4330.0,481.0,421.0,60.0,0.0,87.52598752598753,12.474012474012474,0.0,0.4369659370244644,0.12294981327134719,0.34324485477651984,53.30885069479118,101.06274307603073,272.1308087156738,3109.302661122778,-2837.171852407104,0.565760517080403,6.464246696720952,-5.898486179640549,88.20211293015227,0.18337237615416271,32.41166016682334,0.484375,31.0,0.06474820143884892,27.0,0.935251798561151,390.0,0.515625,33.0,0.5344827586206896,0.484375,0.5081967213114754,0.43766019518022387,0.8781287470023981,0.5329659768211353,0.8752598752598753,0.45563307669872416,0.5443669233012758,0.12474012474012475,0.870426157293362,0.8752598752598753,0.8726379955888152,0.43766019518022387,0.8793306700793212,0.9178169156052255,0.718384074941452,0.8752598752598753,0.005,0.001,0.01,0.0,10.0,0.0,6115.0,924503.0,104666.0,88.77338877338877,51.45530145530145,?
DatasetClassiRealeseNormalized,9,1,weka.classifiers.bayes.NaiveBayes,'',5995231201785697655,2.02604250818E7,4329.0,482.0,416.0,66.0,0.0,86.30705394190872,13.692946058091286,0.0,0.4131926510735633,0.1382806993124365,0.36498760771901423,60.00290333662059,107.55904630003333,272.3366817903761,4590.31807057198,-4317.9813887816035,0.565013862635635,9.523481474215725,-8.95846761158009,64.93450065181399,0.13471888102036098,23.8434647234909,0.5,32.0,0.08133971291866028,34.0,0.9186602870813397,384.0,0.5,32.0,0.48484848484848486,0.5,0.49230769230769234,0.413257992529877,0.8711498205741627,0.5022759352056226,0.8630705394190872,0.44441025233774745,0.5555897476622527,0.13692946058091288,0.8648889146814459,0.8630705394190872,0.8639596589565245,0.413257992529877,0.8713605311550755,0.9139352796466277,0.7065855008301052,0.8630705394190872,0.005,0.001,0.0,0.0,0.0,0.0,6115.0,924290.0,104879.0,87.34439834024896,51.6597510373444,?
DatasetClassiRealeseNormalized,9,2,weka.classifiers.bayes.NaiveBayes,'',5995231201785697655,2.02604250818E7,4330.0,481.0,423.0,58.0,0.0,87.94178794178794,12.058212058212058,0.0,0.4479797380189163,0.12206926211458549,0.34352539788869346,53.24002355077543,101.82071197039804,269.42867131105754,3592.6429200928833,-3323.2142487818255,0.5601427677984564,7.469112099985204,-6.908969332186747,86.79785509992782,0.18045292120567114,32.21552282374544,0.49206349206349204,31.0,0.06220095693779904,26.0,0.937799043062201,392.0,0.5079365079365079,32.0,0.543859649122807,0.49206349206349204,0.5166666666666667,0.448711970024553,0.8393711551606289,0.46631252530830486,0.8794178794178794,0.44955534429218635,0.5504446557078135,0.12058212058212059,0.8746694138948359,0.8794178794178794,0.8768329539113386,0.448711970024553,0.8394041551936289,0.9054440681980147,0.7238915281076801,0.8794178794178794,0.005,0.002,0.0,0.0,0.0,0.0,6115.0,924503.0,104666.0,88.56548856548856,51.351351351351354,?
DatasetClassiRealeseNormalized,9,3,weka.classifiers.bayes.NaiveBayes,'',5995231201785697655,2.02604250818E7,4330.0,481.0,422.0,59.0,0.0,87.73388773388774,12.266112266112266,0.0,0.4425105588841962,0.12490422176807377,0.34498154509452594,54.15624743315539,101.57408267797628,272.1308087156738,3101.6418567370624,-2829.5110480213884,0.565760517080403,6.448319868476221,-5.882559351395818,84.53618808428688,0.1757509107781432,31.06454152811911,0.484375,31.0,0.06235011990407674,26.0,0.9376498800959233,391.0,0.515625,33.0,0.543859649122807,0.484375,0.5123966942148761,0.4434817100680275,0.8513376798561151,0.5007165038454712,0.8773388773388774,0.45531399724295407,0.5446860027570459,0.12266112266112267,0.8718333240428574,0.8773388773388774,0.8743013086327324,0.44348171006802756,0.8515001018935372,0.9057408094689838,0.721121058165702,0.8773388773388774,0.005,0.001,0.0,0.0,0.0,0.0,6115.0,924503.0,104666.0,89.1891891891892,51.66320166320166,?
DatasetClassiRealeseNormalized,9,4,weka.classifiers.bayes.NaiveBayes,'',5995231201785697655,2.02604250818E7,4330.0,481.0,416.0,65.0,0.0,86.48648648648648,13.513513513513514,0.0,0.43299903882773283,0.13455852182967779,0.36322674118867393,58.342180106439905,106.94607744956639,272.1308087156738,2772.8424380025494,-2500.7116292868754,0.565760517080403,5.764745193352494,-5.19898467627209,69.0271151243964,0.14350751585113597,25.365417260240065,0.53125,34.0,0.08393285371702638,35.0,0.9160671462829736,382.0,0.46875,30.0,0.4927536231884058,0.53125,0.5112781954887218,0.4334114761747413,0.8124625299760192,0.48354922968414166,0.8648648648648649,0.4175477185818912,0.5824522814181087,0.13513513513513514,0.8693807779920065,0.8648648648648649,0.8669974744509695,0.4334114761747413,0.8132096713481606,0.8954075523779558,0.7164352376719846,0.8648648648648649,0.005,0.002,0.0,0.0,0.0,0.0,6115.0,924503.0,104666.0,87.11018711018711,50.727650727650726,?
DatasetClassiRealeseNormalized,9,5,weka.classifiers.bayes.NaiveBayes,'',5995231201785697655,2.02604250818E7,4330.0,481.0,429.0,52.0,0.0,89.1891891891892,10.81081081081081,0.0,0.5186667693018243,0.10509898431663349,0.31822300782895574,45.569048980534696,93.69547608233938,272.1308087156738,2181.1628567335124,-1909.0320480178386,0.565760517080403,4.534642113791086,-3.968881596710683,114.68789474591922,0.2384363716131377,42.14439933765338,0.5625,36.0,0.05755395683453238,24.0,0.9424460431654677,393.0,0.4375,28.0,0.6,0.5625,0.5806451612903225,0.5190226547464543,0.8810701438848921,0.5788931319276845,0.8918918918918919,0.3869458487264243,0.6130541512735758,0.10810810810810811,0.8891185722539641,0.8918918918918919,0.8904062273066816,0.5190226547464543,0.8832141147788629,0.9228624359584462,0.7592963276618677,0.8918918918918919,0.005,0.001,0.01,0.0,10.0,0.0,6115.0,924503.0,104666.0,90.85239085239085,51.143451143451145,?
DatasetClassiRealeseNormalized,9,6,weka.classifiers.bayes.NaiveBayes,'',5995231201785697655,2.02604250818E7,4330.0,481.0,417.0,64.0,0.0,86.6943866943867,13.305613305613306,0.0,0.4590377113133939,0.1369037197863884,0.3607326463002826,59.359016199131645,106.21173265923636,272.1308087156738,2715.0256159415394,-2442.8948072258654,0.565760517080403,5.644543900086361,-5.078783383005957,68.42964276436565,0.14226536957248576,25.145863890722463,0.578125,37.0,0.08872901678657075,37.0,0.9112709832134293,380.0,0.421875,27.0,0.5,0.578125,0.5362318840579711,0.4606863564403078,0.8596372901678657,0.5131905285907763,0.8669438669438669,0.3775478837304377,0.6224521162695623,0.13305613305613306,0.8759596867704976,0.8669438669438669,0.8709573618818025,0.4606863564403078,0.8604981269662025,0.9118965019635812,0.7292809905726748,0.8669438669438669,0.005,0.001,0.01,0.0,10.0,0.0,6115.0,924503.0,104666.0,87.73388773388774,51.975051975051976,?
DatasetClassiRealeseNormalized,9,7,weka.classifiers.bayes.NaiveBayes,'',5995231201785697655,2.02604250818E7,4330.0,481.0,420.0,61.0,0.0,87.31808731808732,12.681912681912682,0.0,0.46789140566910314,0.1272983556736909,0.35095276595212405,55.19430128229959,103.33220942331258,272.1308087156738,2603.0698200302613,-2330.9390113145873,0.565760517080403,5.411787567630481,-4.846027050550077,80.24070230435325,0.1668205869113373,29.486077920780325,0.5625,36.0,0.07913669064748201,33.0,0.920863309352518,384.0,0.4375,28.0,0.5217391304347826,0.5625,0.5413533834586465,0.46833707845988964,0.8518247901678657,0.5097127188831858,0.8731808731808732,0.3898175638283552,0.6101824361716448,0.12681912681912683,0.8774459428743937,0.8731808731808732,0.8751822452539867,0.46833707845988964,0.8542286363217119,0.9080727725089006,0.73388537689217,0.8731808731808732,0.004,0.002,0.01,0.0,10.0,0.0,6115.0,924503.0,104666.0,88.14968814968815,51.24740124740125,?
DatasetClassiRealeseNormalized,9,8,weka.classifiers.bayes.NaiveBayes,'',5995231201785697655,2.02604250818E7,4330.0,481.0,427.0,54.0,0.0,88.77338877338877,11.226611226611226,0.0,0.513376798561151,0.11137991621120386,0.3300477669943433,48.29234925796451,97.17707990199627,272.1308087156738,2310.376265427106,-2038.245456711432,0.565760517080403,4.8032770591000125,-4.237516542019609,105.30363130245966,0.21892646840428204,38.69596088713439,0.578125,37.0,0.06474820143884892,27.0,0.935251798561151,390.0,0.421875,27.0,0.578125,0.578125,0.578125,0.513376798561151,0.8902128297362111,0.5611342646875912,0.8877338877338877,0.37435708917273663,0.6256429108272633,0.11226611226611227,0.8877338877338877,0.8877338877338877,0.8877338877338877,0.513376798561151,0.8913822684056497,0.9241306911472134,0.7566883992805755,0.8877338877338877,0.005,0.001,0.0,0.01,0.0,10.0,6115.0,924503.0,104666.0,89.60498960498961,50.83160083160083,?
DatasetClassiRealeseNormalized,9,9,weka.classifiers.bayes.NaiveBayes,'',5995231201785697655,2.02604250818E7,4330.0,481.0,421.0,60.0,0.0,87.52598752598753,12.474012474012474,0.0,0.4928478543563068,0.12788645505836427,0.3525221844218071,55.44929070812377,103.79429860942325,272.1308087156738,2945.840765412771,-2673.709956697097,0.565760517080403,6.124409075702227,-5.558648558621823,80.89855501471617,0.16818826406385898,29.72781927798559,0.609375,39.0,0.08393285371702638,35.0,0.9160671462829736,382.0,0.390625,25.0,0.527027027027027,0.609375,0.5652173913043478,0.4946179294359112,0.8444806654676259,0.46341049817480817,0.8752598752598753,0.3498177289769016,0.6501822710230983,0.12474012474012475,0.883815964897046,0.8752598752598753,0.8790225267641899,0.4946179294359112,0.8483300677545281,0.8969706368488144,0.7462009286618827,0.8752598752598753,0.005,0.002,0.0,0.0,0.0,0.0,6115.0,924503.0,104666.0,88.14968814968815,51.143451143451145,?
DatasetClassiRealeseNormalized,9,10,weka.classifiers.bayes.NaiveBayes,'',5995231201785697655,2.02604250818E7,4330.0,481.0,413.0,68.0,0.0,85.86278586278586,14.137214137214137,0.0,0.39521467401353505,0.14067849092278287,0.37095150014210804,60.9956897780736,109.22050434503572,272.1308087156738,3862.955372083456,-3590.824563367782,0.565760517080403,8.031092249653755,-7.465331732573351,60.51129206391848,0.12580310200398853,22.23610488996178,0.484375,31.0,0.08393285371702638,35.0,0.9160671462829736,382.0,0.515625,33.0,0.4696969696969697,0.484375,0.47692307692307695,0.39527721299400603,0.8671687649880095,0.4605287061787549,0.8586278586278586,0.458185712344885,0.541814287655115,0.14137214137214138,0.8605022243576461,0.8586278586278586,0.8595454181992643,0.39527721299400603,0.8685818367135812,0.9083037986754023,0.6975961538461538,0.8586278586278586,0.005,0.001,0.0,0.0,0.0,0.0,6115.0,924503.0,104666.0,86.48648648648648,50.83160083160083,?
DatasetClassiRealeseNormalized,10,1,weka.classifiers.bayes.NaiveBayes,'',5995231201785697655,2.02604250818E7,4329.0,482.0,413.0,69.0,0.0,85.68464730290457,14.315352697095436,0.0,0.38248728136952714,0.14457607555989752,0.3747805213279314,62.73459947586689,110.44494276883793,272.3366817903761,2998.128933870576,-2725.7922520802,0.565013862635635,6.22018451010493,-5.655170647469294,53.66903660111068,0.11134654896495992,19.70687027846693,0.46875,30.0,0.08373205741626795,35.0,0.916267942583732,383.0,0.53125,34.0,0.46153846153846156,0.46875,0.46511627906976744,0.3825025995338523,0.8308911483253588,0.4434132373725719,0.8568464730290456,0.4718285304453136,0.5281714695546864,0.14315352697095435,0.8577944538719486,0.8568464730290456,0.8573156109858832,0.38250259953385235,0.8325768329726617,0.8934027182432369,0.6912407742654226,0.8568464730290456,0.005,0.002,0.01,0.0,10.0,0.0,6115.0,924290.0,104879.0,86.72199170124482,51.45228215767635,?
DatasetClassiRealeseNormalized,10,2,weka.classifiers.bayes.NaiveBayes,'',5995231201785697655,2.02604250818E7,4330.0,481.0,423.0,58.0,0.0,87.94178794178794,12.058212058212058,0.0,0.46306632279918397,0.12352040457019782,0.3441776334401303,53.87293356574553,102.01403417780357,269.42867131105754,1876.7955168642386,-1607.366845553181,0.5601427677984564,3.9018617814225336,-3.341719013624077,83.3474508044142,0.17327952350190062,30.934885436965583,0.5238095238095238,33.0,0.06698564593301436,28.0,0.9330143540669856,390.0,0.47619047619047616,30.0,0.5409836065573771,0.5238095238095238,0.5322580645161291,0.4631457135977635,0.840624287992709,0.4935317738299637,0.8794178794178794,0.42259400154136995,0.57740599845863,0.12058212058212059,0.8778062876423532,0.8794178794178794,0.8785893357068968,0.4631457135977635,0.8420597894282105,0.9033968740389008,0.7315228270074678,0.8794178794178794,0.005,0.001,0.01,0.0,10.0,0.0,6115.0,924503.0,104666.0,88.56548856548856,51.45530145530145,?
DatasetClassiRealeseNormalized,10,3,weka.classifiers.bayes.NaiveBayes,'',5995231201785697655,2.02604250818E7,4330.0,481.0,425.0,56.0,0.0,88.35758835758836,11.642411642411643,0.0,0.49535371702637887,0.11731032171393585,0.3353022512020083,50.863667530786834,98.72417545226185,272.1308087156738,3000.8038502178083,-2728.6730415021343,0.565760517080403,6.238677443280267,-5.672916926199863,97.9065424707161,0.20354790534452413,35.977750160956695,0.5625,36.0,0.0671462829736211,28.0,0.9328537170263789,389.0,0.4375,28.0,0.5625,0.5625,0.5625,0.49535371702637887,0.8684240107913669,0.5404847733903562,0.8835758835758836,0.3882221665495047,0.6117778334504954,0.11642411642411643,0.8835758835758836,0.8835758835758836,0.8835758835758836,0.49535371702637887,0.8690899411447973,0.9140189998621352,0.7476768585131894,0.8835758835758836,0.005,0.001,0.01,0.0,10.0,0.0,6115.0,924503.0,104666.0,90.02079002079002,51.767151767151766,?
DatasetClassiRealeseNormalized,10,4,weka.classifiers.bayes.NaiveBayes,'',5995231201785697655,2.02604250818E7,4330.0,481.0,428.0,53.0,0.0,88.98128898128898,11.018711018711018,0.0,0.49216119843024775,0.11035377202283637,0.3259093873385434,47.84743140186104,95.95860278839909,272.1308087156738,1936.7380858542947,-1664.607277138621,0.565760517080403,4.0264825069735855,-3.460721989893183,104.74770244069732,0.21777069114490089,38.49167352092766,0.515625,33.0,0.05275779376498801,22.0,0.947242206235012,395.0,0.484375,31.0,0.6,0.515625,0.5546218487394958,0.49400151707675977,0.8715714928057554,0.5553112121362286,0.8898128898128899,0.4269456835778778,0.5730543164221222,0.1101871101871102,0.8836900822816315,0.8898128898128899,0.8862343377729603,0.4940015170767598,0.8725622672340299,0.9192099744121246,0.7458755744290599,0.8898128898128899,0.004,0.002,0.0,0.01,0.0,10.0,6115.0,924503.0,104666.0,90.02079002079002,51.351351351351354,?
DatasetClassiRealeseNormalized,10,5,weka.classifiers.bayes.NaiveBayes,'',5995231201785697655,2.02604250818E7,4330.0,481.0,420.0,61.0,0.0,87.31808731808732,12.681912681912682,0.0,0.5058524344443136,0.12847179834550176,0.3522504592396357,55.70308513911119,103.71429364535479,272.1308087156738,4531.753743852181,-4259.622935136507,0.565760517080403,9.42152545499414,-8.855764937913737,80.42804159932146,0.167210065695055,29.554919554644705,0.65625,42.0,0.09352517985611511,39.0,0.9064748201438849,378.0,0.34375,22.0,0.5185185185185185,0.65625,0.5793103448275861,0.5107184889610844,0.9014538369304557,0.5509108948385164,0.8731808731808732,0.31045605303698826,0.6895439469630117,0.12681912681912683,0.8882540232540233,0.8731808731808732,0.879295682216376,0.5107184889610844,0.9041175583441771,0.9259568446907477,0.7523234710674038,0.8731808731808732,0.005,0.001,0.0,0.0,0.0,0.0,6115.0,924503.0,104666.0,88.35758835758836,51.45530145530145,?
DatasetClassiRealeseNormalized,10,6,weka.classifiers.bayes.NaiveBayes,'',5995231201785697655,2.02604250818E7,4330.0,481.0,415.0,66.0,0.0,86.27858627858627,13.721413721413722,0.0,0.39726599582304917,0.13862971026435966,0.3667113517290857,60.10737495009401,107.97206311217728,272.1308087156738,2043.9359757654217,-1771.805167049748,0.565760517080403,4.249347142963455,-3.683586625883052,64.23457914242466,0.13354382358092445,23.604302447628367,0.46875,30.0,0.07673860911270983,32.0,0.9232613908872902,385.0,0.53125,34.0,0.4838709677419355,0.46875,0.47619047619047616,0.3973322759880891,0.8288369304556354,0.47009258250552605,0.8627858627858628,0.47077447189857263,0.5292255281014274,0.13721413721413722,0.8609771998023594,0.8627858627858628,0.8618609934399409,0.3973322759880891,0.8299089159026208,0.9013866127658474,0.6986215538847118,0.8627858627858628,0.005,0.002,0.0,0.0,0.0,0.0,6115.0,924503.0,104666.0,87.31808731808732,51.351351351351354,?
DatasetClassiRealeseNormalized,10,7,weka.classifiers.bayes.NaiveBayes,'',5995231201785697655,2.02604250818E7,4330.0,481.0,425.0,56.0,0.0,88.35758835758836,11.642411642411643,0.0,0.520711743772242,0.11775414850205126,0.3352116348954126,51.056102926599735,98.69749498674418,272.1308087156738,4340.47854750393,-4068.347738788256,0.565760517080403,9.023863924124594,-8.458103407044192,95.15413938368832,0.19782565360434162,34.966323670873564,0.625,40.0,0.07673860911270983,32.0,0.9232613908872902,385.0,0.375,24.0,0.5555555555555556,0.625,0.5882352941176471,0.5219366283811395,0.8753372302158273,0.551292207232505,0.8835758835758836,0.3353144926885934,0.6646855073114066,0.11642411642411643,0.8899919291117335,0.8835758835758836,0.8864363251202733,0.5219366283811395,0.8752235347896319,0.9200044340715455,0.7602193419740777,0.8835758835758836,0.004,0.002,0.01,0.0,10.0,0.0,6115.0,924503.0,104666.0,89.81288981288981,51.767151767151766,?
DatasetClassiRealeseNormalized,10,8,weka.classifiers.bayes.NaiveBayes,'',5995231201785697655,2.02604250818E7,4330.0,481.0,425.0,56.0,0.0,88.35758835758836,11.642411642411643,0.0,0.5019414962464406,0.11821373091856223,0.3407203747888628,51.255369682456156,100.31945189819422,272.1308087156738,2130.3778005549566,-1858.2469918392828,0.565760517080403,4.429059876413631,-3.8632993593332285,95.45883687830968,0.19845912032912616,35.078290961919876,0.578125,37.0,0.06954436450839328,29.0,0.9304556354916067,388.0,0.421875,27.0,0.5606060606060606,0.578125,0.5692307692307692,0.5020209237360947,0.871646432853717,0.5264993998412255,0.8835758835758836,0.37499524808427687,0.6250047519157231,0.11642411642411643,0.885132364650437,0.8835758835758836,0.8843315208699825,0.5020209237360947,0.8739040991738835,0.9151124989764654,0.7509615384615385,0.8835758835758836,0.005,0.001,0.01,0.0,10.0,0.0,6115.0,924503.0,104666.0,88.35758835758836,50.51975051975052,?
DatasetClassiRealeseNormalized,10,9,weka.classifiers.bayes.NaiveBayes,'',5995231201785697655,2.02604250818E7,4330.0,481.0,413.0,68.0,0.0,85.86278586278586,14.137214137214137,0.0,0.4106029480664577,0.1424992486396103,0.3723363225398691,61.78513791707587,109.62824228558543,272.1308087156738,5218.572132268132,-4946.441323552458,0.565760517080403,10.849422312407759,-10.283661795327356,60.044147990093016,0.12483190850331188,22.064443299702976,0.515625,33.0,0.08872901678657075,37.0,0.9112709832134293,380.0,0.484375,31.0,0.4714285714285714,0.515625,0.4925373134328358,0.41115933214656947,0.8400779376498801,0.44633486118895516,0.8586278586278586,0.43173187541442937,0.5682681245855706,0.14137214137214138,0.8642804029665343,0.8586278586278586,0.8612806886655038,0.4111593321465694,0.8409225322444748,0.8981549634778285,0.7052058547840507,0.8586278586278586,0.005,0.002,0.01,0.0,10.0,0.0,6115.0,924503.0,104666.0,86.6943866943867,51.351351351351354,?
DatasetClassiRealeseNormalized,10,10,weka.classifiers.bayes.NaiveBayes,'',5995231201785697655,2.02604250818E7,4330.0,481.0,415.0,66.0,0.0,86.27858627858627,13.721413721413722,0.0,0.39726599582304917,0.1346339327788018,0.36213680229703776,58.374876951767625,106.62516305670327,272.1308087156738,4624.139916442534,-4352.00910772686,0.565760517080403,9.613596499880527,-9.047835982800125,70.64551983165072,0.14687218260218443,25.96013298349551,0.46875,30.0,0.07673860911270983,32.0,0.9232613908872902,385.0,0.53125,34.0,0.4838709677419355,0.46875,0.47619047619047616,0.3973322759880891,0.825183603117506,0.4520786960770349,0.8627858627858628,0.47077447189857263,0.5292255281014274,0.13721413721413722,0.8609771998023594,0.8627858627858628,0.8618609934399409,0.3973322759880891,0.8251186343025372,0.8970039488638023,0.6986215538847118,0.8627858627858628,0.005,0.001,0.0,0.01,0.0,10.0,6115.0,924503.0,104666.0,87.31808731808732,50.935550935550935,?
