Key_Dataset,Key_Run,Key_Fold,Key_Scheme,Key_Scheme_options,Key_Scheme_version_ID,Date_time,Number_of_training_instances,Number_of_testing_instances,Number_correct,Number_incorrect,Number_unclassified,Percent_correct,Percent_incorrect,Percent_unclassified,Kappa_statistic,Mean_absolute_error,Root_mean_squared_error,Relative_absolute_error,Root_relative_squared_error,SF_prior_entropy,SF_scheme_entropy,SF_entropy_gain,SF_mean_prior_entropy,SF_mean_scheme_entropy,SF_mean_entropy_gain,KB_information,KB_mean_information,KB_relative_information,True_positive_rate,Num_true_positives,False_positive_rate,Num_false_positives,True_negative_rate,Num_true_negatives,False_negative_rate,Num_false_negatives,IR_precision,IR_recall,F_measure,Matthews_correlation,Area_under_ROC,Area_under_PRC,Weighted_avg_true_positive_rate,Weighted_avg_false_positive_rate,Weighted_avg_true_negative_rate,Weighted_avg_false_negative_rate,Weighted_avg_IR_precision,Weighted_avg_IR_recall,Weighted_avg_F_measure,Weighted_avg_matthews_correlation,Weighted_avg_area_under_ROC,Weighted_avg_area_under_PRC,Unweighted_macro_avg_F_measure,Unweighted_micro_avg_F_measure,Elapsed_Time_training,Elapsed_Time_testing,UserCPU_Time_training,UserCPU_Time_testing,UserCPU_Time_millis_training,UserCPU_Time_millis_testing,Serialized_Model_Size,Serialized_Train_Set_Size,Serialized_Test_Set_Size,Coverage_of_Test_Cases_By_Regions,Size_of_Predicted_Regions,Summary
DatasetClassiRealeseNormalized,1,1,weka.classifiers.meta.FilteredClassifier,'-F \"weka.filters.MultiFilter -F \\\"weka.filters.supervised.attribute.AttributeSelection -E \\\\\\\"weka.attributeSelection.WrapperSubsetEval -B weka.classifiers.bayes.NaiveBayes -F 5 -T 0.01 -R 1 -E AUC --\\\\\\\" -S \\\\\\\"weka.attributeSelection.GreedyStepwise -B -T -1.7976931348623157E308 -N -1 -num-slots 1\\\\\\\"\\\" -S 1\" -S 1 -W weka.classifiers.lazy.IBk -- -K 1 -W 0 -A \"weka.core.neighboursearch.LinearNNSearch -A \\\"weka.core.EuclideanDistance -R first-last\\\"\"',-4523450618538717400,2.02604250827E7,4329.0,482.0,474.0,8.0,0.0,98.34024896265561,1.6597510373443984,0.0,0.9269641639518144,0.0194565625343123,0.12953470888471286,8.442611635709728,38.172884382195804,272.3366817903761,90.77864442105319,181.5580373693229,0.565013862635635,0.18833743655820162,0.3766764260774334,243.87147083124182,0.5059574083635723,89.54778666905968,0.921875,59.0,0.007177033492822967,3.0,0.992822966507177,415.0,0.078125,5.0,0.9516129032258065,0.921875,0.9365079365079365,0.9271187226976911,0.9678902511961722,0.8901499920929539,0.983402489626556,0.06870452311937898,0.931295476880621,0.016597510373443983,0.9832511106436952,0.983402489626556,0.9832905694520486,0.9271187226976911,0.9678902511961722,0.9774320997363319,0.9634806985642308,0.983402489626556,8.656,0.108,8.49,0.11,8490.0,110.0,697382.0,924290.0,104879.0,98.54771784232365,50.62240663900415,?
DatasetClassiRealeseNormalized,1,2,weka.classifiers.meta.FilteredClassifier,'-F \"weka.filters.MultiFilter -F \\\"weka.filters.supervised.attribute.AttributeSelection -E \\\\\\\"weka.attributeSelection.WrapperSubsetEval -B weka.classifiers.bayes.NaiveBayes -F 5 -T 0.01 -R 1 -E AUC --\\\\\\\" -S \\\\\\\"weka.attributeSelection.GreedyStepwise -B -T -1.7976931348623157E308 -N -1 -num-slots 1\\\\\\\"\\\" -S 1\" -S 1 -W weka.classifiers.lazy.IBk -- -K 1 -W 0 -A \"weka.core.neighboursearch.LinearNNSearch -A \\\"weka.core.EuclideanDistance -R first-last\\\"\"',-4523450618538717400,2.0260425082799997E7,4330.0,481.0,450.0,31.0,0.0,93.55509355509355,6.444906444906445,0.0,0.7224982785253014,0.06539917118739125,0.24970761290590285,28.52358860783081,74.01317948184354,269.42867131105754,357.00828522255875,-87.57961391150121,0.5601427677984564,0.7422209671986668,-0.18207819940021042,170.482246541852,0.3544329449934553,63.27546571501623,0.7777777777777778,49.0,0.04066985645933014,17.0,0.9593301435406698,401.0,0.2222222222222222,14.0,0.7424242424242424,0.7777777777777778,0.7596899224806201,0.7227589492688211,0.8871420976684135,0.6273710972959092,0.9355509355509356,0.19844301423248792,0.8015569857675121,0.06444906444906445,0.9369470321277549,0.9355509355509356,0.9361842885391839,0.7227589492688212,0.8871420976684135,0.9239811621347715,0.8612375182631191,0.9355509355509356,11.193,0.081,11.08,0.08,11080.0,80.0,452262.0,924503.0,104666.0,93.97089397089397,50.51975051975052,?
DatasetClassiRealeseNormalized,1,3,weka.classifiers.meta.FilteredClassifier,'-F \"weka.filters.MultiFilter -F \\\"weka.filters.supervised.attribute.AttributeSelection -E \\\\\\\"weka.attributeSelection.WrapperSubsetEval -B weka.classifiers.bayes.NaiveBayes -F 5 -T 0.01 -R 1 -E AUC --\\\\\\\" -S \\\\\\\"weka.attributeSelection.GreedyStepwise -B -T -1.7976931348623157E308 -N -1 -num-slots 1\\\\\\\"\\\" -S 1\" -S 1 -W weka.classifiers.lazy.IBk -- -K 1 -W 0 -A \"weka.core.neighboursearch.LinearNNSearch -A \\\"weka.core.EuclideanDistance -R first-last\\\"\"',-4523450618538717400,2.0260425082799997E7,4330.0,481.0,467.0,14.0,0.0,97.0893970893971,2.9106029106029108,0.0,0.8738384292565947,0.033598916400654696,0.17427823359482214,14.567892136251688,51.313329538487885,272.1308087156738,173.85353841567053,98.2772703000033,0.565760517080403,0.3614418678080468,0.20431864927235613,221.25360255948436,0.4599866997078677,81.30413590570457,0.890625,57.0,0.016786570743405275,7.0,0.9832134292565947,410.0,0.109375,7.0,0.890625,0.890625,0.890625,0.8738384292565947,0.9440385191846523,0.7992706625337661,0.9708939708939709,0.09705554163737617,0.9029444583626238,0.029106029106029108,0.9708939708939709,0.9708939708939709,0.9708939708939709,0.8738384292565947,0.9440385191846523,0.9593186143005912,0.9369192146282974,0.9708939708939709,11.047,0.053,10.96,0.06,10960.0,60.0,487058.0,924503.0,104666.0,97.0893970893971,50.83160083160083,?
DatasetClassiRealeseNormalized,1,4,weka.classifiers.meta.FilteredClassifier,'-F \"weka.filters.MultiFilter -F \\\"weka.filters.supervised.attribute.AttributeSelection -E \\\\\\\"weka.attributeSelection.WrapperSubsetEval -B weka.classifiers.bayes.NaiveBayes -F 5 -T 0.01 -R 1 -E AUC --\\\\\\\" -S \\\\\\\"weka.attributeSelection.GreedyStepwise -B -T -1.7976931348623157E308 -N -1 -num-slots 1\\\\\\\"\\\" -S 1\" -S 1 -W weka.classifiers.lazy.IBk -- -K 1 -W 0 -A \"weka.core.neighboursearch.LinearNNSearch -A \\\"weka.core.EuclideanDistance -R first-last\\\"\"',-4523450618538717400,2.0260425082799997E7,4330.0,481.0,453.0,28.0,0.0,94.17879417879418,5.8212058212058215,0.0,0.7476768585131894,0.058667874703250515,0.240071581866515,25.437346262852355,70.68508751232004,272.1308087156738,337.36101581600263,-65.23020710032881,0.565760517080403,0.7013742532557228,-0.13561373617531977,184.53752666718856,0.38365390159498663,67.8120671224683,0.78125,50.0,0.03357314148681055,14.0,0.9664268585131894,403.0,0.21875,14.0,0.78125,0.78125,0.78125,0.7476768585131894,0.8749250599520384,0.6461814262476305,0.9417879417879418,0.19411108327475235,0.8058889167252477,0.058212058212058215,0.9417879417879418,0.9417879417879418,0.9417879417879417,0.7476768585131894,0.8749250599520384,0.9244337274172636,0.8738384292565946,0.9417879417879418,11.185,0.061,11.1,0.06,11100.0,60.0,452257.0,924503.0,104666.0,94.38669438669439,50.311850311850314,?
DatasetClassiRealeseNormalized,1,5,weka.classifiers.meta.FilteredClassifier,'-F \"weka.filters.MultiFilter -F \\\"weka.filters.supervised.attribute.AttributeSelection -E \\\\\\\"weka.attributeSelection.WrapperSubsetEval -B weka.classifiers.bayes.NaiveBayes -F 5 -T 0.01 -R 1 -E AUC --\\\\\\\" -S \\\\\\\"weka.attributeSelection.GreedyStepwise -B -T -1.7976931348623157E308 -N -1 -num-slots 1\\\\\\\"\\\" -S 1\" -S 1 -W weka.classifiers.lazy.IBk -- -K 1 -W 0 -A \"weka.core.neighboursearch.LinearNNSearch -A \\\"weka.core.EuclideanDistance -R first-last\\\"\"',-4523450618538717400,2.0260425082799997E7,4330.0,481.0,466.0,15.0,0.0,96.88149688149689,3.1185031185031185,0.0,0.8620907162107921,0.03245217690745303,0.17717145447061272,14.070686302404727,52.16519034270185,272.1308087156738,184.18512141355794,87.94568730211589,0.565760517080403,0.38292125034003727,0.18283926674036566,223.23626680725536,0.4641086628009467,82.03270620508677,0.859375,55.0,0.014388489208633094,6.0,0.9856115107913669,411.0,0.140625,9.0,0.9016393442622951,0.859375,0.88,0.8624188249903527,0.9258655575539568,0.7900568620582662,0.9688149688149689,0.12382845802360191,0.8761715419763981,0.031185031185031187,0.9683351429253069,0.9688149688149689,0.9684966355934097,0.8624188249903527,0.9258655575539568,0.9545059244361478,0.9310394265232975,0.9688149688149689,9.095,0.063,9.02,0.07,9020.0,70.0,662750.0,924503.0,104666.0,96.88149688149689,50.20790020790021,?
DatasetClassiRealeseNormalized,1,6,weka.classifiers.meta.FilteredClassifier,'-F \"weka.filters.MultiFilter -F \\\"weka.filters.supervised.attribute.AttributeSelection -E \\\\\\\"weka.attributeSelection.WrapperSubsetEval -B weka.classifiers.bayes.NaiveBayes -F 5 -T 0.01 -R 1 -E AUC --\\\\\\\" -S \\\\\\\"weka.attributeSelection.GreedyStepwise -B -T -1.7976931348623157E308 -N -1 -num-slots 1\\\\\\\"\\\" -S 1\" -S 1 -W weka.classifiers.lazy.IBk -- -K 1 -W 0 -A \"weka.core.neighboursearch.LinearNNSearch -A \\\"weka.core.EuclideanDistance -R first-last\\\"\"',-4523450618538717400,2.0260425082799997E7,4330.0,481.0,463.0,18.0,0.0,96.25779625779626,3.7422037422037424,0.0,0.828730811837316,0.04231638611198969,0.19774065076903405,18.347631843967225,58.22144835170026,272.1308087156738,226.3067442750191,45.82406444065472,0.565760517080403,0.47049219183995655,0.09526832524044641,207.0923980467934,0.43054552608480956,76.1003133104148,0.796875,51.0,0.011990407673860911,5.0,0.988009592326139,412.0,0.203125,13.0,0.9107142857142857,0.796875,0.85,0.8311422118263809,0.8998051558752997,0.7542125085566853,0.9625779625779626,0.17769337025182347,0.8223066297481765,0.037422037422037424,0.9616017051311169,0.9625779625779626,0.9615083382304284,0.8311422118263809,0.8998051558752997,0.9390276152504162,0.9143111638954868,0.9625779625779626,9.154,0.063,9.08,0.06,9080.0,60.0,662752.0,924503.0,104666.0,96.25779625779626,50.727650727650726,?
DatasetClassiRealeseNormalized,1,7,weka.classifiers.meta.FilteredClassifier,'-F \"weka.filters.MultiFilter -F \\\"weka.filters.supervised.attribute.AttributeSelection -E \\\\\\\"weka.attributeSelection.WrapperSubsetEval -B weka.classifiers.bayes.NaiveBayes -F 5 -T 0.01 -R 1 -E AUC --\\\\\\\" -S \\\\\\\"weka.attributeSelection.GreedyStepwise -B -T -1.7976931348623157E308 -N -1 -num-slots 1\\\\\\\"\\\" -S 1\" -S 1 -W weka.classifiers.lazy.IBk -- -K 1 -W 0 -A \"weka.core.neighboursearch.LinearNNSearch -A \\\"weka.core.EuclideanDistance -R first-last\\\"\"',-4523450618538717400,2.0260425082799997E7,4330.0,481.0,463.0,18.0,0.0,96.25779625779626,3.7422037422037424,0.0,0.8356179988608315,0.04054878757027149,0.19474005254539728,17.581232577131203,57.33797207192547,272.1308087156738,215.38154330493452,56.7492654107393,0.565760517080403,0.4477786763096352,0.11798184077076777,211.38452336997,0.4394688635550312,77.67754204957645,0.84375,54.0,0.019184652278177457,8.0,0.9808153477218226,409.0,0.15625,10.0,0.8709677419354839,0.84375,0.8571428571428571,0.8357574140120331,0.9212005395683454,0.7572636744769311,0.9625779625779626,0.13801261485614005,0.86198738514386,0.037422037422037424,0.9621406822884997,0.9625779625779626,0.9623257254836203,0.835757414012033,0.9212005395683454,0.949284930139557,0.9178058783321941,0.9625779625779626,9.04,0.063,8.97,0.06,8970.0,60.0,662752.0,924503.0,104666.0,96.46569646569647,50.727650727650726,?
DatasetClassiRealeseNormalized,1,8,weka.classifiers.meta.FilteredClassifier,'-F \"weka.filters.MultiFilter -F \\\"weka.filters.supervised.attribute.AttributeSelection -E \\\\\\\"weka.attributeSelection.WrapperSubsetEval -B weka.classifiers.bayes.NaiveBayes -F 5 -T 0.01 -R 1 -E AUC --\\\\\\\" -S \\\\\\\"weka.attributeSelection.GreedyStepwise -B -T -1.7976931348623157E308 -N -1 -num-slots 1\\\\\\\"\\\" -S 1\" -S 1 -W weka.classifiers.lazy.IBk -- -K 1 -W 0 -A \"weka.core.neighboursearch.LinearNNSearch -A \\\"weka.core.EuclideanDistance -R first-last\\\"\"',-4523450618538717400,2.02604250829E7,4330.0,481.0,465.0,16.0,0.0,96.67359667359668,3.3264033264033266,0.0,0.8558153477218226,0.03504411867951829,0.1807755307854596,15.194506121729495,53.22635071718416,272.1308087156738,185.66513596688435,86.46567274878947,0.565760517080403,0.38599820367335624,0.1797623134070467,218.9243293903767,0.4551441359467291,80.44819710917479,0.875,56.0,0.019184652278177457,8.0,0.9808153477218226,409.0,0.125,8.0,0.875,0.875,0.875,0.8558153477218226,0.9421462829736211,0.7910804576453315,0.9667359667359667,0.1109206190141442,0.8890793809858558,0.033264033264033266,0.9667359667359667,0.9667359667359667,0.9667359667359667,0.8558153477218226,0.942146282973621,0.9577901372333191,0.9279076738609113,0.9667359667359667,11.39,0.05,11.31,0.05,11310.0,50.0,417454.0,924503.0,104666.0,96.88149688149689,50.41580041580042,?
DatasetClassiRealeseNormalized,1,9,weka.classifiers.meta.FilteredClassifier,'-F \"weka.filters.MultiFilter -F \\\"weka.filters.supervised.attribute.AttributeSelection -E \\\\\\\"weka.attributeSelection.WrapperSubsetEval -B weka.classifiers.bayes.NaiveBayes -F 5 -T 0.01 -R 1 -E AUC --\\\\\\\" -S \\\\\\\"weka.attributeSelection.GreedyStepwise -B -T -1.7976931348623157E308 -N -1 -num-slots 1\\\\\\\"\\\" -S 1\" -S 1 -W weka.classifiers.lazy.IBk -- -K 1 -W 0 -A \"weka.core.neighboursearch.LinearNNSearch -A \\\"weka.core.EuclideanDistance -R first-last\\\"\"',-4523450618538717400,2.02604250829E7,4330.0,481.0,458.0,23.0,0.0,95.21829521829522,4.781704781704781,0.0,0.7940962980885558,0.04875310753583506,0.21663622479066433,21.138479688448676,63.78493609535624,272.1308087156738,271.5079002362699,0.6229084794039181,0.565760517080403,0.5644654890566941,0.0012950280237087695,198.89797287679036,0.4135092991201463,73.08910513127597,0.828125,53.0,0.02877697841726619,12.0,0.9712230215827338,405.0,0.171875,11.0,0.8153846153846154,0.828125,0.8217054263565892,0.7941281211471878,0.9177158273381295,0.7034084765553268,0.9521829521829522,0.15283493060021838,0.8471650693997816,0.04781704781704782,0.9525117943387174,0.9521829521829522,0.9523395878682178,0.7941281211471879,0.9177158273381295,0.9405936105800037,0.897047190969411,0.9521829521829522,11.236,0.051,11.15,0.05,11150.0,50.0,417455.0,924503.0,104666.0,95.42619542619542,50.311850311850314,?
DatasetClassiRealeseNormalized,1,10,weka.classifiers.meta.FilteredClassifier,'-F \"weka.filters.MultiFilter -F \\\"weka.filters.supervised.attribute.AttributeSelection -E \\\\\\\"weka.attributeSelection.WrapperSubsetEval -B weka.classifiers.bayes.NaiveBayes -F 5 -T 0.01 -R 1 -E AUC --\\\\\\\" -S \\\\\\\"weka.attributeSelection.GreedyStepwise -B -T -1.7976931348623157E308 -N -1 -num-slots 1\\\\\\\"\\\" -S 1\" -S 1 -W weka.classifiers.lazy.IBk -- -K 1 -W 0 -A \"weka.core.neighboursearch.LinearNNSearch -A \\\"weka.core.EuclideanDistance -R first-last\\\"\"',-4523450618538717400,2.02604250829E7,4330.0,481.0,463.0,18.0,0.0,96.25779625779626,3.7422037422037424,0.0,0.83338465091217,0.04149830348174267,0.1960929897690866,17.992925776251674,57.73632195287193,272.1308087156738,216.98534154540135,55.14546717027247,0.565760517080403,0.4511129761858656,0.11464754089453735,210.94952110220692,0.4385644929359811,77.51769161962474,0.828125,53.0,0.016786570743405275,7.0,0.9832134292565947,410.0,0.171875,11.0,0.8833333333333333,0.828125,0.8548387096774193,0.8339564813909894,0.9067745803357314,0.7612083392880079,0.9625779625779626,0.15123953332136783,0.8487604666786321,0.037422037422037424,0.961825044485377,0.9625779625779626,0.9620636940676974,0.8339564813909894,0.9067745803357314,0.9471232480482622,0.9166794980368003,0.9625779625779626,8.987,0.063,8.91,0.06,8910.0,60.0,662750.0,924503.0,104666.0,96.46569646569647,50.727650727650726,?
DatasetClassiRealeseNormalized,2,1,weka.classifiers.meta.FilteredClassifier,'-F \"weka.filters.MultiFilter -F \\\"weka.filters.supervised.attribute.AttributeSelection -E \\\\\\\"weka.attributeSelection.WrapperSubsetEval -B weka.classifiers.bayes.NaiveBayes -F 5 -T 0.01 -R 1 -E AUC --\\\\\\\" -S \\\\\\\"weka.attributeSelection.GreedyStepwise -B -T -1.7976931348623157E308 -N -1 -num-slots 1\\\\\\\"\\\" -S 1\" -S 1 -W weka.classifiers.lazy.IBk -- -K 1 -W 0 -A \"weka.core.neighboursearch.LinearNNSearch -A \\\"weka.core.EuclideanDistance -R first-last\\\"\"',-4523450618538717400,2.02604250829E7,4329.0,482.0,457.0,25.0,0.0,94.81327800829875,5.186721991701245,0.0,0.7702223408718202,0.05316977538254923,0.2219872158704659,23.07148364574406,65.41792851281801,272.3366817903761,281.08478742908255,-8.748105638706477,0.565013862635635,0.5831634593964369,-0.018149596760801818,191.3541684487418,0.39700034947871743,70.26382461251826,0.78125,50.0,0.02631578947368421,11.0,0.9736842105263158,407.0,0.21875,14.0,0.819672131147541,0.78125,0.8,0.7705153033072856,0.880775269138756,0.6982141051332977,0.9481327800829875,0.19319856955667178,0.8068014304433283,0.05186721991701245,0.9472173835347539,0.9481327800829875,0.9476031038729174,0.7705153033072856,0.8807752691387559,0.9338604172530293,0.8851013110846246,0.9481327800829875,11.193,0.052,11.13,0.05,11130.0,50.0,417358.0,924290.0,104879.0,95.4356846473029,50.829875518672196,?
DatasetClassiRealeseNormalized,2,2,weka.classifiers.meta.FilteredClassifier,'-F \"weka.filters.MultiFilter -F \\\"weka.filters.supervised.attribute.AttributeSelection -E \\\\\\\"weka.attributeSelection.WrapperSubsetEval -B weka.classifiers.bayes.NaiveBayes -F 5 -T 0.01 -R 1 -E AUC --\\\\\\\" -S \\\\\\\"weka.attributeSelection.GreedyStepwise -B -T -1.7976931348623157E308 -N -1 -num-slots 1\\\\\\\"\\\" -S 1\" -S 1 -W weka.classifiers.lazy.IBk -- -K 1 -W 0 -A \"weka.core.neighboursearch.LinearNNSearch -A \\\"weka.core.EuclideanDistance -R first-last\\\"\"',-4523450618538717400,2.02604250829E7,4330.0,481.0,464.0,17.0,0.0,96.46569646569647,3.5343035343035343,0.0,0.8415402205298145,0.036344405754182955,0.18725818354105764,15.851468131881473,55.50320787813142,269.42867131105754,197.39292699112477,72.03574431993277,0.5601427677984564,0.410380305594854,0.14976246220360245,214.78366796247616,0.44653569222968015,79.7181929144084,0.8412698412698413,53.0,0.01674641148325359,7.0,0.9832535885167464,411.0,0.15873015873015872,10.0,0.8833333333333333,0.8412698412698413,0.8617886178861788,0.8418694376668164,0.9346472241209083,0.7815968899637147,0.9646569646569647,0.14013353487037697,0.8598664651296231,0.035343035343035345,0.9640774613458698,0.9646569646569647,0.9642891398174983,0.8418694376668164,0.9346472241209083,0.9550338244459219,0.9207632004806341,0.9646569646569647,8.961,0.062,8.9,0.06,8900.0,60.0,662751.0,924503.0,104666.0,96.67359667359668,50.311850311850314,?
DatasetClassiRealeseNormalized,2,3,weka.classifiers.meta.FilteredClassifier,'-F \"weka.filters.MultiFilter -F \\\"weka.filters.supervised.attribute.AttributeSelection -E \\\\\\\"weka.attributeSelection.WrapperSubsetEval -B weka.classifiers.bayes.NaiveBayes -F 5 -T 0.01 -R 1 -E AUC --\\\\\\\" -S \\\\\\\"weka.attributeSelection.GreedyStepwise -B -T -1.7976931348623157E308 -N -1 -num-slots 1\\\\\\\"\\\" -S 1\" -S 1 -W weka.classifiers.lazy.IBk -- -K 1 -W 0 -A \"weka.core.neighboursearch.LinearNNSearch -A \\\"weka.core.EuclideanDistance -R first-last\\\"\"',-4523450618538717400,2.02604250829E7,4330.0,481.0,456.0,25.0,0.0,94.8024948024948,5.197505197505198,0.0,0.7732116251438057,0.057427496139946126,0.23255591842681622,24.899540194857106,68.47222531589547,272.1308087156738,306.90104007190183,-34.77023135622801,0.565760517080403,0.6380479003573842,-0.07228738327698131,186.86235328407912,0.38848722096482147,68.66637194295615,0.796875,51.0,0.02877697841726619,12.0,0.9712230215827338,405.0,0.203125,13.0,0.8095238095238095,0.796875,0.8031496062992126,0.7732434419619204,0.9045638489208633,0.6717030152224825,0.9480249480249481,0.17992692644221422,0.8200730735577858,0.05197505197505198,0.9476936055883424,0.9480249480249481,0.9478514446216837,0.7732434419619204,0.9045638489208633,0.9326080941226156,0.8866047432693668,0.9480249480249481,11.165,0.051,11.09,0.05,11090.0,50.0,417454.0,924503.0,104666.0,94.8024948024948,50.62370062370062,?
DatasetClassiRealeseNormalized,2,4,weka.classifiers.meta.FilteredClassifier,'-F \"weka.filters.MultiFilter -F \\\"weka.filters.supervised.attribute.AttributeSelection -E \\\\\\\"weka.attributeSelection.WrapperSubsetEval -B weka.classifiers.bayes.NaiveBayes -F 5 -T 0.01 -R 1 -E AUC --\\\\\\\" -S \\\\\\\"weka.attributeSelection.GreedyStepwise -B -T -1.7976931348623157E308 -N -1 -num-slots 1\\\\\\\"\\\" -S 1\" -S 1 -W weka.classifiers.lazy.IBk -- -K 1 -W 0 -A \"weka.core.neighboursearch.LinearNNSearch -A \\\"weka.core.EuclideanDistance -R first-last\\\"\"',-4523450618538717400,2.0260425082999997E7,4330.0,481.0,466.0,15.0,0.0,96.88149688149689,3.1185031185031185,0.0,0.8620907162107921,0.03304113334546721,0.1763649768796299,14.3260473313031,51.92773641895071,272.1308087156738,173.77933500744572,98.3514737082281,0.565760517080403,0.3612875987680784,0.20447291831232453,221.9303429003911,0.4613936442835574,81.55281790687181,0.859375,55.0,0.014388489208633094,6.0,0.9856115107913669,411.0,0.140625,9.0,0.9016393442622951,0.859375,0.88,0.8624188249903527,0.9416404376498801,0.8127145429706906,0.9688149688149689,0.12382845802360191,0.8761715419763981,0.031185031185031187,0.9683351429253069,0.9688149688149689,0.9684966355934097,0.8624188249903527,0.9416404376498801,0.9601817775086774,0.9310394265232975,0.9688149688149689,8.867,0.062,8.81,0.07,8810.0,70.0,662751.0,924503.0,104666.0,97.0893970893971,50.51975051975052,?
DatasetClassiRealeseNormalized,2,5,weka.classifiers.meta.FilteredClassifier,'-F \"weka.filters.MultiFilter -F \\\"weka.filters.supervised.attribute.AttributeSelection -E \\\\\\\"weka.attributeSelection.WrapperSubsetEval -B weka.classifiers.bayes.NaiveBayes -F 5 -T 0.01 -R 1 -E AUC --\\\\\\\" -S \\\\\\\"weka.attributeSelection.GreedyStepwise -B -T -1.7976931348623157E308 -N -1 -num-slots 1\\\\\\\"\\\" -S 1\" -S 1 -W weka.classifiers.lazy.IBk -- -K 1 -W 0 -A \"weka.core.neighboursearch.LinearNNSearch -A \\\"weka.core.EuclideanDistance -R first-last\\\"\"',-4523450618538717400,2.0260425082999997E7,4330.0,481.0,465.0,16.0,0.0,96.67359667359668,3.3264033264033266,0.0,0.8576975703561259,0.034537581228396765,0.18301854852315239,14.974880498601767,53.8867700131617,272.1308087156738,199.09683425355811,73.03397446211571,0.565760517080403,0.4139227323358797,0.1518377847445233,220.32339253592377,0.45805279113497666,80.96231131482097,0.890625,57.0,0.02158273381294964,9.0,0.9784172661870504,408.0,0.109375,7.0,0.8636363636363636,0.890625,0.8769230769230768,0.8578332928763902,0.9309989508393285,0.7765094487495088,0.9667359667359667,0.09769370054891638,0.9023062994510836,0.033264033264033266,0.9672328322930732,0.9667359667359667,0.9669518631057094,0.8578332928763902,0.9309989508393286,0.9543306972492277,0.9288461538461539,0.9667359667359667,8.832,0.063,8.78,0.06,8780.0,60.0,662750.0,924503.0,104666.0,96.67359667359668,50.103950103950105,?
DatasetClassiRealeseNormalized,2,6,weka.classifiers.meta.FilteredClassifier,'-F \"weka.filters.MultiFilter -F \\\"weka.filters.supervised.attribute.AttributeSelection -E \\\\\\\"weka.attributeSelection.WrapperSubsetEval -B weka.classifiers.bayes.NaiveBayes -F 5 -T 0.01 -R 1 -E AUC --\\\\\\\" -S \\\\\\\"weka.attributeSelection.GreedyStepwise -B -T -1.7976931348623157E308 -N -1 -num-slots 1\\\\\\\"\\\" -S 1\" -S 1 -W weka.classifiers.lazy.IBk -- -K 1 -W 0 -A \"weka.core.neighboursearch.LinearNNSearch -A \\\"weka.core.EuclideanDistance -R first-last\\\"\"',-4523450618538717400,2.0260425082999997E7,4330.0,481.0,456.0,25.0,0.0,94.8024948024948,5.197505197505198,0.0,0.7637756605441511,0.05318262431983898,0.2261845812741559,23.059039326610943,66.59629097704192,272.1308087156738,288.84199006639875,-16.711181350724928,0.565760517080403,0.6005030978511409,-0.0347425807707379,192.1407326094605,0.39946098255605095,70.6060197727233,0.75,48.0,0.02158273381294964,9.0,0.9784172661870504,408.0,0.25,16.0,0.8421052631578947,0.75,0.7933884297520661,0.7654518728333884,0.8765550059952039,0.680592079677246,0.9480249480249481,0.21960768183789767,0.7803923181621023,0.05197505197505198,0.9462762739823315,0.9480249480249481,0.9467378426409881,0.7654518728333883,0.8765550059952039,0.929539489198258,0.8818309568498737,0.9480249480249481,8.888,0.063,8.82,0.07,8820.0,70.0,662751.0,924503.0,104666.0,95.21829521829522,50.62370062370062,?
DatasetClassiRealeseNormalized,2,7,weka.classifiers.meta.FilteredClassifier,'-F \"weka.filters.MultiFilter -F \\\"weka.filters.supervised.attribute.AttributeSelection -E \\\\\\\"weka.attributeSelection.WrapperSubsetEval -B weka.classifiers.bayes.NaiveBayes -F 5 -T 0.01 -R 1 -E AUC --\\\\\\\" -S \\\\\\\"weka.attributeSelection.GreedyStepwise -B -T -1.7976931348623157E308 -N -1 -num-slots 1\\\\\\\"\\\" -S 1\" -S 1 -W weka.classifiers.lazy.IBk -- -K 1 -W 0 -A \"weka.core.neighboursearch.LinearNNSearch -A \\\"weka.core.EuclideanDistance -R first-last\\\"\"',-4523450618538717400,2.0260425082999997E7,4330.0,481.0,470.0,11.0,0.0,97.71309771309771,2.286902286902287,0.0,0.9015243164771355,0.02709405287159056,0.1553272213882158,11.747499087784286,45.733518942597215,272.1308087156738,138.42514029429526,133.70566842137856,0.565760517080403,0.2877861544579943,0.27797436262240866,231.24489742500697,0.480758622505212,84.97564039748801,0.921875,59.0,0.014388489208633094,6.0,0.9856115107913669,411.0,0.078125,5.0,0.9076923076923077,0.921875,0.9147286821705427,0.9015604446661858,0.9565160371702638,0.8304043286056229,0.9771309771309772,0.06964446633961023,0.9303555336603898,0.02286902286902287,0.9772978970094355,0.9771309771309772,0.9772058898500172,0.9015604446661858,0.9565160371702638,0.9668629093847996,0.9507617000288489,0.9771309771309772,8.849,0.061,8.8,0.06,8800.0,60.0,662752.0,924503.0,104666.0,97.71309771309771,50.83160083160083,?
DatasetClassiRealeseNormalized,2,8,weka.classifiers.meta.FilteredClassifier,'-F \"weka.filters.MultiFilter -F \\\"weka.filters.supervised.attribute.AttributeSelection -E \\\\\\\"weka.attributeSelection.WrapperSubsetEval -B weka.classifiers.bayes.NaiveBayes -F 5 -T 0.01 -R 1 -E AUC --\\\\\\\" -S \\\\\\\"weka.attributeSelection.GreedyStepwise -B -T -1.7976931348623157E308 -N -1 -num-slots 1\\\\\\\"\\\" -S 1\" -S 1 -W weka.classifiers.lazy.IBk -- -K 1 -W 0 -A \"weka.core.neighboursearch.LinearNNSearch -A \\\"weka.core.EuclideanDistance -R first-last\\\"\"',-4523450618538717400,2.0260425082999997E7,4330.0,481.0,466.0,15.0,0.0,96.88149688149689,3.1185031185031185,0.0,0.8639269750862836,0.03358161400031028,0.17726980109975055,14.560390123421572,52.19414687322121,272.1308087156738,175.473807223985,96.65700149168882,0.565760517080403,0.3648104100290749,0.2009501070513281,222.79700325661224,0.4631954329659298,81.87128988007886,0.875,56.0,0.016786570743405275,7.0,0.9832134292565947,410.0,0.125,8.0,0.8888888888888888,0.875,0.8818897637795274,0.8639625247424667,0.9368068045563549,0.806340671277378,0.9688149688149689,0.1106015395583741,0.889398460441626,0.031185031185031187,0.9686237580974424,0.9688149688149689,0.9687108667730102,0.8639625247424667,0.9368068045563549,0.9594883495465016,0.93196284596162,0.9688149688149689,8.985,0.063,8.93,0.06,8930.0,60.0,662750.0,924503.0,104666.0,97.0893970893971,50.51975051975052,?
DatasetClassiRealeseNormalized,2,9,weka.classifiers.meta.FilteredClassifier,'-F \"weka.filters.MultiFilter -F \\\"weka.filters.supervised.attribute.AttributeSelection -E \\\\\\\"weka.attributeSelection.WrapperSubsetEval -B weka.classifiers.bayes.NaiveBayes -F 5 -T 0.01 -R 1 -E AUC --\\\\\\\" -S \\\\\\\"weka.attributeSelection.GreedyStepwise -B -T -1.7976931348623157E308 -N -1 -num-slots 1\\\\\\\"\\\" -S 1\" -S 1 -W weka.classifiers.lazy.IBk -- -K 1 -W 0 -A \"weka.core.neighboursearch.LinearNNSearch -A \\\"weka.core.EuclideanDistance -R first-last\\\"\"',-4523450618538717400,2.0260425082999997E7,4330.0,481.0,463.0,18.0,0.0,96.25779625779626,3.7422037422037424,0.0,0.8439831333117094,0.03981667589183985,0.19443090391605228,17.26380198395664,57.24694839577994,272.1308087156738,220.28360225346478,51.847206462209044,0.565760517080403,0.4579700670550203,0.10779045002538262,212.33589924242685,0.4414467759717814,78.02714446208788,0.90625,58.0,0.02877697841726619,12.0,0.9712230215827338,405.0,0.09375,6.0,0.8285714285714286,0.90625,0.8656716417910447,0.8451267655760873,0.9448815947242206,0.7561318277310923,0.9625779625779626,0.08510494099522876,0.9148950590047713,0.037422037422037424,0.9645342623444814,0.9625779625779626,0.96328018229381,0.8451267655760873,0.9448815947242206,0.9540191137512842,0.9219662556781311,0.9625779625779626,8.952,0.062,8.9,0.06,8900.0,60.0,662752.0,924503.0,104666.0,96.25779625779626,50.51975051975052,?
DatasetClassiRealeseNormalized,2,10,weka.classifiers.meta.FilteredClassifier,'-F \"weka.filters.MultiFilter -F \\\"weka.filters.supervised.attribute.AttributeSelection -E \\\\\\\"weka.attributeSelection.WrapperSubsetEval -B weka.classifiers.bayes.NaiveBayes -F 5 -T 0.01 -R 1 -E AUC --\\\\\\\" -S \\\\\\\"weka.attributeSelection.GreedyStepwise -B -T -1.7976931348623157E308 -N -1 -num-slots 1\\\\\\\"\\\" -S 1\" -S 1 -W weka.classifiers.lazy.IBk -- -K 1 -W 0 -A \"weka.core.neighboursearch.LinearNNSearch -A \\\"weka.core.EuclideanDistance -R first-last\\\"\"',-4523450618538717400,2.0260425082999997E7,4330.0,481.0,459.0,22.0,0.0,95.42619542619542,4.573804573804574,0.0,0.801746103117506,0.04915448886306739,0.21700962143950628,21.312511487894216,63.89487653309982,272.1308087156738,278.1417533995338,-6.010944683859975,0.565760517080403,0.5782572835749143,-0.012496766494511383,198.95748225807117,0.4136330192475492,73.11097306367277,0.828125,53.0,0.026378896882494004,11.0,0.973621103117506,406.0,0.171875,11.0,0.828125,0.828125,0.828125,0.801746103117506,0.890306504796163,0.6967263022927499,0.9542619542619543,0.15251585114444827,0.8474841488555518,0.04573804573804574,0.9542619542619543,0.9542619542619543,0.9542619542619543,0.801746103117506,0.890306504796163,0.9329753369214262,0.9008730515587531,0.9542619542619543,9.201,0.069,9.13,0.07,9130.0,70.0,662752.0,924503.0,104666.0,95.42619542619542,50.41580041580042,?
DatasetClassiRealeseNormalized,3,1,weka.classifiers.meta.FilteredClassifier,'-F \"weka.filters.MultiFilter -F \\\"weka.filters.supervised.attribute.AttributeSelection -E \\\\\\\"weka.attributeSelection.WrapperSubsetEval -B weka.classifiers.bayes.NaiveBayes -F 5 -T 0.01 -R 1 -E AUC --\\\\\\\" -S \\\\\\\"weka.attributeSelection.GreedyStepwise -B -T -1.7976931348623157E308 -N -1 -num-slots 1\\\\\\\"\\\" -S 1\" -S 1 -W weka.classifiers.lazy.IBk -- -K 1 -W 0 -A \"weka.core.neighboursearch.LinearNNSearch -A \\\"weka.core.EuclideanDistance -R first-last\\\"\"',-4523450618538717400,2.02604250831E7,4329.0,482.0,465.0,17.0,0.0,96.47302904564316,3.5269709543568464,0.0,0.8498332294835612,0.03640570896307122,0.1882632122128523,15.797202694764232,55.479723504980456,272.3366817903761,211.23818176348485,61.09850002689123,0.565013862635635,0.43825348913586065,0.12676037349977434,217.43424786024121,0.45110839805029296,79.84023541404731,0.890625,57.0,0.023923444976076555,10.0,0.9760765550239234,408.0,0.109375,7.0,0.8507462686567164,0.890625,0.8702290076335878,0.8501317848437848,0.9382289174641149,0.7630506752375563,0.9647302904564315,0.09802873543250809,0.901971264567492,0.035269709543568464,0.9655542713369114,0.9647302904564315,0.9650706312108958,0.8501317848437848,0.9382289174641149,0.9535978347238806,0.9249104221841409,0.9647302904564315,9.019,0.065,8.96,0.06,8960.0,60.0,662602.0,924290.0,104879.0,96.47302904564316,50.20746887966805,?
DatasetClassiRealeseNormalized,3,2,weka.classifiers.meta.FilteredClassifier,'-F \"weka.filters.MultiFilter -F \\\"weka.filters.supervised.attribute.AttributeSelection -E \\\\\\\"weka.attributeSelection.WrapperSubsetEval -B weka.classifiers.bayes.NaiveBayes -F 5 -T 0.01 -R 1 -E AUC --\\\\\\\" -S \\\\\\\"weka.attributeSelection.GreedyStepwise -B -T -1.7976931348623157E308 -N -1 -num-slots 1\\\\\\\"\\\" -S 1\" -S 1 -W weka.classifiers.lazy.IBk -- -K 1 -W 0 -A \"weka.core.neighboursearch.LinearNNSearch -A \\\"weka.core.EuclideanDistance -R first-last\\\"\"',-4523450618538717400,2.02604250831E7,4330.0,481.0,465.0,16.0,0.0,96.67359667359668,3.3264033264033266,0.0,0.849828285981892,0.03434346378559019,0.18270828271699435,14.978765244305938,54.15462013426122,269.42867131105754,199.09777473060228,70.33089658045526,0.5601427677984564,0.4139246875896097,0.1462180802088467,218.21111096223257,0.4536613533518349,80.99030808428927,0.8412698412698413,53.0,0.014354066985645933,6.0,0.9856459330143541,412.0,0.15873015873015872,10.0,0.8983050847457628,0.8412698412698413,0.8688524590163935,0.8504278241966867,0.9159071922229817,0.7592460370932982,0.9667359667359667,0.13982019245177138,0.8601798075482286,0.033264033264033266,0.9660873327834528,0.9667359667359667,0.9662698547944448,0.8504278241966868,0.9159071922229817,0.9491419735921769,0.9249024199843872,0.9667359667359667,8.878,0.061,8.82,0.06,8820.0,60.0,662752.0,924503.0,104666.0,96.67359667359668,50.20790020790021,?
DatasetClassiRealeseNormalized,3,3,weka.classifiers.meta.FilteredClassifier,'-F \"weka.filters.MultiFilter -F \\\"weka.filters.supervised.attribute.AttributeSelection -E \\\\\\\"weka.attributeSelection.WrapperSubsetEval -B weka.classifiers.bayes.NaiveBayes -F 5 -T 0.01 -R 1 -E AUC --\\\\\\\" -S \\\\\\\"weka.attributeSelection.GreedyStepwise -B -T -1.7976931348623157E308 -N -1 -num-slots 1\\\\\\\"\\\" -S 1\" -S 1 -W weka.classifiers.lazy.IBk -- -K 1 -W 0 -A \"weka.core.neighboursearch.LinearNNSearch -A \\\"weka.core.EuclideanDistance -R first-last\\\"\"',-4523450618538717400,2.02604250831E7,4330.0,481.0,465.0,16.0,0.0,96.67359667359668,3.3264033264033266,0.0,0.8558153477218226,0.03547081112151726,0.18425642708834833,15.379512370034387,54.251242784283576,272.1308087156738,196.766372174369,75.36443654130483,0.565760517080403,0.40907769682821,0.156682820252193,219.6776809366392,0.4567103553776283,80.7250314557958,0.875,56.0,0.019184652278177457,8.0,0.9808153477218226,409.0,0.125,8.0,0.875,0.875,0.875,0.8558153477218226,0.931298711031175,0.7850989295850491,0.9667359667359667,0.1109206190141442,0.8890793809858558,0.033264033264033266,0.9667359667359667,0.9667359667359667,0.9667359667359667,0.8558153477218226,0.9312987110311751,0.9551599210346763,0.9279076738609113,0.9667359667359667,8.235,0.062,8.17,0.06,8170.0,60.0,697553.0,924503.0,104666.0,96.67359667359668,50.41580041580042,?
DatasetClassiRealeseNormalized,3,4,weka.classifiers.meta.FilteredClassifier,'-F \"weka.filters.MultiFilter -F \\\"weka.filters.supervised.attribute.AttributeSelection -E \\\\\\\"weka.attributeSelection.WrapperSubsetEval -B weka.classifiers.bayes.NaiveBayes -F 5 -T 0.01 -R 1 -E AUC --\\\\\\\" -S \\\\\\\"weka.attributeSelection.GreedyStepwise -B -T -1.7976931348623157E308 -N -1 -num-slots 1\\\\\\\"\\\" -S 1\" -S 1 -W weka.classifiers.lazy.IBk -- -K 1 -W 0 -A \"weka.core.neighboursearch.LinearNNSearch -A \\\"weka.core.EuclideanDistance -R first-last\\\"\"',-4523450618538717400,2.02604250831E7,4330.0,481.0,466.0,15.0,0.0,96.88149688149689,3.1185031185031185,0.0,0.8657149770142756,0.03472465438853716,0.17901367005914715,15.055992091190507,52.70760010682178,272.1308087156738,185.04948214040706,87.08132657526676,0.565760517080403,0.3847182580881644,0.18104225899223858,218.65540706536603,0.4545850458739419,80.3493761317633,0.890625,57.0,0.019184652278177457,8.0,0.9808153477218226,409.0,0.109375,7.0,0.8769230769230769,0.890625,0.883720930232558,0.8657496701598532,0.9426708633093526,0.7887317015713755,0.9688149688149689,0.09737462109314628,0.9026253789068538,0.031185031185031187,0.9690358627858626,0.9688149688149689,0.9689171225227509,0.8657496701598532,0.9426708633093526,0.957590490057552,0.9328568636757029,0.9688149688149689,8.276,0.066,8.22,0.07,8220.0,70.0,697552.0,924503.0,104666.0,96.88149688149689,50.727650727650726,?
DatasetClassiRealeseNormalized,3,5,weka.classifiers.meta.FilteredClassifier,'-F \"weka.filters.MultiFilter -F \\\"weka.filters.supervised.attribute.AttributeSelection -E \\\\\\\"weka.attributeSelection.WrapperSubsetEval -B weka.classifiers.bayes.NaiveBayes -F 5 -T 0.01 -R 1 -E AUC --\\\\\\\" -S \\\\\\\"weka.attributeSelection.GreedyStepwise -B -T -1.7976931348623157E308 -N -1 -num-slots 1\\\\\\\"\\\" -S 1\" -S 1 -W weka.classifiers.lazy.IBk -- -K 1 -W 0 -A \"weka.core.neighboursearch.LinearNNSearch -A \\\"weka.core.EuclideanDistance -R first-last\\\"\"',-4523450618538717400,2.02604250831E7,4330.0,481.0,455.0,26.0,0.0,94.5945945945946,5.405405405405405,0.0,0.7455026455026454,0.05556882012867161,0.23004837486238036,24.09365135827671,67.7339207864087,272.1308087156738,302.6538003636428,-30.52299164796898,0.565760517080403,0.6292178801738936,-0.0634573630934906,188.47782192050792,0.39184578361851957,69.26000874727573,0.703125,45.0,0.016786570743405275,7.0,0.9832134292565947,410.0,0.296875,19.0,0.8653846153846154,0.703125,0.7758620689655172,0.7506993036731024,0.8606677158273381,0.6769711103681544,0.9459459459459459,0.2596075166893512,0.7403924833106488,0.05405405405405406,0.9436924821540207,0.9459459459459459,0.9435334086838121,0.7506993036731026,0.8606677158273381,0.9213455589336275,0.8725646042227113,0.9459459459459459,9.449,0.063,9.34,0.07,9340.0,70.0,662752.0,924503.0,104666.0,95.01039501039502,50.727650727650726,?
DatasetClassiRealeseNormalized,3,6,weka.classifiers.meta.FilteredClassifier,'-F \"weka.filters.MultiFilter -F \\\"weka.filters.supervised.attribute.AttributeSelection -E \\\\\\\"weka.attributeSelection.WrapperSubsetEval -B weka.classifiers.bayes.NaiveBayes -F 5 -T 0.01 -R 1 -E AUC --\\\\\\\" -S \\\\\\\"weka.attributeSelection.GreedyStepwise -B -T -1.7976931348623157E308 -N -1 -num-slots 1\\\\\\\"\\\" -S 1\" -S 1 -W weka.classifiers.lazy.IBk -- -K 1 -W 0 -A \"weka.core.neighboursearch.LinearNNSearch -A \\\"weka.core.EuclideanDistance -R first-last\\\"\"',-4523450618538717400,2.02604250831E7,4330.0,481.0,463.0,18.0,0.0,96.25779625779626,3.7422037422037424,0.0,0.8377922661870504,0.040871648309258136,0.19506785693515058,17.721219247073225,57.43448862668171,272.1308087156738,211.25308586894337,60.87772284673045,0.565760517080403,0.439195604717138,0.12656491236326498,212.10429555719864,0.4409652714286874,77.94203697781542,0.859375,55.0,0.02158273381294964,9.0,0.9784172661870504,408.0,0.140625,9.0,0.859375,0.859375,0.859375,0.8377922661870504,0.9342213729016786,0.7672479228173906,0.9625779625779626,0.12478569639091222,0.8752143036090878,0.037422037422037424,0.9625779625779626,0.9625779625779626,0.9625779625779626,0.8377922661870504,0.9342213729016786,0.9524583502848917,0.9188961330935252,0.9625779625779626,9.587,0.066,9.47,0.07,9470.0,70.0,662751.0,924503.0,104666.0,96.46569646569647,50.62370062370062,?
DatasetClassiRealeseNormalized,3,7,weka.classifiers.meta.FilteredClassifier,'-F \"weka.filters.MultiFilter -F \\\"weka.filters.supervised.attribute.AttributeSelection -E \\\\\\\"weka.attributeSelection.WrapperSubsetEval -B weka.classifiers.bayes.NaiveBayes -F 5 -T 0.01 -R 1 -E AUC --\\\\\\\" -S \\\\\\\"weka.attributeSelection.GreedyStepwise -B -T -1.7976931348623157E308 -N -1 -num-slots 1\\\\\\\"\\\" -S 1\" -S 1 -W weka.classifiers.lazy.IBk -- -K 1 -W 0 -A \"weka.core.neighboursearch.LinearNNSearch -A \\\"weka.core.EuclideanDistance -R first-last\\\"\"',-4523450618538717400,2.0260425083199997E7,4330.0,481.0,461.0,20.0,0.0,95.84199584199584,4.158004158004158,0.0,0.8173533320675906,0.04207555538906396,0.20043480448838283,18.243211928966357,59.01469714001249,272.1308087156738,226.1673838631988,45.963424852475015,0.565760517080403,0.4702024612540516,0.09555805582635138,208.95473857642065,0.4344173359177145,76.78466821253582,0.828125,53.0,0.02158273381294964,9.0,0.9784172661870504,408.0,0.171875,11.0,0.8548387096774194,0.828125,0.8412698412698412,0.817489699927702,0.9099407973621103,0.7485642283625145,0.9584199584199584,0.15187769223290806,0.848122307767092,0.04158004158004158,0.9579255371849105,0.9584199584199584,0.9581396949818003,0.8174896999277019,0.9099407973621103,0.9463895317682463,0.9086731981468823,0.9584199584199584,11.677,0.058,11.57,0.06,11570.0,60.0,487061.0,924503.0,104666.0,96.25779625779626,50.41580041580042,?
DatasetClassiRealeseNormalized,3,8,weka.classifiers.meta.FilteredClassifier,'-F \"weka.filters.MultiFilter -F \\\"weka.filters.supervised.attribute.AttributeSelection -E \\\\\\\"weka.attributeSelection.WrapperSubsetEval -B weka.classifiers.bayes.NaiveBayes -F 5 -T 0.01 -R 1 -E AUC --\\\\\\\" -S \\\\\\\"weka.attributeSelection.GreedyStepwise -B -T -1.7976931348623157E308 -N -1 -num-slots 1\\\\\\\"\\\" -S 1\" -S 1 -W weka.classifiers.lazy.IBk -- -K 1 -W 0 -A \"weka.core.neighboursearch.LinearNNSearch -A \\\"weka.core.EuclideanDistance -R first-last\\\"\"',-4523450618538717400,2.0260425083199997E7,4330.0,481.0,458.0,23.0,0.0,95.21829521829522,4.781704781704781,0.0,0.782673607700619,0.0520873911481834,0.22028626931575157,22.584165717043806,64.85963104539456,272.1308087156738,261.84972368391436,10.28108503175946,0.565760517080403,0.5443861199249779,0.021374397155425072,196.2720115465325,0.4080499200551611,72.12414223617007,0.765625,49.0,0.019184652278177457,8.0,0.9808153477218226,409.0,0.234375,15.0,0.8596491228070176,0.765625,0.8099173553719009,0.7843912941725273,0.8927420563549161,0.7220314577688239,0.9521829521829522,0.20574260446112966,0.7942573955388704,0.04781704781704782,0.950655271037595,0.9521829521829522,0.9509988152297092,0.7843912941725274,0.8927420563549161,0.9369511847162694,0.8912844803018839,0.9521829521829522,11.696,0.05,11.6,0.05,11600.0,50.0,417448.0,924503.0,104666.0,95.42619542619542,51.03950103950104,?
DatasetClassiRealeseNormalized,3,9,weka.classifiers.meta.FilteredClassifier,'-F \"weka.filters.MultiFilter -F \\\"weka.filters.supervised.attribute.AttributeSelection -E \\\\\\\"weka.attributeSelection.WrapperSubsetEval -B weka.classifiers.bayes.NaiveBayes -F 5 -T 0.01 -R 1 -E AUC --\\\\\\\" -S \\\\\\\"weka.attributeSelection.GreedyStepwise -B -T -1.7976931348623157E308 -N -1 -num-slots 1\\\\\\\"\\\" -S 1\" -S 1 -W weka.classifiers.lazy.IBk -- -K 1 -W 0 -A \"weka.core.neighboursearch.LinearNNSearch -A \\\"weka.core.EuclideanDistance -R first-last\\\"\"',-4523450618538717400,2.0260425083199997E7,4330.0,481.0,467.0,14.0,0.0,97.0893970893971,2.9106029106029108,0.0,0.8686253853057083,0.030803414688993884,0.16887928397135224,13.355812350208701,49.72369854742052,272.1308087156738,153.3970720704661,118.73373664520773,0.565760517080403,0.31891283174733076,0.2468476853330722,225.4882835443447,0.4687906102793029,82.8602555545036,0.84375,54.0,0.009592326139088728,4.0,0.9904076738609112,413.0,0.15625,10.0,0.9310344827586207,0.84375,0.8852459016393444,0.8700054705868508,0.9405725419664268,0.8258625292223161,0.9708939708939709,0.13673629703305962,0.8632637029669404,0.029106029106029108,0.9703285880835404,0.9708939708939709,0.9702821989707237,0.870005470586851,0.9405725419664268,0.9618322817384292,0.9342896174863389,0.9708939708939709,8.249,0.065,8.2,0.06,8200.0,60.0,697547.0,924503.0,104666.0,97.5051975051975,50.727650727650726,?
DatasetClassiRealeseNormalized,3,10,weka.classifiers.meta.FilteredClassifier,'-F \"weka.filters.MultiFilter -F \\\"weka.filters.supervised.attribute.AttributeSelection -E \\\\\\\"weka.attributeSelection.WrapperSubsetEval -B weka.classifiers.bayes.NaiveBayes -F 5 -T 0.01 -R 1 -E AUC --\\\\\\\" -S \\\\\\\"weka.attributeSelection.GreedyStepwise -B -T -1.7976931348623157E308 -N -1 -num-slots 1\\\\\\\"\\\" -S 1\" -S 1 -W weka.classifiers.lazy.IBk -- -K 1 -W 0 -A \"weka.core.neighboursearch.LinearNNSearch -A \\\"weka.core.EuclideanDistance -R first-last\\\"\"',-4523450618538717400,2.0260425083199997E7,4330.0,481.0,470.0,11.0,0.0,97.71309771309771,2.286902286902287,0.0,0.9002131150632746,0.027212794826596706,0.1548358054596296,11.798983486029448,45.58882968930451,272.1308087156738,137.3936090628452,134.73719965282862,0.565760517080403,0.2856415988832541,0.2801189181971489,229.39955077886364,0.4769221429914005,84.29753024345861,0.90625,58.0,0.011990407673860911,5.0,0.988009592326139,412.0,0.09375,6.0,0.9206349206349206,0.90625,0.9133858267716536,0.9002501578546853,0.9466239508393285,0.8498395450360088,0.9771309771309772,0.08287138480483805,0.917128615195162,0.02286902286902287,0.9769958191010824,0.9771309771309772,0.9770546356335407,0.9002501578546853,0.9466239508393286,0.9676520211425196,0.9501060870385214,0.9771309771309772,8.994,0.065,8.94,0.06,8940.0,60.0,662752.0,924503.0,104666.0,97.71309771309771,50.727650727650726,?
DatasetClassiRealeseNormalized,4,1,weka.classifiers.meta.FilteredClassifier,'-F \"weka.filters.MultiFilter -F \\\"weka.filters.supervised.attribute.AttributeSelection -E \\\\\\\"weka.attributeSelection.WrapperSubsetEval -B weka.classifiers.bayes.NaiveBayes -F 5 -T 0.01 -R 1 -E AUC --\\\\\\\" -S \\\\\\\"weka.attributeSelection.GreedyStepwise -B -T -1.7976931348623157E308 -N -1 -num-slots 1\\\\\\\"\\\" -S 1\" -S 1 -W weka.classifiers.lazy.IBk -- -K 1 -W 0 -A \"weka.core.neighboursearch.LinearNNSearch -A \\\"weka.core.EuclideanDistance -R first-last\\\"\"',-4523450618538717400,2.0260425083199997E7,4329.0,482.0,457.0,25.0,0.0,94.81327800829875,5.186721991701245,0.0,0.7732831608654749,0.053354324204803114,0.22255725121229836,23.151563260597374,65.58591355238684,272.3366817903761,273.80724110190476,-1.4705593115286888,0.565013862635635,0.5680648155641178,-0.003050952928482757,191.71351193474723,0.39774587538329303,70.39577286261924,0.796875,51.0,0.028708133971291867,12.0,0.9712918660287081,406.0,0.203125,13.0,0.8095238095238095,0.796875,0.8031496062992126,0.7733149605553582,0.9158006877990431,0.7131423444379771,0.9481327800829875,0.17996591405427942,0.8200340859457206,0.05186721991701245,0.9478019710840396,0.9481327800829875,0.9479595624321109,0.7733149605553581,0.9158006877990431,0.9409398187979215,0.8866405140217688,0.9481327800829875,11.37,0.05,11.29,0.05,11290.0,50.0,417358.0,924290.0,104879.0,95.4356846473029,50.829875518672196,?
DatasetClassiRealeseNormalized,4,2,weka.classifiers.meta.FilteredClassifier,'-F \"weka.filters.MultiFilter -F \\\"weka.filters.supervised.attribute.AttributeSelection -E \\\\\\\"weka.attributeSelection.WrapperSubsetEval -B weka.classifiers.bayes.NaiveBayes -F 5 -T 0.01 -R 1 -E AUC --\\\\\\\" -S \\\\\\\"weka.attributeSelection.GreedyStepwise -B -T -1.7976931348623157E308 -N -1 -num-slots 1\\\\\\\"\\\" -S 1\" -S 1 -W weka.classifiers.lazy.IBk -- -K 1 -W 0 -A \"weka.core.neighboursearch.LinearNNSearch -A \\\"weka.core.EuclideanDistance -R first-last\\\"\"',-4523450618538717400,2.0260425083199997E7,4330.0,481.0,453.0,28.0,0.0,94.17879417879418,5.8212058212058215,0.0,0.7407906385927095,0.05992746720943742,0.24018526878108357,26.13712666317123,71.19076266965084,269.42867131105754,335.49456283041377,-66.06589151935623,0.5601427677984564,0.6974938936183238,-0.13735112581986741,179.51394144832207,0.37320985748091906,66.6276311926253,0.7619047619047619,48.0,0.03110047846889952,13.0,0.9688995215311005,405.0,0.23809523809523808,15.0,0.7868852459016393,0.7619047619047619,0.7741935483870968,0.7409176440722327,0.8710982000455685,0.6315653282315092,0.9417879417879418,0.21098365835207938,0.7890163416479206,0.058212058212058215,0.9410503099027688,0.9417879417879418,0.9413879551688467,0.7409176440722326,0.8710982000455685,0.9231520470886752,0.8703903302794672,0.9417879417879418,8.349,0.063,8.29,0.06,8290.0,60.0,697554.0,924503.0,104666.0,94.38669438669439,50.41580041580042,?
DatasetClassiRealeseNormalized,4,3,weka.classifiers.meta.FilteredClassifier,'-F \"weka.filters.MultiFilter -F \\\"weka.filters.supervised.attribute.AttributeSelection -E \\\\\\\"weka.attributeSelection.WrapperSubsetEval -B weka.classifiers.bayes.NaiveBayes -F 5 -T 0.01 -R 1 -E AUC --\\\\\\\" -S \\\\\\\"weka.attributeSelection.GreedyStepwise -B -T -1.7976931348623157E308 -N -1 -num-slots 1\\\\\\\"\\\" -S 1\" -S 1 -W weka.classifiers.lazy.IBk -- -K 1 -W 0 -A \"weka.core.neighboursearch.LinearNNSearch -A \\\"weka.core.EuclideanDistance -R first-last\\\"\"',-4523450618538717400,2.02604250833E7,4330.0,481.0,461.0,20.0,0.0,95.84199584199584,4.158004158004158,0.0,0.8148718343468555,0.04406513522858181,0.20189410736598473,19.10585833556274,59.44436462005443,272.1308087156738,240.88837457107198,31.242434144601845,0.565760517080403,0.5008074315406902,0.06495308553971277,204.5125953848002,0.42518211098711056,75.15231235669383,0.8125,52.0,0.019184652278177457,8.0,0.9808153477218226,409.0,0.1875,12.0,0.8666666666666667,0.8125,0.8387096774193549,0.815430962176605,0.8821567745803357,0.7352571798298089,0.9584199584199584,0.1651046106981359,0.8348953893018641,0.04158004158004158,0.9575481931776468,0.9584199584199584,0.9578485489641084,0.815430962176605,0.8821567745803358,0.9399919327680851,0.9074216644853338,0.9584199584199584,9.426,0.063,9.37,0.06,9370.0,60.0,627949.0,924503.0,104666.0,96.04989604989605,50.83160083160083,?
DatasetClassiRealeseNormalized,4,4,weka.classifiers.meta.FilteredClassifier,'-F \"weka.filters.MultiFilter -F \\\"weka.filters.supervised.attribute.AttributeSelection -E \\\\\\\"weka.attributeSelection.WrapperSubsetEval -B weka.classifiers.bayes.NaiveBayes -F 5 -T 0.01 -R 1 -E AUC --\\\\\\\" -S \\\\\\\"weka.attributeSelection.GreedyStepwise -B -T -1.7976931348623157E308 -N -1 -num-slots 1\\\\\\\"\\\" -S 1\" -S 1 -W weka.classifiers.lazy.IBk -- -K 1 -W 0 -A \"weka.core.neighboursearch.LinearNNSearch -A \\\"weka.core.EuclideanDistance -R first-last\\\"\"',-4523450618538717400,2.02604250833E7,4330.0,481.0,462.0,19.0,0.0,96.04989604989605,3.95010395010395,0.0,0.8276408351092924,0.041496889660162815,0.20028099064223853,17.992312768378753,58.96940920925955,272.1308087156738,233.24740985483828,38.88339886083554,0.565760517080403,0.4849218500100588,0.08083866707034416,210.73346817939805,0.438115318460287,77.43829857925986,0.84375,54.0,0.02158273381294964,9.0,0.9784172661870504,408.0,0.15625,10.0,0.8571428571428571,0.84375,0.8503937007874015,0.8276748916302482,0.9126948441247003,0.736940049927687,0.9604989604989606,0.13833169431191014,0.8616683056880898,0.0395010395010395,0.9602516970938022,0.9604989604989606,0.9603670979124797,0.8276748916302481,0.9126948441247003,0.9443472282252714,0.9138196048847187,0.9604989604989606,8.846,0.063,8.79,0.06,8790.0,60.0,662751.0,924503.0,104666.0,96.04989604989605,50.311850311850314,?
DatasetClassiRealeseNormalized,4,5,weka.classifiers.meta.FilteredClassifier,'-F \"weka.filters.MultiFilter -F \\\"weka.filters.supervised.attribute.AttributeSelection -E \\\\\\\"weka.attributeSelection.WrapperSubsetEval -B weka.classifiers.bayes.NaiveBayes -F 5 -T 0.01 -R 1 -E AUC --\\\\\\\" -S \\\\\\\"weka.attributeSelection.GreedyStepwise -B -T -1.7976931348623157E308 -N -1 -num-slots 1\\\\\\\"\\\" -S 1\" -S 1 -W weka.classifiers.lazy.IBk -- -K 1 -W 0 -A \"weka.core.neighboursearch.LinearNNSearch -A \\\"weka.core.EuclideanDistance -R first-last\\\"\"',-4523450618538717400,2.02604250833E7,4330.0,481.0,467.0,14.0,0.0,97.0893970893971,2.9106029106029108,0.0,0.8770898736949697,0.03211929859168147,0.17306881727512388,13.926356189468029,50.95723700253652,272.1308087156738,176.45061597489436,95.68019274077946,0.565760517080403,0.3668411974530028,0.19891931962740012,225.164500770642,0.46811746521962994,82.7412749895206,0.921875,59.0,0.02158273381294964,9.0,0.9784172661870504,408.0,0.078125,5.0,0.8676470588235294,0.921875,0.893939393939394,0.8776311951668322,0.9463429256594724,0.8023560117782383,0.9708939708939709,0.07060170470692054,0.9293982952930795,0.029106029106029108,0.9718939409866628,0.9708939708939709,0.9712648363250771,0.8776311951668321,0.9463429256594724,0.9586969704819386,0.9385359620299379,0.9708939708939709,8.96,0.066,8.9,0.06,8900.0,60.0,662750.0,924503.0,104666.0,97.0893970893971,50.62370062370062,?
DatasetClassiRealeseNormalized,4,6,weka.classifiers.meta.FilteredClassifier,'-F \"weka.filters.MultiFilter -F \\\"weka.filters.supervised.attribute.AttributeSelection -E \\\\\\\"weka.attributeSelection.WrapperSubsetEval -B weka.classifiers.bayes.NaiveBayes -F 5 -T 0.01 -R 1 -E AUC --\\\\\\\" -S \\\\\\\"weka.attributeSelection.GreedyStepwise -B -T -1.7976931348623157E308 -N -1 -num-slots 1\\\\\\\"\\\" -S 1\" -S 1 -W weka.classifiers.lazy.IBk -- -K 1 -W 0 -A \"weka.core.neighboursearch.LinearNNSearch -A \\\"weka.core.EuclideanDistance -R first-last\\\"\"',-4523450618538717400,2.02604250833E7,4330.0,481.0,460.0,21.0,0.0,95.63409563409563,4.365904365904366,0.0,0.8069270026951089,0.04212472289313985,0.194846890878682,18.26453008361888,57.3694288436066,272.1308087156738,203.8625260436639,68.26828267200992,0.565760517080403,0.42383061547539275,0.14192990160501023,205.52626289062408,0.4272895278391353,75.52480509671395,0.8125,52.0,0.02158273381294964,9.0,0.9784172661870504,408.0,0.1875,12.0,0.8524590163934426,0.8125,0.8319999999999999,0.8072341163538808,0.9292565947242206,0.7764715410685805,0.9563409563409564,0.16542369015390598,0.834576309846094,0.04365904365904366,0.9555989424841884,0.9563409563409564,0.9558952898307737,0.8072341163538808,0.9292565947242206,0.9526077164633596,0.9034551971326163,0.9563409563409564,11.151,0.056,11.07,0.06,11070.0,60.0,417455.0,924503.0,104666.0,96.67359667359668,50.935550935550935,?
DatasetClassiRealeseNormalized,4,7,weka.classifiers.meta.FilteredClassifier,'-F \"weka.filters.MultiFilter -F \\\"weka.filters.supervised.attribute.AttributeSelection -E \\\\\\\"weka.attributeSelection.WrapperSubsetEval -B weka.classifiers.bayes.NaiveBayes -F 5 -T 0.01 -R 1 -E AUC --\\\\\\\" -S \\\\\\\"weka.attributeSelection.GreedyStepwise -B -T -1.7976931348623157E308 -N -1 -num-slots 1\\\\\\\"\\\" -S 1\" -S 1 -W weka.classifiers.lazy.IBk -- -K 1 -W 0 -A \"weka.core.neighboursearch.LinearNNSearch -A \\\"weka.core.EuclideanDistance -R first-last\\\"\"',-4523450618538717400,2.02604250833E7,4330.0,481.0,466.0,15.0,0.0,96.88149688149689,3.1185031185031185,0.0,0.8657149770142756,0.03341806948026235,0.1748612617776007,14.489480130399093,51.48499249751635,272.1308087156738,164.82549109084394,107.30531762482988,0.565760517080403,0.3426725386504032,0.22308797842999975,221.34630049188402,0.4601794189020458,81.33819964616714,0.890625,57.0,0.019184652278177457,8.0,0.9808153477218226,409.0,0.109375,7.0,0.8769230769230769,0.890625,0.883720930232558,0.8657496701598532,0.9567408573141487,0.8230724684228932,0.9688149688149689,0.09737462109314628,0.9026253789068538,0.031185031185031187,0.9690358627858626,0.9688149688149689,0.9689171225227509,0.8657496701598532,0.9567408573141487,0.9655889893933216,0.9328568636757029,0.9688149688149689,8.917,0.062,8.86,0.06,8860.0,60.0,662750.0,924503.0,104666.0,97.29729729729729,50.83160083160083,?
DatasetClassiRealeseNormalized,4,8,weka.classifiers.meta.FilteredClassifier,'-F \"weka.filters.MultiFilter -F \\\"weka.filters.supervised.attribute.AttributeSelection -E \\\\\\\"weka.attributeSelection.WrapperSubsetEval -B weka.classifiers.bayes.NaiveBayes -F 5 -T 0.01 -R 1 -E AUC --\\\\\\\" -S \\\\\\\"weka.attributeSelection.GreedyStepwise -B -T -1.7976931348623157E308 -N -1 -num-slots 1\\\\\\\"\\\" -S 1\" -S 1 -W weka.classifiers.lazy.IBk -- -K 1 -W 0 -A \"weka.core.neighboursearch.LinearNNSearch -A \\\"weka.core.EuclideanDistance -R first-last\\\"\"',-4523450618538717400,2.02604250833E7,4330.0,481.0,459.0,22.0,0.0,95.42619542619542,4.573804573804574,0.0,0.787706134895478,0.05060340994235146,0.2171984191411509,21.940737879044747,63.950464878705404,272.1308087156738,270.84436582287094,1.2864428928028815,0.565760517080403,0.5630859996317483,0.0026745174486546394,195.03741357899003,0.40548318831390856,71.67046410491798,0.75,48.0,0.014388489208633094,6.0,0.9856115107913669,411.0,0.25,16.0,0.8888888888888888,0.75,0.8135593220338982,0.7913993941881375,0.8837117805755396,0.6976376812280568,0.9542619542619543,0.21865044347058735,0.7813495565294126,0.04573804573804574,0.9527309691244117,0.9542619542619543,0.9525948614630435,0.7913993941881375,0.8837117805755396,0.9306164526137019,0.8937464856614988,0.9542619542619543,8.962,0.064,8.9,0.07,8900.0,70.0,662746.0,924503.0,104666.0,95.42619542619542,50.727650727650726,?
DatasetClassiRealeseNormalized,4,9,weka.classifiers.meta.FilteredClassifier,'-F \"weka.filters.MultiFilter -F \\\"weka.filters.supervised.attribute.AttributeSelection -E \\\\\\\"weka.attributeSelection.WrapperSubsetEval -B weka.classifiers.bayes.NaiveBayes -F 5 -T 0.01 -R 1 -E AUC --\\\\\\\" -S \\\\\\\"weka.attributeSelection.GreedyStepwise -B -T -1.7976931348623157E308 -N -1 -num-slots 1\\\\\\\"\\\" -S 1\" -S 1 -W weka.classifiers.lazy.IBk -- -K 1 -W 0 -A \"weka.core.neighboursearch.LinearNNSearch -A \\\"weka.core.EuclideanDistance -R first-last\\\"\"',-4523450618538717400,2.02604250833E7,4330.0,481.0,461.0,20.0,0.0,95.84199584199584,4.158004158004158,0.0,0.8197691846522782,0.04259423222489978,0.20421786564041614,18.468100973241647,60.12855662524142,272.1308087156738,250.7223226549202,21.40848606075363,0.565760517080403,0.5212522300518091,0.04450828702859383,208.3321960451863,0.433123068701011,76.55590229875617,0.84375,54.0,0.023980815347721823,10.0,0.9760191846522782,407.0,0.15625,10.0,0.84375,0.84375,0.84375,0.8197691846522782,0.8981752098321343,0.7301205463434147,0.9584199584199584,0.13865077376768026,0.8613492262323198,0.04158004158004158,0.9584199584199584,0.9584199584199584,0.9584199584199584,0.8197691846522782,0.8981752098321343,0.9409428628493127,0.9098845923261392,0.9584199584199584,9.115,0.067,9.06,0.06,9060.0,60.0,662760.0,924503.0,104666.0,95.84199584199584,50.103950103950105,?
DatasetClassiRealeseNormalized,4,10,weka.classifiers.meta.FilteredClassifier,'-F \"weka.filters.MultiFilter -F \\\"weka.filters.supervised.attribute.AttributeSelection -E \\\\\\\"weka.attributeSelection.WrapperSubsetEval -B weka.classifiers.bayes.NaiveBayes -F 5 -T 0.01 -R 1 -E AUC --\\\\\\\" -S \\\\\\\"weka.attributeSelection.GreedyStepwise -B -T -1.7976931348623157E308 -N -1 -num-slots 1\\\\\\\"\\\" -S 1\" -S 1 -W weka.classifiers.lazy.IBk -- -K 1 -W 0 -A \"weka.core.neighboursearch.LinearNNSearch -A \\\"weka.core.EuclideanDistance -R first-last\\\"\"',-4523450618538717400,2.02604250834E7,4330.0,481.0,470.0,11.0,0.0,97.71309771309771,2.286902286902287,0.0,0.9002131150632746,0.02428830666309161,0.1518884643722677,10.530977470250413,44.721034088221366,272.1308087156738,133.96242845697714,138.1683802586967,0.565760517080403,0.27850816727022276,0.2872523498101802,235.71977386796502,0.4900618999333992,86.62002475223171,0.90625,58.0,0.011990407673860911,5.0,0.988009592326139,412.0,0.09375,6.0,0.9206349206349206,0.90625,0.9133858267716536,0.9002501578546853,0.9544551858513189,0.8477838640067124,0.9771309771309772,0.08287138480483805,0.917128615195162,0.02286902286902287,0.9769958191010824,0.9771309771309772,0.9770546356335407,0.9002501578546853,0.9544551858513189,0.9680597654812284,0.9501060870385214,0.9771309771309772,9.066,0.062,9.0,0.07,9000.0,70.0,662750.0,924503.0,104666.0,97.71309771309771,50.311850311850314,?
DatasetClassiRealeseNormalized,5,1,weka.classifiers.meta.FilteredClassifier,'-F \"weka.filters.MultiFilter -F \\\"weka.filters.supervised.attribute.AttributeSelection -E \\\\\\\"weka.attributeSelection.WrapperSubsetEval -B weka.classifiers.bayes.NaiveBayes -F 5 -T 0.01 -R 1 -E AUC --\\\\\\\" -S \\\\\\\"weka.attributeSelection.GreedyStepwise -B -T -1.7976931348623157E308 -N -1 -num-slots 1\\\\\\\"\\\" -S 1\" -S 1 -W weka.classifiers.lazy.IBk -- -K 1 -W 0 -A \"weka.core.neighboursearch.LinearNNSearch -A \\\"weka.core.EuclideanDistance -R first-last\\\"\"',-4523450618538717400,2.02604250834E7,4329.0,482.0,469.0,13.0,0.0,97.30290456431536,2.6970954356846475,0.0,0.882107243650047,0.029528156938782538,0.16628970995378747,12.81288824337746,49.00430106084054,272.3366817903761,160.13287101164855,112.20381077872753,0.565013862635635,0.3322258734681505,0.2327879891674845,226.56149556525654,0.4700445966084161,83.19169275171173,0.890625,57.0,0.014354066985645933,6.0,0.9856459330143541,412.0,0.109375,7.0,0.9047619047619048,0.890625,0.8976377952755906,0.8821435185079662,0.9383410586124402,0.8249547250563095,0.9730290456431535,0.09675811262879945,0.9032418873712005,0.026970954356846474,0.9728661169059668,0.9730290456431535,0.9729389724646977,0.8821435185079662,0.9383410586124402,0.9622192042508844,0.9410530672913198,0.9730290456431535,8.806,0.062,8.75,0.06,8750.0,60.0,662601.0,924290.0,104879.0,97.30290456431536,50.4149377593361,?
DatasetClassiRealeseNormalized,5,2,weka.classifiers.meta.FilteredClassifier,'-F \"weka.filters.MultiFilter -F \\\"weka.filters.supervised.attribute.AttributeSelection -E \\\\\\\"weka.attributeSelection.WrapperSubsetEval -B weka.classifiers.bayes.NaiveBayes -F 5 -T 0.01 -R 1 -E AUC --\\\\\\\" -S \\\\\\\"weka.attributeSelection.GreedyStepwise -B -T -1.7976931348623157E308 -N -1 -num-slots 1\\\\\\\"\\\" -S 1\" -S 1 -W weka.classifiers.lazy.IBk -- -K 1 -W 0 -A \"weka.core.neighboursearch.LinearNNSearch -A \\\"weka.core.EuclideanDistance -R first-last\\\"\"',-4523450618538717400,2.02604250834E7,4330.0,481.0,456.0,25.0,0.0,94.8024948024948,5.197505197505198,0.0,0.7669709125438446,0.053003910134658674,0.2269369495429189,23.117444760200883,67.26396917626806,269.42867131105754,301.5540266800207,-32.12535536896314,0.5601427677984564,0.6269314483992114,-0.06678868060075498,190.5976588675996,0.3962529290386686,70.74141662063614,0.7777777777777778,49.0,0.02631578947368421,11.0,0.9736842105263158,407.0,0.2222222222222222,14.0,0.8166666666666667,0.7777777777777778,0.7967479674796747,0.7672709575824912,0.8831358699779752,0.6686579026580592,0.9480249480249481,0.19656295972085447,0.8034370402791456,0.05197505197505198,0.9470889032646752,0.9480249480249481,0.9474840291433797,0.7672709575824911,0.8831358699779751,0.9305608620605791,0.883475294824462,0.9480249480249481,8.997,0.061,8.94,0.06,8940.0,60.0,662753.0,924503.0,104666.0,95.01039501039502,50.51975051975052,?
DatasetClassiRealeseNormalized,5,3,weka.classifiers.meta.FilteredClassifier,'-F \"weka.filters.MultiFilter -F \\\"weka.filters.supervised.attribute.AttributeSelection -E \\\\\\\"weka.attributeSelection.WrapperSubsetEval -B weka.classifiers.bayes.NaiveBayes -F 5 -T 0.01 -R 1 -E AUC --\\\\\\\" -S \\\\\\\"weka.attributeSelection.GreedyStepwise -B -T -1.7976931348623157E308 -N -1 -num-slots 1\\\\\\\"\\\" -S 1\" -S 1 -W weka.classifiers.lazy.IBk -- -K 1 -W 0 -A \"weka.core.neighboursearch.LinearNNSearch -A \\\"weka.core.EuclideanDistance -R first-last\\\"\"',-4523450618538717400,2.02604250834E7,4330.0,481.0,466.0,15.0,0.0,96.88149688149689,3.1185031185031185,0.0,0.8657149770142756,0.03220844374403767,0.17690519292234902,13.965007940867055,52.086794054836965,272.1308087156738,181.97632431861578,90.15448439705804,0.565760517080403,0.3783291565875588,0.18743136049284417,224.14786530144818,0.46600387796558873,82.3676916110006,0.890625,57.0,0.019184652278177457,8.0,0.9808153477218226,409.0,0.109375,7.0,0.8769230769230769,0.890625,0.883720930232558,0.8657496701598532,0.9435701438848921,0.7960733345601767,0.9688149688149689,0.09737462109314628,0.9026253789068538,0.031185031185031187,0.9690358627858626,0.9688149688149689,0.9689171225227509,0.8657496701598532,0.943570143884892,0.9584909040201098,0.9328568636757029,0.9688149688149689,9.042,0.064,8.98,0.06,8980.0,60.0,662754.0,924503.0,104666.0,96.88149688149689,50.311850311850314,?
DatasetClassiRealeseNormalized,5,4,weka.classifiers.meta.FilteredClassifier,'-F \"weka.filters.MultiFilter -F \\\"weka.filters.supervised.attribute.AttributeSelection -E \\\\\\\"weka.attributeSelection.WrapperSubsetEval -B weka.classifiers.bayes.NaiveBayes -F 5 -T 0.01 -R 1 -E AUC --\\\\\\\" -S \\\\\\\"weka.attributeSelection.GreedyStepwise -B -T -1.7976931348623157E308 -N -1 -num-slots 1\\\\\\\"\\\" -S 1\" -S 1 -W weka.classifiers.lazy.IBk -- -K 1 -W 0 -A \"weka.core.neighboursearch.LinearNNSearch -A \\\"weka.core.EuclideanDistance -R first-last\\\"\"',-4523450618538717400,2.02604250834E7,4330.0,481.0,463.0,18.0,0.0,96.25779625779626,3.7422037422037424,0.0,0.8356179988608315,0.039350886129709266,0.19122350695168203,17.06184383352187,56.302583663600515,272.1308087156738,201.5352897774686,70.59551893820523,0.565760517080403,0.41899228643964365,0.1467682306407593,212.67031000223184,0.44214201663665664,78.15003049670602,0.84375,54.0,0.019184652278177457,8.0,0.9808153477218226,409.0,0.15625,10.0,0.8709677419354839,0.84375,0.8571428571428571,0.8357574140120331,0.9334532374100719,0.7714328509695787,0.9625779625779626,0.13801261485614005,0.86198738514386,0.037422037422037424,0.9621406822884997,0.9625779625779626,0.9623257254836203,0.835757414012033,0.933453237410072,0.9529576774264127,0.9178058783321941,0.9625779625779626,8.985,0.065,8.94,0.06,8940.0,60.0,662751.0,924503.0,104666.0,96.67359667359668,50.727650727650726,?
DatasetClassiRealeseNormalized,5,5,weka.classifiers.meta.FilteredClassifier,'-F \"weka.filters.MultiFilter -F \\\"weka.filters.supervised.attribute.AttributeSelection -E \\\\\\\"weka.attributeSelection.WrapperSubsetEval -B weka.classifiers.bayes.NaiveBayes -F 5 -T 0.01 -R 1 -E AUC --\\\\\\\" -S \\\\\\\"weka.attributeSelection.GreedyStepwise -B -T -1.7976931348623157E308 -N -1 -num-slots 1\\\\\\\"\\\" -S 1\" -S 1 -W weka.classifiers.lazy.IBk -- -K 1 -W 0 -A \"weka.core.neighboursearch.LinearNNSearch -A \\\"weka.core.EuclideanDistance -R first-last\\\"\"',-4523450618538717400,2.02604250834E7,4330.0,481.0,466.0,15.0,0.0,96.88149688149689,3.1185031185031185,0.0,0.8657149770142756,0.03268933982919965,0.1762151438807661,14.17351592409621,51.883620582521516,272.1308087156738,173.51765239044744,98.61315632522638,0.565760517080403,0.3607435600633003,0.20501695701710268,222.7709860862055,0.46314134321456446,81.86172934170045,0.890625,57.0,0.019184652278177457,8.0,0.9808153477218226,409.0,0.109375,7.0,0.8769230769230769,0.890625,0.883720930232558,0.8657496701598532,0.9510454136690647,0.8090840326983043,0.9688149688149689,0.09737462109314628,0.9026253789068538,0.031185031185031187,0.9690358627858626,0.9688149688149689,0.9689171225227509,0.8657496701598532,0.9510454136690648,0.9621968769589848,0.9328568636757029,0.9688149688149689,10.839,0.053,10.76,0.06,10760.0,60.0,487057.0,924503.0,104666.0,97.0893970893971,50.51975051975052,?
DatasetClassiRealeseNormalized,5,6,weka.classifiers.meta.FilteredClassifier,'-F \"weka.filters.MultiFilter -F \\\"weka.filters.supervised.attribute.AttributeSelection -E \\\\\\\"weka.attributeSelection.WrapperSubsetEval -B weka.classifiers.bayes.NaiveBayes -F 5 -T 0.01 -R 1 -E AUC --\\\\\\\" -S \\\\\\\"weka.attributeSelection.GreedyStepwise -B -T -1.7976931348623157E308 -N -1 -num-slots 1\\\\\\\"\\\" -S 1\" -S 1 -W weka.classifiers.lazy.IBk -- -K 1 -W 0 -A \"weka.core.neighboursearch.LinearNNSearch -A \\\"weka.core.EuclideanDistance -R first-last\\\"\"',-4523450618538717400,2.0260425083499998E7,4330.0,481.0,466.0,15.0,0.0,96.88149688149689,3.1185031185031185,0.0,0.8602042200306138,0.0344955733179566,0.17955263475278802,14.956666616318655,52.866289303768205,272.1308087156738,190.77997920442726,81.35082951124656,0.565760517080403,0.3966319733979777,0.16912854368242528,219.86420305659612,0.4570981352527986,80.79357280208335,0.84375,54.0,0.011990407673860911,5.0,0.988009592326139,412.0,0.15625,10.0,0.9152542372881356,0.84375,0.8780487804878049,0.8611396799215758,0.9150929256594724,0.795321248953005,0.9688149688149689,0.1370553764888297,0.8629446235111703,0.031185031185031187,0.9681803629911913,0.9688149688149689,0.9682740499334005,0.8611396799215757,0.9150929256594724,0.9505962801985004,0.9300851768946772,0.9688149688149689,8.867,0.07,8.82,0.07,8820.0,70.0,662751.0,924503.0,104666.0,96.88149688149689,50.51975051975052,?
DatasetClassiRealeseNormalized,5,7,weka.classifiers.meta.FilteredClassifier,'-F \"weka.filters.MultiFilter -F \\\"weka.filters.supervised.attribute.AttributeSelection -E \\\\\\\"weka.attributeSelection.WrapperSubsetEval -B weka.classifiers.bayes.NaiveBayes -F 5 -T 0.01 -R 1 -E AUC --\\\\\\\" -S \\\\\\\"weka.attributeSelection.GreedyStepwise -B -T -1.7976931348623157E308 -N -1 -num-slots 1\\\\\\\"\\\" -S 1\" -S 1 -W weka.classifiers.lazy.IBk -- -K 1 -W 0 -A \"weka.core.neighboursearch.LinearNNSearch -A \\\"weka.core.EuclideanDistance -R first-last\\\"\"',-4523450618538717400,2.0260425083499998E7,4330.0,481.0,453.0,28.0,0.0,94.17879417879418,5.8212058212058215,0.0,0.7372507706114168,0.06301363325235058,0.24446620168264996,27.321589821143117,71.97901028265274,272.1308087156738,346.70501673717814,-74.57420802150432,0.565760517080403,0.720800450597044,-0.155039933516641,178.05534301895304,0.37017742831383166,65.43005691244161,0.734375,47.0,0.026378896882494004,11.0,0.973621103117506,406.0,0.265625,17.0,0.8103448275862069,0.734375,0.7704918032786885,0.7384221258978775,0.8669439448441247,0.6219422295281278,0.9417879417879418,0.2337918386704358,0.7662081613295643,0.058212058212058215,0.939923500451747,0.9417879417879418,0.9405643979414472,0.7384221258978776,0.8669439448441247,0.9180918320107432,0.8685792349726776,0.9417879417879418,8.935,0.061,8.88,0.06,8880.0,60.0,662752.0,924503.0,104666.0,94.17879417879418,50.727650727650726,?
DatasetClassiRealeseNormalized,5,8,weka.classifiers.meta.FilteredClassifier,'-F \"weka.filters.MultiFilter -F \\\"weka.filters.supervised.attribute.AttributeSelection -E \\\\\\\"weka.attributeSelection.WrapperSubsetEval -B weka.classifiers.bayes.NaiveBayes -F 5 -T 0.01 -R 1 -E AUC --\\\\\\\" -S \\\\\\\"weka.attributeSelection.GreedyStepwise -B -T -1.7976931348623157E308 -N -1 -num-slots 1\\\\\\\"\\\" -S 1\" -S 1 -W weka.classifiers.lazy.IBk -- -K 1 -W 0 -A \"weka.core.neighboursearch.LinearNNSearch -A \\\"weka.core.EuclideanDistance -R first-last\\\"\"',-4523450618538717400,2.0260425083499998E7,4330.0,481.0,464.0,17.0,0.0,96.46569646569647,3.5343035343035343,0.0,0.8437028117055644,0.03706770553158553,0.1877079468805098,16.071897363688663,55.26748542600988,272.1308087156738,200.08379036676592,72.0470183489079,0.565760517080403,0.4159746161471225,0.14978590093328045,216.43024158938488,0.4499589222232534,79.53169382431605,0.84375,54.0,0.016786570743405275,7.0,0.9832134292565947,410.0,0.15625,10.0,0.8852459016393442,0.84375,0.864,0.8440239221115288,0.9226618705035972,0.7746319705362973,0.9646569646569647,0.1376935354003699,0.8623064645996301,0.035343035343035345,0.9640897427782673,0.9646569646569647,0.9642961870058645,0.8440239221115287,0.922661870503597,0.9518856267955128,0.9218446833930705,0.9646569646569647,8.965,0.063,8.91,0.06,8910.0,60.0,662751.0,924503.0,104666.0,96.67359667359668,50.41580041580042,?
DatasetClassiRealeseNormalized,5,9,weka.classifiers.meta.FilteredClassifier,'-F \"weka.filters.MultiFilter -F \\\"weka.filters.supervised.attribute.AttributeSelection -E \\\\\\\"weka.attributeSelection.WrapperSubsetEval -B weka.classifiers.bayes.NaiveBayes -F 5 -T 0.01 -R 1 -E AUC --\\\\\\\" -S \\\\\\\"weka.attributeSelection.GreedyStepwise -B -T -1.7976931348623157E308 -N -1 -num-slots 1\\\\\\\"\\\" -S 1\" -S 1 -W weka.classifiers.lazy.IBk -- -K 1 -W 0 -A \"weka.core.neighboursearch.LinearNNSearch -A \\\"weka.core.EuclideanDistance -R first-last\\\"\"',-4523450618538717400,2.0260425083499998E7,4330.0,481.0,451.0,30.0,0.0,93.76299376299376,6.237006237006237,0.0,0.7020687946483876,0.0642626682322902,0.24146356135889088,27.86314915731894,71.09493274043476,272.1308087156738,331.04719077833073,-58.91638206265691,0.565760517080403,0.6882477978759475,-0.12248728079554451,174.85365135493907,0.363521104688023,64.25353019754138,0.65625,42.0,0.019184652278177457,8.0,0.9808153477218226,409.0,0.34375,22.0,0.84,0.65625,0.736842105263158,0.7089544944954249,0.8599183153477218,0.6427286333244695,0.9376299376299376,0.3005645899081151,0.6994354100918849,0.062370062370062374,0.9344586635537913,0.9376299376299376,0.934315044171052,0.708954494495425,0.8599183153477218,0.9177218552286319,0.8507323733862959,0.9376299376299376,11.126,0.048,11.05,0.05,11050.0,50.0,417454.0,924503.0,104666.0,94.5945945945946,51.24740124740125,?
DatasetClassiRealeseNormalized,5,10,weka.classifiers.meta.FilteredClassifier,'-F \"weka.filters.MultiFilter -F \\\"weka.filters.supervised.attribute.AttributeSelection -E \\\\\\\"weka.attributeSelection.WrapperSubsetEval -B weka.classifiers.bayes.NaiveBayes -F 5 -T 0.01 -R 1 -E AUC --\\\\\\\" -S \\\\\\\"weka.attributeSelection.GreedyStepwise -B -T -1.7976931348623157E308 -N -1 -num-slots 1\\\\\\\"\\\" -S 1\" -S 1 -W weka.classifiers.lazy.IBk -- -K 1 -W 0 -A \"weka.core.neighboursearch.LinearNNSearch -A \\\"weka.core.EuclideanDistance -R first-last\\\"\"',-4523450618538717400,2.0260425083499998E7,4330.0,481.0,469.0,12.0,0.0,97.5051975051975,2.494802494802495,0.0,0.8932731777670944,0.02567172470514482,0.15360088056148977,11.13080291032273,45.225226576360086,272.1308087156738,126.6961430557793,145.4346656598945,0.565760517080403,0.26340154481451,0.3023589722658929,233.600750727554,0.48565644641903116,85.84134660461154,0.921875,59.0,0.016786570743405275,7.0,0.9832134292565947,410.0,0.078125,5.0,0.8939393939393939,0.921875,0.9076923076923077,0.8934145297904198,0.9662020383693045,0.8628769075189096,0.975051975051975,0.06996354579538033,0.9300364542046197,0.02494802494802495,0.9754428790573368,0.975051975051975,0.975213897329282,0.8934145297904198,0.9662020383693045,0.9731631480185531,0.9466346153846154,0.975051975051975,8.847,0.062,8.78,0.06,8780.0,60.0,662752.0,924503.0,104666.0,97.92099792099792,50.51975051975052,?
DatasetClassiRealeseNormalized,6,1,weka.classifiers.meta.FilteredClassifier,'-F \"weka.filters.MultiFilter -F \\\"weka.filters.supervised.attribute.AttributeSelection -E \\\\\\\"weka.attributeSelection.WrapperSubsetEval -B weka.classifiers.bayes.NaiveBayes -F 5 -T 0.01 -R 1 -E AUC --\\\\\\\" -S \\\\\\\"weka.attributeSelection.GreedyStepwise -B -T -1.7976931348623157E308 -N -1 -num-slots 1\\\\\\\"\\\" -S 1\" -S 1 -W weka.classifiers.lazy.IBk -- -K 1 -W 0 -A \"weka.core.neighboursearch.LinearNNSearch -A \\\"weka.core.EuclideanDistance -R first-last\\\"\"',-4523450618538717400,2.0260425083499998E7,4329.0,482.0,467.0,15.0,0.0,96.88796680497926,3.112033195020747,0.0,0.8621334045230922,0.03792046628636108,0.18023706800342632,16.454487751172863,53.11448041624251,272.3366817903761,178.14800600220426,94.18867578817182,0.565013862635635,0.3696016722037433,0.19541219043189176,213.41881886960263,0.44277763250954905,78.3657998131431,0.859375,55.0,0.014354066985645933,6.0,0.9856459330143541,412.0,0.140625,9.0,0.9016393442622951,0.859375,0.88,0.862461326330189,0.9316499700956937,0.7987644420556311,0.9688796680497925,0.12385873503543846,0.8761412649645615,0.03112033195020747,0.9684005208494065,0.9688796680497925,0.9685618623237503,0.862461326330189,0.9316499700956937,0.9560888103978479,0.9310607866507747,0.9688796680497925,8.84,0.062,8.77,0.06,8770.0,60.0,662603.0,924290.0,104879.0,97.0954356846473,51.34854771784232,?
DatasetClassiRealeseNormalized,6,2,weka.classifiers.meta.FilteredClassifier,'-F \"weka.filters.MultiFilter -F \\\"weka.filters.supervised.attribute.AttributeSelection -E \\\\\\\"weka.attributeSelection.WrapperSubsetEval -B weka.classifiers.bayes.NaiveBayes -F 5 -T 0.01 -R 1 -E AUC --\\\\\\\" -S \\\\\\\"weka.attributeSelection.GreedyStepwise -B -T -1.7976931348623157E308 -N -1 -num-slots 1\\\\\\\"\\\" -S 1\" -S 1 -W weka.classifiers.lazy.IBk -- -K 1 -W 0 -A \"weka.core.neighboursearch.LinearNNSearch -A \\\"weka.core.EuclideanDistance -R first-last\\\"\"',-4523450618538717400,2.02604250836E7,4330.0,481.0,463.0,18.0,0.0,96.25779625779626,3.7422037422037424,0.0,0.8310568217296285,0.04080758309317059,0.19667714674797732,17.79806519098336,58.29498265125107,269.42867131105754,220.4654943515478,48.96317695950975,0.5601427677984564,0.45834822110508894,0.10179454669336747,209.07903608272682,0.43467575069173975,77.60088600271625,0.8253968253968254,52.0,0.01674641148325359,7.0,0.9832535885167464,411.0,0.1746031746031746,11.0,0.8813559322033898,0.8253968253968254,0.8524590163934426,0.8316431170218793,0.9190969848864585,0.7513249539416651,0.9625779625779626,0.15392754866439076,0.8460724513356092,0.037422037422037424,0.9618080855128008,0.9625779625779626,0.9620535866437506,0.8316431170218793,0.9190969848864585,0.9471965286830987,0.9155152224824356,0.9625779625779626,8.994,0.063,8.93,0.06,8930.0,60.0,662751.0,924503.0,104666.0,96.25779625779626,50.41580041580042,?
DatasetClassiRealeseNormalized,6,3,weka.classifiers.meta.FilteredClassifier,'-F \"weka.filters.MultiFilter -F \\\"weka.filters.supervised.attribute.AttributeSelection -E \\\\\\\"weka.attributeSelection.WrapperSubsetEval -B weka.classifiers.bayes.NaiveBayes -F 5 -T 0.01 -R 1 -E AUC --\\\\\\\" -S \\\\\\\"weka.attributeSelection.GreedyStepwise -B -T -1.7976931348623157E308 -N -1 -num-slots 1\\\\\\\"\\\" -S 1\" -S 1 -W weka.classifiers.lazy.IBk -- -K 1 -W 0 -A \"weka.core.neighboursearch.LinearNNSearch -A \\\"weka.core.EuclideanDistance -R first-last\\\"\"',-4523450618538717400,2.02604250836E7,4330.0,481.0,463.0,18.0,0.0,96.25779625779626,3.7422037422037424,0.0,0.8310897811073393,0.038556113387399074,0.18988891463677152,16.71724451833139,55.90963513616851,272.1308087156738,192.2923259411438,79.83848277453004,0.565760517080403,0.39977614540778333,0.16598437167261962,214.75391376331055,0.4464738331877558,78.91569307306492,0.8125,52.0,0.014388489208633094,6.0,0.9856115107913669,411.0,0.1875,12.0,0.896551724137931,0.8125,0.8524590163934426,0.8324102292471443,0.9253971822541966,0.7903147161021068,0.9625779625779626,0.16446645178659566,0.8355335482134043,0.037422037422037424,0.9616414201887422,0.9625779625779626,0.9617913986766445,0.8324102292471443,0.9253971822541966,0.9542443524720543,0.9155152224824356,0.9625779625779626,8.896,0.062,8.83,0.06,8830.0,60.0,662751.0,924503.0,104666.0,96.88149688149689,50.83160083160083,?
DatasetClassiRealeseNormalized,6,4,weka.classifiers.meta.FilteredClassifier,'-F \"weka.filters.MultiFilter -F \\\"weka.filters.supervised.attribute.AttributeSelection -E \\\\\\\"weka.attributeSelection.WrapperSubsetEval -B weka.classifiers.bayes.NaiveBayes -F 5 -T 0.01 -R 1 -E AUC --\\\\\\\" -S \\\\\\\"weka.attributeSelection.GreedyStepwise -B -T -1.7976931348623157E308 -N -1 -num-slots 1\\\\\\\"\\\" -S 1\" -S 1 -W weka.classifiers.lazy.IBk -- -K 1 -W 0 -A \"weka.core.neighboursearch.LinearNNSearch -A \\\"weka.core.EuclideanDistance -R first-last\\\"\"',-4523450618538717400,2.02604250836E7,4330.0,481.0,455.0,26.0,0.0,94.5945945945946,5.405405405405405,0.0,0.7625593316878678,0.05528644959044878,0.231650125266349,23.971220518715306,68.20552957324283,272.1308087156738,314.2059283870102,-42.07511967133638,0.565760517080403,0.6532347783513726,-0.0874742612709696,189.25036645394644,0.39345190530965996,69.54389594736328,0.78125,50.0,0.02877697841726619,12.0,0.9712230215827338,405.0,0.21875,14.0,0.8064516129032258,0.78125,0.7936507936507936,0.762686557674709,0.8811076139088729,0.660119922711849,0.9459459459459459,0.19347292436321215,0.8065270756367879,0.05405405405405406,0.9452801018741429,0.9459459459459459,0.9455816034763402,0.762686557674709,0.8811076139088729,0.9255568011790648,0.881275157590947,0.9459459459459459,8.728,0.064,8.67,0.06,8670.0,60.0,662750.0,924503.0,104666.0,94.8024948024948,50.51975051975052,?
DatasetClassiRealeseNormalized,6,5,weka.classifiers.meta.FilteredClassifier,'-F \"weka.filters.MultiFilter -F \\\"weka.filters.supervised.attribute.AttributeSelection -E \\\\\\\"weka.attributeSelection.WrapperSubsetEval -B weka.classifiers.bayes.NaiveBayes -F 5 -T 0.01 -R 1 -E AUC --\\\\\\\" -S \\\\\\\"weka.attributeSelection.GreedyStepwise -B -T -1.7976931348623157E308 -N -1 -num-slots 1\\\\\\\"\\\" -S 1\" -S 1 -W weka.classifiers.lazy.IBk -- -K 1 -W 0 -A \"weka.core.neighboursearch.LinearNNSearch -A \\\"weka.core.EuclideanDistance -R first-last\\\"\"',-4523450618538717400,2.02604250836E7,4330.0,481.0,458.0,23.0,0.0,95.21829521829522,4.781704781704781,0.0,0.7913546951323013,0.051259653295819455,0.2178973977152873,22.225273316868197,64.15626750348062,272.1308087156738,273.4623691054026,-1.3315603897287929,0.565760517080403,0.5685288338989659,-0.002768316818562979,192.4677610327268,0.40014087532791437,70.72619301764537,0.8125,52.0,0.026378896882494004,11.0,0.973621103117506,406.0,0.1875,12.0,0.8253968253968254,0.8125,0.8188976377952756,0.7913872585180297,0.9003297362110312,0.7117743397035325,0.9521829521829522,0.1660618490654462,0.8339381509345538,0.04781704781704782,0.9518796360901624,0.9521829521829522,0.9520233290519491,0.7913872585180297,0.9003297362110312,0.9390469399736139,0.8956763638078175,0.9521829521829522,11.086,0.051,11.02,0.05,11020.0,50.0,417450.0,924503.0,104666.0,95.42619542619542,50.83160083160083,?
DatasetClassiRealeseNormalized,6,6,weka.classifiers.meta.FilteredClassifier,'-F \"weka.filters.MultiFilter -F \\\"weka.filters.supervised.attribute.AttributeSelection -E \\\\\\\"weka.attributeSelection.WrapperSubsetEval -B weka.classifiers.bayes.NaiveBayes -F 5 -T 0.01 -R 1 -E AUC --\\\\\\\" -S \\\\\\\"weka.attributeSelection.GreedyStepwise -B -T -1.7976931348623157E308 -N -1 -num-slots 1\\\\\\\"\\\" -S 1\" -S 1 -W weka.classifiers.lazy.IBk -- -K 1 -W 0 -A \"weka.core.neighboursearch.LinearNNSearch -A \\\"weka.core.EuclideanDistance -R first-last\\\"\"',-4523450618538717400,2.02604250836E7,4330.0,481.0,458.0,23.0,0.0,95.21829521829522,4.781704781704781,0.0,0.801905205293033,0.050054857208655934,0.21571816632052723,21.70289517720789,63.514629036109426,272.1308087156738,264.1029192664765,8.027889449197346,0.565760517080403,0.5490705182255228,0.016689998854880136,196.76686917945972,0.40907873010282686,72.3059877373328,0.875,56.0,0.03597122302158273,15.0,0.9640287769784173,402.0,0.125,8.0,0.7887323943661971,0.875,0.8296296296296297,0.8033665931559478,0.9245915767386091,0.7200118213413724,0.9521829521829522,0.11315417520453491,0.8868458247954651,0.04781704781704782,0.9549735714627504,0.9521829521829522,0.953220283812787,0.8033665931559478,0.9245590923311248,0.9440623155364298,0.9009091316225537,0.9521829521829522,10.989,0.05,10.92,0.05,10920.0,50.0,417456.0,924503.0,104666.0,95.63409563409563,50.62370062370062,?
DatasetClassiRealeseNormalized,6,7,weka.classifiers.meta.FilteredClassifier,'-F \"weka.filters.MultiFilter -F \\\"weka.filters.supervised.attribute.AttributeSelection -E \\\\\\\"weka.attributeSelection.WrapperSubsetEval -B weka.classifiers.bayes.NaiveBayes -F 5 -T 0.01 -R 1 -E AUC --\\\\\\\" -S \\\\\\\"weka.attributeSelection.GreedyStepwise -B -T -1.7976931348623157E308 -N -1 -num-slots 1\\\\\\\"\\\" -S 1\" -S 1 -W weka.classifiers.lazy.IBk -- -K 1 -W 0 -A \"weka.core.neighboursearch.LinearNNSearch -A \\\"weka.core.EuclideanDistance -R first-last\\\"\"',-4523450618538717400,2.02604250836E7,4330.0,481.0,465.0,16.0,0.0,96.67359667359668,3.3264033264033266,0.0,0.8595312842228225,0.03426657973074346,0.17975126503272634,14.857379072677832,52.92477268864399,272.1308087156738,188.7573489995609,83.37345971611293,0.565760517080403,0.3924269209970081,0.17333359608339488,221.05561118243372,0.45957507522335495,81.2313799476471,0.90625,58.0,0.023980815347721823,10.0,0.9760191846522782,407.0,0.09375,6.0,0.8529411764705882,0.90625,0.8787878787878787,0.8600617689015787,0.9464928057553957,0.7841770826621995,0.9667359667359667,0.08446678208368856,0.9155332179163115,0.033264033264033266,0.9678380954552439,0.9667359667359667,0.9671598129429455,0.8600617689015787,0.9464928057553957,0.958435159655656,0.9297553851770719,0.9667359667359667,8.789,0.06,8.72,0.06,8720.0,60.0,662750.0,924503.0,104666.0,96.88149688149689,50.311850311850314,?
DatasetClassiRealeseNormalized,6,8,weka.classifiers.meta.FilteredClassifier,'-F \"weka.filters.MultiFilter -F \\\"weka.filters.supervised.attribute.AttributeSelection -E \\\\\\\"weka.attributeSelection.WrapperSubsetEval -B weka.classifiers.bayes.NaiveBayes -F 5 -T 0.01 -R 1 -E AUC --\\\\\\\" -S \\\\\\\"weka.attributeSelection.GreedyStepwise -B -T -1.7976931348623157E308 -N -1 -num-slots 1\\\\\\\"\\\" -S 1\" -S 1 -W weka.classifiers.lazy.IBk -- -K 1 -W 0 -A \"weka.core.neighboursearch.LinearNNSearch -A \\\"weka.core.EuclideanDistance -R first-last\\\"\"',-4523450618538717400,2.0260425083699998E7,4330.0,481.0,464.0,17.0,0.0,96.46569646569647,3.5343035343035343,0.0,0.8437028117055644,0.03725293769694059,0.1891371962333093,16.152210733705687,55.688304145135625,272.1308087156738,213.35098394133612,58.7798247743377,0.565760517080403,0.44355713917117695,0.12220337790922599,215.39974209725057,0.44781651163669556,79.15301582861326,0.84375,54.0,0.016786570743405275,7.0,0.9832134292565947,410.0,0.15625,10.0,0.8852459016393442,0.84375,0.864,0.8440239221115288,0.9191958932853717,0.7622291708316673,0.9646569646569647,0.1376935354003699,0.8623064645996301,0.035343035343035345,0.9640897427782673,0.9646569646569647,0.9642961870058645,0.8440239221115287,0.9191958932853717,0.9484810132512234,0.9218446833930705,0.9646569646569647,11.064,0.051,11.0,0.05,11000.0,50.0,417455.0,924503.0,104666.0,96.46569646569647,50.311850311850314,?
DatasetClassiRealeseNormalized,6,9,weka.classifiers.meta.FilteredClassifier,'-F \"weka.filters.MultiFilter -F \\\"weka.filters.supervised.attribute.AttributeSelection -E \\\\\\\"weka.attributeSelection.WrapperSubsetEval -B weka.classifiers.bayes.NaiveBayes -F 5 -T 0.01 -R 1 -E AUC --\\\\\\\" -S \\\\\\\"weka.attributeSelection.GreedyStepwise -B -T -1.7976931348623157E308 -N -1 -num-slots 1\\\\\\\"\\\" -S 1\" -S 1 -W weka.classifiers.lazy.IBk -- -K 1 -W 0 -A \"weka.core.neighboursearch.LinearNNSearch -A \\\"weka.core.EuclideanDistance -R first-last\\\"\"',-4523450618538717400,2.0260425083699998E7,4330.0,481.0,468.0,13.0,0.0,97.29729729729729,2.7027027027027026,0.0,0.8804786207160199,0.027752715288878044,0.16336701629260872,12.033083388623819,48.10070293821941,272.1308087156738,150.84953550060794,121.28127321506588,0.565760517080403,0.3136164979222618,0.2521440191581411,230.60353360794946,0.4794252257961527,84.73995821946325,0.875,56.0,0.011990407673860911,5.0,0.988009592326139,412.0,0.125,8.0,0.9180327868852459,0.875,0.8959999999999999,0.8808137278691767,0.9411158573141487,0.835606645051624,0.972972972972973,0.10996338064683389,0.8900366193531661,0.02702702702702703,0.9725805430723463,0.972972972972973,0.972697084180955,0.8808137278691767,0.9411158573141487,0.9642203294697542,0.9402341696535244,0.972972972972973,8.902,0.063,8.84,0.07,8840.0,70.0,662751.0,924503.0,104666.0,97.5051975051975,50.311850311850314,?
DatasetClassiRealeseNormalized,6,10,weka.classifiers.meta.FilteredClassifier,'-F \"weka.filters.MultiFilter -F \\\"weka.filters.supervised.attribute.AttributeSelection -E \\\\\\\"weka.attributeSelection.WrapperSubsetEval -B weka.classifiers.bayes.NaiveBayes -F 5 -T 0.01 -R 1 -E AUC --\\\\\\\" -S \\\\\\\"weka.attributeSelection.GreedyStepwise -B -T -1.7976931348623157E308 -N -1 -num-slots 1\\\\\\\"\\\" -S 1\" -S 1 -W weka.classifiers.lazy.IBk -- -K 1 -W 0 -A \"weka.core.neighboursearch.LinearNNSearch -A \\\"weka.core.EuclideanDistance -R first-last\\\"\"',-4523450618538717400,2.0260425083699998E7,4330.0,481.0,468.0,13.0,0.0,97.29729729729729,2.7027027027027026,0.0,0.8804786207160199,0.030749054701303638,0.1671493489988238,13.332242827080151,49.21434794468326,272.1308087156738,155.16400158999502,116.9668071256788,0.565760517080403,0.32258628189188154,0.2431742351885214,227.39923015807017,0.47276347226210014,83.56247175073078,0.875,56.0,0.011990407673860911,5.0,0.988009592326139,412.0,0.125,8.0,0.9180327868852459,0.875,0.8959999999999999,0.8808137278691767,0.9312612410071942,0.8208638387511408,0.972972972972973,0.10996338064683389,0.8900366193531661,0.02702702702702703,0.9725805430723463,0.972972972972973,0.972697084180955,0.8808137278691767,0.9312612410071942,0.9615020420496181,0.9402341696535244,0.972972972972973,8.789,0.063,8.73,0.06,8730.0,60.0,662758.0,924503.0,104666.0,97.5051975051975,50.727650727650726,?
DatasetClassiRealeseNormalized,7,1,weka.classifiers.meta.FilteredClassifier,'-F \"weka.filters.MultiFilter -F \\\"weka.filters.supervised.attribute.AttributeSelection -E \\\\\\\"weka.attributeSelection.WrapperSubsetEval -B weka.classifiers.bayes.NaiveBayes -F 5 -T 0.01 -R 1 -E AUC --\\\\\\\" -S \\\\\\\"weka.attributeSelection.GreedyStepwise -B -T -1.7976931348623157E308 -N -1 -num-slots 1\\\\\\\"\\\" -S 1\" -S 1 -W weka.classifiers.lazy.IBk -- -K 1 -W 0 -A \"weka.core.neighboursearch.LinearNNSearch -A \\\"weka.core.EuclideanDistance -R first-last\\\"\"',-4523450618538717400,2.0260425083699998E7,4329.0,482.0,456.0,26.0,0.0,94.60580912863071,5.394190871369295,0.0,0.7560918645387309,0.05631028243543756,0.2297040515204457,24.434215697718038,67.69202074338193,272.3366817903761,297.9135283459584,-25.576846555582335,0.565013862635635,0.6180778596389178,-0.053063997003282855,188.24155436343005,0.39054264390753124,69.1208959167403,0.75,48.0,0.023923444976076555,10.0,0.9760765550239234,408.0,0.25,16.0,0.8275862068965517,0.75,0.7868852459016394,0.7572924314984553,0.8900456040669856,0.6693540903344527,0.946058091286307,0.21998153626238362,0.7800184637376164,0.05394190871369295,0.9443816023562633,0.946058091286307,0.9449238429819032,0.7572924314984553,0.8900456040669856,0.9288685907837061,0.8780031930220786,0.946058091286307,8.179,0.061,8.12,0.06,8120.0,60.0,697445.0,924290.0,104879.0,95.02074688796681,50.933609958506224,?
DatasetClassiRealeseNormalized,7,2,weka.classifiers.meta.FilteredClassifier,'-F \"weka.filters.MultiFilter -F \\\"weka.filters.supervised.attribute.AttributeSelection -E \\\\\\\"weka.attributeSelection.WrapperSubsetEval -B weka.classifiers.bayes.NaiveBayes -F 5 -T 0.01 -R 1 -E AUC --\\\\\\\" -S \\\\\\\"weka.attributeSelection.GreedyStepwise -B -T -1.7976931348623157E308 -N -1 -num-slots 1\\\\\\\"\\\" -S 1\" -S 1 -W weka.classifiers.lazy.IBk -- -K 1 -W 0 -A \"weka.core.neighboursearch.LinearNNSearch -A \\\"weka.core.EuclideanDistance -R first-last\\\"\"',-4523450618538717400,2.0260425083699998E7,4330.0,481.0,463.0,18.0,0.0,96.25779625779626,3.7422037422037424,0.0,0.8356117566643882,0.038920975672288007,0.19309682249166202,16.975228862009963,57.233776792518526,269.42867131105754,210.75687750984284,58.671793801214704,0.5601427677984564,0.43816398650694977,0.12197878129150666,210.76475670032957,0.43818036736035254,78.22655089925452,0.8571428571428571,54.0,0.0215311004784689,9.0,0.9784688995215312,409.0,0.14285714285714285,9.0,0.8571428571428571,0.8571428571428571,0.8571428571428571,0.8356117566643882,0.9354066985645934,0.7598576284619293,0.9625779625779626,0.12696620591357433,0.8730337940864257,0.037422037422037424,0.9625779625779626,0.9625779625779626,0.9625779625779626,0.8356117566643882,0.9354066985645934,0.9526895616243657,0.9178058783321941,0.9625779625779626,8.258,0.063,8.19,0.07,8190.0,70.0,697554.0,924503.0,104666.0,96.46569646569647,50.51975051975052,?
DatasetClassiRealeseNormalized,7,3,weka.classifiers.meta.FilteredClassifier,'-F \"weka.filters.MultiFilter -F \\\"weka.filters.supervised.attribute.AttributeSelection -E \\\\\\\"weka.attributeSelection.WrapperSubsetEval -B weka.classifiers.bayes.NaiveBayes -F 5 -T 0.01 -R 1 -E AUC --\\\\\\\" -S \\\\\\\"weka.attributeSelection.GreedyStepwise -B -T -1.7976931348623157E308 -N -1 -num-slots 1\\\\\\\"\\\" -S 1\" -S 1 -W weka.classifiers.lazy.IBk -- -K 1 -W 0 -A \"weka.core.neighboursearch.LinearNNSearch -A \\\"weka.core.EuclideanDistance -R first-last\\\"\"',-4523450618538717400,2.0260425083699998E7,4330.0,481.0,454.0,27.0,0.0,94.38669438669439,5.613305613305613,0.0,0.7582869586256958,0.05578835612219937,0.22942698662781308,24.188838257627875,67.55096334763972,272.1308087156738,301.9036555557963,-29.772846840122497,0.565760517080403,0.6276583275588281,-0.06189781047842515,186.92609528776197,0.3886197407229979,68.68979523853363,0.796875,51.0,0.03357314148681055,14.0,0.9664268585131894,403.0,0.203125,13.0,0.7846153846153846,0.796875,0.7906976744186046,0.7583173466408551,0.8925921762589928,0.6756301851369872,0.9438669438669439,0.18056508535375443,0.8194349146462456,0.056133056133056136,0.9442497601151447,0.9438669438669439,0.9440508205409515,0.7583173466408553,0.8925921762589928,0.9315156498514741,0.8791423546162651,0.9438669438669439,11.195,0.051,11.12,0.05,11120.0,50.0,417455.0,924503.0,104666.0,95.01039501039502,50.62370062370062,?
DatasetClassiRealeseNormalized,7,4,weka.classifiers.meta.FilteredClassifier,'-F \"weka.filters.MultiFilter -F \\\"weka.filters.supervised.attribute.AttributeSelection -E \\\\\\\"weka.attributeSelection.WrapperSubsetEval -B weka.classifiers.bayes.NaiveBayes -F 5 -T 0.01 -R 1 -E AUC --\\\\\\\" -S \\\\\\\"weka.attributeSelection.GreedyStepwise -B -T -1.7976931348623157E308 -N -1 -num-slots 1\\\\\\\"\\\" -S 1\" -S 1 -W weka.classifiers.lazy.IBk -- -K 1 -W 0 -A \"weka.core.neighboursearch.LinearNNSearch -A \\\"weka.core.EuclideanDistance -R first-last\\\"\"',-4523450618538717400,2.0260425083699998E7,4330.0,481.0,455.0,26.0,0.0,94.5945945945946,5.405405405405405,0.0,0.7625593316878678,0.05632849785633361,0.22915820510433174,24.423034099759324,67.47182509495167,272.1308087156738,298.4693172598798,-26.33850854420598,0.565760517080403,0.6205183311016212,-0.05475781402121825,186.3769155913553,0.38747799499242264,68.48798799039493,0.78125,50.0,0.02877697841726619,12.0,0.9712230215827338,405.0,0.21875,14.0,0.8064516129032258,0.78125,0.7936507936507936,0.762686557674709,0.8875524580335732,0.6752804950192947,0.9459459459459459,0.19347292436321215,0.8065270756367879,0.05405405405405406,0.9452801018741429,0.9459459459459459,0.9455816034763402,0.762686557674709,0.8875524580335732,0.9296685760359654,0.881275157590947,0.9459459459459459,11.219,0.054,11.15,0.05,11150.0,50.0,452256.0,924503.0,104666.0,95.01039501039502,50.83160083160083,?
DatasetClassiRealeseNormalized,7,5,weka.classifiers.meta.FilteredClassifier,'-F \"weka.filters.MultiFilter -F \\\"weka.filters.supervised.attribute.AttributeSelection -E \\\\\\\"weka.attributeSelection.WrapperSubsetEval -B weka.classifiers.bayes.NaiveBayes -F 5 -T 0.01 -R 1 -E AUC --\\\\\\\" -S \\\\\\\"weka.attributeSelection.GreedyStepwise -B -T -1.7976931348623157E308 -N -1 -num-slots 1\\\\\\\"\\\" -S 1\" -S 1 -W weka.classifiers.lazy.IBk -- -K 1 -W 0 -A \"weka.core.neighboursearch.LinearNNSearch -A \\\"weka.core.EuclideanDistance -R first-last\\\"\"',-4523450618538717400,2.02604250838E7,4330.0,481.0,459.0,22.0,0.0,95.42619542619542,4.573804573804574,0.0,0.7963590177815411,0.047747033603947275,0.21476876268760267,20.7022639383315,63.23509291460755,272.1308087156738,273.93453077108506,-1.8037220554112423,0.565760517080403,0.5695104589835448,-0.003749941903141876,200.46447659685793,0.41676606361093127,73.66474878127677,0.796875,51.0,0.02158273381294964,9.0,0.9784172661870504,408.0,0.203125,13.0,0.85,0.796875,0.8225806451612903,0.7969054429622205,0.879777428057554,0.6971909685115183,0.9542619542619543,0.1789696880749039,0.8210303119250961,0.04573804573804574,0.9532713418699166,0.9542619542619543,0.9536334038605192,0.7969054429622205,0.8797774280575539,0.9330621694950615,0.8981638309338671,0.9542619542619543,8.376,0.064,8.32,0.06,8320.0,60.0,697554.0,924503.0,104666.0,95.42619542619542,50.51975051975052,?
DatasetClassiRealeseNormalized,7,6,weka.classifiers.meta.FilteredClassifier,'-F \"weka.filters.MultiFilter -F \\\"weka.filters.supervised.attribute.AttributeSelection -E \\\\\\\"weka.attributeSelection.WrapperSubsetEval -B weka.classifiers.bayes.NaiveBayes -F 5 -T 0.01 -R 1 -E AUC --\\\\\\\" -S \\\\\\\"weka.attributeSelection.GreedyStepwise -B -T -1.7976931348623157E308 -N -1 -num-slots 1\\\\\\\"\\\" -S 1\" -S 1 -W weka.classifiers.lazy.IBk -- -K 1 -W 0 -A \"weka.core.neighboursearch.LinearNNSearch -A \\\"weka.core.EuclideanDistance -R first-last\\\"\"',-4523450618538717400,2.02604250838E7,4330.0,481.0,470.0,11.0,0.0,97.71309771309771,2.286902286902287,0.0,0.8988665252212477,0.02558175990813728,0.15369089056355423,11.091795775591441,45.251728525584745,272.1308087156738,136.1496772725188,135.98113144315502,0.565760517080403,0.2830554621050287,0.2827050549753743,234.53202547545152,0.4875925685560323,86.1835624501061,0.890625,57.0,0.009592326139088728,4.0,0.9904076738609112,413.0,0.109375,7.0,0.9344262295081968,0.890625,0.9120000000000001,0.8992086307480007,0.9478229916067147,0.8380150796198178,0.9771309771309772,0.09609830327006587,0.9039016967299341,0.02286902286902287,0.9768259432193858,0.9771309771309772,0.9768975327685003,0.8992086307480006,0.9478229916067146,0.9652930164676133,0.9494289127837515,0.9771309771309772,9.301,0.06,9.23,0.06,9230.0,60.0,627950.0,924503.0,104666.0,97.71309771309771,50.51975051975052,?
DatasetClassiRealeseNormalized,7,7,weka.classifiers.meta.FilteredClassifier,'-F \"weka.filters.MultiFilter -F \\\"weka.filters.supervised.attribute.AttributeSelection -E \\\\\\\"weka.attributeSelection.WrapperSubsetEval -B weka.classifiers.bayes.NaiveBayes -F 5 -T 0.01 -R 1 -E AUC --\\\\\\\" -S \\\\\\\"weka.attributeSelection.GreedyStepwise -B -T -1.7976931348623157E308 -N -1 -num-slots 1\\\\\\\"\\\" -S 1\" -S 1 -W weka.classifiers.lazy.IBk -- -K 1 -W 0 -A \"weka.core.neighboursearch.LinearNNSearch -A \\\"weka.core.EuclideanDistance -R first-last\\\"\"',-4523450618538717400,2.02604250838E7,4330.0,481.0,466.0,15.0,0.0,96.88149688149689,3.1185031185031185,0.0,0.8657149770142756,0.03345659827356379,0.17843280736319925,14.50618552941441,52.53657473940221,272.1308087156738,180.6488707275866,91.48193798808722,0.565760517080403,0.37556937781203037,0.1901911392683726,223.24623511074773,0.46412938692463146,82.0363692609309,0.890625,57.0,0.019184652278177457,8.0,0.9808153477218226,409.0,0.109375,7.0,0.8769230769230769,0.890625,0.883720930232558,0.8657496701598532,0.9343337829736211,0.8032877951084622,0.9688149688149689,0.09737462109314628,0.9026253789068538,0.031185031185031187,0.9690358627858626,0.9688149688149689,0.9689171225227509,0.8657496701598532,0.934333782973621,0.9567425284015314,0.9328568636757029,0.9688149688149689,8.762,0.063,8.7,0.06,8700.0,60.0,662751.0,924503.0,104666.0,97.0893970893971,50.41580041580042,?
DatasetClassiRealeseNormalized,7,8,weka.classifiers.meta.FilteredClassifier,'-F \"weka.filters.MultiFilter -F \\\"weka.filters.supervised.attribute.AttributeSelection -E \\\\\\\"weka.attributeSelection.WrapperSubsetEval -B weka.classifiers.bayes.NaiveBayes -F 5 -T 0.01 -R 1 -E AUC --\\\\\\\" -S \\\\\\\"weka.attributeSelection.GreedyStepwise -B -T -1.7976931348623157E308 -N -1 -num-slots 1\\\\\\\"\\\" -S 1\" -S 1 -W weka.classifiers.lazy.IBk -- -K 1 -W 0 -A \"weka.core.neighboursearch.LinearNNSearch -A \\\"weka.core.EuclideanDistance -R first-last\\\"\"',-4523450618538717400,2.02604250838E7,4330.0,481.0,457.0,24.0,0.0,95.01039501039502,4.98960498960499,0.0,0.7865463555341888,0.049494832307452975,0.2159718558087578,21.460078347728807,63.5893236898336,272.1308087156738,253.70738960132803,18.42341911434579,0.565760517080403,0.5274581904393514,0.03830232664105154,196.23350287843007,0.4079698604541166,72.10999144292319,0.828125,53.0,0.03117505995203837,13.0,0.9688249400479616,404.0,0.171875,11.0,0.803030303030303,0.828125,0.8153846153846153,0.7866708190483311,0.9200951738609112,0.732387408362697,0.9501039501039501,0.15315401005598847,0.8468459899440115,0.0498960498960499,0.950812738764546,0.9501039501039501,0.9504277946585639,0.7866708190483311,0.9200951738609113,0.9457957022391162,0.8932692307692307,0.9501039501039501,11.145,0.05,11.07,0.05,11070.0,50.0,417455.0,924503.0,104666.0,95.84199584199584,50.62370062370062,?
DatasetClassiRealeseNormalized,7,9,weka.classifiers.meta.FilteredClassifier,'-F \"weka.filters.MultiFilter -F \\\"weka.filters.supervised.attribute.AttributeSelection -E \\\\\\\"weka.attributeSelection.WrapperSubsetEval -B weka.classifiers.bayes.NaiveBayes -F 5 -T 0.01 -R 1 -E AUC --\\\\\\\" -S \\\\\\\"weka.attributeSelection.GreedyStepwise -B -T -1.7976931348623157E308 -N -1 -num-slots 1\\\\\\\"\\\" -S 1\" -S 1 -W weka.classifiers.lazy.IBk -- -K 1 -W 0 -A \"weka.core.neighboursearch.LinearNNSearch -A \\\"weka.core.EuclideanDistance -R first-last\\\"\"',-4523450618538717400,2.02604250838E7,4330.0,481.0,458.0,23.0,0.0,95.21829521829522,4.781704781704781,0.0,0.7940962980885558,0.05074050106320544,0.22070922382153438,22.0001781490113,64.9841629705085,272.1308087156738,287.9794552047061,-15.848646489032262,0.565760517080403,0.59870988608047,-0.03294936900006707,195.86852000176629,0.4072110602947324,71.97587106221866,0.828125,53.0,0.02877697841726619,12.0,0.9712230215827338,405.0,0.171875,11.0,0.8153846153846154,0.828125,0.8217054263565892,0.7941281211471878,0.895589778177458,0.683895135687383,0.9521829521829522,0.15283493060021838,0.8471650693997816,0.04781704781704782,0.9525117943387174,0.9521829521829522,0.9523395878682178,0.7941281211471879,0.895589778177458,0.9344328997483942,0.897047190969411,0.9521829521829522,8.945,0.063,8.88,0.06,8880.0,60.0,662759.0,924503.0,104666.0,95.21829521829522,50.41580041580042,?
DatasetClassiRealeseNormalized,7,10,weka.classifiers.meta.FilteredClassifier,'-F \"weka.filters.MultiFilter -F \\\"weka.filters.supervised.attribute.AttributeSelection -E \\\\\\\"weka.attributeSelection.WrapperSubsetEval -B weka.classifiers.bayes.NaiveBayes -F 5 -T 0.01 -R 1 -E AUC --\\\\\\\" -S \\\\\\\"weka.attributeSelection.GreedyStepwise -B -T -1.7976931348623157E308 -N -1 -num-slots 1\\\\\\\"\\\" -S 1\" -S 1 -W weka.classifiers.lazy.IBk -- -K 1 -W 0 -A \"weka.core.neighboursearch.LinearNNSearch -A \\\"weka.core.EuclideanDistance -R first-last\\\"\"',-4523450618538717400,2.02604250838E7,4330.0,481.0,463.0,18.0,0.0,96.25779625779626,3.7422037422037424,0.0,0.8356179988608315,0.039943943279530825,0.1947590360717504,17.318982858072822,57.34356145577146,272.1308087156738,220.43260452106273,51.698204194611094,0.565760517080403,0.4582798430791325,0.10748067400127047,211.58019758296024,0.439875670650645,77.74944651857565,0.84375,54.0,0.019184652278177457,8.0,0.9808153477218226,409.0,0.15625,10.0,0.8709677419354839,0.84375,0.8571428571428571,0.8357574140120331,0.9230927757793765,0.7516358385787557,0.9625779625779626,0.13801261485614005,0.86198738514386,0.037422037422037424,0.9621406822884997,0.9625779625779626,0.9623257254836203,0.835757414012033,0.9230927757793764,0.9476503130268523,0.9178058783321941,0.9625779625779626,11.154,0.052,11.08,0.05,11080.0,50.0,452257.0,924503.0,104666.0,96.25779625779626,50.51975051975052,?
DatasetClassiRealeseNormalized,8,1,weka.classifiers.meta.FilteredClassifier,'-F \"weka.filters.MultiFilter -F \\\"weka.filters.supervised.attribute.AttributeSelection -E \\\\\\\"weka.attributeSelection.WrapperSubsetEval -B weka.classifiers.bayes.NaiveBayes -F 5 -T 0.01 -R 1 -E AUC --\\\\\\\" -S \\\\\\\"weka.attributeSelection.GreedyStepwise -B -T -1.7976931348623157E308 -N -1 -num-slots 1\\\\\\\"\\\" -S 1\" -S 1 -W weka.classifiers.lazy.IBk -- -K 1 -W 0 -A \"weka.core.neighboursearch.LinearNNSearch -A \\\"weka.core.EuclideanDistance -R first-last\\\"\"',-4523450618538717400,2.0260425083899997E7,4329.0,482.0,459.0,23.0,0.0,95.22821576763485,4.771784232365145,0.0,0.7827382118919765,0.04621266399621021,0.20792031202374298,20.05264671410975,61.272519928665226,272.3366817903761,239.65550759697044,32.68117419340564,0.565013862635635,0.4972105966742125,0.06780326596142248,201.54912920655323,0.41815172034554615,74.00733822617782,0.765625,49.0,0.019138755980861243,8.0,0.9808612440191388,410.0,0.234375,15.0,0.8596491228070176,0.765625,0.8099173553719009,0.7844550156256479,0.8967553827751196,0.7430390634528276,0.9522821576763485,0.2057959136572098,0.7942040863427903,0.04771784232365145,0.9507564371020301,0.9522821576763485,0.9511000062930377,0.7844550156256479,0.8967553827751197,0.942202225984551,0.8913169220513123,0.9522821576763485,11.154,0.052,11.08,0.05,11080.0,50.0,417361.0,924290.0,104879.0,96.05809128630706,50.62240663900415,?
DatasetClassiRealeseNormalized,8,2,weka.classifiers.meta.FilteredClassifier,'-F \"weka.filters.MultiFilter -F \\\"weka.filters.supervised.attribute.AttributeSelection -E \\\\\\\"weka.attributeSelection.WrapperSubsetEval -B weka.classifiers.bayes.NaiveBayes -F 5 -T 0.01 -R 1 -E AUC --\\\\\\\" -S \\\\\\\"weka.attributeSelection.GreedyStepwise -B -T -1.7976931348623157E308 -N -1 -num-slots 1\\\\\\\"\\\" -S 1\" -S 1 -W weka.classifiers.lazy.IBk -- -K 1 -W 0 -A \"weka.core.neighboursearch.LinearNNSearch -A \\\"weka.core.EuclideanDistance -R first-last\\\"\"',-4523450618538717400,2.0260425083899997E7,4330.0,481.0,465.0,16.0,0.0,96.67359667359668,3.3264033264033266,0.0,0.8577133560124242,0.03054337340749021,0.16909950945291244,13.321370927993902,50.120988294202895,269.42867131105754,160.33878705934708,109.08988425171046,0.5601427677984564,0.33334467164105425,0.2267980961574022,222.31107636093574,0.46218518993957536,82.51203380811535,0.9047619047619048,57.0,0.023923444976076555,10.0,0.9760765550239234,408.0,0.09523809523809523,6.0,0.8507462686567164,0.9047619047619048,0.8769230769230769,0.858256522359497,0.9516974253816359,0.8258077888965569,0.9667359667359667,0.08589750695013854,0.9141024930498615,0.033264033264033266,0.9678566401473604,0.9667359667359667,0.9671677594754517,0.8582565223594969,0.9516974253816358,0.965020515914983,0.9288461538461539,0.9667359667359667,7.565,0.066,7.51,0.06,7510.0,60.0,732356.0,924503.0,104666.0,97.29729729729729,50.41580041580042,?
DatasetClassiRealeseNormalized,8,3,weka.classifiers.meta.FilteredClassifier,'-F \"weka.filters.MultiFilter -F \\\"weka.filters.supervised.attribute.AttributeSelection -E \\\\\\\"weka.attributeSelection.WrapperSubsetEval -B weka.classifiers.bayes.NaiveBayes -F 5 -T 0.01 -R 1 -E AUC --\\\\\\\" -S \\\\\\\"weka.attributeSelection.GreedyStepwise -B -T -1.7976931348623157E308 -N -1 -num-slots 1\\\\\\\"\\\" -S 1\" -S 1 -W weka.classifiers.lazy.IBk -- -K 1 -W 0 -A \"weka.core.neighboursearch.LinearNNSearch -A \\\"weka.core.EuclideanDistance -R first-last\\\"\"',-4523450618538717400,2.0260425083899997E7,4330.0,481.0,461.0,20.0,0.0,95.84199584199584,4.158004158004158,0.0,0.8197691846522782,0.04351032151216163,0.20279320474689924,18.86530098305346,59.70908890169547,272.1308087156738,236.92689338292854,35.20391533274528,0.565760517080403,0.49257150391461235,0.07318901316579061,207.56825683469546,0.4315348374941694,76.27517729959261,0.84375,54.0,0.023980815347721823,10.0,0.9760191846522782,407.0,0.15625,10.0,0.84375,0.84375,0.84375,0.8197691846522782,0.913050809352518,0.7381652387766211,0.9584199584199584,0.13865077376768026,0.8613492262323198,0.04158004158004158,0.9584199584199584,0.9584199584199584,0.9584199584199584,0.8197691846522782,0.9130508093525179,0.9451217239088762,0.9098845923261392,0.9584199584199584,8.876,0.059,8.81,0.06,8810.0,60.0,662752.0,924503.0,104666.0,96.25779625779626,50.727650727650726,?
DatasetClassiRealeseNormalized,8,4,weka.classifiers.meta.FilteredClassifier,'-F \"weka.filters.MultiFilter -F \\\"weka.filters.supervised.attribute.AttributeSelection -E \\\\\\\"weka.attributeSelection.WrapperSubsetEval -B weka.classifiers.bayes.NaiveBayes -F 5 -T 0.01 -R 1 -E AUC --\\\\\\\" -S \\\\\\\"weka.attributeSelection.GreedyStepwise -B -T -1.7976931348623157E308 -N -1 -num-slots 1\\\\\\\"\\\" -S 1\" -S 1 -W weka.classifiers.lazy.IBk -- -K 1 -W 0 -A \"weka.core.neighboursearch.LinearNNSearch -A \\\"weka.core.EuclideanDistance -R first-last\\\"\"',-4523450618538717400,2.0260425083899997E7,4330.0,481.0,465.0,16.0,0.0,96.67359667359668,3.3264033264033266,0.0,0.8518974674774844,0.035733367220421364,0.1811057158979401,15.493352021377296,53.323568236182005,272.1308087156738,188.29467276525259,83.83613595042124,0.565760517080403,0.3914650161439763,0.17429550093642668,216.83543173156045,0.45080131337122753,79.68058918242998,0.84375,54.0,0.014388489208633094,6.0,0.9856115107913669,411.0,0.15625,10.0,0.9,0.84375,0.870967741935484,0.8524820006053738,0.9189898081534772,0.7962487466562538,0.9667359667359667,0.13737445594459982,0.8626255440554002,0.033264033264033266,0.9661018957931073,0.9667359667359667,0.9662788391712868,0.8524820006053738,0.9189898081534772,0.9536715427327052,0.9259373315882671,0.9667359667359667,11.016,0.057,10.94,0.06,10940.0,60.0,487062.0,924503.0,104666.0,96.88149688149689,50.62370062370062,?
DatasetClassiRealeseNormalized,8,5,weka.classifiers.meta.FilteredClassifier,'-F \"weka.filters.MultiFilter -F \\\"weka.filters.supervised.attribute.AttributeSelection -E \\\\\\\"weka.attributeSelection.WrapperSubsetEval -B weka.classifiers.bayes.NaiveBayes -F 5 -T 0.01 -R 1 -E AUC --\\\\\\\" -S \\\\\\\"weka.attributeSelection.GreedyStepwise -B -T -1.7976931348623157E308 -N -1 -num-slots 1\\\\\\\"\\\" -S 1\" -S 1 -W weka.classifiers.lazy.IBk -- -K 1 -W 0 -A \"weka.core.neighboursearch.LinearNNSearch -A \\\"weka.core.EuclideanDistance -R first-last\\\"\"',-4523450618538717400,2.0260425083899997E7,4330.0,481.0,457.0,24.0,0.0,95.01039501039502,4.98960498960499,0.0,0.7837230215827338,0.05103090664283662,0.21939892664878008,22.12609283951454,64.59836774392154,272.1308087156738,276.5934747038257,-4.462665988151855,0.565760517080403,0.5750384089476626,-0.009277891867259573,195.53634153947073,0.4065204605810202,71.85380533071869,0.8125,52.0,0.02877697841726619,12.0,0.9712230215827338,405.0,0.1875,12.0,0.8125,0.8125,0.8125,0.7837230215827338,0.8944282074340527,0.7060462770661167,0.9501039501039501,0.1663809285212163,0.8336190714787838,0.0498960498960499,0.9501039501039501,0.9501039501039501,0.9501039501039501,0.7837230215827339,0.8944282074340527,0.937441590188921,0.8918615107913669,0.9501039501039501,9.002,0.062,8.92,0.07,8920.0,70.0,662752.0,924503.0,104666.0,95.42619542619542,50.62370062370062,?
DatasetClassiRealeseNormalized,8,6,weka.classifiers.meta.FilteredClassifier,'-F \"weka.filters.MultiFilter -F \\\"weka.filters.supervised.attribute.AttributeSelection -E \\\\\\\"weka.attributeSelection.WrapperSubsetEval -B weka.classifiers.bayes.NaiveBayes -F 5 -T 0.01 -R 1 -E AUC --\\\\\\\" -S \\\\\\\"weka.attributeSelection.GreedyStepwise -B -T -1.7976931348623157E308 -N -1 -num-slots 1\\\\\\\"\\\" -S 1\" -S 1 -W weka.classifiers.lazy.IBk -- -K 1 -W 0 -A \"weka.core.neighboursearch.LinearNNSearch -A \\\"weka.core.EuclideanDistance -R first-last\\\"\"',-4523450618538717400,2.0260425083899997E7,4330.0,481.0,467.0,14.0,0.0,97.0893970893971,2.9106029106029108,0.0,0.8704102840427989,0.03204814869865484,0.17321888367168842,13.89550686222313,51.001421559039855,272.1308087156738,171.62637851030618,100.50443020536764,0.565760517080403,0.3568115977345243,0.20894891934587867,224.35770298175956,0.46644013093920905,82.44480073411007,0.859375,55.0,0.011990407673860911,5.0,0.988009592326139,412.0,0.140625,9.0,0.9166666666666666,0.859375,0.8870967741935484,0.8710075198197583,0.9351581235011991,0.8101656655476608,0.9708939708939709,0.12350937856783181,0.8764906214321682,0.029106029106029108,0.9703787471008374,0.9708939708939709,0.9704939842748758,0.8710075198197583,0.935158123501199,0.9581594508702805,0.9351951651397337,0.9708939708939709,8.889,0.062,8.83,0.06,8830.0,60.0,662752.0,924503.0,104666.0,97.0893970893971,50.41580041580042,?
DatasetClassiRealeseNormalized,8,7,weka.classifiers.meta.FilteredClassifier,'-F \"weka.filters.MultiFilter -F \\\"weka.filters.supervised.attribute.AttributeSelection -E \\\\\\\"weka.attributeSelection.WrapperSubsetEval -B weka.classifiers.bayes.NaiveBayes -F 5 -T 0.01 -R 1 -E AUC --\\\\\\\" -S \\\\\\\"weka.attributeSelection.GreedyStepwise -B -T -1.7976931348623157E308 -N -1 -num-slots 1\\\\\\\"\\\" -S 1\" -S 1 -W weka.classifiers.lazy.IBk -- -K 1 -W 0 -A \"weka.core.neighboursearch.LinearNNSearch -A \\\"weka.core.EuclideanDistance -R first-last\\\"\"',-4523450618538717400,2.0260425084E7,4330.0,481.0,466.0,15.0,0.0,96.88149688149689,3.1185031185031185,0.0,0.8582653963264908,0.0332596681163838,0.17833664034866625,14.420800118350462,52.508259960180055,272.1308087156738,186.56284908691984,85.56795962875398,0.565760517080403,0.38786455111625745,0.1778959659641455,223.1446377473891,0.46391816579498774,81.99903524357428,0.828125,53.0,0.009592326139088728,4.0,0.9904076738609112,413.0,0.171875,11.0,0.9298245614035088,0.828125,0.8760330578512396,0.8601489795290829,0.9070556055155875,0.7936195531021103,0.9688149688149689,0.15028229495405754,0.8497177050459425,0.031185031185031187,0.9681712592586476,0.9688149688149689,0.9680427055845928,0.8601489795290829,0.9070556055155875,0.9517889435357577,0.9290985741099242,0.9688149688149689,8.797,0.065,8.74,0.06,8740.0,60.0,662751.0,924503.0,104666.0,96.88149688149689,50.311850311850314,?
DatasetClassiRealeseNormalized,8,8,weka.classifiers.meta.FilteredClassifier,'-F \"weka.filters.MultiFilter -F \\\"weka.filters.supervised.attribute.AttributeSelection -E \\\\\\\"weka.attributeSelection.WrapperSubsetEval -B weka.classifiers.bayes.NaiveBayes -F 5 -T 0.01 -R 1 -E AUC --\\\\\\\" -S \\\\\\\"weka.attributeSelection.GreedyStepwise -B -T -1.7976931348623157E308 -N -1 -num-slots 1\\\\\\\"\\\" -S 1\" -S 1 -W weka.classifiers.lazy.IBk -- -K 1 -W 0 -A \"weka.core.neighboursearch.LinearNNSearch -A \\\"weka.core.EuclideanDistance -R first-last\\\"\"',-4523450618538717400,2.0260425084E7,4330.0,481.0,469.0,12.0,0.0,97.5051975051975,2.494802494802495,0.0,0.8932731777670944,0.027883004052719946,0.15768709014063384,12.089574277662651,46.42834307790452,272.1308087156738,130.47868080197293,141.6521279137009,0.565760517080403,0.2712654486527504,0.2944950684276526,230.14453666104146,0.47847097018927537,84.57129045667878,0.921875,59.0,0.016786570743405275,7.0,0.9832134292565947,410.0,0.078125,5.0,0.8939393939393939,0.921875,0.9076923076923077,0.8934145297904198,0.9696867505995204,0.8489739564771519,0.975051975051975,0.06996354579538033,0.9300364542046197,0.02494802494802495,0.9754428790573368,0.975051975051975,0.975213897329282,0.8934145297904198,0.9696867505995204,0.9726052809214368,0.9466346153846154,0.975051975051975,8.873,0.064,8.82,0.07,8820.0,70.0,662750.0,924503.0,104666.0,97.92099792099792,50.83160083160083,?
DatasetClassiRealeseNormalized,8,9,weka.classifiers.meta.FilteredClassifier,'-F \"weka.filters.MultiFilter -F \\\"weka.filters.supervised.attribute.AttributeSelection -E \\\\\\\"weka.attributeSelection.WrapperSubsetEval -B weka.classifiers.bayes.NaiveBayes -F 5 -T 0.01 -R 1 -E AUC --\\\\\\\" -S \\\\\\\"weka.attributeSelection.GreedyStepwise -B -T -1.7976931348623157E308 -N -1 -num-slots 1\\\\\\\"\\\" -S 1\" -S 1 -W weka.classifiers.lazy.IBk -- -K 1 -W 0 -A \"weka.core.neighboursearch.LinearNNSearch -A \\\"weka.core.EuclideanDistance -R first-last\\\"\"',-4523450618538717400,2.0260425084E7,4330.0,481.0,462.0,19.0,0.0,96.04989604989605,3.95010395010395,0.0,0.8299056375514157,0.04113086318257256,0.1958668990623616,17.83361020246972,57.669753301695785,272.1308087156738,221.48653269955017,50.644276016123655,0.565760517080403,0.46047096195332676,0.1052895551270762,210.35637216505103,0.4373313350624761,77.29972697976817,0.859375,55.0,0.023980815347721823,10.0,0.9760191846522782,407.0,0.140625,9.0,0.8461538461538461,0.859375,0.8527131782945736,0.8299388956535205,0.9265400179856115,0.746551935927673,0.9604989604989606,0.1251047758466823,0.8748952241533177,0.0395010395010395,0.96077382856229,0.9604989604989606,0.9606283551954843,0.8299388956535205,0.9265400179856115,0.947942254250571,0.9149520273225569,0.9604989604989606,9.028,0.066,8.97,0.07,8970.0,70.0,662752.0,924503.0,104666.0,96.25779625779626,50.83160083160083,?
DatasetClassiRealeseNormalized,8,10,weka.classifiers.meta.FilteredClassifier,'-F \"weka.filters.MultiFilter -F \\\"weka.filters.supervised.attribute.AttributeSelection -E \\\\\\\"weka.attributeSelection.WrapperSubsetEval -B weka.classifiers.bayes.NaiveBayes -F 5 -T 0.01 -R 1 -E AUC --\\\\\\\" -S \\\\\\\"weka.attributeSelection.GreedyStepwise -B -T -1.7976931348623157E308 -N -1 -num-slots 1\\\\\\\"\\\" -S 1\" -S 1 -W weka.classifiers.lazy.IBk -- -K 1 -W 0 -A \"weka.core.neighboursearch.LinearNNSearch -A \\\"weka.core.EuclideanDistance -R first-last\\\"\"',-4523450618538717400,2.0260425084E7,4330.0,481.0,457.0,24.0,0.0,95.01039501039502,4.98960498960499,0.0,0.7837230215827338,0.050594303416681495,0.22247799347563038,21.936789451598038,65.50494779983674,272.1308087156738,283.70144248239865,-11.570633766724825,0.565760517080403,0.5898158887367956,-0.024055371656392568,196.83296517649228,0.40921614381807125,72.33027605563991,0.8125,52.0,0.02877697841726619,12.0,0.9712230215827338,405.0,0.1875,12.0,0.8125,0.8125,0.8125,0.7837230215827338,0.9038706534772182,0.6963193999133517,0.9501039501039501,0.1663809285212163,0.8336190714787838,0.0498960498960499,0.9501039501039501,0.9501039501039501,0.9501039501039501,0.7837230215827339,0.9038706534772183,0.9365596530176333,0.8918615107913669,0.9501039501039501,10.929,0.054,10.86,0.06,10860.0,60.0,487058.0,924503.0,104666.0,95.21829521829522,50.311850311850314,?
DatasetClassiRealeseNormalized,9,1,weka.classifiers.meta.FilteredClassifier,'-F \"weka.filters.MultiFilter -F \\\"weka.filters.supervised.attribute.AttributeSelection -E \\\\\\\"weka.attributeSelection.WrapperSubsetEval -B weka.classifiers.bayes.NaiveBayes -F 5 -T 0.01 -R 1 -E AUC --\\\\\\\" -S \\\\\\\"weka.attributeSelection.GreedyStepwise -B -T -1.7976931348623157E308 -N -1 -num-slots 1\\\\\\\"\\\" -S 1\" -S 1 -W weka.classifiers.lazy.IBk -- -K 1 -W 0 -A \"weka.core.neighboursearch.LinearNNSearch -A \\\"weka.core.EuclideanDistance -R first-last\\\"\"',-4523450618538717400,2.0260425084E7,4329.0,482.0,468.0,14.0,0.0,97.0954356846473,2.904564315352697,0.0,0.8686648501362397,0.03043236344817475,0.17010875786993773,13.205242462362268,50.12974516619626,272.3366817903761,162.60510466007673,109.73157713029934,0.565013862635635,0.33735498892132104,0.22765887371431398,226.21742087922465,0.46933074871208436,83.06535109117232,0.84375,54.0,0.009569377990430622,4.0,0.9904306220095693,414.0,0.15625,10.0,0.9310344827586207,0.84375,0.8852459016393444,0.8700441670778175,0.93436004784689,0.8136172316755045,0.970954356846473,0.13677373483690367,0.8632262651630963,0.029045643153526972,0.9703894529678714,0.970954356846473,0.9703436077594864,0.8700441670778175,0.93436004784689,0.9586876557388339,0.9343094116272731,0.970954356846473,8.962,0.062,8.89,0.07,8890.0,70.0,662602.0,924290.0,104879.0,97.30290456431536,50.4149377593361,?
DatasetClassiRealeseNormalized,9,2,weka.classifiers.meta.FilteredClassifier,'-F \"weka.filters.MultiFilter -F \\\"weka.filters.supervised.attribute.AttributeSelection -E \\\\\\\"weka.attributeSelection.WrapperSubsetEval -B weka.classifiers.bayes.NaiveBayes -F 5 -T 0.01 -R 1 -E AUC --\\\\\\\" -S \\\\\\\"weka.attributeSelection.GreedyStepwise -B -T -1.7976931348623157E308 -N -1 -num-slots 1\\\\\\\"\\\" -S 1\" -S 1 -W weka.classifiers.lazy.IBk -- -K 1 -W 0 -A \"weka.core.neighboursearch.LinearNNSearch -A \\\"weka.core.EuclideanDistance -R first-last\\\"\"',-4523450618538717400,2.0260425084E7,4330.0,481.0,473.0,8.0,0.0,98.33679833679834,1.6632016632016633,0.0,0.924914142990946,0.01926298680106785,0.1296968959460603,8.401475139453545,38.44207842197841,269.42867131105754,90.77327730322455,178.655394007833,0.5601427677984564,0.18871783223123606,0.37142493556722034,241.7797244096853,0.5026605497082854,89.73793443480582,0.9047619047619048,57.0,0.004784688995215311,2.0,0.9952153110047847,416.0,0.09523809523809523,6.0,0.9661016949152542,0.9047619047619048,0.9344262295081968,0.9255666528959163,0.9565770486823119,0.8995203350033351,0.9833679833679834,0.08339076760129392,0.9166092323987062,0.016632016632016633,0.9832043218660617,0.9833679833679834,0.9831349273972225,0.9255666528959162,0.956577048682312,0.9769948677244324,0.9624512099921936,0.9833679833679834,8.839,0.064,8.78,0.06,8780.0,60.0,662752.0,924503.0,104666.0,98.54469854469855,50.727650727650726,?
DatasetClassiRealeseNormalized,9,3,weka.classifiers.meta.FilteredClassifier,'-F \"weka.filters.MultiFilter -F \\\"weka.filters.supervised.attribute.AttributeSelection -E \\\\\\\"weka.attributeSelection.WrapperSubsetEval -B weka.classifiers.bayes.NaiveBayes -F 5 -T 0.01 -R 1 -E AUC --\\\\\\\" -S \\\\\\\"weka.attributeSelection.GreedyStepwise -B -T -1.7976931348623157E308 -N -1 -num-slots 1\\\\\\\"\\\" -S 1\" -S 1 -W weka.classifiers.lazy.IBk -- -K 1 -W 0 -A \"weka.core.neighboursearch.LinearNNSearch -A \\\"weka.core.EuclideanDistance -R first-last\\\"\"',-4523450618538717400,2.0260425084E7,4330.0,481.0,455.0,26.0,0.0,94.5945945945946,5.405405405405405,0.0,0.7656999400479616,0.05708589912801303,0.23428401409434657,24.751429810445714,68.9810343658436,272.1308087156738,321.77946083795996,-49.64865212228614,0.565760517080403,0.6689801680622868,-0.10321965098188386,185.4214152416586,0.385491507778916,68.13686995484203,0.796875,51.0,0.03117505995203837,13.0,0.9688249400479616,404.0,0.203125,13.0,0.796875,0.796875,0.796875,0.7656999400479616,0.8889388489208633,0.6551623652899615,0.9459459459459459,0.1802460058979843,0.8197539941020157,0.05405405405405406,0.9459459459459459,0.9459459459459459,0.9459459459459459,0.7656999400479616,0.8889388489208633,0.9278194010090491,0.8828499700239808,0.9459459459459459,10.939,0.06,10.87,0.05,10870.0,50.0,487069.0,924503.0,104666.0,94.5945945945946,50.41580041580042,?
DatasetClassiRealeseNormalized,9,4,weka.classifiers.meta.FilteredClassifier,'-F \"weka.filters.MultiFilter -F \\\"weka.filters.supervised.attribute.AttributeSelection -E \\\\\\\"weka.attributeSelection.WrapperSubsetEval -B weka.classifiers.bayes.NaiveBayes -F 5 -T 0.01 -R 1 -E AUC --\\\\\\\" -S \\\\\\\"weka.attributeSelection.GreedyStepwise -B -T -1.7976931348623157E308 -N -1 -num-slots 1\\\\\\\"\\\" -S 1\" -S 1 -W weka.classifiers.lazy.IBk -- -K 1 -W 0 -A \"weka.core.neighboursearch.LinearNNSearch -A \\\"weka.core.EuclideanDistance -R first-last\\\"\"',-4523450618538717400,2.0260425084099997E7,4330.0,481.0,464.0,17.0,0.0,96.46569646569647,3.5343035343035343,0.0,0.8393674491700228,0.036406373299683166,0.1876325805852145,15.785155478751193,55.2452950728785,272.1308087156738,198.5032750316169,73.62753368405691,0.565760517080403,0.412688721479453,0.1530717956009499,216.86090001730912,0.45085426199024764,79.6899480219781,0.8125,52.0,0.011990407673860911,5.0,0.988009592326139,412.0,0.1875,12.0,0.9122807017543859,0.8125,0.859504132231405,0.8412095581899439,0.9208258393285371,0.7752872966700732,0.9646569646569647,0.16414737233082555,0.8358526276691745,0.035343035343035345,0.9637922622033844,0.9646569646569647,0.9637817329958719,0.8412095581899439,0.9208258393285371,0.9500890341413041,0.9196450506579141,0.9646569646569647,8.392,0.062,8.33,0.06,8330.0,60.0,697552.0,924503.0,104666.0,96.67359667359668,50.311850311850314,?
DatasetClassiRealeseNormalized,9,5,weka.classifiers.meta.FilteredClassifier,'-F \"weka.filters.MultiFilter -F \\\"weka.filters.supervised.attribute.AttributeSelection -E \\\\\\\"weka.attributeSelection.WrapperSubsetEval -B weka.classifiers.bayes.NaiveBayes -F 5 -T 0.01 -R 1 -E AUC --\\\\\\\" -S \\\\\\\"weka.attributeSelection.GreedyStepwise -B -T -1.7976931348623157E308 -N -1 -num-slots 1\\\\\\\"\\\" -S 1\" -S 1 -W weka.classifiers.lazy.IBk -- -K 1 -W 0 -A \"weka.core.neighboursearch.LinearNNSearch -A \\\"weka.core.EuclideanDistance -R first-last\\\"\"',-4523450618538717400,2.0260425084099997E7,4330.0,481.0,467.0,14.0,0.0,97.0893970893971,2.9106029106029108,0.0,0.8686253853057083,0.030379675701168184,0.17102034427052848,13.172086667065868,50.35409817006547,272.1308087156738,170.08034168502513,102.05046703064869,0.565760517080403,0.35359738396055124,0.21216313311985174,227.07942604301073,0.47209859884201816,83.44495322478043,0.84375,54.0,0.009592326139088728,4.0,0.9904076738609112,413.0,0.15625,10.0,0.9310344827586207,0.84375,0.8852459016393444,0.8700054705868508,0.929369004796163,0.8088882597895968,0.9708939708939709,0.13673629703305962,0.8632637029669404,0.029106029106029108,0.9703285880835404,0.9708939708939709,0.9702821989707237,0.870005470586851,0.929369004796163,0.9564433323775055,0.9342896174863389,0.9708939708939709,9.32,0.074,9.22,0.08,9220.0,80.0,697554.0,924503.0,104666.0,97.0893970893971,50.41580041580042,?
DatasetClassiRealeseNormalized,9,6,weka.classifiers.meta.FilteredClassifier,'-F \"weka.filters.MultiFilter -F \\\"weka.filters.supervised.attribute.AttributeSelection -E \\\\\\\"weka.attributeSelection.WrapperSubsetEval -B weka.classifiers.bayes.NaiveBayes -F 5 -T 0.01 -R 1 -E AUC --\\\\\\\" -S \\\\\\\"weka.attributeSelection.GreedyStepwise -B -T -1.7976931348623157E308 -N -1 -num-slots 1\\\\\\\"\\\" -S 1\" -S 1 -W weka.classifiers.lazy.IBk -- -K 1 -W 0 -A \"weka.core.neighboursearch.LinearNNSearch -A \\\"weka.core.EuclideanDistance -R first-last\\\"\"',-4523450618538717400,2.0260425084099997E7,4330.0,481.0,463.0,18.0,0.0,96.25779625779626,3.7422037422037424,0.0,0.8419726947506754,0.04061259258502925,0.19593557349921337,17.608897295887576,57.68997334832098,272.1308087156738,225.00313170328923,47.127677012384595,0.565760517080403,0.4677819785931169,0.09797853848728606,210.77219432476082,0.4381958301970079,77.45252928894891,0.890625,57.0,0.026378896882494004,11.0,0.973621103117506,406.0,0.109375,7.0,0.8382352941176471,0.890625,0.8636363636363636,0.8424923426363251,0.9314485911270983,0.7657815340249717,0.9625779625779626,0.09833185946045657,0.9016681405395435,0.037422037422037424,0.9637822499238252,0.9625779625779626,0.9630547895608137,0.842492342636325,0.9314485911270983,0.9500326673347568,0.920974808324206,0.9625779625779626,9.447,0.063,9.33,0.06,9330.0,60.0,662750.0,924503.0,104666.0,96.25779625779626,50.51975051975052,?
DatasetClassiRealeseNormalized,9,7,weka.classifiers.meta.FilteredClassifier,'-F \"weka.filters.MultiFilter -F \\\"weka.filters.supervised.attribute.AttributeSelection -E \\\\\\\"weka.attributeSelection.WrapperSubsetEval -B weka.classifiers.bayes.NaiveBayes -F 5 -T 0.01 -R 1 -E AUC --\\\\\\\" -S \\\\\\\"weka.attributeSelection.GreedyStepwise -B -T -1.7976931348623157E308 -N -1 -num-slots 1\\\\\\\"\\\" -S 1\" -S 1 -W weka.classifiers.lazy.IBk -- -K 1 -W 0 -A \"weka.core.neighboursearch.LinearNNSearch -A \\\"weka.core.EuclideanDistance -R first-last\\\"\"',-4523450618538717400,2.0260425084099997E7,4330.0,481.0,467.0,14.0,0.0,97.0893970893971,2.9106029106029108,0.0,0.8738384292565947,0.030738376974234333,0.16521438294610064,13.327613154671939,48.64462934781013,272.1308087156738,153.22616493557348,118.90464378010034,0.565760517080403,0.31855751545857275,0.24720300162183023,225.71270269973456,0.46925717816992635,82.94272293717484,0.890625,57.0,0.016786570743405275,7.0,0.9832134292565947,410.0,0.109375,7.0,0.890625,0.890625,0.890625,0.8738384292565947,0.9442820743405276,0.8231332342258938,0.9708939708939709,0.09705554163737617,0.9029444583626238,0.029106029106029108,0.9708939708939709,0.9708939708939709,0.9708939708939709,0.8738384292565947,0.9442820743405276,0.9639534467237545,0.9369192146282974,0.9708939708939709,9.514,0.062,9.42,0.06,9420.0,60.0,627952.0,924503.0,104666.0,97.5051975051975,50.935550935550935,?
DatasetClassiRealeseNormalized,9,8,weka.classifiers.meta.FilteredClassifier,'-F \"weka.filters.MultiFilter -F \\\"weka.filters.supervised.attribute.AttributeSelection -E \\\\\\\"weka.attributeSelection.WrapperSubsetEval -B weka.classifiers.bayes.NaiveBayes -F 5 -T 0.01 -R 1 -E AUC --\\\\\\\" -S \\\\\\\"weka.attributeSelection.GreedyStepwise -B -T -1.7976931348623157E308 -N -1 -num-slots 1\\\\\\\"\\\" -S 1\" -S 1 -W weka.classifiers.lazy.IBk -- -K 1 -W 0 -A \"weka.core.neighboursearch.LinearNNSearch -A \\\"weka.core.EuclideanDistance -R first-last\\\"\"',-4523450618538717400,2.0260425084099997E7,4330.0,481.0,462.0,19.0,0.0,96.04989604989605,3.95010395010395,0.0,0.8229253453721108,0.040891527510011585,0.19746213834680482,17.729838514697146,58.13944499759445,272.1308087156738,214.3840801207361,57.746728594937736,0.565760517080403,0.4457049482759586,0.12005556880444436,211.94909170811246,0.4406426023037681,77.88500416708051,0.8125,52.0,0.016786570743405275,7.0,0.9832134292565947,410.0,0.1875,12.0,0.8813559322033898,0.8125,0.8455284552845529,0.8238202650155232,0.9187649880095923,0.7661779738887943,0.9604989604989606,0.16478553124236575,0.8352144687576343,0.0395010395010395,0.9595612468935628,0.9604989604989606,0.9598137965823073,0.8238202650155231,0.9187649880095923,0.949637644375396,0.9114412240665911,0.9604989604989606,8.987,0.062,8.88,0.06,8880.0,60.0,662751.0,924503.0,104666.0,96.46569646569647,50.51975051975052,?
DatasetClassiRealeseNormalized,9,9,weka.classifiers.meta.FilteredClassifier,'-F \"weka.filters.MultiFilter -F \\\"weka.filters.supervised.attribute.AttributeSelection -E \\\\\\\"weka.attributeSelection.WrapperSubsetEval -B weka.classifiers.bayes.NaiveBayes -F 5 -T 0.01 -R 1 -E AUC --\\\\\\\" -S \\\\\\\"weka.attributeSelection.GreedyStepwise -B -T -1.7976931348623157E308 -N -1 -num-slots 1\\\\\\\"\\\" -S 1\" -S 1 -W weka.classifiers.lazy.IBk -- -K 1 -W 0 -A \"weka.core.neighboursearch.LinearNNSearch -A \\\"weka.core.EuclideanDistance -R first-last\\\"\"',-4523450618538717400,2.0260425084099997E7,4330.0,481.0,448.0,33.0,0.0,93.13929313929314,6.860706860706861,0.0,0.704572949431406,0.07184091608804061,0.2537878329554247,31.14894254505455,74.72360969400674,272.1308087156738,359.6369589143325,-87.5061501986587,0.565760517080403,0.7476859852688826,-0.18192546818847963,164.99729277398305,0.3430297147068255,60.63161078772768,0.75,48.0,0.0407673860911271,17.0,0.9592326139088729,400.0,0.25,16.0,0.7384615384615385,0.75,0.7441860465116279,0.7046011848813561,0.8747002398081535,0.6268711990007104,0.9313929313929314,0.22216031748405848,0.7778396825159415,0.06860706860706861,0.9318567087797857,0.9313929313929314,0.9316176695500519,0.7046011848813561,0.8747002398081535,0.9223341857645919,0.8522851000865463,0.9313929313929314,11.598,0.047,11.53,0.05,11530.0,50.0,347840.0,924503.0,104666.0,93.97089397089397,52.182952182952185,?
DatasetClassiRealeseNormalized,9,10,weka.classifiers.meta.FilteredClassifier,'-F \"weka.filters.MultiFilter -F \\\"weka.filters.supervised.attribute.AttributeSelection -E \\\\\\\"weka.attributeSelection.WrapperSubsetEval -B weka.classifiers.bayes.NaiveBayes -F 5 -T 0.01 -R 1 -E AUC --\\\\\\\" -S \\\\\\\"weka.attributeSelection.GreedyStepwise -B -T -1.7976931348623157E308 -N -1 -num-slots 1\\\\\\\"\\\" -S 1\" -S 1 -W weka.classifiers.lazy.IBk -- -K 1 -W 0 -A \"weka.core.neighboursearch.LinearNNSearch -A \\\"weka.core.EuclideanDistance -R first-last\\\"\"',-4523450618538717400,2.02604250842E7,4330.0,481.0,457.0,24.0,0.0,95.01039501039502,4.98960498960499,0.0,0.7892969263342338,0.05426115177093496,0.22399229918067629,23.52666963308257,65.95080994832333,272.1308087156738,287.8487187320233,-15.717910016349492,0.565760517080403,0.5984380846819611,-0.0326775676015582,189.89697944732612,0.3947962150672061,69.78150704198039,0.84375,54.0,0.03357314148681055,14.0,0.9664268585131894,403.0,0.15625,10.0,0.7941176470588235,0.84375,0.8181818181818182,0.7897840638405645,0.9035896282973621,0.7035585951833113,0.9501039501039501,0.13992709159076067,0.8600729084092393,0.0498960498960499,0.9516147133295688,0.9501039501039501,0.9507397194144181,0.7897840638405645,0.9035896282973621,0.9388791877283335,0.8946330777656079,0.9501039501039501,9.273,0.064,9.22,0.06,9220.0,60.0,662751.0,924503.0,104666.0,95.21829521829522,50.83160083160083,?
DatasetClassiRealeseNormalized,10,1,weka.classifiers.meta.FilteredClassifier,'-F \"weka.filters.MultiFilter -F \\\"weka.filters.supervised.attribute.AttributeSelection -E \\\\\\\"weka.attributeSelection.WrapperSubsetEval -B weka.classifiers.bayes.NaiveBayes -F 5 -T 0.01 -R 1 -E AUC --\\\\\\\" -S \\\\\\\"weka.attributeSelection.GreedyStepwise -B -T -1.7976931348623157E308 -N -1 -num-slots 1\\\\\\\"\\\" -S 1\" -S 1 -W weka.classifiers.lazy.IBk -- -K 1 -W 0 -A \"weka.core.neighboursearch.LinearNNSearch -A \\\"weka.core.EuclideanDistance -R first-last\\\"\"',-4523450618538717400,2.02604250842E7,4329.0,482.0,463.0,19.0,0.0,96.05809128630706,3.9419087136929463,0.0,0.8299602658843627,0.04205893759377521,0.2006467801189331,18.25025747937682,59.12906590894274,272.3366817903761,233.38232081253287,38.95436097784321,0.565013862635635,0.48419568633305576,0.08081817630257927,209.33113674884808,0.43429696420922836,76.86483340131726,0.859375,55.0,0.023923444976076555,10.0,0.9760765550239234,408.0,0.140625,9.0,0.8461538461538461,0.859375,0.8527131782945736,0.8299935048137475,0.9219310705741627,0.7468119838465032,0.9605809128630706,0.1251293578391471,0.874870642160853,0.03941908713692946,0.9608553182988241,0.9605809128630706,0.9607100957787214,0.8299935048137475,0.9219310705741627,0.9479973187108897,0.9149793436383048,0.9605809128630706,11.422,0.058,11.36,0.06,11360.0,60.0,452155.0,924290.0,104879.0,96.05809128630706,50.31120331950208,?
DatasetClassiRealeseNormalized,10,2,weka.classifiers.meta.FilteredClassifier,'-F \"weka.filters.MultiFilter -F \\\"weka.filters.supervised.attribute.AttributeSelection -E \\\\\\\"weka.attributeSelection.WrapperSubsetEval -B weka.classifiers.bayes.NaiveBayes -F 5 -T 0.01 -R 1 -E AUC --\\\\\\\" -S \\\\\\\"weka.attributeSelection.GreedyStepwise -B -T -1.7976931348623157E308 -N -1 -num-slots 1\\\\\\\"\\\" -S 1\" -S 1 -W weka.classifiers.lazy.IBk -- -K 1 -W 0 -A \"weka.core.neighboursearch.LinearNNSearch -A \\\"weka.core.EuclideanDistance -R first-last\\\"\"',-4523450618538717400,2.02604250842E7,4330.0,481.0,460.0,21.0,0.0,95.63409563409563,4.365904365904366,0.0,0.8042555665368295,0.04414967727817602,0.20784247506646125,19.25570628781881,61.60437894555254,269.42867131105754,251.1578626052642,18.270808705793343,0.5601427677984564,0.5221577185140628,0.03798504928439364,203.67731081173355,0.42344555262314665,75.5960046199339,0.8095238095238095,51.0,0.0215311004784689,9.0,0.9784688995215312,409.0,0.19047619047619047,12.0,0.85,0.8095238095238095,0.8292682926829269,0.8045701976246538,0.9006417559049138,0.7214715727779445,0.9563409563409564,0.1683482472956157,0.8316517527043843,0.04365904365904366,0.9555831823052726,0.9563409563409564,0.955886584480439,0.8045701976246538,0.9006417559049138,0.9409956259188318,0.9021192476525481,0.9563409563409564,11.569,0.061,11.49,0.06,11490.0,60.0,487056.0,924503.0,104666.0,95.84199584199584,50.20790020790021,?
DatasetClassiRealeseNormalized,10,3,weka.classifiers.meta.FilteredClassifier,'-F \"weka.filters.MultiFilter -F \\\"weka.filters.supervised.attribute.AttributeSelection -E \\\\\\\"weka.attributeSelection.WrapperSubsetEval -B weka.classifiers.bayes.NaiveBayes -F 5 -T 0.01 -R 1 -E AUC --\\\\\\\" -S \\\\\\\"weka.attributeSelection.GreedyStepwise -B -T -1.7976931348623157E308 -N -1 -num-slots 1\\\\\\\"\\\" -S 1\" -S 1 -W weka.classifiers.lazy.IBk -- -K 1 -W 0 -A \"weka.core.neighboursearch.LinearNNSearch -A \\\"weka.core.EuclideanDistance -R first-last\\\"\"',-4523450618538717400,2.02604250842E7,4330.0,481.0,467.0,14.0,0.0,97.0893970893971,2.9106029106029108,0.0,0.8704102840427989,0.030973043943803902,0.16782295711186682,13.429360575924008,49.4126806588232,272.1308087156738,160.33814216275587,111.79266655291795,0.565760517080403,0.33334333089970036,0.2324171861807026,224.04066937399514,0.4657810174095533,82.32830028740922,0.859375,55.0,0.011990407673860911,5.0,0.988009592326139,412.0,0.140625,9.0,0.9166666666666666,0.859375,0.8870967741935484,0.8710075198197583,0.9345773381294964,0.8238583571574433,0.9708939708939709,0.12350937856783181,0.8764906214321682,0.029106029106029108,0.9703787471008374,0.9708939708939709,0.9704939842748758,0.8710075198197583,0.9345773381294965,0.9597564250394652,0.9351951651397337,0.9708939708939709,9.242,0.065,9.19,0.07,9190.0,70.0,662752.0,924503.0,104666.0,97.29729729729729,50.62370062370062,?
DatasetClassiRealeseNormalized,10,4,weka.classifiers.meta.FilteredClassifier,'-F \"weka.filters.MultiFilter -F \\\"weka.filters.supervised.attribute.AttributeSelection -E \\\\\\\"weka.attributeSelection.WrapperSubsetEval -B weka.classifiers.bayes.NaiveBayes -F 5 -T 0.01 -R 1 -E AUC --\\\\\\\" -S \\\\\\\"weka.attributeSelection.GreedyStepwise -B -T -1.7976931348623157E308 -N -1 -num-slots 1\\\\\\\"\\\" -S 1\" -S 1 -W weka.classifiers.lazy.IBk -- -K 1 -W 0 -A \"weka.core.neighboursearch.LinearNNSearch -A \\\"weka.core.EuclideanDistance -R first-last\\\"\"',-4523450618538717400,2.02604250842E7,4330.0,481.0,463.0,18.0,0.0,96.25779625779626,3.7422037422037424,0.0,0.83338465091217,0.040748094637009166,0.19642964541021185,17.667648573873606,57.83544461149501,272.1308087156738,223.3797949601146,48.75101375555923,0.565760517080403,0.46440705812913635,0.10135345895126659,212.5248093541508,0.4418395204868,78.09656332451492,0.828125,53.0,0.016786570743405275,7.0,0.9832134292565947,410.0,0.171875,11.0,0.8833333333333333,0.828125,0.8548387096774193,0.8339564813909894,0.9076551258992805,0.7474459872671333,0.9625779625779626,0.15123953332136783,0.8487604666786321,0.037422037422037424,0.961825044485377,0.9625779625779626,0.9620636940676974,0.8339564813909894,0.9076551258992805,0.94556257717248,0.9166794980368003,0.9625779625779626,9.084,0.061,9.04,0.06,9040.0,60.0,662750.0,924503.0,104666.0,96.25779625779626,50.41580041580042,?
DatasetClassiRealeseNormalized,10,5,weka.classifiers.meta.FilteredClassifier,'-F \"weka.filters.MultiFilter -F \\\"weka.filters.supervised.attribute.AttributeSelection -E \\\\\\\"weka.attributeSelection.WrapperSubsetEval -B weka.classifiers.bayes.NaiveBayes -F 5 -T 0.01 -R 1 -E AUC --\\\\\\\" -S \\\\\\\"weka.attributeSelection.GreedyStepwise -B -T -1.7976931348623157E308 -N -1 -num-slots 1\\\\\\\"\\\" -S 1\" -S 1 -W weka.classifiers.lazy.IBk -- -K 1 -W 0 -A \"weka.core.neighboursearch.LinearNNSearch -A \\\"weka.core.EuclideanDistance -R first-last\\\"\"',-4523450618538717400,2.02604250842E7,4330.0,481.0,465.0,16.0,0.0,96.67359667359668,3.3264033264033266,0.0,0.8576975703561259,0.036467950000104755,0.18489649768502595,15.81185404007237,54.439700934092315,272.1308087156738,196.9749611717992,75.15584754387461,0.565760517080403,0.40951135378752435,0.1562491632928786,217.47600647683623,0.45213306959841215,79.91598139998116,0.890625,57.0,0.02158273381294964,9.0,0.9784172661870504,408.0,0.109375,7.0,0.8636363636363636,0.890625,0.8769230769230768,0.8578332928763902,0.9404976019184652,0.7786997843684752,0.9667359667359667,0.09769370054891638,0.9023062994510836,0.033264033264033266,0.9672328322930732,0.9667359667359667,0.9669518631057094,0.8578332928763902,0.9404976019184652,0.9556759420243717,0.9288461538461539,0.9667359667359667,11.112,0.055,11.04,0.05,11040.0,50.0,487056.0,924503.0,104666.0,96.67359667359668,50.41580041580042,?
DatasetClassiRealeseNormalized,10,6,weka.classifiers.meta.FilteredClassifier,'-F \"weka.filters.MultiFilter -F \\\"weka.filters.supervised.attribute.AttributeSelection -E \\\\\\\"weka.attributeSelection.WrapperSubsetEval -B weka.classifiers.bayes.NaiveBayes -F 5 -T 0.01 -R 1 -E AUC --\\\\\\\" -S \\\\\\\"weka.attributeSelection.GreedyStepwise -B -T -1.7976931348623157E308 -N -1 -num-slots 1\\\\\\\"\\\" -S 1\" -S 1 -W weka.classifiers.lazy.IBk -- -K 1 -W 0 -A \"weka.core.neighboursearch.LinearNNSearch -A \\\"weka.core.EuclideanDistance -R first-last\\\"\"',-4523450618538717400,2.0260425084299996E7,4330.0,481.0,463.0,18.0,0.0,96.25779625779626,3.7422037422037424,0.0,0.83338465091217,0.04000366176773666,0.1936475897016388,17.344875731650905,57.01631454330569,272.1308087156738,212.59448839727258,59.53632031840124,0.565760517080403,0.44198438336231305,0.12377613371808989,211.77326210524416,0.4402770521938548,77.82039200365142,0.828125,53.0,0.016786570743405275,7.0,0.9832134292565947,410.0,0.171875,11.0,0.8833333333333333,0.828125,0.8548387096774193,0.8339564813909894,0.9169289568345323,0.7588924233250508,0.9625779625779626,0.15123953332136783,0.8487604666786321,0.037422037422037424,0.961825044485377,0.9625779625779626,0.9620636940676974,0.8339564813909894,0.9169289568345323,0.9483120201299423,0.9166794980368003,0.9625779625779626,9.198,0.064,9.14,0.06,9140.0,60.0,662752.0,924503.0,104666.0,96.46569646569647,50.83160083160083,?
DatasetClassiRealeseNormalized,10,7,weka.classifiers.meta.FilteredClassifier,'-F \"weka.filters.MultiFilter -F \\\"weka.filters.supervised.attribute.AttributeSelection -E \\\\\\\"weka.attributeSelection.WrapperSubsetEval -B weka.classifiers.bayes.NaiveBayes -F 5 -T 0.01 -R 1 -E AUC --\\\\\\\" -S \\\\\\\"weka.attributeSelection.GreedyStepwise -B -T -1.7976931348623157E308 -N -1 -num-slots 1\\\\\\\"\\\" -S 1\" -S 1 -W weka.classifiers.lazy.IBk -- -K 1 -W 0 -A \"weka.core.neighboursearch.LinearNNSearch -A \\\"weka.core.EuclideanDistance -R first-last\\\"\"',-4523450618538717400,2.0260425084299996E7,4330.0,481.0,462.0,19.0,0.0,96.04989604989605,3.95010395010395,0.0,0.8342612575034913,0.03987114408506393,0.19782047176619671,17.28741842307875,58.244950317763454,272.1308087156738,228.98536846119134,43.14544025448248,0.565760517080403,0.4760610570918739,0.08969945998852906,212.15940730991525,0.4410798488771627,77.96228891216153,0.890625,57.0,0.02877697841726619,12.0,0.9712230215827338,405.0,0.109375,7.0,0.8260869565217391,0.890625,0.8571428571428571,0.8350559024539473,0.9347272182254197,0.7492631908893101,0.9604989604989606,0.09865093891622669,0.9013490610837733,0.0395010395010395,0.9621301741394609,0.9604989604989606,0.9611223386856679,0.8350559024539475,0.9347272182254197,0.9490610440393928,0.9171118387041185,0.9604989604989606,9.65,0.062,9.59,0.07,9590.0,70.0,627951.0,924503.0,104666.0,96.25779625779626,50.20790020790021,?
DatasetClassiRealeseNormalized,10,8,weka.classifiers.meta.FilteredClassifier,'-F \"weka.filters.MultiFilter -F \\\"weka.filters.supervised.attribute.AttributeSelection -E \\\\\\\"weka.attributeSelection.WrapperSubsetEval -B weka.classifiers.bayes.NaiveBayes -F 5 -T 0.01 -R 1 -E AUC --\\\\\\\" -S \\\\\\\"weka.attributeSelection.GreedyStepwise -B -T -1.7976931348623157E308 -N -1 -num-slots 1\\\\\\\"\\\" -S 1\" -S 1 -W weka.classifiers.lazy.IBk -- -K 1 -W 0 -A \"weka.core.neighboursearch.LinearNNSearch -A \\\"weka.core.EuclideanDistance -R first-last\\\"\"',-4523450618538717400,2.0260425084299996E7,4330.0,481.0,463.0,18.0,0.0,96.25779625779626,3.7422037422037424,0.0,0.8377922661870504,0.04009496151864569,0.1918110099012263,17.384461678633507,56.475564143336655,272.1308087156738,210.40466146100846,61.726147254665364,0.565760517080403,0.4374317286091652,0.12832878847123777,212.24504168770457,0.4412578829266207,77.99375700583069,0.859375,55.0,0.02158273381294964,9.0,0.9784172661870504,408.0,0.140625,9.0,0.859375,0.859375,0.859375,0.8377922661870504,0.9267835731414868,0.7643049149149383,0.9625779625779626,0.12478569639091222,0.8752143036090878,0.037422037422037424,0.9625779625779626,0.9625779625779626,0.9625779625779626,0.8377922661870504,0.9267835731414867,0.9503579596873143,0.9188961330935252,0.9625779625779626,9.119,0.063,9.07,0.06,9070.0,60.0,662751.0,924503.0,104666.0,96.46569646569647,50.83160083160083,?
DatasetClassiRealeseNormalized,10,9,weka.classifiers.meta.FilteredClassifier,'-F \"weka.filters.MultiFilter -F \\\"weka.filters.supervised.attribute.AttributeSelection -E \\\\\\\"weka.attributeSelection.WrapperSubsetEval -B weka.classifiers.bayes.NaiveBayes -F 5 -T 0.01 -R 1 -E AUC --\\\\\\\" -S \\\\\\\"weka.attributeSelection.GreedyStepwise -B -T -1.7976931348623157E308 -N -1 -num-slots 1\\\\\\\"\\\" -S 1\" -S 1 -W weka.classifiers.lazy.IBk -- -K 1 -W 0 -A \"weka.core.neighboursearch.LinearNNSearch -A \\\"weka.core.EuclideanDistance -R first-last\\\"\"',-4523450618538717400,2.0260425084299996E7,4330.0,481.0,461.0,20.0,0.0,95.84199584199584,4.158004158004158,0.0,0.8148718343468555,0.04383969049404729,0.20120607911697078,19.008109511278608,59.24178613652722,272.1308087156738,226.2568796430048,45.87392907266903,0.565760517080403,0.4703885231663301,0.09537199391407282,206.20562259383993,0.4287019180745113,75.77444963583176,0.8125,52.0,0.019184652278177457,8.0,0.9808153477218226,409.0,0.1875,12.0,0.8666666666666667,0.8125,0.8387096774193549,0.815430962176605,0.9183715527577938,0.7392726474562652,0.9584199584199584,0.1651046106981359,0.8348953893018641,0.04158004158004158,0.9575481931776468,0.9584199584199584,0.9578485489641084,0.815430962176605,0.9183715527577938,0.9450733051823049,0.9074216644853338,0.9584199584199584,11.015,0.056,10.95,0.05,10950.0,50.0,487056.0,924503.0,104666.0,96.25779625779626,50.935550935550935,?
DatasetClassiRealeseNormalized,10,10,weka.classifiers.meta.FilteredClassifier,'-F \"weka.filters.MultiFilter -F \\\"weka.filters.supervised.attribute.AttributeSelection -E \\\\\\\"weka.attributeSelection.WrapperSubsetEval -B weka.classifiers.bayes.NaiveBayes -F 5 -T 0.01 -R 1 -E AUC --\\\\\\\" -S \\\\\\\"weka.attributeSelection.GreedyStepwise -B -T -1.7976931348623157E308 -N -1 -num-slots 1\\\\\\\"\\\" -S 1\" -S 1 -W weka.classifiers.lazy.IBk -- -K 1 -W 0 -A \"weka.core.neighboursearch.LinearNNSearch -A \\\"weka.core.EuclideanDistance -R first-last\\\"\"',-4523450618538717400,2.0260425084299996E7,4330.0,481.0,462.0,19.0,0.0,96.04989604989605,3.95010395010395,0.0,0.8229253453721108,0.04161149624837097,0.20033825205091996,18.042004145184215,58.986268879414006,272.1308087156738,236.33540126167756,35.79540745399626,0.565760517080403,0.4913417905648182,0.07441872651558475,210.53312526670894,0.437698805128293,77.36467850160875,0.8125,52.0,0.016786570743405275,7.0,0.9832134292565947,410.0,0.1875,12.0,0.8813559322033898,0.8125,0.8455284552845529,0.8238202650155232,0.890306504796163,0.7441653910836528,0.9604989604989606,0.16478553124236575,0.8352144687576343,0.0395010395010395,0.9595612468935628,0.9604989604989606,0.9598137965823073,0.8238202650155231,0.890306504796163,0.9417115726147273,0.9114412240665911,0.9604989604989606,9.151,0.066,9.1,0.06,9100.0,60.0,662752.0,924503.0,104666.0,96.04989604989605,50.311850311850314,?
DatasetClassiRealeseNormalized,1,1,weka.classifiers.meta.FilteredClassifier,'-F \"weka.filters.MultiFilter -F \\\"weka.filters.supervised.attribute.AttributeSelection -E \\\\\\\"weka.attributeSelection.WrapperSubsetEval -B weka.classifiers.bayes.NaiveBayes -F 5 -T 0.01 -R 1 -E AUC --\\\\\\\" -S \\\\\\\"weka.attributeSelection.GreedyStepwise -B -T -1.7976931348623157E308 -N -1 -num-slots 1\\\\\\\"\\\" -F \\\"weka.filters.supervised.instance.Resample -B 1.0 -S 1 -Z 200.0\\\" -S 1\" -S 1 -W weka.classifiers.lazy.IBk -- -K 1 -W 0 -A \"weka.core.neighboursearch.LinearNNSearch -A \\\"weka.core.EuclideanDistance -R first-last\\\"\"',-4523450618538717400,2.0260425084299996E7,4329.0,482.0,468.0,14.0,0.0,97.0954356846473,2.904564315352697,0.0,0.8786941827856475,0.02986849701683338,0.1534787797493123,12.960568960255538,45.22901826803284,272.3366817903761,147.88174871245752,124.45493307791855,0.565013862635635,0.3068086072872563,0.25820525534837874,222.7483441288543,0.4621334940432662,81.79153196127612,0.9375,60.0,0.023923444976076555,10.0,0.9760765550239234,408.0,0.0625,4.0,0.8571428571428571,0.9375,0.8955223880597014,0.8798840510547057,0.9552930622009569,0.8429209699222642,0.970954356846473,0.05737780182254958,0.9426221981774504,0.029045643153526972,0.9726118058712829,0.970954356846473,0.9714996481871003,0.8798840510547057,0.9552930622009569,0.9697946535541637,0.9393274590900917,0.970954356846473,8.528,0.151,8.48,0.15,8480.0,150.0,644246.0,924290.0,104879.0,98.13278008298755,51.34854771784232,?
DatasetClassiRealeseNormalized,1,2,weka.classifiers.meta.FilteredClassifier,'-F \"weka.filters.MultiFilter -F \\\"weka.filters.supervised.attribute.AttributeSelection -E \\\\\\\"weka.attributeSelection.WrapperSubsetEval -B weka.classifiers.bayes.NaiveBayes -F 5 -T 0.01 -R 1 -E AUC --\\\\\\\" -S \\\\\\\"weka.attributeSelection.GreedyStepwise -B -T -1.7976931348623157E308 -N -1 -num-slots 1\\\\\\\"\\\" -F \\\"weka.filters.supervised.instance.Resample -B 1.0 -S 1 -Z 200.0\\\" -S 1\" -S 1 -W weka.classifiers.lazy.IBk -- -K 1 -W 0 -A \"weka.core.neighboursearch.LinearNNSearch -A \\\"weka.core.EuclideanDistance -R first-last\\\"\"',-4523450618538717400,2.02604250844E7,4330.0,481.0,444.0,37.0,0.0,92.3076923076923,7.6923076923076925,0.0,0.6893144562959344,0.07650525135936355,0.27267905615644483,33.36746133770418,80.8219008198671,269.42867131105754,498.03027965561256,-228.60160834455502,0.5601427677984564,1.0354059868100054,-0.4752632190115489,154.54366051761096,0.3212965915127047,57.3597678990849,0.8095238095238095,51.0,0.05980861244019139,25.0,0.9401913875598086,393.0,0.19047619047619047,12.0,0.6710526315789473,0.8095238095238095,0.7338129496402879,0.6934584142689443,0.8793954583428267,0.6031547102361191,0.9230769230769231,0.17336172599330493,0.8266382740066951,0.07692307692307693,0.9311665916929075,0.9230769230769231,0.9260665119647435,0.6934584142689443,0.8793954583428267,0.923747299372469,0.8444277384896457,0.9230769230769231,11.5,0.124,11.43,0.12,11430.0,120.0,467932.0,924503.0,104666.0,93.34719334719335,50.62370062370062,?
DatasetClassiRealeseNormalized,1,3,weka.classifiers.meta.FilteredClassifier,'-F \"weka.filters.MultiFilter -F \\\"weka.filters.supervised.attribute.AttributeSelection -E \\\\\\\"weka.attributeSelection.WrapperSubsetEval -B weka.classifiers.bayes.NaiveBayes -F 5 -T 0.01 -R 1 -E AUC --\\\\\\\" -S \\\\\\\"weka.attributeSelection.GreedyStepwise -B -T -1.7976931348623157E308 -N -1 -num-slots 1\\\\\\\"\\\" -F \\\"weka.filters.supervised.instance.Resample -B 1.0 -S 1 -Z 200.0\\\" -S 1\" -S 1 -W weka.classifiers.lazy.IBk -- -K 1 -W 0 -A \"weka.core.neighboursearch.LinearNNSearch -A \\\"weka.core.EuclideanDistance -R first-last\\\"\"',-4523450618538717400,2.02604250844E7,4330.0,481.0,456.0,25.0,0.0,94.8024948024948,5.197505197505198,0.0,0.7899893466529281,0.04992897525574202,0.2172627281699538,21.648315002952184,63.96939960347967,272.1308087156738,312.1238386869938,-39.99302997131997,0.565760517080403,0.6489061095363696,-0.08314559245596667,195.444203417136,0.406328905233131,71.81994730384935,0.890625,57.0,0.04316546762589928,18.0,0.9568345323741008,399.0,0.109375,7.0,0.76,0.890625,0.8201438848920863,0.7933838121341318,0.9438324340527577,0.7558780715600983,0.9480249480249481,0.1005654156508473,0.8994345843491527,0.05197505197505198,0.9531192200157718,0.9480249480249481,0.9497341724410616,0.7933838121341318,0.9438324340527577,0.9562572555493218,0.8948836070875985,0.9480249480249481,11.103,0.126,11.04,0.13,11040.0,130.0,491943.0,924503.0,104666.0,95.84199584199584,50.727650727650726,?
DatasetClassiRealeseNormalized,1,4,weka.classifiers.meta.FilteredClassifier,'-F \"weka.filters.MultiFilter -F \\\"weka.filters.supervised.attribute.AttributeSelection -E \\\\\\\"weka.attributeSelection.WrapperSubsetEval -B weka.classifiers.bayes.NaiveBayes -F 5 -T 0.01 -R 1 -E AUC --\\\\\\\" -S \\\\\\\"weka.attributeSelection.GreedyStepwise -B -T -1.7976931348623157E308 -N -1 -num-slots 1\\\\\\\"\\\" -F \\\"weka.filters.supervised.instance.Resample -B 1.0 -S 1 -Z 200.0\\\" -S 1\" -S 1 -W weka.classifiers.lazy.IBk -- -K 1 -W 0 -A \"weka.core.neighboursearch.LinearNNSearch -A \\\"weka.core.EuclideanDistance -R first-last\\\"\"',-4523450618538717400,2.02604250844E7,4330.0,481.0,447.0,34.0,0.0,92.93139293139293,7.0686070686070686,0.0,0.7126137841352405,0.07117574708301527,0.2640551844841321,30.860537103580306,77.7466607177217,272.1308087156738,513.1356168744862,-241.0048081588124,0.565760517080403,1.0668100142920711,-0.5010494972116682,165.35381979014147,0.34377093511463924,60.76262389052227,0.8125,52.0,0.05275779376498801,22.0,0.947242206235012,395.0,0.1875,12.0,0.7027027027027027,0.8125,0.7536231884057971,0.7151731539073334,0.8639838129496403,0.6123878512185592,0.9293139293139293,0.1695717230789173,0.8304282769210827,0.07068607068607069,0.9348817727196106,0.9293139293139293,0.9314460984997076,0.7151731539073334,0.8639838129496403,0.917972659778718,0.8561805262417335,0.9293139293139293,11.29,0.124,11.22,0.12,11220.0,120.0,466769.0,924503.0,104666.0,93.13929313929314,50.311850311850314,?
DatasetClassiRealeseNormalized,1,5,weka.classifiers.meta.FilteredClassifier,'-F \"weka.filters.MultiFilter -F \\\"weka.filters.supervised.attribute.AttributeSelection -E \\\\\\\"weka.attributeSelection.WrapperSubsetEval -B weka.classifiers.bayes.NaiveBayes -F 5 -T 0.01 -R 1 -E AUC --\\\\\\\" -S \\\\\\\"weka.attributeSelection.GreedyStepwise -B -T -1.7976931348623157E308 -N -1 -num-slots 1\\\\\\\"\\\" -F \\\"weka.filters.supervised.instance.Resample -B 1.0 -S 1 -Z 200.0\\\" -S 1\" -S 1 -W weka.classifiers.lazy.IBk -- -K 1 -W 0 -A \"weka.core.neighboursearch.LinearNNSearch -A \\\"weka.core.EuclideanDistance -R first-last\\\"\"',-4523450618538717400,2.02604250844E7,4330.0,481.0,465.0,16.0,0.0,96.67359667359668,3.3264033264033266,0.0,0.8613183407215195,0.03449488883813094,0.18065003201985907,14.95636983804906,53.18939969132681,272.1308087156738,237.6543907847979,34.476417930875925,0.565760517080403,0.49408397252556735,0.0716765445548356,218.72138461236648,0.45472221333132323,80.37362092319717,0.921875,59.0,0.026378896882494004,11.0,0.973621103117506,406.0,0.078125,5.0,0.8428571428571429,0.921875,0.880597014925373,0.8624854629132681,0.9366943944844125,0.7353385731948077,0.9667359667359667,0.07123986361846073,0.9287601363815393,0.033264033264033266,0.9685444167195992,0.9667359667359667,0.967360162038942,0.8624854629132681,0.9366943944844125,0.9518740998415046,0.9306366717138943,0.9667359667359667,9.063,0.15,9.01,0.15,9010.0,150.0,618949.0,924503.0,104666.0,96.88149688149689,50.41580041580042,?
DatasetClassiRealeseNormalized,1,6,weka.classifiers.meta.FilteredClassifier,'-F \"weka.filters.MultiFilter -F \\\"weka.filters.supervised.attribute.AttributeSelection -E \\\\\\\"weka.attributeSelection.WrapperSubsetEval -B weka.classifiers.bayes.NaiveBayes -F 5 -T 0.01 -R 1 -E AUC --\\\\\\\" -S \\\\\\\"weka.attributeSelection.GreedyStepwise -B -T -1.7976931348623157E308 -N -1 -num-slots 1\\\\\\\"\\\" -F \\\"weka.filters.supervised.instance.Resample -B 1.0 -S 1 -Z 200.0\\\" -S 1\" -S 1 -W weka.classifiers.lazy.IBk -- -K 1 -W 0 -A \"weka.core.neighboursearch.LinearNNSearch -A \\\"weka.core.EuclideanDistance -R first-last\\\"\"',-4523450618538717400,2.02604250844E7,4330.0,481.0,451.0,30.0,0.0,93.76299376299376,6.237006237006237,0.0,0.739971888852849,0.0609671022372199,0.24329725533394722,26.434250398454576,71.63483345708742,272.1308087156738,374.62453927442766,-102.49373055875384,0.565760517080403,0.7788451959967311,-0.21308467891632815,179.6909196805812,0.3735777955937239,66.0310828195586,0.8125,52.0,0.04316546762589928,18.0,0.9568345323741008,399.0,0.1875,12.0,0.7428571428571429,0.8125,0.7761194029850748,0.7409745815530031,0.890625,0.6946326255036329,0.9376299376299376,0.16829540525583692,0.8317045947441631,0.062370062370062374,0.9404733360937741,0.9376299376299376,0.9388003038230165,0.740974581553003,0.890625,0.932334933950761,0.869943759463552,0.9376299376299376,9.046,0.146,9.0,0.14,9000.0,140.0,618316.0,924503.0,104666.0,95.01039501039502,50.727650727650726,?
DatasetClassiRealeseNormalized,1,7,weka.classifiers.meta.FilteredClassifier,'-F \"weka.filters.MultiFilter -F \\\"weka.filters.supervised.attribute.AttributeSelection -E \\\\\\\"weka.attributeSelection.WrapperSubsetEval -B weka.classifiers.bayes.NaiveBayes -F 5 -T 0.01 -R 1 -E AUC --\\\\\\\" -S \\\\\\\"weka.attributeSelection.GreedyStepwise -B -T -1.7976931348623157E308 -N -1 -num-slots 1\\\\\\\"\\\" -F \\\"weka.filters.supervised.instance.Resample -B 1.0 -S 1 -Z 200.0\\\" -S 1\" -S 1 -W weka.classifiers.lazy.IBk -- -K 1 -W 0 -A \"weka.core.neighboursearch.LinearNNSearch -A \\\"weka.core.EuclideanDistance -R first-last\\\"\"',-4523450618538717400,2.02604250844E7,4330.0,481.0,457.0,24.0,0.0,95.01039501039502,4.98960498960499,0.0,0.7892969263342338,0.0503708162383471,0.21646159968042844,21.839889388840437,63.73352063375556,272.1308087156738,313.6826484165696,-41.551839700895755,0.565760517080403,0.6521468782049263,-0.0863863611245234,195.3560064390288,0.4061455435322844,71.78753753057762,0.84375,54.0,0.03357314148681055,14.0,0.9664268585131894,403.0,0.15625,10.0,0.7941176470588235,0.84375,0.8181818181818182,0.7897840638405645,0.9039830635491607,0.745657522193697,0.9501039501039501,0.13992709159076067,0.8600729084092393,0.0498960498960499,0.9516147133295688,0.9501039501039501,0.9507397194144181,0.7897840638405645,0.9039830635491607,0.9452738151389668,0.8946330777656079,0.9501039501039501,9.101,0.149,9.05,0.14,9050.0,140.0,619042.0,924503.0,104666.0,95.84199584199584,50.83160083160083,?
DatasetClassiRealeseNormalized,1,8,weka.classifiers.meta.FilteredClassifier,'-F \"weka.filters.MultiFilter -F \\\"weka.filters.supervised.attribute.AttributeSelection -E \\\\\\\"weka.attributeSelection.WrapperSubsetEval -B weka.classifiers.bayes.NaiveBayes -F 5 -T 0.01 -R 1 -E AUC --\\\\\\\" -S \\\\\\\"weka.attributeSelection.GreedyStepwise -B -T -1.7976931348623157E308 -N -1 -num-slots 1\\\\\\\"\\\" -F \\\"weka.filters.supervised.instance.Resample -B 1.0 -S 1 -Z 200.0\\\" -S 1\" -S 1 -W weka.classifiers.lazy.IBk -- -K 1 -W 0 -A \"weka.core.neighboursearch.LinearNNSearch -A \\\"weka.core.EuclideanDistance -R first-last\\\"\"',-4523450618538717400,2.02604250845E7,4330.0,481.0,461.0,20.0,0.0,95.84199584199584,4.158004158004158,0.0,0.8266479259018993,0.040825650315965314,0.19636189792508882,17.701275335883253,57.815497490401256,272.1308087156738,261.84478438510706,10.286024330566761,0.565760517080403,0.5443758511124887,0.021384665967914263,210.6138716924311,0.43786667711524135,77.39435041788433,0.890625,57.0,0.03117505995203837,13.0,0.9688249400479616,404.0,0.109375,7.0,0.8142857142857143,0.890625,0.8507462686567163,0.8277680682389067,0.951701139088729,0.7396633230227775,0.9584199584199584,0.09897001837199679,0.9010299816280032,0.04158004158004158,0.9605241079693635,0.9584199584199584,0.9592002025486777,0.8277680682389067,0.951701139088729,0.9557326851330679,0.9132958396423678,0.9584199584199584,11.572,0.118,11.5,0.12,11500.0,120.0,441797.0,924503.0,104666.0,96.46569646569647,50.935550935550935,?
DatasetClassiRealeseNormalized,1,9,weka.classifiers.meta.FilteredClassifier,'-F \"weka.filters.MultiFilter -F \\\"weka.filters.supervised.attribute.AttributeSelection -E \\\\\\\"weka.attributeSelection.WrapperSubsetEval -B weka.classifiers.bayes.NaiveBayes -F 5 -T 0.01 -R 1 -E AUC --\\\\\\\" -S \\\\\\\"weka.attributeSelection.GreedyStepwise -B -T -1.7976931348623157E308 -N -1 -num-slots 1\\\\\\\"\\\" -F \\\"weka.filters.supervised.instance.Resample -B 1.0 -S 1 -Z 200.0\\\" -S 1\" -S 1 -W weka.classifiers.lazy.IBk -- -K 1 -W 0 -A \"weka.core.neighboursearch.LinearNNSearch -A \\\"weka.core.EuclideanDistance -R first-last\\\"\"',-4523450618538717400,2.02604250845E7,4330.0,481.0,453.0,28.0,0.0,94.17879417879418,5.8212058212058215,0.0,0.7662292577935151,0.05877371566521701,0.23750925214220223,25.483237020135675,69.93065210855295,272.1308087156738,404.8733378744864,-132.7425291588126,0.565760517080403,0.8417325111735684,-0.2759719940931655,184.49062130409152,0.3835563852475915,67.79483079288165,0.875,56.0,0.047961630695443645,20.0,0.9520383693045563,397.0,0.125,8.0,0.7368421052631579,0.875,0.7999999999999999,0.770103975311421,0.9282823741007195,0.6252586260930083,0.9417879417879418,0.11474957248338544,0.8852504275166146,0.058212058212058215,0.9478604110183058,0.9417879417879418,0.9438578387483496,0.770103975311421,0.9282823741007195,0.9365205271147617,0.8829683698296836,0.9417879417879418,11.511,0.121,11.45,0.12,11450.0,120.0,442868.0,924503.0,104666.0,94.5945945945946,50.727650727650726,?
DatasetClassiRealeseNormalized,1,10,weka.classifiers.meta.FilteredClassifier,'-F \"weka.filters.MultiFilter -F \\\"weka.filters.supervised.attribute.AttributeSelection -E \\\\\\\"weka.attributeSelection.WrapperSubsetEval -B weka.classifiers.bayes.NaiveBayes -F 5 -T 0.01 -R 1 -E AUC --\\\\\\\" -S \\\\\\\"weka.attributeSelection.GreedyStepwise -B -T -1.7976931348623157E308 -N -1 -num-slots 1\\\\\\\"\\\" -F \\\"weka.filters.supervised.instance.Resample -B 1.0 -S 1 -Z 200.0\\\" -S 1\" -S 1 -W weka.classifiers.lazy.IBk -- -K 1 -W 0 -A \"weka.core.neighboursearch.LinearNNSearch -A \\\"weka.core.EuclideanDistance -R first-last\\\"\"',-4523450618538717400,2.02604250845E7,4330.0,481.0,462.0,19.0,0.0,96.04989604989605,3.95010395010395,0.0,0.8321116928446773,0.0429121516194789,0.19821950295076682,18.60594516419778,58.362438418529855,272.1308087156738,261.09376679961235,11.037041916061469,0.565760517080403,0.5428144839908781,0.02294603308952488,207.15583012386102,0.4306774015049086,76.12362271715453,0.875,56.0,0.026378896882494004,11.0,0.973621103117506,406.0,0.125,8.0,0.835820895522388,0.875,0.8549618320610687,0.8324042136752493,0.9293127997601919,0.7941511134713157,0.9604989604989606,0.11187785738145449,0.8881221426185455,0.0395010395010395,0.9614024247379211,0.9604989604989606,0.9608799609626352,0.8324042136752493,0.9293127997601919,0.9557835110888072,0.9160489064035788,0.9604989604989606,9.084,0.154,9.03,0.16,9030.0,160.0,621550.0,924503.0,104666.0,96.46569646569647,50.935550935550935,?
DatasetClassiRealeseNormalized,2,1,weka.classifiers.meta.FilteredClassifier,'-F \"weka.filters.MultiFilter -F \\\"weka.filters.supervised.attribute.AttributeSelection -E \\\\\\\"weka.attributeSelection.WrapperSubsetEval -B weka.classifiers.bayes.NaiveBayes -F 5 -T 0.01 -R 1 -E AUC --\\\\\\\" -S \\\\\\\"weka.attributeSelection.GreedyStepwise -B -T -1.7976931348623157E308 -N -1 -num-slots 1\\\\\\\"\\\" -F \\\"weka.filters.supervised.instance.Resample -B 1.0 -S 1 -Z 200.0\\\" -S 1\" -S 1 -W weka.classifiers.lazy.IBk -- -K 1 -W 0 -A \"weka.core.neighboursearch.LinearNNSearch -A \\\"weka.core.EuclideanDistance -R first-last\\\"\"',-4523450618538717400,2.02604250845E7,4329.0,482.0,449.0,33.0,0.0,93.15352697095436,6.846473029045643,0.0,0.7158729591654461,0.06774587840106487,0.2523844190201818,29.39636126636192,74.37575094795348,272.3366817903761,439.0469344790232,-166.71025268864713,0.565013862635635,0.9108857561805461,-0.34587189354491105,170.25912584188296,0.3532347009167696,62.517882175319805,0.796875,51.0,0.04784688995215311,20.0,0.9521531100478469,398.0,0.203125,13.0,0.7183098591549296,0.796875,0.7555555555555555,0.7171766794445014,0.8747757177033493,0.5968051554796828,0.9315352697095436,0.18250715966169667,0.8174928403383034,0.06846473029045644,0.9351668460450238,0.9315352697095436,0.9330212262826171,0.7171766794445015,0.8747757177033493,0.9200199770257208,0.8578742795871868,0.9315352697095436,11.538,0.118,11.47,0.11,11470.0,110.0,439610.0,924290.0,104879.0,94.19087136929461,51.34854771784232,?
DatasetClassiRealeseNormalized,2,2,weka.classifiers.meta.FilteredClassifier,'-F \"weka.filters.MultiFilter -F \\\"weka.filters.supervised.attribute.AttributeSelection -E \\\\\\\"weka.attributeSelection.WrapperSubsetEval -B weka.classifiers.bayes.NaiveBayes -F 5 -T 0.01 -R 1 -E AUC --\\\\\\\" -S \\\\\\\"weka.attributeSelection.GreedyStepwise -B -T -1.7976931348623157E308 -N -1 -num-slots 1\\\\\\\"\\\" -F \\\"weka.filters.supervised.instance.Resample -B 1.0 -S 1 -Z 200.0\\\" -S 1\" -S 1 -W weka.classifiers.lazy.IBk -- -K 1 -W 0 -A \"weka.core.neighboursearch.LinearNNSearch -A \\\"weka.core.EuclideanDistance -R first-last\\\"\"',-4523450618538717400,2.02604250845E7,4330.0,481.0,462.0,19.0,0.0,96.04989604989605,3.95010395010395,0.0,0.8299182997413138,0.042353866878254,0.19876676508301977,18.47247071869717,58.91434421207912,269.42867131105754,274.5151945993913,-5.086523288333751,0.5601427677984564,0.5707176602897948,-0.01057489249133836,204.25805364765256,0.42465291818638784,75.8115506615237,0.873015873015873,55.0,0.02631578947368421,11.0,0.9736842105263158,407.0,0.12698412698412698,8.0,0.8333333333333334,0.873015873015873,0.8527131782945736,0.8302177266419507,0.9362611073137389,0.777532251269494,0.9604989604989606,0.11379887695677168,0.8862011230432284,0.0395010395010395,0.9614182300929289,0.9604989604989606,0.9608871445885322,0.8302177266419507,0.9362611073137389,0.9579245871219477,0.9149520273225569,0.9604989604989606,9.106,0.144,9.06,0.14,9060.0,140.0,625328.0,924503.0,104666.0,96.25779625779626,50.62370062370062,?
DatasetClassiRealeseNormalized,2,3,weka.classifiers.meta.FilteredClassifier,'-F \"weka.filters.MultiFilter -F \\\"weka.filters.supervised.attribute.AttributeSelection -E \\\\\\\"weka.attributeSelection.WrapperSubsetEval -B weka.classifiers.bayes.NaiveBayes -F 5 -T 0.01 -R 1 -E AUC --\\\\\\\" -S \\\\\\\"weka.attributeSelection.GreedyStepwise -B -T -1.7976931348623157E308 -N -1 -num-slots 1\\\\\\\"\\\" -F \\\"weka.filters.supervised.instance.Resample -B 1.0 -S 1 -Z 200.0\\\" -S 1\" -S 1 -W weka.classifiers.lazy.IBk -- -K 1 -W 0 -A \"weka.core.neighboursearch.LinearNNSearch -A \\\"weka.core.EuclideanDistance -R first-last\\\"\"',-4523450618538717400,2.0260425084599998E7,4330.0,481.0,449.0,32.0,0.0,93.34719334719335,6.652806652806653,0.0,0.7328334374783031,0.06798717846079343,0.2532041852796337,29.478030501175134,74.55176433555616,272.1308087156738,449.4781390760572,-177.34733036038335,0.565760517080403,0.9344659856051085,-0.36870546852470554,169.59501591699248,0.35258839067981806,62.32113766074453,0.84375,54.0,0.05275779376498801,22.0,0.947242206235012,395.0,0.15625,10.0,0.7105263157894737,0.84375,0.7714285714285714,0.736539276858649,0.9063436750599521,0.6422696966097408,0.9334719334719335,0.14247972723692146,0.8575202727630785,0.06652806652806653,0.9400777295514137,0.9334719334719335,0.9358375299981139,0.736539276858649,0.9063436750599521,0.9338436063195956,0.8662495655196385,0.9334719334719335,11.658,0.137,11.59,0.14,11590.0,140.0,440977.0,924503.0,104666.0,93.97089397089397,51.351351351351354,?
DatasetClassiRealeseNormalized,2,4,weka.classifiers.meta.FilteredClassifier,'-F \"weka.filters.MultiFilter -F \\\"weka.filters.supervised.attribute.AttributeSelection -E \\\\\\\"weka.attributeSelection.WrapperSubsetEval -B weka.classifiers.bayes.NaiveBayes -F 5 -T 0.01 -R 1 -E AUC --\\\\\\\" -S \\\\\\\"weka.attributeSelection.GreedyStepwise -B -T -1.7976931348623157E308 -N -1 -num-slots 1\\\\\\\"\\\" -F \\\"weka.filters.supervised.instance.Resample -B 1.0 -S 1 -Z 200.0\\\" -S 1\" -S 1 -W weka.classifiers.lazy.IBk -- -K 1 -W 0 -A \"weka.core.neighboursearch.LinearNNSearch -A \\\"weka.core.EuclideanDistance -R first-last\\\"\"',-4523450618538717400,2.0260425084599998E7,4330.0,481.0,459.0,22.0,0.0,95.42619542619542,4.573804573804574,0.0,0.8117081850533808,0.044080253782593455,0.20316478017434322,19.112413471492463,59.81849311106544,272.1308087156738,282.06213978074317,-9.931331065069344,0.565760517080403,0.5864077750119401,-0.020647257931537096,205.03836026365684,0.4262751772633198,75.34551535393548,0.890625,57.0,0.03597122302158273,15.0,0.9640287769784173,402.0,0.109375,7.0,0.7916666666666666,0.890625,0.8382352941176471,0.8136175886239345,0.9329473920863309,0.747795855048008,0.9542619542619543,0.09960817728353699,0.900391822716463,0.04573804573804574,0.9574423021855785,0.9542619542619543,0.955385699154393,0.8136175886239345,0.9329473920863309,0.9529348810478049,0.9058004557755306,0.9542619542619543,9.191,0.146,9.15,0.14,9150.0,140.0,616687.0,924503.0,104666.0,96.25779625779626,50.727650727650726,?
DatasetClassiRealeseNormalized,2,5,weka.classifiers.meta.FilteredClassifier,'-F \"weka.filters.MultiFilter -F \\\"weka.filters.supervised.attribute.AttributeSelection -E \\\\\\\"weka.attributeSelection.WrapperSubsetEval -B weka.classifiers.bayes.NaiveBayes -F 5 -T 0.01 -R 1 -E AUC --\\\\\\\" -S \\\\\\\"weka.attributeSelection.GreedyStepwise -B -T -1.7976931348623157E308 -N -1 -num-slots 1\\\\\\\"\\\" -F \\\"weka.filters.supervised.instance.Resample -B 1.0 -S 1 -Z 200.0\\\" -S 1\" -S 1 -W weka.classifiers.lazy.IBk -- -K 1 -W 0 -A \"weka.core.neighboursearch.LinearNNSearch -A \\\"weka.core.EuclideanDistance -R first-last\\\"\"',-4523450618538717400,2.0260425084599998E7,4330.0,481.0,459.0,22.0,0.0,95.42619542619542,4.573804573804574,0.0,0.8140442132639791,0.04702805840705726,0.212103087430287,20.39052908974186,62.4502291361552,272.1308087156738,331.41601438477215,-59.28520566909833,0.565760517080403,0.6890145829205242,-0.12325406584012127,200.85545589532254,0.41757891038528594,73.80842207586248,0.90625,58.0,0.03836930455635491,16.0,0.9616306954436451,401.0,0.09375,6.0,0.7837837837837838,0.90625,0.8405797101449275,0.8169678728941436,0.9249288069544365,0.6853392465516369,0.9542619542619543,0.08638125881830917,0.9136187411816908,0.04573804573804574,0.9584506070992557,0.9542619542619543,0.9556415931468697,0.8169678728941436,0.9249288069544364,0.9429159781275932,0.906940340509357,0.9542619542619543,9.086,0.145,9.02,0.14,9020.0,140.0,621784.0,924503.0,104666.0,95.63409563409563,50.62370062370062,?
DatasetClassiRealeseNormalized,2,6,weka.classifiers.meta.FilteredClassifier,'-F \"weka.filters.MultiFilter -F \\\"weka.filters.supervised.attribute.AttributeSelection -E \\\\\\\"weka.attributeSelection.WrapperSubsetEval -B weka.classifiers.bayes.NaiveBayes -F 5 -T 0.01 -R 1 -E AUC --\\\\\\\" -S \\\\\\\"weka.attributeSelection.GreedyStepwise -B -T -1.7976931348623157E308 -N -1 -num-slots 1\\\\\\\"\\\" -F \\\"weka.filters.supervised.instance.Resample -B 1.0 -S 1 -Z 200.0\\\" -S 1\" -S 1 -W weka.classifiers.lazy.IBk -- -K 1 -W 0 -A \"weka.core.neighboursearch.LinearNNSearch -A \\\"weka.core.EuclideanDistance -R first-last\\\"\"',-4523450618538717400,2.0260425084599998E7,4330.0,481.0,453.0,28.0,0.0,94.17879417879418,5.8212058212058215,0.0,0.7509707481232203,0.05905913191906885,0.23670602667243137,25.606988427784216,69.69415571784542,272.1308087156738,385.5675628691358,-113.436754153462,0.565760517080403,0.8015957648006982,-0.23583524772029524,182.90624159823966,0.3802624565451968,67.21261824835963,0.796875,51.0,0.03597122302158273,15.0,0.9640287769784173,402.0,0.203125,13.0,0.7727272727272727,0.796875,0.7846153846153846,0.7510895821343015,0.8797399580335732,0.6489155757856256,0.9417879417879418,0.18088416480952452,0.8191158351904755,0.058212058212058215,0.9426026920002823,0.9417879417879418,0.9421657604349912,0.7510895821343015,0.8797399580335732,0.9273474733113918,0.8754807692307693,0.9417879417879418,8.927,0.146,8.86,0.15,8860.0,150.0,621921.0,924503.0,104666.0,94.8024948024948,50.727650727650726,?
DatasetClassiRealeseNormalized,2,7,weka.classifiers.meta.FilteredClassifier,'-F \"weka.filters.MultiFilter -F \\\"weka.filters.supervised.attribute.AttributeSelection -E \\\\\\\"weka.attributeSelection.WrapperSubsetEval -B weka.classifiers.bayes.NaiveBayes -F 5 -T 0.01 -R 1 -E AUC --\\\\\\\" -S \\\\\\\"weka.attributeSelection.GreedyStepwise -B -T -1.7976931348623157E308 -N -1 -num-slots 1\\\\\\\"\\\" -F \\\"weka.filters.supervised.instance.Resample -B 1.0 -S 1 -Z 200.0\\\" -S 1\" -S 1 -W weka.classifiers.lazy.IBk -- -K 1 -W 0 -A \"weka.core.neighboursearch.LinearNNSearch -A \\\"weka.core.EuclideanDistance -R first-last\\\"\"',-4523450618538717400,2.0260425084599998E7,4330.0,481.0,457.0,24.0,0.0,95.01039501039502,4.98960498960499,0.0,0.80205082478823,0.04817379148114465,0.2126745099876418,20.887298558173764,62.61847501165244,272.1308087156738,306.5287868393693,-34.39797812369545,0.565760517080403,0.6372739851130338,-0.07151346803263088,197.7677922568891,0.4111596512617237,72.67379727795529,0.921875,59.0,0.045563549160671464,19.0,0.9544364508393285,398.0,0.078125,5.0,0.7564102564102564,0.921875,0.8309859154929576,0.8074519296638835,0.9466614208633094,0.6770937293958827,0.9501039501039501,0.07379249926462157,0.9262075007353785,0.0498960498960499,0.9568327632843762,0.9501039501039501,0.9521376726460891,0.8074519296638835,0.9466614208633093,0.9471224223829716,0.9008588114050153,0.9501039501039501,9.06,0.144,8.99,0.14,8990.0,140.0,624895.0,924503.0,104666.0,96.04989604989605,50.727650727650726,?
DatasetClassiRealeseNormalized,2,8,weka.classifiers.meta.FilteredClassifier,'-F \"weka.filters.MultiFilter -F \\\"weka.filters.supervised.attribute.AttributeSelection -E \\\\\\\"weka.attributeSelection.WrapperSubsetEval -B weka.classifiers.bayes.NaiveBayes -F 5 -T 0.01 -R 1 -E AUC --\\\\\\\" -S \\\\\\\"weka.attributeSelection.GreedyStepwise -B -T -1.7976931348623157E308 -N -1 -num-slots 1\\\\\\\"\\\" -F \\\"weka.filters.supervised.instance.Resample -B 1.0 -S 1 -Z 200.0\\\" -S 1\" -S 1 -W weka.classifiers.lazy.IBk -- -K 1 -W 0 -A \"weka.core.neighboursearch.LinearNNSearch -A \\\"weka.core.EuclideanDistance -R first-last\\\"\"',-4523450618538717400,2.0260425084599998E7,4330.0,481.0,462.0,19.0,0.0,96.04989604989605,3.95010395010395,0.0,0.8363564739377229,0.04034179733179157,0.1911965466006525,17.491485293871385,56.294645636296046,272.1308087156738,253.50876537899748,18.62204333667634,0.565760517080403,0.527045250268186,0.038715266812216924,210.55744250154572,0.43774936071007425,77.3736143640903,0.90625,58.0,0.03117505995203837,13.0,0.9688249400479616,404.0,0.09375,6.0,0.8169014084507042,0.90625,0.8592592592592593,0.8378806456128978,0.9331909472422062,0.7359135558439387,0.9604989604989606,0.08542402045099887,0.9145759795490012,0.0395010395010395,0.9629506260217355,0.9604989604989606,0.9613558866279545,0.8378806456128978,0.9331909472422062,0.9510307709201938,0.9181423261229791,0.9604989604989606,9.116,0.145,9.06,0.14,9060.0,140.0,618800.0,924503.0,104666.0,96.67359667359668,51.03950103950104,?
DatasetClassiRealeseNormalized,2,9,weka.classifiers.meta.FilteredClassifier,'-F \"weka.filters.MultiFilter -F \\\"weka.filters.supervised.attribute.AttributeSelection -E \\\\\\\"weka.attributeSelection.WrapperSubsetEval -B weka.classifiers.bayes.NaiveBayes -F 5 -T 0.01 -R 1 -E AUC --\\\\\\\" -S \\\\\\\"weka.attributeSelection.GreedyStepwise -B -T -1.7976931348623157E308 -N -1 -num-slots 1\\\\\\\"\\\" -F \\\"weka.filters.supervised.instance.Resample -B 1.0 -S 1 -Z 200.0\\\" -S 1\" -S 1 -W weka.classifiers.lazy.IBk -- -K 1 -W 0 -A \"weka.core.neighboursearch.LinearNNSearch -A \\\"weka.core.EuclideanDistance -R first-last\\\"\"',-4523450618538717400,2.0260425084599998E7,4330.0,481.0,458.0,23.0,0.0,95.21829521829522,4.781704781704781,0.0,0.8091434486327959,0.04781978261461771,0.21399934269726342,20.73380661452463,63.00854998550276,272.1308087156738,330.5365248341068,-58.40571611843296,0.565760517080403,0.6871861223162303,-0.12142560523582736,200.34677670239645,0.41652136528564754,73.62149756138844,0.921875,59.0,0.04316546762589928,18.0,0.9568345323741008,399.0,0.078125,5.0,0.7662337662337663,0.921875,0.8368794326241135,0.8138929883231528,0.9426708633093526,0.6887417377722869,0.9521829521829522,0.07347341980885146,0.9265265801911485,0.04781704781704782,0.9581664655922081,0.9521829521829522,0.9540087082782809,0.8138929883231529,0.9426708633093526,0.9477012752181955,0.9044324081512771,0.9521829521829522,9.24,0.14,9.18,0.14,9180.0,140.0,623518.0,924503.0,104666.0,95.63409563409563,50.62370062370062,?
DatasetClassiRealeseNormalized,2,10,weka.classifiers.meta.FilteredClassifier,'-F \"weka.filters.MultiFilter -F \\\"weka.filters.supervised.attribute.AttributeSelection -E \\\\\\\"weka.attributeSelection.WrapperSubsetEval -B weka.classifiers.bayes.NaiveBayes -F 5 -T 0.01 -R 1 -E AUC --\\\\\\\" -S \\\\\\\"weka.attributeSelection.GreedyStepwise -B -T -1.7976931348623157E308 -N -1 -num-slots 1\\\\\\\"\\\" -F \\\"weka.filters.supervised.instance.Resample -B 1.0 -S 1 -Z 200.0\\\" -S 1\" -S 1 -W weka.classifiers.lazy.IBk -- -K 1 -W 0 -A \"weka.core.neighboursearch.LinearNNSearch -A \\\"weka.core.EuclideanDistance -R first-last\\\"\"',-4523450618538717400,2.02604250847E7,4330.0,481.0,454.0,27.0,0.0,94.38669438669439,5.613305613305613,0.0,0.7703570102381838,0.05563925377849955,0.23219053813287263,24.12419013521881,68.36464516062729,272.1308087156738,376.54366071327365,-104.41285199759983,0.565760517080403,0.7828350534579493,-0.21707453637754642,188.38674515512702,0.3916564348339439,69.22654073760394,0.859375,55.0,0.04316546762589928,18.0,0.9568345323741008,399.0,0.140625,9.0,0.7534246575342466,0.859375,0.8029197080291972,0.7726239482228598,0.9087042865707434,0.6724581451269741,0.9438669438669439,0.12765741149284315,0.8723425885071568,0.056133056133056136,0.9480678766536945,0.9438669438669439,0.9454045500760829,0.7726239482228597,0.9087042865707434,0.934154501103818,0.8850962176509622,0.9438669438669439,9.149,0.146,9.08,0.15,9080.0,150.0,622183.0,924503.0,104666.0,95.01039501039502,50.51975051975052,?
DatasetClassiRealeseNormalized,3,1,weka.classifiers.meta.FilteredClassifier,'-F \"weka.filters.MultiFilter -F \\\"weka.filters.supervised.attribute.AttributeSelection -E \\\\\\\"weka.attributeSelection.WrapperSubsetEval -B weka.classifiers.bayes.NaiveBayes -F 5 -T 0.01 -R 1 -E AUC --\\\\\\\" -S \\\\\\\"weka.attributeSelection.GreedyStepwise -B -T -1.7976931348623157E308 -N -1 -num-slots 1\\\\\\\"\\\" -F \\\"weka.filters.supervised.instance.Resample -B 1.0 -S 1 -Z 200.0\\\" -S 1\" -S 1 -W weka.classifiers.lazy.IBk -- -K 1 -W 0 -A \"weka.core.neighboursearch.LinearNNSearch -A \\\"weka.core.EuclideanDistance -R first-last\\\"\"',-4523450618538717400,2.02604250847E7,4329.0,482.0,461.0,21.0,0.0,95.64315352697095,4.356846473029045,0.0,0.8236523920694103,0.042091002305277674,0.2019164003921894,18.26417103198659,59.503213257692636,272.3366817903761,298.18214386819045,-25.845462077814375,0.565013862635635,0.6186351532535072,-0.053621290617872144,208.29530424126446,0.43214793411050717,76.48448342393854,0.921875,59.0,0.03827751196172249,16.0,0.9617224880382775,402.0,0.078125,5.0,0.7866666666666666,0.921875,0.8489208633093526,0.8271890259152108,0.9445648923444976,0.724950192066291,0.9564315352697096,0.07283404723143203,0.927165952768568,0.043568464730290454,0.9610197749616836,0.9564315352697096,0.9578650108958475,0.8271890259152108,0.9445648923444976,0.9526665200308209,0.9117331589274036,0.9564315352697096,8.983,0.149,8.93,0.15,8930.0,150.0,617256.0,924290.0,104879.0,96.05809128630706,50.31120331950208,?
DatasetClassiRealeseNormalized,3,2,weka.classifiers.meta.FilteredClassifier,'-F \"weka.filters.MultiFilter -F \\\"weka.filters.supervised.attribute.AttributeSelection -E \\\\\\\"weka.attributeSelection.WrapperSubsetEval -B weka.classifiers.bayes.NaiveBayes -F 5 -T 0.01 -R 1 -E AUC --\\\\\\\" -S \\\\\\\"weka.attributeSelection.GreedyStepwise -B -T -1.7976931348623157E308 -N -1 -num-slots 1\\\\\\\"\\\" -F \\\"weka.filters.supervised.instance.Resample -B 1.0 -S 1 -Z 200.0\\\" -S 1\" -S 1 -W weka.classifiers.lazy.IBk -- -K 1 -W 0 -A \"weka.core.neighboursearch.LinearNNSearch -A \\\"weka.core.EuclideanDistance -R first-last\\\"\"',-4523450618538717400,2.02604250847E7,4330.0,481.0,461.0,20.0,0.0,95.84199584199584,4.158004158004158,0.0,0.8197759376522162,0.04207454672565699,0.20142453202409705,18.350646344199752,59.70210466255842,269.42867131105754,284.8201364725205,-15.391465161462975,0.5601427677984564,0.592141655868026,-0.031998888069569596,205.59904929781365,0.42744085093100553,76.30926890495924,0.8571428571428571,54.0,0.02631578947368421,11.0,0.9736842105263158,407.0,0.14285714285714285,9.0,0.8307692307692308,0.8571428571428571,0.84375,0.819909104626619,0.9270334928229665,0.7346473793057062,0.9584199584199584,0.12759289075078548,0.8724071092492145,0.04158004158004158,0.9590336638413562,0.9584199584199584,0.9586949463298384,0.8199091046266191,0.9270334928229665,0.949984024713022,0.9098845923261392,0.9584199584199584,9.1,0.146,9.05,0.15,9050.0,150.0,620885.0,924503.0,104666.0,96.04989604989605,50.41580041580042,?
DatasetClassiRealeseNormalized,3,3,weka.classifiers.meta.FilteredClassifier,'-F \"weka.filters.MultiFilter -F \\\"weka.filters.supervised.attribute.AttributeSelection -E \\\\\\\"weka.attributeSelection.WrapperSubsetEval -B weka.classifiers.bayes.NaiveBayes -F 5 -T 0.01 -R 1 -E AUC --\\\\\\\" -S \\\\\\\"weka.attributeSelection.GreedyStepwise -B -T -1.7976931348623157E308 -N -1 -num-slots 1\\\\\\\"\\\" -F \\\"weka.filters.supervised.instance.Resample -B 1.0 -S 1 -Z 200.0\\\" -S 1\" -S 1 -W weka.classifiers.lazy.IBk -- -K 1 -W 0 -A \"weka.core.neighboursearch.LinearNNSearch -A \\\"weka.core.EuclideanDistance -R first-last\\\"\"',-4523450618538717400,2.02604250847E7,4330.0,481.0,462.0,19.0,0.0,96.04989604989605,3.95010395010395,0.0,0.8321116928446773,0.040828165519247915,0.19814957255304844,17.702365883259386,58.34184857510039,272.1308087156738,272.38125421357347,-0.25044549789964776,0.565760517080403,0.566281193791213,-5.206767108100785E-4,209.39538510445843,0.43533344096561005,76.94659274071306,0.875,56.0,0.026378896882494004,11.0,0.973621103117506,406.0,0.125,8.0,0.835820895522388,0.875,0.8549618320610687,0.8324042136752493,0.9314485911270983,0.7935305137979403,0.9604989604989606,0.11187785738145449,0.8881221426185455,0.0395010395010395,0.9614024247379211,0.9604989604989606,0.9608799609626352,0.8324042136752493,0.9314485911270983,0.9572342475263187,0.9160489064035788,0.9604989604989606,8.507,0.148,8.46,0.15,8460.0,150.0,646537.0,924503.0,104666.0,96.25779625779626,50.311850311850314,?
DatasetClassiRealeseNormalized,3,4,weka.classifiers.meta.FilteredClassifier,'-F \"weka.filters.MultiFilter -F \\\"weka.filters.supervised.attribute.AttributeSelection -E \\\\\\\"weka.attributeSelection.WrapperSubsetEval -B weka.classifiers.bayes.NaiveBayes -F 5 -T 0.01 -R 1 -E AUC --\\\\\\\" -S \\\\\\\"weka.attributeSelection.GreedyStepwise -B -T -1.7976931348623157E308 -N -1 -num-slots 1\\\\\\\"\\\" -F \\\"weka.filters.supervised.instance.Resample -B 1.0 -S 1 -Z 200.0\\\" -S 1\" -S 1 -W weka.classifiers.lazy.IBk -- -K 1 -W 0 -A \"weka.core.neighboursearch.LinearNNSearch -A \\\"weka.core.EuclideanDistance -R first-last\\\"\"',-4523450618538717400,2.02604250847E7,4330.0,481.0,460.0,21.0,0.0,95.63409563409563,4.365904365904366,0.0,0.819130839615378,0.04051771227514623,0.1955508754557151,17.56775888226293,57.5767054027396,272.1308087156738,245.16647444149143,26.96433427418239,0.565760517080403,0.5097016100654708,0.056058907014932206,209.29890242540358,0.43513285327526735,76.91113821812145,0.890625,57.0,0.03357314148681055,14.0,0.9664268585131894,403.0,0.109375,7.0,0.8028169014084507,0.890625,0.8444444444444446,0.8206236193844227,0.949171912470024,0.8247963211226467,0.9563409563409564,0.09928909782776689,0.9007109021722332,0.04365904365904366,0.958962098742243,0.9563409563409564,0.9572880852203706,0.8206236193844227,0.949171912470024,0.9655502756539709,0.9095257288727664,0.9563409563409564,8.576,0.151,8.53,0.15,8530.0,150.0,645259.0,924503.0,104666.0,96.67359667359668,50.51975051975052,?
DatasetClassiRealeseNormalized,3,5,weka.classifiers.meta.FilteredClassifier,'-F \"weka.filters.MultiFilter -F \\\"weka.filters.supervised.attribute.AttributeSelection -E \\\\\\\"weka.attributeSelection.WrapperSubsetEval -B weka.classifiers.bayes.NaiveBayes -F 5 -T 0.01 -R 1 -E AUC --\\\\\\\" -S \\\\\\\"weka.attributeSelection.GreedyStepwise -B -T -1.7976931348623157E308 -N -1 -num-slots 1\\\\\\\"\\\" -F \\\"weka.filters.supervised.instance.Resample -B 1.0 -S 1 -Z 200.0\\\" -S 1\" -S 1 -W weka.classifiers.lazy.IBk -- -K 1 -W 0 -A \"weka.core.neighboursearch.LinearNNSearch -A \\\"weka.core.EuclideanDistance -R first-last\\\"\"',-4523450618538717400,2.02604250847E7,4330.0,481.0,449.0,32.0,0.0,93.34719334719335,6.652806652806653,0.0,0.7116306954436451,0.06513504761053,0.2513452354417567,28.241397328555802,74.00442744982509,272.1308087156738,441.5097104148067,-169.37890169913288,0.565760517080403,0.917899605851989,-0.352139088771586,174.56927367582128,0.36292988290191536,64.14902983594693,0.75,48.0,0.03836930455635491,16.0,0.9616306954436451,401.0,0.25,16.0,0.75,0.75,0.75,0.7116306954436451,0.8696792565947242,0.6377126019774737,0.9334719334719335,0.2218412380282884,0.7781587619717116,0.06652806652806653,0.9334719334719335,0.9334719334719335,0.9334719334719335,0.7116306954436451,0.8696792565947241,0.9210922648888314,0.8558153477218226,0.9334719334719335,9.189,0.146,9.13,0.15,9130.0,150.0,616574.0,924503.0,104666.0,93.97089397089397,50.41580041580042,?
DatasetClassiRealeseNormalized,3,6,weka.classifiers.meta.FilteredClassifier,'-F \"weka.filters.MultiFilter -F \\\"weka.filters.supervised.attribute.AttributeSelection -E \\\\\\\"weka.attributeSelection.WrapperSubsetEval -B weka.classifiers.bayes.NaiveBayes -F 5 -T 0.01 -R 1 -E AUC --\\\\\\\" -S \\\\\\\"weka.attributeSelection.GreedyStepwise -B -T -1.7976931348623157E308 -N -1 -num-slots 1\\\\\\\"\\\" -F \\\"weka.filters.supervised.instance.Resample -B 1.0 -S 1 -Z 200.0\\\" -S 1\" -S 1 -W weka.classifiers.lazy.IBk -- -K 1 -W 0 -A \"weka.core.neighboursearch.LinearNNSearch -A \\\"weka.core.EuclideanDistance -R first-last\\\"\"',-4523450618538717400,2.0260425084799998E7,4330.0,481.0,456.0,25.0,0.0,94.8024948024948,5.197505197505198,0.0,0.7899893466529281,0.053773898084022324,0.2238047434590867,23.315405106891006,65.89558728310438,272.1308087156738,351.29008210941026,-79.15927339373644,0.565760517080403,0.730332811038275,-0.164572293957872,192.1445099825348,0.39946883572252556,70.60740784528008,0.890625,57.0,0.04316546762589928,18.0,0.9568345323741008,399.0,0.109375,7.0,0.76,0.890625,0.8201438848920863,0.7933838121341318,0.9412095323741008,0.7528693109634789,0.9480249480249481,0.1005654156508473,0.8994345843491527,0.05197505197505198,0.9531192200157718,0.9480249480249481,0.9497341724410616,0.7933838121341318,0.9412095323741008,0.9546226989317199,0.8948836070875985,0.9480249480249481,9.164,0.144,9.1,0.14,9100.0,140.0,618256.0,924503.0,104666.0,95.21829521829522,51.03950103950104,?
DatasetClassiRealeseNormalized,3,7,weka.classifiers.meta.FilteredClassifier,'-F \"weka.filters.MultiFilter -F \\\"weka.filters.supervised.attribute.AttributeSelection -E \\\\\\\"weka.attributeSelection.WrapperSubsetEval -B weka.classifiers.bayes.NaiveBayes -F 5 -T 0.01 -R 1 -E AUC --\\\\\\\" -S \\\\\\\"weka.attributeSelection.GreedyStepwise -B -T -1.7976931348623157E308 -N -1 -num-slots 1\\\\\\\"\\\" -F \\\"weka.filters.supervised.instance.Resample -B 1.0 -S 1 -Z 200.0\\\" -S 1\" -S 1 -W weka.classifiers.lazy.IBk -- -K 1 -W 0 -A \"weka.core.neighboursearch.LinearNNSearch -A \\\"weka.core.EuclideanDistance -R first-last\\\"\"',-4523450618538717400,2.0260425084799998E7,4330.0,481.0,461.0,20.0,0.0,95.84199584199584,4.158004158004158,0.0,0.8266479259018993,0.0426303515665345,0.20129064513951855,18.483761676899242,59.26668519645711,272.1308087156738,280.7324061548225,-8.60159743914869,0.565760517080403,0.583643256039132,-0.017882738958729088,208.95554632372304,0.43441901522603543,76.78496503570928,0.890625,57.0,0.03117505995203837,13.0,0.9688249400479616,404.0,0.109375,7.0,0.8142857142857143,0.890625,0.8507462686567163,0.8277680682389067,0.9366194544364509,0.7278251163172186,0.9584199584199584,0.09897001837199679,0.9010299816280032,0.04158004158004158,0.9605241079693635,0.9584199584199584,0.9592002025486777,0.8277680682389067,0.9366194544364508,0.9506864948468069,0.9132958396423678,0.9584199584199584,11.489,0.146,11.41,0.14,11410.0,140.0,488033.0,924503.0,104666.0,96.25779625779626,50.727650727650726,?
DatasetClassiRealeseNormalized,3,8,weka.classifiers.meta.FilteredClassifier,'-F \"weka.filters.MultiFilter -F \\\"weka.filters.supervised.attribute.AttributeSelection -E \\\\\\\"weka.attributeSelection.WrapperSubsetEval -B weka.classifiers.bayes.NaiveBayes -F 5 -T 0.01 -R 1 -E AUC --\\\\\\\" -S \\\\\\\"weka.attributeSelection.GreedyStepwise -B -T -1.7976931348623157E308 -N -1 -num-slots 1\\\\\\\"\\\" -F \\\"weka.filters.supervised.instance.Resample -B 1.0 -S 1 -Z 200.0\\\" -S 1\" -S 1 -W weka.classifiers.lazy.IBk -- -K 1 -W 0 -A \"weka.core.neighboursearch.LinearNNSearch -A \\\"weka.core.EuclideanDistance -R first-last\\\"\"',-4523450618538717400,2.0260425084799998E7,4330.0,481.0,449.0,32.0,0.0,93.34719334719335,6.652806652806653,0.0,0.7153951407122517,0.07395071650150073,0.2526146204638177,32.06371445274939,74.37817677356263,272.1308087156738,410.546478549844,-138.41566983417016,0.565760517080403,0.8535269824321081,-0.28776646535170514,161.15603598254344,0.33504373385144165,59.22006285988793,0.765625,49.0,0.0407673860911271,17.0,0.9592326139088729,400.0,0.234375,15.0,0.7424242424242424,0.765625,0.7538461538461539,0.7155083452202721,0.8761428357314148,0.6715258711725605,0.9334719334719335,0.20861431956306056,0.7913856804369395,0.06652806652806653,0.9343926452360187,0.9334719334719335,0.9339037262114185,0.7155083452202721,0.8761428357314148,0.9286230397308274,0.8576923076923078,0.9334719334719335,12.05,0.115,11.97,0.11,11970.0,110.0,439222.0,924503.0,104666.0,94.5945945945946,55.3014553014553,?
DatasetClassiRealeseNormalized,3,9,weka.classifiers.meta.FilteredClassifier,'-F \"weka.filters.MultiFilter -F \\\"weka.filters.supervised.attribute.AttributeSelection -E \\\\\\\"weka.attributeSelection.WrapperSubsetEval -B weka.classifiers.bayes.NaiveBayes -F 5 -T 0.01 -R 1 -E AUC --\\\\\\\" -S \\\\\\\"weka.attributeSelection.GreedyStepwise -B -T -1.7976931348623157E308 -N -1 -num-slots 1\\\\\\\"\\\" -F \\\"weka.filters.supervised.instance.Resample -B 1.0 -S 1 -Z 200.0\\\" -S 1\" -S 1 -W weka.classifiers.lazy.IBk -- -K 1 -W 0 -A \"weka.core.neighboursearch.LinearNNSearch -A \\\"weka.core.EuclideanDistance -R first-last\\\"\"',-4523450618538717400,2.0260425084799998E7,4330.0,481.0,461.0,20.0,0.0,95.84199584199584,4.158004158004158,0.0,0.8266479259018993,0.04054987164662176,0.19464320748099884,17.581702613341594,57.309457652189,272.1308087156738,265.2332892443304,6.897519471343401,0.565760517080403,0.5514205597595228,0.014339957320880252,210.82579177812295,0.438307259413977,77.47222476320083,0.890625,57.0,0.03117505995203837,13.0,0.9688249400479616,404.0,0.109375,7.0,0.8142857142857143,0.890625,0.8507462686567163,0.8277680682389067,0.924085731414868,0.7322995370882863,0.9584199584199584,0.09897001837199679,0.9010299816280032,0.04158004158004158,0.9605241079693635,0.9584199584199584,0.9592002025486777,0.8277680682389067,0.924085731414868,0.9487501745971247,0.9132958396423678,0.9584199584199584,8.384,0.149,8.31,0.15,8310.0,150.0,648324.0,924503.0,104666.0,96.46569646569647,50.51975051975052,?
DatasetClassiRealeseNormalized,3,10,weka.classifiers.meta.FilteredClassifier,'-F \"weka.filters.MultiFilter -F \\\"weka.filters.supervised.attribute.AttributeSelection -E \\\\\\\"weka.attributeSelection.WrapperSubsetEval -B weka.classifiers.bayes.NaiveBayes -F 5 -T 0.01 -R 1 -E AUC --\\\\\\\" -S \\\\\\\"weka.attributeSelection.GreedyStepwise -B -T -1.7976931348623157E308 -N -1 -num-slots 1\\\\\\\"\\\" -F \\\"weka.filters.supervised.instance.Resample -B 1.0 -S 1 -Z 200.0\\\" -S 1\" -S 1 -W weka.classifiers.lazy.IBk -- -K 1 -W 0 -A \"weka.core.neighboursearch.LinearNNSearch -A \\\"weka.core.EuclideanDistance -R first-last\\\"\"',-4523450618538717400,2.0260425084799998E7,4330.0,481.0,458.0,23.0,0.0,95.21829521829522,4.781704781704781,0.0,0.8091434486327959,0.04427926739022446,0.19881178747004574,19.198702229589387,58.53682675200909,272.1308087156738,261.6563371189004,10.474471596773412,0.565760517080403,0.5439840688542628,0.021776448226140152,201.35747160192545,0.4186226020830051,73.99289795677146,0.921875,59.0,0.04316546762589928,18.0,0.9568345323741008,399.0,0.078125,5.0,0.7662337662337663,0.921875,0.8368794326241135,0.8138929883231528,0.9430268285371702,0.7168959243626318,0.9521829521829522,0.07347341980885146,0.9265265801911485,0.04781704781704782,0.9581664655922081,0.9521829521829522,0.9540087082782809,0.8138929883231529,0.9430268285371702,0.951412828568026,0.9044324081512771,0.9521829521829522,8.958,0.144,8.88,0.14,8880.0,140.0,619058.0,924503.0,104666.0,96.67359667359668,51.143451143451145,?
DatasetClassiRealeseNormalized,4,1,weka.classifiers.meta.FilteredClassifier,'-F \"weka.filters.MultiFilter -F \\\"weka.filters.supervised.attribute.AttributeSelection -E \\\\\\\"weka.attributeSelection.WrapperSubsetEval -B weka.classifiers.bayes.NaiveBayes -F 5 -T 0.01 -R 1 -E AUC --\\\\\\\" -S \\\\\\\"weka.attributeSelection.GreedyStepwise -B -T -1.7976931348623157E308 -N -1 -num-slots 1\\\\\\\"\\\" -F \\\"weka.filters.supervised.instance.Resample -B 1.0 -S 1 -Z 200.0\\\" -S 1\" -S 1 -W weka.classifiers.lazy.IBk -- -K 1 -W 0 -A \"weka.core.neighboursearch.LinearNNSearch -A \\\"weka.core.EuclideanDistance -R first-last\\\"\"',-4523450618538717400,2.0260425084799998E7,4329.0,482.0,452.0,30.0,0.0,93.7759336099585,6.224066390041494,0.0,0.7496190608117468,0.062062711262326695,0.24232389208089422,26.930315533536387,71.4109908849252,272.3366817903761,392.9599810763764,-120.6232992860003,0.565013862635635,0.8152696702829385,-0.25025580764730354,179.01748181636722,0.37140556393437185,65.73388521865049,0.859375,55.0,0.050239234449760764,21.0,0.9497607655502392,397.0,0.140625,9.0,0.7236842105263158,0.859375,0.7857142857142857,0.7534071081312694,0.9208844198564593,0.690785217587752,0.9377593360995851,0.12862357054934584,0.8713764294506542,0.06224066390041494,0.9440866797125881,0.9377593360995851,0.9399735844061671,0.7534071081312694,0.9208844198564593,0.9435752795052531,0.8746532593619972,0.9377593360995851,11.375,0.116,11.28,0.12,11280.0,120.0,440531.0,924290.0,104879.0,94.81327800829875,51.2448132780083,?
DatasetClassiRealeseNormalized,4,2,weka.classifiers.meta.FilteredClassifier,'-F \"weka.filters.MultiFilter -F \\\"weka.filters.supervised.attribute.AttributeSelection -E \\\\\\\"weka.attributeSelection.WrapperSubsetEval -B weka.classifiers.bayes.NaiveBayes -F 5 -T 0.01 -R 1 -E AUC --\\\\\\\" -S \\\\\\\"weka.attributeSelection.GreedyStepwise -B -T -1.7976931348623157E308 -N -1 -num-slots 1\\\\\\\"\\\" -F \\\"weka.filters.supervised.instance.Resample -B 1.0 -S 1 -Z 200.0\\\" -S 1\" -S 1 -W weka.classifiers.lazy.IBk -- -K 1 -W 0 -A \"weka.core.neighboursearch.LinearNNSearch -A \\\"weka.core.EuclideanDistance -R first-last\\\"\"',-4523450618538717400,2.02604250849E7,4330.0,481.0,449.0,32.0,0.0,93.34719334719335,6.652806652806653,0.0,0.7191138362713968,0.0670872519917173,0.2518147649019332,29.25983834196591,74.63773800876554,269.42867131105754,443.2897116197042,-173.86104030864664,0.5601427677984564,0.921600232057597,-0.3614574642591406,168.13001438848764,0.34954264945631525,62.40242123095362,0.7936507936507936,50.0,0.045454545454545456,19.0,0.9545454545454546,399.0,0.20634920634920634,13.0,0.7246376811594203,0.7936507936507936,0.7575757575757576,0.7201132274164114,0.8857560568086884,0.6258442702820657,0.9334719334719335,0.18527568527568528,0.8147243147243147,0.06652806652806653,0.9365132089910477,0.9334719334719335,0.9347434720928697,0.7201132274164114,0.8857560568086883,0.9263691867799866,0.8595107703541438,0.9334719334719335,8.306,0.15,8.24,0.15,8240.0,150.0,648443.0,924503.0,104666.0,93.97089397089397,51.03950103950104,?
DatasetClassiRealeseNormalized,4,3,weka.classifiers.meta.FilteredClassifier,'-F \"weka.filters.MultiFilter -F \\\"weka.filters.supervised.attribute.AttributeSelection -E \\\\\\\"weka.attributeSelection.WrapperSubsetEval -B weka.classifiers.bayes.NaiveBayes -F 5 -T 0.01 -R 1 -E AUC --\\\\\\\" -S \\\\\\\"weka.attributeSelection.GreedyStepwise -B -T -1.7976931348623157E308 -N -1 -num-slots 1\\\\\\\"\\\" -F \\\"weka.filters.supervised.instance.Resample -B 1.0 -S 1 -Z 200.0\\\" -S 1\" -S 1 -W weka.classifiers.lazy.IBk -- -K 1 -W 0 -A \"weka.core.neighboursearch.LinearNNSearch -A \\\"weka.core.EuclideanDistance -R first-last\\\"\"',-4523450618538717400,2.02604250849E7,4330.0,481.0,454.0,27.0,0.0,94.38669438669439,5.613305613305613,0.0,0.7644765238207507,0.05440604943169872,0.2249307320369557,23.589494679808197,66.22711590696622,272.1308087156738,319.0728860706983,-46.94207735502448,0.565760517080403,0.6633531934941753,-0.09759267641377231,187.09339431505595,0.38896755574855707,68.75127266848122,0.828125,53.0,0.03836930455635491,16.0,0.9616306954436451,401.0,0.171875,11.0,0.7681159420289855,0.828125,0.7969924812030075,0.7652046978836506,0.8890887290167866,0.7155250881544297,0.9438669438669439,0.1541112484232988,0.8458887515767013,0.056133056133056136,0.9459998443746861,0.9438669438669439,0.9447527970796336,0.7652046978836506,0.8890887290167866,0.9371197036382963,0.8822115602637475,0.9438669438669439,9.658,0.145,9.58,0.15,9580.0,150.0,595071.0,924503.0,104666.0,95.84199584199584,51.03950103950104,?
DatasetClassiRealeseNormalized,4,4,weka.classifiers.meta.FilteredClassifier,'-F \"weka.filters.MultiFilter -F \\\"weka.filters.supervised.attribute.AttributeSelection -E \\\\\\\"weka.attributeSelection.WrapperSubsetEval -B weka.classifiers.bayes.NaiveBayes -F 5 -T 0.01 -R 1 -E AUC --\\\\\\\" -S \\\\\\\"weka.attributeSelection.GreedyStepwise -B -T -1.7976931348623157E308 -N -1 -num-slots 1\\\\\\\"\\\" -F \\\"weka.filters.supervised.instance.Resample -B 1.0 -S 1 -Z 200.0\\\" -S 1\" -S 1 -W weka.classifiers.lazy.IBk -- -K 1 -W 0 -A \"weka.core.neighboursearch.LinearNNSearch -A \\\"weka.core.EuclideanDistance -R first-last\\\"\"',-4523450618538717400,2.02604250849E7,4330.0,481.0,460.0,21.0,0.0,95.63409563409563,4.365904365904366,0.0,0.8168150740828062,0.04434426872439126,0.20625339149178656,19.22688565114866,60.727883383615136,272.1308087156738,305.1173287441018,-32.986520028428004,0.565760517080403,0.6343395607985485,-0.06857904371814554,204.93088594639153,0.4260517379342859,75.30602173034596,0.875,56.0,0.03117505995203837,13.0,0.9688249400479616,404.0,0.125,8.0,0.8115942028985508,0.875,0.8421052631578948,0.8175931013113732,0.9274205635491607,0.7507692649685815,0.9563409563409564,0.11251601629299471,0.8874839837070053,0.04365904365904366,0.9580975916982671,0.9563409563409564,0.9570299532841593,0.8175931013113732,0.9274205635491607,0.9510935751475709,0.9083867690940257,0.9563409563409564,8.944,0.15,8.87,0.15,8870.0,150.0,619461.0,924503.0,104666.0,95.84199584199584,50.51975051975052,?
DatasetClassiRealeseNormalized,4,5,weka.classifiers.meta.FilteredClassifier,'-F \"weka.filters.MultiFilter -F \\\"weka.filters.supervised.attribute.AttributeSelection -E \\\\\\\"weka.attributeSelection.WrapperSubsetEval -B weka.classifiers.bayes.NaiveBayes -F 5 -T 0.01 -R 1 -E AUC --\\\\\\\" -S \\\\\\\"weka.attributeSelection.GreedyStepwise -B -T -1.7976931348623157E308 -N -1 -num-slots 1\\\\\\\"\\\" -F \\\"weka.filters.supervised.instance.Resample -B 1.0 -S 1 -Z 200.0\\\" -S 1\" -S 1 -W weka.classifiers.lazy.IBk -- -K 1 -W 0 -A \"weka.core.neighboursearch.LinearNNSearch -A \\\"weka.core.EuclideanDistance -R first-last\\\"\"',-4523450618538717400,2.02604250849E7,4330.0,481.0,457.0,24.0,0.0,95.01039501039502,4.98960498960499,0.0,0.7996250781087273,0.04993429767447784,0.22122507696023588,21.65062270898421,65.13604735419577,272.1308087156738,359.8442352070115,-87.71342649133766,0.565760517080403,0.74811691311229,-0.18235639603188702,197.31046457334915,0.41020886605685897,72.50574291994332,0.90625,58.0,0.04316546762589928,18.0,0.9568345323741008,399.0,0.09375,6.0,0.7631578947368421,0.90625,0.8285714285714286,0.8036686737641933,0.9332284172661871,0.7774047181634881,0.9501039501039501,0.08701941772984938,0.9129805822701507,0.0498960498960499,0.9556430924851977,0.9501039501039501,0.9518781474985855,0.8036686737641932,0.9332284172661871,0.9527716518831921,0.899687174139729,0.9501039501039501,8.832,0.148,8.76,0.15,8760.0,150.0,618332.0,924503.0,104666.0,95.21829521829522,50.20790020790021,?
DatasetClassiRealeseNormalized,4,6,weka.classifiers.meta.FilteredClassifier,'-F \"weka.filters.MultiFilter -F \\\"weka.filters.supervised.attribute.AttributeSelection -E \\\\\\\"weka.attributeSelection.WrapperSubsetEval -B weka.classifiers.bayes.NaiveBayes -F 5 -T 0.01 -R 1 -E AUC --\\\\\\\" -S \\\\\\\"weka.attributeSelection.GreedyStepwise -B -T -1.7976931348623157E308 -N -1 -num-slots 1\\\\\\\"\\\" -F \\\"weka.filters.supervised.instance.Resample -B 1.0 -S 1 -Z 200.0\\\" -S 1\" -S 1 -W weka.classifiers.lazy.IBk -- -K 1 -W 0 -A \"weka.core.neighboursearch.LinearNNSearch -A \\\"weka.core.EuclideanDistance -R first-last\\\"\"',-4523450618538717400,2.02604250849E7,4330.0,481.0,455.0,26.0,0.0,94.5945945945946,5.405405405405405,0.0,0.777473309608541,0.05290593429277042,0.22495194686994702,22.93907145558065,66.23336226196956,272.1308087156738,320.5453548821491,-48.414546166475304,0.565760517080403,0.6664144592144472,-0.10065394213404429,192.03467387367135,0.39924048622384894,70.56704633333594,0.859375,55.0,0.0407673860911271,17.0,0.9592326139088729,400.0,0.140625,9.0,0.7638888888888888,0.859375,0.8088235294117647,0.779302181536547,0.9389800659472423,0.7480688396402206,0.9459459459459459,0.12733833203707304,0.872661667962927,0.05405405405405406,0.9495069641768906,0.9459459459459459,0.9472740080915555,0.779302181536547,0.9389800659472423,0.9542333533479842,0.8886732659165362,0.9459459459459459,11.122,0.116,11.03,0.12,11030.0,120.0,440774.0,924503.0,104666.0,95.42619542619542,50.51975051975052,?
DatasetClassiRealeseNormalized,4,7,weka.classifiers.meta.FilteredClassifier,'-F \"weka.filters.MultiFilter -F \\\"weka.filters.supervised.attribute.AttributeSelection -E \\\\\\\"weka.attributeSelection.WrapperSubsetEval -B weka.classifiers.bayes.NaiveBayes -F 5 -T 0.01 -R 1 -E AUC --\\\\\\\" -S \\\\\\\"weka.attributeSelection.GreedyStepwise -B -T -1.7976931348623157E308 -N -1 -num-slots 1\\\\\\\"\\\" -F \\\"weka.filters.supervised.instance.Resample -B 1.0 -S 1 -Z 200.0\\\" -S 1\" -S 1 -W weka.classifiers.lazy.IBk -- -K 1 -W 0 -A \"weka.core.neighboursearch.LinearNNSearch -A \\\"weka.core.EuclideanDistance -R first-last\\\"\"',-4523450618538717400,2.02604250849E7,4330.0,481.0,457.0,24.0,0.0,95.01039501039502,4.98960498960499,0.0,0.7971391417425228,0.04832929856716212,0.20932824404435046,20.954723662856047,61.63322261650405,272.1308087156738,287.8310870554517,-15.700278339777867,0.565760517080403,0.5984014283897124,-0.032640911309309496,197.58605231400023,0.41078181354262,72.60701323988677,0.890625,57.0,0.0407673860911271,17.0,0.9592326139088729,400.0,0.109375,7.0,0.7702702702702703,0.890625,0.8260869565217391,0.8000020863963418,0.9519072242206235,0.7681330012565205,0.9501039501039501,0.1002463361950772,0.8997536638049228,0.0498960498960499,0.9545224680359815,0.9501039501039501,0.951609010705676,0.8000020863963418,0.9519072242206236,0.9599422157143358,0.8984803714647531,0.9501039501039501,8.788,0.147,8.71,0.15,8710.0,150.0,617284.0,924503.0,104666.0,96.25779625779626,51.03950103950104,?
DatasetClassiRealeseNormalized,4,8,weka.classifiers.meta.FilteredClassifier,'-F \"weka.filters.MultiFilter -F \\\"weka.filters.supervised.attribute.AttributeSelection -E \\\\\\\"weka.attributeSelection.WrapperSubsetEval -B weka.classifiers.bayes.NaiveBayes -F 5 -T 0.01 -R 1 -E AUC --\\\\\\\" -S \\\\\\\"weka.attributeSelection.GreedyStepwise -B -T -1.7976931348623157E308 -N -1 -num-slots 1\\\\\\\"\\\" -F \\\"weka.filters.supervised.instance.Resample -B 1.0 -S 1 -Z 200.0\\\" -S 1\" -S 1 -W weka.classifiers.lazy.IBk -- -K 1 -W 0 -A \"weka.core.neighboursearch.LinearNNSearch -A \\\"weka.core.EuclideanDistance -R first-last\\\"\"',-4523450618538717400,2.0260425084999997E7,4330.0,481.0,452.0,29.0,0.0,93.97089397089397,6.029106029106029,0.0,0.7403822888942659,0.05844900040033396,0.23299671812917852,25.342446260773016,68.60201146257154,272.1308087156738,347.1206386716422,-74.98982995596839,0.565760517080403,0.7216645294628736,-0.15590401238247067,183.27215217251177,0.38102318538983737,67.34707953041699,0.78125,50.0,0.03597122302158273,15.0,0.9640287769784173,402.0,0.21875,14.0,0.7692307692307693,0.78125,0.7751937984496126,0.7404119593876888,0.8896882494004796,0.6776833715278554,0.9397089397089398,0.19443016273052244,0.8055698372694776,0.060291060291060294,0.9401187430033583,0.9397089397089398,0.9399064368773183,0.7404119593876889,0.8896882494004796,0.9328156053475549,0.8701899364396922,0.9397089397089398,8.81,0.143,8.7,0.15,8700.0,150.0,619153.0,924503.0,104666.0,95.21829521829522,51.143451143451145,?
DatasetClassiRealeseNormalized,4,9,weka.classifiers.meta.FilteredClassifier,'-F \"weka.filters.MultiFilter -F \\\"weka.filters.supervised.attribute.AttributeSelection -E \\\\\\\"weka.attributeSelection.WrapperSubsetEval -B weka.classifiers.bayes.NaiveBayes -F 5 -T 0.01 -R 1 -E AUC --\\\\\\\" -S \\\\\\\"weka.attributeSelection.GreedyStepwise -B -T -1.7976931348623157E308 -N -1 -num-slots 1\\\\\\\"\\\" -F \\\"weka.filters.supervised.instance.Resample -B 1.0 -S 1 -Z 200.0\\\" -S 1\" -S 1 -W weka.classifiers.lazy.IBk -- -K 1 -W 0 -A \"weka.core.neighboursearch.LinearNNSearch -A \\\"weka.core.EuclideanDistance -R first-last\\\"\"',-4523450618538717400,2.0260425084999997E7,4330.0,481.0,453.0,28.0,0.0,94.17879417879418,5.8212058212058215,0.0,0.7603558718861211,0.05974482542984034,0.2407726334305191,25.904292929641667,70.89150049451062,272.1308087156738,425.16991143377186,-153.03910271809804,0.565760517080403,0.8839291297999415,-0.31816861271953856,181.38733091621125,0.3771046380794413,66.65446362808827,0.84375,54.0,0.04316546762589928,18.0,0.9568345323741008,399.0,0.15625,10.0,0.75,0.84375,0.7941176470588235,0.7621444779928531,0.8748875899280576,0.6403053146346686,0.9417879417879418,0.14120340941384107,0.858796590586159,0.058212058212058215,0.945539295172547,0.9417879417879418,0.9432181625601366,0.7621444779928531,0.8748875899280576,0.9233646498590687,0.8801096709870389,0.9417879417879418,8.816,0.146,8.77,0.14,8770.0,140.0,618760.0,924503.0,104666.0,94.38669438669439,50.51975051975052,?
DatasetClassiRealeseNormalized,4,10,weka.classifiers.meta.FilteredClassifier,'-F \"weka.filters.MultiFilter -F \\\"weka.filters.supervised.attribute.AttributeSelection -E \\\\\\\"weka.attributeSelection.WrapperSubsetEval -B weka.classifiers.bayes.NaiveBayes -F 5 -T 0.01 -R 1 -E AUC --\\\\\\\" -S \\\\\\\"weka.attributeSelection.GreedyStepwise -B -T -1.7976931348623157E308 -N -1 -num-slots 1\\\\\\\"\\\" -F \\\"weka.filters.supervised.instance.Resample -B 1.0 -S 1 -Z 200.0\\\" -S 1\" -S 1 -W weka.classifiers.lazy.IBk -- -K 1 -W 0 -A \"weka.core.neighboursearch.LinearNNSearch -A \\\"weka.core.EuclideanDistance -R first-last\\\"\"',-4523450618538717400,2.0260425084999997E7,4330.0,481.0,466.0,15.0,0.0,96.88149688149689,3.1185031185031185,0.0,0.8674565996142191,0.030561185305070515,0.17081413047028596,13.250786000693525,50.293381943667235,272.1308087156738,198.30717629302512,73.8236324226487,0.565760517080403,0.41228103179423103,0.15347948528617195,225.94882799214707,0.46974808314375693,83.0294919779633,0.90625,58.0,0.02158273381294964,9.0,0.9784172661870504,408.0,0.09375,6.0,0.8656716417910447,0.90625,0.8854961832061069,0.8677615456054679,0.9434577338129496,0.8221539468068968,0.9688149688149689,0.08414770262791846,0.9158522973720815,0.031185031185031187,0.9695623842281857,0.9688149688149689,0.9691157586547121,0.867761545605468,0.9434577338129496,0.9641115717660176,0.9337228208449307,0.9688149688149689,8.811,0.145,8.76,0.14,8760.0,140.0,617925.0,924503.0,104666.0,97.29729729729729,50.41580041580042,?
DatasetClassiRealeseNormalized,5,1,weka.classifiers.meta.FilteredClassifier,'-F \"weka.filters.MultiFilter -F \\\"weka.filters.supervised.attribute.AttributeSelection -E \\\\\\\"weka.attributeSelection.WrapperSubsetEval -B weka.classifiers.bayes.NaiveBayes -F 5 -T 0.01 -R 1 -E AUC --\\\\\\\" -S \\\\\\\"weka.attributeSelection.GreedyStepwise -B -T -1.7976931348623157E308 -N -1 -num-slots 1\\\\\\\"\\\" -F \\\"weka.filters.supervised.instance.Resample -B 1.0 -S 1 -Z 200.0\\\" -S 1\" -S 1 -W weka.classifiers.lazy.IBk -- -K 1 -W 0 -A \"weka.core.neighboursearch.LinearNNSearch -A \\\"weka.core.EuclideanDistance -R first-last\\\"\"',-4523450618538717400,2.0260425084999997E7,4329.0,482.0,462.0,20.0,0.0,95.850622406639,4.149377593360996,0.0,0.8288838398182337,0.03903713331713621,0.1929521645663232,16.939033058218218,56.86152177050921,272.3366817903761,245.0007646858889,27.33591710448718,0.565013862635635,0.5083003416719687,0.05671352096366635,212.06677227097146,0.43997255657877893,77.86933837807578,0.90625,58.0,0.03349282296650718,14.0,0.9665071770334929,404.0,0.09375,6.0,0.8055555555555556,0.90625,0.8529411764705882,0.8308323154289576,0.9579844497607656,0.8022524609294284,0.9585062240663901,0.08574904703289721,0.9142509529671028,0.04149377593360996,0.9614906273544063,0.9585062240663901,0.9595261762170741,0.8308323154289576,0.9579844497607655,0.9648128659760038,0.9143932935493038,0.9585062240663901,8.773,0.148,8.72,0.15,8720.0,150.0,626111.0,924290.0,104879.0,96.6804979253112,50.4149377593361,?
DatasetClassiRealeseNormalized,5,2,weka.classifiers.meta.FilteredClassifier,'-F \"weka.filters.MultiFilter -F \\\"weka.filters.supervised.attribute.AttributeSelection -E \\\\\\\"weka.attributeSelection.WrapperSubsetEval -B weka.classifiers.bayes.NaiveBayes -F 5 -T 0.01 -R 1 -E AUC --\\\\\\\" -S \\\\\\\"weka.attributeSelection.GreedyStepwise -B -T -1.7976931348623157E308 -N -1 -num-slots 1\\\\\\\"\\\" -F \\\"weka.filters.supervised.instance.Resample -B 1.0 -S 1 -Z 200.0\\\" -S 1\" -S 1 -W weka.classifiers.lazy.IBk -- -K 1 -W 0 -A \"weka.core.neighboursearch.LinearNNSearch -A \\\"weka.core.EuclideanDistance -R first-last\\\"\"',-4523450618538717400,2.0260425084999997E7,4330.0,481.0,456.0,25.0,0.0,94.8024948024948,5.197505197505198,0.0,0.7762082891333075,0.054678110665917816,0.22836866063855343,23.847640668400008,67.68832744494158,269.42867131105754,367.5196811112337,-98.09100980017615,0.5601427677984564,0.7640741811044359,-0.20393141330597953,185.87668448881115,0.38643801349025186,68.9891998443681,0.8253968253968254,52.0,0.03349282296650718,14.0,0.9665071770334929,404.0,0.1746031746031746,11.0,0.7878787878787878,0.8253968253968254,0.8062015503875969,0.7764883379553859,0.9071922229816967,0.6596643439702727,0.9480249480249481,0.1561209455946298,0.8438790544053703,0.05197505197505198,0.949182631110342,0.9480249480249481,0.948535716563858,0.7764883379553859,0.9071922229816967,0.936091609194618,0.8880947727928381,0.9480249480249481,8.755,0.143,8.7,0.15,8700.0,150.0,623189.0,924503.0,104666.0,95.01039501039502,50.51975051975052,?
DatasetClassiRealeseNormalized,5,3,weka.classifiers.meta.FilteredClassifier,'-F \"weka.filters.MultiFilter -F \\\"weka.filters.supervised.attribute.AttributeSelection -E \\\\\\\"weka.attributeSelection.WrapperSubsetEval -B weka.classifiers.bayes.NaiveBayes -F 5 -T 0.01 -R 1 -E AUC --\\\\\\\" -S \\\\\\\"weka.attributeSelection.GreedyStepwise -B -T -1.7976931348623157E308 -N -1 -num-slots 1\\\\\\\"\\\" -F \\\"weka.filters.supervised.instance.Resample -B 1.0 -S 1 -Z 200.0\\\" -S 1\" -S 1 -W weka.classifiers.lazy.IBk -- -K 1 -W 0 -A \"weka.core.neighboursearch.LinearNNSearch -A \\\"weka.core.EuclideanDistance -R first-last\\\"\"',-4523450618538717400,2.0260425084999997E7,4330.0,481.0,456.0,25.0,0.0,94.8024948024948,5.197505197505198,0.0,0.7899893466529281,0.05222046903928759,0.22640667819557264,22.64186592202089,66.66168372450709,272.1308087156738,375.00107220535926,-102.87026348968544,0.565760517080403,0.7796280087429507,-0.2138674916625477,193.05100402316984,0.4013534387176088,70.9405175159246,0.890625,57.0,0.04316546762589928,18.0,0.9568345323741008,399.0,0.109375,7.0,0.76,0.890625,0.8201438848920863,0.7933838121341318,0.9222684352517986,0.6533034455209129,0.9480249480249481,0.1005654156508473,0.8994345843491527,0.05197505197505198,0.9531192200157718,0.9480249480249481,0.9497341724410616,0.7933838121341318,0.9222684352517986,0.9383979268937921,0.8948836070875985,0.9480249480249481,8.769,0.146,8.71,0.15,8710.0,150.0,622451.0,924503.0,104666.0,95.01039501039502,50.20790020790021,?
DatasetClassiRealeseNormalized,5,4,weka.classifiers.meta.FilteredClassifier,'-F \"weka.filters.MultiFilter -F \\\"weka.filters.supervised.attribute.AttributeSelection -E \\\\\\\"weka.attributeSelection.WrapperSubsetEval -B weka.classifiers.bayes.NaiveBayes -F 5 -T 0.01 -R 1 -E AUC --\\\\\\\" -S \\\\\\\"weka.attributeSelection.GreedyStepwise -B -T -1.7976931348623157E308 -N -1 -num-slots 1\\\\\\\"\\\" -F \\\"weka.filters.supervised.instance.Resample -B 1.0 -S 1 -Z 200.0\\\" -S 1\" -S 1 -W weka.classifiers.lazy.IBk -- -K 1 -W 0 -A \"weka.core.neighboursearch.LinearNNSearch -A \\\"weka.core.EuclideanDistance -R first-last\\\"\"',-4523450618538717400,2.0260425084999997E7,4330.0,481.0,457.0,24.0,0.0,95.01039501039502,4.98960498960499,0.0,0.7945907473309609,0.04974753776642548,0.21574859148707176,21.569646936925384,63.523587220760255,272.1308087156738,318.9625944237415,-46.831785708067684,0.565760517080403,0.6631238969308555,-0.09736337985045257,197.45379500558573,0.41050685032346307,72.55841260218658,0.875,56.0,0.03836930455635491,16.0,0.9616306954436451,401.0,0.125,8.0,0.7777777777777778,0.875,0.823529411764706,0.7964598850802407,0.9228304856115108,0.6829810615037214,0.9501039501039501,0.11347325466030501,0.886526745339695,0.0498960498960499,0.9534746331812346,0.9501039501039501,0.9513298536229741,0.7964598850802407,0.9228304856115108,0.9413648858463974,0.8972368608460333,0.9501039501039501,8.752,0.149,8.69,0.15,8690.0,150.0,620405.0,924503.0,104666.0,95.84199584199584,51.03950103950104,?
DatasetClassiRealeseNormalized,5,5,weka.classifiers.meta.FilteredClassifier,'-F \"weka.filters.MultiFilter -F \\\"weka.filters.supervised.attribute.AttributeSelection -E \\\\\\\"weka.attributeSelection.WrapperSubsetEval -B weka.classifiers.bayes.NaiveBayes -F 5 -T 0.01 -R 1 -E AUC --\\\\\\\" -S \\\\\\\"weka.attributeSelection.GreedyStepwise -B -T -1.7976931348623157E308 -N -1 -num-slots 1\\\\\\\"\\\" -F \\\"weka.filters.supervised.instance.Resample -B 1.0 -S 1 -Z 200.0\\\" -S 1\" -S 1 -W weka.classifiers.lazy.IBk -- -K 1 -W 0 -A \"weka.core.neighboursearch.LinearNNSearch -A \\\"weka.core.EuclideanDistance -R first-last\\\"\"',-4523450618538717400,2.02604250851E7,4330.0,481.0,466.0,15.0,0.0,96.88149688149689,3.1185031185031185,0.0,0.8708077425824129,0.0295322765147125,0.16629165283383154,12.804669462373122,48.96181356302052,272.1308087156738,185.81917915288318,86.31162956279064,0.565760517080403,0.3863184597773039,0.17944205730309906,226.87712983612343,0.4716780246073252,83.37061536945194,0.9375,60.0,0.026378896882494004,11.0,0.973621103117506,406.0,0.0625,4.0,0.8450704225352113,0.9375,0.8888888888888888,0.8723946980698476,0.9637102817745803,0.8682539265891115,0.9688149688149689,0.05769386569746282,0.9423061343025372,0.031185031185031187,0.9709276805807208,0.9688149688149689,0.9694914894431217,0.8723946980698475,0.9637102817745803,0.9748193890815319,0.9353755206234045,0.9688149688149689,10.681,0.122,10.62,0.12,10620.0,120.0,492364.0,924503.0,104666.0,97.5051975051975,50.41580041580042,?
DatasetClassiRealeseNormalized,5,6,weka.classifiers.meta.FilteredClassifier,'-F \"weka.filters.MultiFilter -F \\\"weka.filters.supervised.attribute.AttributeSelection -E \\\\\\\"weka.attributeSelection.WrapperSubsetEval -B weka.classifiers.bayes.NaiveBayes -F 5 -T 0.01 -R 1 -E AUC --\\\\\\\" -S \\\\\\\"weka.attributeSelection.GreedyStepwise -B -T -1.7976931348623157E308 -N -1 -num-slots 1\\\\\\\"\\\" -F \\\"weka.filters.supervised.instance.Resample -B 1.0 -S 1 -Z 200.0\\\" -S 1\" -S 1 -W weka.classifiers.lazy.IBk -- -K 1 -W 0 -A \"weka.core.neighboursearch.LinearNNSearch -A \\\"weka.core.EuclideanDistance -R first-last\\\"\"',-4523450618538717400,2.02604250851E7,4330.0,481.0,462.0,19.0,0.0,96.04989604989605,3.95010395010395,0.0,0.8299056375514157,0.03636050792505059,0.183871154326004,15.765269068651875,54.13780562228927,272.1308087156738,219.52106826606376,52.60974044961006,0.565760517080403,0.45638475730990385,0.10937575977049908,215.60461257172307,0.44824243777905004,79.22829965091893,0.859375,55.0,0.023980815347721823,10.0,0.9760191846522782,407.0,0.140625,9.0,0.8461538461538461,0.859375,0.8527131782945736,0.8299388956535205,0.9075052458033573,0.8072047995286067,0.9604989604989606,0.1251047758466823,0.8748952241533177,0.0395010395010395,0.96077382856229,0.9604989604989606,0.9606283551954843,0.8299388956535205,0.9075052458033573,0.9512285436299265,0.9149520273225569,0.9604989604989606,8.779,0.142,8.72,0.14,8720.0,140.0,624570.0,924503.0,104666.0,97.0893970893971,50.62370062370062,?
DatasetClassiRealeseNormalized,5,7,weka.classifiers.meta.FilteredClassifier,'-F \"weka.filters.MultiFilter -F \\\"weka.filters.supervised.attribute.AttributeSelection -E \\\\\\\"weka.attributeSelection.WrapperSubsetEval -B weka.classifiers.bayes.NaiveBayes -F 5 -T 0.01 -R 1 -E AUC --\\\\\\\" -S \\\\\\\"weka.attributeSelection.GreedyStepwise -B -T -1.7976931348623157E308 -N -1 -num-slots 1\\\\\\\"\\\" -F \\\"weka.filters.supervised.instance.Resample -B 1.0 -S 1 -Z 200.0\\\" -S 1\" -S 1 -W weka.classifiers.lazy.IBk -- -K 1 -W 0 -A \"weka.core.neighboursearch.LinearNNSearch -A \\\"weka.core.EuclideanDistance -R first-last\\\"\"',-4523450618538717400,2.02604250851E7,4330.0,481.0,444.0,37.0,0.0,92.3076923076923,7.6923076923076925,0.0,0.6853040510671407,0.07527640269012872,0.26628454994824646,32.6385083887251,78.40306032863226,272.1308087156738,491.7913054545125,-219.66049673883867,0.565760517080403,1.022435146475078,-0.456674629394675,156.5231683784006,0.32541199247068736,57.517621439893006,0.78125,50.0,0.05515587529976019,23.0,0.9448441247002398,394.0,0.21875,14.0,0.684931506849315,0.78125,0.7299270072992701,0.687320702780268,0.8704286570743405,0.6143664907765054,0.9230769230769231,0.19698279837668328,0.8030172016233168,0.07692307692307693,0.9283301307878262,0.9230769230769231,0.9251840130672248,0.687320702780268,0.8704286570743405,0.921037088289479,0.8425392612253926,0.9230769230769231,8.874,0.141,8.81,0.14,8810.0,140.0,620901.0,924503.0,104666.0,93.34719334719335,51.03950103950104,?
DatasetClassiRealeseNormalized,5,8,weka.classifiers.meta.FilteredClassifier,'-F \"weka.filters.MultiFilter -F \\\"weka.filters.supervised.attribute.AttributeSelection -E \\\\\\\"weka.attributeSelection.WrapperSubsetEval -B weka.classifiers.bayes.NaiveBayes -F 5 -T 0.01 -R 1 -E AUC --\\\\\\\" -S \\\\\\\"weka.attributeSelection.GreedyStepwise -B -T -1.7976931348623157E308 -N -1 -num-slots 1\\\\\\\"\\\" -F \\\"weka.filters.supervised.instance.Resample -B 1.0 -S 1 -Z 200.0\\\" -S 1\" -S 1 -W weka.classifiers.lazy.IBk -- -K 1 -W 0 -A \"weka.core.neighboursearch.LinearNNSearch -A \\\"weka.core.EuclideanDistance -R first-last\\\"\"',-4523450618538717400,2.02604250851E7,4330.0,481.0,460.0,21.0,0.0,95.63409563409563,4.365904365904366,0.0,0.8168150740828062,0.04454553611607705,0.202693043620539,19.314151609897436,59.67959812262424,272.1308087156738,280.1628129107529,-8.032004195079082,0.565760517080403,0.5824590705005258,-0.016698553420122834,203.74151237367738,0.42357902780390305,74.86896222270424,0.875,56.0,0.03117505995203837,13.0,0.9688249400479616,404.0,0.125,8.0,0.8115942028985508,0.875,0.8421052631578948,0.8175931013113732,0.9373688549160671,0.7681334442586857,0.9563409563409564,0.11251601629299471,0.8874839837070053,0.04365904365904366,0.9580975916982671,0.9563409563409564,0.9570299532841593,0.8175931013113732,0.9373688549160671,0.9558769511407126,0.9083867690940257,0.9563409563409564,8.804,0.144,8.74,0.15,8740.0,150.0,622155.0,924503.0,104666.0,96.25779625779626,50.935550935550935,?
DatasetClassiRealeseNormalized,5,9,weka.classifiers.meta.FilteredClassifier,'-F \"weka.filters.MultiFilter -F \\\"weka.filters.supervised.attribute.AttributeSelection -E \\\\\\\"weka.attributeSelection.WrapperSubsetEval -B weka.classifiers.bayes.NaiveBayes -F 5 -T 0.01 -R 1 -E AUC --\\\\\\\" -S \\\\\\\"weka.attributeSelection.GreedyStepwise -B -T -1.7976931348623157E308 -N -1 -num-slots 1\\\\\\\"\\\" -F \\\"weka.filters.supervised.instance.Resample -B 1.0 -S 1 -Z 200.0\\\" -S 1\" -S 1 -W weka.classifiers.lazy.IBk -- -K 1 -W 0 -A \"weka.core.neighboursearch.LinearNNSearch -A \\\"weka.core.EuclideanDistance -R first-last\\\"\"',-4523450618538717400,2.02604250851E7,4330.0,481.0,441.0,40.0,0.0,91.68399168399168,8.316008316008316,0.0,0.6532958518037987,0.0806340699604039,0.27528964092080194,34.961497557916694,81.05445970919456,272.1308087156738,493.9593457559265,-221.82853704025268,0.565760517080403,1.026942506769078,-0.461181989688675,149.76307145925156,0.3113577369215209,55.0334863465335,0.734375,47.0,0.05515587529976019,23.0,0.9448441247002398,394.0,0.265625,17.0,0.6714285714285714,0.734375,0.7014925373134329,0.6541810948670995,0.8599932553956835,0.6141163062925443,0.9168399168399168,0.23762079213967705,0.762379207860323,0.08316008316008316,0.9204225642181848,0.9168399168399168,0.9184004050973551,0.6541810948670995,0.8599932553956835,0.9184981407808873,0.8265916792847358,0.9168399168399168,11.082,0.118,10.99,0.12,10990.0,120.0,440831.0,924503.0,104666.0,93.34719334719335,51.66320166320166,?
DatasetClassiRealeseNormalized,5,10,weka.classifiers.meta.FilteredClassifier,'-F \"weka.filters.MultiFilter -F \\\"weka.filters.supervised.attribute.AttributeSelection -E \\\\\\\"weka.attributeSelection.WrapperSubsetEval -B weka.classifiers.bayes.NaiveBayes -F 5 -T 0.01 -R 1 -E AUC --\\\\\\\" -S \\\\\\\"weka.attributeSelection.GreedyStepwise -B -T -1.7976931348623157E308 -N -1 -num-slots 1\\\\\\\"\\\" -F \\\"weka.filters.supervised.instance.Resample -B 1.0 -S 1 -Z 200.0\\\" -S 1\" -S 1 -W weka.classifiers.lazy.IBk -- -K 1 -W 0 -A \"weka.core.neighboursearch.LinearNNSearch -A \\\"weka.core.EuclideanDistance -R first-last\\\"\"',-4523450618538717400,2.02604250851E7,4330.0,481.0,461.0,20.0,0.0,95.84199584199584,4.158004158004158,0.0,0.8389419052402478,0.04119312148500946,0.19646217124181042,17.86060429429315,57.845021302059884,272.1308087156738,270.14708993260246,1.9837187830713674,0.565760517080403,0.5616363616062421,0.004124155474160847,209.65765366881385,0.43587869785616185,77.04296865845394,0.984375,63.0,0.045563549160671464,19.0,0.9544364508393285,398.0,0.015625,1.0,0.7682926829268293,0.984375,0.863013698630137,0.8478968436215678,0.9798785971223022,0.7760387721453481,0.9584199584199584,0.01960850758062988,0.9803914924193702,0.04158004158004158,0.9669971287429567,0.9584199584199584,0.9605245082682633,0.8478968436215678,0.9798785971223022,0.9675607050989091,0.9192519473542842,0.9584199584199584,8.852,0.146,8.79,0.15,8790.0,150.0,618542.0,924503.0,104666.0,96.67359667359668,50.727650727650726,?
DatasetClassiRealeseNormalized,6,1,weka.classifiers.meta.FilteredClassifier,'-F \"weka.filters.MultiFilter -F \\\"weka.filters.supervised.attribute.AttributeSelection -E \\\\\\\"weka.attributeSelection.WrapperSubsetEval -B weka.classifiers.bayes.NaiveBayes -F 5 -T 0.01 -R 1 -E AUC --\\\\\\\" -S \\\\\\\"weka.attributeSelection.GreedyStepwise -B -T -1.7976931348623157E308 -N -1 -num-slots 1\\\\\\\"\\\" -F \\\"weka.filters.supervised.instance.Resample -B 1.0 -S 1 -Z 200.0\\\" -S 1\" -S 1 -W weka.classifiers.lazy.IBk -- -K 1 -W 0 -A \"weka.core.neighboursearch.LinearNNSearch -A \\\"weka.core.EuclideanDistance -R first-last\\\"\"',-4523450618538717400,2.0260425085199997E7,4329.0,482.0,455.0,27.0,0.0,94.39834024896265,5.601659751037344,0.0,0.7760300141121398,0.053245258461912005,0.22023275355071886,23.104237341213313,64.9009019346811,272.3366817903761,291.59967717819563,-19.262995387819558,0.565013862635635,0.6049785833572523,-0.03996472072161734,188.41026550489892,0.3908926670226119,69.18284539058999,0.890625,57.0,0.04784688995215311,20.0,0.9521531100478469,398.0,0.109375,7.0,0.7402597402597403,0.890625,0.8085106382978724,0.7805819429151682,0.9481720992822966,0.7451752607833122,0.9439834024896265,0.10120529244177967,0.8987947075582204,0.056016597510373446,0.9505226805365118,0.9439834024896265,0.9461233124950855,0.7805819429151681,0.9481720992822966,0.9557006372768259,0.8878519169618159,0.9439834024896265,8.82,0.147,8.76,0.15,8760.0,150.0,620403.0,924290.0,104879.0,96.2655601659751,51.34854771784232,?
DatasetClassiRealeseNormalized,6,2,weka.classifiers.meta.FilteredClassifier,'-F \"weka.filters.MultiFilter -F \\\"weka.filters.supervised.attribute.AttributeSelection -E \\\\\\\"weka.attributeSelection.WrapperSubsetEval -B weka.classifiers.bayes.NaiveBayes -F 5 -T 0.01 -R 1 -E AUC --\\\\\\\" -S \\\\\\\"weka.attributeSelection.GreedyStepwise -B -T -1.7976931348623157E308 -N -1 -num-slots 1\\\\\\\"\\\" -F \\\"weka.filters.supervised.instance.Resample -B 1.0 -S 1 -Z 200.0\\\" -S 1\" -S 1 -W weka.classifiers.lazy.IBk -- -K 1 -W 0 -A \"weka.core.neighboursearch.LinearNNSearch -A \\\"weka.core.EuclideanDistance -R first-last\\\"\"',-4523450618538717400,2.0260425085199997E7,4330.0,481.0,460.0,21.0,0.0,95.63409563409563,4.365904365904366,0.0,0.8094977651207969,0.04486176178339291,0.20606073762186305,19.566279114844686,61.07627308709695,269.42867131105754,285.8326892918128,-16.40401798075527,0.5601427677984564,0.5942467552844342,-0.03410398748597769,200.95086745294634,0.41777727121194663,74.58406949605856,0.8412698412698413,53.0,0.02631578947368421,11.0,0.9736842105263158,407.0,0.15873015873015872,10.0,0.828125,0.8412698412698413,0.8346456692913385,0.809531075074139,0.9209197235513025,0.7734408080678705,0.9563409563409564,0.14138690454479927,0.8586130954552008,0.04365904365904366,0.9566484286583208,0.9563409563409564,0.9564866991996983,0.809531075074139,0.9209197235513026,0.9537764875930154,0.904747984346268,0.9563409563409564,8.956,0.145,8.89,0.15,8890.0,150.0,622828.0,924503.0,104666.0,96.04989604989605,50.62370062370062,?
DatasetClassiRealeseNormalized,6,3,weka.classifiers.meta.FilteredClassifier,'-F \"weka.filters.MultiFilter -F \\\"weka.filters.supervised.attribute.AttributeSelection -E \\\\\\\"weka.attributeSelection.WrapperSubsetEval -B weka.classifiers.bayes.NaiveBayes -F 5 -T 0.01 -R 1 -E AUC --\\\\\\\" -S \\\\\\\"weka.attributeSelection.GreedyStepwise -B -T -1.7976931348623157E308 -N -1 -num-slots 1\\\\\\\"\\\" -F \\\"weka.filters.supervised.instance.Resample -B 1.0 -S 1 -Z 200.0\\\" -S 1\" -S 1 -W weka.classifiers.lazy.IBk -- -K 1 -W 0 -A \"weka.core.neighboursearch.LinearNNSearch -A \\\"weka.core.EuclideanDistance -R first-last\\\"\"',-4523450618538717400,2.0260425085199997E7,4330.0,481.0,460.0,21.0,0.0,95.63409563409563,4.365904365904366,0.0,0.8168150740828062,0.04369203268266993,0.1977116689096168,18.944087712373854,58.21291512484663,272.1308087156738,263.6972882624254,8.433520453248434,0.565760517080403,0.548227210524793,0.01753330655561005,205.53703765997102,0.42731192860700834,75.52876450483747,0.875,56.0,0.03117505995203837,13.0,0.9688249400479616,404.0,0.125,8.0,0.8115942028985508,0.875,0.8421052631578948,0.8175931013113732,0.9363384292565947,0.7621142289752788,0.9563409563409564,0.11251601629299471,0.8874839837070053,0.04365904365904366,0.9580975916982671,0.9563409563409564,0.9570299532841593,0.8175931013113732,0.9363384292565947,0.9543132963109816,0.9083867690940257,0.9563409563409564,8.938,0.145,8.89,0.14,8890.0,140.0,618227.0,924503.0,104666.0,96.46569646569647,51.143451143451145,?
DatasetClassiRealeseNormalized,6,4,weka.classifiers.meta.FilteredClassifier,'-F \"weka.filters.MultiFilter -F \\\"weka.filters.supervised.attribute.AttributeSelection -E \\\\\\\"weka.attributeSelection.WrapperSubsetEval -B weka.classifiers.bayes.NaiveBayes -F 5 -T 0.01 -R 1 -E AUC --\\\\\\\" -S \\\\\\\"weka.attributeSelection.GreedyStepwise -B -T -1.7976931348623157E308 -N -1 -num-slots 1\\\\\\\"\\\" -F \\\"weka.filters.supervised.instance.Resample -B 1.0 -S 1 -Z 200.0\\\" -S 1\" -S 1 -W weka.classifiers.lazy.IBk -- -K 1 -W 0 -A \"weka.core.neighboursearch.LinearNNSearch -A \\\"weka.core.EuclideanDistance -R first-last\\\"\"',-4523450618538717400,2.0260425085199997E7,4330.0,481.0,454.0,27.0,0.0,94.38669438669439,5.613305613305613,0.0,0.7703570102381838,0.05553466348877833,0.23224356045170896,24.078841647160772,68.38025670122661,272.1308087156738,387.80310982919036,-115.67230111351654,0.565760517080403,0.8062434715783583,-0.24048295449795537,188.54197492096574,0.3919791578398456,69.28358307197665,0.859375,55.0,0.04316546762589928,18.0,0.9568345323741008,399.0,0.140625,9.0,0.7534246575342466,0.859375,0.8029197080291972,0.7726239482228598,0.9018098021582733,0.7073604567094822,0.9438669438669439,0.12765741149284315,0.8723425885071568,0.056133056133056136,0.9480678766536945,0.9438669438669439,0.9454045500760829,0.7726239482228597,0.9018098021582733,0.9377549345660898,0.8850962176509622,0.9438669438669439,8.857,0.149,8.79,0.15,8790.0,150.0,620058.0,924503.0,104666.0,94.8024948024948,50.311850311850314,?
DatasetClassiRealeseNormalized,6,5,weka.classifiers.meta.FilteredClassifier,'-F \"weka.filters.MultiFilter -F \\\"weka.filters.supervised.attribute.AttributeSelection -E \\\\\\\"weka.attributeSelection.WrapperSubsetEval -B weka.classifiers.bayes.NaiveBayes -F 5 -T 0.01 -R 1 -E AUC --\\\\\\\" -S \\\\\\\"weka.attributeSelection.GreedyStepwise -B -T -1.7976931348623157E308 -N -1 -num-slots 1\\\\\\\"\\\" -F \\\"weka.filters.supervised.instance.Resample -B 1.0 -S 1 -Z 200.0\\\" -S 1\" -S 1 -W weka.classifiers.lazy.IBk -- -K 1 -W 0 -A \"weka.core.neighboursearch.LinearNNSearch -A \\\"weka.core.EuclideanDistance -R first-last\\\"\"',-4523450618538717400,2.0260425085199997E7,4330.0,481.0,449.0,32.0,0.0,93.34719334719335,6.652806652806653,0.0,0.7328334374783031,0.06562073668656121,0.24870278432114412,28.451983467317124,73.22640163246123,272.1308087156738,397.1583489558985,-125.02754024022465,0.565760517080403,0.8256930331723461,-0.2599325160919431,171.04449096150634,0.355601852310824,62.85377674389528,0.84375,54.0,0.05275779376498801,22.0,0.947242206235012,395.0,0.15625,10.0,0.7105263157894737,0.84375,0.7714285714285714,0.736539276858649,0.9161233513189448,0.6388052156556863,0.9334719334719335,0.14247972723692146,0.8575202727630785,0.06652806652806653,0.9400777295514137,0.9334719334719335,0.9358375299981139,0.736539276858649,0.9161233513189447,0.9354376564383557,0.8662495655196385,0.9334719334719335,11.187,0.124,11.12,0.12,11120.0,120.0,440973.0,924503.0,104666.0,94.8024948024948,51.24740124740125,?
DatasetClassiRealeseNormalized,6,6,weka.classifiers.meta.FilteredClassifier,'-F \"weka.filters.MultiFilter -F \\\"weka.filters.supervised.attribute.AttributeSelection -E \\\\\\\"weka.attributeSelection.WrapperSubsetEval -B weka.classifiers.bayes.NaiveBayes -F 5 -T 0.01 -R 1 -E AUC --\\\\\\\" -S \\\\\\\"weka.attributeSelection.GreedyStepwise -B -T -1.7976931348623157E308 -N -1 -num-slots 1\\\\\\\"\\\" -F \\\"weka.filters.supervised.instance.Resample -B 1.0 -S 1 -Z 200.0\\\" -S 1\" -S 1 -W weka.classifiers.lazy.IBk -- -K 1 -W 0 -A \"weka.core.neighboursearch.LinearNNSearch -A \\\"weka.core.EuclideanDistance -R first-last\\\"\"',-4523450618538717400,2.0260425085199997E7,4330.0,481.0,451.0,30.0,0.0,93.76299376299376,6.237006237006237,0.0,0.7525635309852875,0.06441941320894046,0.24640924214756005,27.931110989346827,72.55110625600503,272.1308087156738,419.33207728457995,-147.20126856890613,0.565760517080403,0.8717922604669022,-0.30603174338649924,175.12640921693836,0.3640881688501837,64.35376062102286,0.875,56.0,0.05275779376498801,22.0,0.947242206235012,395.0,0.125,8.0,0.717948717948718,0.875,0.7887323943661971,0.7576313825862342,0.9304181654676259,0.7059390440519545,0.9376299376299376,0.11538773139492564,0.8846122686050744,0.062370062370062374,0.9452615432764316,0.9376299376299376,0.9401720908076112,0.7576313825862342,0.9304181654676259,0.945306450249573,0.8760735142562692,0.9376299376299376,11.217,0.121,11.14,0.12,11140.0,120.0,442097.0,924503.0,104666.0,94.38669438669439,51.351351351351354,?
DatasetClassiRealeseNormalized,6,7,weka.classifiers.meta.FilteredClassifier,'-F \"weka.filters.MultiFilter -F \\\"weka.filters.supervised.attribute.AttributeSelection -E \\\\\\\"weka.attributeSelection.WrapperSubsetEval -B weka.classifiers.bayes.NaiveBayes -F 5 -T 0.01 -R 1 -E AUC --\\\\\\\" -S \\\\\\\"weka.attributeSelection.GreedyStepwise -B -T -1.7976931348623157E308 -N -1 -num-slots 1\\\\\\\"\\\" -F \\\"weka.filters.supervised.instance.Resample -B 1.0 -S 1 -Z 200.0\\\" -S 1\" -S 1 -W weka.classifiers.lazy.IBk -- -K 1 -W 0 -A \"weka.core.neighboursearch.LinearNNSearch -A \\\"weka.core.EuclideanDistance -R first-last\\\"\"',-4523450618538717400,2.02604250853E7,4330.0,481.0,457.0,24.0,0.0,95.01039501039502,4.98960498960499,0.0,0.80205082478823,0.0509625200655189,0.2206339108033958,22.09644163677776,64.9619883039505,272.1308087156738,353.721997191172,-81.5911884754982,0.565760517080403,0.7353887675492142,-0.16962825046881122,195.39260237958246,0.40622162656877847,71.8009854531875,0.921875,59.0,0.045563549160671464,19.0,0.9544364508393285,398.0,0.078125,5.0,0.7564102564102564,0.921875,0.8309859154929576,0.8074519296638835,0.9368630095923262,0.6838112550442794,0.9501039501039501,0.07379249926462157,0.9262075007353785,0.0498960498960499,0.9568327632843762,0.9501039501039501,0.9521376726460891,0.8074519296638835,0.936863009592326,0.9457321134640385,0.9008588114050153,0.9501039501039501,8.914,0.141,8.85,0.14,8850.0,140.0,618699.0,924503.0,104666.0,95.42619542619542,50.83160083160083,?
DatasetClassiRealeseNormalized,6,8,weka.classifiers.meta.FilteredClassifier,'-F \"weka.filters.MultiFilter -F \\\"weka.filters.supervised.attribute.AttributeSelection -E \\\\\\\"weka.attributeSelection.WrapperSubsetEval -B weka.classifiers.bayes.NaiveBayes -F 5 -T 0.01 -R 1 -E AUC --\\\\\\\" -S \\\\\\\"weka.attributeSelection.GreedyStepwise -B -T -1.7976931348623157E308 -N -1 -num-slots 1\\\\\\\"\\\" -F \\\"weka.filters.supervised.instance.Resample -B 1.0 -S 1 -Z 200.0\\\" -S 1\" -S 1 -W weka.classifiers.lazy.IBk -- -K 1 -W 0 -A \"weka.core.neighboursearch.LinearNNSearch -A \\\"weka.core.EuclideanDistance -R first-last\\\"\"',-4523450618538717400,2.02604250853E7,4330.0,481.0,460.0,21.0,0.0,95.63409563409563,4.365904365904366,0.0,0.8120009678199858,0.04209107343778971,0.20170730505690246,18.249940278693654,59.38936378462725,272.1308087156738,273.664785951852,-1.5339772361782025,0.565760517080403,0.5689496589435593,-0.0031891418631563462,207.9736893642384,0.4323777325659842,76.42416172787415,0.84375,54.0,0.026378896882494004,11.0,0.973621103117506,406.0,0.15625,10.0,0.8307692307692308,0.84375,0.8372093023255814,0.8120335084003542,0.9247039868105515,0.7128067588322139,0.9563409563409564,0.13896985322345035,0.8610301467765497,0.04365904365904366,0.9566428114505038,0.9563409563409564,0.9564839715318512,0.8120335084003542,0.9247039868105515,0.944729416192296,0.9059996091459841,0.9563409563409564,11.195,0.117,11.11,0.12,11110.0,120.0,441984.0,924503.0,104666.0,96.25779625779626,50.311850311850314,?
DatasetClassiRealeseNormalized,6,9,weka.classifiers.meta.FilteredClassifier,'-F \"weka.filters.MultiFilter -F \\\"weka.filters.supervised.attribute.AttributeSelection -E \\\\\\\"weka.attributeSelection.WrapperSubsetEval -B weka.classifiers.bayes.NaiveBayes -F 5 -T 0.01 -R 1 -E AUC --\\\\\\\" -S \\\\\\\"weka.attributeSelection.GreedyStepwise -B -T -1.7976931348623157E308 -N -1 -num-slots 1\\\\\\\"\\\" -F \\\"weka.filters.supervised.instance.Resample -B 1.0 -S 1 -Z 200.0\\\" -S 1\" -S 1 -W weka.classifiers.lazy.IBk -- -K 1 -W 0 -A \"weka.core.neighboursearch.LinearNNSearch -A \\\"weka.core.EuclideanDistance -R first-last\\\"\"',-4523450618538717400,2.02604250853E7,4330.0,481.0,464.0,17.0,0.0,96.46569646569647,3.5343035343035343,0.0,0.8497841462294482,0.036012890516056675,0.18628260369782715,15.6145483472298,54.84781681375809,272.1308087156738,246.69150386820857,25.43930484746525,0.565760517080403,0.512872149414155,0.052888367666247924,218.61727098854618,0.4545057608909484,80.33536225476058,0.890625,57.0,0.023980815347721823,10.0,0.9760191846522782,407.0,0.109375,7.0,0.8507462686567164,0.890625,0.8702290076335878,0.8500828796403587,0.9308303357314148,0.7738867312164335,0.9646569646569647,0.09801278000468648,0.9019872199953135,0.035343035343035345,0.9654824044830534,0.9646569646569647,0.9649978598086736,0.8500828796403587,0.9308303357314148,0.9551818333172815,0.9248858636242547,0.9646569646569647,8.935,0.145,8.87,0.14,8870.0,140.0,620929.0,924503.0,104666.0,96.67359667359668,50.41580041580042,?
DatasetClassiRealeseNormalized,6,10,weka.classifiers.meta.FilteredClassifier,'-F \"weka.filters.MultiFilter -F \\\"weka.filters.supervised.attribute.AttributeSelection -E \\\\\\\"weka.attributeSelection.WrapperSubsetEval -B weka.classifiers.bayes.NaiveBayes -F 5 -T 0.01 -R 1 -E AUC --\\\\\\\" -S \\\\\\\"weka.attributeSelection.GreedyStepwise -B -T -1.7976931348623157E308 -N -1 -num-slots 1\\\\\\\"\\\" -F \\\"weka.filters.supervised.instance.Resample -B 1.0 -S 1 -Z 200.0\\\" -S 1\" -S 1 -W weka.classifiers.lazy.IBk -- -K 1 -W 0 -A \"weka.core.neighboursearch.LinearNNSearch -A \\\"weka.core.EuclideanDistance -R first-last\\\"\"',-4523450618538717400,2.02604250853E7,4330.0,481.0,464.0,17.0,0.0,96.46569646569647,3.5343035343035343,0.0,0.8497841462294482,0.03692457485718809,0.18366514443319043,16.009838450801514,54.07714943304473,272.1308087156738,231.21575208733975,40.91505662833407,0.565760517080403,0.48069802928760863,0.08506248779279432,215.80983052937268,0.44866908633965213,79.30371116298481,0.890625,57.0,0.023980815347721823,10.0,0.9760191846522782,407.0,0.109375,7.0,0.8507462686567164,0.890625,0.8702290076335878,0.8500828796403587,0.927476768585132,0.7772104020956787,0.9646569646569647,0.09801278000468648,0.9019872199953135,0.035343035343035345,0.9654824044830534,0.9646569646569647,0.9649978598086736,0.8500828796403587,0.927476768585132,0.954857911511502,0.9248858636242547,0.9646569646569647,8.874,0.143,8.8,0.15,8800.0,150.0,619388.0,924503.0,104666.0,96.88149688149689,50.83160083160083,?
DatasetClassiRealeseNormalized,7,1,weka.classifiers.meta.FilteredClassifier,'-F \"weka.filters.MultiFilter -F \\\"weka.filters.supervised.attribute.AttributeSelection -E \\\\\\\"weka.attributeSelection.WrapperSubsetEval -B weka.classifiers.bayes.NaiveBayes -F 5 -T 0.01 -R 1 -E AUC --\\\\\\\" -S \\\\\\\"weka.attributeSelection.GreedyStepwise -B -T -1.7976931348623157E308 -N -1 -num-slots 1\\\\\\\"\\\" -F \\\"weka.filters.supervised.instance.Resample -B 1.0 -S 1 -Z 200.0\\\" -S 1\" -S 1 -W weka.classifiers.lazy.IBk -- -K 1 -W 0 -A \"weka.core.neighboursearch.LinearNNSearch -A \\\"weka.core.EuclideanDistance -R first-last\\\"\"',-4523450618538717400,2.02604250853E7,4329.0,482.0,451.0,31.0,0.0,93.56846473029046,6.431535269709544,0.0,0.7261664772935528,0.06366794818425371,0.24258261862964842,27.62686159048924,71.48723561282272,272.3366817903761,394.5986423797685,-122.2619605893924,0.565013862635635,0.81866938253064,-0.253655519895005,174.81640255227518,0.3626896318511933,64.19128022086846,0.78125,50.0,0.04066985645933014,17.0,0.9593301435406698,401.0,0.21875,14.0,0.746268656716418,0.78125,0.7633587786259542,0.7264215872218177,0.8921949760765551,0.6410451785051042,0.9356846473029046,0.1951045037622347,0.8048954962377652,0.06431535269709543,0.9370539195240116,0.9356846473029046,0.9363052686786919,0.7264215872218177,0.892194976076555,0.9298793545208673,0.8630719463357862,0.9356846473029046,8.264,0.144,8.21,0.14,8210.0,140.0,646826.0,924290.0,104879.0,94.60580912863071,51.34854771784232,?
DatasetClassiRealeseNormalized,7,2,weka.classifiers.meta.FilteredClassifier,'-F \"weka.filters.MultiFilter -F \\\"weka.filters.supervised.attribute.AttributeSelection -E \\\\\\\"weka.attributeSelection.WrapperSubsetEval -B weka.classifiers.bayes.NaiveBayes -F 5 -T 0.01 -R 1 -E AUC --\\\\\\\" -S \\\\\\\"weka.attributeSelection.GreedyStepwise -B -T -1.7976931348623157E308 -N -1 -num-slots 1\\\\\\\"\\\" -F \\\"weka.filters.supervised.instance.Resample -B 1.0 -S 1 -Z 200.0\\\" -S 1\" -S 1 -W weka.classifiers.lazy.IBk -- -K 1 -W 0 -A \"weka.core.neighboursearch.LinearNNSearch -A \\\"weka.core.EuclideanDistance -R first-last\\\"\"',-4523450618538717400,2.02604250853E7,4330.0,481.0,460.0,21.0,0.0,95.63409563409563,4.365904365904366,0.0,0.8144665062542478,0.04287262849803101,0.20261221899933166,18.698726537530913,60.054134335355826,269.42867131105754,278.539725947339,-9.111054636281438,0.5601427677984564,0.5790846693291871,-0.01894190153073064,204.6440528544646,0.42545541133984327,75.95481648580802,0.873015873015873,55.0,0.03110047846889952,13.0,0.9688995215311005,405.0,0.12698412698412698,8.0,0.8088235294117647,0.873015873015873,0.8396946564885497,0.8152623457325588,0.9310017467912205,0.7366519394522337,0.9563409563409564,0.11442556179398283,0.8855744382060171,0.04365904365904366,0.9581268816064429,0.9563409563409564,0.9570427993003573,0.8152623457325588,0.9310017467912205,0.9514291896032998,0.907211949182903,0.9563409563409564,8.337,0.156,8.28,0.15,8280.0,150.0,644884.0,924503.0,104666.0,96.25779625779626,50.41580041580042,?
DatasetClassiRealeseNormalized,7,3,weka.classifiers.meta.FilteredClassifier,'-F \"weka.filters.MultiFilter -F \\\"weka.filters.supervised.attribute.AttributeSelection -E \\\\\\\"weka.attributeSelection.WrapperSubsetEval -B weka.classifiers.bayes.NaiveBayes -F 5 -T 0.01 -R 1 -E AUC --\\\\\\\" -S \\\\\\\"weka.attributeSelection.GreedyStepwise -B -T -1.7976931348623157E308 -N -1 -num-slots 1\\\\\\\"\\\" -F \\\"weka.filters.supervised.instance.Resample -B 1.0 -S 1 -Z 200.0\\\" -S 1\" -S 1 -W weka.classifiers.lazy.IBk -- -K 1 -W 0 -A \"weka.core.neighboursearch.LinearNNSearch -A \\\"weka.core.EuclideanDistance -R first-last\\\"\"',-4523450618538717400,2.02604250853E7,4330.0,481.0,446.0,35.0,0.0,92.72349272349273,7.276507276507276,0.0,0.7059850853140992,0.07190009351404714,0.26413378894626177,31.17460082369318,77.76980449526211,272.1308087156738,487.71969720334766,-215.58888848767384,0.565760517080403,1.0139702644560242,-0.4482097473756213,163.81129161435823,0.3405640158302666,60.195790541860546,0.8125,52.0,0.05515587529976019,23.0,0.9448441247002398,394.0,0.1875,12.0,0.6933333333333334,0.8125,0.7482014388489209,0.7090185971108047,0.8811450839328537,0.5901346755807012,0.9272349272349273,0.16989080253468744,0.8301091974653126,0.07276507276507277,0.9335721625376798,0.9272349272349273,0.9296278414174861,0.7090185971108047,0.8811450839328537,0.9204169615316405,0.8528370499226379,0.9272349272349273,11.042,0.14,10.96,0.14,10960.0,140.0,439354.0,924503.0,104666.0,93.55509355509355,50.83160083160083,?
DatasetClassiRealeseNormalized,7,4,weka.classifiers.meta.FilteredClassifier,'-F \"weka.filters.MultiFilter -F \\\"weka.filters.supervised.attribute.AttributeSelection -E \\\\\\\"weka.attributeSelection.WrapperSubsetEval -B weka.classifiers.bayes.NaiveBayes -F 5 -T 0.01 -R 1 -E AUC --\\\\\\\" -S \\\\\\\"weka.attributeSelection.GreedyStepwise -B -T -1.7976931348623157E308 -N -1 -num-slots 1\\\\\\\"\\\" -F \\\"weka.filters.supervised.instance.Resample -B 1.0 -S 1 -Z 200.0\\\" -S 1\" -S 1 -W weka.classifiers.lazy.IBk -- -K 1 -W 0 -A \"weka.core.neighboursearch.LinearNNSearch -A \\\"weka.core.EuclideanDistance -R first-last\\\"\"',-4523450618538717400,2.0260425085399996E7,4330.0,481.0,449.0,32.0,0.0,93.34719334719335,6.652806652806653,0.0,0.7261209964412811,0.06466205314560752,0.24765900985013095,28.036315347224388,72.91907958604045,272.1308087156738,417.32780416159676,-145.19699544592294,0.565760517080403,0.8676253724773322,-0.3018648553969292,174.09427138481726,0.36194235215138726,63.97448058397293,0.8125,52.0,0.047961630695443645,20.0,0.9520383693045563,397.0,0.1875,12.0,0.7222222222222222,0.8125,0.7647058823529411,0.7278290709054654,0.8908123501199041,0.6323800884837933,0.9334719334719335,0.16893356416737712,0.831066435832623,0.06652806652806653,0.9376039571638594,0.9334719334719335,0.935106471497299,0.7278290709054654,0.8908123501199041,0.9274635253365365,0.8629824811280444,0.9334719334719335,11.114,0.128,11.04,0.13,11040.0,130.0,467310.0,924503.0,104666.0,94.38669438669439,51.351351351351354,?
DatasetClassiRealeseNormalized,7,5,weka.classifiers.meta.FilteredClassifier,'-F \"weka.filters.MultiFilter -F \\\"weka.filters.supervised.attribute.AttributeSelection -E \\\\\\\"weka.attributeSelection.WrapperSubsetEval -B weka.classifiers.bayes.NaiveBayes -F 5 -T 0.01 -R 1 -E AUC --\\\\\\\" -S \\\\\\\"weka.attributeSelection.GreedyStepwise -B -T -1.7976931348623157E308 -N -1 -num-slots 1\\\\\\\"\\\" -F \\\"weka.filters.supervised.instance.Resample -B 1.0 -S 1 -Z 200.0\\\" -S 1\" -S 1 -W weka.classifiers.lazy.IBk -- -K 1 -W 0 -A \"weka.core.neighboursearch.LinearNNSearch -A \\\"weka.core.EuclideanDistance -R first-last\\\"\"',-4523450618538717400,2.0260425085399996E7,4330.0,481.0,450.0,31.0,0.0,93.55509355509355,6.444906444906445,0.0,0.7330026680036531,0.06180652977505653,0.24493861886189766,26.79821123819062,72.1181056699444,272.1308087156738,419.4440158320473,-147.31320711637346,0.565760517080403,0.8720249809398073,-0.3062644638594043,177.79431727462432,0.3696347552486992,65.33413769419484,0.8125,52.0,0.045563549160671464,19.0,0.9544364508393285,398.0,0.1875,12.0,0.7323943661971831,0.8125,0.7703703703703704,0.7343384882420481,0.8848920863309353,0.6223625478881228,0.9355509355509356,0.168614484711607,0.831385515288393,0.06444906444906445,0.9390194623447802,0.9355509355509356,0.9369490781824519,0.734338488242048,0.8848920863309352,0.9251527506981334,0.8664427426217027,0.9355509355509356,8.432,0.152,8.38,0.15,8380.0,150.0,645017.0,924503.0,104666.0,94.38669438669439,50.41580041580042,?
DatasetClassiRealeseNormalized,7,6,weka.classifiers.meta.FilteredClassifier,'-F \"weka.filters.MultiFilter -F \\\"weka.filters.supervised.attribute.AttributeSelection -E \\\\\\\"weka.attributeSelection.WrapperSubsetEval -B weka.classifiers.bayes.NaiveBayes -F 5 -T 0.01 -R 1 -E AUC --\\\\\\\" -S \\\\\\\"weka.attributeSelection.GreedyStepwise -B -T -1.7976931348623157E308 -N -1 -num-slots 1\\\\\\\"\\\" -F \\\"weka.filters.supervised.instance.Resample -B 1.0 -S 1 -Z 200.0\\\" -S 1\" -S 1 -W weka.classifiers.lazy.IBk -- -K 1 -W 0 -A \"weka.core.neighboursearch.LinearNNSearch -A \\\"weka.core.EuclideanDistance -R first-last\\\"\"',-4523450618538717400,2.0260425085399996E7,4330.0,481.0,468.0,13.0,0.0,97.29729729729729,2.7027027027027026,0.0,0.8851290529989899,0.02751527570063284,0.15841489208485077,11.930133809262838,46.642632264982126,272.1308087156738,171.2151312409572,100.91567747471663,0.565760517080403,0.3559566138065638,0.20980390327383916,230.20415108717296,0.47859490870514126,84.59319698994227,0.921875,59.0,0.019184652278177457,8.0,0.9808153477218226,409.0,0.078125,5.0,0.8805970149253731,0.921875,0.9007633587786259,0.8854402115705772,0.9512327637889688,0.8351788091230167,0.972972972972973,0.07028262525115044,0.9297173747488496,0.02702702702702703,0.9736423639733178,0.972972972972973,0.9732336575007503,0.8854402115705771,0.9512327637889688,0.9678717370014982,0.9425597780656065,0.972972972972973,9.578,0.144,9.52,0.14,9520.0,140.0,593088.0,924503.0,104666.0,97.71309771309771,50.62370062370062,?
DatasetClassiRealeseNormalized,7,7,weka.classifiers.meta.FilteredClassifier,'-F \"weka.filters.MultiFilter -F \\\"weka.filters.supervised.attribute.AttributeSelection -E \\\\\\\"weka.attributeSelection.WrapperSubsetEval -B weka.classifiers.bayes.NaiveBayes -F 5 -T 0.01 -R 1 -E AUC --\\\\\\\" -S \\\\\\\"weka.attributeSelection.GreedyStepwise -B -T -1.7976931348623157E308 -N -1 -num-slots 1\\\\\\\"\\\" -F \\\"weka.filters.supervised.instance.Resample -B 1.0 -S 1 -Z 200.0\\\" -S 1\" -S 1 -W weka.classifiers.lazy.IBk -- -K 1 -W 0 -A \"weka.core.neighboursearch.LinearNNSearch -A \\\"weka.core.EuclideanDistance -R first-last\\\"\"',-4523450618538717400,2.0260425085399996E7,4330.0,481.0,461.0,20.0,0.0,95.84199584199584,4.158004158004158,0.0,0.8288256227758007,0.04196146554830039,0.20213115532265116,18.19374460465546,59.51415945137646,272.1308087156738,302.3869030022155,-30.256094286541668,0.565760517080403,0.628663000004606,-0.06290248292420306,210.20752762088924,0.43702188694571564,77.24503102495721,0.90625,58.0,0.03357314148681055,14.0,0.9664268585131894,403.0,0.09375,6.0,0.8055555555555556,0.90625,0.8529411764705882,0.8307752921676284,0.9261840527577938,0.7549373430356894,0.9584199584199584,0.08574309990676897,0.914256900093231,0.04158004158004158,0.9614099711899223,0.9584199584199584,0.9594415446858119,0.8307752921676284,0.9261840527577938,0.9487227427522824,0.9143640507050277,0.9584199584199584,9.098,0.148,9.04,0.15,9040.0,150.0,620647.0,924503.0,104666.0,96.04989604989605,50.311850311850314,?
DatasetClassiRealeseNormalized,7,8,weka.classifiers.meta.FilteredClassifier,'-F \"weka.filters.MultiFilter -F \\\"weka.filters.supervised.attribute.AttributeSelection -E \\\\\\\"weka.attributeSelection.WrapperSubsetEval -B weka.classifiers.bayes.NaiveBayes -F 5 -T 0.01 -R 1 -E AUC --\\\\\\\" -S \\\\\\\"weka.attributeSelection.GreedyStepwise -B -T -1.7976931348623157E308 -N -1 -num-slots 1\\\\\\\"\\\" -F \\\"weka.filters.supervised.instance.Resample -B 1.0 -S 1 -Z 200.0\\\" -S 1\" -S 1 -W weka.classifiers.lazy.IBk -- -K 1 -W 0 -A \"weka.core.neighboursearch.LinearNNSearch -A \\\"weka.core.EuclideanDistance -R first-last\\\"\"',-4523450618538717400,2.0260425085399996E7,4330.0,481.0,453.0,28.0,0.0,94.17879417879418,5.8212058212058215,0.0,0.7662292577935151,0.059824001335236396,0.23520463231859345,25.93862219299783,69.25209510214728,272.1308087156738,372.2900299658111,-100.15922125013725,0.565760517080403,0.7739917462906675,-0.20823122921026455,182.4955775669644,0.3794086851704042,67.06171139837328,0.875,56.0,0.047961630695443645,20.0,0.9520383693045563,397.0,0.125,8.0,0.7368421052631579,0.875,0.7999999999999999,0.770103975311421,0.9214815647482014,0.6528367503062779,0.9417879417879418,0.11474957248338544,0.8852504275166146,0.058212058212058215,0.9478604110183058,0.9417879417879418,0.9438578387483496,0.770103975311421,0.9214815647482014,0.9380390789244107,0.8829683698296836,0.9417879417879418,11.253,0.117,11.18,0.11,11180.0,110.0,438298.0,924503.0,104666.0,95.21829521829522,51.45530145530145,?
DatasetClassiRealeseNormalized,7,9,weka.classifiers.meta.FilteredClassifier,'-F \"weka.filters.MultiFilter -F \\\"weka.filters.supervised.attribute.AttributeSelection -E \\\\\\\"weka.attributeSelection.WrapperSubsetEval -B weka.classifiers.bayes.NaiveBayes -F 5 -T 0.01 -R 1 -E AUC --\\\\\\\" -S \\\\\\\"weka.attributeSelection.GreedyStepwise -B -T -1.7976931348623157E308 -N -1 -num-slots 1\\\\\\\"\\\" -F \\\"weka.filters.supervised.instance.Resample -B 1.0 -S 1 -Z 200.0\\\" -S 1\" -S 1 -W weka.classifiers.lazy.IBk -- -K 1 -W 0 -A \"weka.core.neighboursearch.LinearNNSearch -A \\\"weka.core.EuclideanDistance -R first-last\\\"\"',-4523450618538717400,2.0260425085399996E7,4330.0,481.0,453.0,28.0,0.0,94.17879417879418,5.8212058212058215,0.0,0.7633289986996098,0.0574246435139402,0.23520347512210932,24.898303346993803,69.25175438487408,272.1308087156738,391.7564775289796,-119.62566881330577,0.565760517080403,0.8144625312452798,-0.24870201416487686,185.55465674417283,0.38576851713965243,68.18583225467975,0.859375,55.0,0.045563549160671464,19.0,0.9544364508393285,398.0,0.140625,9.0,0.7432432432432432,0.859375,0.7971014492753623,0.7660705134007385,0.9008355815347722,0.6432915279103408,0.9417879417879418,0.12797649094861327,0.8720235090513868,0.058212058212058215,0.9466661899094331,0.9417879417879418,0.9435438458232887,0.7660705134007385,0.9008355815347722,0.9319090727858187,0.8815604333755452,0.9417879417879418,8.885,0.147,8.81,0.15,8810.0,150.0,620251.0,924503.0,104666.0,94.8024948024948,50.62370062370062,?
DatasetClassiRealeseNormalized,7,10,weka.classifiers.meta.FilteredClassifier,'-F \"weka.filters.MultiFilter -F \\\"weka.filters.supervised.attribute.AttributeSelection -E \\\\\\\"weka.attributeSelection.WrapperSubsetEval -B weka.classifiers.bayes.NaiveBayes -F 5 -T 0.01 -R 1 -E AUC --\\\\\\\" -S \\\\\\\"weka.attributeSelection.GreedyStepwise -B -T -1.7976931348623157E308 -N -1 -num-slots 1\\\\\\\"\\\" -F \\\"weka.filters.supervised.instance.Resample -B 1.0 -S 1 -Z 200.0\\\" -S 1\" -S 1 -W weka.classifiers.lazy.IBk -- -K 1 -W 0 -A \"weka.core.neighboursearch.LinearNNSearch -A \\\"weka.core.EuclideanDistance -R first-last\\\"\"',-4523450618538717400,2.02604250855E7,4330.0,481.0,455.0,26.0,0.0,94.5945945945946,5.405405405405405,0.0,0.7802340702210663,0.05265206665980155,0.22385274040314115,22.82899896842437,65.90971918561627,272.1308087156738,340.15715009700847,-68.02634138133465,0.565760517080403,0.7071874222391028,-0.14142690515869988,191.0800214659555,0.3972557618834834,70.21623989130855,0.875,56.0,0.04316546762589928,18.0,0.9568345323741008,399.0,0.125,8.0,0.7567567567567568,0.875,0.8115942028985507,0.7830362998985402,0.9303244904076738,0.7394689839986002,0.9459459459459459,0.11411141357184522,0.8858885864281548,0.05405405405405406,0.9505943289727073,0.9459459459459459,0.9475764282644822,0.7830362998985401,0.930324490407674,0.9503631504507017,0.890020402420149,0.9459459459459459,11.167,0.118,11.09,0.12,11090.0,120.0,467106.0,924503.0,104666.0,95.42619542619542,50.62370062370062,?
DatasetClassiRealeseNormalized,8,1,weka.classifiers.meta.FilteredClassifier,'-F \"weka.filters.MultiFilter -F \\\"weka.filters.supervised.attribute.AttributeSelection -E \\\\\\\"weka.attributeSelection.WrapperSubsetEval -B weka.classifiers.bayes.NaiveBayes -F 5 -T 0.01 -R 1 -E AUC --\\\\\\\" -S \\\\\\\"weka.attributeSelection.GreedyStepwise -B -T -1.7976931348623157E308 -N -1 -num-slots 1\\\\\\\"\\\" -F \\\"weka.filters.supervised.instance.Resample -B 1.0 -S 1 -Z 200.0\\\" -S 1\" -S 1 -W weka.classifiers.lazy.IBk -- -K 1 -W 0 -A \"weka.core.neighboursearch.LinearNNSearch -A \\\"weka.core.EuclideanDistance -R first-last\\\"\"',-4523450618538717400,2.02604250855E7,4329.0,482.0,453.0,29.0,0.0,93.98340248962656,6.016597510373444,0.0,0.7438331561778396,0.060699520981774543,0.24233662941973216,26.33879860427513,71.41474448090719,272.3366817903761,399.611005012828,-127.27432322245193,0.565013862635635,0.8290684751303485,-0.2640546124947135,181.08853128857146,0.375702347071725,66.49435915061913,0.796875,51.0,0.03827751196172249,16.0,0.9617224880382775,402.0,0.203125,13.0,0.7611940298507462,0.796875,0.7786259541984732,0.7440944725963844,0.8889802631578947,0.6320697892403988,0.9398340248962656,0.18123653685798805,0.8187634631420119,0.06016597510373444,0.941125398354426,0.9398340248962656,0.9404146061832925,0.7440944725963844,0.8889802631578947,0.9284028092928335,0.8719060143141226,0.9398340248962656,11.07,0.116,11.0,0.12,11000.0,120.0,441563.0,924290.0,104879.0,94.60580912863071,50.62240663900415,?
DatasetClassiRealeseNormalized,8,2,weka.classifiers.meta.FilteredClassifier,'-F \"weka.filters.MultiFilter -F \\\"weka.filters.supervised.attribute.AttributeSelection -E \\\\\\\"weka.attributeSelection.WrapperSubsetEval -B weka.classifiers.bayes.NaiveBayes -F 5 -T 0.01 -R 1 -E AUC --\\\\\\\" -S \\\\\\\"weka.attributeSelection.GreedyStepwise -B -T -1.7976931348623157E308 -N -1 -num-slots 1\\\\\\\"\\\" -F \\\"weka.filters.supervised.instance.Resample -B 1.0 -S 1 -Z 200.0\\\" -S 1\" -S 1 -W weka.classifiers.lazy.IBk -- -K 1 -W 0 -A \"weka.core.neighboursearch.LinearNNSearch -A \\\"weka.core.EuclideanDistance -R first-last\\\"\"',-4523450618538717400,2.02604250855E7,4330.0,481.0,463.0,18.0,0.0,96.25779625779626,3.7422037422037424,0.0,0.8440224832456582,0.03639931998528578,0.1882517748580141,15.875418755540057,55.79770771983713,269.42867131105754,235.72705050316554,33.701620807892,0.5601427677984564,0.4900770280731092,0.07006573972534719,214.14957956530736,0.44521742113369517,79.482847361137,0.9206349206349206,58.0,0.03110047846889952,13.0,0.9688995215311005,405.0,0.07936507936507936,5.0,0.8169014084507042,0.9206349206349206,0.8656716417910447,0.8460578926224904,0.9568998253208779,0.8259717610254181,0.9625779625779626,0.07304352041194145,0.9269564795880585,0.037422037422037424,0.9654204319267871,0.9625779625779626,0.9635142555324256,0.8460578926224904,0.956899825320878,0.9682935055644265,0.9219662556781311,0.9625779625779626,7.547,0.153,7.49,0.15,7490.0,150.0,672378.0,924503.0,104666.0,96.88149688149689,50.311850311850314,?
DatasetClassiRealeseNormalized,8,3,weka.classifiers.meta.FilteredClassifier,'-F \"weka.filters.MultiFilter -F \\\"weka.filters.supervised.attribute.AttributeSelection -E \\\\\\\"weka.attributeSelection.WrapperSubsetEval -B weka.classifiers.bayes.NaiveBayes -F 5 -T 0.01 -R 1 -E AUC --\\\\\\\" -S \\\\\\\"weka.attributeSelection.GreedyStepwise -B -T -1.7976931348623157E308 -N -1 -num-slots 1\\\\\\\"\\\" -F \\\"weka.filters.supervised.instance.Resample -B 1.0 -S 1 -Z 200.0\\\" -S 1\" -S 1 -W weka.classifiers.lazy.IBk -- -K 1 -W 0 -A \"weka.core.neighboursearch.LinearNNSearch -A \\\"weka.core.EuclideanDistance -R first-last\\\"\"',-4523450618538717400,2.02604250855E7,4330.0,481.0,458.0,23.0,0.0,95.21829521829522,4.781704781704781,0.0,0.801905205293033,0.04685699182517599,0.20812744548837275,20.316357664590928,61.27966743786094,272.1308087156738,303.99919537545986,-31.86838665978604,0.565760517080403,0.6320149592005403,-0.0662544421201373,201.36724710377274,0.4186429253716689,73.99649016373009,0.875,56.0,0.03597122302158273,15.0,0.9640287769784173,402.0,0.125,8.0,0.7887323943661971,0.875,0.8296296296296297,0.8033665931559478,0.9150179856115108,0.6884605436816098,0.9521829521829522,0.11315417520453491,0.8868458247954651,0.04781704781704782,0.9549735714627504,0.9521829521829522,0.953220283812787,0.8033665931559478,0.9150179856115108,0.9380666809876868,0.9009091316225537,0.9521829521829522,8.818,0.141,8.76,0.14,8760.0,140.0,623550.0,924503.0,104666.0,96.04989604989605,50.727650727650726,?
DatasetClassiRealeseNormalized,8,4,weka.classifiers.meta.FilteredClassifier,'-F \"weka.filters.MultiFilter -F \\\"weka.filters.supervised.attribute.AttributeSelection -E \\\\\\\"weka.attributeSelection.WrapperSubsetEval -B weka.classifiers.bayes.NaiveBayes -F 5 -T 0.01 -R 1 -E AUC --\\\\\\\" -S \\\\\\\"weka.attributeSelection.GreedyStepwise -B -T -1.7976931348623157E308 -N -1 -num-slots 1\\\\\\\"\\\" -F \\\"weka.filters.supervised.instance.Resample -B 1.0 -S 1 -Z 200.0\\\" -S 1\" -S 1 -W weka.classifiers.lazy.IBk -- -K 1 -W 0 -A \"weka.core.neighboursearch.LinearNNSearch -A \\\"weka.core.EuclideanDistance -R first-last\\\"\"',-4523450618538717400,2.02604250855E7,4330.0,481.0,459.0,22.0,0.0,95.42619542619542,4.573804573804574,0.0,0.8093127184920893,0.045267256645771706,0.20313497414719014,19.62707678592798,59.8097172217189,272.1308087156738,284.12737728966977,-11.996568573995944,0.565760517080403,0.5907014080866315,-0.024940891006228573,202.23091979782453,0.4204385026981799,74.31386425971279,0.875,56.0,0.03357314148681055,14.0,0.9664268585131894,403.0,0.125,8.0,0.8,0.875,0.8358208955223881,0.8104093709017259,0.9286196043165468,0.6553808186047444,0.9542619542619543,0.11283509574876481,0.8871649042512352,0.04573804573804574,0.9565139535942456,0.9542619542619543,0.9551202228035452,0.8104093709017259,0.9286196043165467,0.9393314055022204,0.9046254236066047,0.9542619542619543,10.824,0.13,10.75,0.13,10750.0,130.0,492651.0,924503.0,104666.0,96.25779625779626,51.143451143451145,?
DatasetClassiRealeseNormalized,8,5,weka.classifiers.meta.FilteredClassifier,'-F \"weka.filters.MultiFilter -F \\\"weka.filters.supervised.attribute.AttributeSelection -E \\\\\\\"weka.attributeSelection.WrapperSubsetEval -B weka.classifiers.bayes.NaiveBayes -F 5 -T 0.01 -R 1 -E AUC --\\\\\\\" -S \\\\\\\"weka.attributeSelection.GreedyStepwise -B -T -1.7976931348623157E308 -N -1 -num-slots 1\\\\\\\"\\\" -F \\\"weka.filters.supervised.instance.Resample -B 1.0 -S 1 -Z 200.0\\\" -S 1\" -S 1 -W weka.classifiers.lazy.IBk -- -K 1 -W 0 -A \"weka.core.neighboursearch.LinearNNSearch -A \\\"weka.core.EuclideanDistance -R first-last\\\"\"',-4523450618538717400,2.02604250855E7,4330.0,481.0,452.0,29.0,0.0,93.97089397089397,6.029106029106029,0.0,0.7533464184039752,0.061059348112949316,0.23737166180099234,26.474246568319565,69.89014091920826,272.1308087156738,386.80542193999383,-114.67461322432001,0.565760517080403,0.8041692763825236,-0.2384087593021206,180.6209957255289,0.3755114256248002,66.37285817727617,0.84375,54.0,0.045563549160671464,19.0,0.9544364508393285,398.0,0.15625,10.0,0.7397260273972602,0.84375,0.7883211678832116,0.7555632991343415,0.9163856414868106,0.639695875700268,0.9397089397089398,0.14152248886961116,0.8584775111303888,0.060291060291060294,0.9441203274805209,0.9397089397089398,0.9413604426743113,0.7555632991343415,0.9163856414868106,0.9348517224337285,0.8765848263658482,0.9397089397089398,8.975,0.151,8.92,0.15,8920.0,150.0,620542.0,924503.0,104666.0,94.8024948024948,51.45530145530145,?
DatasetClassiRealeseNormalized,8,6,weka.classifiers.meta.FilteredClassifier,'-F \"weka.filters.MultiFilter -F \\\"weka.filters.supervised.attribute.AttributeSelection -E \\\\\\\"weka.attributeSelection.WrapperSubsetEval -B weka.classifiers.bayes.NaiveBayes -F 5 -T 0.01 -R 1 -E AUC --\\\\\\\" -S \\\\\\\"weka.attributeSelection.GreedyStepwise -B -T -1.7976931348623157E308 -N -1 -num-slots 1\\\\\\\"\\\" -F \\\"weka.filters.supervised.instance.Resample -B 1.0 -S 1 -Z 200.0\\\" -S 1\" -S 1 -W weka.classifiers.lazy.IBk -- -K 1 -W 0 -A \"weka.core.neighboursearch.LinearNNSearch -A \\\"weka.core.EuclideanDistance -R first-last\\\"\"',-4523450618538717400,2.02604250856E7,4330.0,481.0,466.0,15.0,0.0,96.88149688149689,3.1185031185031185,0.0,0.8674565996142191,0.03207781048765969,0.17078112226830586,13.90836768599608,50.28366322716006,272.1308087156738,203.01444686677496,69.11636184889886,0.565760517080403,0.42206745710348226,0.14369305997692072,222.16521480226558,0.4618819434558536,81.63912636381681,0.90625,58.0,0.02158273381294964,9.0,0.9784172661870504,408.0,0.09375,6.0,0.8656716417910447,0.90625,0.8854961832061069,0.8677615456054679,0.9358138489208633,0.7984033476867095,0.9688149688149689,0.08414770262791846,0.9158522973720815,0.031185031185031187,0.9695623842281857,0.9688149688149689,0.9691157586547121,0.867761545605468,0.9358138489208633,0.9596694788700798,0.9337228208449307,0.9688149688149689,8.954,0.144,8.89,0.15,8890.0,150.0,618917.0,924503.0,104666.0,97.29729729729729,50.727650727650726,?
DatasetClassiRealeseNormalized,8,7,weka.classifiers.meta.FilteredClassifier,'-F \"weka.filters.MultiFilter -F \\\"weka.filters.supervised.attribute.AttributeSelection -E \\\\\\\"weka.attributeSelection.WrapperSubsetEval -B weka.classifiers.bayes.NaiveBayes -F 5 -T 0.01 -R 1 -E AUC --\\\\\\\" -S \\\\\\\"weka.attributeSelection.GreedyStepwise -B -T -1.7976931348623157E308 -N -1 -num-slots 1\\\\\\\"\\\" -F \\\"weka.filters.supervised.instance.Resample -B 1.0 -S 1 -Z 200.0\\\" -S 1\" -S 1 -W weka.classifiers.lazy.IBk -- -K 1 -W 0 -A \"weka.core.neighboursearch.LinearNNSearch -A \\\"weka.core.EuclideanDistance -R first-last\\\"\"',-4523450618538717400,2.02604250856E7,4330.0,481.0,462.0,19.0,0.0,96.04989604989605,3.95010395010395,0.0,0.8299056375514157,0.03984061329515516,0.196240525061901,17.2741808159809,57.77976126794064,272.1308087156738,270.29361125728843,1.8371974583853898,0.565760517080403,0.5619409797448824,0.003819537335520561,212.35572808725286,0.4414880001813989,78.03443097437938,0.859375,55.0,0.023980815347721823,10.0,0.9760191846522782,407.0,0.140625,9.0,0.8461538461538461,0.859375,0.8527131782945736,0.8299388956535205,0.9372002398081535,0.7031749890636482,0.9604989604989606,0.1251047758466823,0.8748952241533177,0.0395010395010395,0.96077382856229,0.9604989604989606,0.9606283551954843,0.8299388956535205,0.9372002398081535,0.9471828645896586,0.9149520273225569,0.9604989604989606,8.82,0.151,8.76,0.15,8760.0,150.0,622187.0,924503.0,104666.0,96.25779625779626,50.41580041580042,?
DatasetClassiRealeseNormalized,8,8,weka.classifiers.meta.FilteredClassifier,'-F \"weka.filters.MultiFilter -F \\\"weka.filters.supervised.attribute.AttributeSelection -E \\\\\\\"weka.attributeSelection.WrapperSubsetEval -B weka.classifiers.bayes.NaiveBayes -F 5 -T 0.01 -R 1 -E AUC --\\\\\\\" -S \\\\\\\"weka.attributeSelection.GreedyStepwise -B -T -1.7976931348623157E308 -N -1 -num-slots 1\\\\\\\"\\\" -F \\\"weka.filters.supervised.instance.Resample -B 1.0 -S 1 -Z 200.0\\\" -S 1\" -S 1 -W weka.classifiers.lazy.IBk -- -K 1 -W 0 -A \"weka.core.neighboursearch.LinearNNSearch -A \\\"weka.core.EuclideanDistance -R first-last\\\"\"',-4523450618538717400,2.02604250856E7,4330.0,481.0,460.0,21.0,0.0,95.63409563409563,4.365904365904366,0.0,0.8257396704908136,0.04274108961206987,0.19617971617609006,18.53177572245659,57.7618571021012,272.1308087156738,261.9428597275676,10.1879489881062,0.565760517080403,0.544579749953363,0.021180767127039916,207.03589490926734,0.43042805594442274,76.07955008342381,0.9375,60.0,0.0407673860911271,17.0,0.9592326139088729,400.0,0.0625,4.0,0.7792207792207793,0.9375,0.851063829787234,0.830586627288802,0.959513639088729,0.7278057407076889,0.9563409563409564,0.05960834243208344,0.9403916575679165,0.04365904365904366,0.962040367980962,0.9563409563409564,0.9580079510366913,0.830586627288802,0.959513639088729,0.9565009242625446,0.9127426335294271,0.9563409563409564,8.872,0.146,8.78,0.15,8780.0,150.0,619542.0,924503.0,104666.0,96.67359667359668,51.03950103950104,?
DatasetClassiRealeseNormalized,8,9,weka.classifiers.meta.FilteredClassifier,'-F \"weka.filters.MultiFilter -F \\\"weka.filters.supervised.attribute.AttributeSelection -E \\\\\\\"weka.attributeSelection.WrapperSubsetEval -B weka.classifiers.bayes.NaiveBayes -F 5 -T 0.01 -R 1 -E AUC --\\\\\\\" -S \\\\\\\"weka.attributeSelection.GreedyStepwise -B -T -1.7976931348623157E308 -N -1 -num-slots 1\\\\\\\"\\\" -F \\\"weka.filters.supervised.instance.Resample -B 1.0 -S 1 -Z 200.0\\\" -S 1\" -S 1 -W weka.classifiers.lazy.IBk -- -K 1 -W 0 -A \"weka.core.neighboursearch.LinearNNSearch -A \\\"weka.core.EuclideanDistance -R first-last\\\"\"',-4523450618538717400,2.02604250856E7,4330.0,481.0,458.0,23.0,0.0,95.21829521829522,4.781704781704781,0.0,0.8067901989206939,0.04527027662309837,0.20643074875050893,19.62838619434532,60.78010328093187,272.1308087156738,282.59203348004434,-10.461224764370513,0.565760517080403,0.5875094251144373,-0.02174890803403433,202.7151762810899,0.42144527293365885,74.49181415283618,0.90625,58.0,0.0407673860911271,17.0,0.9592326139088729,400.0,0.09375,6.0,0.7733333333333333,0.90625,0.8345323741007193,0.8102568551387972,0.9387177757793765,0.7450895162707474,0.9521829521829522,0.08670033827407927,0.9132996617259207,0.04781704781704782,0.9570286315113902,0.9521829521829522,0.9537554386457767,0.8102568551387971,0.9387177757793764,0.9527598857530994,0.9032929185205906,0.9521829521829522,8.737,0.145,8.66,0.15,8660.0,150.0,620276.0,924503.0,104666.0,96.25779625779626,50.62370062370062,?
DatasetClassiRealeseNormalized,8,10,weka.classifiers.meta.FilteredClassifier,'-F \"weka.filters.MultiFilter -F \\\"weka.filters.supervised.attribute.AttributeSelection -E \\\\\\\"weka.attributeSelection.WrapperSubsetEval -B weka.classifiers.bayes.NaiveBayes -F 5 -T 0.01 -R 1 -E AUC --\\\\\\\" -S \\\\\\\"weka.attributeSelection.GreedyStepwise -B -T -1.7976931348623157E308 -N -1 -num-slots 1\\\\\\\"\\\" -F \\\"weka.filters.supervised.instance.Resample -B 1.0 -S 1 -Z 200.0\\\" -S 1\" -S 1 -W weka.classifiers.lazy.IBk -- -K 1 -W 0 -A \"weka.core.neighboursearch.LinearNNSearch -A \\\"weka.core.EuclideanDistance -R first-last\\\"\"',-4523450618538717400,2.02604250856E7,4330.0,481.0,447.0,34.0,0.0,92.93139293139293,7.0686070686070686,0.0,0.7126137841352405,0.07230795359295603,0.26461754050854436,31.351441694552694,77.9122371032714,272.1308087156738,506.41458848591026,-234.28377977023644,0.565760517080403,1.0528369822991896,-0.4870764652187868,163.39475922043897,0.33969804411733673,60.042727242675475,0.8125,52.0,0.05275779376498801,22.0,0.947242206235012,395.0,0.1875,12.0,0.7027027027027027,0.8125,0.7536231884057971,0.7151731539073334,0.8912619904076738,0.6252399790130875,0.9293139293139293,0.1695717230789173,0.8304282769210827,0.07068607068607069,0.9348817727196106,0.9293139293139293,0.9314460984997076,0.7151731539073334,0.891261990407674,0.9273058883553715,0.8561805262417335,0.9293139293139293,10.677,0.122,10.6,0.12,10600.0,120.0,488766.0,924503.0,104666.0,93.13929313929314,50.62370062370062,?
DatasetClassiRealeseNormalized,9,1,weka.classifiers.meta.FilteredClassifier,'-F \"weka.filters.MultiFilter -F \\\"weka.filters.supervised.attribute.AttributeSelection -E \\\\\\\"weka.attributeSelection.WrapperSubsetEval -B weka.classifiers.bayes.NaiveBayes -F 5 -T 0.01 -R 1 -E AUC --\\\\\\\" -S \\\\\\\"weka.attributeSelection.GreedyStepwise -B -T -1.7976931348623157E308 -N -1 -num-slots 1\\\\\\\"\\\" -F \\\"weka.filters.supervised.instance.Resample -B 1.0 -S 1 -Z 200.0\\\" -S 1\" -S 1 -W weka.classifiers.lazy.IBk -- -K 1 -W 0 -A \"weka.core.neighboursearch.LinearNNSearch -A \\\"weka.core.EuclideanDistance -R first-last\\\"\"',-4523450618538717400,2.02604250856E7,4329.0,482.0,461.0,21.0,0.0,95.64315352697095,4.356846473029045,0.0,0.819191883105284,0.04211053529125458,0.19996762163091888,18.27264680536115,58.92892311583832,272.3366817903761,268.94868689624883,3.387994894127246,0.565013862635635,0.5579848275855784,0.007029035050056527,208.3049360081037,0.43216791702926083,76.48802013694244,0.890625,57.0,0.03349282296650718,14.0,0.9665071770334929,404.0,0.109375,7.0,0.8028169014084507,0.890625,0.8444444444444446,0.8206837638318403,0.9434995514354066,0.7614770258654617,0.9564315352697096,0.09929935823621672,0.9007006417637833,0.043568464730290454,0.9590478429023831,0.9564315352697096,0.9573771439980291,0.8206837638318403,0.9434995514354068,0.9572249947094253,0.9095563597373006,0.9564315352697096,8.744,0.144,8.68,0.15,8680.0,150.0,618232.0,924290.0,104879.0,96.47302904564316,50.62240663900415,?
DatasetClassiRealeseNormalized,9,2,weka.classifiers.meta.FilteredClassifier,'-F \"weka.filters.MultiFilter -F \\\"weka.filters.supervised.attribute.AttributeSelection -E \\\\\\\"weka.attributeSelection.WrapperSubsetEval -B weka.classifiers.bayes.NaiveBayes -F 5 -T 0.01 -R 1 -E AUC --\\\\\\\" -S \\\\\\\"weka.attributeSelection.GreedyStepwise -B -T -1.7976931348623157E308 -N -1 -num-slots 1\\\\\\\"\\\" -F \\\"weka.filters.supervised.instance.Resample -B 1.0 -S 1 -Z 200.0\\\" -S 1\" -S 1 -W weka.classifiers.lazy.IBk -- -K 1 -W 0 -A \"weka.core.neighboursearch.LinearNNSearch -A \\\"weka.core.EuclideanDistance -R first-last\\\"\"',-4523450618538717400,2.0260425085699998E7,4330.0,481.0,464.0,17.0,0.0,96.46569646569647,3.5343035343035343,0.0,0.8517397059090169,0.035845623668274,0.18079805681065264,15.633926307342792,53.58843037652158,269.42867131105754,222.0926909308203,47.33598038023723,0.5601427677984564,0.4617311661763416,0.09841160162211482,214.42810266418365,0.4457964712353091,79.58622281020149,0.9206349206349206,58.0,0.028708133971291867,12.0,0.9712918660287081,406.0,0.07936507936507936,5.0,0.8285714285714286,0.9206349206349206,0.8721804511278196,0.8533313312961636,0.9506721348826612,0.7300712788970425,0.9646569646569647,0.07273017799333588,0.9272698220066641,0.035343035343035345,0.9669747231791028,0.9646569646569647,0.9654378278592615,0.8533313312961636,0.9506721348826612,0.9548068867620958,0.9258369083142114,0.9646569646569647,8.784,0.146,8.72,0.15,8720.0,150.0,618316.0,924503.0,104666.0,97.0893970893971,50.935550935550935,?
DatasetClassiRealeseNormalized,9,3,weka.classifiers.meta.FilteredClassifier,'-F \"weka.filters.MultiFilter -F \\\"weka.filters.supervised.attribute.AttributeSelection -E \\\\\\\"weka.attributeSelection.WrapperSubsetEval -B weka.classifiers.bayes.NaiveBayes -F 5 -T 0.01 -R 1 -E AUC --\\\\\\\" -S \\\\\\\"weka.attributeSelection.GreedyStepwise -B -T -1.7976931348623157E308 -N -1 -num-slots 1\\\\\\\"\\\" -F \\\"weka.filters.supervised.instance.Resample -B 1.0 -S 1 -Z 200.0\\\" -S 1\" -S 1 -W weka.classifiers.lazy.IBk -- -K 1 -W 0 -A \"weka.core.neighboursearch.LinearNNSearch -A \\\"weka.core.EuclideanDistance -R first-last\\\"\"',-4523450618538717400,2.0260425085699998E7,4330.0,481.0,450.0,31.0,0.0,93.55509355509355,6.444906444906445,0.0,0.7330026680036531,0.06572075274873125,0.24889149112192352,28.495348651724008,73.28196321381775,272.1308087156738,419.51493933962956,-147.38413062395574,0.565760517080403,0.8721724310595209,-0.306411913979118,171.12572572229112,0.3557707395473828,62.88362810882091,0.8125,52.0,0.045563549160671464,19.0,0.9544364508393285,398.0,0.1875,12.0,0.7323943661971831,0.8125,0.7703703703703704,0.7343384882420481,0.8962829736211031,0.629123215936874,0.9355509355509356,0.168614484711607,0.831385515288393,0.06444906444906445,0.9390194623447802,0.9355509355509356,0.9369490781824519,0.734338488242048,0.8962829736211031,0.9288167553094216,0.8664427426217027,0.9355509355509356,10.665,0.132,10.59,0.13,10590.0,130.0,493343.0,924503.0,104666.0,94.38669438669439,51.143451143451145,?
DatasetClassiRealeseNormalized,9,4,weka.classifiers.meta.FilteredClassifier,'-F \"weka.filters.MultiFilter -F \\\"weka.filters.supervised.attribute.AttributeSelection -E \\\\\\\"weka.attributeSelection.WrapperSubsetEval -B weka.classifiers.bayes.NaiveBayes -F 5 -T 0.01 -R 1 -E AUC --\\\\\\\" -S \\\\\\\"weka.attributeSelection.GreedyStepwise -B -T -1.7976931348623157E308 -N -1 -num-slots 1\\\\\\\"\\\" -F \\\"weka.filters.supervised.instance.Resample -B 1.0 -S 1 -Z 200.0\\\" -S 1\" -S 1 -W weka.classifiers.lazy.IBk -- -K 1 -W 0 -A \"weka.core.neighboursearch.LinearNNSearch -A \\\"weka.core.EuclideanDistance -R first-last\\\"\"',-4523450618538717400,2.0260425085699998E7,4330.0,481.0,463.0,18.0,0.0,96.25779625779626,3.7422037422037424,0.0,0.8377922661870504,0.036855579326312754,0.18812903044620086,15.979923216640696,55.39146648390711,272.1308087156738,241.4678465966891,30.662962118984723,0.565760517080403,0.5020121550866717,0.06374836199373123,216.50507851311994,0.4501145083432847,79.55919417390463,0.859375,55.0,0.02158273381294964,9.0,0.9784172661870504,408.0,0.140625,9.0,0.859375,0.859375,0.859375,0.8377922661870504,0.9152053357314148,0.7618155294752837,0.9625779625779626,0.12478569639091222,0.8752143036090878,0.037422037422037424,0.9625779625779626,0.9625779625779626,0.9625779625779626,0.8377922661870504,0.9152053357314148,0.9504942688516682,0.9188961330935252,0.9625779625779626,8.174,0.146,8.1,0.14,8100.0,140.0,647863.0,924503.0,104666.0,96.67359667359668,50.311850311850314,?
DatasetClassiRealeseNormalized,9,5,weka.classifiers.meta.FilteredClassifier,'-F \"weka.filters.MultiFilter -F \\\"weka.filters.supervised.attribute.AttributeSelection -E \\\\\\\"weka.attributeSelection.WrapperSubsetEval -B weka.classifiers.bayes.NaiveBayes -F 5 -T 0.01 -R 1 -E AUC --\\\\\\\" -S \\\\\\\"weka.attributeSelection.GreedyStepwise -B -T -1.7976931348623157E308 -N -1 -num-slots 1\\\\\\\"\\\" -F \\\"weka.filters.supervised.instance.Resample -B 1.0 -S 1 -Z 200.0\\\" -S 1\" -S 1 -W weka.classifiers.lazy.IBk -- -K 1 -W 0 -A \"weka.core.neighboursearch.LinearNNSearch -A \\\"weka.core.EuclideanDistance -R first-last\\\"\"',-4523450618538717400,2.0260425085699998E7,4330.0,481.0,464.0,17.0,0.0,96.46569646569647,3.5343035343035343,0.0,0.8478103072828457,0.03428171833610319,0.18118299549534989,14.8639429025152,53.34632192932367,272.1308087156738,225.70487132472888,46.42593739094494,0.565760517080403,0.46924089672500807,0.09651962035539488,219.39152003563427,0.4561154262695099,80.61987581305345,0.875,56.0,0.02158273381294964,9.0,0.9784172661870504,408.0,0.125,8.0,0.8615384615384616,0.875,0.8682170542635659,0.8478442829066868,0.9276828537170264,0.833994483654589,0.9646569646569647,0.1112396984699143,0.8887603015300857,0.035343035343035345,0.9649048456740764,0.9646569646569647,0.9647727388591175,0.8478442829066868,0.9276828537170264,0.9612586429764556,0.9239044454991299,0.9646569646569647,8.179,0.148,8.11,0.15,8110.0,150.0,646440.0,924503.0,104666.0,96.88149688149689,50.311850311850314,?
DatasetClassiRealeseNormalized,9,6,weka.classifiers.meta.FilteredClassifier,'-F \"weka.filters.MultiFilter -F \\\"weka.filters.supervised.attribute.AttributeSelection -E \\\\\\\"weka.attributeSelection.WrapperSubsetEval -B weka.classifiers.bayes.NaiveBayes -F 5 -T 0.01 -R 1 -E AUC --\\\\\\\" -S \\\\\\\"weka.attributeSelection.GreedyStepwise -B -T -1.7976931348623157E308 -N -1 -num-slots 1\\\\\\\"\\\" -F \\\"weka.filters.supervised.instance.Resample -B 1.0 -S 1 -Z 200.0\\\" -S 1\" -S 1 -W weka.classifiers.lazy.IBk -- -K 1 -W 0 -A \"weka.core.neighboursearch.LinearNNSearch -A \\\"weka.core.EuclideanDistance -R first-last\\\"\"',-4523450618538717400,2.0260425085699998E7,4330.0,481.0,456.0,25.0,0.0,94.8024948024948,5.197505197505198,0.0,0.7974805059198008,0.04989651473097843,0.21926899940684424,21.63424069716794,64.56011282680447,272.1308087156738,336.6272513501089,-64.49644263443508,0.565760517080403,0.6998487554056319,-0.13408823832522887,195.97817875358962,0.40743904106775386,72.01616740071148,0.9375,60.0,0.050359712230215826,21.0,0.9496402877697842,396.0,0.0625,4.0,0.7407407407407407,0.9375,0.8275862068965517,0.8051518807193124,0.9404976019184652,0.775284910666533,0.9480249480249481,0.060884660255163855,0.9391153397448362,0.05197505197505198,0.9568345268345267,0.9480249480249481,0.9505310173017935,0.8051518807193124,0.9404976019184652,0.9549146490559403,0.8984932258472966,0.9480249480249481,8.744,0.144,8.68,0.15,8680.0,150.0,623457.0,924503.0,104666.0,95.63409563409563,50.51975051975052,?
DatasetClassiRealeseNormalized,9,7,weka.classifiers.meta.FilteredClassifier,'-F \"weka.filters.MultiFilter -F \\\"weka.filters.supervised.attribute.AttributeSelection -E \\\\\\\"weka.attributeSelection.WrapperSubsetEval -B weka.classifiers.bayes.NaiveBayes -F 5 -T 0.01 -R 1 -E AUC --\\\\\\\" -S \\\\\\\"weka.attributeSelection.GreedyStepwise -B -T -1.7976931348623157E308 -N -1 -num-slots 1\\\\\\\"\\\" -F \\\"weka.filters.supervised.instance.Resample -B 1.0 -S 1 -Z 200.0\\\" -S 1\" -S 1 -W weka.classifiers.lazy.IBk -- -K 1 -W 0 -A \"weka.core.neighboursearch.LinearNNSearch -A \\\"weka.core.EuclideanDistance -R first-last\\\"\"',-4523450618538717400,2.0260425085699998E7,4330.0,481.0,464.0,17.0,0.0,96.46569646569647,3.5343035343035343,0.0,0.8497841462294482,0.03476520077614223,0.1757366826676861,15.073572283185442,51.7427456299142,272.1308087156738,192.20659832606702,79.9242103896068,0.565760517080403,0.3995979175178109,0.1661625995625921,219.17233357994172,0.455659737172436,80.53933129230366,0.890625,57.0,0.023980815347721823,10.0,0.9760191846522782,407.0,0.109375,7.0,0.8507462686567164,0.890625,0.8702290076335878,0.8500828796403587,0.943382793764988,0.8088497146822189,0.9646569646569647,0.09801278000468648,0.9019872199953135,0.035343035343035345,0.9654824044830534,0.9646569646569647,0.9649978598086736,0.8500828796403587,0.943382793764988,0.9622006038889644,0.9248858636242547,0.9646569646569647,9.266,0.141,9.21,0.14,9210.0,140.0,595989.0,924503.0,104666.0,97.5051975051975,51.03950103950104,?
DatasetClassiRealeseNormalized,9,8,weka.classifiers.meta.FilteredClassifier,'-F \"weka.filters.MultiFilter -F \\\"weka.filters.supervised.attribute.AttributeSelection -E \\\\\\\"weka.attributeSelection.WrapperSubsetEval -B weka.classifiers.bayes.NaiveBayes -F 5 -T 0.01 -R 1 -E AUC --\\\\\\\" -S \\\\\\\"weka.attributeSelection.GreedyStepwise -B -T -1.7976931348623157E308 -N -1 -num-slots 1\\\\\\\"\\\" -F \\\"weka.filters.supervised.instance.Resample -B 1.0 -S 1 -Z 200.0\\\" -S 1\" -S 1 -W weka.classifiers.lazy.IBk -- -K 1 -W 0 -A \"weka.core.neighboursearch.LinearNNSearch -A \\\"weka.core.EuclideanDistance -R first-last\\\"\"',-4523450618538717400,2.0260425085699998E7,4330.0,481.0,460.0,21.0,0.0,95.63409563409563,4.365904365904366,0.0,0.8168150740828062,0.04441959776016239,0.20354380674119102,19.259546980304506,59.930091184601814,272.1308087156738,291.40576585298766,-19.274957137313834,0.565760517080403,0.6058331930415544,-0.040072675961151424,205.96464040884416,0.4282009156109026,75.68589583108871,0.875,56.0,0.03117505995203837,13.0,0.9688249400479616,404.0,0.125,8.0,0.8115942028985508,0.875,0.8421052631578948,0.8175931013113732,0.9419401978417267,0.7226876260408939,0.9563409563409564,0.11251601629299471,0.8874839837070053,0.04365904365904366,0.9580975916982671,0.9563409563409564,0.9570299532841593,0.8175931013113732,0.9419401978417267,0.9509279298577868,0.9083867690940257,0.9563409563409564,9.001,0.147,8.95,0.15,8950.0,150.0,620195.0,924503.0,104666.0,96.04989604989605,50.83160083160083,?
DatasetClassiRealeseNormalized,9,9,weka.classifiers.meta.FilteredClassifier,'-F \"weka.filters.MultiFilter -F \\\"weka.filters.supervised.attribute.AttributeSelection -E \\\\\\\"weka.attributeSelection.WrapperSubsetEval -B weka.classifiers.bayes.NaiveBayes -F 5 -T 0.01 -R 1 -E AUC --\\\\\\\" -S \\\\\\\"weka.attributeSelection.GreedyStepwise -B -T -1.7976931348623157E308 -N -1 -num-slots 1\\\\\\\"\\\" -F \\\"weka.filters.supervised.instance.Resample -B 1.0 -S 1 -Z 200.0\\\" -S 1\" -S 1 -W weka.classifiers.lazy.IBk -- -K 1 -W 0 -A \"weka.core.neighboursearch.LinearNNSearch -A \\\"weka.core.EuclideanDistance -R first-last\\\"\"',-4523450618538717400,2.02604250858E7,4330.0,481.0,434.0,47.0,0.0,90.22869022869023,9.771309771309772,0.0,0.6237371635903669,0.09978650050212526,0.28998027939282656,43.26565055355951,85.37987406241982,272.1308087156738,530.663602233835,-258.5327935181612,0.565760517080403,1.1032507322948752,-0.5374902152144724,117.14031356105475,0.24353495542838827,43.045590506235044,0.78125,50.0,0.07913669064748201,33.0,0.920863309352518,384.0,0.21875,14.0,0.6024096385542169,0.78125,0.6802721088435375,0.6310803212098705,0.8601806055155875,0.5522366246555545,0.9022869022869023,0.2001735929343843,0.7998264070656157,0.09771309771309772,0.9166026510580606,0.9022869022869023,0.9074627072874224,0.6310803212098703,0.8601806055155875,0.9120374439758907,0.811301698593548,0.9022869022869023,12.554,0.161,12.45,0.14,12450.0,140.0,392170.0,924503.0,104666.0,93.34719334719335,55.92515592515593,?
DatasetClassiRealeseNormalized,9,10,weka.classifiers.meta.FilteredClassifier,'-F \"weka.filters.MultiFilter -F \\\"weka.filters.supervised.attribute.AttributeSelection -E \\\\\\\"weka.attributeSelection.WrapperSubsetEval -B weka.classifiers.bayes.NaiveBayes -F 5 -T 0.01 -R 1 -E AUC --\\\\\\\" -S \\\\\\\"weka.attributeSelection.GreedyStepwise -B -T -1.7976931348623157E308 -N -1 -num-slots 1\\\\\\\"\\\" -F \\\"weka.filters.supervised.instance.Resample -B 1.0 -S 1 -Z 200.0\\\" -S 1\" -S 1 -W weka.classifiers.lazy.IBk -- -K 1 -W 0 -A \"weka.core.neighboursearch.LinearNNSearch -A \\\"weka.core.EuclideanDistance -R first-last\\\"\"',-4523450618538717400,2.02604250858E7,4330.0,481.0,450.0,31.0,0.0,93.55509355509355,6.444906444906445,0.0,0.7395867898496308,0.06281575144449912,0.24507363573823507,27.235791791286104,72.157859145326,272.1308087156738,390.8015120823896,-118.67070336671577,0.565760517080403,0.8124771560964441,-0.2467166390160411,176.88514001712284,0.36774457384017223,65.00004202094405,0.84375,54.0,0.050359712230215826,21.0,0.9496402877697842,396.0,0.15625,10.0,0.72,0.84375,0.776978417266187,0.7427646831201355,0.9211818045563549,0.7174046279285529,0.9355509355509356,0.14216064778115137,0.8578393522188487,0.06444906444906445,0.9413909855289165,0.9355509355509356,0.9376703738269164,0.7427646831201355,0.9211818045563549,0.9450371759476883,0.869655672788622,0.9355509355509356,9.685,0.157,9.63,0.16,9630.0,160.0,620538.0,924503.0,104666.0,94.8024948024948,51.03950103950104,?
DatasetClassiRealeseNormalized,10,1,weka.classifiers.meta.FilteredClassifier,'-F \"weka.filters.MultiFilter -F \\\"weka.filters.supervised.attribute.AttributeSelection -E \\\\\\\"weka.attributeSelection.WrapperSubsetEval -B weka.classifiers.bayes.NaiveBayes -F 5 -T 0.01 -R 1 -E AUC --\\\\\\\" -S \\\\\\\"weka.attributeSelection.GreedyStepwise -B -T -1.7976931348623157E308 -N -1 -num-slots 1\\\\\\\"\\\" -F \\\"weka.filters.supervised.instance.Resample -B 1.0 -S 1 -Z 200.0\\\" -S 1\" -S 1 -W weka.classifiers.lazy.IBk -- -K 1 -W 0 -A \"weka.core.neighboursearch.LinearNNSearch -A \\\"weka.core.EuclideanDistance -R first-last\\\"\"',-4523450618538717400,2.02604250858E7,4329.0,482.0,460.0,22.0,0.0,95.4356846473029,4.564315352697095,0.0,0.8117722238000571,0.04686343423981092,0.20956917388869004,20.335029607856153,61.75842686337611,272.3366817903761,304.0652974640904,-31.72861567371433,0.565013862635635,0.6308408661080713,-0.06582700347243636,200.6887128258549,0.41636662412003095,73.6913997433257,0.890625,57.0,0.03588516746411483,15.0,0.9641148325358851,403.0,0.109375,7.0,0.7916666666666666,0.890625,0.8382352941176471,0.8136804747558055,0.9526764354066986,0.7636212753690598,0.9543568464730291,0.09961701393714388,0.900382986062856,0.04564315352697095,0.9575312890058362,0.9543568464730291,0.9554787938387814,0.8136804747558055,0.9526764354066986,0.9589459927542706,0.9058326229042342,0.9543568464730291,12.742,0.131,12.64,0.13,12640.0,130.0,466794.0,924290.0,104879.0,95.850622406639,50.933609958506224,?
DatasetClassiRealeseNormalized,10,2,weka.classifiers.meta.FilteredClassifier,'-F \"weka.filters.MultiFilter -F \\\"weka.filters.supervised.attribute.AttributeSelection -E \\\\\\\"weka.attributeSelection.WrapperSubsetEval -B weka.classifiers.bayes.NaiveBayes -F 5 -T 0.01 -R 1 -E AUC --\\\\\\\" -S \\\\\\\"weka.attributeSelection.GreedyStepwise -B -T -1.7976931348623157E308 -N -1 -num-slots 1\\\\\\\"\\\" -F \\\"weka.filters.supervised.instance.Resample -B 1.0 -S 1 -Z 200.0\\\" -S 1\" -S 1 -W weka.classifiers.lazy.IBk -- -K 1 -W 0 -A \"weka.core.neighboursearch.LinearNNSearch -A \\\"weka.core.EuclideanDistance -R first-last\\\"\"',-4523450618538717400,2.02604250858E7,4330.0,481.0,450.0,31.0,0.0,93.55509355509355,6.444906444906445,0.0,0.7396958958155126,0.06563100167787472,0.2511892767464312,28.62470055492804,74.45234371269983,269.42867131105754,456.8024216938096,-187.37375038275206,0.5601427677984564,0.9496931843946146,-0.38955041659615813,170.79940530845846,0.35509231872860386,63.39318101423184,0.8571428571428571,54.0,0.05263157894736842,22.0,0.9473684210526315,396.0,0.14285714285714285,9.0,0.7105263157894737,0.8571428571428571,0.776978417266187,0.7441427323457354,0.9093377382851067,0.5896678807977566,0.9355509355509356,0.13103965735544681,0.8689603426445531,0.06444906444906445,0.9427739480371059,0.9355509355509356,0.9380557262407311,0.7441427323457354,0.9093377382851067,0.9286329008411496,0.869655672788622,0.9355509355509356,11.398,0.126,11.34,0.12,11340.0,120.0,493675.0,924503.0,104666.0,93.97089397089397,50.727650727650726,?
DatasetClassiRealeseNormalized,10,3,weka.classifiers.meta.FilteredClassifier,'-F \"weka.filters.MultiFilter -F \\\"weka.filters.supervised.attribute.AttributeSelection -E \\\\\\\"weka.attributeSelection.WrapperSubsetEval -B weka.classifiers.bayes.NaiveBayes -F 5 -T 0.01 -R 1 -E AUC --\\\\\\\" -S \\\\\\\"weka.attributeSelection.GreedyStepwise -B -T -1.7976931348623157E308 -N -1 -num-slots 1\\\\\\\"\\\" -F \\\"weka.filters.supervised.instance.Resample -B 1.0 -S 1 -Z 200.0\\\" -S 1\" -S 1 -W weka.classifiers.lazy.IBk -- -K 1 -W 0 -A \"weka.core.neighboursearch.LinearNNSearch -A \\\"weka.core.EuclideanDistance -R first-last\\\"\"',-4523450618538717400,2.02604250858E7,4330.0,481.0,462.0,19.0,0.0,96.04989604989605,3.95010395010395,0.0,0.8321116928446773,0.03729191178065836,0.1828133112451579,16.169109202719962,53.8263413075105,272.1308087156738,199.96293185060043,72.1678768650734,0.565760517080403,0.4157233510407493,0.15003716603965364,212.63296342658003,0.4420643730282329,78.13630673796365,0.875,56.0,0.026378896882494004,11.0,0.973621103117506,406.0,0.125,8.0,0.835820895522388,0.875,0.8549618320610687,0.8324042136752493,0.9425397182254197,0.8253475323322756,0.9604989604989606,0.11187785738145449,0.8881221426185455,0.0395010395010395,0.9614024247379211,0.9604989604989606,0.9608799609626352,0.8324042136752493,0.9425397182254197,0.9639065944149399,0.9160489064035788,0.9604989604989606,9.614,0.154,9.56,0.16,9560.0,160.0,616691.0,924503.0,104666.0,97.29729729729729,50.935550935550935,?
DatasetClassiRealeseNormalized,10,4,weka.classifiers.meta.FilteredClassifier,'-F \"weka.filters.MultiFilter -F \\\"weka.filters.supervised.attribute.AttributeSelection -E \\\\\\\"weka.attributeSelection.WrapperSubsetEval -B weka.classifiers.bayes.NaiveBayes -F 5 -T 0.01 -R 1 -E AUC --\\\\\\\" -S \\\\\\\"weka.attributeSelection.GreedyStepwise -B -T -1.7976931348623157E308 -N -1 -num-slots 1\\\\\\\"\\\" -F \\\"weka.filters.supervised.instance.Resample -B 1.0 -S 1 -Z 200.0\\\" -S 1\" -S 1 -W weka.classifiers.lazy.IBk -- -K 1 -W 0 -A \"weka.core.neighboursearch.LinearNNSearch -A \\\"weka.core.EuclideanDistance -R first-last\\\"\"',-4523450618538717400,2.0260425085899998E7,4330.0,481.0,462.0,19.0,0.0,96.04989604989605,3.95010395010395,0.0,0.8321116928446773,0.041550608869228324,0.19756450209526127,18.015604461300608,58.16958430213637,272.1308087156738,276.9643667874624,-4.833558071788559,0.565760517080403,0.5758094943606287,-0.010048977280225694,208.61210135779487,0.433704992427848,76.65875919832209,0.875,56.0,0.026378896882494004,11.0,0.973621103117506,406.0,0.125,8.0,0.835820895522388,0.875,0.8549618320610687,0.8324042136752493,0.9267835731414868,0.7464620756058388,0.9604989604989606,0.11187785738145449,0.8881221426185455,0.0395010395010395,0.9614024247379211,0.9604989604989606,0.9608799609626352,0.8324042136752493,0.9267835731414867,0.9508841590519794,0.9160489064035788,0.9604989604989606,9.289,0.144,9.24,0.15,9240.0,150.0,616715.0,924503.0,104666.0,96.25779625779626,50.727650727650726,?
DatasetClassiRealeseNormalized,10,5,weka.classifiers.meta.FilteredClassifier,'-F \"weka.filters.MultiFilter -F \\\"weka.filters.supervised.attribute.AttributeSelection -E \\\\\\\"weka.attributeSelection.WrapperSubsetEval -B weka.classifiers.bayes.NaiveBayes -F 5 -T 0.01 -R 1 -E AUC --\\\\\\\" -S \\\\\\\"weka.attributeSelection.GreedyStepwise -B -T -1.7976931348623157E308 -N -1 -num-slots 1\\\\\\\"\\\" -F \\\"weka.filters.supervised.instance.Resample -B 1.0 -S 1 -Z 200.0\\\" -S 1\" -S 1 -W weka.classifiers.lazy.IBk -- -K 1 -W 0 -A \"weka.core.neighboursearch.LinearNNSearch -A \\\"weka.core.EuclideanDistance -R first-last\\\"\"',-4523450618538717400,2.0260425085899998E7,4330.0,481.0,457.0,24.0,0.0,95.01039501039502,4.98960498960499,0.0,0.7996250781087273,0.05077118224809735,0.21728289636231152,22.01348096469702,63.97533779254265,272.1308087156738,336.42237489177086,-64.29156617609704,0.565760517080403,0.6994228168228085,-0.13366229974240548,194.12245362903866,0.40358098467575604,71.33424346372357,0.90625,58.0,0.04316546762589928,18.0,0.9568345323741008,399.0,0.09375,6.0,0.7631578947368421,0.90625,0.8285714285714286,0.8036686737641933,0.924816396882494,0.6696865657725225,0.9501039501039501,0.08701941772984938,0.9129805822701507,0.0498960498960499,0.9556430924851977,0.9501039501039501,0.9518781474985855,0.8036686737641932,0.924816396882494,0.9409492461580532,0.899687174139729,0.9501039501039501,10.96,0.122,10.9,0.12,10900.0,120.0,490498.0,924503.0,104666.0,95.63409563409563,50.935550935550935,?
DatasetClassiRealeseNormalized,10,6,weka.classifiers.meta.FilteredClassifier,'-F \"weka.filters.MultiFilter -F \\\"weka.filters.supervised.attribute.AttributeSelection -E \\\\\\\"weka.attributeSelection.WrapperSubsetEval -B weka.classifiers.bayes.NaiveBayes -F 5 -T 0.01 -R 1 -E AUC --\\\\\\\" -S \\\\\\\"weka.attributeSelection.GreedyStepwise -B -T -1.7976931348623157E308 -N -1 -num-slots 1\\\\\\\"\\\" -F \\\"weka.filters.supervised.instance.Resample -B 1.0 -S 1 -Z 200.0\\\" -S 1\" -S 1 -W weka.classifiers.lazy.IBk -- -K 1 -W 0 -A \"weka.core.neighboursearch.LinearNNSearch -A \\\"weka.core.EuclideanDistance -R first-last\\\"\"',-4523450618538717400,2.0260425085899998E7,4330.0,481.0,456.0,25.0,0.0,94.8024948024948,5.197505197505198,0.0,0.7819227072414359,0.0509402666835669,0.21889813082296966,22.086792966443344,64.45091673577642,272.1308087156738,324.3911672909791,-52.260358575305304,0.565760517080403,0.6744099112078568,-0.10864939412745385,193.9644456800351,0.4032524858212788,71.27618022944692,0.84375,54.0,0.03597122302158273,15.0,0.9640287769784173,402.0,0.15625,10.0,0.782608695652174,0.84375,0.81203007518797,0.7826674990262249,0.9296687649880095,0.6920877559732578,0.9480249480249481,0.14024617104653075,0.8597538289534693,0.05197505197505198,0.9500324268158798,0.9480249480249481,0.948845182481142,0.7826674990262249,0.9296687649880095,0.9448493564903615,0.8909366298738403,0.9480249480249481,9.007,0.146,8.95,0.15,8950.0,150.0,621074.0,924503.0,104666.0,95.63409563409563,50.62370062370062,?
DatasetClassiRealeseNormalized,10,7,weka.classifiers.meta.FilteredClassifier,'-F \"weka.filters.MultiFilter -F \\\"weka.filters.supervised.attribute.AttributeSelection -E \\\\\\\"weka.attributeSelection.WrapperSubsetEval -B weka.classifiers.bayes.NaiveBayes -F 5 -T 0.01 -R 1 -E AUC --\\\\\\\" -S \\\\\\\"weka.attributeSelection.GreedyStepwise -B -T -1.7976931348623157E308 -N -1 -num-slots 1\\\\\\\"\\\" -F \\\"weka.filters.supervised.instance.Resample -B 1.0 -S 1 -Z 200.0\\\" -S 1\" -S 1 -W weka.classifiers.lazy.IBk -- -K 1 -W 0 -A \"weka.core.neighboursearch.LinearNNSearch -A \\\"weka.core.EuclideanDistance -R first-last\\\"\"',-4523450618538717400,2.0260425085899998E7,4330.0,481.0,460.0,21.0,0.0,95.63409563409563,4.365904365904366,0.0,0.8235910511884597,0.044641203796587745,0.20789281392879017,19.355631413412112,61.21058407450196,272.1308087156738,314.60034447426114,-42.46953575858731,0.565760517080403,0.6540547702167591,-0.08829425313635617,204.6869243627288,0.42554454129465447,75.21637308497056,0.921875,59.0,0.03836930455635491,16.0,0.9616306954436451,401.0,0.078125,5.0,0.7866666666666666,0.921875,0.8489208633093526,0.8271298981434626,0.945630995203837,0.7346921608707166,0.9563409563409564,0.07283526089731125,0.9271647391026888,0.04365904365904366,0.9609380430070085,0.9563409563409564,0.9577767048504917,0.8271298981434626,0.945630995203837,0.9503031786073002,0.9117022299535827,0.9563409563409564,9.391,0.14,9.34,0.14,9340.0,140.0,601375.0,924503.0,104666.0,95.84199584199584,50.311850311850314,?
DatasetClassiRealeseNormalized,10,8,weka.classifiers.meta.FilteredClassifier,'-F \"weka.filters.MultiFilter -F \\\"weka.filters.supervised.attribute.AttributeSelection -E \\\\\\\"weka.attributeSelection.WrapperSubsetEval -B weka.classifiers.bayes.NaiveBayes -F 5 -T 0.01 -R 1 -E AUC --\\\\\\\" -S \\\\\\\"weka.attributeSelection.GreedyStepwise -B -T -1.7976931348623157E308 -N -1 -num-slots 1\\\\\\\"\\\" -F \\\"weka.filters.supervised.instance.Resample -B 1.0 -S 1 -Z 200.0\\\" -S 1\" -S 1 -W weka.classifiers.lazy.IBk -- -K 1 -W 0 -A \"weka.core.neighboursearch.LinearNNSearch -A \\\"weka.core.EuclideanDistance -R first-last\\\"\"',-4523450618538717400,2.0260425085899998E7,4330.0,481.0,456.0,25.0,0.0,94.8024948024948,5.197505197505198,0.0,0.7846795709706881,0.053475295557307866,0.2255711815756216,23.18593636602698,66.41568562994574,272.1308087156738,357.17613149044075,-85.04532277476693,0.565760517080403,0.7425699199385463,-0.1768094028581433,191.68988693132346,0.39852367345389494,70.44034735942148,0.859375,55.0,0.03836930455635491,16.0,0.9616306954436451,401.0,0.140625,9.0,0.7746478873239436,0.859375,0.8148148148148148,0.7861095669274729,0.9204698741007195,0.7089480726773568,0.9480249480249481,0.12701925258130295,0.8729807474186971,0.05197505197505198,0.9509850441832578,0.9480249480249481,0.9491524824052031,0.7861095669274729,0.9204698741007195,0.9450058181786843,0.8922925343723409,0.9480249480249481,8.842,0.148,8.78,0.15,8780.0,150.0,619937.0,924503.0,104666.0,95.21829521829522,50.83160083160083,?
DatasetClassiRealeseNormalized,10,9,weka.classifiers.meta.FilteredClassifier,'-F \"weka.filters.MultiFilter -F \\\"weka.filters.supervised.attribute.AttributeSelection -E \\\\\\\"weka.attributeSelection.WrapperSubsetEval -B weka.classifiers.bayes.NaiveBayes -F 5 -T 0.01 -R 1 -E AUC --\\\\\\\" -S \\\\\\\"weka.attributeSelection.GreedyStepwise -B -T -1.7976931348623157E308 -N -1 -num-slots 1\\\\\\\"\\\" -F \\\"weka.filters.supervised.instance.Resample -B 1.0 -S 1 -Z 200.0\\\" -S 1\" -S 1 -W weka.classifiers.lazy.IBk -- -K 1 -W 0 -A \"weka.core.neighboursearch.LinearNNSearch -A \\\"weka.core.EuclideanDistance -R first-last\\\"\"',-4523450618538717400,2.0260425085899998E7,4330.0,481.0,455.0,26.0,0.0,94.5945945945946,5.405405405405405,0.0,0.7746423036724691,0.05302060358399833,0.22336887792603383,22.988790019299447,65.76725392058012,272.1308087156738,315.03162666428375,-42.90081794860993,0.565760517080403,0.6549514067864527,-0.08919088970604974,191.06767383200383,0.3972300911268271,70.21170250209857,0.84375,54.0,0.03836930455635491,16.0,0.9616306954436451,401.0,0.15625,10.0,0.7714285714285715,0.84375,0.8059701492537314,0.7756919762273645,0.9226056654676259,0.7040651962389669,0.9459459459459459,0.14056525050230087,0.8594347494976992,0.05405405405405406,0.9484936448440099,0.9459459459459459,0.9469602633132809,0.7756919762273646,0.9226056654676259,0.944709976678863,0.8872845915350783,0.9459459459459459,10.87,0.127,10.81,0.12,10810.0,120.0,494007.0,924503.0,104666.0,95.63409563409563,50.83160083160083,?
DatasetClassiRealeseNormalized,10,10,weka.classifiers.meta.FilteredClassifier,'-F \"weka.filters.MultiFilter -F \\\"weka.filters.supervised.attribute.AttributeSelection -E \\\\\\\"weka.attributeSelection.WrapperSubsetEval -B weka.classifiers.bayes.NaiveBayes -F 5 -T 0.01 -R 1 -E AUC --\\\\\\\" -S \\\\\\\"weka.attributeSelection.GreedyStepwise -B -T -1.7976931348623157E308 -N -1 -num-slots 1\\\\\\\"\\\" -F \\\"weka.filters.supervised.instance.Resample -B 1.0 -S 1 -Z 200.0\\\" -S 1\" -S 1 -W weka.classifiers.lazy.IBk -- -K 1 -W 0 -A \"weka.core.neighboursearch.LinearNNSearch -A \\\"weka.core.EuclideanDistance -R first-last\\\"\"',-4523450618538717400,2.026042509E7,4330.0,481.0,452.0,29.0,0.0,93.97089397089397,6.029106029106029,0.0,0.7470303404000656,0.061915213288936954,0.245112381854677,26.845334475390256,72.16926729538758,272.1308087156738,431.51590721006727,-159.38509849439345,0.565760517080403,0.8971224682121981,-0.3313619511317951,179.0229370137238,0.37218905824059,65.78561900382603,0.8125,52.0,0.0407673860911271,17.0,0.9592326139088729,400.0,0.1875,12.0,0.7536231884057971,0.8125,0.7819548872180452,0.7477418967410765,0.8703911870503597,0.6373516323089738,0.9397089397089398,0.1679763258000668,0.8320236741999332,0.060291060291060294,0.9419672619334923,0.9397089397089398,0.9406604116781249,0.7477418967410765,0.8703911870503597,0.9242541297542514,0.8734864906536547,0.9397089397089398,8.897,0.146,8.84,0.15,8840.0,150.0,621324.0,924503.0,104666.0,94.17879417879418,50.51975051975052,?
DatasetClassiRealeseNormalized,1,1,weka.classifiers.meta.FilteredClassifier,'-F \"weka.filters.MultiFilter -F \\\"weka.filters.supervised.instance.Resample -B 1.0 -S 1 -Z 200.0\\\" -S 1\" -S 1 -W weka.classifiers.lazy.IBk -- -K 1 -W 0 -A \"weka.core.neighboursearch.LinearNNSearch -A \\\"weka.core.EuclideanDistance -R first-last\\\"\"',-4523450618538717400,2.026042509E7,4329.0,482.0,466.0,16.0,0.0,96.6804979253112,3.319502074688797,0.0,0.8613647803264544,0.029055977730915988,0.15816189050086865,12.607999755627164,46.609095058318324,272.3366817903761,157.22081680331914,115.11586498705694,0.565013862635635,0.3261842672268032,0.2388295954088318,226.42105597830556,0.46975322817075843,83.14012438199094,0.921875,59.0,0.02631578947368421,11.0,0.9736842105263158,407.0,0.078125,5.0,0.8428571428571429,0.921875,0.880597014925373,0.8625311822900426,0.9610870215311005,0.827544241799902,0.966804979253112,0.07124576872679624,0.9287542312732038,0.03319502074688797,0.9686100448316941,0.966804979253112,0.9674281693566861,0.8625311822900426,0.9610870215311005,0.9690073308878339,0.9306599532458191,0.966804979253112,0.002,0.171,0.0,0.17,0.0,170.0,809133.0,924290.0,104879.0,97.9253112033195,50.829875518672196,?
DatasetClassiRealeseNormalized,1,2,weka.classifiers.meta.FilteredClassifier,'-F \"weka.filters.MultiFilter -F \\\"weka.filters.supervised.instance.Resample -B 1.0 -S 1 -Z 200.0\\\" -S 1\" -S 1 -W weka.classifiers.lazy.IBk -- -K 1 -W 0 -A \"weka.core.neighboursearch.LinearNNSearch -A \\\"weka.core.EuclideanDistance -R first-last\\\"\"',-4523450618538717400,2.026042509E7,4330.0,481.0,454.0,27.0,0.0,94.38669438669439,5.613305613305613,0.0,0.7732835221618981,0.05423474097425776,0.23015352913019077,23.6542667393963,68.21736134377117,269.42867131105754,376.7972818596407,-107.36861054858315,0.5601427677984564,0.7833623323485254,-0.22321956455006892,187.02132665289705,0.3888177269290999,69.41404036283112,0.8888888888888888,56.0,0.04784688995215311,20.0,0.9521531100478469,398.0,0.1111111111111111,7.0,0.7368421052631579,0.8888888888888888,0.8057553956834532,0.7779322777302627,0.9207488418014734,0.7039759210802191,0.9438669438669439,0.10282494493020809,0.8971750550697918,0.056133056133056136,0.9505121855999049,0.9438669438669439,0.946048535758056,0.7779322777302626,0.9207488418014734,0.945614761586661,0.8864742956546063,0.9438669438669439,0.002,0.173,0.0,0.17,0.0,170.0,814509.0,924503.0,104666.0,95.01039501039502,50.311850311850314,?
DatasetClassiRealeseNormalized,1,3,weka.classifiers.meta.FilteredClassifier,'-F \"weka.filters.MultiFilter -F \\\"weka.filters.supervised.instance.Resample -B 1.0 -S 1 -Z 200.0\\\" -S 1\" -S 1 -W weka.classifiers.lazy.IBk -- -K 1 -W 0 -A \"weka.core.neighboursearch.LinearNNSearch -A \\\"weka.core.EuclideanDistance -R first-last\\\"\"',-4523450618538717400,2.026042509E7,4330.0,481.0,457.0,24.0,0.0,95.01039501039502,4.98960498960499,0.0,0.7971391417425228,0.048129058467542764,0.21321781185000532,20.867903119662863,62.7784412158495,272.1308087156738,297.5425749220822,-25.4117662064084,0.565760517080403,0.6185916318546408,-0.05283111477423784,197.6059889260731,0.4108232618005678,72.61433935344478,0.890625,57.0,0.0407673860911271,17.0,0.9592326139088729,400.0,0.109375,7.0,0.7702702702702703,0.890625,0.8260869565217391,0.8000020863963418,0.9297062350119905,0.7717656325957805,0.9501039501039501,0.1002463361950772,0.8997536638049228,0.0498960498960499,0.9545224680359815,0.9501039501039501,0.951609010705676,0.8000020863963418,0.9297062350119905,0.9548482485478226,0.8984803714647531,0.9501039501039501,0.001,0.177,0.0,0.18,0.0,180.0,811264.0,924503.0,104666.0,96.04989604989605,50.62370062370062,?
DatasetClassiRealeseNormalized,1,4,weka.classifiers.meta.FilteredClassifier,'-F \"weka.filters.MultiFilter -F \\\"weka.filters.supervised.instance.Resample -B 1.0 -S 1 -Z 200.0\\\" -S 1\" -S 1 -W weka.classifiers.lazy.IBk -- -K 1 -W 0 -A \"weka.core.neighboursearch.LinearNNSearch -A \\\"weka.core.EuclideanDistance -R first-last\\\"\"',-4523450618538717400,2.026042509E7,4330.0,481.0,455.0,26.0,0.0,94.5945945945946,5.405405405405405,0.0,0.7802340702210663,0.053311636654026155,0.22734517387394304,23.1149767784702,66.93800818007064,272.1308087156738,375.9076249037959,-103.7768161881221,0.565760517080403,0.7815127336877254,-0.21575221660732244,191.77081113273897,0.39869191503687934,70.47008460299101,0.875,56.0,0.04316546762589928,18.0,0.9568345323741008,399.0,0.125,8.0,0.7567567567567568,0.875,0.8115942028985507,0.7830362998985402,0.9086668165467626,0.7071696643589275,0.9459459459459459,0.11411141357184522,0.8858885864281548,0.05405405405405406,0.9505943289727073,0.9459459459459459,0.9475764282644822,0.7830362998985401,0.9086668165467626,0.9395926442116165,0.890020402420149,0.9459459459459459,0.002,0.175,0.0,0.18,0.0,180.0,811670.0,924503.0,104666.0,95.01039501039502,50.311850311850314,?
DatasetClassiRealeseNormalized,1,5,weka.classifiers.meta.FilteredClassifier,'-F \"weka.filters.MultiFilter -F \\\"weka.filters.supervised.instance.Resample -B 1.0 -S 1 -Z 200.0\\\" -S 1\" -S 1 -W weka.classifiers.lazy.IBk -- -K 1 -W 0 -A \"weka.core.neighboursearch.LinearNNSearch -A \\\"weka.core.EuclideanDistance -R first-last\\\"\"',-4523450618538717400,2.026042509E7,4330.0,481.0,465.0,16.0,0.0,96.67359667359668,3.3264033264033266,0.0,0.8576975703561259,0.03423505735344684,0.1807396939950278,14.843711530937517,53.21579916981592,272.1308087156738,236.50250085019096,35.62830786548287,0.565760517080403,0.49168919095673796,0.074071326123665,219.25313143886677,0.4558277160891201,80.56902210875565,0.890625,57.0,0.02158273381294964,9.0,0.9784172661870504,408.0,0.109375,7.0,0.8636363636363636,0.890625,0.8769230769230768,0.8578332928763902,0.9123201438848921,0.718213418029407,0.9667359667359667,0.09769370054891638,0.9023062994510836,0.033264033264033266,0.9672328322930732,0.9667359667359667,0.9669518631057094,0.8578332928763902,0.912320143884892,0.9436195532170965,0.9288461538461539,0.9667359667359667,0.001,0.176,0.01,0.17,10.0,170.0,809028.0,924503.0,104666.0,96.88149688149689,50.311850311850314,?
DatasetClassiRealeseNormalized,1,6,weka.classifiers.meta.FilteredClassifier,'-F \"weka.filters.MultiFilter -F \\\"weka.filters.supervised.instance.Resample -B 1.0 -S 1 -Z 200.0\\\" -S 1\" -S 1 -W weka.classifiers.lazy.IBk -- -K 1 -W 0 -A \"weka.core.neighboursearch.LinearNNSearch -A \\\"weka.core.EuclideanDistance -R first-last\\\"\"',-4523450618538717400,2.026042509E7,4330.0,481.0,451.0,30.0,0.0,93.76299376299376,6.237006237006237,0.0,0.7495313476359091,0.06064737990826663,0.24208222897029666,26.29562448724359,71.27708913692807,272.1308087156738,365.60021911873037,-93.46941040305654,0.565760517080403,0.7600836156314561,-0.1943230985510531,179.93184324149283,0.37407867617773977,66.1196150816897,0.859375,55.0,0.050359712230215826,21.0,0.9496402877697842,396.0,0.140625,9.0,0.7236842105263158,0.859375,0.7857142857142857,0.7533216260850351,0.9127323141486811,0.7239516539393175,0.9376299376299376,0.12861464986015347,0.8713853501398466,0.062370062370062374,0.9439690702848597,0.9376299376299376,0.9398476843732317,0.7533216260850351,0.9127323141486811,0.9446160473495652,0.8746089676746611,0.9376299376299376,0.001,0.18,0.0,0.18,0.0,180.0,808075.0,924503.0,104666.0,95.21829521829522,50.83160083160083,?
DatasetClassiRealeseNormalized,1,7,weka.classifiers.meta.FilteredClassifier,'-F \"weka.filters.MultiFilter -F \\\"weka.filters.supervised.instance.Resample -B 1.0 -S 1 -Z 200.0\\\" -S 1\" -S 1 -W weka.classifiers.lazy.IBk -- -K 1 -W 0 -A \"weka.core.neighboursearch.LinearNNSearch -A \\\"weka.core.EuclideanDistance -R first-last\\\"\"',-4523450618538717400,2.026042509E7,4330.0,481.0,461.0,20.0,0.0,95.84199584199584,4.158004158004158,0.0,0.8221219629451574,0.04162907280535533,0.1960924171956177,18.049625027453796,57.73615336812966,272.1308087156738,249.17306053673127,22.957748178942552,0.565760517080403,0.5180313108871752,0.047729206193227756,208.65375311506006,0.43379158651779637,76.67406498360296,0.859375,55.0,0.026378896882494004,11.0,0.973621103117506,406.0,0.140625,9.0,0.8333333333333334,0.859375,0.8461538461538461,0.8222520559623607,0.9271395383693045,0.8021767340079836,0.9584199584199584,0.12542385530245242,0.8745761446975476,0.04158004158004158,0.9590227855288096,0.9584199584199584,0.9586898288821365,0.8222520559623607,0.9271395383693045,0.9576996517856962,0.9110576923076923,0.9584199584199584,0.001,0.175,0.0,0.18,0.0,180.0,809185.0,924503.0,104666.0,96.67359667359668,50.727650727650726,?
DatasetClassiRealeseNormalized,1,8,weka.classifiers.meta.FilteredClassifier,'-F \"weka.filters.MultiFilter -F \\\"weka.filters.supervised.instance.Resample -B 1.0 -S 1 -Z 200.0\\\" -S 1\" -S 1 -W weka.classifiers.lazy.IBk -- -K 1 -W 0 -A \"weka.core.neighboursearch.LinearNNSearch -A \\\"weka.core.EuclideanDistance -R first-last\\\"\"',-4523450618538717400,2.026042509E7,4330.0,481.0,462.0,19.0,0.0,96.04989604989605,3.95010395010395,0.0,0.8403919034562254,0.037708697410294624,0.18928258423744676,16.349820033512188,55.731111226739365,272.1308087156738,252.71984384220545,19.410964873468373,0.565760517080403,0.5254050807530258,0.04035543632737708,213.9198945867089,0.4447399055856734,78.60921576513428,0.9375,60.0,0.03597122302158273,15.0,0.9640287769784173,402.0,0.0625,4.0,0.8,0.9375,0.8633093525179856,0.844002941148128,0.9474857613908872,0.8121041424100174,0.9604989604989606,0.058970183520543236,0.9410298164794568,0.0395010395010395,0.9648474545026269,0.9604989604989606,0.9617979710552068,0.844002941148128,0.9474857613908874,0.9645639292345016,0.9201115413865748,0.9604989604989606,0.003,0.165,0.01,0.16,10.0,160.0,812792.0,924503.0,104666.0,96.67359667359668,50.41580041580042,?
DatasetClassiRealeseNormalized,1,9,weka.classifiers.meta.FilteredClassifier,'-F \"weka.filters.MultiFilter -F \\\"weka.filters.supervised.instance.Resample -B 1.0 -S 1 -Z 200.0\\\" -S 1\" -S 1 -W weka.classifiers.lazy.IBk -- -K 1 -W 0 -A \"weka.core.neighboursearch.LinearNNSearch -A \\\"weka.core.EuclideanDistance -R first-last\\\"\"',-4523450618538717400,2.026042509E7,4330.0,481.0,456.0,25.0,0.0,94.8024948024948,5.197505197505198,0.0,0.7925472267747781,0.053639087082109654,0.22934912891216058,23.256953455914385,67.52803943718928,272.1308087156738,392.83080537980294,-120.69999666412912,0.565760517080403,0.8166960610806714,-0.2509355440002684,191.66087965364937,0.39846336726330434,70.42968804531773,0.90625,58.0,0.045563549160671464,19.0,0.9544364508393285,398.0,0.09375,6.0,0.7532467532467533,0.90625,0.822695035460993,0.7971993493575038,0.9281886990407674,0.6600624409767805,0.9480249480249481,0.08733849718561949,0.9126615028143805,0.05197505197505198,0.9542925632034543,0.9480249480249481,0.9500094655198706,0.7971993493575038,0.9281886990407674,0.9415105365012996,0.8961221827731274,0.9480249480249481,0.001,0.167,0.0,0.17,0.0,170.0,815663.0,924503.0,104666.0,94.8024948024948,50.20790020790021,?
DatasetClassiRealeseNormalized,1,10,weka.classifiers.meta.FilteredClassifier,'-F \"weka.filters.MultiFilter -F \\\"weka.filters.supervised.instance.Resample -B 1.0 -S 1 -Z 200.0\\\" -S 1\" -S 1 -W weka.classifiers.lazy.IBk -- -K 1 -W 0 -A \"weka.core.neighboursearch.LinearNNSearch -A \\\"weka.core.EuclideanDistance -R first-last\\\"\"',-4523450618538717400,2.026042509E7,4330.0,481.0,459.0,22.0,0.0,95.42619542619542,4.573804573804574,0.0,0.8117081850533808,0.048732290193647165,0.21398088310660998,21.129453659396418,63.00311486581623,272.1308087156738,299.4887017016139,-27.357892985940055,0.565760517080403,0.6226376334752888,-0.05687711639488577,198.50858767356252,0.41269976647310297,72.94601761940417,0.890625,57.0,0.03597122302158273,15.0,0.9640287769784173,402.0,0.109375,7.0,0.7916666666666666,0.890625,0.8382352941176471,0.8136175886239345,0.9372939148681055,0.7609056592262947,0.9542619542619543,0.09960817728353699,0.900391822716463,0.04573804573804574,0.9574423021855785,0.9542619542619543,0.955385699154393,0.8136175886239345,0.9372939148681054,0.9536853207258351,0.9058004557755306,0.9542619542619543,0.002,0.166,0.0,0.16,0.0,160.0,812973.0,924503.0,104666.0,95.84199584199584,50.62370062370062,?
DatasetClassiRealeseNormalized,2,1,weka.classifiers.meta.FilteredClassifier,'-F \"weka.filters.MultiFilter -F \\\"weka.filters.supervised.instance.Resample -B 1.0 -S 1 -Z 200.0\\\" -S 1\" -S 1 -W weka.classifiers.lazy.IBk -- -K 1 -W 0 -A \"weka.core.neighboursearch.LinearNNSearch -A \\\"weka.core.EuclideanDistance -R first-last\\\"\"',-4523450618538717400,2.026042509E7,4329.0,482.0,459.0,23.0,0.0,95.22821576763485,4.771784232365145,0.0,0.7994355393132393,0.04547389131809521,0.20488918143486703,19.732077713424317,60.379269011496156,272.3366817903761,273.54298756231174,-1.2063057719356607,0.565013862635635,0.567516571706041,-0.002502709070405935,202.1553436769918,0.41940942671575066,74.22993566198897,0.859375,55.0,0.03349282296650718,14.0,0.9665071770334929,404.0,0.140625,9.0,0.7971014492753623,0.859375,0.8270676691729324,0.8001965057501734,0.9363225179425837,0.7700454608060328,0.9522821576763485,0.1263999806428557,0.8736000193571443,0.04771784232365145,0.9541608587465784,0.9522821576763485,0.9530355541174041,0.8001965057501733,0.9363225179425837,0.9560179426788056,0.899695086090678,0.9522821576763485,0.002,0.164,0.0,0.16,0.0,160.0,806889.0,924290.0,104879.0,96.2655601659751,50.829875518672196,?
DatasetClassiRealeseNormalized,2,2,weka.classifiers.meta.FilteredClassifier,'-F \"weka.filters.MultiFilter -F \\\"weka.filters.supervised.instance.Resample -B 1.0 -S 1 -Z 200.0\\\" -S 1\" -S 1 -W weka.classifiers.lazy.IBk -- -K 1 -W 0 -A \"weka.core.neighboursearch.LinearNNSearch -A \\\"weka.core.EuclideanDistance -R first-last\\\"\"',-4523450618538717400,2.026042509E7,4330.0,481.0,463.0,18.0,0.0,96.25779625779626,3.7422037422037424,0.0,0.8420015329026607,0.038526561170785824,0.19210840921440067,16.803206544638762,56.94081171852317,269.42867131105754,255.51474809901214,13.913923212045404,0.5601427677984564,0.5312156925135387,0.02892707528491768,211.1702375727932,0.4390233629372,78.37704745572363,0.9047619047619048,57.0,0.028708133971291867,12.0,0.9712918660287081,406.0,0.09523809523809523,6.0,0.8260869565217391,0.9047619047619048,0.8636363636363636,0.8431717076839369,0.94163438900281,0.8055432536604655,0.9625779625779626,0.08652419178734969,0.9134758082126504,0.037422037422037424,0.9645656956758687,0.9625779625779626,0.9632932030522392,0.8431717076839369,0.94163438900281,0.9627814020354131,0.920974808324206,0.9625779625779626,0.001,0.162,0.0,0.16,0.0,160.0,818671.0,924503.0,104666.0,96.46569646569647,50.311850311850314,?
DatasetClassiRealeseNormalized,2,3,weka.classifiers.meta.FilteredClassifier,'-F \"weka.filters.MultiFilter -F \\\"weka.filters.supervised.instance.Resample -B 1.0 -S 1 -Z 200.0\\\" -S 1\" -S 1 -W weka.classifiers.lazy.IBk -- -K 1 -W 0 -A \"weka.core.neighboursearch.LinearNNSearch -A \\\"weka.core.EuclideanDistance -R first-last\\\"\"',-4523450618538717400,2.026042509E7,4330.0,481.0,455.0,26.0,0.0,94.5945945945946,5.405405405405405,0.0,0.7746423036724691,0.052983156667635256,0.22667774852947697,22.972553702868666,66.74149587938626,272.1308087156738,367.0382093227604,-94.90740060708657,0.565760517080403,0.7630732002552191,-0.19731268317481615,192.17406390369388,0.399530278386058,70.6182680346495,0.84375,54.0,0.03836930455635491,16.0,0.9616306954436451,401.0,0.15625,10.0,0.7714285714285715,0.84375,0.8059701492537314,0.7756919762273645,0.9036270983213429,0.6569061382820753,0.9459459459459459,0.14056525050230087,0.8594347494976992,0.05405405405405406,0.9484936448440099,0.9459459459459459,0.9469602633132809,0.7756919762273646,0.9036270983213429,0.9345571043105471,0.8872845915350783,0.9459459459459459,0.002,0.164,0.0,0.16,0.0,160.0,810532.0,924503.0,104666.0,95.01039501039502,50.41580041580042,?
DatasetClassiRealeseNormalized,2,4,weka.classifiers.meta.FilteredClassifier,'-F \"weka.filters.MultiFilter -F \\\"weka.filters.supervised.instance.Resample -B 1.0 -S 1 -Z 200.0\\\" -S 1\" -S 1 -W weka.classifiers.lazy.IBk -- -K 1 -W 0 -A \"weka.core.neighboursearch.LinearNNSearch -A \\\"weka.core.EuclideanDistance -R first-last\\\"\"',-4523450618538717400,2.026042509E7,4330.0,481.0,461.0,20.0,0.0,95.84199584199584,4.158004158004158,0.0,0.8266479259018993,0.03952233862674645,0.19256052178032004,17.136182584615643,56.69624545993964,272.1308087156738,248.0250225212322,24.105786194441635,0.565760517080403,0.5156445374661792,0.050115979614223774,211.56359137935257,0.4398411463188203,77.74334423133884,0.890625,57.0,0.03117505995203837,13.0,0.9688249400479616,404.0,0.109375,7.0,0.8142857142857143,0.890625,0.8507462686567163,0.8277680682389067,0.9395046462829736,0.8231869357293785,0.9584199584199584,0.09897001837199679,0.9010299816280032,0.04158004158004158,0.9605241079693635,0.9584199584199584,0.9592002025486777,0.8277680682389067,0.9395046462829736,0.9639580922312244,0.9132958396423678,0.9584199584199584,0.002,0.163,0.0,0.16,0.0,160.0,805614.0,924503.0,104666.0,96.67359667359668,50.51975051975052,?
DatasetClassiRealeseNormalized,2,5,weka.classifiers.meta.FilteredClassifier,'-F \"weka.filters.MultiFilter -F \\\"weka.filters.supervised.instance.Resample -B 1.0 -S 1 -Z 200.0\\\" -S 1\" -S 1 -W weka.classifiers.lazy.IBk -- -K 1 -W 0 -A \"weka.core.neighboursearch.LinearNNSearch -A \\\"weka.core.EuclideanDistance -R first-last\\\"\"',-4523450618538717400,2.026042509E7,4330.0,481.0,460.0,21.0,0.0,95.63409563409563,4.365904365904366,0.0,0.8235910511884597,0.04470029225984816,0.20785239016685933,19.38125111938745,61.198681969607065,272.1308087156738,312.6074292417671,-40.47662052609326,0.565760517080403,0.649911495305129,-0.0841509782247261,203.65732675355724,0.42340400572465126,74.83802650450407,0.921875,59.0,0.03836930455635491,16.0,0.9616306954436451,401.0,0.078125,5.0,0.7866666666666666,0.921875,0.8489208633093526,0.8271298981434626,0.9407786270983214,0.7446229723247697,0.9563409563409564,0.07283526089731125,0.9271647391026888,0.04365904365904366,0.9609380430070085,0.9563409563409564,0.9577767048504917,0.8271298981434626,0.9407786270983214,0.9539118348284104,0.9117022299535827,0.9563409563409564,0.002,0.164,0.0,0.16,0.0,160.0,813335.0,924503.0,104666.0,95.84199584199584,50.311850311850314,?
DatasetClassiRealeseNormalized,2,6,weka.classifiers.meta.FilteredClassifier,'-F \"weka.filters.MultiFilter -F \\\"weka.filters.supervised.instance.Resample -B 1.0 -S 1 -Z 200.0\\\" -S 1\" -S 1 -W weka.classifiers.lazy.IBk -- -K 1 -W 0 -A \"weka.core.neighboursearch.LinearNNSearch -A \\\"weka.core.EuclideanDistance -R first-last\\\"\"',-4523450618538717400,2.026042509E7,4330.0,481.0,458.0,23.0,0.0,95.21829521829522,4.781704781704781,0.0,0.7967667860751357,0.04913246395462343,0.21419935676240062,21.302961879606364,63.06744080293312,272.1308087156738,313.0247538757609,-40.89394516008707,0.565760517080403,0.650779114086821,-0.08501859700641803,197.16757577044967,0.4099117999385648,72.4532355233814,0.84375,54.0,0.03117505995203837,13.0,0.9688249400479616,404.0,0.15625,10.0,0.8059701492537313,0.84375,0.8244274809160305,0.7970468817450308,0.9076925959232613,0.6924288512786219,0.9521829521829522,0.13960801213499055,0.8603919878650095,0.04781704781704782,0.9532424652476567,0.9521829521829522,0.9526441632705585,0.7970468817450308,0.9076925959232615,0.9395657642817021,0.898374991962227,0.9521829521829522,0.002,0.168,0.0,0.17,0.0,170.0,813536.0,924503.0,104666.0,95.84199584199584,50.727650727650726,?
DatasetClassiRealeseNormalized,2,7,weka.classifiers.meta.FilteredClassifier,'-F \"weka.filters.MultiFilter -F \\\"weka.filters.supervised.instance.Resample -B 1.0 -S 1 -Z 200.0\\\" -S 1\" -S 1 -W weka.classifiers.lazy.IBk -- -K 1 -W 0 -A \"weka.core.neighboursearch.LinearNNSearch -A \\\"weka.core.EuclideanDistance -R first-last\\\"\"',-4523450618538717400,2.026042509E7,4330.0,481.0,459.0,22.0,0.0,95.42619542619542,4.573804573804574,0.0,0.8185465893892109,0.044016304915335404,0.20266421954100464,19.084686380852343,59.67111135143496,272.1308087156738,277.4464890868322,-5.315680371158351,0.565760517080403,0.5768118276233517,-0.011051310542948754,204.0008904743819,0.42411827541451536,74.9642759807931,0.9375,60.0,0.04316546762589928,18.0,0.9568345323741008,399.0,0.0625,4.0,0.7692307692307693,0.9375,0.8450704225352113,0.8240587786897665,0.9566284472422062,0.6891541896793772,0.9542619542619543,0.05992742188785354,0.9400725781121465,0.04573804573804574,0.9606898366203577,0.9542619542619543,0.9561261999255815,0.8240587786897666,0.9566284472422062,0.950840139018617,0.909120577121264,0.9542619542619543,0.002,0.173,0.0,0.17,0.0,170.0,818044.0,924503.0,104666.0,96.46569646569647,50.727650727650726,?
DatasetClassiRealeseNormalized,2,8,weka.classifiers.meta.FilteredClassifier,'-F \"weka.filters.MultiFilter -F \\\"weka.filters.supervised.instance.Resample -B 1.0 -S 1 -Z 200.0\\\" -S 1\" -S 1 -W weka.classifiers.lazy.IBk -- -K 1 -W 0 -A \"weka.core.neighboursearch.LinearNNSearch -A \\\"weka.core.EuclideanDistance -R first-last\\\"\"',-4523450618538717400,2.026042509E7,4330.0,481.0,462.0,19.0,0.0,96.04989604989605,3.95010395010395,0.0,0.8403919034562254,0.04345754407843076,0.1981850373914503,18.842417627154383,58.35229060737492,272.1308087156738,278.42722936781684,-6.296420652143013,0.565760517080403,0.5788507887064799,-0.01309027162607695,203.71000590614028,0.42351352579239143,74.85738453045917,0.9375,60.0,0.03597122302158273,15.0,0.9640287769784173,402.0,0.0625,4.0,0.8,0.9375,0.8633093525179856,0.844002941148128,0.9312799760191847,0.706224560371316,0.9604989604989606,0.058970183520543236,0.9410298164794568,0.0395010395010395,0.9648474545026269,0.9604989604989606,0.9617979710552068,0.844002941148128,0.9312799760191847,0.9476507695870454,0.9201115413865748,0.9604989604989606,0.002,0.164,0.0,0.16,0.0,160.0,808815.0,924503.0,104666.0,96.46569646569647,50.83160083160083,?
DatasetClassiRealeseNormalized,2,9,weka.classifiers.meta.FilteredClassifier,'-F \"weka.filters.MultiFilter -F \\\"weka.filters.supervised.instance.Resample -B 1.0 -S 1 -Z 200.0\\\" -S 1\" -S 1 -W weka.classifiers.lazy.IBk -- -K 1 -W 0 -A \"weka.core.neighboursearch.LinearNNSearch -A \\\"weka.core.EuclideanDistance -R first-last\\\"\"',-4523450618538717400,2.026042509E7,4330.0,481.0,456.0,25.0,0.0,94.8024948024948,5.197505197505198,0.0,0.7925472267747781,0.05082246493932436,0.2231434089614675,22.035716226850806,65.7008683310498,272.1308087156738,359.6153805010614,-87.48457178538757,0.565760517080403,0.7476411237028303,-0.1818806066224274,195.18855190584466,0.40579740520965624,71.72600295682818,0.90625,58.0,0.045563549160671464,19.0,0.9544364508393285,398.0,0.09375,6.0,0.7532467532467533,0.90625,0.822695035460993,0.7971993493575038,0.9331909472422062,0.6656675269006398,0.9480249480249481,0.08733849718561949,0.9126615028143805,0.05197505197505198,0.9542925632034543,0.9480249480249481,0.9500094655198706,0.7971993493575038,0.9331909472422062,0.9427770630943654,0.8961221827731274,0.9480249480249481,0.002,0.167,0.0,0.17,0.0,170.0,815965.0,924503.0,104666.0,95.21829521829522,50.20790020790021,?
DatasetClassiRealeseNormalized,2,10,weka.classifiers.meta.FilteredClassifier,'-F \"weka.filters.MultiFilter -F \\\"weka.filters.supervised.instance.Resample -B 1.0 -S 1 -Z 200.0\\\" -S 1\" -S 1 -W weka.classifiers.lazy.IBk -- -K 1 -W 0 -A \"weka.core.neighboursearch.LinearNNSearch -A \\\"weka.core.EuclideanDistance -R first-last\\\"\"',-4523450618538717400,2.026042509E7,4330.0,481.0,454.0,27.0,0.0,94.38669438669439,5.613305613305613,0.0,0.767453936648343,0.05623321441600989,0.23437293069994325,24.381720895950767,69.00721438264956,272.1308087156738,388.6241436323735,-116.49333491669967,0.565760517080403,0.807950402562107,-0.2421898854817041,187.90134198360727,0.39064728063120013,69.04816947056122,0.84375,54.0,0.0407673860911271,17.0,0.9592326139088729,400.0,0.15625,10.0,0.7605633802816901,0.84375,0.8,0.768852540698998,0.8944282074340527,0.6740588595322806,0.9438669438669439,0.14088432995807096,0.859115670041929,0.056133056133056136,0.9469965169037652,0.9438669438669439,0.9450846809976193,0.7688525406989981,0.8944282074340527,0.9329685163214271,0.8836759371221282,0.9438669438669439,0.002,0.166,0.0,0.17,0.0,170.0,813926.0,924503.0,104666.0,94.8024948024948,50.41580041580042,?
DatasetClassiRealeseNormalized,3,1,weka.classifiers.meta.FilteredClassifier,'-F \"weka.filters.MultiFilter -F \\\"weka.filters.supervised.instance.Resample -B 1.0 -S 1 -Z 200.0\\\" -S 1\" -S 1 -W weka.classifiers.lazy.IBk -- -K 1 -W 0 -A \"weka.core.neighboursearch.LinearNNSearch -A \\\"weka.core.EuclideanDistance -R first-last\\\"\"',-4523450618538717400,2.026042509E7,4329.0,482.0,458.0,24.0,0.0,95.02074688796681,4.979253112033195,0.0,0.8044889129259057,0.04803501343835954,0.21669464296846883,20.843402459246455,63.85824790511241,272.3366817903761,350.33511957358587,-77.9984377832098,0.565013862635635,0.7268363476630412,-0.1618224850274062,199.1698766945518,0.4132155118144228,73.13369443483839,0.9375,60.0,0.04784688995215311,20.0,0.9521531100478469,398.0,0.0625,4.0,0.75,0.9375,0.8333333333333334,0.811410847095456,0.9503027811004785,0.670292628281789,0.950207468879668,0.06055435883182116,0.9394456411681789,0.04979253112033195,0.9581759253524906,0.950207468879668,0.9524879398171574,0.8114108470954559,0.9503027811004784,0.9473201419796086,0.9020325203252033,0.950207468879668,0.001,0.168,0.01,0.16,10.0,160.0,806503.0,924290.0,104879.0,95.4356846473029,50.20746887966805,?
DatasetClassiRealeseNormalized,3,2,weka.classifiers.meta.FilteredClassifier,'-F \"weka.filters.MultiFilter -F \\\"weka.filters.supervised.instance.Resample -B 1.0 -S 1 -Z 200.0\\\" -S 1\" -S 1 -W weka.classifiers.lazy.IBk -- -K 1 -W 0 -A \"weka.core.neighboursearch.LinearNNSearch -A \\\"weka.core.EuclideanDistance -R first-last\\\"\"',-4523450618538717400,2.026042509E7,4330.0,481.0,462.0,19.0,0.0,96.04989604989605,3.95010395010395,0.0,0.8299182997413138,0.03881660118232047,0.19562742408319406,16.9297063430096,57.983845513337535,269.42867131105754,271.5405647622166,-2.1118934511590624,0.5601427677984564,0.564533398674047,-0.004390630875590567,210.85051609076956,0.43835866131137124,78.25838098995077,0.873015873015873,55.0,0.02631578947368421,11.0,0.9736842105263158,407.0,0.12698412698412698,8.0,0.8333333333333334,0.873015873015873,0.8527131782945736,0.8302177266419507,0.9298815219867852,0.7335675638739227,0.9604989604989606,0.11379887695677168,0.8862011230432284,0.0395010395010395,0.9614182300929289,0.9604989604989606,0.9608871445885322,0.8302177266419507,0.9298815219867852,0.9507446127151945,0.9149520273225569,0.9604989604989606,0.002,0.167,0.0,0.17,0.0,170.0,811988.0,924503.0,104666.0,96.25779625779626,50.103950103950105,?
DatasetClassiRealeseNormalized,3,3,weka.classifiers.meta.FilteredClassifier,'-F \"weka.filters.MultiFilter -F \\\"weka.filters.supervised.instance.Resample -B 1.0 -S 1 -Z 200.0\\\" -S 1\" -S 1 -W weka.classifiers.lazy.IBk -- -K 1 -W 0 -A \"weka.core.neighboursearch.LinearNNSearch -A \\\"weka.core.EuclideanDistance -R first-last\\\"\"',-4523450618538717400,2.026042509E7,4330.0,481.0,462.0,19.0,0.0,96.04989604989605,3.95010395010395,0.0,0.8321116928446773,0.040152298382120484,0.19527423891074558,17.409321922117897,57.49525436951757,272.1308087156738,261.47513324280385,10.655675472869973,0.565760517080403,0.5436073456191348,0.022153171461268134,209.96255927154374,0.4365125972381367,77.15501242305704,0.875,56.0,0.026378896882494004,11.0,0.973621103117506,406.0,0.125,8.0,0.835820895522388,0.875,0.8549618320610687,0.8324042136752493,0.9233363309352518,0.7533340863725195,0.9604989604989606,0.11187785738145449,0.8881221426185455,0.0395010395010395,0.9614024247379211,0.9604989604989606,0.9608799609626352,0.8324042136752493,0.9233363309352518,0.9511388119634528,0.9160489064035788,0.9604989604989606,0.001,0.171,0.0,0.17,0.0,170.0,812362.0,924503.0,104666.0,96.46569646569647,50.41580041580042,?
DatasetClassiRealeseNormalized,3,4,weka.classifiers.meta.FilteredClassifier,'-F \"weka.filters.MultiFilter -F \\\"weka.filters.supervised.instance.Resample -B 1.0 -S 1 -Z 200.0\\\" -S 1\" -S 1 -W weka.classifiers.lazy.IBk -- -K 1 -W 0 -A \"weka.core.neighboursearch.LinearNNSearch -A \\\"weka.core.EuclideanDistance -R first-last\\\"\"',-4523450618538717400,2.026042509E7,4330.0,481.0,461.0,20.0,0.0,95.84199584199584,4.158004158004158,0.0,0.8288256227758007,0.03843857547628163,0.1901622837780851,16.666282172086024,55.99012413668529,272.1308087156738,232.47797297919442,39.6528357364794,0.565760517080403,0.48332218914593433,0.08243832793446862,212.4157246325926,0.44161273312389315,78.05647792511711,0.90625,58.0,0.03357314148681055,14.0,0.9664268585131894,403.0,0.09375,6.0,0.8055555555555556,0.90625,0.8529411764705882,0.8307752921676284,0.9508393285371702,0.8347541550356911,0.9584199584199584,0.08574309990676897,0.914256900093231,0.04158004158004158,0.9614099711899223,0.9584199584199584,0.9594415446858119,0.8307752921676284,0.9508393285371702,0.9670251304329786,0.9143640507050277,0.9584199584199584,0.002,0.165,0.0,0.16,0.0,160.0,810524.0,924503.0,104666.0,96.88149688149689,50.51975051975052,?
DatasetClassiRealeseNormalized,3,5,weka.classifiers.meta.FilteredClassifier,'-F \"weka.filters.MultiFilter -F \\\"weka.filters.supervised.instance.Resample -B 1.0 -S 1 -Z 200.0\\\" -S 1\" -S 1 -W weka.classifiers.lazy.IBk -- -K 1 -W 0 -A \"weka.core.neighboursearch.LinearNNSearch -A \\\"weka.core.EuclideanDistance -R first-last\\\"\"',-4523450618538717400,2.026042509E7,4330.0,481.0,451.0,30.0,0.0,93.76299376299376,6.237006237006237,0.0,0.733182944417736,0.06097680707147941,0.2429338210592883,26.43845824185663,71.52782627485655,272.1308087156738,411.27541504378496,-139.14460632811114,0.565760517080403,0.8550424429184719,-0.2892819258380689,180.80289514906286,0.3758895949044966,66.43970081975111,0.78125,50.0,0.03836930455635491,16.0,0.9616306954436451,401.0,0.21875,14.0,0.7575757575757576,0.78125,0.7692307692307692,0.7332989636772869,0.8892386091127098,0.6565441543452558,0.9376299376299376,0.19474924218629255,0.8052507578137075,0.062370062370062374,0.9384976686181505,0.9376299376299376,0.9380347433232048,0.7332989636772869,0.8892386091127098,0.9301224039470942,0.8665865384615383,0.9376299376299376,0.001,0.164,0.0,0.17,0.0,170.0,805437.0,924503.0,104666.0,94.38669438669439,50.41580041580042,?
DatasetClassiRealeseNormalized,3,6,weka.classifiers.meta.FilteredClassifier,'-F \"weka.filters.MultiFilter -F \\\"weka.filters.supervised.instance.Resample -B 1.0 -S 1 -Z 200.0\\\" -S 1\" -S 1 -W weka.classifiers.lazy.IBk -- -K 1 -W 0 -A \"weka.core.neighboursearch.LinearNNSearch -A \\\"weka.core.EuclideanDistance -R first-last\\\"\"',-4523450618538717400,2.026042509E7,4330.0,481.0,454.0,27.0,0.0,94.38669438669439,5.613305613305613,0.0,0.7786470317533366,0.0582459771837533,0.23423761491755804,25.25441900760112,68.96737289934974,272.1308087156738,387.3351601122239,-115.20435139655007,0.565760517080403,0.8052706031439166,-0.23951008606351365,183.92465302275738,0.3823797360140486,67.5868542377811,0.90625,58.0,0.050359712230215826,21.0,0.9496402877697842,396.0,0.09375,6.0,0.7341772151898734,0.90625,0.8111888111888113,0.784602234304662,0.9442820743405276,0.7109935620203428,0.9438669438669439,0.0879766560971597,0.9120233439028403,0.056133056133056136,0.9516911874742973,0.9438669438669439,0.9462969462969463,0.7846022343046621,0.9442820743405276,0.950498053173845,0.8891108891108891,0.9438669438669439,0.001,0.164,0.0,0.17,0.0,170.0,808015.0,924503.0,104666.0,94.8024948024948,50.727650727650726,?
DatasetClassiRealeseNormalized,3,7,weka.classifiers.meta.FilteredClassifier,'-F \"weka.filters.MultiFilter -F \\\"weka.filters.supervised.instance.Resample -B 1.0 -S 1 -Z 200.0\\\" -S 1\" -S 1 -W weka.classifiers.lazy.IBk -- -K 1 -W 0 -A \"weka.core.neighboursearch.LinearNNSearch -A \\\"weka.core.EuclideanDistance -R first-last\\\"\"',-4523450618538717400,2.026042509E7,4330.0,481.0,456.0,25.0,0.0,94.8024948024948,5.197505197505198,0.0,0.7819227072414359,0.05121790938721985,0.22193992604083917,22.207173901084282,65.34652278584699,272.1308087156738,335.0756001885339,-62.94479147286006,0.565760517080403,0.6966228694148313,-0.1308623523344284,194.940687043461,0.40528209364544904,71.63491997230561,0.84375,54.0,0.03597122302158273,15.0,0.9640287769784173,402.0,0.15625,10.0,0.782608695652174,0.84375,0.81203007518797,0.7826674990262249,0.9239545863309353,0.7225379473240137,0.9480249480249481,0.14024617104653075,0.8597538289534693,0.05197505197505198,0.9500324268158798,0.9480249480249481,0.948845182481142,0.7826674990262249,0.9239545863309352,0.9460877568733461,0.8909366298738403,0.9480249480249481,0.001,0.168,0.0,0.17,0.0,170.0,802566.0,924503.0,104666.0,95.42619542619542,50.51975051975052,?
DatasetClassiRealeseNormalized,3,8,weka.classifiers.meta.FilteredClassifier,'-F \"weka.filters.MultiFilter -F \\\"weka.filters.supervised.instance.Resample -B 1.0 -S 1 -Z 200.0\\\" -S 1\" -S 1 -W weka.classifiers.lazy.IBk -- -K 1 -W 0 -A \"weka.core.neighboursearch.LinearNNSearch -A \\\"weka.core.EuclideanDistance -R first-last\\\"\"',-4523450618538717400,2.026042509E7,4330.0,481.0,456.0,25.0,0.0,94.8024948024948,5.197505197505198,0.0,0.7819227072414359,0.05175698208943936,0.22066362295269645,22.440906230004817,64.97073655252356,272.1308087156738,330.04250362556706,-57.91169490989324,0.565760517080403,0.6861590511966051,-0.12039853411620216,192.80959715483223,0.40085155333644956,70.85180765265078,0.84375,54.0,0.03597122302158273,15.0,0.9640287769784173,402.0,0.15625,10.0,0.782608695652174,0.84375,0.81203007518797,0.7826674990262249,0.9124325539568345,0.6785708685127699,0.9480249480249481,0.14024617104653075,0.8597538289534693,0.05197505197505198,0.9500324268158798,0.9480249480249481,0.948845182481142,0.7826674990262249,0.9124325539568346,0.9391365984879965,0.8909366298738403,0.9480249480249481,0.002,0.162,0.01,0.16,10.0,160.0,805783.0,924503.0,104666.0,95.63409563409563,50.727650727650726,?
DatasetClassiRealeseNormalized,3,9,weka.classifiers.meta.FilteredClassifier,'-F \"weka.filters.MultiFilter -F \\\"weka.filters.supervised.instance.Resample -B 1.0 -S 1 -Z 200.0\\\" -S 1\" -S 1 -W weka.classifiers.lazy.IBk -- -K 1 -W 0 -A \"weka.core.neighboursearch.LinearNNSearch -A \\\"weka.core.EuclideanDistance -R first-last\\\"\"',-4523450618538717400,2.026042509E7,4330.0,481.0,463.0,18.0,0.0,96.25779625779626,3.7422037422037424,0.0,0.8459430604982207,0.036391863564432116,0.18365192187564786,15.778864315799915,54.073256270723036,272.1308087156738,234.09564740476839,38.03516131090544,0.565760517080403,0.4866853376398511,0.07907517944055184,217.05925192835164,0.45126663602567907,79.76283646558309,0.921875,59.0,0.03117505995203837,13.0,0.9688249400479616,404.0,0.078125,5.0,0.8194444444444444,0.921875,0.8676470588235294,0.8479329957113222,0.9539868105515588,0.7735636191592866,0.9625779625779626,0.07187802253000095,0.928121977469999,0.037422037422037424,0.9653776401942661,0.9625779625779626,0.9634973902172307,0.8479329957113222,0.9539868105515588,0.9605053679371416,0.922927645634525,0.9625779625779626,0.002,0.176,0.01,0.17,10.0,170.0,814883.0,924503.0,104666.0,96.88149688149689,50.51975051975052,?
DatasetClassiRealeseNormalized,3,10,weka.classifiers.meta.FilteredClassifier,'-F \"weka.filters.MultiFilter -F \\\"weka.filters.supervised.instance.Resample -B 1.0 -S 1 -Z 200.0\\\" -S 1\" -S 1 -W weka.classifiers.lazy.IBk -- -K 1 -W 0 -A \"weka.core.neighboursearch.LinearNNSearch -A \\\"weka.core.EuclideanDistance -R first-last\\\"\"',-4523450618538717400,2.026042509E7,4330.0,481.0,458.0,23.0,0.0,95.21829521829522,4.781704781704781,0.0,0.8114400640861756,0.04051311420806659,0.19072184088185493,17.565765242216546,56.15487642656732,272.1308087156738,243.67596191794297,28.454846797730852,0.565760517080403,0.5066028314302349,0.059157685650168094,207.2318573508518,0.43083546226788316,76.15156046788168,0.9375,60.0,0.045563549160671464,19.0,0.9544364508393285,398.0,0.0625,4.0,0.759493670886076,0.9375,0.8391608391608392,0.8176460723836868,0.9532561450839329,0.7540134657955911,0.9521829521829522,0.060246501343623644,0.9397534986563764,0.04781704781704782,0.9593728507388058,0.9521829521829522,0.9542529542529541,0.8176460723836867,0.9532561450839329,0.958487502066091,0.9055389055389055,0.9521829521829522,0.002,0.163,0.0,0.16,0.0,160.0,809201.0,924503.0,104666.0,96.88149688149689,50.83160083160083,?
DatasetClassiRealeseNormalized,4,1,weka.classifiers.meta.FilteredClassifier,'-F \"weka.filters.MultiFilter -F \\\"weka.filters.supervised.instance.Resample -B 1.0 -S 1 -Z 200.0\\\" -S 1\" -S 1 -W weka.classifiers.lazy.IBk -- -K 1 -W 0 -A \"weka.core.neighboursearch.LinearNNSearch -A \\\"weka.core.EuclideanDistance -R first-last\\\"\"',-4523450618538717400,2.026042509E7,4329.0,482.0,460.0,22.0,0.0,95.4356846473029,4.564315352697095,0.0,0.8069191551347417,0.048834050374467086,0.2127134704550449,21.190121388771992,62.685026925430705,272.3366817903761,296.01135143002995,-23.67466963965387,0.565013862635635,0.6141314345021368,-0.04911757186650181,196.39349900069675,0.4074553921176281,72.11422923624568,0.859375,55.0,0.03110047846889952,13.0,0.9688995215311005,405.0,0.140625,9.0,0.8088235294117647,0.859375,0.8333333333333333,0.8074168402796994,0.9237253289473685,0.7403869817188289,0.9543568464730291,0.12608232494192856,0.8739176750580714,0.04564315352697095,0.9557629654784519,0.9543568464730291,0.9549386902862007,0.8074168402796994,0.9237253289473684,0.9491427272552191,0.9034455128205128,0.9543568464730291,0.001,0.164,0.01,0.16,10.0,160.0,809370.0,924290.0,104879.0,96.05809128630706,50.933609958506224,?
DatasetClassiRealeseNormalized,4,2,weka.classifiers.meta.FilteredClassifier,'-F \"weka.filters.MultiFilter -F \\\"weka.filters.supervised.instance.Resample -B 1.0 -S 1 -Z 200.0\\\" -S 1\" -S 1 -W weka.classifiers.lazy.IBk -- -K 1 -W 0 -A \"weka.core.neighboursearch.LinearNNSearch -A \\\"weka.core.EuclideanDistance -R first-last\\\"\"',-4523450618538717400,2.026042509E7,4330.0,481.0,453.0,28.0,0.0,94.17879417879418,5.8212058212058215,0.0,0.7509983730217423,0.05864968637932226,0.23586140425064364,25.57982763219813,69.90917194110855,269.42867131105754,386.7728908136018,-117.34421950254426,0.5601427677984564,0.8041016441031222,-0.24395887630466584,179.52814273588257,0.37323938198728185,66.63290208213064,0.8095238095238095,51.0,0.03827751196172249,16.0,0.9617224880382775,402.0,0.19047619047619047,12.0,0.7611940298507462,0.8095238095238095,0.7846153846153846,0.7514739596965591,0.8799081035923141,0.6494064644703719,0.9417879417879418,0.17054164422585474,0.8294583557741453,0.058212058212058215,0.9435328105023109,0.9417879417879418,0.9425435790820406,0.7514739596965591,0.8799081035923141,0.9283090528794161,0.8754807692307692,0.9417879417879418,0.002,0.167,0.0,0.17,0.0,170.0,815092.0,924503.0,104666.0,94.8024948024948,50.62370062370062,?
DatasetClassiRealeseNormalized,4,3,weka.classifiers.meta.FilteredClassifier,'-F \"weka.filters.MultiFilter -F \\\"weka.filters.supervised.instance.Resample -B 1.0 -S 1 -Z 200.0\\\" -S 1\" -S 1 -W weka.classifiers.lazy.IBk -- -K 1 -W 0 -A \"weka.core.neighboursearch.LinearNNSearch -A \\\"weka.core.EuclideanDistance -R first-last\\\"\"',-4523450618538717400,2.026042509E7,4330.0,481.0,452.0,29.0,0.0,93.97089397089397,6.029106029106029,0.0,0.7563876421173965,0.05788469238081475,0.23404718474148767,25.097772347425693,68.9113038987797,272.1308087156738,349.7851401849866,-77.65433146931275,0.565760517080403,0.7272040336486207,-0.1614435165682178,182.4634029928181,0.379341794163863,67.04988819676734,0.859375,55.0,0.047961630695443645,20.0,0.9520383693045563,397.0,0.140625,9.0,0.7333333333333333,0.859375,0.79136690647482,0.759637726124801,0.9177720323741008,0.7156406682008125,0.9397089397089398,0.12829557040438336,0.8717044295956167,0.060291060291060294,0.9453003970245349,0.9397089397089398,0.9416916400316314,0.7596377261248008,0.9177720323741008,0.9443100199555278,0.8780649842216142,0.9397089397089398,0.002,0.166,0.0,0.16,0.0,160.0,811276.0,924503.0,104666.0,95.42619542619542,50.83160083160083,?
DatasetClassiRealeseNormalized,4,4,weka.classifiers.meta.FilteredClassifier,'-F \"weka.filters.MultiFilter -F \\\"weka.filters.supervised.instance.Resample -B 1.0 -S 1 -Z 200.0\\\" -S 1\" -S 1 -W weka.classifiers.lazy.IBk -- -K 1 -W 0 -A \"weka.core.neighboursearch.LinearNNSearch -A \\\"weka.core.EuclideanDistance -R first-last\\\"\"',-4523450618538717400,2.026042509E7,4330.0,481.0,464.0,17.0,0.0,96.46569646569647,3.5343035343035343,0.0,0.8517074409241765,0.035018117857822335,0.1843335997974611,15.183232628221438,54.273965005942586,272.1308087156738,241.94854620821377,30.182262507460052,0.565760517080403,0.503011530578407,0.06274898650199595,219.55133875079525,0.456447689710593,80.67860445018029,0.90625,58.0,0.026378896882494004,11.0,0.973621103117506,406.0,0.09375,6.0,0.8405797101449275,0.90625,0.8721804511278196,0.8525187035965216,0.9533498201438849,0.8161423984360354,0.9646569646569647,0.08478586153945865,0.9152141384605413,0.035343035343035345,0.9661627565806544,0.9646569646569647,0.9652147240871768,0.8525187035965216,0.9533498201438848,0.9655755461939037,0.9258369083142115,0.9646569646569647,0.002,0.168,0.0,0.17,0.0,170.0,809796.0,924503.0,104666.0,96.67359667359668,50.311850311850314,?
DatasetClassiRealeseNormalized,4,5,weka.classifiers.meta.FilteredClassifier,'-F \"weka.filters.MultiFilter -F \\\"weka.filters.supervised.instance.Resample -B 1.0 -S 1 -Z 200.0\\\" -S 1\" -S 1 -W weka.classifiers.lazy.IBk -- -K 1 -W 0 -A \"weka.core.neighboursearch.LinearNNSearch -A \\\"weka.core.EuclideanDistance -R first-last\\\"\"',-4523450618538717400,2.026042509E7,4330.0,481.0,453.0,28.0,0.0,94.17879417879418,5.8212058212058215,0.0,0.7690592955862684,0.05824988688586122,0.23928258281055928,25.256114184847725,70.45277985273049,272.1308087156738,417.2302739775349,-145.0994652618611,0.565760517080403,0.8674226070219021,-0.3016620899414992,184.84384058261298,0.38429072886198123,67.92462840021192,0.890625,57.0,0.050359712230215826,21.0,0.9496402877697842,396.0,0.109375,7.0,0.7307692307692307,0.890625,0.8028169014084506,0.7742382316121172,0.9202263189448441,0.7922405792545746,0.9417879417879418,0.10152265401815762,0.8984773459818425,0.058212058212058215,0.9491186166124131,0.9417879417879418,0.9441606180871039,0.7742382316121172,0.9202263189448442,0.9543609102766731,0.884335279972518,0.9417879417879418,0.001,0.168,0.0,0.17,0.0,170.0,808091.0,924503.0,104666.0,94.38669438669439,50.20790020790021,?
DatasetClassiRealeseNormalized,4,6,weka.classifiers.meta.FilteredClassifier,'-F \"weka.filters.MultiFilter -F \\\"weka.filters.supervised.instance.Resample -B 1.0 -S 1 -Z 200.0\\\" -S 1\" -S 1 -W weka.classifiers.lazy.IBk -- -K 1 -W 0 -A \"weka.core.neighboursearch.LinearNNSearch -A \\\"weka.core.EuclideanDistance -R first-last\\\"\"',-4523450618538717400,2.026042509E7,4330.0,481.0,458.0,23.0,0.0,95.21829521829522,4.781704781704781,0.0,0.801905205293033,0.047206581925150946,0.21225084810921815,20.46793370971116,62.493734812420264,272.1308087156738,313.1125403648535,-40.981731649179665,0.565760517080403,0.6509616223801528,-0.08520110529974982,200.57743782537514,0.4170009102398652,73.70625868199338,0.875,56.0,0.03597122302158273,15.0,0.9640287769784173,402.0,0.125,8.0,0.7887323943661971,0.875,0.8296296296296297,0.8033665931559478,0.933134742206235,0.7283885699891343,0.9521829521829522,0.11315417520453491,0.8868458247954651,0.04781704781704782,0.9549735714627504,0.9521829521829522,0.953220283812787,0.8033665931559478,0.933134742206235,0.9501463945817286,0.9009091316225537,0.9521829521829522,0.002,0.163,0.01,0.16,10.0,160.0,809969.0,924503.0,104666.0,95.84199584199584,50.51975051975052,?
DatasetClassiRealeseNormalized,4,7,weka.classifiers.meta.FilteredClassifier,'-F \"weka.filters.MultiFilter -F \\\"weka.filters.supervised.instance.Resample -B 1.0 -S 1 -Z 200.0\\\" -S 1\" -S 1 -W weka.classifiers.lazy.IBk -- -K 1 -W 0 -A \"weka.core.neighboursearch.LinearNNSearch -A \\\"weka.core.EuclideanDistance -R first-last\\\"\"',-4523450618538717400,2.026042509E7,4330.0,481.0,455.0,26.0,0.0,94.5945945945946,5.405405405405405,0.0,0.7829271679511213,0.051809162280499914,0.2190947809243796,22.463530632112153,64.50881708999324,272.1308087156738,315.31598989335697,-43.18518117768315,0.565760517080403,0.6555425985308877,-0.08978208145048472,192.95521379451748,0.4011542906330925,70.90531744831577,0.890625,57.0,0.045563549160671464,19.0,0.9544364508393285,398.0,0.109375,7.0,0.75,0.890625,0.8142857142857143,0.7868863245378072,0.9522819244604317,0.788771320852312,0.9459459459459459,0.10088449510661741,0.8991155048933827,0.05405405405405406,0.9517517517517518,0.9459459459459459,0.9478679931234676,0.7868863245378072,0.9522819244604317,0.9625655820157739,0.8913277719847064,0.9459459459459459,0.002,0.164,0.01,0.16,10.0,160.0,806531.0,924503.0,104666.0,95.84199584199584,50.83160083160083,?
DatasetClassiRealeseNormalized,4,8,weka.classifiers.meta.FilteredClassifier,'-F \"weka.filters.MultiFilter -F \\\"weka.filters.supervised.instance.Resample -B 1.0 -S 1 -Z 200.0\\\" -S 1\" -S 1 -W weka.classifiers.lazy.IBk -- -K 1 -W 0 -A \"weka.core.neighboursearch.LinearNNSearch -A \\\"weka.core.EuclideanDistance -R first-last\\\"\"',-4523450618538717400,2.026042509E7,4330.0,481.0,449.0,32.0,0.0,93.34719334719335,6.652806652806653,0.0,0.7295188556566969,0.06306088786620172,0.24364918356303894,27.34207858064103,71.73845287542089,272.1308087156738,388.5910757878449,-116.46026707217106,0.565760517080403,0.8078816544445839,-0.242121137364181,175.17356545025922,0.3641862067572957,64.37108913797522,0.828125,53.0,0.050359712230215826,21.0,0.9496402877697842,396.0,0.171875,11.0,0.7162162162162162,0.828125,0.7681159420289855,0.732138940405135,0.8986061151079137,0.6538951362551292,0.9334719334719335,0.1557066457021493,0.8442933542978508,0.06652806652806653,0.9388099117828849,0.9334719334719335,0.9354786809409013,0.732138940405135,0.8986061151079137,0.9321459566900576,0.8646404952863374,0.9334719334719335,0.002,0.165,0.0,0.16,0.0,160.0,809366.0,924503.0,104666.0,94.8024948024948,50.83160083160083,?
DatasetClassiRealeseNormalized,4,9,weka.classifiers.meta.FilteredClassifier,'-F \"weka.filters.MultiFilter -F \\\"weka.filters.supervised.instance.Resample -B 1.0 -S 1 -Z 200.0\\\" -S 1\" -S 1 -W weka.classifiers.lazy.IBk -- -K 1 -W 0 -A \"weka.core.neighboursearch.LinearNNSearch -A \\\"weka.core.EuclideanDistance -R first-last\\\"\"',-4523450618538717400,2.026042509E7,4330.0,481.0,452.0,29.0,0.0,93.97089397089397,6.029106029106029,0.0,0.7502283023259981,0.05995102117656993,0.24402476759933625,25.99369573541942,71.84903735304835,272.1308087156738,423.8712877580414,-151.74047904236755,0.565760517080403,0.8812292884782565,-0.31546877139785356,182.00469910831416,0.37838814783433294,66.88132812572326,0.828125,53.0,0.04316546762589928,18.0,0.9568345323741008,399.0,0.171875,11.0,0.7464788732394366,0.828125,0.7851851851851853,0.751595514470523,0.8768172961630696,0.6649492303337782,0.9397089397089398,0.154749407334839,0.845250592665161,0.060291060291060294,0.9430079896242727,0.9397089397089398,0.9410168795900357,0.751595514470523,0.8768172961630696,0.927091429740642,0.8750593398719155,0.9397089397089398,0.001,0.164,0.0,0.16,0.0,160.0,808775.0,924503.0,104666.0,94.17879417879418,50.103950103950105,?
DatasetClassiRealeseNormalized,4,10,weka.classifiers.meta.FilteredClassifier,'-F \"weka.filters.MultiFilter -F \\\"weka.filters.supervised.instance.Resample -B 1.0 -S 1 -Z 200.0\\\" -S 1\" -S 1 -W weka.classifiers.lazy.IBk -- -K 1 -W 0 -A \"weka.core.neighboursearch.LinearNNSearch -A \\\"weka.core.EuclideanDistance -R first-last\\\"\"',-4523450618538717400,2.026042509E7,4330.0,481.0,467.0,14.0,0.0,97.0893970893971,2.9106029106029108,0.0,0.8786535481313296,0.028505798189424433,0.1648323665675896,12.35960673044807,48.53215097391743,272.1308087156738,183.72008824215982,88.410720473514,0.565760517080403,0.38195444540989565,0.18380607167050728,228.31533214605463,0.47466805019969777,83.89911205702613,0.9375,60.0,0.023980815347721823,10.0,0.9760191846522782,407.0,0.0625,4.0,0.8571428571428571,0.9375,0.8955223880597014,0.8798441602504489,0.9671575239808153,0.877058945473374,0.9708939708939709,0.05737478624169272,0.9426252137583073,0.029106029106029108,0.9725545710947171,0.9708939708939709,0.9714401417840742,0.8798441602504489,0.9671575239808153,0.9768416962452213,0.9393070877496574,0.9708939708939709,0.002,0.167,0.0,0.16,0.0,160.0,807492.0,924503.0,104666.0,97.5051975051975,50.311850311850314,?
DatasetClassiRealeseNormalized,5,1,weka.classifiers.meta.FilteredClassifier,'-F \"weka.filters.MultiFilter -F \\\"weka.filters.supervised.instance.Resample -B 1.0 -S 1 -Z 200.0\\\" -S 1\" -S 1 -W weka.classifiers.lazy.IBk -- -K 1 -W 0 -A \"weka.core.neighboursearch.LinearNNSearch -A \\\"weka.core.EuclideanDistance -R first-last\\\"\"',-4523450618538717400,2.026042509E7,4329.0,482.0,452.0,30.0,0.0,93.7759336099585,6.224066390041494,0.0,0.7556111411573824,0.059780518338159574,0.2407833082997313,25.940024031503146,70.95699267034814,272.3366817903761,402.35529014261283,-130.01860835223675,0.565013862635635,0.8347620127440101,-0.269748150108375,180.90474107691225,0.3753210395786561,66.42687275457033,0.890625,57.0,0.05502392344497608,23.0,0.9449760765550239,395.0,0.109375,7.0,0.7125,0.890625,0.7916666666666667,0.7621125242004967,0.9375934509569378,0.7216809788965806,0.9377593360995851,0.10215825954456113,0.8978417404554389,0.06224066390041494,0.9467248818149915,0.9377593360995851,0.940609924771447,0.7621125242004967,0.9375934509569378,0.9501736871044134,0.8775406504065042,0.9377593360995851,0.002,0.166,0.0,0.17,0.0,170.0,819902.0,924290.0,104879.0,94.60580912863071,50.4149377593361,?
DatasetClassiRealeseNormalized,5,2,weka.classifiers.meta.FilteredClassifier,'-F \"weka.filters.MultiFilter -F \\\"weka.filters.supervised.instance.Resample -B 1.0 -S 1 -Z 200.0\\\" -S 1\" -S 1 -W weka.classifiers.lazy.IBk -- -K 1 -W 0 -A \"weka.core.neighboursearch.LinearNNSearch -A \\\"weka.core.EuclideanDistance -R first-last\\\"\"',-4523450618538717400,2.026042509E7,4330.0,481.0,453.0,28.0,0.0,94.17879417879418,5.8212058212058215,0.0,0.7542246067374722,0.0609144508327016,0.24163811635717652,26.567595648045483,71.62138577784437,269.42867131105754,413.98877469974923,-144.5601033886917,0.5601427677984564,0.860683523284302,-0.3005407554858455,176.53331565790265,0.36701313026590987,65.5213547982403,0.8253968253968254,52.0,0.04066985645933014,17.0,0.9593301435406698,401.0,0.1746031746031746,11.0,0.7536231884057971,0.8253968253968254,0.787878787878788,0.7552727932071329,0.905103668261563,0.6493437859985877,0.9417879417879418,0.1570609728504465,0.8429390271495535,0.058212058212058215,0.9445282051867109,0.9417879417879418,0.9429005380812608,0.7552727932071329,0.905103668261563,0.9343495118491919,0.8770719240598759,0.9417879417879418,0.001,0.164,0.0,0.17,0.0,170.0,815442.0,924503.0,104666.0,94.38669438669439,50.51975051975052,?
DatasetClassiRealeseNormalized,5,3,weka.classifiers.meta.FilteredClassifier,'-F \"weka.filters.MultiFilter -F \\\"weka.filters.supervised.instance.Resample -B 1.0 -S 1 -Z 200.0\\\" -S 1\" -S 1 -W weka.classifiers.lazy.IBk -- -K 1 -W 0 -A \"weka.core.neighboursearch.LinearNNSearch -A \\\"weka.core.EuclideanDistance -R first-last\\\"\"',-4523450618538717400,2.026042509E7,4330.0,481.0,454.0,27.0,0.0,94.38669438669439,5.613305613305613,0.0,0.7759510049167603,0.05637850935656776,0.23541055819873757,24.444718196124082,69.31272655525751,272.1308087156738,408.83485477087225,-136.70404605519843,0.565760517080403,0.8499685130371565,-0.2842079959567535,186.81752150320233,0.38839401559917325,68.64989759332688,0.890625,57.0,0.047961630695443645,20.0,0.9520383693045563,397.0,0.109375,7.0,0.7402597402597403,0.890625,0.8085106382978724,0.7805057103918547,0.9135379196642686,0.6409775567349133,0.9438669438669439,0.10120357456238752,0.8987964254376125,0.056133056133056136,0.9504186608147004,0.9438669438669439,0.9460102227614602,0.7805057103918547,0.9135379196642686,0.935332248719515,0.8878119573949776,0.9438669438669439,0.002,0.168,0.0,0.17,0.0,170.0,814264.0,924503.0,104666.0,94.5945945945946,50.20790020790021,?
DatasetClassiRealeseNormalized,5,4,weka.classifiers.meta.FilteredClassifier,'-F \"weka.filters.MultiFilter -F \\\"weka.filters.supervised.instance.Resample -B 1.0 -S 1 -Z 200.0\\\" -S 1\" -S 1 -W weka.classifiers.lazy.IBk -- -K 1 -W 0 -A \"weka.core.neighboursearch.LinearNNSearch -A \\\"weka.core.EuclideanDistance -R first-last\\\"\"',-4523450618538717400,2.026042509E7,4330.0,481.0,456.0,25.0,0.0,94.8024948024948,5.197505197505198,0.0,0.7873676020723924,0.052335442653880196,0.22110586145635594,22.69171643493408,65.10094633033005,272.1308087156738,328.0038027067145,-55.87299399104069,0.565760517080403,0.6819205877478473,-0.11616007066744426,192.30338046390665,0.3997991277835897,70.66578803461684,0.875,56.0,0.0407673860911271,17.0,0.9592326139088729,400.0,0.125,8.0,0.7671232876712328,0.875,0.8175182481751825,0.7896845973113783,0.9495091426858513,0.7059681045650338,0.9480249480249481,0.11379233411607512,0.8862076658839249,0.05197505197505198,0.9520154258268683,0.9480249480249481,0.9494486574778546,0.7896845973113783,0.9495091426858513,0.9507891431172707,0.893607608936076,0.9480249480249481,0.002,0.17,0.0,0.17,0.0,170.0,811228.0,924503.0,104666.0,95.63409563409563,50.83160083160083,?
DatasetClassiRealeseNormalized,5,5,weka.classifiers.meta.FilteredClassifier,'-F \"weka.filters.MultiFilter -F \\\"weka.filters.supervised.instance.Resample -B 1.0 -S 1 -Z 200.0\\\" -S 1\" -S 1 -W weka.classifiers.lazy.IBk -- -K 1 -W 0 -A \"weka.core.neighboursearch.LinearNNSearch -A \\\"weka.core.EuclideanDistance -R first-last\\\"\"',-4523450618538717400,2.026042509E7,4330.0,481.0,462.0,19.0,0.0,96.04989604989605,3.95010395010395,0.0,0.8383993775750183,0.03784673136007226,0.18965311939270957,16.409669097318965,55.84020914525396,272.1308087156738,248.08420628651913,24.04660242915469,0.565760517080403,0.5157675806372539,0.04999293644314904,214.41129309286273,0.4457615241015857,78.78979013981571,0.921875,59.0,0.03357314148681055,14.0,0.9664268585131894,403.0,0.078125,5.0,0.8082191780821918,0.921875,0.8613138686131386,0.8408665445769333,0.9552233213429256,0.8021746282824866,0.9604989604989606,0.07219710198577105,0.927802898014229,0.0395010395010395,0.9638580733463893,0.9604989604989606,0.9615809796831695,0.8408665445769333,0.9552233213429256,0.9644804814284638,0.9191417827914178,0.9604989604989606,0.002,0.166,0.0,0.17,0.0,170.0,812205.0,924503.0,104666.0,96.67359667359668,50.41580041580042,?
DatasetClassiRealeseNormalized,5,6,weka.classifiers.meta.FilteredClassifier,'-F \"weka.filters.MultiFilter -F \\\"weka.filters.supervised.instance.Resample -B 1.0 -S 1 -Z 200.0\\\" -S 1\" -S 1 -W weka.classifiers.lazy.IBk -- -K 1 -W 0 -A \"weka.core.neighboursearch.LinearNNSearch -A \\\"weka.core.EuclideanDistance -R first-last\\\"\"',-4523450618538717400,2.026042509E7,4330.0,481.0,463.0,18.0,0.0,96.25779625779626,3.7422037422037424,0.0,0.8419726947506754,0.034947260399565166,0.18123606472702045,15.152510095487637,53.361947282627376,272.1308087156738,212.16925811263857,59.96155060303525,0.565760517080403,0.4411003287165043,0.12466018836389865,218.16461793796748,0.45356469425772866,80.16902568569846,0.890625,57.0,0.026378896882494004,11.0,0.973621103117506,406.0,0.109375,7.0,0.8382352941176471,0.890625,0.8636363636363636,0.8424923426363251,0.9385491606714629,0.8346231265076915,0.9625779625779626,0.09833185946045657,0.9016681405395435,0.037422037422037424,0.9637822499238252,0.9625779625779626,0.9630547895608137,0.842492342636325,0.9385491606714629,0.9644643063198384,0.920974808324206,0.9625779625779626,0.002,0.16,0.01,0.16,10.0,160.0,817529.0,924503.0,104666.0,97.0893970893971,50.51975051975052,?
DatasetClassiRealeseNormalized,5,7,weka.classifiers.meta.FilteredClassifier,'-F \"weka.filters.MultiFilter -F \\\"weka.filters.supervised.instance.Resample -B 1.0 -S 1 -Z 200.0\\\" -S 1\" -S 1 -W weka.classifiers.lazy.IBk -- -K 1 -W 0 -A \"weka.core.neighboursearch.LinearNNSearch -A \\\"weka.core.EuclideanDistance -R first-last\\\"\"',-4523450618538717400,2.026042509E7,4330.0,481.0,447.0,34.0,0.0,92.93139293139293,7.0686070686070686,0.0,0.7053014740332288,0.06618932475539424,0.25015771391305797,28.698513133867856,73.65478147121232,272.1308087156738,415.9914891839848,-143.860680468311,0.565760517080403,0.8648471708606753,-0.2990866537802723,170.31211776178804,0.35407924690600423,62.58465131734958,0.78125,50.0,0.047961630695443645,20.0,0.9520383693045563,397.0,0.21875,14.0,0.7142857142857143,0.78125,0.7462686567164178,0.7062571868786417,0.8743255395683454,0.6570702270262297,0.9293139293139293,0.19602556000937296,0.8039744399906271,0.07068607068607069,0.9324530273435384,0.9293139293139293,0.9306403443327519,0.7062571868786416,0.8743255395683454,0.9276609437641841,0.8526029273920254,0.9293139293139293,0.001,0.162,0.0,0.16,0.0,160.0,812004.0,924503.0,104666.0,94.17879417879418,50.727650727650726,?
DatasetClassiRealeseNormalized,5,8,weka.classifiers.meta.FilteredClassifier,'-F \"weka.filters.MultiFilter -F \\\"weka.filters.supervised.instance.Resample -B 1.0 -S 1 -Z 200.0\\\" -S 1\" -S 1 -W weka.classifiers.lazy.IBk -- -K 1 -W 0 -A \"weka.core.neighboursearch.LinearNNSearch -A \\\"weka.core.EuclideanDistance -R first-last\\\"\"',-4523450618538717400,2.026042509E7,4330.0,481.0,462.0,19.0,0.0,96.04989604989605,3.95010395010395,0.0,0.8403919034562254,0.03843462194214813,0.19132151911805276,16.66456799005328,56.331441717116576,272.1308087156738,255.01248929444748,17.118319421226346,0.565760517080403,0.5301714954146517,0.03558902166575124,213.75451562743814,0.44439608238552625,78.54844390323034,0.9375,60.0,0.03597122302158273,15.0,0.9640287769784173,402.0,0.0625,4.0,0.8,0.9375,0.8633093525179856,0.844002941148128,0.9680942745803357,0.8046148172735423,0.9604989604989606,0.058970183520543236,0.9410298164794568,0.0395010395010395,0.9648474545026269,0.9604989604989606,0.9617979710552068,0.844002941148128,0.9680942745803358,0.968052536133155,0.9201115413865748,0.9604989604989606,0.002,0.163,0.0,0.16,0.0,160.0,813898.0,924503.0,104666.0,96.67359667359668,50.41580041580042,?
DatasetClassiRealeseNormalized,5,9,weka.classifiers.meta.FilteredClassifier,'-F \"weka.filters.MultiFilter -F \\\"weka.filters.supervised.instance.Resample -B 1.0 -S 1 -Z 200.0\\\" -S 1\" -S 1 -W weka.classifiers.lazy.IBk -- -K 1 -W 0 -A \"weka.core.neighboursearch.LinearNNSearch -A \\\"weka.core.EuclideanDistance -R first-last\\\"\"',-4523450618538717400,2.026042509E7,4330.0,481.0,455.0,26.0,0.0,94.5945945945946,5.405405405405405,0.0,0.7717383368620866,0.05145017065532151,0.22100874394253536,22.30787825299808,65.07235169238909,272.1308087156738,318.90724457369276,-46.77643585801894,0.565760517080403,0.6630088244775317,-0.09724830739712878,193.3159849976051,0.40190433471435577,71.03789016391174,0.828125,53.0,0.03597122302158273,15.0,0.9640287769784173,402.0,0.171875,11.0,0.7794117647058824,0.828125,0.8030303030303031,0.7722146375753111,0.9119454436450839,0.7929741192935619,0.9459459459459459,0.15379216896752868,0.8462078310324713,0.05405405405405406,0.9475588677981499,0.9459459459459459,0.9466346960322863,0.7722146375753111,0.9119454436450839,0.9530754430759817,0.8858525009127419,0.9459459459459459,0.001,0.165,0.0,0.16,0.0,160.0,810146.0,924503.0,104666.0,95.63409563409563,50.62370062370062,?
DatasetClassiRealeseNormalized,5,10,weka.classifiers.meta.FilteredClassifier,'-F \"weka.filters.MultiFilter -F \\\"weka.filters.supervised.instance.Resample -B 1.0 -S 1 -Z 200.0\\\" -S 1\" -S 1 -W weka.classifiers.lazy.IBk -- -K 1 -W 0 -A \"weka.core.neighboursearch.LinearNNSearch -A \\\"weka.core.EuclideanDistance -R first-last\\\"\"',-4523450618538717400,2.026042509E7,4330.0,481.0,461.0,20.0,0.0,95.84199584199584,4.158004158004158,0.0,0.8350423539901917,0.04125744051566493,0.19568178748731557,17.888491881193982,57.61525027480714,272.1308087156738,252.60302586557205,19.527782850101772,0.565760517080403,0.5251622159367403,0.04059830114366273,209.08566531416645,0.4346895328776849,76.83277990498391,0.953125,61.0,0.0407673860911271,17.0,0.9592326139088729,400.0,0.046875,3.0,0.782051282051282,0.953125,0.8591549295774649,0.8406656277156496,0.9611810551558753,0.7947176491804271,0.9584199584199584,0.04606234451108552,0.9539376554889145,0.04158004158004158,0.9645469099563393,0.9584199584199584,0.9601147272050743,0.8406656277156497,0.9611810551558753,0.9651818877740451,0.917382342837513,0.9584199584199584,0.002,0.162,0.0,0.16,0.0,160.0,808429.0,924503.0,104666.0,96.88149688149689,50.83160083160083,?
DatasetClassiRealeseNormalized,6,1,weka.classifiers.meta.FilteredClassifier,'-F \"weka.filters.MultiFilter -F \\\"weka.filters.supervised.instance.Resample -B 1.0 -S 1 -Z 200.0\\\" -S 1\" -S 1 -W weka.classifiers.lazy.IBk -- -K 1 -W 0 -A \"weka.core.neighboursearch.LinearNNSearch -A \\\"weka.core.EuclideanDistance -R first-last\\\"\"',-4523450618538717400,2.026042509E7,4329.0,482.0,449.0,33.0,0.0,93.15352697095436,6.846473029045643,0.0,0.7389806032360761,0.0656934441619453,0.24688197703271567,28.505766889366416,72.75422353174393,272.3366817903761,392.28063531781737,-119.9439535274413,0.565013862635635,0.8138602392485838,-0.24884637661294876,169.71154835663273,0.3520986480428065,62.31681580348536,0.90625,58.0,0.0645933014354067,27.0,0.9354066985645934,391.0,0.09375,6.0,0.6823529411764706,0.90625,0.7785234899328859,0.7493908668746738,0.9394998504784688,0.6706074929683371,0.9315352697095436,0.08987857114495028,0.9101214288550498,0.06846473029045644,0.9447161989266583,0.9315352697095436,0.9354779045258746,0.7493908668746737,0.9394998504784688,0.944884262760194,0.8690163461934368,0.9315352697095436,0.001,0.163,0.01,0.16,10.0,160.0,811248.0,924290.0,104879.0,95.02074688796681,51.34854771784232,?
DatasetClassiRealeseNormalized,6,2,weka.classifiers.meta.FilteredClassifier,'-F \"weka.filters.MultiFilter -F \\\"weka.filters.supervised.instance.Resample -B 1.0 -S 1 -Z 200.0\\\" -S 1\" -S 1 -W weka.classifiers.lazy.IBk -- -K 1 -W 0 -A \"weka.core.neighboursearch.LinearNNSearch -A \\\"weka.core.EuclideanDistance -R first-last\\\"\"',-4523450618538717400,2.026042509E7,4330.0,481.0,462.0,19.0,0.0,96.04989604989605,3.95010395010395,0.0,0.8364033438948859,0.03914580907142891,0.19421579190026908,17.07328905552556,57.56543862176814,269.42867131105754,264.0380787416604,5.390592569397143,0.5601427677984564,0.5489357146396266,0.011207053158829819,210.57833393903152,0.4377927940520406,78.15735901986362,0.9206349206349206,58.0,0.03349282296650718,14.0,0.9665071770334929,404.0,0.07936507936507936,5.0,0.8055555555555556,0.9206349206349206,0.8592592592592592,0.8389260917543887,0.9532923217133743,0.8001281987564504,0.9604989604989606,0.07335686283054704,0.926643137169453,0.0395010395010395,0.9639084730771772,0.9604989604989606,0.9616007226648098,0.8389260917543887,0.9532923217133744,0.964397703547188,0.9181423261229791,0.9604989604989606,0.002,0.167,0.0,0.17,0.0,170.0,814891.0,924503.0,104666.0,96.46569646569647,50.41580041580042,?
DatasetClassiRealeseNormalized,6,3,weka.classifiers.meta.FilteredClassifier,'-F \"weka.filters.MultiFilter -F \\\"weka.filters.supervised.instance.Resample -B 1.0 -S 1 -Z 200.0\\\" -S 1\" -S 1 -W weka.classifiers.lazy.IBk -- -K 1 -W 0 -A \"weka.core.neighboursearch.LinearNNSearch -A \\\"weka.core.EuclideanDistance -R first-last\\\"\"',-4523450618538717400,2.026042509E7,4330.0,481.0,461.0,20.0,0.0,95.84199584199584,4.158004158004158,0.0,0.8244141052785282,0.04012054033853236,0.19168572850949164,17.39555219966812,56.43867711960157,272.1308087156738,247.0752374622038,25.05557125347002,0.565760517080403,0.513669932353854,0.0520905847265489,211.20845421256965,0.4391028154107477,77.6128418569627,0.875,56.0,0.02877697841726619,12.0,0.9712230215827338,405.0,0.125,8.0,0.8235294117647058,0.875,0.8484848484848485,0.8249229163710716,0.9315984712230215,0.7677737718425702,0.9584199584199584,0.1121969368372246,0.8878030631627755,0.04158004158004158,0.9597264043924064,0.9584199584199584,0.9589497661786818,0.8249229163710715,0.9315984712230216,0.9551624280750768,0.9121942314713398,0.9584199584199584,0.003,0.167,0.0,0.17,0.0,170.0,807922.0,924503.0,104666.0,96.67359667359668,50.727650727650726,?
DatasetClassiRealeseNormalized,6,4,weka.classifiers.meta.FilteredClassifier,'-F \"weka.filters.MultiFilter -F \\\"weka.filters.supervised.instance.Resample -B 1.0 -S 1 -Z 200.0\\\" -S 1\" -S 1 -W weka.classifiers.lazy.IBk -- -K 1 -W 0 -A \"weka.core.neighboursearch.LinearNNSearch -A \\\"weka.core.EuclideanDistance -R first-last\\\"\"',-4523450618538717400,2.026042509E7,4330.0,481.0,452.0,29.0,0.0,93.97089397089397,6.029106029106029,0.0,0.7593547830587425,0.05969121036810899,0.241028605563804,25.88104639315022,70.96686723513558,272.1308087156738,418.93997947840023,-146.8091707627264,0.565760517080403,0.8709770883126824,-0.30521657123227947,182.30952883478471,0.3790218894694069,66.99334400805178,0.875,56.0,0.050359712230215826,21.0,0.9496402877697842,396.0,0.125,8.0,0.7272727272727273,0.875,0.7943262411347517,0.7638120714262057,0.9175846822541966,0.6934545873166725,0.9397089397089398,0.11506865193915554,0.8849313480608445,0.060291060291060294,0.9465447584259467,0.9397089397089398,0.94201098000305,0.7638120714262058,0.9175846822541966,0.9414121578862441,0.8795017320168277,0.9397089397089398,0.001,0.169,0.01,0.16,10.0,160.0,810713.0,924503.0,104666.0,94.38669438669439,50.311850311850314,?
DatasetClassiRealeseNormalized,6,5,weka.classifiers.meta.FilteredClassifier,'-F \"weka.filters.MultiFilter -F \\\"weka.filters.supervised.instance.Resample -B 1.0 -S 1 -Z 200.0\\\" -S 1\" -S 1 -W weka.classifiers.lazy.IBk -- -K 1 -W 0 -A \"weka.core.neighboursearch.LinearNNSearch -A \\\"weka.core.EuclideanDistance -R first-last\\\"\"',-4523450618538717400,2.026042509E7,4330.0,481.0,454.0,27.0,0.0,94.38669438669439,5.613305613305613,0.0,0.7703570102381838,0.052351663905442686,0.22324050389086775,22.698749680895332,65.72945631938354,272.1308087156738,314.75431534697935,-42.62350663130553,0.565760517080403,0.6543748759812461,-0.0886143589008431,191.2760041060154,0.3976632101996162,70.28825769810699,0.859375,55.0,0.04316546762589928,18.0,0.9568345323741008,399.0,0.140625,9.0,0.7534246575342466,0.859375,0.8029197080291972,0.7726239482228598,0.9178657074340527,0.7227724224479816,0.9438669438669439,0.12765741149284315,0.8723425885071568,0.056133056133056136,0.9480678766536945,0.9438669438669439,0.9454045500760829,0.7726239482228597,0.9178657074340527,0.9465114973482526,0.8850962176509622,0.9438669438669439,0.002,0.162,0.0,0.16,0.0,160.0,810532.0,924503.0,104666.0,95.84199584199584,50.727650727650726,?
DatasetClassiRealeseNormalized,6,6,weka.classifiers.meta.FilteredClassifier,'-F \"weka.filters.MultiFilter -F \\\"weka.filters.supervised.instance.Resample -B 1.0 -S 1 -Z 200.0\\\" -S 1\" -S 1 -W weka.classifiers.lazy.IBk -- -K 1 -W 0 -A \"weka.core.neighboursearch.LinearNNSearch -A \\\"weka.core.EuclideanDistance -R first-last\\\"\"',-4523450618538717400,2.026042509E7,4330.0,481.0,455.0,26.0,0.0,94.5945945945946,5.405405405405405,0.0,0.7829271679511213,0.05470541135954049,0.23173357618182874,23.719292683484717,68.23010030842859,272.1308087156738,374.9227722370995,-102.79196352142566,0.565760517080403,0.7794652229461527,-0.2137047058657498,189.29557937130912,0.39354590305885473,69.56051035334549,0.890625,57.0,0.045563549160671464,19.0,0.9544364508393285,398.0,0.109375,7.0,0.75,0.890625,0.8142857142857143,0.7868863245378072,0.9299872601918465,0.6825826116285698,0.9459459459459459,0.10088449510661741,0.8991155048933827,0.05405405405405406,0.9517517517517518,0.9459459459459459,0.9478679931234676,0.7868863245378072,0.9299872601918465,0.9434427081210549,0.8913277719847064,0.9459459459459459,0.001,0.168,0.0,0.17,0.0,170.0,813500.0,924503.0,104666.0,95.01039501039502,50.311850311850314,?
DatasetClassiRealeseNormalized,6,7,weka.classifiers.meta.FilteredClassifier,'-F \"weka.filters.MultiFilter -F \\\"weka.filters.supervised.instance.Resample -B 1.0 -S 1 -Z 200.0\\\" -S 1\" -S 1 -W weka.classifiers.lazy.IBk -- -K 1 -W 0 -A \"weka.core.neighboursearch.LinearNNSearch -A \\\"weka.core.EuclideanDistance -R first-last\\\"\"',-4523450618538717400,2.026042509E7,4330.0,481.0,460.0,21.0,0.0,95.63409563409563,4.365904365904366,0.0,0.8213887857408096,0.04369864506607384,0.20585118265009994,18.946954724126346,60.60945967452051,272.1308087156738,299.49090119654727,-27.360092480873448,0.565760517080403,0.622642206229828,-0.05688168914942505,205.72648020201348,0.42770578004576604,75.59837901961312,0.90625,58.0,0.03597122302158273,15.0,0.9640287769784173,402.0,0.09375,6.0,0.7945205479452054,0.90625,0.8467153284671532,0.823805895488415,0.9353829436450839,0.7201740173186475,0.9563409563409564,0.08606217936253907,0.913937820637461,0.04365904365904366,0.9599105241732155,0.9563409563409564,0.9575368722813978,0.8238058954884151,0.9353829436450839,0.9498742541249738,0.9106303915063039,0.9563409563409564,0.001,0.162,0.0,0.17,0.0,170.0,808650.0,924503.0,104666.0,96.04989604989605,50.41580041580042,?
DatasetClassiRealeseNormalized,6,8,weka.classifiers.meta.FilteredClassifier,'-F \"weka.filters.MultiFilter -F \\\"weka.filters.supervised.instance.Resample -B 1.0 -S 1 -Z 200.0\\\" -S 1\" -S 1 -W weka.classifiers.lazy.IBk -- -K 1 -W 0 -A \"weka.core.neighboursearch.LinearNNSearch -A \\\"weka.core.EuclideanDistance -R first-last\\\"\"',-4523450618538717400,2.026042509E7,4330.0,481.0,462.0,19.0,0.0,96.04989604989605,3.95010395010395,0.0,0.8321116928446773,0.038894569629861375,0.1941433554674729,16.863993121001677,57.16228453388576,272.1308087156738,258.15343234458777,13.977376371086052,0.565760517080403,0.5367015225459205,0.029058994534482435,212.94780661657367,0.44271893267478934,78.25200227110801,0.875,56.0,0.026378896882494004,11.0,0.973621103117506,406.0,0.125,8.0,0.835820895522388,0.875,0.8549618320610687,0.8324042136752493,0.9383618105515588,0.7292591002235025,0.9604989604989606,0.11187785738145449,0.8881221426185455,0.0395010395010395,0.9614024247379211,0.9604989604989606,0.9608799609626352,0.8324042136752493,0.9383618105515588,0.9512379678881623,0.9160489064035788,0.9604989604989606,0.002,0.171,0.0,0.17,0.0,170.0,813339.0,924503.0,104666.0,96.46569646569647,50.311850311850314,?
DatasetClassiRealeseNormalized,6,9,weka.classifiers.meta.FilteredClassifier,'-F \"weka.filters.MultiFilter -F \\\"weka.filters.supervised.instance.Resample -B 1.0 -S 1 -Z 200.0\\\" -S 1\" -S 1 -W weka.classifiers.lazy.IBk -- -K 1 -W 0 -A \"weka.core.neighboursearch.LinearNNSearch -A \\\"weka.core.EuclideanDistance -R first-last\\\"\"',-4523450618538717400,2.026042509E7,4330.0,481.0,465.0,16.0,0.0,96.67359667359668,3.3264033264033266,0.0,0.8576975703561259,0.033922046215465254,0.1807098037556482,14.707995472681771,53.206998485578815,272.1308087156738,227.47414597252617,44.65666274314765,0.565760517080403,0.4729192223961043,0.09284129468429865,221.32545574112285,0.46013608262187705,81.33053981857925,0.890625,57.0,0.02158273381294964,9.0,0.9784172661870504,408.0,0.109375,7.0,0.8636363636363636,0.890625,0.8769230769230768,0.8578332928763902,0.9419776678657075,0.8129936223562881,0.9667359667359667,0.09769370054891638,0.9023062994510836,0.033264033264033266,0.9672328322930732,0.9667359667359667,0.9669518631057094,0.8578332928763902,0.9419776678657074,0.9623396318740086,0.9288461538461539,0.9667359667359667,0.001,0.166,0.0,0.17,0.0,170.0,812032.0,924503.0,104666.0,96.88149688149689,50.311850311850314,?
DatasetClassiRealeseNormalized,6,10,weka.classifiers.meta.FilteredClassifier,'-F \"weka.filters.MultiFilter -F \\\"weka.filters.supervised.instance.Resample -B 1.0 -S 1 -Z 200.0\\\" -S 1\" -S 1 -W weka.classifiers.lazy.IBk -- -K 1 -W 0 -A \"weka.core.neighboursearch.LinearNNSearch -A \\\"weka.core.EuclideanDistance -R first-last\\\"\"',-4523450618538717400,2.026042509E7,4330.0,481.0,463.0,18.0,0.0,96.25779625779626,3.7422037422037424,0.0,0.8439831333117094,0.03814930283772303,0.18930382567178694,16.540858704667045,55.737365414067774,272.1308087156738,249.1678079551134,22.96300076056042,0.565760517080403,0.5180203907590715,0.047740126321331434,214.28770373982866,0.44550458157968537,78.74437471860068,0.90625,58.0,0.02877697841726619,12.0,0.9712230215827338,405.0,0.09375,6.0,0.8285714285714286,0.90625,0.8656716417910447,0.8451267655760873,0.9308490707434053,0.7636402780377609,0.9625779625779626,0.08510494099522876,0.9148950590047713,0.037422037422037424,0.9645342623444814,0.9625779625779626,0.96328018229381,0.8451267655760873,0.9308490707434053,0.9543606730009566,0.9219662556781311,0.9625779625779626,0.001,0.163,0.0,0.16,0.0,160.0,809659.0,924503.0,104666.0,96.67359667359668,50.51975051975052,?
DatasetClassiRealeseNormalized,7,1,weka.classifiers.meta.FilteredClassifier,'-F \"weka.filters.MultiFilter -F \\\"weka.filters.supervised.instance.Resample -B 1.0 -S 1 -Z 200.0\\\" -S 1\" -S 1 -W weka.classifiers.lazy.IBk -- -K 1 -W 0 -A \"weka.core.neighboursearch.LinearNNSearch -A \\\"weka.core.EuclideanDistance -R first-last\\\"\"',-4523450618538717400,2.026042509E7,4329.0,482.0,452.0,30.0,0.0,93.7759336099585,6.224066390041494,0.0,0.7433257597273503,0.06092338240277427,0.2385864462306571,26.435936782428943,70.30959428200548,272.3366817903761,383.0345868427331,-110.69790505235704,0.565013862635635,0.7946775660637616,-0.22966370342812664,178.13807038866057,0.36958105889763604,65.41097189609499,0.828125,53.0,0.045454545454545456,19.0,0.9545454545454546,399.0,0.171875,11.0,0.7361111111111112,0.828125,0.7794117647058824,0.7450731120631967,0.9160623504784688,0.6770661937569913,0.9377593360995851,0.1550888815541305,0.8449111184458695,0.06224066390041494,0.9416939356115551,0.9377593360995851,0.9392892643256112,0.7450731120631967,0.9160623504784688,0.9402704675362185,0.8715899403239558,0.9377593360995851,0.001,0.159,0.0,0.16,0.0,160.0,812609.0,924290.0,104879.0,94.81327800829875,50.933609958506224,?
DatasetClassiRealeseNormalized,7,2,weka.classifiers.meta.FilteredClassifier,'-F \"weka.filters.MultiFilter -F \\\"weka.filters.supervised.instance.Resample -B 1.0 -S 1 -Z 200.0\\\" -S 1\" -S 1 -W weka.classifiers.lazy.IBk -- -K 1 -W 0 -A \"weka.core.neighboursearch.LinearNNSearch -A \\\"weka.core.EuclideanDistance -R first-last\\\"\"',-4523450618538717400,2.026042509E7,4330.0,481.0,457.0,24.0,0.0,95.01039501039502,4.98960498960499,0.0,0.7920299776608777,0.049080265051697165,0.21732487439826367,21.40616255038735,64.4149561462071,269.42867131105754,314.43499544758015,-45.00632413652261,0.5601427677984564,0.6537110092465284,-0.09356824144807195,195.32074695677147,0.4060722389953669,72.49441791266234,0.873015873015873,55.0,0.03827751196172249,16.0,0.9617224880382775,402.0,0.12698412698412698,8.0,0.7746478873239436,0.873015873015873,0.8208955223880596,0.7939400040822875,0.9359003569529886,0.7468278772158884,0.9501039501039501,0.11536558904979956,0.8846344109502005,0.0498960498960499,0.9535274830362428,0.9501039501039501,0.9513523407099008,0.7939400040822875,0.9359003569529886,0.9539134286971427,0.8959550075708413,0.9501039501039501,0.001,0.161,0.0,0.16,0.0,160.0,809981.0,924503.0,104666.0,95.63409563409563,50.41580041580042,?
DatasetClassiRealeseNormalized,7,3,weka.classifiers.meta.FilteredClassifier,'-F \"weka.filters.MultiFilter -F \\\"weka.filters.supervised.instance.Resample -B 1.0 -S 1 -Z 200.0\\\" -S 1\" -S 1 -W weka.classifiers.lazy.IBk -- -K 1 -W 0 -A \"weka.core.neighboursearch.LinearNNSearch -A \\\"weka.core.EuclideanDistance -R first-last\\\"\"',-4523450618538717400,2.026042509E7,4330.0,481.0,460.0,21.0,0.0,95.63409563409563,4.365904365904366,0.0,0.819130839615378,0.04145540305430938,0.1974201047963352,17.974324914485933,58.12706891721752,272.1308087156738,263.57929787471284,8.551510840960987,0.565760517080403,0.5479819082634363,0.017778608816966707,207.70769401069006,0.4318247276729523,76.32641632565243,0.890625,57.0,0.03357314148681055,14.0,0.9664268585131894,403.0,0.109375,7.0,0.8028169014084507,0.890625,0.8444444444444446,0.8206236193844227,0.9392798261390888,0.804839960297223,0.9563409563409564,0.09928909782776689,0.9007109021722332,0.04365904365904366,0.958962098742243,0.9563409563409564,0.9572880852203706,0.8206236193844227,0.9392798261390887,0.9612173406862666,0.9095257288727664,0.9563409563409564,0.002,0.165,0.0,0.17,0.0,170.0,806125.0,924503.0,104666.0,96.46569646569647,50.51975051975052,?
DatasetClassiRealeseNormalized,7,4,weka.classifiers.meta.FilteredClassifier,'-F \"weka.filters.MultiFilter -F \\\"weka.filters.supervised.instance.Resample -B 1.0 -S 1 -Z 200.0\\\" -S 1\" -S 1 -W weka.classifiers.lazy.IBk -- -K 1 -W 0 -A \"weka.core.neighboursearch.LinearNNSearch -A \\\"weka.core.EuclideanDistance -R first-last\\\"\"',-4523450618538717400,2.026042509E7,4330.0,481.0,450.0,31.0,0.0,93.55509355509355,6.444906444906445,0.0,0.7427585612007247,0.06219214406912727,0.24352347219842455,26.965406732689065,71.70143925331712,272.1308087156738,405.3195116421629,-133.1887029264891,0.565760517080403,0.8426601073641641,-0.2768995902837611,176.91453572165895,0.3678056875710165,65.0108440703977,0.859375,55.0,0.05275779376498801,22.0,0.947242206235012,395.0,0.140625,9.0,0.7142857142857143,0.859375,0.7801418439716311,0.7471184324605565,0.9151116606714629,0.6750965542288275,0.9355509355509356,0.12893372931592356,0.8710662706840765,0.06444906444906445,0.9426708560371927,0.9355509355509356,0.9380117372446393,0.7471184324605565,0.9151116606714629,0.9391022139808957,0.8711915066386778,0.9355509355509356,0.002,0.165,0.0,0.17,0.0,170.0,812997.0,924503.0,104666.0,94.5945945945946,50.727650727650726,?
DatasetClassiRealeseNormalized,7,5,weka.classifiers.meta.FilteredClassifier,'-F \"weka.filters.MultiFilter -F \\\"weka.filters.supervised.instance.Resample -B 1.0 -S 1 -Z 200.0\\\" -S 1\" -S 1 -W weka.classifiers.lazy.IBk -- -K 1 -W 0 -A \"weka.core.neighboursearch.LinearNNSearch -A \\\"weka.core.EuclideanDistance -R first-last\\\"\"',-4523450618538717400,2.026042509E7,4330.0,481.0,454.0,27.0,0.0,94.38669438669439,5.613305613305613,0.0,0.7703570102381838,0.05349278066858115,0.22733221770338874,23.19351759906385,66.93419345097051,272.1308087156738,360.82471037996896,-88.69390166429514,0.565760517080403,0.7501553230352785,-0.18439480595487556,190.25966425279603,0.39555023753180046,69.91478294968874,0.859375,55.0,0.04316546762589928,18.0,0.9568345323741008,399.0,0.140625,9.0,0.7534246575342466,0.859375,0.8029197080291972,0.7726239482228598,0.9042828237410072,0.6665132861296847,0.9438669438669439,0.12765741149284315,0.8723425885071568,0.056133056133056136,0.9480678766536945,0.9438669438669439,0.9454045500760829,0.7726239482228597,0.9042828237410072,0.9348336766080766,0.8850962176509622,0.9438669438669439,0.001,0.168,0.0,0.17,0.0,170.0,810170.0,924503.0,104666.0,95.21829521829522,50.41580041580042,?
DatasetClassiRealeseNormalized,7,6,weka.classifiers.meta.FilteredClassifier,'-F \"weka.filters.MultiFilter -F \\\"weka.filters.supervised.instance.Resample -B 1.0 -S 1 -Z 200.0\\\" -S 1\" -S 1 -W weka.classifiers.lazy.IBk -- -K 1 -W 0 -A \"weka.core.neighboursearch.LinearNNSearch -A \\\"weka.core.EuclideanDistance -R first-last\\\"\"',-4523450618538717400,2.026042509E7,4330.0,481.0,470.0,11.0,0.0,97.71309771309771,2.286902286902287,0.0,0.9028015063837607,0.02410423474827429,0.1487163188732235,10.451167164215668,43.78704856416037,272.1308087156738,155.74568095867377,116.38512775700005,0.565760517080403,0.3237955945086773,0.24196492257172567,234.89177282055772,0.48834048403442354,86.31575892826453,0.9375,60.0,0.016786570743405275,7.0,0.9832134292565947,410.0,0.0625,4.0,0.8955223880597015,0.9375,0.9160305343511451,0.9031188775356864,0.9561226019184652,0.8524065272764593,0.9771309771309772,0.056417547874382405,0.9435824521256176,0.02286902286902287,0.9777223437184501,0.9771309771309772,0.9773515563467887,0.9031188775356864,0.9561226019184652,0.9712994437968169,0.9513967352862825,0.9771309771309772,0.002,0.164,0.0,0.16,0.0,160.0,808067.0,924503.0,104666.0,97.92099792099792,50.41580041580042,?
DatasetClassiRealeseNormalized,7,7,weka.classifiers.meta.FilteredClassifier,'-F \"weka.filters.MultiFilter -F \\\"weka.filters.supervised.instance.Resample -B 1.0 -S 1 -Z 200.0\\\" -S 1\" -S 1 -W weka.classifiers.lazy.IBk -- -K 1 -W 0 -A \"weka.core.neighboursearch.LinearNNSearch -A \\\"weka.core.EuclideanDistance -R first-last\\\"\"',-4523450618538717400,2.026042509E7,4330.0,481.0,459.0,22.0,0.0,95.42619542619542,4.573804573804574,0.0,0.8117081850533808,0.046118379157762415,0.21216589784896464,19.996108358302575,62.4687226200836,272.1308087156738,328.4685050158549,-56.33769630018105,0.565760517080403,0.6828867048146671,-0.11712618773426414,203.97482702683203,0.42406408945287327,74.9546984369373,0.890625,57.0,0.03597122302158273,15.0,0.9640287769784173,402.0,0.109375,7.0,0.7916666666666666,0.890625,0.8382352941176471,0.8136175886239345,0.9239920563549161,0.7495650345534666,0.9542619542619543,0.09960817728353699,0.900391822716463,0.04573804573804574,0.9574423021855785,0.9542619542619543,0.955385699154393,0.8136175886239345,0.9239920563549161,0.9490050534397625,0.9058004557755306,0.9542619542619543,0.002,0.164,0.0,0.16,0.0,160.0,811622.0,924503.0,104666.0,95.63409563409563,50.311850311850314,?
DatasetClassiRealeseNormalized,7,8,weka.classifiers.meta.FilteredClassifier,'-F \"weka.filters.MultiFilter -F \\\"weka.filters.supervised.instance.Resample -B 1.0 -S 1 -Z 200.0\\\" -S 1\" -S 1 -W weka.classifiers.lazy.IBk -- -K 1 -W 0 -A \"weka.core.neighboursearch.LinearNNSearch -A \\\"weka.core.EuclideanDistance -R first-last\\\"\"',-4523450618538717400,2.026042509E7,4330.0,481.0,459.0,22.0,0.0,95.42619542619542,4.573804573804574,0.0,0.8207169964760097,0.04422062222154152,0.20479852925553313,19.173274728252803,60.29952337661887,272.1308087156738,293.7705910078249,-21.639782292151096,0.565760517080403,0.6107496694549375,-0.044989152374534505,204.78648795551453,0.42575153421104894,75.25295975196929,0.953125,61.0,0.045563549160671464,19.0,0.9544364508393285,398.0,0.046875,3.0,0.7625,0.953125,0.8472222222222222,0.8277837095069236,0.9519634292565947,0.709519741786046,0.9542619542619543,0.04670050342262572,0.9532994965773743,0.04573804573804574,0.9619133040579425,0.9542619542619543,0.9563556409522179,0.8277837095069236,0.9519634292565947,0.9524935173045369,0.9101636783482749,0.9542619542619543,0.002,0.165,0.01,0.16,10.0,160.0,803173.0,924503.0,104666.0,96.25779625779626,50.51975051975052,?
DatasetClassiRealeseNormalized,7,9,weka.classifiers.meta.FilteredClassifier,'-F \"weka.filters.MultiFilter -F \\\"weka.filters.supervised.instance.Resample -B 1.0 -S 1 -Z 200.0\\\" -S 1\" -S 1 -W weka.classifiers.lazy.IBk -- -K 1 -W 0 -A \"weka.core.neighboursearch.LinearNNSearch -A \\\"weka.core.EuclideanDistance -R first-last\\\"\"',-4523450618538717400,2.026042509E7,4330.0,481.0,454.0,27.0,0.0,94.38669438669439,5.613305613305613,0.0,0.7703570102381838,0.0554987716246933,0.2309532077349178,24.06327957371993,68.00033378823952,272.1308087156738,378.26157697736306,-106.13076826168924,0.565760517080403,0.7864066049425428,-0.2206460878621398,187.8209876877736,0.39048022388310516,69.01864165038793,0.859375,55.0,0.04316546762589928,18.0,0.9568345323741008,399.0,0.140625,9.0,0.7534246575342466,0.859375,0.8029197080291972,0.7726239482228598,0.9003297362110312,0.6181478073025771,0.9438669438669439,0.12765741149284315,0.8723425885071568,0.056133056133056136,0.9480678766536945,0.9438669438669439,0.9454045500760829,0.7726239482228597,0.9003297362110312,0.9285270315379276,0.8850962176509622,0.9438669438669439,0.001,0.166,0.01,0.16,10.0,160.0,810970.0,924503.0,104666.0,95.01039501039502,50.51975051975052,?
DatasetClassiRealeseNormalized,7,10,weka.classifiers.meta.FilteredClassifier,'-F \"weka.filters.MultiFilter -F \\\"weka.filters.supervised.instance.Resample -B 1.0 -S 1 -Z 200.0\\\" -S 1\" -S 1 -W weka.classifiers.lazy.IBk -- -K 1 -W 0 -A \"weka.core.neighboursearch.LinearNNSearch -A \\\"weka.core.EuclideanDistance -R first-last\\\"\"',-4523450618538717400,2.026042509E7,4330.0,481.0,456.0,25.0,0.0,94.8024948024948,5.197505197505198,0.0,0.7950435479197561,0.05061902502619707,0.21974732293154176,21.94750830147292,64.70094723935583,272.1308087156738,331.6923894428175,-59.56158072714368,0.565760517080403,0.6895891672407848,-0.12382865016038187,194.10820829221282,0.40355136859087903,71.32900872499881,0.921875,59.0,0.047961630695443645,20.0,0.9520383693045563,397.0,0.078125,5.0,0.7468354430379747,0.921875,0.8251748251748252,0.8011241533441744,0.9422586930455635,0.7631540200553535,0.9480249480249481,0.07411157872039167,0.9258884212796084,0.05197505197505198,0.9555320191065515,0.9480249480249481,0.9502749502749502,0.8011241533441744,0.9422586930455636,0.956802455310723,0.8973248973248973,0.9480249480249481,0.002,0.167,0.01,0.16,10.0,160.0,812567.0,924503.0,104666.0,95.63409563409563,50.51975051975052,?
DatasetClassiRealeseNormalized,8,1,weka.classifiers.meta.FilteredClassifier,'-F \"weka.filters.MultiFilter -F \\\"weka.filters.supervised.instance.Resample -B 1.0 -S 1 -Z 200.0\\\" -S 1\" -S 1 -W weka.classifiers.lazy.IBk -- -K 1 -W 0 -A \"weka.core.neighboursearch.LinearNNSearch -A \\\"weka.core.EuclideanDistance -R first-last\\\"\"',-4523450618538717400,2.026042509E7,4329.0,482.0,459.0,23.0,0.0,95.22821576763485,4.771784232365145,0.0,0.801972062448644,0.047372375427623924,0.2141678118089793,20.55586989177293,63.11361015871218,272.3366817903761,318.3695892236188,-46.03290743324271,0.565013862635635,0.6605178199660141,-0.09550395733037907,199.75966409902182,0.41443913713490005,73.35025997444644,0.875,56.0,0.03588516746411483,15.0,0.9641148325358851,403.0,0.125,8.0,0.7887323943661971,0.875,0.8296296296296297,0.8034325831006172,0.9386027212918661,0.7293548145168206,0.9522821576763485,0.11316732514046338,0.8868326748595367,0.04771784232365145,0.9550676767594898,0.9522821576763485,0.9533178243787939,0.8034325831006172,0.938602721291866,0.9510237351338037,0.9009426797122817,0.9522821576763485,0.002,0.163,0.0,0.16,0.0,160.0,812350.0,924290.0,104879.0,95.64315352697095,50.31120331950208,?
DatasetClassiRealeseNormalized,8,2,weka.classifiers.meta.FilteredClassifier,'-F \"weka.filters.MultiFilter -F \\\"weka.filters.supervised.instance.Resample -B 1.0 -S 1 -Z 200.0\\\" -S 1\" -S 1 -W weka.classifiers.lazy.IBk -- -K 1 -W 0 -A \"weka.core.neighboursearch.LinearNNSearch -A \\\"weka.core.EuclideanDistance -R first-last\\\"\"',-4523450618538717400,2.026042509E7,4330.0,481.0,461.0,20.0,0.0,95.84199584199584,4.158004158004158,0.0,0.8266916480507314,0.040557412187792886,0.19898860996896503,17.688954144817405,58.98009889680627,269.42867131105754,266.7356901657799,2.692981145277656,0.5601427677984564,0.5545440543987108,0.005598713399745647,207.92029774646397,0.4322667312816299,77.17081360892671,0.9047619047619048,57.0,0.03349282296650718,14.0,0.9665071770334929,404.0,0.09523809523809523,6.0,0.8028169014084507,0.9047619047619048,0.8507462686567164,0.8286852631090894,0.9451469583048531,0.7962855552082138,0.9584199584199584,0.08715087662456085,0.9128491233754392,0.04158004158004158,0.961456115629939,0.9584199584199584,0.9594602839249173,0.8286852631090894,0.9451469583048531,0.962129450269037,0.9132958396423678,0.9584199584199584,0.002,0.164,0.0,0.17,0.0,170.0,812941.0,924503.0,104666.0,96.46569646569647,50.311850311850314,?
DatasetClassiRealeseNormalized,8,3,weka.classifiers.meta.FilteredClassifier,'-F \"weka.filters.MultiFilter -F \\\"weka.filters.supervised.instance.Resample -B 1.0 -S 1 -Z 200.0\\\" -S 1\" -S 1 -W weka.classifiers.lazy.IBk -- -K 1 -W 0 -A \"weka.core.neighboursearch.LinearNNSearch -A \\\"weka.core.EuclideanDistance -R first-last\\\"\"',-4523450618538717400,2.026042509E7,4330.0,481.0,455.0,26.0,0.0,94.5945945945946,5.405405405405405,0.0,0.7829271679511213,0.053092892628177166,0.2226048706553743,23.020133262208603,65.54230467683062,272.1308087156738,346.4529162143487,-74.32210749867488,0.565760517080403,0.7202763330859641,-0.15451581600556108,192.01782813349678,0.3992054638950037,70.56085602351617,0.890625,57.0,0.045563549160671464,19.0,0.9544364508393285,398.0,0.109375,7.0,0.75,0.890625,0.8142857142857143,0.7868863245378072,0.9397669364508393,0.6789493816148419,0.9459459459459459,0.10088449510661741,0.8991155048933827,0.05405405405405406,0.9517517517517518,0.9459459459459459,0.9478679931234676,0.7868863245378072,0.9397669364508393,0.9447526837002923,0.8913277719847064,0.9459459459459459,0.001,0.163,0.0,0.16,0.0,160.0,815997.0,924503.0,104666.0,95.42619542619542,50.727650727650726,?
DatasetClassiRealeseNormalized,8,4,weka.classifiers.meta.FilteredClassifier,'-F \"weka.filters.MultiFilter -F \\\"weka.filters.supervised.instance.Resample -B 1.0 -S 1 -Z 200.0\\\" -S 1\" -S 1 -W weka.classifiers.lazy.IBk -- -K 1 -W 0 -A \"weka.core.neighboursearch.LinearNNSearch -A \\\"weka.core.EuclideanDistance -R first-last\\\"\"',-4523450618538717400,2.026042509E7,4330.0,481.0,457.0,24.0,0.0,95.01039501039502,4.98960498960499,0.0,0.7919775110822792,0.046959222678313914,0.21213994938552627,20.360683142941213,62.4610825262637,272.1308087156738,308.4323992245455,-36.3015905088717,0.565760517080403,0.6412315992194294,-0.0754710821390264,199.88922397253046,0.41557011220900303,73.45336050552717,0.859375,55.0,0.03597122302158273,15.0,0.9640287769784173,402.0,0.140625,9.0,0.7857142857142857,0.859375,0.8208955223880597,0.7930506735645453,0.9213316846522782,0.691551273472516,0.9501039501039501,0.12670017312553283,0.8732998268744672,0.0498960498960499,0.9525037992191278,0.9501039501039501,0.9510402430584132,0.7930506735645453,0.9213316846522782,0.9422449672418518,0.8959550075708415,0.9501039501039501,0.002,0.164,0.0,0.16,0.0,160.0,812800.0,924503.0,104666.0,95.84199584199584,50.41580041580042,?
DatasetClassiRealeseNormalized,8,5,weka.classifiers.meta.FilteredClassifier,'-F \"weka.filters.MultiFilter -F \\\"weka.filters.supervised.instance.Resample -B 1.0 -S 1 -Z 200.0\\\" -S 1\" -S 1 -W weka.classifiers.lazy.IBk -- -K 1 -W 0 -A \"weka.core.neighboursearch.LinearNNSearch -A \\\"weka.core.EuclideanDistance -R first-last\\\"\"',-4523450618538717400,2.026042509E7,4330.0,481.0,455.0,26.0,0.0,94.5945945945946,5.405405405405405,0.0,0.7802340702210663,0.0546078397031319,0.22607098113760923,23.6769873499089,66.56284330476524,272.1308087156738,359.7687609551141,-87.63795223944027,0.565760517080403,0.7479600019856841,-0.18219948490528123,187.86990171499613,0.3905819162473932,69.0366161044578,0.875,56.0,0.04316546762589928,18.0,0.9568345323741008,399.0,0.125,8.0,0.7567567567567568,0.875,0.8115942028985507,0.7830362998985402,0.9151303956834532,0.6690811826754672,0.9459459459459459,0.11411141357184522,0.8858885864281548,0.05405405405405406,0.9505943289727073,0.9459459459459459,0.9475764282644822,0.7830362998985401,0.9151303956834533,0.9379112234933079,0.890020402420149,0.9459459459459459,0.001,0.165,0.0,0.16,0.0,160.0,811453.0,924503.0,104666.0,95.21829521829522,50.727650727650726,?
DatasetClassiRealeseNormalized,8,6,weka.classifiers.meta.FilteredClassifier,'-F \"weka.filters.MultiFilter -F \\\"weka.filters.supervised.instance.Resample -B 1.0 -S 1 -Z 200.0\\\" -S 1\" -S 1 -W weka.classifiers.lazy.IBk -- -K 1 -W 0 -A \"weka.core.neighboursearch.LinearNNSearch -A \\\"weka.core.EuclideanDistance -R first-last\\\"\"',-4523450618538717400,2.026042509E7,4330.0,481.0,469.0,12.0,0.0,97.5051975051975,2.494802494802495,0.0,0.8959887555411395,0.0228286850845537,0.14467995624633503,9.898111533077767,42.59860866929723,272.1308087156738,143.89134634954277,128.23946236613105,0.565760517080403,0.2991504082111076,0.2666101088692953,236.7651753674835,0.49223529182429,87.00417879361066,0.953125,61.0,0.02158273381294964,9.0,0.9784172661870504,408.0,0.046875,3.0,0.8714285714285714,0.953125,0.9104477611940298,0.8972028575876295,0.9628859412470024,0.8629016608190405,0.975051975051975,0.04350970886492469,0.9564902911350753,0.02494802494802495,0.976564725469835,0.975051975051975,0.9755201215292065,0.8972028575876295,0.9628859412470023,0.9740776136348386,0.9479775037854208,0.975051975051975,0.002,0.163,0.0,0.16,0.0,160.0,808996.0,924503.0,104666.0,98.12889812889813,50.41580041580042,?
DatasetClassiRealeseNormalized,8,7,weka.classifiers.meta.FilteredClassifier,'-F \"weka.filters.MultiFilter -F \\\"weka.filters.supervised.instance.Resample -B 1.0 -S 1 -Z 200.0\\\" -S 1\" -S 1 -W weka.classifiers.lazy.IBk -- -K 1 -W 0 -A \"weka.core.neighboursearch.LinearNNSearch -A \\\"weka.core.EuclideanDistance -R first-last\\\"\"',-4523450618538717400,2.026042509E7,4330.0,481.0,460.0,21.0,0.0,95.63409563409563,4.365904365904366,0.0,0.8144392394599066,0.043636136159972236,0.20614776046179045,18.91985197501431,60.696782082323075,272.1308087156738,289.8766566187523,-17.74584790307847,0.565760517080403,0.6026541717645578,-0.03689365468415482,205.7434499666034,0.4277410602216287,75.6046149047266,0.859375,55.0,0.02877697841726619,12.0,0.9712230215827338,405.0,0.140625,9.0,0.8208955223880597,0.859375,0.8396946564885497,0.81472554771014,0.9251348920863309,0.7459091257731028,0.9563409563409564,0.12574293475822254,0.8742570652417775,0.04365904365904366,0.9573224449927891,0.9563409563409564,0.9567620621165968,0.8147255477101402,0.9251348920863309,0.9500152197810716,0.9072119491829029,0.9563409563409564,0.002,0.166,0.0,0.17,0.0,170.0,813930.0,924503.0,104666.0,96.04989604989605,50.311850311850314,?
DatasetClassiRealeseNormalized,8,8,weka.classifiers.meta.FilteredClassifier,'-F \"weka.filters.MultiFilter -F \\\"weka.filters.supervised.instance.Resample -B 1.0 -S 1 -Z 200.0\\\" -S 1\" -S 1 -W weka.classifiers.lazy.IBk -- -K 1 -W 0 -A \"weka.core.neighboursearch.LinearNNSearch -A \\\"weka.core.EuclideanDistance -R first-last\\\"\"',-4523450618538717400,2.026042509E7,4330.0,481.0,458.0,23.0,0.0,95.21829521829522,4.781704781704781,0.0,0.8114400640861756,0.04813383601533099,0.20844054146162244,20.86997457934998,61.37185334381799,272.1308087156738,292.8533077113929,-20.722498995719093,0.565760517080403,0.6088426355746215,-0.04308211849421849,197.95420534516475,0.411547204459802,72.74229855833417,0.9375,60.0,0.045563549160671464,19.0,0.9544364508393285,398.0,0.0625,4.0,0.759493670886076,0.9375,0.8391608391608392,0.8176460723836868,0.9673823441247003,0.7270042698941833,0.9521829521829522,0.060246501343623644,0.9397534986563764,0.04781704781704782,0.9593728507388058,0.9521829521829522,0.9542529542529541,0.8176460723836867,0.9673823441247003,0.958078613409852,0.9055389055389055,0.9521829521829522,0.001,0.164,0.0,0.17,0.0,170.0,809941.0,924503.0,104666.0,96.25779625779626,51.03950103950104,?
DatasetClassiRealeseNormalized,8,9,weka.classifiers.meta.FilteredClassifier,'-F \"weka.filters.MultiFilter -F \\\"weka.filters.supervised.instance.Resample -B 1.0 -S 1 -Z 200.0\\\" -S 1\" -S 1 -W weka.classifiers.lazy.IBk -- -K 1 -W 0 -A \"weka.core.neighboursearch.LinearNNSearch -A \\\"weka.core.EuclideanDistance -R first-last\\\"\"',-4523450618538717400,2.026042509E7,4330.0,481.0,458.0,23.0,0.0,95.21829521829522,4.781704781704781,0.0,0.8091434486327959,0.04557442791518027,0.20670653272596476,19.760260781112187,60.86130328922952,272.1308087156738,284.1335763151623,-12.002767599488493,0.565760517080403,0.5907142958735183,-0.02495377879311537,201.7127439971248,0.41936121413123656,74.12345002357934,0.921875,59.0,0.04316546762589928,18.0,0.9568345323741008,399.0,0.078125,5.0,0.7662337662337663,0.921875,0.8368794326241135,0.8138929883231528,0.9460993705035972,0.7447895799006394,0.9521829521829522,0.07347341980885146,0.9265265801911485,0.04781704781704782,0.9581664655922081,0.9521829521829522,0.9540087082782809,0.8138929883231529,0.946099370503597,0.9543388427502937,0.9044324081512771,0.9521829521829522,0.002,0.166,0.0,0.17,0.0,170.0,811059.0,924503.0,104666.0,96.25779625779626,50.62370062370062,?
DatasetClassiRealeseNormalized,8,10,weka.classifiers.meta.FilteredClassifier,'-F \"weka.filters.MultiFilter -F \\\"weka.filters.supervised.instance.Resample -B 1.0 -S 1 -Z 200.0\\\" -S 1\" -S 1 -W weka.classifiers.lazy.IBk -- -K 1 -W 0 -A \"weka.core.neighboursearch.LinearNNSearch -A \\\"weka.core.EuclideanDistance -R first-last\\\"\"',-4523450618538717400,2.026042509E7,4330.0,481.0,455.0,26.0,0.0,94.5945945945946,5.405405405405405,0.0,0.7746423036724691,0.0549109057575607,0.2310662681881568,23.808391396945133,68.03362255973528,272.1308087156738,383.9571526862825,-111.82634397060866,0.565760517080403,0.7982477186825,-0.23248720160209702,189.3564660100594,0.3936724865074,69.5828843870088,0.84375,54.0,0.03836930455635491,16.0,0.9616306954436451,401.0,0.15625,10.0,0.7714285714285715,0.84375,0.8059701492537314,0.7756919762273645,0.9123576139088729,0.6724542773537064,0.9459459459459459,0.14056525050230087,0.8594347494976992,0.05405405405405406,0.9484936448440099,0.9459459459459459,0.9469602633132809,0.7756919762273646,0.9123576139088729,0.938024603200921,0.8872845915350783,0.9459459459459459,0.002,0.167,0.01,0.16,10.0,160.0,804303.0,924503.0,104666.0,94.8024948024948,50.311850311850314,?
DatasetClassiRealeseNormalized,9,1,weka.classifiers.meta.FilteredClassifier,'-F \"weka.filters.MultiFilter -F \\\"weka.filters.supervised.instance.Resample -B 1.0 -S 1 -Z 200.0\\\" -S 1\" -S 1 -W weka.classifiers.lazy.IBk -- -K 1 -W 0 -A \"weka.core.neighboursearch.LinearNNSearch -A \\\"weka.core.EuclideanDistance -R first-last\\\"\"',-4523450618538717400,2.026042509E7,4329.0,482.0,462.0,20.0,0.0,95.850622406639,4.149377593360996,0.0,0.8288838398182337,0.041952925998327846,0.1993571619170817,18.204256818794274,58.74902532414271,272.3366817903761,271.249845051084,1.086836739292096,0.565013862635635,0.562759014628805,0.0022548480068300745,207.56619679780715,0.4306352630659899,76.21676060427868,0.90625,58.0,0.03349282296650718,14.0,0.9665071770334929,404.0,0.09375,6.0,0.8055555555555556,0.90625,0.8529411764705882,0.8308323154289576,0.9487328050239234,0.7454078137131278,0.9585062240663901,0.08574904703289721,0.9142509529671028,0.04149377593360996,0.9614906273544063,0.9585062240663901,0.9595261762170741,0.8308323154289576,0.9487328050239234,0.9563853360794399,0.9143932935493038,0.9585062240663901,0.002,0.166,0.0,0.16,0.0,160.0,807991.0,924290.0,104879.0,96.47302904564316,50.518672199170126,?
DatasetClassiRealeseNormalized,9,2,weka.classifiers.meta.FilteredClassifier,'-F \"weka.filters.MultiFilter -F \\\"weka.filters.supervised.instance.Resample -B 1.0 -S 1 -Z 200.0\\\" -S 1\" -S 1 -W weka.classifiers.lazy.IBk -- -K 1 -W 0 -A \"weka.core.neighboursearch.LinearNNSearch -A \\\"weka.core.EuclideanDistance -R first-last\\\"\"',-4523450618538717400,2.026042509E7,4330.0,481.0,459.0,22.0,0.0,95.42619542619542,4.573804573804574,0.0,0.8141160764474424,0.046834253632623814,0.20908776417191444,20.42657359592534,61.973481853534054,269.42867131105754,303.1030603510022,-33.674389039944685,0.5601427677984564,0.6301518926216263,-0.07000912482316983,197.60095006927486,0.41081278600680843,73.34072840419533,0.9206349206349206,58.0,0.04066985645933014,17.0,0.9593301435406698,401.0,0.07936507936507936,5.0,0.7733333333333333,0.9206349206349206,0.8405797101449275,0.818333250037103,0.9372863978127136,0.6938774551900362,0.9542619542619543,0.07429689008636377,0.9257031099136361,0.04573804573804574,0.9596095982302879,0.9542619542619543,0.9559175209238527,0.8183332500371031,0.9372863978127136,0.9474751435881209,0.906940340509357,0.9542619542619543,0.001,0.168,0.0,0.17,0.0,170.0,808075.0,924503.0,104666.0,96.04989604989605,50.83160083160083,?
DatasetClassiRealeseNormalized,9,3,weka.classifiers.meta.FilteredClassifier,'-F \"weka.filters.MultiFilter -F \\\"weka.filters.supervised.instance.Resample -B 1.0 -S 1 -Z 200.0\\\" -S 1\" -S 1 -W weka.classifiers.lazy.IBk -- -K 1 -W 0 -A \"weka.core.neighboursearch.LinearNNSearch -A \\\"weka.core.EuclideanDistance -R first-last\\\"\"',-4523450618538717400,2.026042509E7,4330.0,481.0,449.0,32.0,0.0,93.34719334719335,6.652806652806653,0.0,0.7190625684456451,0.06389195637103963,0.2489105647620254,27.702415092448263,73.28757913015943,272.1308087156738,415.9592360651712,-143.82842734949736,0.565760517080403,0.8647801165596074,-0.2990195994792045,174.61293767537336,0.36302066044776166,64.16507506057921,0.78125,50.0,0.04316546762589928,18.0,0.9568345323741008,399.0,0.21875,14.0,0.7352941176470589,0.78125,0.7575757575757576,0.7195063587795505,0.8746440347721822,0.6283247302055986,0.9334719334719335,0.19538740109783276,0.8046125989021673,0.06652806652806653,0.9353913312038935,0.9334719334719335,0.934319625885891,0.7195063587795505,0.8746440347721823,0.9240571720120905,0.8595107703541438,0.9334719334719335,0.001,0.167,0.0,0.17,0.0,170.0,814324.0,924503.0,104666.0,94.38669438669439,50.51975051975052,?
DatasetClassiRealeseNormalized,9,4,weka.classifiers.meta.FilteredClassifier,'-F \"weka.filters.MultiFilter -F \\\"weka.filters.supervised.instance.Resample -B 1.0 -S 1 -Z 200.0\\\" -S 1\" -S 1 -W weka.classifiers.lazy.IBk -- -K 1 -W 0 -A \"weka.core.neighboursearch.LinearNNSearch -A \\\"weka.core.EuclideanDistance -R first-last\\\"\"',-4523450618538717400,2.026042509E7,4330.0,481.0,458.0,23.0,0.0,95.21829521829522,4.781704781704781,0.0,0.801905205293033,0.04725000495246447,0.21398021732627281,20.486761161483404,63.002918837860605,272.1308087156738,320.30234428257074,-48.17153556689692,0.565760517080403,0.6659092396727042,-0.10014872259230129,200.9218407811262,0.41771692470088606,73.83281655222369,0.875,56.0,0.03597122302158273,15.0,0.9640287769784173,402.0,0.125,8.0,0.7887323943661971,0.875,0.8296296296296297,0.8033665931559478,0.9138002098321343,0.8207865394234047,0.9521829521829522,0.11315417520453491,0.8868458247954651,0.04781704781704782,0.9549735714627504,0.9521829521829522,0.953220283812787,0.8033665931559478,0.9138002098321343,0.9577923492765803,0.9009091316225537,0.9521829521829522,0.002,0.162,0.0,0.16,0.0,160.0,814288.0,924503.0,104666.0,95.63409563409563,50.311850311850314,?
DatasetClassiRealeseNormalized,9,5,weka.classifiers.meta.FilteredClassifier,'-F \"weka.filters.MultiFilter -F \\\"weka.filters.supervised.instance.Resample -B 1.0 -S 1 -Z 200.0\\\" -S 1\" -S 1 -W weka.classifiers.lazy.IBk -- -K 1 -W 0 -A \"weka.core.neighboursearch.LinearNNSearch -A \\\"weka.core.EuclideanDistance -R first-last\\\"\"',-4523450618538717400,2.026042509E7,4330.0,481.0,465.0,16.0,0.0,96.67359667359668,3.3264033264033266,0.0,0.8595312842228225,0.03220249849066726,0.17535341476314745,13.96243018482308,51.629898764981874,272.1308087156738,214.08343377294233,58.047374942731494,0.565760517080403,0.445079903893851,0.12068061318655196,222.50839987771158,0.4625954259411883,81.76523669916092,0.90625,58.0,0.023980815347721823,10.0,0.9760191846522782,407.0,0.09375,6.0,0.8529411764705882,0.90625,0.8787878787878787,0.8600617689015787,0.942783273381295,0.8328148858934004,0.9667359667359667,0.08446678208368856,0.9155332179163115,0.033264033264033266,0.9678380954552439,0.9667359667359667,0.9671598129429455,0.8600617689015787,0.942783273381295,0.9650377161631315,0.9297553851770719,0.9667359667359667,0.002,0.163,0.0,0.17,0.0,170.0,812209.0,924503.0,104666.0,97.0893970893971,50.311850311850314,?
DatasetClassiRealeseNormalized,9,6,weka.classifiers.meta.FilteredClassifier,'-F \"weka.filters.MultiFilter -F \\\"weka.filters.supervised.instance.Resample -B 1.0 -S 1 -Z 200.0\\\" -S 1\" -S 1 -W weka.classifiers.lazy.IBk -- -K 1 -W 0 -A \"weka.core.neighboursearch.LinearNNSearch -A \\\"weka.core.EuclideanDistance -R first-last\\\"\"',-4523450618538717400,2.026042509E7,4330.0,481.0,456.0,25.0,0.0,94.8024948024948,5.197505197505198,0.0,0.7925472267747781,0.04989768799541004,0.21926822850545932,21.63474940374297,64.55988584770334,272.1308087156738,336.0044638479785,-63.87365513230469,0.565760517080403,0.6985539788939262,-0.13279346181352328,195.9773645192354,0.4074373482728387,72.0158681937389,0.90625,58.0,0.045563549160671464,19.0,0.9544364508393285,398.0,0.09375,6.0,0.7532467532467533,0.90625,0.822695035460993,0.7971993493575038,0.921875,0.7193302191798621,0.9480249480249481,0.08733849718561949,0.9126615028143805,0.05197505197505198,0.9542925632034543,0.9480249480249481,0.9500094655198706,0.7971993493575038,0.921875,0.9454864969516344,0.8961221827731274,0.9480249480249481,0.001,0.164,0.0,0.17,0.0,170.0,815840.0,924503.0,104666.0,95.63409563409563,50.51975051975052,?
DatasetClassiRealeseNormalized,9,7,weka.classifiers.meta.FilteredClassifier,'-F \"weka.filters.MultiFilter -F \\\"weka.filters.supervised.instance.Resample -B 1.0 -S 1 -Z 200.0\\\" -S 1\" -S 1 -W weka.classifiers.lazy.IBk -- -K 1 -W 0 -A \"weka.core.neighboursearch.LinearNNSearch -A \\\"weka.core.EuclideanDistance -R first-last\\\"\"',-4523450618538717400,2.026042509E7,4330.0,481.0,461.0,20.0,0.0,95.84199584199584,4.158004158004158,0.0,0.8244141052785282,0.040888480413037574,0.19298097779788265,17.728517347683404,56.82004174671972,272.1308087156738,235.76860845891323,36.36220025676059,0.565760517080403,0.4901634271495078,0.07559708993089519,208.8569550223413,0.43421404370549127,76.74873565696049,0.875,56.0,0.02877697841726619,12.0,0.9712230215827338,405.0,0.125,8.0,0.8235294117647058,0.875,0.8484848484848485,0.8249229163710716,0.9437200239808153,0.780296645203924,0.9584199584199584,0.1121969368372246,0.8878030631627755,0.04158004158004158,0.9597264043924064,0.9584199584199584,0.9589497661786818,0.8249229163710715,0.9437200239808153,0.9585377133608062,0.9121942314713398,0.9584199584199584,0.002,0.164,0.0,0.17,0.0,170.0,812768.0,924503.0,104666.0,96.88149688149689,50.83160083160083,?
DatasetClassiRealeseNormalized,9,8,weka.classifiers.meta.FilteredClassifier,'-F \"weka.filters.MultiFilter -F \\\"weka.filters.supervised.instance.Resample -B 1.0 -S 1 -Z 200.0\\\" -S 1\" -S 1 -W weka.classifiers.lazy.IBk -- -K 1 -W 0 -A \"weka.core.neighboursearch.LinearNNSearch -A \\\"weka.core.EuclideanDistance -R first-last\\\"\"',-4523450618538717400,2.026042509E7,4330.0,481.0,458.0,23.0,0.0,95.21829521829522,4.781704781704781,0.0,0.804378193906601,0.04785144939056453,0.2135494382333107,20.747536764949576,62.87608309308913,272.1308087156738,327.6896308006433,-55.55882208496945,0.565760517080403,0.681267423701961,-0.1155069066215581,200.6094403679735,0.4170674435924605,73.71801866710841,0.890625,57.0,0.03836930455635491,16.0,0.9616306954436451,401.0,0.109375,7.0,0.7808219178082192,0.890625,0.8321167883211679,0.8067452463998966,0.9257718824940048,0.7253586638500348,0.9521829521829522,0.0999272567393071,0.900072743260693,0.04781704781704782,0.9559629750000418,0.9521829521829522,0.9534927648796262,0.8067452463998965,0.9257718824940049,0.9486281189858023,0.9021190002211901,0.9521829521829522,0.002,0.162,0.0,0.17,0.0,170.0,810914.0,924503.0,104666.0,95.63409563409563,50.51975051975052,?
DatasetClassiRealeseNormalized,9,9,weka.classifiers.meta.FilteredClassifier,'-F \"weka.filters.MultiFilter -F \\\"weka.filters.supervised.instance.Resample -B 1.0 -S 1 -Z 200.0\\\" -S 1\" -S 1 -W weka.classifiers.lazy.IBk -- -K 1 -W 0 -A \"weka.core.neighboursearch.LinearNNSearch -A \\\"weka.core.EuclideanDistance -R first-last\\\"\"',-4523450618538717400,2.026042509E7,4330.0,481.0,454.0,27.0,0.0,94.38669438669439,5.613305613305613,0.0,0.7703570102381838,0.055086011450534024,0.23158257518693529,23.88431410877489,68.18564057497947,272.1308087156738,386.02040998551786,-113.88960126984404,0.565760517080403,0.8025372348971265,-0.23677671781672358,189.00416664822242,0.39294005540170984,69.45342482177264,0.859375,55.0,0.04316546762589928,18.0,0.9568345323741008,399.0,0.140625,9.0,0.7534246575342466,0.859375,0.8029197080291972,0.7726239482228598,0.9108962829736211,0.6195222497814423,0.9438669438669439,0.12765741149284315,0.8723425885071568,0.056133056133056136,0.9480678766536945,0.9438669438669439,0.9454045500760829,0.7726239482228597,0.910896282973621,0.9306551203057588,0.8850962176509622,0.9438669438669439,0.001,0.167,0.0,0.17,0.0,170.0,817139.0,924503.0,104666.0,94.8024948024948,50.41580041580042,?
DatasetClassiRealeseNormalized,9,10,weka.classifiers.meta.FilteredClassifier,'-F \"weka.filters.MultiFilter -F \\\"weka.filters.supervised.instance.Resample -B 1.0 -S 1 -Z 200.0\\\" -S 1\" -S 1 -W weka.classifiers.lazy.IBk -- -K 1 -W 0 -A \"weka.core.neighboursearch.LinearNNSearch -A \\\"weka.core.EuclideanDistance -R first-last\\\"\"',-4523450618538717400,2.026042509E7,4330.0,481.0,451.0,30.0,0.0,93.76299376299376,6.237006237006237,0.0,0.7464239271781534,0.05987662711078456,0.2406101676040668,25.961439792608196,70.84366513194394,272.1308087156738,373.15252689265736,-101.02171817698354,0.565760517080403,0.7757848791947138,-0.2100243621143109,180.6319287473255,0.37553415539984514,66.37687573848073,0.84375,54.0,0.047961630695443645,20.0,0.9520383693045563,397.0,0.15625,10.0,0.7297297297297297,0.84375,0.7826086956521738,0.7491047269029367,0.9224370503597122,0.7489625688122179,0.9376299376299376,0.14184156832538128,0.8581584316746188,0.062370062370062374,0.942738050846159,0.9376299376299376,0.9395112633820949,0.7491047269029367,0.9224370503597122,0.950045780069308,0.8731004643309412,0.9376299376299376,0.001,0.163,0.01,0.16,10.0,160.0,811449.0,924503.0,104666.0,95.01039501039502,50.62370062370062,?
DatasetClassiRealeseNormalized,10,1,weka.classifiers.meta.FilteredClassifier,'-F \"weka.filters.MultiFilter -F \\\"weka.filters.supervised.instance.Resample -B 1.0 -S 1 -Z 200.0\\\" -S 1\" -S 1 -W weka.classifiers.lazy.IBk -- -K 1 -W 0 -A \"weka.core.neighboursearch.LinearNNSearch -A \\\"weka.core.EuclideanDistance -R first-last\\\"\"',-4523450618538717400,2.026042509E7,4329.0,482.0,463.0,19.0,0.0,96.05809128630706,3.9419087136929463,0.0,0.8321665505992745,0.04031274095023095,0.19547263351380786,17.49254603497213,57.60428462186883,272.3366817903761,257.2061138731229,15.130567917253188,0.565013862635635,0.5336226428902965,0.03139121974533857,210.04504273422987,0.4357780969589831,77.12697435885866,0.875,56.0,0.02631578947368421,11.0,0.9736842105263158,407.0,0.125,8.0,0.835820895522388,0.875,0.8549618320610687,0.832458899469218,0.9384718899521531,0.7688887983223774,0.9605809128630706,0.11189670233675475,0.8881032976632453,0.03941908713692946,0.9614827925064972,0.9605809128630706,0.960961293706295,0.832458899469218,0.938471889952153,0.9563891951132032,0.9160763542058045,0.9605809128630706,0.002,0.166,0.0,0.17,0.0,170.0,811807.0,924290.0,104879.0,96.47302904564316,50.518672199170126,?
DatasetClassiRealeseNormalized,10,2,weka.classifiers.meta.FilteredClassifier,'-F \"weka.filters.MultiFilter -F \\\"weka.filters.supervised.instance.Resample -B 1.0 -S 1 -Z 200.0\\\" -S 1\" -S 1 -W weka.classifiers.lazy.IBk -- -K 1 -W 0 -A \"weka.core.neighboursearch.LinearNNSearch -A \\\"weka.core.EuclideanDistance -R first-last\\\"\"',-4523450618538717400,2.026042509E7,4330.0,481.0,456.0,25.0,0.0,94.8024948024948,5.197505197505198,0.0,0.7819701557485542,0.05294468282703189,0.22655961606516126,23.09161300535715,67.1521277706786,269.42867131105754,371.2822849912725,-101.85361368021495,0.5601427677984564,0.7718966423934979,-0.21175387459504147,189.59976061229708,0.3941782964912621,70.37104094738405,0.8571428571428571,54.0,0.03827751196172249,16.0,0.9617224880382775,402.0,0.14285714285714285,9.0,0.7714285714285715,0.8571428571428571,0.81203007518797,0.7834314044648532,0.9214323688007898,0.6412324968159338,0.9480249480249481,0.12915960284381336,0.8708403971561866,0.05197505197505198,0.9510326722005554,0.9480249480249481,0.9491732762636197,0.783431404464853,0.9214323688007897,0.9373252922044132,0.8909366298738401,0.9480249480249481,0.002,0.167,0.01,0.16,10.0,160.0,815076.0,924503.0,104666.0,95.01039501039502,50.311850311850314,?
DatasetClassiRealeseNormalized,10,3,weka.classifiers.meta.FilteredClassifier,'-F \"weka.filters.MultiFilter -F \\\"weka.filters.supervised.instance.Resample -B 1.0 -S 1 -Z 200.0\\\" -S 1\" -S 1 -W weka.classifiers.lazy.IBk -- -K 1 -W 0 -A \"weka.core.neighboursearch.LinearNNSearch -A \\\"weka.core.EuclideanDistance -R first-last\\\"\"',-4523450618538717400,2.026042509E7,4330.0,481.0,455.0,26.0,0.0,94.5945945945946,5.405405405405405,0.0,0.7829271679511213,0.04984999526765254,0.21651850471745265,21.614070685853086,63.750275376198104,272.1308087156738,300.5896479485874,-28.45883923291359,0.565760517080403,0.6249265030116162,-0.059165985931213284,194.63107044829806,0.40463840010041174,71.5211450577253,0.890625,57.0,0.045563549160671464,19.0,0.9544364508393285,398.0,0.109375,7.0,0.75,0.890625,0.8142857142857143,0.7868863245378072,0.9355328237410072,0.7098160152417398,0.9459459459459459,0.10088449510661741,0.8991155048933827,0.05405405405405406,0.9517517517517518,0.9459459459459459,0.9478679931234676,0.7868863245378072,0.9355328237410072,0.9480415497440232,0.8913277719847064,0.9459459459459459,0.002,0.166,0.0,0.17,0.0,170.0,805618.0,924503.0,104666.0,96.04989604989605,50.727650727650726,?
DatasetClassiRealeseNormalized,10,4,weka.classifiers.meta.FilteredClassifier,'-F \"weka.filters.MultiFilter -F \\\"weka.filters.supervised.instance.Resample -B 1.0 -S 1 -Z 200.0\\\" -S 1\" -S 1 -W weka.classifiers.lazy.IBk -- -K 1 -W 0 -A \"weka.core.neighboursearch.LinearNNSearch -A \\\"weka.core.EuclideanDistance -R first-last\\\"\"',-4523450618538717400,2.026042509E7,4330.0,481.0,458.0,23.0,0.0,95.21829521829522,4.781704781704781,0.0,0.804378193906601,0.045411131983872394,0.2078722988124128,19.68945857174285,61.20454373942695,272.1308087156738,297.0383946452642,-24.90758592959037,0.565760517080403,0.6175434400109443,-0.051782922930541306,202.52953857405575,0.42105933175479365,74.42359780206345,0.890625,57.0,0.03836930455635491,16.0,0.9616306954436451,401.0,0.109375,7.0,0.7808219178082192,0.890625,0.8321167883211679,0.8067452463998966,0.9380245803357314,0.7290007685845026,0.9521829521829522,0.0999272567393071,0.900072743260693,0.04781704781704782,0.9559629750000418,0.9521829521829522,0.9534927648796262,0.8067452463998965,0.9380245803357314,0.951559493478027,0.9021190002211901,0.9521829521829522,0.001,0.162,0.0,0.16,0.0,160.0,805642.0,924503.0,104666.0,96.04989604989605,50.51975051975052,?
DatasetClassiRealeseNormalized,10,5,weka.classifiers.meta.FilteredClassifier,'-F \"weka.filters.MultiFilter -F \\\"weka.filters.supervised.instance.Resample -B 1.0 -S 1 -Z 200.0\\\" -S 1\" -S 1 -W weka.classifiers.lazy.IBk -- -K 1 -W 0 -A \"weka.core.neighboursearch.LinearNNSearch -A \\\"weka.core.EuclideanDistance -R first-last\\\"\"',-4523450618538717400,2.026042509E7,4330.0,481.0,461.0,20.0,0.0,95.84199584199584,4.158004158004158,0.0,0.8330208984239394,0.042224119282394994,0.19838476457465276,18.3076265888792,58.411096957187304,272.1308087156738,272.97293754379297,-0.8421288281191437,0.565760517080403,0.5675113046648502,-0.0017507875844472841,206.87443043615627,0.4300923709691399,76.02021667906835,0.9375,60.0,0.03836930455635491,16.0,0.9616306954436451,401.0,0.0625,4.0,0.7894736842105263,0.9375,0.8571428571428572,0.8372333722169654,0.9476169064748201,0.7478349901038459,0.9584199584199584,0.05928926297631333,0.9407107370236867,0.04158004158004158,0.9634257739520898,0.9584199584199584,0.9598984562488213,0.8372333722169654,0.9476169064748202,0.9562796714370561,0.9164059784497742,0.9584199584199584,0.002,0.168,0.0,0.17,0.0,170.0,808051.0,924503.0,104666.0,96.46569646569647,50.62370062370062,?
DatasetClassiRealeseNormalized,10,6,weka.classifiers.meta.FilteredClassifier,'-F \"weka.filters.MultiFilter -F \\\"weka.filters.supervised.instance.Resample -B 1.0 -S 1 -Z 200.0\\\" -S 1\" -S 1 -W weka.classifiers.lazy.IBk -- -K 1 -W 0 -A \"weka.core.neighboursearch.LinearNNSearch -A \\\"weka.core.EuclideanDistance -R first-last\\\"\"',-4523450618538717400,2.026042509E7,4330.0,481.0,460.0,21.0,0.0,95.63409563409563,4.365904365904366,0.0,0.819130839615378,0.042624785723211385,0.1990015578513326,18.48134842629879,58.59270148697029,272.1308087156738,266.2140304213621,5.916778294311712,0.565760517080403,0.5534595227055346,0.012300994374868424,206.4309945516851,0.4291704668434202,75.85726714514239,0.890625,57.0,0.03357314148681055,14.0,0.9664268585131894,403.0,0.109375,7.0,0.8028169014084507,0.890625,0.8444444444444446,0.8206236193844227,0.9482164268585132,0.7742096860683879,0.9563409563409564,0.09928909782776689,0.9007109021722332,0.04365904365904366,0.958962098742243,0.9563409563409564,0.9572880852203706,0.8206236193844227,0.9482164268585133,0.9592729399221375,0.9095257288727664,0.9563409563409564,0.002,0.166,0.0,0.17,0.0,170.0,812241.0,924503.0,104666.0,96.46569646569647,50.62370062370062,?
DatasetClassiRealeseNormalized,10,7,weka.classifiers.meta.FilteredClassifier,'-F \"weka.filters.MultiFilter -F \\\"weka.filters.supervised.instance.Resample -B 1.0 -S 1 -Z 200.0\\\" -S 1\" -S 1 -W weka.classifiers.lazy.IBk -- -K 1 -W 0 -A \"weka.core.neighboursearch.LinearNNSearch -A \\\"weka.core.EuclideanDistance -R first-last\\\"\"',-4523450618538717400,2.026042509E7,4330.0,481.0,460.0,21.0,0.0,95.63409563409563,4.365904365904366,0.0,0.8235910511884597,0.04523556008378672,0.21032782098781358,19.613333720807034,61.92753143545986,272.1308087156738,328.6299431581137,-56.49913444243987,0.565760517080403,0.6832223350480534,-0.11746181796765046,204.2012496656772,0.4245348225897655,75.03790204034912,0.921875,59.0,0.03836930455635491,16.0,0.9616306954436451,401.0,0.078125,5.0,0.7866666666666666,0.921875,0.8489208633093526,0.8271298981434626,0.9409097721822542,0.723339696938557,0.9563409563409564,0.07283526089731125,0.9271647391026888,0.04365904365904366,0.9609380430070085,0.9563409563409564,0.9577767048504917,0.8271298981434626,0.9409097721822542,0.9504633400497317,0.9117022299535827,0.9563409563409564,0.001,0.163,0.01,0.16,10.0,160.0,821466.0,924503.0,104666.0,95.63409563409563,50.20790020790021,?
DatasetClassiRealeseNormalized,10,8,weka.classifiers.meta.FilteredClassifier,'-F \"weka.filters.MultiFilter -F \\\"weka.filters.supervised.instance.Resample -B 1.0 -S 1 -Z 200.0\\\" -S 1\" -S 1 -W weka.classifiers.lazy.IBk -- -K 1 -W 0 -A \"weka.core.neighboursearch.LinearNNSearch -A \\\"weka.core.EuclideanDistance -R first-last\\\"\"',-4523450618538717400,2.026042509E7,4330.0,481.0,453.0,28.0,0.0,94.17879417879418,5.8212058212058215,0.0,0.7633289986996098,0.05978021614350019,0.23941321907446672,25.91963771317795,70.49124352958381,272.1308087156738,411.35788174121467,-139.22707302554085,0.565760517080403,0.8552138913538766,-0.2894533742734737,180.71232226011688,0.37570129368007665,66.40641796972267,0.859375,55.0,0.045563549160671464,19.0,0.9544364508393285,398.0,0.140625,9.0,0.7432432432432432,0.859375,0.7971014492753623,0.7660705134007385,0.9098283872901679,0.6403444704377748,0.9417879417879418,0.12797649094861327,0.8720235090513868,0.058212058212058215,0.9466661899094331,0.9417879417879418,0.9435438458232887,0.7660705134007385,0.9098283872901679,0.9337266948336319,0.8815604333755452,0.9417879417879418,0.002,0.166,0.0,0.17,0.0,170.0,810528.0,924503.0,104666.0,94.5945945945946,50.62370062370062,?
DatasetClassiRealeseNormalized,10,9,weka.classifiers.meta.FilteredClassifier,'-F \"weka.filters.MultiFilter -F \\\"weka.filters.supervised.instance.Resample -B 1.0 -S 1 -Z 200.0\\\" -S 1\" -S 1 -W weka.classifiers.lazy.IBk -- -K 1 -W 0 -A \"weka.core.neighboursearch.LinearNNSearch -A \\\"weka.core.EuclideanDistance -R first-last\\\"\"',-4523450618538717400,2.026042509E7,4330.0,481.0,458.0,23.0,0.0,95.21829521829522,4.781704781704781,0.0,0.8067901989206939,0.046472371400964683,0.20983218399423115,20.149593094374,61.781599359729235,272.1308087156738,286.0904881993831,-13.959679483709294,0.565760517080403,0.5947827197492372,-0.02902220266883429,201.5444115685614,0.41901125066228984,74.06159284931898,0.90625,58.0,0.0407673860911271,17.0,0.9592326139088729,400.0,0.09375,6.0,0.7733333333333333,0.90625,0.8345323741007193,0.8102568551387972,0.9473171462829736,0.7641633462950156,0.9521829521829522,0.08670033827407927,0.9132996617259207,0.04781704781704782,0.9570286315113902,0.9521829521829522,0.9537554386457767,0.8102568551387971,0.9473171462829736,0.9581689777381549,0.9032929185205906,0.9521829521829522,0.001,0.164,0.0,0.16,0.0,160.0,815824.0,924503.0,104666.0,96.04989604989605,50.62370062370062,?
DatasetClassiRealeseNormalized,10,10,weka.classifiers.meta.FilteredClassifier,'-F \"weka.filters.MultiFilter -F \\\"weka.filters.supervised.instance.Resample -B 1.0 -S 1 -Z 200.0\\\" -S 1\" -S 1 -W weka.classifiers.lazy.IBk -- -K 1 -W 0 -A \"weka.core.neighboursearch.LinearNNSearch -A \\\"weka.core.EuclideanDistance -R first-last\\\"\"',-4523450618538717400,2.026042509E7,4330.0,481.0,452.0,29.0,0.0,93.97089397089397,6.029106029106029,0.0,0.7403822888942659,0.06066948590226036,0.24460235759451146,26.30520925278261,72.01909912811466,272.1308087156738,428.25976034117815,-156.12895162550433,0.565760517080403,0.8903529321022414,-0.3245924150218385,181.4062038565234,0.37714387496158713,66.66139887382586,0.78125,50.0,0.03597122302158273,15.0,0.9640287769784173,402.0,0.21875,14.0,0.7692307692307693,0.78125,0.7751937984496126,0.7404119593876888,0.8522369604316546,0.6461317607249137,0.9397089397089398,0.19443016273052244,0.8055698372694776,0.060291060291060294,0.9401187430033583,0.9397089397089398,0.9399064368773183,0.7404119593876889,0.8522369604316546,0.9208577692310671,0.8701899364396922,0.9397089397089398,0.001,0.165,0.0,0.16,0.0,160.0,812619.0,924503.0,104666.0,94.17879417879418,50.20790020790021,?
DatasetClassiRealeseNormalized,1,1,weka.classifiers.lazy.IBk,'-K 1 -W 0 -A \"weka.core.neighboursearch.LinearNNSearch -A \\\"weka.core.EuclideanDistance -R first-last\\\"\"',-3080186098777067172,2.026042509E7,4329.0,482.0,473.0,9.0,0.0,98.13278008298755,1.8672199170124482,0.0,0.9172800427138551,0.021240187322123894,0.13730914281728113,9.2165639389885,40.46395038450627,272.3366817903761,102.65768033721655,169.67900145315951,0.565013862635635,0.21298273928883102,0.352031123346804,240.95680579930834,0.49991038547574346,88.47754339049283,0.90625,58.0,0.007177033492822967,3.0,0.992822966507177,415.0,0.09375,6.0,0.9508196721311475,0.90625,0.9279999999999999,0.917628940143931,0.9619467703349283,0.8775830214144242,0.9813278008298755,0.08225483432269848,0.9177451656773015,0.01867219917012448,0.981110403238198,0.9813278008298755,0.9811371173942502,0.917628940143931,0.9619467703349283,0.9742162079690987,0.9586364719904648,0.9813278008298755,0.0,0.081,0.0,0.08,0.0,80.0,926543.0,924290.0,104879.0,98.34024896265561,50.726141078838175,?
DatasetClassiRealeseNormalized,1,2,weka.classifiers.lazy.IBk,'-K 1 -W 0 -A \"weka.core.neighboursearch.LinearNNSearch -A \\\"weka.core.EuclideanDistance -R first-last\\\"\"',-3080186098777067172,2.026042509E7,4330.0,481.0,460.0,21.0,0.0,95.63409563409563,4.365904365904366,0.0,0.8120149628719784,0.04566447559229849,0.20999301796682832,19.91637955250072,62.24179850924143,269.42867131105754,257.29058373160973,12.138087579447813,0.5601427677984564,0.5349076584856751,0.025235109312781317,200.3253576842142,0.4164768351023164,74.35190795004033,0.8571428571428571,54.0,0.028708133971291867,12.0,0.9712918660287081,406.0,0.14285714285714285,9.0,0.8181818181818182,0.8571428571428571,0.8372093023255814,0.8123079304130958,0.9179387863598389,0.7205289290655145,0.9563409563409564,0.12790623316939106,0.8720937668306089,0.04365904365904366,0.9573396970987332,0.9563409563409564,0.9567700019136408,0.8123079304130959,0.9179387863598388,0.9445995800088406,0.905999609145984,0.9563409563409564,0.001,0.08,0.0,0.08,0.0,80.0,926756.0,924503.0,104666.0,95.63409563409563,50.41580041580042,?
DatasetClassiRealeseNormalized,1,3,weka.classifiers.lazy.IBk,'-K 1 -W 0 -A \"weka.core.neighboursearch.LinearNNSearch -A \\\"weka.core.EuclideanDistance -R first-last\\\"\"',-3080186098777067172,2.026042509E7,4330.0,481.0,464.0,17.0,0.0,96.46569646569647,3.5343035343035343,0.0,0.8478103072828457,0.03990444611246868,0.19137315764394872,17.3018575894306,56.34664582288195,272.1308087156738,211.15013787126438,60.980670844409445,0.565760517080403,0.43898157561593426,0.1267789414644687,211.84976920300537,0.44043611060915877,77.84850609265231,0.875,56.0,0.02158273381294964,9.0,0.9784172661870504,408.0,0.125,8.0,0.8615384615384616,0.875,0.8682170542635659,0.8478442829066868,0.927757793764988,0.76164836505313,0.9646569646569647,0.1112396984699143,0.8887603015300857,0.035343035343035345,0.9649048456740764,0.9646569646569647,0.9647727388591175,0.8478442829066868,0.927757793764988,0.9516577710387654,0.9239044454991299,0.9646569646569647,0.0,0.079,0.0,0.07,0.0,70.0,926756.0,924503.0,104666.0,96.46569646569647,50.935550935550935,?
DatasetClassiRealeseNormalized,1,4,weka.classifiers.lazy.IBk,'-K 1 -W 0 -A \"weka.core.neighboursearch.LinearNNSearch -A \\\"weka.core.EuclideanDistance -R first-last\\\"\"',-3080186098777067172,2.026042509E7,4330.0,481.0,458.0,23.0,0.0,95.21829521829522,4.781704781704781,0.0,0.7967667860751357,0.04841648044309878,0.21739898849226172,20.992524172543213,64.00951919086235,272.1308087156738,276.64713560419614,-4.516326888522315,0.565760517080403,0.5751499700710938,-0.009389452990690883,200.0145929409813,0.41583075455505464,73.49942988261921,0.84375,54.0,0.03117505995203837,13.0,0.9688249400479616,404.0,0.15625,10.0,0.8059701492537313,0.84375,0.8244274809160305,0.7970468817450308,0.9029526378896883,0.7168148304735519,0.9521829521829522,0.13960801213499055,0.8603919878650095,0.04781704781704782,0.9532424652476567,0.9521829521829522,0.9526441632705585,0.7970468817450308,0.9029526378896883,0.940519431092865,0.898374991962227,0.9521829521829522,0.0,0.082,0.0,0.08,0.0,80.0,926756.0,924503.0,104666.0,95.42619542619542,50.41580041580042,?
DatasetClassiRealeseNormalized,1,5,weka.classifiers.lazy.IBk,'-K 1 -W 0 -A \"weka.core.neighboursearch.LinearNNSearch -A \\\"weka.core.EuclideanDistance -R first-last\\\"\"',-3080186098777067172,2.026042509E7,4330.0,481.0,467.0,14.0,0.0,97.0893970893971,2.9106029106029108,0.0,0.8704102840427989,0.030440213158374065,0.17125610408410463,13.198334631025832,50.4235137290623,272.1308087156738,174.74026802480356,97.39054069087027,0.565760517080403,0.3632853805089471,0.20247513657145585,226.30049509519716,0.47047919978211467,83.15871920684995,0.859375,55.0,0.011990407673860911,5.0,0.988009592326139,412.0,0.140625,9.0,0.9166666666666666,0.859375,0.8870967741935484,0.8710075198197583,0.9131632194244604,0.8086179338523839,0.9708939708939709,0.12350937856783181,0.8764906214321682,0.029106029106029108,0.9703787471008374,0.9708939708939709,0.9704939842748758,0.8710075198197583,0.9131632194244604,0.9562187660111812,0.9351951651397337,0.9708939708939709,0.0,0.081,0.0,0.09,0.0,90.0,926756.0,924503.0,104666.0,97.0893970893971,50.311850311850314,?
DatasetClassiRealeseNormalized,1,6,weka.classifiers.lazy.IBk,'-K 1 -W 0 -A \"weka.core.neighboursearch.LinearNNSearch -A \\\"weka.core.EuclideanDistance -R first-last\\\"\"',-3080186098777067172,2.026042509E7,4330.0,481.0,463.0,18.0,0.0,96.25779625779626,3.7422037422037424,0.0,0.8310897811073393,0.04162435900650366,0.194800336023358,18.047581208170932,57.35572154015521,272.1308087156738,214.16738660618864,57.96342210948518,0.565760517080403,0.4452544420087082,0.12050607507169477,207.67670337067864,0.431760298067939,76.3150281847221,0.8125,52.0,0.014388489208633094,6.0,0.9856115107913669,411.0,0.1875,12.0,0.896551724137931,0.8125,0.8524590163934426,0.8324102292471443,0.9075052458033573,0.7672235424058783,0.9625779625779626,0.16446645178659566,0.8355335482134043,0.037422037422037424,0.9616414201887422,0.9625779625779626,0.9617913986766445,0.8324102292471443,0.9075052458033573,0.9463495994770159,0.9155152224824356,0.9625779625779626,0.0,0.08,0.0,0.08,0.0,80.0,926756.0,924503.0,104666.0,96.46569646569647,50.83160083160083,?
DatasetClassiRealeseNormalized,1,7,weka.classifiers.lazy.IBk,'-K 1 -W 0 -A \"weka.core.neighboursearch.LinearNNSearch -A \\\"weka.core.EuclideanDistance -R first-last\\\"\"',-3080186098777067172,2.026042509E7,4330.0,481.0,466.0,15.0,0.0,96.88149688149689,3.1185031185031185,0.0,0.8620907162107921,0.03424548107252988,0.17800778268464953,14.84823107000388,52.411433286321405,272.1308087156738,178.09176303707628,94.03904567859755,0.565760517080403,0.37025314560722716,0.19550737147317576,220.78153753871342,0.45900527554826076,81.1306660134131,0.859375,55.0,0.014388489208633094,6.0,0.9856115107913669,411.0,0.140625,9.0,0.9016393442622951,0.859375,0.88,0.8624188249903527,0.9371627697841727,0.7944978457974631,0.9688149688149689,0.12382845802360191,0.8761715419763981,0.031185031185031187,0.9683351429253069,0.9688149688149689,0.9684966355934097,0.8624188249903527,0.9371627697841727,0.956846466664827,0.9310394265232975,0.9688149688149689,0.0,0.081,0.0,0.09,0.0,90.0,926756.0,924503.0,104666.0,97.0893970893971,50.727650727650726,?
DatasetClassiRealeseNormalized,1,8,weka.classifiers.lazy.IBk,'-K 1 -W 0 -A \"weka.core.neighboursearch.LinearNNSearch -A \\\"weka.core.EuclideanDistance -R first-last\\\"\"',-3080186098777067172,2.026042509E7,4330.0,481.0,468.0,13.0,0.0,97.29729729729729,2.7027027027027026,0.0,0.8865998077655467,0.029434582072682094,0.16613823491766094,12.7623108911371,48.91664220726835,272.1308087156738,159.98219544106848,112.14861327460534,0.565760517080403,0.3326033169252983,0.23315720015510466,227.31893237441807,0.4725965330029482,83.5329646971079,0.9375,60.0,0.02158273381294964,9.0,0.9784172661870504,408.0,0.0625,4.0,0.8695652173913043,0.9375,0.9022556390977444,0.8874443058816699,0.9617243705035972,0.8174133414446404,0.972972972972973,0.05705570678592261,0.9429442932140774,0.02702702702702703,0.9742279214630417,0.972972972972973,0.9733994948901938,0.8874443058816699,0.961724370503597,0.9663325122717578,0.9432870475343968,0.972972972972973,0.001,0.081,0.0,0.08,0.0,80.0,926756.0,924503.0,104666.0,97.29729729729729,50.51975051975052,?
DatasetClassiRealeseNormalized,1,9,weka.classifiers.lazy.IBk,'-K 1 -W 0 -A \"weka.core.neighboursearch.LinearNNSearch -A \\\"weka.core.EuclideanDistance -R first-last\\\"\"',-3080186098777067172,2.026042509E7,4330.0,481.0,459.0,22.0,0.0,95.42619542619542,4.573804573804574,0.0,0.8093127184920893,0.047167874767973815,0.21507785329787882,20.451150975293977,63.326099508002486,272.1308087156738,269.0629276304598,3.067881085214026,0.565760517080403,0.5593823859261119,0.006378131154291114,202.28416355589954,0.4205491965819117,74.33342976143834,0.875,56.0,0.03357314148681055,14.0,0.9664268585131894,403.0,0.125,8.0,0.8,0.875,0.8358208955223881,0.8104093709017259,0.9286945443645084,0.7096331412078464,0.9542619542619543,0.11283509574876481,0.8871649042512352,0.04573804573804574,0.9565139535942456,0.9542619542619543,0.9551202228035452,0.8104093709017259,0.9286945443645084,0.9439340559711114,0.9046254236066047,0.9542619542619543,0.0,0.081,0.0,0.09,0.0,90.0,926756.0,924503.0,104666.0,95.42619542619542,50.20790020790021,?
DatasetClassiRealeseNormalized,1,10,weka.classifiers.lazy.IBk,'-K 1 -W 0 -A \"weka.core.neighboursearch.LinearNNSearch -A \\\"weka.core.EuclideanDistance -R first-last\\\"\"',-3080186098777067172,2.026042509E7,4330.0,481.0,461.0,20.0,0.0,95.84199584199584,4.158004158004158,0.0,0.8221219629451574,0.04548623438756076,0.20544844942402132,19.72202163726136,60.490881569156436,272.1308087156738,232.29224581298172,39.838562902692104,0.565760517080403,0.482936061981251,0.08282445509915198,204.82993330715897,0.42584185718744066,75.26892462998124,0.859375,55.0,0.026378896882494004,11.0,0.973621103117506,406.0,0.140625,9.0,0.8333333333333334,0.859375,0.8461538461538461,0.8222520559623607,0.9174535371702638,0.7434844102920458,0.9584199584199584,0.12542385530245242,0.8745761446975476,0.04158004158004158,0.9590227855288096,0.9584199584199584,0.9586898288821365,0.8222520559623607,0.9174535371702638,0.9477796729657938,0.9110576923076923,0.9584199584199584,0.001,0.084,0.0,0.09,0.0,90.0,926756.0,924503.0,104666.0,96.25779625779626,51.03950103950104,?
DatasetClassiRealeseNormalized,2,1,weka.classifiers.lazy.IBk,'-K 1 -W 0 -A \"weka.core.neighboursearch.LinearNNSearch -A \\\"weka.core.EuclideanDistance -R first-last\\\"\"',-3080186098777067172,2.026042509E7,4329.0,482.0,463.0,19.0,0.0,96.05809128630706,3.9419087136929463,0.0,0.8229790853210656,0.041939811440460634,0.19779640008969404,18.198566136349637,58.28908079423267,272.3366817903761,223.41325374944154,48.92342804093454,0.565013862635635,0.4635129745839036,0.10150088805173141,208.58776457577602,0.43275469828999175,76.5918726792489,0.8125,52.0,0.01674641148325359,7.0,0.9832535885167464,411.0,0.1875,12.0,0.8813559322033898,0.8125,0.8455284552845529,0.8238735193731923,0.9111842105263158,0.7558388399293584,0.9605809128630706,0.16482732434632413,0.8351726756536758,0.03941908713692946,0.9596444473706394,0.9605809128630706,0.9598968911176573,0.8238735193731923,0.9111842105263158,0.946410523542788,0.9114681515423954,0.9605809128630706,0.001,0.08,0.0,0.08,0.0,80.0,926543.0,924290.0,104879.0,96.2655601659751,50.726141078838175,?
DatasetClassiRealeseNormalized,2,2,weka.classifiers.lazy.IBk,'-K 1 -W 0 -A \"weka.core.neighboursearch.LinearNNSearch -A \\\"weka.core.EuclideanDistance -R first-last\\\"\"',-3080186098777067172,2.026042509E7,4330.0,481.0,467.0,14.0,0.0,97.0893970893971,2.9106029106029108,0.0,0.8721424774056353,0.02970076073030231,0.16871306461187757,12.953868757500278,50.006446286266105,269.42867131105754,153.37315294419105,116.0555183668665,0.5601427677984564,0.318863103834077,0.24127966396437941,224.41886093505067,0.4665672784512488,83.29435016808486,0.8888888888888888,56.0,0.01674641148325359,7.0,0.9832535885167464,411.0,0.1111111111111111,7.0,0.8888888888888888,0.8888888888888888,0.8888888888888888,0.8721424774056353,0.9483937115516062,0.8331121985110931,0.9708939708939709,0.09875149348833559,0.9012485065116643,0.029106029106029108,0.9708939708939709,0.9708939708939709,0.9708939708939709,0.8721424774056352,0.9483937115516062,0.9662991239324683,0.9360712387028176,0.9708939708939709,0.001,0.079,0.0,0.07,0.0,70.0,926756.0,924503.0,104666.0,97.5051975051975,50.41580041580042,?
DatasetClassiRealeseNormalized,2,3,weka.classifiers.lazy.IBk,'-K 1 -W 0 -A \"weka.core.neighboursearch.LinearNNSearch -A \\\"weka.core.EuclideanDistance -R first-last\\\"\"',-3080186098777067172,2.026042509E7,4330.0,481.0,462.0,19.0,0.0,96.04989604989605,3.95010395010395,0.0,0.8204695020135548,0.04264159739482781,0.20166324373886335,18.488637667886756,59.37639066178911,272.1308087156738,235.334479400073,36.796329315600815,0.565760517080403,0.4892608719336237,0.07649964514677925,209.53454680622104,0.435622758432892,76.997730538164,0.796875,51.0,0.014388489208633094,6.0,0.9856115107913669,411.0,0.203125,13.0,0.8947368421052632,0.796875,0.8429752066115702,0.8222701368508051,0.8983250899280576,0.7395022836196354,0.9604989604989606,0.17801244970759358,0.8219875502924064,0.0395010395010395,0.9594132651481211,0.9604989604989606,0.9595207604071513,0.8222701368508051,0.8983250899280576,0.941307451463607,0.910191527205904,0.9604989604989606,0.0,0.081,0.0,0.08,0.0,80.0,926756.0,924503.0,104666.0,96.04989604989605,50.51975051975052,?
DatasetClassiRealeseNormalized,2,4,weka.classifiers.lazy.IBk,'-K 1 -W 0 -A \"weka.core.neighboursearch.LinearNNSearch -A \\\"weka.core.EuclideanDistance -R first-last\\\"\"',-3080186098777067172,2.026042509E7,4330.0,481.0,468.0,13.0,0.0,97.29729729729729,2.7027027027027026,0.0,0.8804786207160199,0.02874279016582863,0.16414498068825048,12.462362233281672,48.32976162546537,272.1308087156738,149.517891042125,122.61291767354882,0.565760517080403,0.3108480063245842,0.2549125107558188,228.26294308165424,0.4745591332258924,83.87986062987328,0.875,56.0,0.011990407673860911,5.0,0.988009592326139,412.0,0.125,8.0,0.9180327868852459,0.875,0.8959999999999999,0.8808137278691767,0.9492093824940048,0.8380281551445455,0.972972972972973,0.10996338064683389,0.8900366193531661,0.02702702702702703,0.9725805430723463,0.972972972972973,0.972697084180955,0.8808137278691767,0.9492093824940049,0.9654259145925496,0.9402341696535244,0.972972972972973,0.0,0.082,0.0,0.09,0.0,90.0,926756.0,924503.0,104666.0,97.5051975051975,50.51975051975052,?
DatasetClassiRealeseNormalized,2,5,weka.classifiers.lazy.IBk,'-K 1 -W 0 -A \"weka.core.neighboursearch.LinearNNSearch -A \\\"weka.core.EuclideanDistance -R first-last\\\"\"',-3080186098777067172,2.026042509E7,4330.0,481.0,464.0,17.0,0.0,96.46569646569647,3.5343035343035343,0.0,0.8497841462294482,0.036691824008957506,0.18870600995120668,15.908921825657668,55.56134851028884,272.1308087156738,209.24537900388808,62.88542971178575,0.565760517080403,0.43502157797066127,0.1307389391097417,217.14026883156467,0.4514350703358933,79.7926077743134,0.890625,57.0,0.023980815347721823,10.0,0.9760191846522782,407.0,0.109375,7.0,0.8507462686567164,0.890625,0.8702290076335878,0.8500828796403587,0.9389613309352518,0.7693652082873808,0.9646569646569647,0.09801278000468648,0.9019872199953135,0.035343035343035345,0.9654824044830534,0.9646569646569647,0.9649978598086736,0.8500828796403587,0.9389613309352518,0.953964493255578,0.9248858636242547,0.9646569646569647,0.0,0.079,0.0,0.08,0.0,80.0,926756.0,924503.0,104666.0,96.46569646569647,50.311850311850314,?
DatasetClassiRealeseNormalized,2,6,weka.classifiers.lazy.IBk,'-K 1 -W 0 -A \"weka.core.neighboursearch.LinearNNSearch -A \\\"weka.core.EuclideanDistance -R first-last\\\"\"',-3080186098777067172,2.026042509E7,4330.0,481.0,461.0,20.0,0.0,95.84199584199584,4.158004158004158,0.0,0.8123219790081548,0.04293011511224317,0.20195856089287853,18.613733814934598,59.463341889890145,272.1308087156738,227.5425400987015,44.58826861697233,0.565760517080403,0.4730614139266143,0.09269910315378863,207.61857269398624,0.43163944427024165,76.29366688536507,0.796875,51.0,0.016786570743405275,7.0,0.9832134292565947,410.0,0.203125,13.0,0.8793103448275862,0.796875,0.8360655737704917,0.8136126085772909,0.9069057254196643,0.7405018319004161,0.9584199584199584,0.17833152916336367,0.8216684708366363,0.04158004158004158,0.9572978362413431,0.9584199584199584,0.9575459985296051,0.8136126085772909,0.9069057254196642,0.9435926281505896,0.906128024980484,0.9584199584199584,0.0,0.082,0.0,0.08,0.0,80.0,926756.0,924503.0,104666.0,96.25779625779626,50.727650727650726,?
DatasetClassiRealeseNormalized,2,7,weka.classifiers.lazy.IBk,'-K 1 -W 0 -A \"weka.core.neighboursearch.LinearNNSearch -A \\\"weka.core.EuclideanDistance -R first-last\\\"\"',-3080186098777067172,2.026042509E7,4330.0,481.0,470.0,11.0,0.0,97.71309771309771,2.286902286902287,0.0,0.9028015063837607,0.027094772581442033,0.1553287661504681,11.747811141166029,45.733973772169875,272.1308087156738,139.42514023661516,132.70566847905866,0.565760517080403,0.28986515641707933,0.2758953606633236,231.24439790571603,0.4807575840035676,84.97545683896581,0.9375,60.0,0.016786570743405275,7.0,0.9832134292565947,410.0,0.0625,4.0,0.8955223880597015,0.9375,0.9160305343511451,0.9031188775356864,0.9608438249400479,0.8292207674549212,0.9771309771309772,0.056417547874382405,0.9435824521256176,0.02286902286902287,0.9777223437184501,0.9771309771309772,0.9773515563467887,0.9031188775356864,0.9608438249400479,0.9681667952465277,0.9513967352862825,0.9771309771309772,0.0,0.079,0.0,0.08,0.0,80.0,926756.0,924503.0,104666.0,97.71309771309771,50.83160083160083,?
DatasetClassiRealeseNormalized,2,8,weka.classifiers.lazy.IBk,'-K 1 -W 0 -A \"weka.core.neighboursearch.LinearNNSearch -A \\\"weka.core.EuclideanDistance -R first-last\\\"\"',-3080186098777067172,2.026042509E7,4330.0,481.0,468.0,13.0,0.0,97.29729729729729,2.7027027027027026,0.0,0.8851290529989899,0.030659092960896535,0.1659438763960736,13.293237017636411,48.85941657064634,272.1308087156738,152.27469754818205,119.85611116749178,0.565760517080403,0.31657941278208324,0.2491811042983197,226.72272181202757,0.4713570100042153,83.31387500079447,0.921875,59.0,0.019184652278177457,8.0,0.9808153477218226,409.0,0.078125,5.0,0.8805970149253731,0.921875,0.9007633587786259,0.8854402115705772,0.9561413369304557,0.8323081592313084,0.972972972972973,0.07028262525115044,0.9297173747488496,0.02702702702702703,0.9736423639733178,0.972972972972973,0.9732336575007503,0.8854402115705771,0.9561413369304557,0.9679680403772312,0.9425597780656065,0.972972972972973,0.0,0.079,0.0,0.08,0.0,80.0,926756.0,924503.0,104666.0,97.5051975051975,51.03950103950104,?
DatasetClassiRealeseNormalized,2,9,weka.classifiers.lazy.IBk,'-K 1 -W 0 -A \"weka.core.neighboursearch.LinearNNSearch -A \\\"weka.core.EuclideanDistance -R first-last\\\"\"',-3080186098777067172,2.026042509E7,4330.0,481.0,462.0,19.0,0.0,96.04989604989605,3.95010395010395,0.0,0.8342612575034913,0.04158732371968683,0.1996759528727453,18.03152336698495,58.79126589320199,272.1308087156738,233.14621474908208,38.984593966591746,0.565760517080403,0.4847114651748068,0.08104905190559615,209.43720906186698,0.4354203930600145,76.96196180443867,0.890625,57.0,0.02877697841726619,12.0,0.9712230215827338,405.0,0.109375,7.0,0.8260869565217391,0.890625,0.8571428571428571,0.8350559024539473,0.9327787769784173,0.7483146489844418,0.9604989604989606,0.09865093891622669,0.9013490610837733,0.0395010395010395,0.9621301741394609,0.9604989604989606,0.9611223386856679,0.8350559024539475,0.9327787769784173,0.951115813519973,0.9171118387041185,0.9604989604989606,0.001,0.077,0.0,0.07,0.0,70.0,926756.0,924503.0,104666.0,96.04989604989605,50.51975051975052,?
DatasetClassiRealeseNormalized,2,10,weka.classifiers.lazy.IBk,'-K 1 -W 0 -A \"weka.core.neighboursearch.LinearNNSearch -A \\\"weka.core.EuclideanDistance -R first-last\\\"\"',-3080186098777067172,2.026042509E7,4330.0,481.0,460.0,21.0,0.0,95.63409563409563,4.365904365904366,0.0,0.8094977651207969,0.047076737627330806,0.21216756243203672,20.411635533228477,62.46921272890534,272.1308087156738,264.68302079856727,7.447787917106552,0.565760517080403,0.5502765505167718,0.015483966563631086,202.0733428527078,0.42011089990167944,74.2559594065797,0.828125,53.0,0.023980815347721823,10.0,0.9760191846522782,407.0,0.171875,11.0,0.8412698412698413,0.828125,0.8346456692913385,0.809531075074139,0.886671912470024,0.7134708799864276,0.9563409563409564,0.15219677168867818,0.8478032283113218,0.04365904365904366,0.9560656665919823,0.9563409563409564,0.9561952134822144,0.809531075074139,0.886671912470024,0.9380527480421464,0.904747984346268,0.9563409563409564,0.0,0.083,0.0,0.08,0.0,80.0,926756.0,924503.0,104666.0,95.63409563409563,50.41580041580042,?
DatasetClassiRealeseNormalized,3,1,weka.classifiers.lazy.IBk,'-K 1 -W 0 -A \"weka.core.neighboursearch.LinearNNSearch -A \\\"weka.core.EuclideanDistance -R first-last\\\"\"',-3080186098777067172,2.026042509E7,4329.0,482.0,466.0,16.0,0.0,96.6804979253112,3.319502074688797,0.0,0.8595775673707211,0.034263037968544366,0.18266505250853823,14.867452692008694,53.829988812358096,272.3366817903761,198.10977042084764,74.22691136952844,0.565013862635635,0.4110161212050781,0.15399774143055692,220.5987880109756,0.4576738340476672,81.00223097407628,0.90625,58.0,0.023923444976076555,10.0,0.9760765550239234,408.0,0.09375,6.0,0.8529411764705882,0.90625,0.8787878787878787,0.8601077307501591,0.94607879784689,0.777422666341418,0.966804979253112,0.0844784242291886,0.9155215757708114,0.03319502074688797,0.9679051126133296,0.966804979253112,0.9672281383899641,0.8601077307501591,0.94607879784689,0.957265389814156,0.9297785547785546,0.966804979253112,0.001,0.084,0.0,0.08,0.0,80.0,926543.0,924290.0,104879.0,96.6804979253112,50.20746887966805,?
DatasetClassiRealeseNormalized,3,2,weka.classifiers.lazy.IBk,'-K 1 -W 0 -A \"weka.core.neighboursearch.LinearNNSearch -A \\\"weka.core.EuclideanDistance -R first-last\\\"\"',-3080186098777067172,2.026042509E7,4330.0,481.0,467.0,14.0,0.0,97.0893970893971,2.9106029106029108,0.0,0.8685997502341555,0.02996451898940448,0.17093213152141737,13.068905873995087,50.66417632319485,269.42867131105754,173.77982548602108,95.64884582503646,0.5601427677984564,0.3612886184740563,0.19885414932440013,224.59647929582562,0.46693654739256885,83.36027424361501,0.8571428571428571,54.0,0.011961722488038277,5.0,0.9880382775119617,413.0,0.14285714285714285,9.0,0.9152542372881356,0.8571428571428571,0.8852459016393444,0.8692125313714941,0.9257803599908863,0.7918077358687365,0.9708939708939709,0.12571283623915203,0.874287163760848,0.029106029106029108,0.9703665800541051,0.9708939708939709,0.9704861229451393,0.869212531371494,0.9257803599908864,0.9556242319985121,0.9342896174863389,0.9708939708939709,0.001,0.079,0.0,0.08,0.0,80.0,926756.0,924503.0,104666.0,97.0893970893971,50.20790020790021,?
DatasetClassiRealeseNormalized,3,3,weka.classifiers.lazy.IBk,'-K 1 -W 0 -A \"weka.core.neighboursearch.LinearNNSearch -A \\\"weka.core.EuclideanDistance -R first-last\\\"\"',-3080186098777067172,2.026042509E7,4330.0,481.0,465.0,16.0,0.0,96.67359667359668,3.3264033264033266,0.0,0.8558153477218226,0.03528249504185597,0.18327669602197036,15.297861869663667,53.96277725401532,272.1308087156738,187.56008425720356,84.57072445847027,0.565760517080403,0.3899378051085313,0.17582271197187166,219.8147121431972,0.4569952435409505,80.77538635945581,0.875,56.0,0.019184652278177457,8.0,0.9808153477218226,409.0,0.125,8.0,0.875,0.875,0.875,0.8558153477218226,0.9324228117505995,0.7986784682717908,0.9667359667359667,0.1109206190141442,0.8890793809858558,0.033264033264033266,0.9667359667359667,0.9667359667359667,0.9667359667359667,0.8558153477218226,0.9324228117505996,0.9572994212754111,0.9279076738609113,0.9667359667359667,0.001,0.078,0.0,0.08,0.0,80.0,926756.0,924503.0,104666.0,96.88149688149689,50.51975051975052,?
DatasetClassiRealeseNormalized,3,4,weka.classifiers.lazy.IBk,'-K 1 -W 0 -A \"weka.core.neighboursearch.LinearNNSearch -A \\\"weka.core.EuclideanDistance -R first-last\\\"\"',-3080186098777067172,2.026042509E7,4330.0,481.0,468.0,13.0,0.0,97.29729729729729,2.7027027027027026,0.0,0.8836196467457056,0.030569289609894,0.16700386064158435,13.254299883019373,49.17151131577642,272.1308087156738,161.88851316859166,110.24229554708216,0.565760517080403,0.3365665554440575,0.22919396163634545,224.88703267615307,0.4675406084743307,82.63931369531859,0.90625,58.0,0.016786570743405275,7.0,0.9832134292565947,410.0,0.09375,6.0,0.8923076923076924,0.90625,0.8992248062015504,0.8836550574130195,0.9436638189448441,0.8198819824499172,0.972972972972973,0.08350954371637825,0.9164904562836218,0.02702702702702703,0.9731668798976493,0.972972972972973,0.9730615061863841,0.8836550574130195,0.9436638189448442,0.9632207291739581,0.9418092818522759,0.972972972972973,0.0,0.08,0.0,0.08,0.0,80.0,926756.0,924503.0,104666.0,97.29729729729729,50.727650727650726,?
DatasetClassiRealeseNormalized,3,5,weka.classifiers.lazy.IBk,'-K 1 -W 0 -A \"weka.core.neighboursearch.LinearNNSearch -A \\\"weka.core.EuclideanDistance -R first-last\\\"\"',-3080186098777067172,2.026042509E7,4330.0,481.0,457.0,24.0,0.0,95.01039501039502,4.98960498960499,0.0,0.7716410824497547,0.05141285007018288,0.22083048614460635,22.291696711537693,65.01986664626908,272.1308087156738,277.07794276874677,-4.9471340530729435,0.565760517080403,0.5760456190618436,-0.010285101981440632,194.7098676429445,0.4048022196319012,71.5501006894005,0.75,48.0,0.019184652278177457,8.0,0.9808153477218226,409.0,0.25,16.0,0.8571428571428571,0.75,0.7999999999999999,0.7738863655636479,0.8802270683453237,0.7020833785964133,0.9501039501039501,0.21928860238212758,0.7807113976178724,0.0498960498960499,0.9483540942364471,0.9501039501039501,0.948677784307238,0.7738863655636479,0.8802270683453237,0.9319778492194744,0.8857482185273159,0.9501039501039501,0.0,0.082,0.0,0.09,0.0,90.0,926756.0,924503.0,104666.0,95.42619542619542,50.727650727650726,?
DatasetClassiRealeseNormalized,3,6,weka.classifiers.lazy.IBk,'-K 1 -W 0 -A \"weka.core.neighboursearch.LinearNNSearch -A \\\"weka.core.EuclideanDistance -R first-last\\\"\"',-3080186098777067172,2.026042509E7,4330.0,481.0,463.0,18.0,0.0,96.25779625779626,3.7422037422037424,0.0,0.8377922661870504,0.04024255648234886,0.1921804481622858,17.448456227905343,56.58433909958246,272.1308087156738,200.81495224256955,71.31585647310428,0.565760517080403,0.41749470320700527,0.14826581387339766,212.63114806976904,0.4420605988976487,78.13563964818445,0.859375,55.0,0.02158273381294964,9.0,0.9784172661870504,408.0,0.140625,9.0,0.859375,0.859375,0.859375,0.8377922661870504,0.9355140887290168,0.7787433652115806,0.9625779625779626,0.12478569639091222,0.8752143036090878,0.037422037422037424,0.9625779625779626,0.9625779625779626,0.9625779625779626,0.8377922661870504,0.9355140887290168,0.9542660300129817,0.9188961330935252,0.9625779625779626,0.0,0.081,0.0,0.08,0.0,80.0,926756.0,924503.0,104666.0,96.67359667359668,50.935550935550935,?
DatasetClassiRealeseNormalized,3,7,weka.classifiers.lazy.IBk,'-K 1 -W 0 -A \"weka.core.neighboursearch.LinearNNSearch -A \\\"weka.core.EuclideanDistance -R first-last\\\"\"',-3080186098777067172,2.026042509E7,4330.0,481.0,457.0,24.0,0.0,95.01039501039502,4.98960498960499,0.0,0.7778462012162266,0.05046998116562784,0.2202376873206176,21.88288553630837,64.84532688431531,272.1308087156738,275.13802108587333,-3.007212370199511,0.565760517080403,0.5720125178500485,-0.006252000769645553,196.42658486701836,0.40837127830980946,72.1809433463477,0.78125,50.0,0.023980815347721823,10.0,0.9760191846522782,407.0,0.21875,14.0,0.8333333333333334,0.78125,0.8064516129032259,0.7783799237478362,0.8833558153477218,0.7053735556188038,0.9501039501039501,0.19283476545167194,0.8071652345483281,0.0498960498960499,0.9489944905621865,0.9501039501039501,0.9494182587569299,0.7783799237478363,0.8833558153477218,0.9347250108492826,0.8889059973824005,0.9501039501039501,0.001,0.079,0.0,0.08,0.0,80.0,926756.0,924503.0,104666.0,95.42619542619542,50.51975051975052,?
DatasetClassiRealeseNormalized,3,8,weka.classifiers.lazy.IBk,'-K 1 -W 0 -A \"weka.core.neighboursearch.LinearNNSearch -A \\\"weka.core.EuclideanDistance -R first-last\\\"\"',-3080186098777067172,2.026042509E7,4330.0,481.0,465.0,16.0,0.0,96.67359667359668,3.3264033264033266,0.0,0.8518974674774844,0.03703082317330732,0.18484795482224117,16.05590582959511,54.42540829488295,272.1308087156738,188.82620514684018,83.30460356883364,0.565760517080403,0.3925700730703538,0.17319044401004915,216.2933349824195,0.44967429310274326,79.48138470731033,0.84375,54.0,0.014388489208633094,6.0,0.9856115107913669,411.0,0.15625,10.0,0.9,0.84375,0.870967741935484,0.8524820006053738,0.9260716426858513,0.7943995042192369,0.9667359667359667,0.13737445594459982,0.8626255440554002,0.033264033264033266,0.9661018957931073,0.9667359667359667,0.9662788391712868,0.8524820006053738,0.9260716426858513,0.9550428783881473,0.9259373315882671,0.9667359667359667,0.001,0.078,0.0,0.08,0.0,80.0,926756.0,924503.0,104666.0,96.88149688149689,50.83160083160083,?
DatasetClassiRealeseNormalized,3,9,weka.classifiers.lazy.IBk,'-K 1 -W 0 -A \"weka.core.neighboursearch.LinearNNSearch -A \\\"weka.core.EuclideanDistance -R first-last\\\"\"',-3080186098777067172,2.026042509E7,4330.0,481.0,468.0,13.0,0.0,97.29729729729729,2.7027027027027026,0.0,0.8804786207160199,0.028724839402943556,0.1626104857859519,12.454579101993899,47.87795510337359,272.1308087156738,141.31621763898505,130.81459107668877,0.565760517080403,0.2937967102681602,0.27196380681224275,228.60471608379734,0.47526968000789466,84.00545207016484,0.875,56.0,0.011990407673860911,5.0,0.988009592326139,412.0,0.125,8.0,0.9180327868852459,0.875,0.8959999999999999,0.8808137278691767,0.9529938549160671,0.8387521680536099,0.972972972972973,0.10996338064683389,0.8900366193531661,0.02702702702702703,0.9725805430723463,0.972972972972973,0.972697084180955,0.8808137278691767,0.9529938549160671,0.9667867231465501,0.9402341696535244,0.972972972972973,0.0,0.087,0.0,0.09,0.0,90.0,926756.0,924503.0,104666.0,97.71309771309771,50.727650727650726,?
DatasetClassiRealeseNormalized,3,10,weka.classifiers.lazy.IBk,'-K 1 -W 0 -A \"weka.core.neighboursearch.LinearNNSearch -A \\\"weka.core.EuclideanDistance -R first-last\\\"\"',-3080186098777067172,2.026042509E7,4330.0,481.0,470.0,11.0,0.0,97.71309771309771,2.286902286902287,0.0,0.9015243164771355,0.02736741454147165,0.15496472614464699,11.866023842378327,45.626788242465,272.1308087156738,137.5161033644477,134.61470535122612,0.565760517080403,0.28589626479095154,0.2798642522894514,229.27705647726114,0.476667477083703,84.25251722116224,0.921875,59.0,0.014388489208633094,6.0,0.9856115107913669,411.0,0.078125,5.0,0.9076923076923077,0.921875,0.9147286821705427,0.9015604446661858,0.9524505395683454,0.8487436631631688,0.9771309771309772,0.06964446633961023,0.9303555336603898,0.02286902286902287,0.9772978970094355,0.9771309771309772,0.9772058898500172,0.9015604446661858,0.9524505395683454,0.9690790232962374,0.9507617000288489,0.9771309771309772,0.0,0.079,0.0,0.08,0.0,80.0,926756.0,924503.0,104666.0,97.71309771309771,50.935550935550935,?
DatasetClassiRealeseNormalized,4,1,weka.classifiers.lazy.IBk,'-K 1 -W 0 -A \"weka.core.neighboursearch.LinearNNSearch -A \\\"weka.core.EuclideanDistance -R first-last\\\"\"',-3080186098777067172,2.026042509E7,4329.0,482.0,466.0,16.0,0.0,96.6804979253112,3.319502074688797,0.0,0.8499026858699884,0.036960366455252996,0.18216936949117,16.037880244514824,53.683914832070265,272.3366817903761,187.32775572507393,85.00892606530215,0.565013862635635,0.3886467961101119,0.17636706652552314,217.47938481483428,0.45120204318430346,79.85680936739665,0.828125,53.0,0.011961722488038277,5.0,0.9880382775119617,413.0,0.171875,11.0,0.9137931034482759,0.828125,0.8688524590163935,0.8512522111479238,0.9163240131578947,0.7963930291799866,0.966804979253112,0.1506417017411503,0.8493582982588497,0.03319502074688797,0.9660548111992701,0.966804979253112,0.9661069802965558,0.8512522111479238,0.9163240131578947,0.9529210610861709,0.9249250418597407,0.966804979253112,0.001,0.08,0.0,0.08,0.0,80.0,926543.0,924290.0,104879.0,96.88796680497926,51.03734439834025,?
DatasetClassiRealeseNormalized,4,2,weka.classifiers.lazy.IBk,'-K 1 -W 0 -A \"weka.core.neighboursearch.LinearNNSearch -A \\\"weka.core.EuclideanDistance -R first-last\\\"\"',-3080186098777067172,2.026042509E7,4330.0,481.0,457.0,24.0,0.0,95.01039501039502,4.98960498960499,0.0,0.774742428972838,0.051578795310865067,0.22227986715443732,22.495886593411036,65.88361288408602,269.42867131105754,287.7442301929993,-18.31555888194174,0.5601427677984564,0.5982208527920982,-0.03807808499364187,191.9829090549762,0.3991328670581626,71.25556018992887,0.7777777777777778,49.0,0.023923444976076555,10.0,0.9760765550239234,408.0,0.2222222222222222,14.0,0.8305084745762712,0.7777777777777778,0.8032786885245902,0.775288995497457,0.8773448773448773,0.6779781307349814,0.9501039501039501,0.19624961730224888,0.8037503826977511,0.0498960498960499,0.9489703437008442,0.9501039501039501,0.9494047821916675,0.7752889954974571,0.8773448773448773,0.9319204424511272,0.8873536299765807,0.9501039501039501,0.001,0.086,0.0,0.09,0.0,90.0,926756.0,924503.0,104666.0,95.21829521829522,50.62370062370062,?
DatasetClassiRealeseNormalized,4,3,weka.classifiers.lazy.IBk,'-K 1 -W 0 -A \"weka.core.neighboursearch.LinearNNSearch -A \\\"weka.core.EuclideanDistance -R first-last\\\"\"',-3080186098777067172,2.026042509E7,4330.0,481.0,460.0,21.0,0.0,95.63409563409563,4.365904365904366,0.0,0.8120009678199858,0.04612778064123337,0.20700461914517357,20.000184674201947,60.94906988144419,272.1308087156738,249.96433106817707,22.166477647496748,0.565760517080403,0.5196763639671041,0.04608415311329885,201.40230977261984,0.4187158207330974,74.00937465446916,0.84375,54.0,0.026378896882494004,11.0,0.973621103117506,406.0,0.15625,10.0,0.8307692307692308,0.84375,0.8372093023255814,0.8120335084003542,0.906568495203837,0.7270752728867054,0.9563409563409564,0.13896985322345035,0.8610301467765497,0.04365904365904366,0.9566428114505038,0.9563409563409564,0.9564839715318512,0.8120335084003542,0.906568495203837,0.9427142123727523,0.9059996091459841,0.9563409563409564,0.0,0.082,0.0,0.09,0.0,90.0,926756.0,924503.0,104666.0,95.84199584199584,50.935550935550935,?
DatasetClassiRealeseNormalized,4,4,weka.classifiers.lazy.IBk,'-K 1 -W 0 -A \"weka.core.neighboursearch.LinearNNSearch -A \\\"weka.core.EuclideanDistance -R first-last\\\"\"',-3080186098777067172,2.026042509E7,4330.0,481.0,465.0,16.0,0.0,96.67359667359668,3.3264033264033266,0.0,0.8538826656540726,0.03511943834312569,0.18404467651809,15.227163387281964,54.1888963479702,272.1308087156738,194.90574080355697,77.22506791211686,0.565760517080403,0.40520944034003525,0.16055107674036767,220.18287070853583,0.457760645963692,80.91067371154806,0.859375,55.0,0.016786570743405275,7.0,0.9832134292565947,410.0,0.140625,9.0,0.8870967741935484,0.859375,0.8730158730158729,0.854025128096364,0.9300996702637889,0.7821034710155876,0.9667359667359667,0.12414753747937202,0.875852462520628,0.033264033264033266,0.9663558273920888,0.9667359667359667,0.9665117559854401,0.854025128096364,0.9300996702637889,0.9531618539740903,0.9269385585175058,0.9667359667359667,0.0,0.091,0.0,0.09,0.0,90.0,926756.0,924503.0,104666.0,96.67359667359668,50.311850311850314,?
DatasetClassiRealeseNormalized,4,5,weka.classifiers.lazy.IBk,'-K 1 -W 0 -A \"weka.core.neighboursearch.LinearNNSearch -A \\\"weka.core.EuclideanDistance -R first-last\\\"\"',-3080186098777067172,2.026042509E7,4330.0,481.0,465.0,16.0,0.0,96.67359667359668,3.3264033264033266,0.0,0.8576975703561259,0.036276083295756684,0.18468708159548491,15.728664052033759,54.37804184682923,272.1308087156738,200.1262087117132,72.00460000396063,0.565760517080403,0.4160628039744557,0.14969771310594726,218.9318896686742,0.4551598537810274,80.45097528718895,0.890625,57.0,0.02158273381294964,9.0,0.9784172661870504,408.0,0.109375,7.0,0.8636363636363636,0.890625,0.8769230769230768,0.8578332928763902,0.9270083932853717,0.7759662911491013,0.9667359667359667,0.09769370054891638,0.9023062994510836,0.033264033264033266,0.9672328322930732,0.9667359667359667,0.9669518631057094,0.8578332928763902,0.9270083932853717,0.9536382289374774,0.9288461538461539,0.9667359667359667,0.0,0.081,0.0,0.08,0.0,80.0,926756.0,924503.0,104666.0,96.67359667359668,50.62370062370062,?
DatasetClassiRealeseNormalized,4,6,weka.classifiers.lazy.IBk,'-K 1 -W 0 -A \"weka.core.neighboursearch.LinearNNSearch -A \\\"weka.core.EuclideanDistance -R first-last\\\"\"',-3080186098777067172,2.026042509E7,4330.0,481.0,462.0,19.0,0.0,96.04989604989605,3.95010395010395,0.0,0.8276408351092924,0.040307691534709734,0.19547679221830289,17.47669762729356,57.55489282467866,272.1308087156738,215.66329056038708,56.46751815528674,0.565760517080403,0.4483644294394742,0.11739608764092878,210.89228355304186,0.43844549595227,77.49665851814123,0.84375,54.0,0.02158273381294964,9.0,0.9784172661870504,408.0,0.15625,10.0,0.8571428571428571,0.84375,0.8503937007874015,0.8276748916302482,0.9298561151079137,0.7582802705446231,0.9604989604989606,0.13833169431191014,0.8616683056880898,0.0395010395010395,0.9602516970938022,0.9604989604989606,0.9603670979124797,0.8276748916302481,0.9298561151079137,0.9505127524084418,0.9138196048847187,0.9604989604989606,0.0,0.081,0.0,0.08,0.0,80.0,926756.0,924503.0,104666.0,96.46569646569647,50.62370062370062,?
DatasetClassiRealeseNormalized,4,7,weka.classifiers.lazy.IBk,'-K 1 -W 0 -A \"weka.core.neighboursearch.LinearNNSearch -A \\\"weka.core.EuclideanDistance -R first-last\\\"\"',-3080186098777067172,2.026042509E7,4330.0,481.0,463.0,18.0,0.0,96.25779625779626,3.7422037422037424,0.0,0.8419726947506754,0.03963800865811415,0.19189431117487782,17.18633505144724,56.50009081897301,272.1308087156738,201.06200678068242,71.0688019349914,0.565760517080403,0.41800833010536886,0.1477521869750341,212.00305047813112,0.4407547826988173,77.90483241448598,0.890625,57.0,0.026378896882494004,11.0,0.973621103117506,406.0,0.109375,7.0,0.8382352941176471,0.890625,0.8636363636363636,0.8424923426363251,0.9534247601918465,0.7890081059250308,0.9625779625779626,0.09833185946045657,0.9016681405395435,0.037422037422037424,0.9637822499238252,0.9625779625779626,0.9630547895608137,0.842492342636325,0.9534247601918465,0.960340324939786,0.920974808324206,0.9625779625779626,0.0,0.073,0.0,0.07,0.0,70.0,926756.0,924503.0,104666.0,96.67359667359668,50.935550935550935,?
DatasetClassiRealeseNormalized,4,8,weka.classifiers.lazy.IBk,'-K 1 -W 0 -A \"weka.core.neighboursearch.LinearNNSearch -A \\\"weka.core.EuclideanDistance -R first-last\\\"\"',-3080186098777067172,2.026042509E7,4330.0,481.0,462.0,19.0,0.0,96.04989604989605,3.95010395010395,0.0,0.8229253453721108,0.044073110918067836,0.20231361543455476,19.10931645256744,59.56788179900769,272.1308087156738,236.71514412287036,35.415664592803466,0.565760517080403,0.4921312767627242,0.07362924031767873,204.59489793931223,0.4253532181690483,75.18255610414032,0.8125,52.0,0.016786570743405275,7.0,0.9832134292565947,410.0,0.1875,12.0,0.8813559322033898,0.8125,0.8455284552845529,0.8238202650155232,0.9043015587529976,0.7430445918870736,0.9604989604989606,0.16478553124236575,0.8352144687576343,0.0395010395010395,0.9595612468935628,0.9604989604989606,0.9598137965823073,0.8238202650155231,0.9043015587529977,0.941985951850192,0.9114412240665911,0.9604989604989606,0.001,0.071,0.0,0.08,0.0,80.0,926756.0,924503.0,104666.0,96.04989604989605,50.727650727650726,?
DatasetClassiRealeseNormalized,4,9,weka.classifiers.lazy.IBk,'-K 1 -W 0 -A \"weka.core.neighboursearch.LinearNNSearch -A \\\"weka.core.EuclideanDistance -R first-last\\\"\"',-3080186098777067172,2.026042509E7,4330.0,481.0,459.0,22.0,0.0,95.42619542619542,4.573804573804574,0.0,0.801746103117506,0.046254201060306074,0.2132831104207982,20.054998317800134,62.797667294817444,272.1308087156738,266.04414600624364,6.086662709430186,0.565760517080403,0.5531063326533132,0.012654184427089784,202.45475571247047,0.4209038580300841,74.39611731871126,0.828125,53.0,0.026378896882494004,11.0,0.973621103117506,406.0,0.171875,11.0,0.828125,0.828125,0.828125,0.801746103117506,0.8926858513189448,0.7163267531484251,0.9542619542619543,0.15251585114444827,0.8474841488555518,0.04573804573804574,0.9542619542619543,0.9542619542619543,0.9542619542619543,0.801746103117506,0.8926858513189447,0.9379226205821728,0.9008730515587531,0.9542619542619543,0.001,0.073,0.0,0.07,0.0,70.0,926764.0,924503.0,104666.0,95.63409563409563,50.20790020790021,?
DatasetClassiRealeseNormalized,4,10,weka.classifiers.lazy.IBk,'-K 1 -W 0 -A \"weka.core.neighboursearch.LinearNNSearch -A \\\"weka.core.EuclideanDistance -R first-last\\\"\"',-3080186098777067172,2.026042509E7,4330.0,481.0,474.0,7.0,0.0,98.54469854469855,1.4553014553014554,0.0,0.9364992550402658,0.01604041841280184,0.12154747199958275,6.954839926131943,35.78763312339437,272.1308087156738,85.69107716105331,186.4397315546205,0.565760517080403,0.17815192756975742,0.38760858951064553,248.13343759577407,0.5158699326315469,91.1816779462951,0.9375,60.0,0.007194244604316547,3.0,0.9928057553956835,414.0,0.0625,4.0,0.9523809523809523,0.9375,0.9448818897637795,0.9365377909669038,0.9703237410071942,0.902685097029584,0.9854469854469855,0.055141230051302,0.944858769948698,0.014553014553014554,0.9853678801047222,0.9854469854469855,0.9853984044940715,0.9365377909669038,0.9703237410071942,0.9793801439534935,0.9682493281154227,0.9854469854469855,0.0,0.074,0.0,0.07,0.0,70.0,926756.0,924503.0,104666.0,98.54469854469855,50.41580041580042,?
DatasetClassiRealeseNormalized,5,1,weka.classifiers.lazy.IBk,'-K 1 -W 0 -A \"weka.core.neighboursearch.LinearNNSearch -A \\\"weka.core.EuclideanDistance -R first-last\\\"\"',-3080186098777067172,2.026042509E7,4329.0,482.0,465.0,17.0,0.0,96.47302904564316,3.5269709543568464,0.0,0.8498332294835612,0.03782240162905879,0.18959618023824248,16.411935434167628,55.8725389500182,272.3366817903761,207.45350422345646,64.88317756691961,0.565013862635635,0.4304014610445155,0.13461240159111953,214.09884558269374,0.44418847631264263,78.6155005543802,0.890625,57.0,0.023923444976076555,10.0,0.9760765550239234,408.0,0.109375,7.0,0.8507462686567164,0.890625,0.8702290076335878,0.8501317848437848,0.9408455442583732,0.7811627524143986,0.9647302904564315,0.09802873543250809,0.901971264567492,0.035269709543568464,0.9655542713369114,0.9647302904564315,0.9650706312108958,0.8501317848437848,0.9408455442583732,0.9558989204809036,0.9249104221841409,0.9647302904564315,0.0,0.071,0.01,0.07,10.0,70.0,926543.0,924290.0,104879.0,96.47302904564316,50.4149377593361,?
DatasetClassiRealeseNormalized,5,2,weka.classifiers.lazy.IBk,'-K 1 -W 0 -A \"weka.core.neighboursearch.LinearNNSearch -A \\\"weka.core.EuclideanDistance -R first-last\\\"\"',-3080186098777067172,2.026042509E7,4330.0,481.0,454.0,27.0,0.0,94.38669438669439,5.613305613305613,0.0,0.7517443082981288,0.05716071433300453,0.23591723855196076,24.930418391582013,69.92572119291765,269.42867131105754,326.7149955364757,-57.286324225418184,0.5601427677984564,0.679241154961488,-0.11909838716303157,184.36927092213256,0.38330409755121114,68.42971463466736,0.7777777777777778,49.0,0.03110047846889952,13.0,0.9688995215311005,405.0,0.2222222222222222,14.0,0.7903225806451613,0.7777777777777778,0.7839999999999999,0.7517760871784295,0.8737943343206501,0.6531894115181774,0.9438669438669439,0.1971896445580656,0.8028103554419345,0.056133056133056136,0.9435004895394455,0.9438669438669439,0.9436759439340084,0.7517760871784295,0.8737943343206501,0.9275383343025146,0.8758709677419354,0.9438669438669439,0.0,0.071,0.0,0.07,0.0,70.0,926756.0,924503.0,104666.0,94.5945945945946,50.51975051975052,?
DatasetClassiRealeseNormalized,5,3,weka.classifiers.lazy.IBk,'-K 1 -W 0 -A \"weka.core.neighboursearch.LinearNNSearch -A \\\"weka.core.EuclideanDistance -R first-last\\\"\"',-3080186098777067172,2.026042509E7,4330.0,481.0,466.0,15.0,0.0,96.88149688149689,3.1185031185031185,0.0,0.8657149770142756,0.03220832383394465,0.1769051927462791,13.96495594998496,52.0867940029961,272.1308087156738,181.9762410870287,90.15456762864511,0.565760517080403,0.37832898354891625,0.18743153353148673,224.14794853303525,0.46600405100423126,82.36772219613995,0.890625,57.0,0.019184652278177457,8.0,0.9808153477218226,409.0,0.109375,7.0,0.8769230769230769,0.890625,0.883720930232558,0.8657496701598532,0.9437200239808153,0.7980264595601767,0.9688149688149689,0.09737462109314628,0.9026253789068538,0.031185031185031187,0.9690358627858626,0.9688149688149689,0.9689171225227509,0.8657496701598532,0.9437200239808153,0.9587808189150142,0.9328568636757029,0.9688149688149689,0.0,0.073,0.0,0.08,0.0,80.0,926756.0,924503.0,104666.0,96.88149688149689,50.311850311850314,?
DatasetClassiRealeseNormalized,5,4,weka.classifiers.lazy.IBk,'-K 1 -W 0 -A \"weka.core.neighboursearch.LinearNNSearch -A \\\"weka.core.EuclideanDistance -R first-last\\\"\"',-3080186098777067172,2.026042509E7,4330.0,481.0,463.0,18.0,0.0,96.25779625779626,3.7422037422037424,0.0,0.8356179988608315,0.03950524315152869,0.1913279102070744,17.12877029083746,56.333323467064986,272.1308087156738,201.65760175786173,70.4732069578121,0.565760517080403,0.4192465733011678,0.14651394377923513,212.54799802183868,0.4418877297751324,78.10508447204589,0.84375,54.0,0.019184652278177457,8.0,0.9808153477218226,409.0,0.15625,10.0,0.8709677419354839,0.84375,0.8571428571428571,0.8357574140120331,0.933865407673861,0.7711091836361018,0.9625779625779626,0.13801261485614005,0.86198738514386,0.037422037422037424,0.9621406822884997,0.9625779625779626,0.9623257254836203,0.835757414012033,0.933865407673861,0.9530135034260261,0.9178058783321941,0.9625779625779626,0.001,0.074,0.0,0.07,0.0,70.0,926756.0,924503.0,104666.0,96.67359667359668,50.935550935550935,?
DatasetClassiRealeseNormalized,5,5,weka.classifiers.lazy.IBk,'-K 1 -W 0 -A \"weka.core.neighboursearch.LinearNNSearch -A \\\"weka.core.EuclideanDistance -R first-last\\\"\"',-3080186098777067172,2.026042509E7,4330.0,481.0,468.0,13.0,0.0,97.29729729729729,2.7027027027027026,0.0,0.8836196467457056,0.028536323407284254,0.16399906546226703,12.372841921604673,48.28679931215103,272.1308087156738,149.35881287589896,122.77199583977486,0.565760517080403,0.3105172824862764,0.2552432345941265,229.00098181669696,0.47609351729043026,84.15106797259419,0.90625,58.0,0.016786570743405275,7.0,0.9832134292565947,410.0,0.09375,6.0,0.8923076923076924,0.90625,0.8992248062015504,0.8836550574130195,0.9576214028776978,0.8324204674684463,0.972972972972973,0.08350954371637825,0.9164904562836218,0.02702702702702703,0.9731668798976493,0.972972972972973,0.9730615061863841,0.8836550574130195,0.9576214028776978,0.9669461833648699,0.9418092818522759,0.972972972972973,0.0,0.072,0.0,0.07,0.0,70.0,926756.0,924503.0,104666.0,97.5051975051975,50.51975051975052,?
DatasetClassiRealeseNormalized,5,6,weka.classifiers.lazy.IBk,'-K 1 -W 0 -A \"weka.core.neighboursearch.LinearNNSearch -A \\\"weka.core.EuclideanDistance -R first-last\\\"\"',-3080186098777067172,2.026042509E7,4330.0,481.0,469.0,12.0,0.0,97.5051975051975,2.494802494802495,0.0,0.8904119992405544,0.02826238876660797,0.161260506777613,12.254068737071938,47.480476219774246,272.1308087156738,152.95429127381462,119.1765174418592,0.565760517080403,0.31799228955055014,0.2477682275298528,229.21173684876257,0.4765316774402548,84.22851419526198,0.890625,57.0,0.011990407673860911,5.0,0.988009592326139,412.0,0.109375,7.0,0.9193548387096774,0.890625,0.9047619047619047,0.8905605562650261,0.9351206534772182,0.8346278657631676,0.975051975051975,0.09641738272583597,0.903582617274164,0.02494802494802495,0.9747861175992671,0.975051975051975,0.97488381698908,0.8905605562650261,0.9351206534772183,0.9637556596492709,0.9452039188881294,0.975051975051975,0.001,0.068,0.0,0.07,0.0,70.0,926756.0,924503.0,104666.0,97.5051975051975,50.51975051975052,?
DatasetClassiRealeseNormalized,5,7,weka.classifiers.lazy.IBk,'-K 1 -W 0 -A \"weka.core.neighboursearch.LinearNNSearch -A \\\"weka.core.EuclideanDistance -R first-last\\\"\"',-3080186098777067172,2.026042509E7,4330.0,481.0,453.0,28.0,0.0,94.17879417879418,5.8212058212058215,0.0,0.7335812628580471,0.06270618079508077,0.24367679768190054,27.188283907907028,71.7465833937985,272.1308087156738,336.14381498525796,-64.01300626958414,0.565760517080403,0.6988436901980415,-0.13308317311763854,178.2727557027355,0.37062942973541685,65.50994962462977,0.71875,46.0,0.023980815347721823,10.0,0.9760191846522782,407.0,0.28125,18.0,0.8214285714285714,0.71875,0.7666666666666666,0.7357158013884926,0.865164118705036,0.6329251510140543,0.9417879417879418,0.24701875713566362,0.7529812428643364,0.058212058212058215,0.9395223536400006,0.9417879417879418,0.9401240816917776,0.7357158013884926,0.865164118705036,0.91898867692205,0.8667062549485351,0.9417879417879418,0.0,0.071,0.0,0.07,0.0,70.0,926756.0,924503.0,104666.0,94.38669438669439,50.935550935550935,?
DatasetClassiRealeseNormalized,5,8,weka.classifiers.lazy.IBk,'-K 1 -W 0 -A \"weka.core.neighboursearch.LinearNNSearch -A \\\"weka.core.EuclideanDistance -R first-last\\\"\"',-3080186098777067172,2.026042509E7,4330.0,481.0,467.0,14.0,0.0,97.0893970893971,2.9106029106029108,0.0,0.8754853740616102,0.030542902358552337,0.1702967336067294,13.242858840494858,50.14104303585169,272.1308087156738,163.64124424884187,108.48956446683195,0.565760517080403,0.3402104870038293,0.2255500300765737,225.9795220312235,0.4698118961148098,83.0407711268481,0.90625,58.0,0.019184652278177457,8.0,0.9808153477218226,409.0,0.09375,6.0,0.8787878787878788,0.90625,0.8923076923076922,0.875623911333405,0.9495653477218226,0.8137961692646541,0.9708939708939709,0.08382862317214836,0.9161713768278517,0.029106029106029108,0.971337855675205,0.9708939708939709,0.9710828802174954,0.875623911333405,0.9495653477218226,0.9640568468859261,0.9377403846153846,0.9708939708939709,0.0,0.072,0.0,0.07,0.0,70.0,926756.0,924503.0,104666.0,97.29729729729729,50.51975051975052,?
DatasetClassiRealeseNormalized,5,9,weka.classifiers.lazy.IBk,'-K 1 -W 0 -A \"weka.core.neighboursearch.LinearNNSearch -A \\\"weka.core.EuclideanDistance -R first-last\\\"\"',-3080186098777067172,2.026042509E7,4330.0,481.0,463.0,18.0,0.0,96.25779625779626,3.7422037422037424,0.0,0.828730811837316,0.04025690988419681,0.19207105667999094,17.454679607475555,56.55213059560628,272.1308087156738,212.72786082613837,59.402947889535454,0.565760517080403,0.4422616649192066,0.12349885216119637,211.50052072288483,0.43971002229289985,77.72016763594878,0.796875,51.0,0.011990407673860911,5.0,0.988009592326139,412.0,0.203125,13.0,0.9107142857142857,0.796875,0.85,0.8311422118263809,0.8947467026378897,0.7649581744918111,0.9625779625779626,0.17769337025182347,0.8223066297481765,0.037422037422037424,0.9616017051311169,0.9625779625779626,0.9615083382304284,0.8311422118263809,0.8947467026378897,0.944598959300084,0.9143111638954868,0.9625779625779626,0.001,0.071,0.0,0.07,0.0,70.0,926756.0,924503.0,104666.0,96.46569646569647,50.935550935550935,?
DatasetClassiRealeseNormalized,5,10,weka.classifiers.lazy.IBk,'-K 1 -W 0 -A \"weka.core.neighboursearch.LinearNNSearch -A \\\"weka.core.EuclideanDistance -R first-last\\\"\"',-3080186098777067172,2.026042509E7,4330.0,481.0,465.0,16.0,0.0,96.67359667359668,3.3264033264033266,0.0,0.8576975703561259,0.03343169045014054,0.1754131526616346,14.495385940503514,51.647487596402634,272.1308087156738,164.6264398671076,107.50436884856623,0.565760517080403,0.3422587107424274,0.22350180633797553,221.61686037053636,0.46074191345225857,81.4376223759673,0.890625,57.0,0.02158273381294964,9.0,0.9784172661870504,408.0,0.109375,7.0,0.8636363636363636,0.890625,0.8769230769230768,0.8578332928763902,0.9509517386091128,0.8221981852220451,0.9667359667359667,0.09769370054891638,0.9023062994510836,0.033264033264033266,0.9672328322930732,0.9667359667359667,0.9669518631057094,0.8578332928763902,0.9509517386091126,0.9638683328625642,0.9288461538461539,0.9667359667359667,0.0,0.071,0.0,0.07,0.0,70.0,926756.0,924503.0,104666.0,97.29729729729729,50.727650727650726,?
DatasetClassiRealeseNormalized,6,1,weka.classifiers.lazy.IBk,'-K 1 -W 0 -A \"weka.core.neighboursearch.LinearNNSearch -A \\\"weka.core.EuclideanDistance -R first-last\\\"\"',-3080186098777067172,2.026042509E7,4329.0,482.0,465.0,17.0,0.0,96.47302904564316,3.5269709543568464,0.0,0.8458325493885231,0.042069508351346326,0.19139838392814504,18.2548443533794,56.40363454347065,272.3366817903761,203.30890820836433,69.02777358201175,0.565013862635635,0.4218027141252372,0.14321114851039782,207.1861587395752,0.4298468023642639,76.07721346147973,0.859375,55.0,0.019138755980861243,8.0,0.9808612440191388,410.0,0.140625,9.0,0.873015873015873,0.859375,0.8661417322834646,0.8458673325237636,0.9222488038277512,0.77312427054155,0.9647302904564315,0.12449404643729278,0.8755059535627072,0.035269709543568464,0.964511401631991,0.9647302904564315,0.9646125024538355,0.8458673325237636,0.9222488038277511,0.9518751125264822,0.9229155495348027,0.9647302904564315,0.0,0.071,0.0,0.07,0.0,70.0,926543.0,924290.0,104879.0,96.6804979253112,51.34854771784232,?
DatasetClassiRealeseNormalized,6,2,weka.classifiers.lazy.IBk,'-K 1 -W 0 -A \"weka.core.neighboursearch.LinearNNSearch -A \\\"weka.core.EuclideanDistance -R first-last\\\"\"',-3080186098777067172,2.026042509E7,4330.0,481.0,466.0,15.0,0.0,96.88149688149689,3.1185031185031185,0.0,0.8657249734799847,0.034429602694582964,0.1801189243463896,15.016334387134938,53.387135941063626,269.42867131105754,184.1224589390975,85.30621237196004,0.5601427677984564,0.38279097492535863,0.1773517928730978,218.52245076323857,0.4543086294454024,81.10586364097556,0.9047619047619048,57.0,0.0215311004784689,9.0,0.9784688995215312,409.0,0.09523809523809523,6.0,0.8636363636363636,0.9047619047619048,0.8837209302325582,0.8660373190996605,0.9502164502164502,0.7948225592815147,0.9688149688149689,0.08558416453153296,0.914415835468467,0.031185031185031187,0.9695752960813202,0.9688149688149689,0.9691214299383148,0.8660373190996605,0.9502164502164503,0.9607426974591977,0.9328568636757029,0.9688149688149689,0.0,0.071,0.0,0.07,0.0,70.0,926756.0,924503.0,104666.0,96.88149688149689,50.41580041580042,?
DatasetClassiRealeseNormalized,6,3,weka.classifiers.lazy.IBk,'-K 1 -W 0 -A \"weka.core.neighboursearch.LinearNNSearch -A \\\"weka.core.EuclideanDistance -R first-last\\\"\"',-3080186098777067172,2.026042509E7,4330.0,481.0,464.0,17.0,0.0,96.46569646569647,3.5343035343035343,0.0,0.8415647827013624,0.03617041641762085,0.18430503369484305,15.682848774400957,54.265554191768985,272.1308087156738,179.99428843186718,92.13652028380665,0.565760517080403,0.3742084998583517,0.19155201722205123,218.08752938055864,0.4534044269866084,80.14069792752484,0.828125,53.0,0.014388489208633094,6.0,0.9856115107913669,411.0,0.171875,11.0,0.8983050847457628,0.828125,0.8617886178861789,0.8424799724685494,0.9331722122302158,0.802051200635196,0.9646569646569647,0.15092045386559774,0.8490795461344023,0.035343035343035345,0.963870804942377,0.9646569646569647,0.9640439232578538,0.8424799724685494,0.9331722122302157,0.957803827842277,0.9207632004806341,0.9646569646569647,0.0,0.071,0.0,0.07,0.0,70.0,926756.0,924503.0,104666.0,97.0893970893971,50.83160083160083,?
DatasetClassiRealeseNormalized,6,4,weka.classifiers.lazy.IBk,'-K 1 -W 0 -A \"weka.core.neighboursearch.LinearNNSearch -A \\\"weka.core.EuclideanDistance -R first-last\\\"\"',-3080186098777067172,2.026042509E7,4330.0,481.0,458.0,23.0,0.0,95.21829521829522,4.781704781704781,0.0,0.7940962980885558,0.04905367442796268,0.21777981571474495,21.268800143192813,64.12164743752534,272.1308087156738,277.15764780813663,-5.026839092462808,0.565760517080403,0.576211326004442,-0.010450808924039101,198.5976161000704,0.4128848567569031,72.97873292529992,0.828125,53.0,0.02877697841726619,12.0,0.9712230215827338,405.0,0.171875,11.0,0.8153846153846154,0.828125,0.8217054263565892,0.7941281211471878,0.9003484712230215,0.7059159641942422,0.9521829521829522,0.15283493060021838,0.8471650693997816,0.04781704781704782,0.9525117943387174,0.9521829521829522,0.9523395878682178,0.7941281211471879,0.9003484712230216,0.9384557895900444,0.897047190969411,0.9521829521829522,0.0,0.072,0.0,0.07,0.0,70.0,926756.0,924503.0,104666.0,95.42619542619542,50.51975051975052,?
DatasetClassiRealeseNormalized,6,5,weka.classifiers.lazy.IBk,'-K 1 -W 0 -A \"weka.core.neighboursearch.LinearNNSearch -A \\\"weka.core.EuclideanDistance -R first-last\\\"\"',-3080186098777067172,2.026042509E7,4330.0,481.0,465.0,16.0,0.0,96.67359667359668,3.3264033264033266,0.0,0.8538826656540726,0.036775017311061156,0.1838930474973161,15.944992960722042,54.144251702737805,272.1308087156738,188.64182854300068,83.48898017267314,0.565760517080403,0.39218675372765216,0.1735737633527508,215.06992442249086,0.4471308200051785,79.03181761650478,0.859375,55.0,0.016786570743405275,7.0,0.9832134292565947,410.0,0.140625,9.0,0.8870967741935484,0.859375,0.8730158730158729,0.854025128096364,0.9262777278177458,0.7963598365934862,0.9667359667359667,0.12414753747937202,0.875852462520628,0.033264033264033266,0.9663558273920888,0.9667359667359667,0.9665117559854401,0.854025128096364,0.9262777278177458,0.9553309669544272,0.9269385585175058,0.9667359667359667,0.0,0.071,0.0,0.07,0.0,70.0,926756.0,924503.0,104666.0,96.88149688149689,50.83160083160083,?
DatasetClassiRealeseNormalized,6,6,weka.classifiers.lazy.IBk,'-K 1 -W 0 -A \"weka.core.neighboursearch.LinearNNSearch -A \\\"weka.core.EuclideanDistance -R first-last\\\"\"',-3080186098777067172,2.026042509E7,4330.0,481.0,461.0,20.0,0.0,95.84199584199584,4.158004158004158,0.0,0.8244141052785282,0.04356834607036027,0.20255108230646962,18.890459398730073,59.63779997296262,272.1308087156738,235.14425351358003,36.9865552020938,0.565760517080403,0.4888653919201248,0.07689512516027816,206.29918035717512,0.42889642485899193,75.80882933865804,0.875,56.0,0.02877697841726619,12.0,0.9712230215827338,405.0,0.125,8.0,0.8235294117647058,0.875,0.8484848484848485,0.8249229163710716,0.9189710731414868,0.7453306288203705,0.9584199584199584,0.1121969368372246,0.8878030631627755,0.04158004158004158,0.9597264043924064,0.9584199584199584,0.9589497661786818,0.8249229163710715,0.9189710731414867,0.9481603426677542,0.9121942314713398,0.9584199584199584,0.0,0.072,0.0,0.07,0.0,70.0,926756.0,924503.0,104666.0,96.04989604989605,50.62370062370062,?
DatasetClassiRealeseNormalized,6,7,weka.classifiers.lazy.IBk,'-K 1 -W 0 -A \"weka.core.neighboursearch.LinearNNSearch -A \\\"weka.core.EuclideanDistance -R first-last\\\"\"',-3080186098777067172,2.026042509E7,4330.0,481.0,468.0,13.0,0.0,97.29729729729729,2.7027027027027026,0.0,0.8820700450747792,0.027840425021105956,0.16149565040214456,12.07111276740375,47.54971035214739,272.1308087156738,150.3858974650318,121.74491125064202,0.565760517080403,0.3126525934823946,0.2531079235980084,230.53479619481942,0.4792823205713502,84.71469925909253,0.890625,57.0,0.014388489208633094,6.0,0.9856115107913669,411.0,0.109375,7.0,0.9047619047619048,0.890625,0.8976377952755906,0.882106341298576,0.9472984112709832,0.8247264242764833,0.972972972972973,0.09673646218160607,0.903263537818394,0.02702702702702703,0.9728097885992624,0.972972972972973,0.9728827512032754,0.8821063412985761,0.9472984112709832,0.963385292755957,0.9410344665000707,0.972972972972973,0.0,0.071,0.0,0.07,0.0,70.0,926756.0,924503.0,104666.0,97.5051975051975,50.41580041580042,?
DatasetClassiRealeseNormalized,6,8,weka.classifiers.lazy.IBk,'-K 1 -W 0 -A \"weka.core.neighboursearch.LinearNNSearch -A \\\"weka.core.EuclideanDistance -R first-last\\\"\"',-3080186098777067172,2.026042509E7,4330.0,481.0,467.0,14.0,0.0,97.0893970893971,2.9106029106029108,0.0,0.8721473324473135,0.03056308368354652,0.17142580475119595,13.251609103812164,50.47347927021876,272.1308087156738,172.26917752781108,99.86163118786274,0.565760517080403,0.35814797822829747,0.20761253885210548,225.95424900510426,0.4697593534409652,83.03148403942183,0.875,56.0,0.014388489208633094,6.0,0.9856115107913669,411.0,0.125,8.0,0.9032258064516129,0.875,0.8888888888888888,0.872292842180695,0.9365632494004796,0.8003305403035157,0.9708939708939709,0.110282460102604,0.889717539897396,0.029106029106029108,0.9705709724956781,0.9708939708939709,0.9706977864872602,0.872292842180695,0.9365632494004796,0.9576708106919041,0.9360712387028176,0.9708939708939709,0.0,0.073,0.0,0.08,0.0,80.0,926756.0,924503.0,104666.0,97.0893970893971,50.311850311850314,?
DatasetClassiRealeseNormalized,6,9,weka.classifiers.lazy.IBk,'-K 1 -W 0 -A \"weka.core.neighboursearch.LinearNNSearch -A \\\"weka.core.EuclideanDistance -R first-last\\\"\"',-3080186098777067172,2.026042509E7,4330.0,481.0,468.0,13.0,0.0,97.29729729729729,2.7027027027027026,0.0,0.8804786207160199,0.027818408539551243,0.16341699242605384,12.061566812865092,48.115417580155075,272.1308087156738,151.9006028116406,120.23020590403323,0.565760517080403,0.31580166904706986,0.24995884803333313,230.55196671994568,0.4793180181287852,84.72100891774797,0.875,56.0,0.011990407673860911,5.0,0.988009592326139,412.0,0.125,8.0,0.9180327868852459,0.875,0.8959999999999999,0.8808137278691767,0.9343525179856115,0.8352980551601675,0.972972972972973,0.10996338064683389,0.8900366193531661,0.02702702702702703,0.9725805430723463,0.972972972972973,0.972697084180955,0.8808137278691767,0.9343525179856115,0.963622508320853,0.9402341696535244,0.972972972972973,0.001,0.073,0.0,0.07,0.0,70.0,926756.0,924503.0,104666.0,97.5051975051975,50.41580041580042,?
DatasetClassiRealeseNormalized,6,10,weka.classifiers.lazy.IBk,'-K 1 -W 0 -A \"weka.core.neighboursearch.LinearNNSearch -A \\\"weka.core.EuclideanDistance -R first-last\\\"\"',-3080186098777067172,2.026042509E7,4330.0,481.0,466.0,15.0,0.0,96.88149688149689,3.1185031185031185,0.0,0.8657149770142756,0.03481617738623292,0.1791764942203974,15.095674834006351,52.75554097511452,272.1308087156738,177.2682003589119,94.86260835676191,0.565760517080403,0.36854095708713497,0.197219559993268,221.22487432715258,0.45992697365312385,81.2935791324868,0.890625,57.0,0.019184652278177457,8.0,0.9808153477218226,409.0,0.109375,7.0,0.8769230769230769,0.890625,0.883720930232558,0.8657496701598532,0.94255845323741,0.8056631661614484,0.9688149688149689,0.09737462109314628,0.9026253789068538,0.031185031185031187,0.9690358627858626,0.9688149688149689,0.9689171225227509,0.8657496701598532,0.94255845323741,0.9610319180251329,0.9328568636757029,0.9688149688149689,0.001,0.071,0.0,0.07,0.0,70.0,926764.0,924503.0,104666.0,97.0893970893971,50.83160083160083,?
DatasetClassiRealeseNormalized,7,1,weka.classifiers.lazy.IBk,'-K 1 -W 0 -A \"weka.core.neighboursearch.LinearNNSearch -A \\\"weka.core.EuclideanDistance -R first-last\\\"\"',-3080186098777067172,2.026042509E7,4329.0,482.0,459.0,23.0,0.0,95.22821576763485,4.771784232365145,0.0,0.7886045536020745,0.05005237114595103,0.2158102845192804,21.718776391587507,63.5976342585929,272.3366817903761,261.65968064591306,10.67700114446302,0.565013862635635,0.5428624079790727,0.02215145465656228,197.6022894107864,0.40996325603897593,72.5580880664785,0.796875,51.0,0.023923444976076555,10.0,0.9760765550239234,408.0,0.203125,13.0,0.8360655737704918,0.796875,0.816,0.7889045079118663,0.9112963516746412,0.7091938826260471,0.9522821576763485,0.1793306026524251,0.8206693973475749,0.04771784232365145,0.9514540109976846,0.9522821576763485,0.951794855563084,0.7889045079118662,0.9112963516746412,0.9393644359132998,0.8942932061978546,0.9522821576763485,0.0,0.067,0.0,0.07,0.0,70.0,926607.0,924290.0,104879.0,95.64315352697095,51.14107883817427,?
DatasetClassiRealeseNormalized,7,2,weka.classifiers.lazy.IBk,'-K 1 -W 0 -A \"weka.core.neighboursearch.LinearNNSearch -A \\\"weka.core.EuclideanDistance -R first-last\\\"\"',-3080186098777067172,2.026042509E7,4330.0,481.0,462.0,19.0,0.0,96.04989604989605,3.95010395010395,0.0,0.8276408351092924,0.04079139930576077,0.19740776475448876,17.791006696421224,58.51153736906408,269.42867131105754,213.07859460788185,56.35007670317569,0.5601427677984564,0.44299084118062754,0.11715192661782887,207.8026231170789,0.4320220854824925,77.12713799385111,0.8571428571428571,54.0,0.023923444976076555,10.0,0.9760765550239234,408.0,0.14285714285714285,9.0,0.84375,0.8571428571428571,0.8503937007874015,0.8276748916302482,0.9362421204526468,0.7719016369988857,0.9604989604989606,0.1272795483321799,0.8727204516678201,0.0395010395010395,0.960778934025337,0.9604989604989606,0.9606308230854413,0.8276748916302481,0.9362421204526467,0.9542210661897036,0.9138196048847187,0.9604989604989606,0.0,0.071,0.0,0.07,0.0,70.0,926756.0,924503.0,104666.0,96.46569646569647,50.62370062370062,?
DatasetClassiRealeseNormalized,7,3,weka.classifiers.lazy.IBk,'-K 1 -W 0 -A \"weka.core.neighboursearch.LinearNNSearch -A \\\"weka.core.EuclideanDistance -R first-last\\\"\"',-3080186098777067172,2.026042509E7,4330.0,481.0,464.0,17.0,0.0,96.46569646569647,3.5343035343035343,0.0,0.845783905097788,0.03733038497979546,0.18637465198536018,16.185790497095127,54.874918902264554,272.1308087156738,199.97476900695753,72.15603970871629,0.565760517080403,0.4157479605134252,0.15001255656697773,214.8313895873225,0.44663490558694907,78.9441631402277,0.859375,55.0,0.019184652278177457,8.0,0.9808153477218226,409.0,0.140625,9.0,0.873015873015873,0.859375,0.8661417322834646,0.8458187081863575,0.9125449640287769,0.785387179778259,0.9646569646569647,0.12446661693514212,0.875533383064858,0.035343035343035345,0.9644377275956224,0.9646569646569647,0.964538982342745,0.8458187081863575,0.912544964028777,0.9522543872183284,0.9228912254231695,0.9646569646569647,0.001,0.071,0.0,0.07,0.0,70.0,926756.0,924503.0,104666.0,96.67359667359668,50.727650727650726,?
DatasetClassiRealeseNormalized,7,4,weka.classifiers.lazy.IBk,'-K 1 -W 0 -A \"weka.core.neighboursearch.LinearNNSearch -A \\\"weka.core.EuclideanDistance -R first-last\\\"\"',-3080186098777067172,2.026042509E7,4330.0,481.0,460.0,21.0,0.0,95.63409563409563,4.365904365904366,0.0,0.8094977651207969,0.046520572300918606,0.20806603106954352,20.170492146683475,61.26158498288766,272.1308087156738,249.4910331320827,22.63977558359113,0.565760517080403,0.5186923765739765,0.04706814050642647,201.4438717958421,0.418802228265784,74.02464746515106,0.828125,53.0,0.023980815347721823,10.0,0.9760191846522782,407.0,0.171875,11.0,0.8412698412698413,0.828125,0.8346456692913385,0.809531075074139,0.9015849820143885,0.724214152537823,0.9563409563409564,0.15219677168867818,0.8478032283113218,0.04365904365904366,0.9560656665919823,0.9563409563409564,0.9561952134822144,0.809531075074139,0.9015849820143885,0.9409334365660839,0.904747984346268,0.9563409563409564,0.0,0.072,0.0,0.08,0.0,80.0,926756.0,924503.0,104666.0,95.84199584199584,50.83160083160083,?
DatasetClassiRealeseNormalized,7,5,weka.classifiers.lazy.IBk,'-K 1 -W 0 -A \"weka.core.neighboursearch.LinearNNSearch -A \\\"weka.core.EuclideanDistance -R first-last\\\"\"',-3080186098777067172,2.026042509E7,4330.0,481.0,461.0,20.0,0.0,95.84199584199584,4.158004158004158,0.0,0.8197691846522782,0.043590229405601304,0.20486233769975762,18.899947623396944,60.31831071258328,272.1308087156738,247.7740614916013,24.356747224072535,0.565760517080403,0.515122788963828,0.050637728116574916,206.69710124622696,0.42972370321460907,75.95505346187652,0.84375,54.0,0.023980815347721823,10.0,0.9760191846522782,407.0,0.15625,10.0,0.84375,0.84375,0.84375,0.8197691846522782,0.9063249400479616,0.7278338453876766,0.9584199584199584,0.13865077376768026,0.8613492262323198,0.04158004158004158,0.9584199584199584,0.9584199584199584,0.9584199584199584,0.8197691846522782,0.9063249400479616,0.9423966337002064,0.9098845923261392,0.9584199584199584,0.001,0.071,0.0,0.07,0.0,70.0,926756.0,924503.0,104666.0,95.84199584199584,50.51975051975052,?
DatasetClassiRealeseNormalized,7,6,weka.classifiers.lazy.IBk,'-K 1 -W 0 -A \"weka.core.neighboursearch.LinearNNSearch -A \\\"weka.core.EuclideanDistance -R first-last\\\"\"',-3080186098777067172,2.026042509E7,4330.0,481.0,471.0,10.0,0.0,97.92099792099792,2.079002079002079,0.0,0.9086766660337954,0.02356858674681465,0.14682880895934824,10.218919724589588,43.23130263869374,272.1308087156738,124.12018770774874,148.01062100792507,0.565760517080403,0.2580461282905379,0.307714388789865,237.59709314819312,0.4939648506199441,87.30988390088459,0.90625,58.0,0.009592326139088728,4.0,0.9904076738609112,413.0,0.09375,6.0,0.9354838709677419,0.90625,0.9206349206349206,0.908828270349357,0.9546050659472423,0.8595285834375808,0.9792099792099792,0.08255230534906795,0.9174476946509321,0.02079002079002079,0.9790012627028564,0.9792099792099792,0.9790698474909001,0.908828270349357,0.9546050659472423,0.9699165586025769,0.9543365990734411,0.9792099792099792,0.0,0.069,0.0,0.06,0.0,60.0,926756.0,924503.0,104666.0,97.92099792099792,50.62370062370062,?
DatasetClassiRealeseNormalized,7,7,weka.classifiers.lazy.IBk,'-K 1 -W 0 -A \"weka.core.neighboursearch.LinearNNSearch -A \\\"weka.core.EuclideanDistance -R first-last\\\"\"',-3080186098777067172,2.026042509E7,4330.0,481.0,466.0,15.0,0.0,96.88149688149689,3.1185031185031185,0.0,0.8657149770142756,0.033456352084164455,0.1784312837108011,14.506078786072697,52.536126125275274,272.1308087156738,178.06430356978677,94.06650514588705,0.565760517080403,0.37019605731764404,0.19556445976275894,223.24640597958827,0.4641297421613062,82.03643205016134,0.890625,57.0,0.019184652278177457,8.0,0.9808153477218226,409.0,0.109375,7.0,0.8769230769230769,0.890625,0.883720930232558,0.8657496701598532,0.9417528477218226,0.803552211271317,0.9688149688149689,0.09737462109314628,0.9026253789068538,0.031185031185031187,0.9690358627858626,0.9688149688149689,0.9689171225227509,0.8657496701598532,0.9417528477218226,0.9593372451043315,0.9328568636757029,0.9688149688149689,0.0,0.072,0.0,0.07,0.0,70.0,926756.0,924503.0,104666.0,97.0893970893971,50.41580041580042,?
DatasetClassiRealeseNormalized,7,8,weka.classifiers.lazy.IBk,'-K 1 -W 0 -A \"weka.core.neighboursearch.LinearNNSearch -A \\\"weka.core.EuclideanDistance -R first-last\\\"\"',-3080186098777067172,2.026042509E7,4330.0,481.0,470.0,11.0,0.0,97.71309771309771,2.286902286902287,0.0,0.9028015063837607,0.025986054238455222,0.1534843256015841,11.267090601327403,45.1909089054518,272.1308087156738,132.17347980440968,139.95732891126414,0.565760517080403,0.274788939302307,0.2909715777780959,232.54900683884046,0.483469868687818,85.45486192333739,0.9375,60.0,0.016786570743405275,7.0,0.9832134292565947,410.0,0.0625,4.0,0.8955223880597015,0.9375,0.9160305343511451,0.9031188775356864,0.9621552757793765,0.8585419549204394,0.9771309771309772,0.056417547874382405,0.9435824521256176,0.02286902286902287,0.9777223437184501,0.9771309771309772,0.9773515563467887,0.9031188775356864,0.9621552757793764,0.9734850543049045,0.9513967352862825,0.9771309771309772,0.0,0.073,0.0,0.08,0.0,80.0,926756.0,924503.0,104666.0,97.92099792099792,50.62370062370062,?
DatasetClassiRealeseNormalized,7,9,weka.classifiers.lazy.IBk,'-K 1 -W 0 -A \"weka.core.neighboursearch.LinearNNSearch -A \\\"weka.core.EuclideanDistance -R first-last\\\"\"',-3080186098777067172,2.026042509E7,4330.0,481.0,459.0,22.0,0.0,95.42619542619542,4.573804573804574,0.0,0.801746103117506,0.048727600825597274,0.2159869690769268,21.127420432874366,63.59377354047738,272.1308087156738,275.9501550430394,-3.8193463273655652,0.565760517080403,0.5737009460354249,-0.007940428955021965,198.93339827140449,0.41358294858919853,73.1021229129749,0.828125,53.0,0.026378896882494004,11.0,0.973621103117506,406.0,0.171875,11.0,0.828125,0.828125,0.828125,0.801746103117506,0.8968824940047961,0.6939683361414428,0.9542619542619543,0.15251585114444827,0.8474841488555518,0.04573804573804574,0.9542619542619543,0.9542619542619543,0.9542619542619543,0.801746103117506,0.8968824940047961,0.9360770593748926,0.9008730515587531,0.9542619542619543,0.0,0.071,0.0,0.07,0.0,70.0,926764.0,924503.0,104666.0,95.42619542619542,50.51975051975052,?
DatasetClassiRealeseNormalized,7,10,weka.classifiers.lazy.IBk,'-K 1 -W 0 -A \"weka.core.neighboursearch.LinearNNSearch -A \\\"weka.core.EuclideanDistance -R first-last\\\"\"',-3080186098777067172,2.026042509E7,4330.0,481.0,466.0,15.0,0.0,96.88149688149689,3.1185031185031185,0.0,0.8639269750862836,0.03377605624728663,0.17807955437721093,14.644696820902643,52.432565268416774,272.1308087156738,183.24359687449086,88.88721184118296,0.565760517080403,0.3809638188658854,0.18479669821451758,220.87643913041737,0.4592025761547139,81.16553953330298,0.875,56.0,0.016786570743405275,7.0,0.9832134292565947,410.0,0.125,8.0,0.8888888888888888,0.875,0.8818897637795274,0.8639625247424667,0.9379496402877698,0.7971864443928728,0.9688149688149689,0.1106015395583741,0.889398460441626,0.031185031185031187,0.9686237580974424,0.9688149688149689,0.9687108667730102,0.8639625247424667,0.9379496402877698,0.957171934734323,0.93196284596162,0.9688149688149689,0.0,0.072,0.0,0.07,0.0,70.0,926756.0,924503.0,104666.0,96.88149688149689,50.62370062370062,?
DatasetClassiRealeseNormalized,8,1,weka.classifiers.lazy.IBk,'-K 1 -W 0 -A \"weka.core.neighboursearch.LinearNNSearch -A \\\"weka.core.EuclideanDistance -R first-last\\\"\"',-3080186098777067172,2.026042509E7,4329.0,482.0,467.0,15.0,0.0,96.88796680497926,3.112033195020747,0.0,0.863969896519285,0.03452445383962996,0.17993998672374079,14.980886535787329,53.0269328435557,272.3366817903761,187.81554383593962,84.52113795443645,0.565013862635635,0.38965880463887886,0.17535505799675613,221.3958122549511,0.4593274113173259,81.29489233674538,0.875,56.0,0.01674641148325359,7.0,0.9832535885167464,411.0,0.125,8.0,0.8888888888888888,0.875,0.8818897637795274,0.8640054255158649,0.9185481459330144,0.7950230760726157,0.9688796680497925,0.11062607953304612,0.8893739204669538,0.03112033195020747,0.9686887592689789,0.9688796680497925,0.9687757374592666,0.8640054255158649,0.9185481459330144,0.9558561497427549,0.9319843084130612,0.9688796680497925,0.0,0.07,0.0,0.07,0.0,70.0,926543.0,924290.0,104879.0,96.88796680497926,50.518672199170126,?
DatasetClassiRealeseNormalized,8,2,weka.classifiers.lazy.IBk,'-K 1 -W 0 -A \"weka.core.neighboursearch.LinearNNSearch -A \\\"weka.core.EuclideanDistance -R first-last\\\"\"',-3080186098777067172,2.026042509E7,4330.0,481.0,463.0,18.0,0.0,96.25779625779626,3.7422037422037424,0.0,0.8399275255139772,0.03470041750911986,0.18097294979755532,15.134449192238854,53.64026854788972,269.42867131105754,185.49992242223246,83.92874888882508,0.5601427677984564,0.38565472437054565,0.17448804342791077,216.08252190903838,0.44923601228490306,80.20027002232787,0.8888888888888888,56.0,0.02631578947368421,11.0,0.9736842105263158,407.0,0.1111111111111111,7.0,0.835820895522388,0.8888888888888888,0.8615384615384615,0.8404594285823407,0.9423748765854029,0.7870146277884372,0.9625779625779626,0.10000486316275789,0.8999951368372421,0.037422037422037424,0.9638026685398522,0.9625779625779626,0.9630637294098833,0.8404594285823407,0.9423748765854028,0.9578741639649854,0.9199519230769231,0.9625779625779626,0.0,0.073,0.0,0.07,0.0,70.0,926756.0,924503.0,104666.0,96.88149688149689,50.41580041580042,?
DatasetClassiRealeseNormalized,8,3,weka.classifiers.lazy.IBk,'-K 1 -W 0 -A \"weka.core.neighboursearch.LinearNNSearch -A \\\"weka.core.EuclideanDistance -R first-last\\\"\"',-3080186098777067172,2.026042509E7,4330.0,481.0,461.0,20.0,0.0,95.84199584199584,4.158004158004158,0.0,0.8221219629451574,0.043510936623088955,0.20279276732994247,18.86556768420341,59.70896011154202,272.1308087156738,236.51246771859266,35.61834099708116,0.565760517080403,0.49170991209686626,0.07405060498353672,207.5678299621693,0.4315339500253,76.27502043660155,0.859375,55.0,0.026378896882494004,11.0,0.973621103117506,406.0,0.140625,9.0,0.8333333333333334,0.859375,0.8461538461538461,0.8222520559623607,0.9255657973621103,0.7414436745295574,0.9584199584199584,0.12542385530245242,0.8745761446975476,0.04158004158004158,0.9590227855288096,0.9584199584199584,0.9586898288821365,0.8222520559623607,0.9255657973621103,0.949586158181593,0.9110576923076923,0.9584199584199584,0.0,0.068,0.0,0.07,0.0,70.0,926756.0,924503.0,104666.0,96.25779625779626,50.727650727650726,?
DatasetClassiRealeseNormalized,8,4,weka.classifiers.lazy.IBk,'-K 1 -W 0 -A \"weka.core.neighboursearch.LinearNNSearch -A \\\"weka.core.EuclideanDistance -R first-last\\\"\"',-3080186098777067172,2.026042509E7,4330.0,481.0,464.0,17.0,0.0,96.46569646569647,3.5343035343035343,0.0,0.8393674491700228,0.0381823480845925,0.1898009629180608,16.555186535549137,55.88373921427059,272.1308087156738,211.23019254411014,60.900616171563684,0.565760517080403,0.43914800944721444,0.12661250763318854,213.36041090369298,0.44357673784551555,78.40362210756334,0.8125,52.0,0.011990407673860911,5.0,0.988009592326139,412.0,0.1875,12.0,0.9122807017543859,0.8125,0.859504132231405,0.8412095581899439,0.9025404676258992,0.7699687808056158,0.9646569646569647,0.16414737233082555,0.8358526276691745,0.035343035343035345,0.9637922622033844,0.9646569646569647,0.9637817329958719,0.8412095581899439,0.9025404676258992,0.9470515175877033,0.9196450506579141,0.9646569646569647,0.0,0.071,0.0,0.07,0.0,70.0,926756.0,924503.0,104666.0,96.46569646569647,50.51975051975052,?
DatasetClassiRealeseNormalized,8,5,weka.classifiers.lazy.IBk,'-K 1 -W 0 -A \"weka.core.neighboursearch.LinearNNSearch -A \\\"weka.core.EuclideanDistance -R first-last\\\"\"',-3080186098777067172,2.026042509E7,4330.0,481.0,460.0,21.0,0.0,95.63409563409563,4.365904365904366,0.0,0.8120009678199858,0.04472628224856452,0.20484202266560525,19.392519915908366,60.31232928839425,272.1308087156738,239.91149372246798,32.21931499320584,0.565760517080403,0.4987764942255052,0.0669840228548978,204.9103523668718,0.426009048579775,75.29847624895903,0.84375,54.0,0.026378896882494004,11.0,0.973621103117506,406.0,0.15625,10.0,0.8307692307692308,0.84375,0.8372093023255814,0.8120335084003542,0.911814298561151,0.73485941060551,0.9563409563409564,0.13896985322345035,0.8610301467765497,0.04365904365904366,0.9566428114505038,0.9563409563409564,0.9564839715318512,0.8120335084003542,0.911814298561151,0.9454009179130511,0.9059996091459841,0.9563409563409564,0.001,0.071,0.0,0.07,0.0,70.0,926756.0,924503.0,104666.0,96.04989604989605,50.935550935550935,?
DatasetClassiRealeseNormalized,8,6,weka.classifiers.lazy.IBk,'-K 1 -W 0 -A \"weka.core.neighboursearch.LinearNNSearch -A \\\"weka.core.EuclideanDistance -R first-last\\\"\"',-3080186098777067172,2.026042509E7,4330.0,481.0,471.0,10.0,0.0,97.92099792099792,2.079002079002079,0.0,0.9086766660337954,0.023647973925743738,0.14731869880957385,10.253340592389293,43.37554256357518,272.1308087156738,123.24733490676938,148.88347380890445,0.565760517080403,0.25623146550263903,0.30952905157776395,236.8790590171819,0.4924720561687773,87.04602765674963,0.90625,58.0,0.009592326139088728,4.0,0.9904076738609112,413.0,0.09375,6.0,0.9354838709677419,0.90625,0.9206349206349206,0.908828270349357,0.9561975419664268,0.8626732276728777,0.9792099792099792,0.08255230534906795,0.9174476946509321,0.02079002079002079,0.9790012627028564,0.9792099792099792,0.9790698474909001,0.908828270349357,0.9561975419664268,0.9704567608732012,0.9543365990734411,0.9792099792099792,0.0,0.071,0.0,0.07,0.0,70.0,926756.0,924503.0,104666.0,97.92099792099792,50.51975051975052,?
DatasetClassiRealeseNormalized,8,7,weka.classifiers.lazy.IBk,'-K 1 -W 0 -A \"weka.core.neighboursearch.LinearNNSearch -A \\\"weka.core.EuclideanDistance -R first-last\\\"\"',-3080186098777067172,2.026042509E7,4330.0,481.0,464.0,17.0,0.0,96.46569646569647,3.5343035343035343,0.0,0.8415647827013624,0.03670806465330855,0.18659359347673937,15.915963479986873,54.93938258579549,272.1308087156738,196.63897415931217,75.49183455636165,0.565760517080403,0.4088128360900461,0.15694768099035686,217.50277813100567,0.45218872792308873,79.92581918876216,0.828125,53.0,0.014388489208633094,6.0,0.9856115107913669,411.0,0.171875,11.0,0.8983050847457628,0.828125,0.8617886178861789,0.8424799724685494,0.9206197541966427,0.7804581570349439,0.9646569646569647,0.15092045386559774,0.8490795461344023,0.035343035343035345,0.963870804942377,0.9646569646569647,0.9640439232578538,0.8424799724685494,0.9206197541966427,0.9505073203157907,0.9207632004806341,0.9646569646569647,0.0,0.073,0.0,0.07,0.0,70.0,926756.0,924503.0,104666.0,96.67359667359668,50.51975051975052,?
DatasetClassiRealeseNormalized,8,8,weka.classifiers.lazy.IBk,'-K 1 -W 0 -A \"weka.core.neighboursearch.LinearNNSearch -A \\\"weka.core.EuclideanDistance -R first-last\\\"\"',-3080186098777067172,2.026042509E7,4330.0,481.0,469.0,12.0,0.0,97.5051975051975,2.494802494802495,0.0,0.8932731777670944,0.028201836456511087,0.1578341661357628,12.227814333162796,46.471647160402846,272.1308087156738,130.7174317958121,141.41337691986172,0.565760517080403,0.27176181246530584,0.29399870461509714,229.90578566720222,0.4779746063767198,84.48355654850205,0.921875,59.0,0.016786570743405275,7.0,0.9832134292565947,410.0,0.078125,5.0,0.8939393939393939,0.921875,0.9076923076923077,0.8934145297904198,0.9696492805755396,0.8486257829611702,0.975051975051975,0.06996354579538033,0.9300364542046197,0.02494802494802495,0.9754428790573368,0.975051975051975,0.975213897329282,0.8934145297904198,0.9696492805755396,0.9725489619655285,0.9466346153846154,0.975051975051975,0.001,0.071,0.0,0.08,0.0,80.0,926756.0,924503.0,104666.0,97.92099792099792,51.03950103950104,?
DatasetClassiRealeseNormalized,8,9,weka.classifiers.lazy.IBk,'-K 1 -W 0 -A \"weka.core.neighboursearch.LinearNNSearch -A \\\"weka.core.EuclideanDistance -R first-last\\\"\"',-3080186098777067172,2.026042509E7,4330.0,481.0,463.0,18.0,0.0,96.25779625779626,3.7422037422037424,0.0,0.8419726947506754,0.03905308049601263,0.19048831981866823,16.932720611286758,56.0861200304167,272.1308087156738,209.40622838788858,62.72458032778525,0.565760517080403,0.4353559841744045,0.13040453290599843,213.47225458468418,0.4438092610908195,78.44472134271392,0.890625,57.0,0.026378896882494004,11.0,0.973621103117506,406.0,0.109375,7.0,0.8382352941176471,0.890625,0.8636363636363636,0.8424923426363251,0.9387177757793765,0.761025321785055,0.9625779625779626,0.09833185946045657,0.9016681405395435,0.037422037422037424,0.9637822499238252,0.9625779625779626,0.9630547895608137,0.842492342636325,0.9387177757793764,0.9530429356056649,0.920974808324206,0.9625779625779626,0.0,0.072,0.0,0.07,0.0,70.0,926756.0,924503.0,104666.0,96.46569646569647,50.83160083160083,?
DatasetClassiRealeseNormalized,8,10,weka.classifiers.lazy.IBk,'-K 1 -W 0 -A \"weka.core.neighboursearch.LinearNNSearch -A \\\"weka.core.EuclideanDistance -R first-last\\\"\"',-3080186098777067172,2.026042509E7,4330.0,481.0,460.0,21.0,0.0,95.63409563409563,4.365904365904366,0.0,0.8094977651207969,0.04426159650806978,0.2080185489273258,19.191040449604817,61.24760465522106,272.1308087156738,247.3952571571199,24.735551558553937,0.565760517080403,0.5143352539649062,0.05142526311549675,206.24588482568558,0.4287856233382237,75.7892448117384,0.828125,53.0,0.023980815347721823,10.0,0.9760191846522782,407.0,0.171875,11.0,0.8412698412698413,0.828125,0.8346456692913385,0.809531075074139,0.91314448441247,0.7311006313289768,0.9563409563409564,0.15219677168867818,0.8478032283113218,0.04365904365904366,0.9560656665919823,0.9563409563409564,0.9561952134822144,0.809531075074139,0.91314448441247,0.943530023213232,0.904747984346268,0.9563409563409564,0.0,0.074,0.0,0.07,0.0,70.0,926756.0,924503.0,104666.0,95.84199584199584,50.41580041580042,?
DatasetClassiRealeseNormalized,9,1,weka.classifiers.lazy.IBk,'-K 1 -W 0 -A \"weka.core.neighboursearch.LinearNNSearch -A \\\"weka.core.EuclideanDistance -R first-last\\\"\"',-3080186098777067172,2.026042509E7,4329.0,482.0,470.0,12.0,0.0,97.5103734439834,2.4896265560165975,0.0,0.891895933014354,0.026604192096004557,0.15759542023461579,11.544118410036697,46.44216061915679,272.3366817903761,139.68383172562295,132.65285006475312,0.565013862635635,0.28980048075855386,0.27521338187708116,232.20945235289113,0.4817623492798571,85.26558039347347,0.90625,58.0,0.014354066985645933,6.0,0.9856459330143541,412.0,0.09375,6.0,0.90625,0.90625,0.90625,0.8918959330143541,0.9569564892344498,0.8453146425988092,0.975103734439834,0.08320780142547995,0.91679219857452,0.024896265560165973,0.975103734439834,0.975103734439834,0.975103734439834,0.891895933014354,0.9569564892344499,0.9690686982242604,0.945947966507177,0.975103734439834,0.0,0.075,0.0,0.08,0.0,80.0,926543.0,924290.0,104879.0,97.71784232365145,50.62240663900415,?
DatasetClassiRealeseNormalized,9,2,weka.classifiers.lazy.IBk,'-K 1 -W 0 -A \"weka.core.neighboursearch.LinearNNSearch -A \\\"weka.core.EuclideanDistance -R first-last\\\"\"',-3080186098777067172,2.026042509E7,4330.0,481.0,470.0,11.0,0.0,97.71309771309771,2.286902286902287,0.0,0.8988587922696082,0.025737701810293053,0.1519865920229198,11.22539635929453,45.048730326315884,269.42867131105754,129.7819098033877,139.64676150766985,0.5601427677984564,0.2698168602981033,0.29032590750035314,232.254509432677,0.4828576079681434,86.20259614632376,0.9047619047619048,57.0,0.011961722488038277,5.0,0.9880382775119617,413.0,0.09523809523809523,6.0,0.9193548387096774,0.9047619047619048,0.912,0.8988967901974294,0.9447292473608263,0.8458963612370283,0.9771309771309772,0.08433079485711065,0.9156692051428894,0.02286902286902287,0.976993086585819,0.9771309771309772,0.977053162343485,0.8988967901974294,0.9447292473608264,0.968612257431628,0.9494289127837515,0.9771309771309772,0.0,0.08,0.0,0.08,0.0,80.0,926756.0,924503.0,104666.0,97.92099792099792,50.935550935550935,?
DatasetClassiRealeseNormalized,9,3,weka.classifiers.lazy.IBk,'-K 1 -W 0 -A \"weka.core.neighboursearch.LinearNNSearch -A \\\"weka.core.EuclideanDistance -R first-last\\\"\"',-3080186098777067172,2.026042509E7,4330.0,481.0,455.0,26.0,0.0,94.5945945945946,5.405405405405405,0.0,0.7593333846509122,0.05698244069967044,0.2343137163723558,24.70657207733586,68.98977970797894,272.1308087156738,321.71298175497486,-49.58217303930104,0.565760517080403,0.6688419579105507,-0.1030814408301477,185.48789432464346,0.3856297179306517,68.16129904587315,0.765625,49.0,0.026378896882494004,11.0,0.973621103117506,406.0,0.234375,15.0,0.8166666666666667,0.765625,0.7903225806451613,0.7598544045334518,0.8770983213429256,0.6505026647286822,0.9459459459459459,0.20669984282843995,0.7933001571715601,0.05405405405405406,0.9447176392544563,0.9459459459459459,0.9452031136533408,0.7598544045334518,0.8770983213429256,0.9242737010383,0.8796481638309339,0.9459459459459459,0.0,0.073,0.0,0.07,0.0,70.0,926764.0,924503.0,104666.0,94.5945945945946,50.51975051975052,?
DatasetClassiRealeseNormalized,9,4,weka.classifiers.lazy.IBk,'-K 1 -W 0 -A \"weka.core.neighboursearch.LinearNNSearch -A \\\"weka.core.EuclideanDistance -R first-last\\\"\"',-3080186098777067172,2.026042509E7,4330.0,481.0,464.0,17.0,0.0,96.46569646569647,3.5343035343035343,0.0,0.8415647827013624,0.03640618576816729,0.18763130223151225,15.785074168423712,55.24491868287593,272.1308087156738,197.50364444605003,74.62716426962379,0.565760517080403,0.41061048741382544,0.15515002966657754,216.861030179847,0.4508545325984345,79.68999585284976,0.828125,53.0,0.014388489208633094,6.0,0.9856115107913669,411.0,0.171875,11.0,0.8983050847457628,0.828125,0.8617886178861789,0.8424799724685494,0.927158273381295,0.7833785969838682,0.9646569646569647,0.15092045386559774,0.8490795461344023,0.035343035343035345,0.963870804942377,0.9646569646569647,0.9640439232578538,0.8424799724685494,0.927158273381295,0.9525612829889184,0.9207632004806341,0.9646569646569647,0.0,0.07,0.0,0.07,0.0,70.0,926756.0,924503.0,104666.0,96.67359667359668,50.311850311850314,?
DatasetClassiRealeseNormalized,9,5,weka.classifiers.lazy.IBk,'-K 1 -W 0 -A \"weka.core.neighboursearch.LinearNNSearch -A \\\"weka.core.EuclideanDistance -R first-last\\\"\"',-3080186098777067172,2.026042509E7,4330.0,481.0,468.0,13.0,0.0,97.29729729729729,2.7027027027027026,0.0,0.8804786207160199,0.028301873360204757,0.16483299424944714,12.27118855408337,48.53233578440889,272.1308087156738,158.0000237343879,114.13078498128593,0.565760517080403,0.32848237782617024,0.2372781392542327,230.19532210161935,0.4785765532258199,84.5899525996451,0.875,56.0,0.011990407673860911,5.0,0.988009592326139,412.0,0.125,8.0,0.9180327868852459,0.875,0.8959999999999999,0.8808137278691767,0.9411533273381295,0.8215821113419857,0.972972972972973,0.10996338064683389,0.8900366193531661,0.02702702702702703,0.9725805430723463,0.972972972972973,0.972697084180955,0.8808137278691767,0.9411533273381295,0.9611689628412581,0.9402341696535244,0.972972972972973,0.001,0.071,0.0,0.07,0.0,70.0,926756.0,924503.0,104666.0,97.29729729729729,50.41580041580042,?
DatasetClassiRealeseNormalized,9,6,weka.classifiers.lazy.IBk,'-K 1 -W 0 -A \"weka.core.neighboursearch.LinearNNSearch -A \\\"weka.core.EuclideanDistance -R first-last\\\"\"',-3080186098777067172,2.026042509E7,4330.0,481.0,464.0,17.0,0.0,96.46569646569647,3.5343035343035343,0.0,0.8478103072828457,0.038346847439532684,0.18961326245569338,16.626510527986134,55.828473932535076,272.1308087156738,203.61310186501962,68.5177068506542,0.565760517080403,0.4233120620894379,0.1424484549909651,214.0248625263562,0.4449581341504287,78.64778836929575,0.875,56.0,0.02158273381294964,9.0,0.9784172661870504,408.0,0.125,8.0,0.8615384615384616,0.875,0.8682170542635659,0.8478442829066868,0.9220061450839329,0.7840712779810957,0.9646569646569647,0.1112396984699143,0.8887603015300857,0.035343035343035345,0.9649048456740764,0.9646569646569647,0.9647727388591175,0.8478442829066868,0.9220061450839329,0.9534675143479326,0.9239044454991299,0.9646569646569647,0.0,0.072,0.0,0.08,0.0,80.0,926756.0,924503.0,104666.0,96.67359667359668,50.62370062370062,?
DatasetClassiRealeseNormalized,9,7,weka.classifiers.lazy.IBk,'-K 1 -W 0 -A \"weka.core.neighboursearch.LinearNNSearch -A \\\"weka.core.EuclideanDistance -R first-last\\\"\"',-3080186098777067172,2.026042509E7,4330.0,481.0,465.0,16.0,0.0,96.67359667359668,3.3264033264033266,0.0,0.8558153477218226,0.03504861823531464,0.17745933717859982,15.196457049036812,52.24995262172356,272.1308087156738,177.50930684136284,94.62150187431098,0.565760517080403,0.3690422179654113,0.19671829911499164,219.35840457800222,0.4560465791642458,80.60770686467589,0.875,56.0,0.019184652278177457,8.0,0.9808153477218226,409.0,0.125,8.0,0.875,0.875,0.875,0.8558153477218226,0.9368630095923262,0.797019430620646,0.9667359667359667,0.1109206190141442,0.8890793809858558,0.033264033264033266,0.9667359667359667,0.9667359667359667,0.9667359667359667,0.8558153477218226,0.936863009592326,0.9586272359127599,0.9279076738609113,0.9667359667359667,0.0,0.071,0.0,0.07,0.0,70.0,926756.0,924503.0,104666.0,97.0893970893971,51.143451143451145,?
DatasetClassiRealeseNormalized,9,8,weka.classifiers.lazy.IBk,'-K 1 -W 0 -A \"weka.core.neighboursearch.LinearNNSearch -A \\\"weka.core.EuclideanDistance -R first-last\\\"\"',-3080186098777067172,2.026042509E7,4330.0,481.0,460.0,21.0,0.0,95.63409563409563,4.365904365904366,0.0,0.8094977651207969,0.04494833100035445,0.2077432209864164,19.488796302518324,61.16653891871674,272.1308087156738,239.47933111073962,32.6514776049342,0.565760517080403,0.49787802725725494,0.06788248982314803,205.78218492519522,0.42782159028107114,75.6188488530159,0.828125,53.0,0.023980815347721823,10.0,0.9760191846522782,407.0,0.171875,11.0,0.8412698412698413,0.828125,0.8346456692913385,0.809531075074139,0.9159172661870504,0.7401493682706703,0.9563409563409564,0.15219677168867818,0.8478032283113218,0.04365904365904366,0.9560656665919823,0.9563409563409564,0.9561952134822144,0.809531075074139,0.9159172661870504,0.946996195719977,0.904747984346268,0.9563409563409564,0.0,0.071,0.0,0.07,0.0,70.0,926756.0,924503.0,104666.0,96.04989604989605,50.62370062370062,?
DatasetClassiRealeseNormalized,9,9,weka.classifiers.lazy.IBk,'-K 1 -W 0 -A \"weka.core.neighboursearch.LinearNNSearch -A \\\"weka.core.EuclideanDistance -R first-last\\\"\"',-3080186098777067172,2.026042509E7,4330.0,481.0,461.0,20.0,0.0,95.84199584199584,4.158004158004158,0.0,0.8197691846522782,0.04483225551718401,0.20696376647613687,19.438468039001553,60.93704149198001,272.1308087156738,246.53251686836998,25.59829184730384,0.565760517080403,0.5125416151109563,0.053218901969446654,205.59962856161573,0.42744205522165435,75.55176480456103,0.84375,54.0,0.023980815347721823,10.0,0.9760191846522782,407.0,0.15625,10.0,0.84375,0.84375,0.84375,0.8197691846522782,0.9169289568345323,0.7311288237132492,0.9584199584199584,0.13865077376768026,0.8613492262323198,0.04158004158004158,0.9584199584199584,0.9584199584199584,0.9584199584199584,0.8197691846522782,0.9169289568345323,0.9436656872143042,0.9098845923261392,0.9584199584199584,0.0,0.073,0.0,0.07,0.0,70.0,926756.0,924503.0,104666.0,95.84199584199584,50.41580041580042,?
DatasetClassiRealeseNormalized,9,10,weka.classifiers.lazy.IBk,'-K 1 -W 0 -A \"weka.core.neighboursearch.LinearNNSearch -A \\\"weka.core.EuclideanDistance -R first-last\\\"\"',-3080186098777067172,2.026042509E7,4330.0,481.0,460.0,21.0,0.0,95.63409563409563,4.365904365904366,0.0,0.8120009678199858,0.047718693800287086,0.2095835967392922,20.689976303874452,61.70840697380336,272.1308087156738,247.06911320872678,25.061695506947046,0.565760517080403,0.513657200018143,0.05210331706225997,199.46318974134562,0.4146843861566437,73.29680556299952,0.84375,54.0,0.026378896882494004,11.0,0.973621103117506,406.0,0.15625,10.0,0.8307692307692308,0.84375,0.8372093023255814,0.8120335084003542,0.9223995803357314,0.7443448580596862,0.9563409563409564,0.13896985322345035,0.8610301467765497,0.04365904365904366,0.9566428114505038,0.9563409563409564,0.9564839715318512,0.8120335084003542,0.9223995803357314,0.9463529097138166,0.9059996091459841,0.9563409563409564,0.0,0.073,0.0,0.07,0.0,70.0,926756.0,924503.0,104666.0,95.84199584199584,50.83160083160083,?
DatasetClassiRealeseNormalized,10,1,weka.classifiers.lazy.IBk,'-K 1 -W 0 -A \"weka.core.neighboursearch.LinearNNSearch -A \\\"weka.core.EuclideanDistance -R first-last\\\"\"',-3080186098777067172,2.026042509E7,4329.0,482.0,467.0,15.0,0.0,96.88796680497926,3.112033195020747,0.0,0.8602466463061043,0.03395995390567985,0.17891039723881763,14.73593814357674,52.72352072561844,272.3366817903761,183.63085371140494,88.70582807897114,0.565013862635635,0.38097687491992727,0.18403698771570776,221.64082409869192,0.45983573464458904,81.38485885984836,0.84375,54.0,0.011961722488038277,5.0,0.9880382775119617,413.0,0.15625,10.0,0.9152542372881356,0.84375,0.8780487804878049,0.8611815836664917,0.9268279007177034,0.7949021096994181,0.9688796680497925,0.1370913905378308,0.8629086094621692,0.03112033195020747,0.9682457977098202,0.9688796680497925,0.968339650882361,0.8611815836664917,0.9268279007177034,0.9540606530289084,0.9301064354282069,0.9688796680497925,0.001,0.071,0.0,0.08,0.0,80.0,926543.0,924290.0,104879.0,96.88796680497926,50.518672199170126,?
DatasetClassiRealeseNormalized,10,2,weka.classifiers.lazy.IBk,'-K 1 -W 0 -A \"weka.core.neighboursearch.LinearNNSearch -A \\\"weka.core.EuclideanDistance -R first-last\\\"\"',-3080186098777067172,2.026042509E7,4330.0,481.0,463.0,18.0,0.0,96.25779625779626,3.7422037422037424,0.0,0.8333654105238847,0.037816298560590336,0.19228560363659392,16.493428329886,56.99333203386458,269.42867131105754,214.85121102045213,54.577460290605416,0.5601427677984564,0.4466761143876344,0.11346665341082207,213.084341664607,0.4430027893235073,79.08747819143548,0.8412698412698413,53.0,0.019138755980861243,8.0,0.9808612440191388,410.0,0.15873015873015872,10.0,0.8688524590163934,0.8412698412698413,0.8548387096774194,0.8335082875637224,0.9157173236120605,0.7593069705721995,0.9625779625779626,0.14044687728898256,0.8595531227110176,0.037422037422037424,0.9621316506562407,0.9625779625779626,0.96232082832283,0.8335082875637224,0.9157173236120605,0.9498348470820903,0.9166794980368003,0.9625779625779626,0.0,0.071,0.0,0.07,0.0,70.0,926756.0,924503.0,104666.0,96.46569646569647,50.311850311850314,?
DatasetClassiRealeseNormalized,10,3,weka.classifiers.lazy.IBk,'-K 1 -W 0 -A \"weka.core.neighboursearch.LinearNNSearch -A \\\"weka.core.EuclideanDistance -R first-last\\\"\"',-3080186098777067172,2.026042509E7,4330.0,481.0,464.0,17.0,0.0,96.46569646569647,3.5343035343035343,0.0,0.845783905097788,0.036293092713957725,0.1823090801357151,15.736039033021191,53.67787883719105,272.1308087156738,185.92709101014495,86.20371770552887,0.565760517080403,0.3865428087529001,0.17921770832750286,215.4337050888882,0.44788712076691933,79.16549622059752,0.859375,55.0,0.019184652278177457,8.0,0.9808153477218226,409.0,0.140625,9.0,0.873015873015873,0.859375,0.8661417322834646,0.8458187081863575,0.93244154676259,0.7965330584633616,0.9646569646569647,0.12446661693514212,0.875533383064858,0.035343035343035345,0.9644377275956224,0.9646569646569647,0.964538982342745,0.8458187081863575,0.93244154676259,0.9556408207744694,0.9228912254231695,0.9646569646569647,0.0,0.077,0.0,0.08,0.0,80.0,926756.0,924503.0,104666.0,96.88149688149689,50.727650727650726,?
DatasetClassiRealeseNormalized,10,4,weka.classifiers.lazy.IBk,'-K 1 -W 0 -A \"weka.core.neighboursearch.LinearNNSearch -A \\\"weka.core.EuclideanDistance -R first-last\\\"\"',-3080186098777067172,2.026042509E7,4330.0,481.0,465.0,16.0,0.0,96.67359667359668,3.3264033264033266,0.0,0.8518974674774844,0.03697183592788418,0.18576777152960627,16.03033000987248,54.69623303786126,272.1308087156738,197.51485940097854,74.61594931469529,0.565760517080403,0.4106338033284377,0.15512671375196524,218.46190028317204,0.45418274487145954,80.27826812928932,0.84375,54.0,0.014388489208633094,6.0,0.9856115107913669,411.0,0.15625,10.0,0.9,0.84375,0.870967741935484,0.8524820006053738,0.9230927757793765,0.7847866968681593,0.9667359667359667,0.13737445594459982,0.8626255440554002,0.033264033264033266,0.9661018957931073,0.9667359667359667,0.9662788391712868,0.8524820006053738,0.9230927757793764,0.9530006477284836,0.9259373315882671,0.9667359667359667,0.0,0.071,0.01,0.07,10.0,70.0,926756.0,924503.0,104666.0,96.67359667359668,50.727650727650726,?
DatasetClassiRealeseNormalized,10,5,weka.classifiers.lazy.IBk,'-K 1 -W 0 -A \"weka.core.neighboursearch.LinearNNSearch -A \\\"weka.core.EuclideanDistance -R first-last\\\"\"',-3080186098777067172,2.026042509E7,4330.0,481.0,466.0,15.0,0.0,96.88149688149689,3.1185031185031185,0.0,0.8691536243448617,0.03445241720896197,0.17928926551956864,14.937954895578702,52.78874461000051,272.1308087156738,184.95163397288167,87.17917474279216,0.565760517080403,0.38451483154445254,0.18124568553595044,220.53491178372528,0.45849254009090495,81.0400383641028,0.921875,59.0,0.023980815347721823,10.0,0.9760191846522782,407.0,0.078125,5.0,0.855072463768116,0.921875,0.887218045112782,0.8699815047390957,0.9533872901678657,0.7924505442158186,0.9688149688149689,0.07092078416269064,0.9290792158373093,0.031185031185031187,0.9701953390218482,0.9688149688149689,0.9693071094886853,0.8699815047390959,0.9533872901678657,0.9608701956984658,0.9345619779243042,0.9688149688149689,0.0,0.073,0.0,0.07,0.0,70.0,926756.0,924503.0,104666.0,96.88149688149689,50.62370062370062,?
DatasetClassiRealeseNormalized,10,6,weka.classifiers.lazy.IBk,'-K 1 -W 0 -A \"weka.core.neighboursearch.LinearNNSearch -A \\\"weka.core.EuclideanDistance -R first-last\\\"\"',-3080186098777067172,2.026042509E7,4330.0,481.0,465.0,16.0,0.0,96.67359667359668,3.3264033264033266,0.0,0.8558153477218226,0.03584795055437029,0.18260061588467988,15.54303331554985,53.76371669341847,272.1308087156738,188.01907406883782,84.111734646836,0.565760517080403,0.3908920458811597,0.17486847119924323,218.00512817175087,0.45323311470218475,80.11041792755107,0.875,56.0,0.019184652278177457,8.0,0.9808153477218226,409.0,0.125,8.0,0.875,0.875,0.875,0.8558153477218226,0.9361698141486811,0.7934854233175397,0.9667359667359667,0.1109206190141442,0.8890793809858558,0.033264033264033266,0.9667359667359667,0.9667359667359667,0.9667359667359667,0.8558153477218226,0.9361698141486811,0.9576766936638949,0.9279076738609113,0.9667359667359667,0.0,0.07,0.0,0.07,0.0,70.0,926756.0,924503.0,104666.0,96.88149688149689,50.83160083160083,?
DatasetClassiRealeseNormalized,10,7,weka.classifiers.lazy.IBk,'-K 1 -W 0 -A \"weka.core.neighboursearch.LinearNNSearch -A \\\"weka.core.EuclideanDistance -R first-last\\\"\"',-3080186098777067172,2.026042509E7,4330.0,481.0,462.0,19.0,0.0,96.04989604989605,3.95010395010395,0.0,0.8342612575034913,0.03987125111127191,0.19782071416570565,17.28746482773761,58.24502168827041,272.1308087156738,227.98534279655917,44.145465919114656,0.565760517080403,0.47398200165604815,0.09177851542435479,212.15933305377484,0.4410796944984924,77.96226162523257,0.890625,57.0,0.02877697841726619,12.0,0.9712230215827338,405.0,0.109375,7.0,0.8260869565217391,0.890625,0.8571428571428571,0.8350559024539473,0.9302682853717026,0.7518962051450804,0.9604989604989606,0.09865093891622669,0.9013490610837733,0.0395010395010395,0.9621301741394609,0.9604989604989606,0.9611223386856679,0.8350559024539475,0.9302682853717027,0.9515849162661065,0.9171118387041185,0.9604989604989606,0.0,0.07,0.0,0.07,0.0,70.0,926756.0,924503.0,104666.0,96.25779625779626,50.20790020790021,?
DatasetClassiRealeseNormalized,10,8,weka.classifiers.lazy.IBk,'-K 1 -W 0 -A \"weka.core.neighboursearch.LinearNNSearch -A \\\"weka.core.EuclideanDistance -R first-last\\\"\"',-3080186098777067172,2.026042509E7,4330.0,481.0,460.0,21.0,0.0,95.63409563409563,4.365904365904366,0.0,0.8144392394599066,0.046224969236587386,0.20634830903332066,20.042323919322467,60.75583027627785,272.1308087156738,238.6875291296391,33.44327958603472,0.565760517080403,0.496231869292389,0.06952864778801397,202.96622044147642,0.42196719426502377,74.58406543506746,0.859375,55.0,0.02877697841726619,12.0,0.9712230215827338,405.0,0.140625,9.0,0.8208955223880597,0.859375,0.8396946564885497,0.81472554771014,0.9231864508393285,0.739185024916217,0.9563409563409564,0.12574293475822254,0.8742570652417775,0.04365904365904366,0.9573224449927891,0.9563409563409564,0.9567620621165968,0.8147255477101402,0.9231864508393286,0.9464428100366743,0.9072119491829029,0.9563409563409564,0.0,0.071,0.0,0.07,0.0,70.0,926756.0,924503.0,104666.0,96.04989604989605,51.143451143451145,?
DatasetClassiRealeseNormalized,10,9,weka.classifiers.lazy.IBk,'-K 1 -W 0 -A \"weka.core.neighboursearch.LinearNNSearch -A \\\"weka.core.EuclideanDistance -R first-last\\\"\"',-3080186098777067172,2.026042509E7,4330.0,481.0,465.0,16.0,0.0,96.67359667359668,3.3264033264033266,0.0,0.8538826656540726,0.03650335679720385,0.18364881312309575,15.827205797101646,54.072340950198665,272.1308087156738,186.97214439931128,85.15866431636255,0.565760517080403,0.38871547692164504,0.17704504015875788,217.71482002151055,0.4526295634542839,80.00373829373437,0.859375,55.0,0.016786570743405275,7.0,0.9832134292565947,410.0,0.140625,9.0,0.8870967741935484,0.859375,0.8730158730158729,0.854025128096364,0.9383992805755396,0.7986862561996303,0.9667359667359667,0.12414753747937202,0.875852462520628,0.033264033264033266,0.9663558273920888,0.9667359667359667,0.9665117559854401,0.854025128096364,0.9383992805755396,0.9575476980046426,0.9269385585175058,0.9667359667359667,0.0,0.07,0.0,0.07,0.0,70.0,926756.0,924503.0,104666.0,96.88149688149689,50.83160083160083,?
DatasetClassiRealeseNormalized,10,10,weka.classifiers.lazy.IBk,'-K 1 -W 0 -A \"weka.core.neighboursearch.LinearNNSearch -A \\\"weka.core.EuclideanDistance -R first-last\\\"\"',-3080186098777067172,2.026042509E7,4330.0,481.0,459.0,22.0,0.0,95.42619542619542,4.573804573804574,0.0,0.7935541769089702,0.04763130644645128,0.21531754028360886,20.65208670262744,63.39667135757405,272.1308087156738,271.4259972003918,0.7048115152820174,0.565760517080403,0.5642952124748271,0.0014653046055759197,201.33629458105133,0.4185785750125807,73.98511602977317,0.78125,50.0,0.019184652278177457,8.0,0.9808153477218226,409.0,0.21875,14.0,0.8620689655172413,0.78125,0.8196721311475409,0.7948149879074375,0.8833932853717026,0.7024469930630124,0.9542619542619543,0.19219660654013174,0.8078033934598683,0.04573804573804574,0.9529542522939441,0.9542619542619543,0.9533005983825656,0.7948149879074375,0.8833932853717027,0.9332808755239398,0.8967408274785325,0.9542619542619543,0.0,0.072,0.0,0.08,0.0,80.0,926756.0,924503.0,104666.0,95.42619542619542,50.311850311850314,?
