Key_Dataset,Key_Run,Key_Fold,Key_Scheme,Key_Scheme_options,Key_Scheme_version_ID,Date_time,Number_of_training_instances,Number_of_testing_instances,Number_correct,Number_incorrect,Number_unclassified,Percent_correct,Percent_incorrect,Percent_unclassified,Kappa_statistic,Mean_absolute_error,Root_mean_squared_error,Relative_absolute_error,Root_relative_squared_error,SF_prior_entropy,SF_scheme_entropy,SF_entropy_gain,SF_mean_prior_entropy,SF_mean_scheme_entropy,SF_mean_entropy_gain,KB_information,KB_mean_information,KB_relative_information,True_positive_rate,Num_true_positives,False_positive_rate,Num_false_positives,True_negative_rate,Num_true_negatives,False_negative_rate,Num_false_negatives,IR_precision,IR_recall,F_measure,Matthews_correlation,Area_under_ROC,Area_under_PRC,Weighted_avg_true_positive_rate,Weighted_avg_false_positive_rate,Weighted_avg_true_negative_rate,Weighted_avg_false_negative_rate,Weighted_avg_IR_precision,Weighted_avg_IR_recall,Weighted_avg_F_measure,Weighted_avg_matthews_correlation,Weighted_avg_area_under_ROC,Weighted_avg_area_under_PRC,Unweighted_macro_avg_F_measure,Unweighted_micro_avg_F_measure,Elapsed_Time_training,Elapsed_Time_testing,UserCPU_Time_training,UserCPU_Time_testing,UserCPU_Time_millis_training,UserCPU_Time_millis_testing,Serialized_Model_Size,Serialized_Train_Set_Size,Serialized_Test_Set_Size,Coverage_of_Test_Cases_By_Regions,Size_of_Predicted_Regions,Summary,measureOutOfBagError
DatasetClassiRealeseNormalizedShuffled,1,1,weka.classifiers.meta.FilteredClassifier,'-F \"weka.filters.MultiFilter -F \\\"weka.filters.supervised.attribute.AttributeSelection -E \\\\\\\"weka.attributeSelection.WrapperSubsetEval -B weka.classifiers.bayes.NaiveBayes -F 5 -T 0.01 -R 1 -E AUC --\\\\\\\" -S \\\\\\\"weka.attributeSelection.GreedyStepwise -B -T -1.7976931348623157E308 -N -1 -num-slots 1\\\\\\\"\\\" -S 1\" -S 1 -W weka.classifiers.trees.RandomForest -- -P 100 -I 100 -num-slots 1 -K 0 -M 1.0 -V 0.001 -S 1',-4523450618538717400,2.02604271136E7,4329.0,482.0,457.0,25.0,0.0,94.81327800829875,5.186721991701245,0.0,0.7702223408718202,0.09283380245813021,0.20618079267098116,40.282539088700894,60.75989692819462,272.3366817903761,97.18024559189521,175.15643619848086,0.565013862635635,0.20161876678816434,0.36339509584747065,143.81412169572192,0.29836954708656,52.80747373077675,0.78125,50.0,0.02631578947368421,11.0,0.9736842105263158,407.0,0.21875,14.0,0.819672131147541,0.78125,0.8,0.7705153033072856,0.9742822966507177,0.8467579919069097,0.9481327800829875,0.19319856955667178,0.8068014304433283,0.05186721991701245,0.9472173835347539,0.9481327800829875,0.9476031038729174,0.7705153033072856,0.9742822966507177,0.9762417949985553,0.8851013110846246,0.9481327800829875,13.939,0.01,13.77,0.01,13770.0,10.0,1.2057904E7,1043119.0,162156.0,99.79253112033194,64.6265560165975,?,?
DatasetClassiRealeseNormalizedShuffled,1,2,weka.classifiers.meta.FilteredClassifier,'-F \"weka.filters.MultiFilter -F \\\"weka.filters.supervised.attribute.AttributeSelection -E \\\\\\\"weka.attributeSelection.WrapperSubsetEval -B weka.classifiers.bayes.NaiveBayes -F 5 -T 0.01 -R 1 -E AUC --\\\\\\\" -S \\\\\\\"weka.attributeSelection.GreedyStepwise -B -T -1.7976931348623157E308 -N -1 -num-slots 1\\\\\\\"\\\" -S 1\" -S 1 -W weka.classifiers.trees.RandomForest -- -P 100 -I 100 -num-slots 1 -K 0 -M 1.0 -V 0.001 -S 1',-4523450618538717400,2.02604271136E7,4330.0,481.0,455.0,26.0,0.0,94.5945945945946,5.405405405405405,0.0,0.7525426411808935,0.0941579551404253,0.20740430473095084,41.06661793747439,61.47450553357142,269.42867131105754,99.00975164459332,170.4189196664642,0.5601427677984564,0.20584147951058904,0.3543012882878674,141.39990648224662,0.29397069954729027,52.481388040176064,0.746031746031746,47.0,0.023923444976076555,10.0,0.9760765550239234,408.0,0.25396825396825395,16.0,0.8245614035087719,0.746031746031746,0.7833333333333334,0.7537726874546731,0.9767980557454242,0.8451486401715989,0.9459459459459459,0.22383764489027647,0.7761623551097234,0.05405405405405406,0.9442282401567408,0.9459459459459459,0.9447871862361175,0.7537726874546731,0.9767980557454242,0.976753157428293,0.8762272367379256,0.9459459459459459,13.839,0.003,13.66,0.0,13660.0,0.0,1.3986709E7,1043348.0,161927.0,99.79209979209979,65.8004158004158,?,?
DatasetClassiRealeseNormalizedShuffled,1,3,weka.classifiers.meta.FilteredClassifier,'-F \"weka.filters.MultiFilter -F \\\"weka.filters.supervised.attribute.AttributeSelection -E \\\\\\\"weka.attributeSelection.WrapperSubsetEval -B weka.classifiers.bayes.NaiveBayes -F 5 -T 0.01 -R 1 -E AUC --\\\\\\\" -S \\\\\\\"weka.attributeSelection.GreedyStepwise -B -T -1.7976931348623157E308 -N -1 -num-slots 1\\\\\\\"\\\" -S 1\" -S 1 -W weka.classifiers.trees.RandomForest -- -P 100 -I 100 -num-slots 1 -K 0 -M 1.0 -V 0.001 -S 1',-4523450618538717400,2.02604271136E7,4330.0,481.0,455.0,26.0,0.0,94.5945945945946,5.405405405405405,0.0,0.7656999400479616,0.0875522419669428,0.19330162639136952,37.96109380588768,56.914451396188035,272.1308087156738,86.4093511660824,185.72145754959143,0.565760517080403,0.17964522071950603,0.386115296360897,152.11088757192326,0.31623885150087994,55.896239124784614,0.796875,51.0,0.03117505995203837,13.0,0.9688249400479616,404.0,0.203125,13.0,0.796875,0.796875,0.796875,0.7656999400479616,0.9804781175059952,0.9035438375332214,0.9459459459459459,0.1802460058979843,0.8197539941020157,0.05405405405405406,0.9459459459459459,0.9459459459459459,0.9459459459459459,0.7656999400479616,0.9804781175059951,0.9845224101260033,0.8828499700239808,0.9459459459459459,13.857,0.005,13.64,0.01,13640.0,10.0,1.2146774E7,1043348.0,161927.0,100.0,64.55301455301455,?,?
DatasetClassiRealeseNormalizedShuffled,1,4,weka.classifiers.meta.FilteredClassifier,'-F \"weka.filters.MultiFilter -F \\\"weka.filters.supervised.attribute.AttributeSelection -E \\\\\\\"weka.attributeSelection.WrapperSubsetEval -B weka.classifiers.bayes.NaiveBayes -F 5 -T 0.01 -R 1 -E AUC --\\\\\\\" -S \\\\\\\"weka.attributeSelection.GreedyStepwise -B -T -1.7976931348623157E308 -N -1 -num-slots 1\\\\\\\"\\\" -S 1\" -S 1 -W weka.classifiers.trees.RandomForest -- -P 100 -I 100 -num-slots 1 -K 0 -M 1.0 -V 0.001 -S 1',-4523450618538717400,2.02604271137E7,4330.0,481.0,447.0,34.0,0.0,92.93139293139293,7.0686070686070686,0.0,0.6895006645149041,0.09847807949506145,0.2257644943264001,42.69834249301324,66.47260335673285,272.1308087156738,115.07788096048321,157.0529277551906,0.565760517080403,0.23924715376399835,0.32651336331640457,133.4193788561975,0.27737916602120066,49.02766411707393,0.71875,46.0,0.03836930455635491,16.0,0.9616306954436451,401.0,0.28125,18.0,0.7419354838709677,0.71875,0.7301587301587302,0.689615701337385,0.9626049160671463,0.8200386038302508,0.9293139293139293,0.24893323387028424,0.7510667661297158,0.07068607068607069,0.9284195214597863,0.9293139293139293,0.9288374814690605,0.6896157013373851,0.9626049160671463,0.9709672267432037,0.8447444368497001,0.9293139293139293,13.769,0.004,13.67,0.0,13670.0,0.0,1.1932229E7,1043348.0,161927.0,99.58419958419958,65.17671517671518,?,?
DatasetClassiRealeseNormalizedShuffled,1,5,weka.classifiers.meta.FilteredClassifier,'-F \"weka.filters.MultiFilter -F \\\"weka.filters.supervised.attribute.AttributeSelection -E \\\\\\\"weka.attributeSelection.WrapperSubsetEval -B weka.classifiers.bayes.NaiveBayes -F 5 -T 0.01 -R 1 -E AUC --\\\\\\\" -S \\\\\\\"weka.attributeSelection.GreedyStepwise -B -T -1.7976931348623157E308 -N -1 -num-slots 1\\\\\\\"\\\" -S 1\" -S 1 -W weka.classifiers.trees.RandomForest -- -P 100 -I 100 -num-slots 1 -K 0 -M 1.0 -V 0.001 -S 1',-4523450618538717400,2.02604271137E7,4330.0,481.0,453.0,28.0,0.0,94.17879417879418,5.8212058212058215,0.0,0.7178176332551124,0.08439178815698405,0.20168099868315553,36.59077728567432,59.38161831006514,272.1308087156738,97.60464122603948,174.52616748963436,0.565760517080403,0.2029202520291881,0.36284026505121486,164.2084725176979,0.34138975575404973,60.34174274227997,0.65625,42.0,0.014388489208633094,6.0,0.9856115107913669,411.0,0.34375,22.0,0.875,0.65625,0.75,0.7273354939100073,0.9751573741007195,0.8512584567593148,0.9417879417879418,0.29992643099657484,0.7000735690034251,0.058212058212058215,0.9393200270798423,0.9417879417879418,0.9381778158248745,0.7273354939100072,0.9751573741007195,0.9766839093503056,0.8585294117647058,0.9417879417879418,13.913,0.005,13.81,0.0,13810.0,0.0,1.4438875E7,1043348.0,161927.0,99.37629937629937,63.92931392931393,?,?
DatasetClassiRealeseNormalizedShuffled,1,6,weka.classifiers.meta.FilteredClassifier,'-F \"weka.filters.MultiFilter -F \\\"weka.filters.supervised.attribute.AttributeSelection -E \\\\\\\"weka.attributeSelection.WrapperSubsetEval -B weka.classifiers.bayes.NaiveBayes -F 5 -T 0.01 -R 1 -E AUC --\\\\\\\" -S \\\\\\\"weka.attributeSelection.GreedyStepwise -B -T -1.7976931348623157E308 -N -1 -num-slots 1\\\\\\\"\\\" -S 1\" -S 1 -W weka.classifiers.trees.RandomForest -- -P 100 -I 100 -num-slots 1 -K 0 -M 1.0 -V 0.001 -S 1',-4523450618538717400,2.02604271137E7,4330.0,481.0,459.0,22.0,0.0,95.42619542619542,4.573804573804574,0.0,0.787706134895478,0.0856403262877683,0.18892857612286829,37.13212119689961,55.626879420690095,272.1308087156738,84.67936969447952,187.4514390211943,0.565760517080403,0.17604858564340856,0.38971193143699434,157.94483787668,0.32836764631326404,58.04004280959714,0.75,48.0,0.014388489208633094,6.0,0.9856115107913669,411.0,0.25,16.0,0.8888888888888888,0.75,0.8135593220338982,0.7913993941881375,0.9840752398081535,0.8853897442897642,0.9542619542619543,0.21865044347058735,0.7813495565294126,0.04573804573804574,0.9527309691244117,0.9542619542619543,0.9525948614630435,0.7913993941881375,0.9840752398081535,0.982687660497753,0.8937464856614988,0.9542619542619543,13.827,0.004,13.7,0.01,13700.0,10.0,1.3367414E7,1043348.0,161927.0,100.0,65.07276507276508,?,?
DatasetClassiRealeseNormalizedShuffled,1,7,weka.classifiers.meta.FilteredClassifier,'-F \"weka.filters.MultiFilter -F \\\"weka.filters.supervised.attribute.AttributeSelection -E \\\\\\\"weka.attributeSelection.WrapperSubsetEval -B weka.classifiers.bayes.NaiveBayes -F 5 -T 0.01 -R 1 -E AUC --\\\\\\\" -S \\\\\\\"weka.attributeSelection.GreedyStepwise -B -T -1.7976931348623157E308 -N -1 -num-slots 1\\\\\\\"\\\" -S 1\" -S 1 -W weka.classifiers.trees.RandomForest -- -P 100 -I 100 -num-slots 1 -K 0 -M 1.0 -V 0.001 -S 1',-4523450618538717400,2.02604271137E7,4330.0,481.0,456.0,25.0,0.0,94.8024948024948,5.197505197505198,0.0,0.757036348574546,0.09584951689296149,0.21402956423181044,41.55864453358647,63.017448214096106,272.1308087156738,108.17529863911683,163.955510076557,0.565760517080403,0.22489667076739467,0.3408638463130083,141.71258511463446,0.29462075907408414,52.07517141607359,0.71875,46.0,0.016786570743405275,7.0,0.9832134292565947,410.0,0.28125,18.0,0.8679245283018868,0.71875,0.7863247863247864,0.7613996662454237,0.9670451139088729,0.8400026781604955,0.9480249480249481,0.24606151876835328,0.7539384812316468,0.05197505197505198,0.9459662923778601,0.9480249480249481,0.9459199755057743,0.7613996662454237,0.9670451139088729,0.9741364548921363,0.8783694937541092,0.9480249480249481,13.939,0.004,13.83,0.01,13830.0,10.0,1.4329909E7,1043348.0,161927.0,99.37629937629937,64.65696465696466,?,?
DatasetClassiRealeseNormalizedShuffled,1,8,weka.classifiers.meta.FilteredClassifier,'-F \"weka.filters.MultiFilter -F \\\"weka.filters.supervised.attribute.AttributeSelection -E \\\\\\\"weka.attributeSelection.WrapperSubsetEval -B weka.classifiers.bayes.NaiveBayes -F 5 -T 0.01 -R 1 -E AUC --\\\\\\\" -S \\\\\\\"weka.attributeSelection.GreedyStepwise -B -T -1.7976931348623157E308 -N -1 -num-slots 1\\\\\\\"\\\" -S 1\" -S 1 -W weka.classifiers.trees.RandomForest -- -P 100 -I 100 -num-slots 1 -K 0 -M 1.0 -V 0.001 -S 1',-4523450618538717400,2.02604271137E7,4330.0,481.0,456.0,25.0,0.0,94.8024948024948,5.197505197505198,0.0,0.7535204050259293,0.08872210793577649,0.20490574445604479,38.46832686794883,60.331091110591785,272.1308087156738,97.66744811371159,174.46336060196222,0.565760517080403,0.20305082767923407,0.3627096894011689,151.35708577466602,0.31467169599722666,55.619239324278816,0.703125,45.0,0.014388489208633094,6.0,0.9856115107913669,411.0,0.296875,19.0,0.8823529411764706,0.703125,0.7826086956521738,0.759786905975813,0.9741082134292566,0.8531075531131735,0.9480249480249481,0.2592884372335811,0.7407115627664189,0.05197505197505198,0.9460395152597614,0.9480249480249481,0.9454860917311511,0.759786905975813,0.9741082134292566,0.9769217313092283,0.876546378522663,0.9480249480249481,14.071,0.005,13.95,0.01,13950.0,10.0,1.2383625E7,1043348.0,161927.0,99.79209979209979,63.72141372141372,?,?
DatasetClassiRealeseNormalizedShuffled,1,9,weka.classifiers.meta.FilteredClassifier,'-F \"weka.filters.MultiFilter -F \\\"weka.filters.supervised.attribute.AttributeSelection -E \\\\\\\"weka.attributeSelection.WrapperSubsetEval -B weka.classifiers.bayes.NaiveBayes -F 5 -T 0.01 -R 1 -E AUC --\\\\\\\" -S \\\\\\\"weka.attributeSelection.GreedyStepwise -B -T -1.7976931348623157E308 -N -1 -num-slots 1\\\\\\\"\\\" -S 1\" -S 1 -W weka.classifiers.trees.RandomForest -- -P 100 -I 100 -num-slots 1 -K 0 -M 1.0 -V 0.001 -S 1',-4523450618538717400,2.02604271138E7,4330.0,481.0,453.0,28.0,0.0,94.17879417879418,5.8212058212058215,0.0,0.7259259259259259,0.09152807654629695,0.2019554319168031,39.68494491504078,59.462420614885424,272.1308087156738,97.66858627239355,174.46222244328027,0.565760517080403,0.2030531939135001,0.36270732316690285,149.70115548759057,0.31122901348771426,55.01073406355855,0.6875,44.0,0.019184652278177457,8.0,0.9808153477218226,409.0,0.3125,20.0,0.8461538461538461,0.6875,0.7586206896551724,0.7309861211068108,0.9737335131894485,0.8842835425131129,0.9417879417879418,0.27347259406611923,0.7265274059338808,0.058212058212058215,0.9391128621897853,0.9417879417879418,0.9391898247364133,0.7309861211068108,0.9737335131894485,0.9809612413038655,0.8627618814706122,0.9417879417879418,14.252,0.005,14.13,0.0,14130.0,0.0,1.584168E7,1043348.0,161927.0,99.37629937629937,63.82536382536382,?,?
DatasetClassiRealeseNormalizedShuffled,1,10,weka.classifiers.meta.FilteredClassifier,'-F \"weka.filters.MultiFilter -F \\\"weka.filters.supervised.attribute.AttributeSelection -E \\\\\\\"weka.attributeSelection.WrapperSubsetEval -B weka.classifiers.bayes.NaiveBayes -F 5 -T 0.01 -R 1 -E AUC --\\\\\\\" -S \\\\\\\"weka.attributeSelection.GreedyStepwise -B -T -1.7976931348623157E308 -N -1 -num-slots 1\\\\\\\"\\\" -S 1\" -S 1 -W weka.classifiers.trees.RandomForest -- -P 100 -I 100 -num-slots 1 -K 0 -M 1.0 -V 0.001 -S 1',-4523450618538717400,2.02604271138E7,4330.0,481.0,465.0,16.0,0.0,96.67359667359668,3.3264033264033266,0.0,0.8518974674774844,0.0731229301361016,0.1611769653610572,31.70480101818519,47.45587883805068,272.1308087156738,67.08013102108956,205.05067769458427,0.565760517080403,0.13945973185257704,0.42630078522782594,184.1754106107408,0.38290106156079173,67.67900021315482,0.84375,54.0,0.014388489208633094,6.0,0.9856115107913669,411.0,0.15625,10.0,0.9,0.84375,0.870967741935484,0.8524820006053738,0.99126948441247,0.9494276824200241,0.9667359667359667,0.13737445594459982,0.8626255440554002,0.033264033264033266,0.9661018957931073,0.9667359667359667,0.9662788391712868,0.8524820006053738,0.99126948441247,0.9921050575574542,0.9259373315882671,0.9667359667359667,12.701,0.007,12.48,0.0,12480.0,0.0,2.7694521E7,1043348.0,161927.0,100.0,65.38461538461539,?,?
DatasetClassiRealeseNormalizedShuffled,2,1,weka.classifiers.meta.FilteredClassifier,'-F \"weka.filters.MultiFilter -F \\\"weka.filters.supervised.attribute.AttributeSelection -E \\\\\\\"weka.attributeSelection.WrapperSubsetEval -B weka.classifiers.bayes.NaiveBayes -F 5 -T 0.01 -R 1 -E AUC --\\\\\\\" -S \\\\\\\"weka.attributeSelection.GreedyStepwise -B -T -1.7976931348623157E308 -N -1 -num-slots 1\\\\\\\"\\\" -S 1\" -S 1 -W weka.classifiers.trees.RandomForest -- -P 100 -I 100 -num-slots 1 -K 0 -M 1.0 -V 0.001 -S 1',-4523450618538717400,2.02604271138E7,4329.0,482.0,457.0,25.0,0.0,94.81327800829875,5.186721991701245,0.0,0.7571054222938922,0.09526697301721619,0.20903382171157545,41.33834296143425,61.600662686216914,272.3366817903761,104.14783104016878,168.18885075020728,0.565013862635635,0.21607433825761158,0.3489395243780234,137.44077346175303,0.2851468329082013,50.46722775580574,0.71875,46.0,0.01674641148325359,7.0,0.9832535885167464,411.0,0.28125,18.0,0.8679245283018868,0.71875,0.7863247863247864,0.7614666357812057,0.9677781100478469,0.8567554891065379,0.9481327800829875,0.24612919156624113,0.7538708084337588,0.05186721991701245,0.9460761582424465,0.9481327800829875,0.9460313775666472,0.7614666357812057,0.967778110047847,0.9764660739787252,0.8784044238589694,0.9481327800829875,14.887,0.004,14.4,0.01,14400.0,10.0,1.4464629E7,1043119.0,162156.0,99.5850622406639,65.24896265560166,?,?
DatasetClassiRealeseNormalizedShuffled,2,2,weka.classifiers.meta.FilteredClassifier,'-F \"weka.filters.MultiFilter -F \\\"weka.filters.supervised.attribute.AttributeSelection -E \\\\\\\"weka.attributeSelection.WrapperSubsetEval -B weka.classifiers.bayes.NaiveBayes -F 5 -T 0.01 -R 1 -E AUC --\\\\\\\" -S \\\\\\\"weka.attributeSelection.GreedyStepwise -B -T -1.7976931348623157E308 -N -1 -num-slots 1\\\\\\\"\\\" -S 1\" -S 1 -W weka.classifiers.trees.RandomForest -- -P 100 -I 100 -num-slots 1 -K 0 -M 1.0 -V 0.001 -S 1',-4523450618538717400,2.02604271138E7,4330.0,481.0,456.0,25.0,0.0,94.8024948024948,5.197505197505198,0.0,0.753399093575047,0.090782527190795,0.19677844488468602,39.5944384516709,58.32500735528851,269.42867131105754,91.36371109309944,178.06496021795812,0.5601427677984564,0.18994534530789906,0.3701974224905574,151.7518809936184,0.31549247607820874,56.32358288194936,0.7142857142857143,45.0,0.01674641148325359,7.0,0.9832535885167464,411.0,0.2857142857142857,18.0,0.8653846153846154,0.7142857142857143,0.7826086956521738,0.7578736028764896,0.979684058631427,0.8851555436766734,0.9480249480249481,0.2504856452224873,0.7495143547775126,0.05197505197505198,0.9459059651367343,0.9480249480249481,0.9458766850071197,0.7578736028764897,0.979684058631427,0.9822896950463849,0.876546378522663,0.9480249480249481,13.624,0.007,13.23,0.01,13230.0,10.0,3.0916958E7,1043348.0,161927.0,100.0,66.00831600831602,?,?
DatasetClassiRealeseNormalizedShuffled,2,3,weka.classifiers.meta.FilteredClassifier,'-F \"weka.filters.MultiFilter -F \\\"weka.filters.supervised.attribute.AttributeSelection -E \\\\\\\"weka.attributeSelection.WrapperSubsetEval -B weka.classifiers.bayes.NaiveBayes -F 5 -T 0.01 -R 1 -E AUC --\\\\\\\" -S \\\\\\\"weka.attributeSelection.GreedyStepwise -B -T -1.7976931348623157E308 -N -1 -num-slots 1\\\\\\\"\\\" -S 1\" -S 1 -W weka.classifiers.trees.RandomForest -- -P 100 -I 100 -num-slots 1 -K 0 -M 1.0 -V 0.001 -S 1',-4523450618538717400,2.02604271139E7,4330.0,481.0,456.0,25.0,0.0,94.8024948024948,5.197505197505198,0.0,0.7670070333843563,0.09040067582240614,0.20030763316546044,39.19612402736318,58.97725365744808,272.1308087156738,94.62043802267468,177.51037069299915,0.565760517080403,0.19671608736522803,0.3690444297151749,152.38684328546327,0.31681256400304214,55.99764466384959,0.765625,49.0,0.023980815347721823,10.0,0.9760191846522782,407.0,0.234375,15.0,0.8305084745762712,0.765625,0.7967479674796748,0.7678411426564442,0.9752323141486811,0.8838953664301308,0.9480249480249481,0.20638076337266986,0.7936192366273301,0.05197505197505198,0.9466325727471202,0.9480249480249481,0.9471234165556676,0.7678411426564441,0.9752323141486811,0.9810963282839447,0.883475294824462,0.9480249480249481,14.885,0.005,14.51,0.0,14510.0,0.0,1.4589538E7,1043348.0,161927.0,99.58419958419958,65.17671517671518,?,?
DatasetClassiRealeseNormalizedShuffled,2,4,weka.classifiers.meta.FilteredClassifier,'-F \"weka.filters.MultiFilter -F \\\"weka.filters.supervised.attribute.AttributeSelection -E \\\\\\\"weka.attributeSelection.WrapperSubsetEval -B weka.classifiers.bayes.NaiveBayes -F 5 -T 0.01 -R 1 -E AUC --\\\\\\\" -S \\\\\\\"weka.attributeSelection.GreedyStepwise -B -T -1.7976931348623157E308 -N -1 -num-slots 1\\\\\\\"\\\" -S 1\" -S 1 -W weka.classifiers.trees.RandomForest -- -P 100 -I 100 -num-slots 1 -K 0 -M 1.0 -V 0.001 -S 1',-4523450618538717400,2.02604271139E7,4330.0,481.0,454.0,27.0,0.0,94.38669438669439,5.613305613305613,0.0,0.7338020374280037,0.08277518345048682,0.19770540819708005,35.88984625830495,58.21107176208744,272.1308087156738,85.74491498767878,186.38589372799504,0.565760517080403,0.1782638565232407,0.38749666055716225,164.2292591432839,0.34143297119185845,60.34938121059016,0.6875,44.0,0.016786570743405275,7.0,0.9832134292565947,410.0,0.3125,20.0,0.8627450980392157,0.6875,0.7652173913043478,0.7399045545382217,0.9825389688249401,0.8888024410271294,0.9438669438669439,0.27315351461034915,0.7268464853896509,0.056133056133056136,0.9414144229465707,0.9438669438669439,0.9411249790696431,0.7399045545382217,0.9825389688249401,0.9829400281381221,0.8666700888044762,0.9438669438669439,14.352,0.004,14.18,0.01,14180.0,10.0,1.3055921E7,1043348.0,161927.0,100.0,64.03326403326403,?,?
DatasetClassiRealeseNormalizedShuffled,2,5,weka.classifiers.meta.FilteredClassifier,'-F \"weka.filters.MultiFilter -F \\\"weka.filters.supervised.attribute.AttributeSelection -E \\\\\\\"weka.attributeSelection.WrapperSubsetEval -B weka.classifiers.bayes.NaiveBayes -F 5 -T 0.01 -R 1 -E AUC --\\\\\\\" -S \\\\\\\"weka.attributeSelection.GreedyStepwise -B -T -1.7976931348623157E308 -N -1 -num-slots 1\\\\\\\"\\\" -S 1\" -S 1 -W weka.classifiers.trees.RandomForest -- -P 100 -I 100 -num-slots 1 -K 0 -M 1.0 -V 0.001 -S 1',-4523450618538717400,2.02604271139E7,4330.0,481.0,451.0,30.0,0.0,93.76299376299376,6.237006237006237,0.0,0.7184829685122321,0.09973291944103437,0.22047923108005787,43.242418759140605,64.91644543004799,272.1308087156738,106.24509944759234,165.88570926808148,0.565760517080403,0.2208837826353271,0.3448767344450758,136.38587938316118,0.2835465267841189,50.117765065571504,0.71875,46.0,0.02877697841726619,12.0,0.9712230215827338,405.0,0.28125,18.0,0.7931034482758621,0.71875,0.7540983606557378,0.7196245052280241,0.9669889088729017,0.8174365582042341,0.9376299376299376,0.24765691604720383,0.7523430839527963,0.062370062370062374,0.9355799165043479,0.9376299376299376,0.9363189977944077,0.7196245052280242,0.9669889088729017,0.9713151542116706,0.859192037470726,0.9376299376299376,14.22,0.005,14.06,0.0,14060.0,0.0,1.2657153E7,1043348.0,161927.0,100.0,65.5925155925156,?,?
DatasetClassiRealeseNormalizedShuffled,2,6,weka.classifiers.meta.FilteredClassifier,'-F \"weka.filters.MultiFilter -F \\\"weka.filters.supervised.attribute.AttributeSelection -E \\\\\\\"weka.attributeSelection.WrapperSubsetEval -B weka.classifiers.bayes.NaiveBayes -F 5 -T 0.01 -R 1 -E AUC --\\\\\\\" -S \\\\\\\"weka.attributeSelection.GreedyStepwise -B -T -1.7976931348623157E308 -N -1 -num-slots 1\\\\\\\"\\\" -S 1\" -S 1 -W weka.classifiers.trees.RandomForest -- -P 100 -I 100 -num-slots 1 -K 0 -M 1.0 -V 0.001 -S 1',-4523450618538717400,2.02604271139E7,4330.0,481.0,458.0,23.0,0.0,95.21829521829522,4.781704781704781,0.0,0.782673607700619,0.08819201433647936,0.19084115221834255,38.2384877182396,56.19000566675174,272.1308087156738,84.61052719517643,187.5202815204974,0.565760517080403,0.17590546194423373,0.38985505513616925,152.55591029303525,0.31716405466327496,56.05977177410583,0.765625,49.0,0.019184652278177457,8.0,0.9808153477218226,409.0,0.234375,15.0,0.8596491228070176,0.765625,0.8099173553719009,0.7843912941725273,0.9829886091127098,0.9074430154239648,0.9521829521829522,0.20574260446112966,0.7942573955388704,0.04781704781704782,0.950655271037595,0.9521829521829522,0.9509988152297092,0.7843912941725274,0.9829886091127098,0.9854067032853142,0.8912844803018839,0.9521829521829522,14.163,0.004,14.02,0.0,14020.0,0.0,1.2583048E7,1043348.0,161927.0,100.0,65.28066528066527,?,?
DatasetClassiRealeseNormalizedShuffled,2,7,weka.classifiers.meta.FilteredClassifier,'-F \"weka.filters.MultiFilter -F \\\"weka.filters.supervised.attribute.AttributeSelection -E \\\\\\\"weka.attributeSelection.WrapperSubsetEval -B weka.classifiers.bayes.NaiveBayes -F 5 -T 0.01 -R 1 -E AUC --\\\\\\\" -S \\\\\\\"weka.attributeSelection.GreedyStepwise -B -T -1.7976931348623157E308 -N -1 -num-slots 1\\\\\\\"\\\" -S 1\" -S 1 -W weka.classifiers.trees.RandomForest -- -P 100 -I 100 -num-slots 1 -K 0 -M 1.0 -V 0.001 -S 1',-4523450618538717400,2.0260427114E7,4330.0,481.0,452.0,29.0,0.0,93.97089397089397,6.029106029106029,0.0,0.7333753846741979,0.08926844762678637,0.20109443536247684,38.70521003386635,59.20891448843271,272.1308087156738,94.55305893521316,177.57774978046066,0.565760517080403,0.19657600610231427,0.3691845109780887,154.27404731417684,0.32073606510223873,56.69113616436005,0.75,48.0,0.03117505995203837,13.0,0.9688249400479616,404.0,0.25,16.0,0.7868852459016393,0.75,0.768,0.7336545048385849,0.975738159472422,0.869381120136937,0.9397089397089398,0.22088399966097808,0.779116000339022,0.060291060291060294,0.9386173418960304,0.9397089397089398,0.9390934954805923,0.7336545048385849,0.975738159472422,0.9792761876882298,0.8666762246117086,0.9397089397089398,14.191,0.004,14.05,0.0,14050.0,0.0,1.6743036E7,1043348.0,161927.0,99.58419958419958,64.34511434511434,?,?
DatasetClassiRealeseNormalizedShuffled,2,8,weka.classifiers.meta.FilteredClassifier,'-F \"weka.filters.MultiFilter -F \\\"weka.filters.supervised.attribute.AttributeSelection -E \\\\\\\"weka.attributeSelection.WrapperSubsetEval -B weka.classifiers.bayes.NaiveBayes -F 5 -T 0.01 -R 1 -E AUC --\\\\\\\" -S \\\\\\\"weka.attributeSelection.GreedyStepwise -B -T -1.7976931348623157E308 -N -1 -num-slots 1\\\\\\\"\\\" -S 1\" -S 1 -W weka.classifiers.trees.RandomForest -- -P 100 -I 100 -num-slots 1 -K 0 -M 1.0 -V 0.001 -S 1',-4523450618538717400,2.0260427114E7,4330.0,481.0,459.0,22.0,0.0,95.42619542619542,4.573804573804574,0.0,0.787706134895478,0.08410536371302756,0.1952022969530351,36.46658874474082,57.4740722556787,272.1308087156738,88.65641414197613,183.47439457369768,0.565760517080403,0.1843168693180377,0.3814436477623652,164.42282441027785,0.34183539378436145,60.42051070449328,0.75,48.0,0.014388489208633094,6.0,0.9856115107913669,411.0,0.25,16.0,0.8888888888888888,0.75,0.8135593220338982,0.7913993941881375,0.9813024580335732,0.8637994098749302,0.9542619542619543,0.21865044347058735,0.7813495565294126,0.04573804573804574,0.9527309691244117,0.9542619542619543,0.9525948614630435,0.7913993941881375,0.9813024580335732,0.9794526233185469,0.8937464856614988,0.9542619542619543,14.038,0.005,13.92,0.0,13920.0,0.0,1.5705825E7,1043348.0,161927.0,99.79209979209979,63.2016632016632,?,?
DatasetClassiRealeseNormalizedShuffled,2,9,weka.classifiers.meta.FilteredClassifier,'-F \"weka.filters.MultiFilter -F \\\"weka.filters.supervised.attribute.AttributeSelection -E \\\\\\\"weka.attributeSelection.WrapperSubsetEval -B weka.classifiers.bayes.NaiveBayes -F 5 -T 0.01 -R 1 -E AUC --\\\\\\\" -S \\\\\\\"weka.attributeSelection.GreedyStepwise -B -T -1.7976931348623157E308 -N -1 -num-slots 1\\\\\\\"\\\" -S 1\" -S 1 -W weka.classifiers.trees.RandomForest -- -P 100 -I 100 -num-slots 1 -K 0 -M 1.0 -V 0.001 -S 1',-4523450618538717400,2.0260427114E7,4330.0,481.0,459.0,22.0,0.0,95.42619542619542,4.573804573804574,0.0,0.7906709922456084,0.0858638237059172,0.1835282905241127,37.22902569945853,54.036855073902544,272.1308087156738,83.1827707903817,188.9480379252921,0.565760517080403,0.17293715341035695,0.392823363670046,158.7319032942055,0.3300039569526102,58.32926600385437,0.765625,49.0,0.016786570743405275,7.0,0.9832134292565947,410.0,0.234375,15.0,0.875,0.765625,0.8166666666666667,0.7929716476512255,0.9830635491606715,0.9035202242592496,0.9542619542619543,0.20542352500535951,0.7945764749946405,0.04573804573804574,0.9527699645346704,0.9542619542619543,0.9529546356149681,0.7929716476512255,0.9830635491606714,0.9848942510274933,0.8952692003167062,0.9542619542619543,12.62,0.007,12.51,0.01,12510.0,10.0,2.9088574E7,1043348.0,161927.0,100.0,65.48856548856548,?,?
DatasetClassiRealeseNormalizedShuffled,2,10,weka.classifiers.meta.FilteredClassifier,'-F \"weka.filters.MultiFilter -F \\\"weka.filters.supervised.attribute.AttributeSelection -E \\\\\\\"weka.attributeSelection.WrapperSubsetEval -B weka.classifiers.bayes.NaiveBayes -F 5 -T 0.01 -R 1 -E AUC --\\\\\\\" -S \\\\\\\"weka.attributeSelection.GreedyStepwise -B -T -1.7976931348623157E308 -N -1 -num-slots 1\\\\\\\"\\\" -S 1\" -S 1 -W weka.classifiers.trees.RandomForest -- -P 100 -I 100 -num-slots 1 -K 0 -M 1.0 -V 0.001 -S 1',-4523450618538717400,2.0260427114E7,4330.0,481.0,452.0,29.0,0.0,93.97089397089397,6.029106029106029,0.0,0.7333753846741979,0.09379546164935681,0.2105168296469288,40.66804273935265,61.983181893986746,272.1308087156738,99.77418621389536,172.35662250177847,0.565760517080403,0.20743074056942903,0.358329776510974,142.69159332503213,0.296656119178861,52.434927893121554,0.75,48.0,0.03117505995203837,13.0,0.9688249400479616,404.0,0.25,16.0,0.7868852459016393,0.75,0.768,0.7336545048385849,0.9734337529976019,0.8469983064370465,0.9397089397089398,0.22088399966097808,0.779116000339022,0.060291060291060294,0.9386173418960304,0.9397089397089398,0.9390934954805923,0.7336545048385849,0.9734337529976019,0.976132155763196,0.8666762246117086,0.9397089397089398,13.738,0.005,13.6,0.0,13600.0,0.0,1.5999637E7,1043348.0,161927.0,100.0,63.82536382536382,?,?
DatasetClassiRealeseNormalizedShuffled,3,1,weka.classifiers.meta.FilteredClassifier,'-F \"weka.filters.MultiFilter -F \\\"weka.filters.supervised.attribute.AttributeSelection -E \\\\\\\"weka.attributeSelection.WrapperSubsetEval -B weka.classifiers.bayes.NaiveBayes -F 5 -T 0.01 -R 1 -E AUC --\\\\\\\" -S \\\\\\\"weka.attributeSelection.GreedyStepwise -B -T -1.7976931348623157E308 -N -1 -num-slots 1\\\\\\\"\\\" -S 1\" -S 1 -W weka.classifiers.trees.RandomForest -- -P 100 -I 100 -num-slots 1 -K 0 -M 1.0 -V 0.001 -S 1',-4523450618538717400,2.0260427114099998E7,4329.0,482.0,459.0,23.0,0.0,95.22821576763485,4.771784232365145,0.0,0.7886045536020745,0.08185385876289834,0.18423656068635935,35.51811062209361,54.29310020925043,272.3366817903761,80.4254794885467,191.91120230182938,0.565013862635635,0.16685784126254502,0.39815602137309,166.34923121092064,0.3451228863297109,61.08219800480773,0.796875,51.0,0.023923444976076555,10.0,0.9760765550239234,408.0,0.203125,13.0,0.8360655737704918,0.796875,0.816,0.7889045079118663,0.9860571172248804,0.9100546599570221,0.9522821576763485,0.1793306026524251,0.8206693973475749,0.04771784232365145,0.9514540109976846,0.9522821576763485,0.951794855563084,0.7889045079118662,0.9860571172248803,0.9862425200057291,0.8942932061978546,0.9522821576763485,13.699,0.004,13.59,0.0,13590.0,0.0,1.6656557E7,1043119.0,162156.0,100.0,63.90041493775934,?,?
DatasetClassiRealeseNormalizedShuffled,3,2,weka.classifiers.meta.FilteredClassifier,'-F \"weka.filters.MultiFilter -F \\\"weka.filters.supervised.attribute.AttributeSelection -E \\\\\\\"weka.attributeSelection.WrapperSubsetEval -B weka.classifiers.bayes.NaiveBayes -F 5 -T 0.01 -R 1 -E AUC --\\\\\\\" -S \\\\\\\"weka.attributeSelection.GreedyStepwise -B -T -1.7976931348623157E308 -N -1 -num-slots 1\\\\\\\"\\\" -S 1\" -S 1 -W weka.classifiers.trees.RandomForest -- -P 100 -I 100 -num-slots 1 -K 0 -M 1.0 -V 0.001 -S 1',-4523450618538717400,2.0260427114099998E7,4330.0,481.0,449.0,32.0,0.0,93.34719334719335,6.652806652806653,0.0,0.6910973749698964,0.09417805430700077,0.20837038468350697,41.07538410909935,61.76085102416441,269.42867131105754,97.99182998516325,171.4368413258943,0.5601427677984564,0.20372521826437265,0.3564175495340838,147.27114230223881,0.30617701102336553,54.66053096190833,0.6825396825396826,43.0,0.028708133971291867,12.0,0.9712918660287081,406.0,0.31746031746031744,20.0,0.7818181818181819,0.6825396825396826,0.7288135593220338,0.6931674225487726,0.9738171185539607,0.8530594791063068,0.9334719334719335,0.27964038490354276,0.7203596150964572,0.06652806652806653,0.9306239756943983,0.9334719334719335,0.9315320436695648,0.6931674225487725,0.9738171185539606,0.9772709322605129,0.8454494336894529,0.9334719334719335,13.824,0.005,13.7,0.0,13700.0,0.0,1.5763794E7,1043348.0,161927.0,99.79209979209979,65.17671517671518,?,?
DatasetClassiRealeseNormalizedShuffled,3,3,weka.classifiers.meta.FilteredClassifier,'-F \"weka.filters.MultiFilter -F \\\"weka.filters.supervised.attribute.AttributeSelection -E \\\\\\\"weka.attributeSelection.WrapperSubsetEval -B weka.classifiers.bayes.NaiveBayes -F 5 -T 0.01 -R 1 -E AUC --\\\\\\\" -S \\\\\\\"weka.attributeSelection.GreedyStepwise -B -T -1.7976931348623157E308 -N -1 -num-slots 1\\\\\\\"\\\" -S 1\" -S 1 -W weka.classifiers.trees.RandomForest -- -P 100 -I 100 -num-slots 1 -K 0 -M 1.0 -V 0.001 -S 1',-4523450618538717400,2.0260427114099998E7,4330.0,481.0,457.0,24.0,0.0,95.01039501039502,4.98960498960499,0.0,0.7616550357187101,0.09554370598932244,0.21123275120358287,41.42605036878725,62.19397309838755,272.1308087156738,109.34854679993225,162.78226191574157,0.565760517080403,0.2273358561329153,0.3384246609474877,145.44700902641213,0.30238463415054495,53.4474614296161,0.703125,45.0,0.011990407673860911,5.0,0.988009592326139,412.0,0.296875,19.0,0.9,0.703125,0.7894736842105263,0.7691251412168046,0.9615557553956835,0.836897295225829,0.9501039501039501,0.258969357777811,0.741030642222189,0.0498960498960499,0.9484764436040538,0.9501039501039501,0.9474520353368417,0.7691251412168045,0.9615557553956835,0.9727430351764625,0.8805858987090367,0.9501039501039501,12.146,0.006,12.02,0.01,12020.0,10.0,3.0845498E7,1043348.0,161927.0,99.37629937629937,65.8004158004158,?,?
DatasetClassiRealeseNormalizedShuffled,3,4,weka.classifiers.meta.FilteredClassifier,'-F \"weka.filters.MultiFilter -F \\\"weka.filters.supervised.attribute.AttributeSelection -E \\\\\\\"weka.attributeSelection.WrapperSubsetEval -B weka.classifiers.bayes.NaiveBayes -F 5 -T 0.01 -R 1 -E AUC --\\\\\\\" -S \\\\\\\"weka.attributeSelection.GreedyStepwise -B -T -1.7976931348623157E308 -N -1 -num-slots 1\\\\\\\"\\\" -S 1\" -S 1 -W weka.classifiers.trees.RandomForest -- -P 100 -I 100 -num-slots 1 -K 0 -M 1.0 -V 0.001 -S 1',-4523450618538717400,2.0260427114099998E7,4330.0,481.0,466.0,15.0,0.0,96.88149688149689,3.1185031185031185,0.0,0.8639269750862836,0.07794271575262864,0.16476432980975583,33.79457427587438,48.51211868128145,272.1308087156738,72.26716073614334,199.86364797953047,0.565760517080403,0.15024357741401942,0.41551693966638353,171.81212772621808,0.3571977707405781,63.13586048455463,0.875,56.0,0.016786570743405275,7.0,0.9832134292565947,410.0,0.125,8.0,0.8888888888888888,0.875,0.8818897637795274,0.8639625247424667,0.988234412470024,0.9497628354080697,0.9688149688149689,0.1106015395583741,0.889398460441626,0.031185031185031187,0.9686237580974424,0.9688149688149689,0.9687108667730102,0.8639625247424667,0.988234412470024,0.9916649957872794,0.93196284596162,0.9688149688149689,12.494,0.006,12.4,0.01,12400.0,10.0,2.6895615E7,1043348.0,161927.0,100.0,66.63201663201663,?,?
DatasetClassiRealeseNormalizedShuffled,3,5,weka.classifiers.meta.FilteredClassifier,'-F \"weka.filters.MultiFilter -F \\\"weka.filters.supervised.attribute.AttributeSelection -E \\\\\\\"weka.attributeSelection.WrapperSubsetEval -B weka.classifiers.bayes.NaiveBayes -F 5 -T 0.01 -R 1 -E AUC --\\\\\\\" -S \\\\\\\"weka.attributeSelection.GreedyStepwise -B -T -1.7976931348623157E308 -N -1 -num-slots 1\\\\\\\"\\\" -S 1\" -S 1 -W weka.classifiers.trees.RandomForest -- -P 100 -I 100 -num-slots 1 -K 0 -M 1.0 -V 0.001 -S 1',-4523450618538717400,2.0260427114099998E7,4330.0,481.0,457.0,24.0,0.0,95.01039501039502,4.98960498960499,0.0,0.7778462012162266,0.09074001095287818,0.19433353474494824,39.34325370023148,57.218279661534176,272.1308087156738,92.32310201637797,179.80770669929586,0.565760517080403,0.19193992103197083,0.37382059604843215,152.99968745189562,0.3180866682991593,56.222846716246636,0.78125,50.0,0.023980815347721823,10.0,0.9760191846522782,407.0,0.21875,14.0,0.8333333333333334,0.78125,0.8064516129032259,0.7783799237478362,0.9779301558752997,0.8607866237817027,0.9501039501039501,0.19283476545167194,0.8071652345483281,0.0498960498960499,0.9489944905621865,0.9501039501039501,0.9494182587569299,0.7783799237478363,0.9779301558752997,0.9784513771238327,0.8889059973824005,0.9501039501039501,13.062,0.007,12.36,0.0,12360.0,0.0,2.4711536E7,1043348.0,161927.0,99.79209979209979,65.8004158004158,?,?
DatasetClassiRealeseNormalizedShuffled,3,6,weka.classifiers.meta.FilteredClassifier,'-F \"weka.filters.MultiFilter -F \\\"weka.filters.supervised.attribute.AttributeSelection -E \\\\\\\"weka.attributeSelection.WrapperSubsetEval -B weka.classifiers.bayes.NaiveBayes -F 5 -T 0.01 -R 1 -E AUC --\\\\\\\" -S \\\\\\\"weka.attributeSelection.GreedyStepwise -B -T -1.7976931348623157E308 -N -1 -num-slots 1\\\\\\\"\\\" -S 1\" -S 1 -W weka.classifiers.trees.RandomForest -- -P 100 -I 100 -num-slots 1 -K 0 -M 1.0 -V 0.001 -S 1',-4523450618538717400,2.02604271142E7,4330.0,481.0,465.0,16.0,0.0,96.67359667359668,3.3264033264033266,0.0,0.8498575832065238,0.07315719018864768,0.158176761259906,31.71965556718677,46.57251860109183,272.1308087156738,65.54834435139274,206.58246436428107,0.565760517080403,0.1362751441816897,0.42948537289871325,187.24288124039478,0.38927833937712014,68.8062046793198,0.828125,53.0,0.011990407673860911,5.0,0.988009592326139,412.0,0.171875,11.0,0.9137931034482759,0.828125,0.8688524590163935,0.8512078499169976,0.9945293764988009,0.949085243729984,0.9667359667359667,0.15060137440982763,0.8493986255901723,0.033264033264033266,0.9659850041361413,0.9667359667359667,0.966036798823684,0.8512078499169976,0.994529376498801,0.9925377063732951,0.9249024199843872,0.9667359667359667,12.454,0.007,12.3,0.01,12300.0,10.0,2.6254902E7,1043348.0,161927.0,100.0,63.82536382536382,?,?
DatasetClassiRealeseNormalizedShuffled,3,7,weka.classifiers.meta.FilteredClassifier,'-F \"weka.filters.MultiFilter -F \\\"weka.filters.supervised.attribute.AttributeSelection -E \\\\\\\"weka.attributeSelection.WrapperSubsetEval -B weka.classifiers.bayes.NaiveBayes -F 5 -T 0.01 -R 1 -E AUC --\\\\\\\" -S \\\\\\\"weka.attributeSelection.GreedyStepwise -B -T -1.7976931348623157E308 -N -1 -num-slots 1\\\\\\\"\\\" -S 1\" -S 1 -W weka.classifiers.trees.RandomForest -- -P 100 -I 100 -num-slots 1 -K 0 -M 1.0 -V 0.001 -S 1',-4523450618538717400,2.02604271142E7,4330.0,481.0,451.0,30.0,0.0,93.76299376299376,6.237006237006237,0.0,0.726029998101386,0.08954986062860609,0.20771731372098626,38.827225702686206,61.15891095496569,272.1308087156738,94.74394658083352,177.3868621348403,0.565760517080403,0.19697286191441482,0.36878765516598816,146.76238328489077,0.3051192999685879,53.930822451724026,0.75,48.0,0.03357314148681055,14.0,0.9664268585131894,403.0,0.25,16.0,0.7741935483870968,0.75,0.7619047619047619,0.7261511295060471,0.9750824340527577,0.8519705728924741,0.9376299376299376,0.2212030791167482,0.7787969208832518,0.062370062370062374,0.9368498116669646,0.9376299376299376,0.9372095424727004,0.7261511295060471,0.9750824340527577,0.977023225824334,0.8630097972203236,0.9376299376299376,14.413,0.004,14.21,0.0,14210.0,0.0,1.2346819E7,1043348.0,161927.0,99.79209979209979,63.40956340956341,?,?
DatasetClassiRealeseNormalizedShuffled,3,8,weka.classifiers.meta.FilteredClassifier,'-F \"weka.filters.MultiFilter -F \\\"weka.filters.supervised.attribute.AttributeSelection -E \\\\\\\"weka.attributeSelection.WrapperSubsetEval -B weka.classifiers.bayes.NaiveBayes -F 5 -T 0.01 -R 1 -E AUC --\\\\\\\" -S \\\\\\\"weka.attributeSelection.GreedyStepwise -B -T -1.7976931348623157E308 -N -1 -num-slots 1\\\\\\\"\\\" -S 1\" -S 1 -W weka.classifiers.trees.RandomForest -- -P 100 -I 100 -num-slots 1 -K 0 -M 1.0 -V 0.001 -S 1',-4523450618538717400,2.02604271142E7,4330.0,481.0,459.0,22.0,0.0,95.42619542619542,4.573804573804574,0.0,0.787706134895478,0.08643343993265006,0.1899009725574784,37.47600115697481,55.91318539052914,272.1308087156738,91.80403239377664,180.32677632189717,0.565760517080403,0.19086077420743583,0.37489974287296707,162.86125337332533,0.3385888843520277,59.846679669219334,0.75,48.0,0.014388489208633094,6.0,0.9856115107913669,411.0,0.25,16.0,0.8888888888888888,0.75,0.8135593220338982,0.7913993941881375,0.9729841127098321,0.9021648696624076,0.9542619542619543,0.21865044347058735,0.7813495565294126,0.04573804573804574,0.9527309691244117,0.9542619542619543,0.9525948614630435,0.7913993941881375,0.9729841127098321,0.9828727118722528,0.8937464856614988,0.9542619542619543,12.334,0.007,12.2,0.01,12200.0,10.0,2.8323997E7,1043348.0,161927.0,99.58419958419958,65.48856548856548,?,?
DatasetClassiRealeseNormalizedShuffled,3,9,weka.classifiers.meta.FilteredClassifier,'-F \"weka.filters.MultiFilter -F \\\"weka.filters.supervised.attribute.AttributeSelection -E \\\\\\\"weka.attributeSelection.WrapperSubsetEval -B weka.classifiers.bayes.NaiveBayes -F 5 -T 0.01 -R 1 -E AUC --\\\\\\\" -S \\\\\\\"weka.attributeSelection.GreedyStepwise -B -T -1.7976931348623157E308 -N -1 -num-slots 1\\\\\\\"\\\" -S 1\" -S 1 -W weka.classifiers.trees.RandomForest -- -P 100 -I 100 -num-slots 1 -K 0 -M 1.0 -V 0.001 -S 1',-4523450618538717400,2.02604271142E7,4330.0,481.0,459.0,22.0,0.0,95.42619542619542,4.573804573804574,0.0,0.7990886652743497,0.08077678055511997,0.189064786631714,35.02337433173085,55.66698434132668,272.1308087156738,83.38719035017449,188.74361836549934,0.565760517080403,0.17336214210015488,0.3923983749802481,162.29811179370043,0.33741811183721504,59.639741843148606,0.8125,52.0,0.023980815347721823,10.0,0.9760191846522782,407.0,0.1875,12.0,0.8387096774193549,0.8125,0.8253968253968254,0.799221985843371,0.9816584232613909,0.8983604609004032,0.9542619542619543,0.1657427696096761,0.834257230390324,0.04573804573804574,0.9537103920813212,0.9542619542619543,0.9539536644799803,0.799221985843371,0.9816584232613909,0.9840198452510749,0.8995405179615705,0.9542619542619543,14.272,0.004,14.11,0.01,14110.0,10.0,1.481683E7,1043348.0,161927.0,99.79209979209979,62.88981288981289,?,?
DatasetClassiRealeseNormalizedShuffled,3,10,weka.classifiers.meta.FilteredClassifier,'-F \"weka.filters.MultiFilter -F \\\"weka.filters.supervised.attribute.AttributeSelection -E \\\\\\\"weka.attributeSelection.WrapperSubsetEval -B weka.classifiers.bayes.NaiveBayes -F 5 -T 0.01 -R 1 -E AUC --\\\\\\\" -S \\\\\\\"weka.attributeSelection.GreedyStepwise -B -T -1.7976931348623157E308 -N -1 -num-slots 1\\\\\\\"\\\" -S 1\" -S 1 -W weka.classifiers.trees.RandomForest -- -P 100 -I 100 -num-slots 1 -K 0 -M 1.0 -V 0.001 -S 1',-4523450618538717400,2.0260427114299998E7,4330.0,481.0,454.0,27.0,0.0,94.38669438669439,5.613305613305613,0.0,0.7483675960551047,0.09339691093734034,0.20072859141026395,40.4952382442836,59.1011978166927,272.1308087156738,92.69756103442101,179.4332476812528,0.565760517080403,0.1927184221089834,0.37304209497141955,141.01717157070823,0.29317499287049525,51.81962756669899,0.75,48.0,0.026378896882494004,11.0,0.973621103117506,406.0,0.25,16.0,0.8135593220338984,0.75,0.7804878048780488,0.749181435203418,0.9772369604316546,0.8899165047822228,0.9438669438669439,0.22024584074943787,0.7797541592505621,0.056133056133056136,0.9423230146983059,0.9438669438669439,0.9428932898801209,0.7491814352034181,0.9772369604316546,0.9822232010317667,0.8741533184104189,0.9438669438669439,14.085,0.006,13.97,0.01,13970.0,10.0,1.6407761E7,1043348.0,161927.0,100.0,65.8004158004158,?,?
DatasetClassiRealeseNormalizedShuffled,4,1,weka.classifiers.meta.FilteredClassifier,'-F \"weka.filters.MultiFilter -F \\\"weka.filters.supervised.attribute.AttributeSelection -E \\\\\\\"weka.attributeSelection.WrapperSubsetEval -B weka.classifiers.bayes.NaiveBayes -F 5 -T 0.01 -R 1 -E AUC --\\\\\\\" -S \\\\\\\"weka.attributeSelection.GreedyStepwise -B -T -1.7976931348623157E308 -N -1 -num-slots 1\\\\\\\"\\\" -S 1\" -S 1 -W weka.classifiers.trees.RandomForest -- -P 100 -I 100 -num-slots 1 -K 0 -M 1.0 -V 0.001 -S 1',-4523450618538717400,2.0260427114299998E7,4329.0,482.0,458.0,24.0,0.0,95.02074688796681,4.979253112033195,0.0,0.7717082412377643,0.08704730816896715,0.1963339416148287,37.77165753243926,57.85810550772097,272.3366817903761,93.18963245302835,179.1470493373477,0.565013862635635,0.19333948641707127,0.3716743762185637,157.83461535674743,0.3274577082090196,57.95569451721397,0.75,48.0,0.019138755980861243,8.0,0.9808612440191388,410.0,0.25,16.0,0.8571428571428571,0.75,0.7999999999999999,0.7739523934356386,0.9740953947368421,0.8767924965350282,0.950207468879668,0.21934622486052932,0.7806537751394708,0.04979253112033195,0.9484597766404791,0.950207468879668,0.9487837014021356,0.7739523934356386,0.9740953947368421,0.9798817989276534,0.885781990521327,0.950207468879668,14.147,0.005,14.01,0.01,14010.0,10.0,1.646715E7,1043119.0,162156.0,99.79253112033194,64.10788381742739,?,?
DatasetClassiRealeseNormalizedShuffled,4,2,weka.classifiers.meta.FilteredClassifier,'-F \"weka.filters.MultiFilter -F \\\"weka.filters.supervised.attribute.AttributeSelection -E \\\\\\\"weka.attributeSelection.WrapperSubsetEval -B weka.classifiers.bayes.NaiveBayes -F 5 -T 0.01 -R 1 -E AUC --\\\\\\\" -S \\\\\\\"weka.attributeSelection.GreedyStepwise -B -T -1.7976931348623157E308 -N -1 -num-slots 1\\\\\\\"\\\" -S 1\" -S 1 -W weka.classifiers.trees.RandomForest -- -P 100 -I 100 -num-slots 1 -K 0 -M 1.0 -V 0.001 -S 1',-4523450618538717400,2.0260427114299998E7,4330.0,481.0,461.0,20.0,0.0,95.84199584199584,4.158004158004158,0.0,0.8173463962937647,0.07795630784564854,0.18339916667661607,34.00033385749381,54.359397705555686,269.42867131105754,77.73710653401858,191.69156477703896,0.5601427677984564,0.16161560609983072,0.3985271616986257,168.28215357055808,0.3498589471321374,62.4588885628564,0.8412698412698413,53.0,0.023923444976076555,10.0,0.9760765550239234,408.0,0.15873015873015872,10.0,0.8412698412698413,0.8412698412698413,0.8412698412698413,0.8173463962937647,0.9842409052935369,0.9026152328779676,0.9584199584199584,0.14107356212619368,0.8589264378738063,0.04158004158004158,0.9584199584199584,0.9584199584199584,0.9584199584199584,0.8173463962937647,0.9842409052935369,0.9852162460163102,0.9086731981468823,0.9584199584199584,14.142,0.004,14.02,0.0,14020.0,0.0,1.1991067E7,1043348.0,161927.0,100.0,63.92931392931393,?,?
DatasetClassiRealeseNormalizedShuffled,4,3,weka.classifiers.meta.FilteredClassifier,'-F \"weka.filters.MultiFilter -F \\\"weka.filters.supervised.attribute.AttributeSelection -E \\\\\\\"weka.attributeSelection.WrapperSubsetEval -B weka.classifiers.bayes.NaiveBayes -F 5 -T 0.01 -R 1 -E AUC --\\\\\\\" -S \\\\\\\"weka.attributeSelection.GreedyStepwise -B -T -1.7976931348623157E308 -N -1 -num-slots 1\\\\\\\"\\\" -S 1\" -S 1 -W weka.classifiers.trees.RandomForest -- -P 100 -I 100 -num-slots 1 -K 0 -M 1.0 -V 0.001 -S 1',-4523450618538717400,2.0260427114299998E7,4330.0,481.0,457.0,24.0,0.0,95.01039501039502,4.98960498960499,0.0,0.765079365079365,0.08518974508874885,0.18468122493755731,36.93675720873807,54.3763174512347,272.1308087156738,81.02011875451682,191.110689961157,0.565760517080403,0.16844099533163578,0.3973195217487671,165.8167435051963,0.3447333544806576,60.93273462412116,0.71875,46.0,0.014388489208633094,6.0,0.9856115107913669,411.0,0.28125,18.0,0.8846153846153846,0.71875,0.7931034482758621,0.770412486239394,0.9868854916067147,0.9127426441471411,0.9501039501039501,0.2457424393125832,0.7542575606874168,0.0498960498960499,0.9482721021182559,0.9501039501039501,0.9478769926312113,0.7704124862393938,0.9868854916067146,0.9866904066110458,0.8823673269748105,0.9501039501039501,12.243,0.006,12.14,0.01,12140.0,10.0,3.0311041E7,1043348.0,161927.0,100.0,65.6964656964657,?,?
DatasetClassiRealeseNormalizedShuffled,4,4,weka.classifiers.meta.FilteredClassifier,'-F \"weka.filters.MultiFilter -F \\\"weka.filters.supervised.attribute.AttributeSelection -E \\\\\\\"weka.attributeSelection.WrapperSubsetEval -B weka.classifiers.bayes.NaiveBayes -F 5 -T 0.01 -R 1 -E AUC --\\\\\\\" -S \\\\\\\"weka.attributeSelection.GreedyStepwise -B -T -1.7976931348623157E308 -N -1 -num-slots 1\\\\\\\"\\\" -S 1\" -S 1 -W weka.classifiers.trees.RandomForest -- -P 100 -I 100 -num-slots 1 -K 0 -M 1.0 -V 0.001 -S 1',-4523450618538717400,2.0260427114299998E7,4330.0,481.0,452.0,29.0,0.0,93.97089397089397,6.029106029106029,0.0,0.7259797662312152,0.09892546696173918,0.21076599894736608,42.89232173567552,62.056545653536546,272.1308087156738,102.3732649010494,169.75754381462443,0.565760517080403,0.21283423056351225,0.3529262865168907,138.11884173430528,0.2871493591149798,50.75457732483859,0.71875,46.0,0.026378896882494004,11.0,0.973621103117506,406.0,0.28125,18.0,0.8070175438596491,0.71875,0.7603305785123967,0.7275730301551107,0.9718412769784173,0.850153629246477,0.9397089397089398,0.2473378365914337,0.7526621634085663,0.060291060291060294,0.9375182798718051,0.9397089397089398,0.9382158974635464,0.7275730301551107,0.9718412769784173,0.9762133827628977,0.8629239099458536,0.9397089397089398,13.885,0.007,13.82,0.01,13820.0,10.0,1.8373273E7,1043348.0,161927.0,99.79209979209979,65.8004158004158,?,?
DatasetClassiRealeseNormalizedShuffled,4,5,weka.classifiers.meta.FilteredClassifier,'-F \"weka.filters.MultiFilter -F \\\"weka.filters.supervised.attribute.AttributeSelection -E \\\\\\\"weka.attributeSelection.WrapperSubsetEval -B weka.classifiers.bayes.NaiveBayes -F 5 -T 0.01 -R 1 -E AUC --\\\\\\\" -S \\\\\\\"weka.attributeSelection.GreedyStepwise -B -T -1.7976931348623157E308 -N -1 -num-slots 1\\\\\\\"\\\" -S 1\" -S 1 -W weka.classifiers.trees.RandomForest -- -P 100 -I 100 -num-slots 1 -K 0 -M 1.0 -V 0.001 -S 1',-4523450618538717400,2.02604271144E7,4330.0,481.0,447.0,34.0,0.0,92.93139293139293,7.0686070686070686,0.0,0.6623446339348392,0.09412909754363583,0.2078659261816869,40.81270132484631,61.20266742421696,272.1308087156738,99.32677260917262,172.8040361065012,0.565760517080403,0.20650056675503664,0.35925995032536634,153.55853347983617,0.31924851035308976,56.4282060544921,0.625,40.0,0.023980815347721823,10.0,0.9760191846522782,407.0,0.375,24.0,0.8,0.625,0.7017543859649122,0.6688407300145051,0.9739958033573142,0.8555888135092747,0.9293139293139293,0.3282947446616511,0.6717052553383489,0.07068607068607069,0.9251134768536161,0.9293139293139293,0.9255570500605257,0.6688407300145051,0.9739958033573142,0.9772817146447181,0.8308300231711354,0.9293139293139293,11.978,0.006,11.85,0.01,11850.0,10.0,3.1224533E7,1043348.0,161927.0,99.58419958419958,64.76091476091476,?,?
DatasetClassiRealeseNormalizedShuffled,4,6,weka.classifiers.meta.FilteredClassifier,'-F \"weka.filters.MultiFilter -F \\\"weka.filters.supervised.attribute.AttributeSelection -E \\\\\\\"weka.attributeSelection.WrapperSubsetEval -B weka.classifiers.bayes.NaiveBayes -F 5 -T 0.01 -R 1 -E AUC --\\\\\\\" -S \\\\\\\"weka.attributeSelection.GreedyStepwise -B -T -1.7976931348623157E308 -N -1 -num-slots 1\\\\\\\"\\\" -S 1\" -S 1 -W weka.classifiers.trees.RandomForest -- -P 100 -I 100 -num-slots 1 -K 0 -M 1.0 -V 0.001 -S 1',-4523450618538717400,2.02604271144E7,4330.0,481.0,464.0,17.0,0.0,96.46569646569647,3.5343035343035343,0.0,0.8437028117055644,0.07622986933189842,0.17052510254834094,33.05191455418537,50.208282475428014,272.1308087156738,73.26890891657463,198.8618997990992,0.565760517080403,0.15232621396377263,0.4134343031166304,178.9464473014114,0.37203003596967027,65.75751130346187,0.84375,54.0,0.016786570743405275,7.0,0.9832134292565947,410.0,0.15625,10.0,0.8852459016393442,0.84375,0.864,0.8440239221115288,0.9875224820143885,0.9273617139925947,0.9646569646569647,0.1376935354003699,0.8623064645996301,0.035343035343035345,0.9640897427782673,0.9646569646569647,0.9642961870058645,0.8440239221115287,0.9875224820143885,0.988671711029254,0.9218446833930705,0.9646569646569647,12.563,0.006,12.5,0.0,12500.0,0.0,2.2142381E7,1043348.0,161927.0,100.0,64.55301455301455,?,?
DatasetClassiRealeseNormalizedShuffled,4,7,weka.classifiers.meta.FilteredClassifier,'-F \"weka.filters.MultiFilter -F \\\"weka.filters.supervised.attribute.AttributeSelection -E \\\\\\\"weka.attributeSelection.WrapperSubsetEval -B weka.classifiers.bayes.NaiveBayes -F 5 -T 0.01 -R 1 -E AUC --\\\\\\\" -S \\\\\\\"weka.attributeSelection.GreedyStepwise -B -T -1.7976931348623157E308 -N -1 -num-slots 1\\\\\\\"\\\" -S 1\" -S 1 -W weka.classifiers.trees.RandomForest -- -P 100 -I 100 -num-slots 1 -K 0 -M 1.0 -V 0.001 -S 1',-4523450618538717400,2.02604271144E7,4330.0,481.0,462.0,19.0,0.0,96.04989604989605,3.95010395010395,0.0,0.8229253453721108,0.0885023122795604,0.19016748489356838,38.373027383477655,55.991655518701606,272.1308087156738,85.93370865195395,186.19710006371986,0.565760517080403,0.17865635894377122,0.38710415813663174,144.6878759115178,0.30080639482644034,53.168502528021286,0.8125,52.0,0.016786570743405275,7.0,0.9832134292565947,410.0,0.1875,12.0,0.8813559322033898,0.8125,0.8455284552845529,0.8238202650155232,0.9812649880095923,0.9060176530885514,0.9604989604989606,0.16478553124236575,0.8352144687576343,0.0395010395010395,0.9595612468935628,0.9604989604989606,0.9598137965823073,0.8238202650155231,0.9812649880095923,0.9849364808588768,0.9114412240665911,0.9604989604989606,14.072,0.004,13.96,0.0,13960.0,0.0,1.3232784E7,1043348.0,161927.0,100.0,65.17671517671518,?,?
DatasetClassiRealeseNormalizedShuffled,4,8,weka.classifiers.meta.FilteredClassifier,'-F \"weka.filters.MultiFilter -F \\\"weka.filters.supervised.attribute.AttributeSelection -E \\\\\\\"weka.attributeSelection.WrapperSubsetEval -B weka.classifiers.bayes.NaiveBayes -F 5 -T 0.01 -R 1 -E AUC --\\\\\\\" -S \\\\\\\"weka.attributeSelection.GreedyStepwise -B -T -1.7976931348623157E308 -N -1 -num-slots 1\\\\\\\"\\\" -S 1\" -S 1 -W weka.classifiers.trees.RandomForest -- -P 100 -I 100 -num-slots 1 -K 0 -M 1.0 -V 0.001 -S 1',-4523450618538717400,2.02604271144E7,4330.0,481.0,460.0,21.0,0.0,95.63409563409563,4.365904365904366,0.0,0.7987808522082115,0.08336866289885835,0.1854275127981055,36.147168383990824,54.596049509157154,272.1308087156738,84.25872227222797,187.87208644344585,0.565760517080403,0.17517405877802072,0.39058645830238226,168.5269388646313,0.3503678562674247,61.92865102631971,0.765625,49.0,0.014388489208633094,6.0,0.9856115107913669,411.0,0.234375,15.0,0.8909090909090909,0.765625,0.823529411764706,0.8017677014386754,0.9810776378896883,0.9072477593438871,0.9563409563409564,0.20510444554958943,0.7948955544504106,0.04365904365904366,0.954958592986762,0.9563409563409564,0.9549230394949464,0.8017677014386754,0.9810776378896883,0.9850698207482208,0.899309189868118,0.9563409563409564,12.752,0.006,12.63,0.01,12630.0,10.0,2.561397E7,1043348.0,161927.0,100.0,64.55301455301455,?,?
DatasetClassiRealeseNormalizedShuffled,4,9,weka.classifiers.meta.FilteredClassifier,'-F \"weka.filters.MultiFilter -F \\\"weka.filters.supervised.attribute.AttributeSelection -E \\\\\\\"weka.attributeSelection.WrapperSubsetEval -B weka.classifiers.bayes.NaiveBayes -F 5 -T 0.01 -R 1 -E AUC --\\\\\\\" -S \\\\\\\"weka.attributeSelection.GreedyStepwise -B -T -1.7976931348623157E308 -N -1 -num-slots 1\\\\\\\"\\\" -S 1\" -S 1 -W weka.classifiers.trees.RandomForest -- -P 100 -I 100 -num-slots 1 -K 0 -M 1.0 -V 0.001 -S 1',-4523450618538717400,2.02604271145E7,4330.0,481.0,461.0,20.0,0.0,95.84199584199584,4.158004158004158,0.0,0.8042328042328042,0.0820900491087028,0.1790703975737751,35.59278420216801,52.72430258074501,272.1308087156738,77.24462765993265,194.8861810557412,0.565760517080403,0.16059174149674146,0.40516877558366154,172.71599274394254,0.3590769079915645,63.46800406726408,0.75,48.0,0.009592326139088728,4.0,0.9904076738609112,413.0,0.25,16.0,0.9230769230769231,0.75,0.8275862068965517,0.8098388513719771,0.9899955035971223,0.9381534550063079,0.9584199584199584,0.21801228455904714,0.7819877154409529,0.04158004158004158,0.9574313420467268,0.9584199584199584,0.9565641605260093,0.8098388513719771,0.9899955035971223,0.9904596738453979,0.9019727724790088,0.9584199584199584,13.773,0.005,13.67,0.01,13670.0,10.0,2.4050399E7,1043348.0,161927.0,100.0,64.34511434511434,?,?
DatasetClassiRealeseNormalizedShuffled,4,10,weka.classifiers.meta.FilteredClassifier,'-F \"weka.filters.MultiFilter -F \\\"weka.filters.supervised.attribute.AttributeSelection -E \\\\\\\"weka.attributeSelection.WrapperSubsetEval -B weka.classifiers.bayes.NaiveBayes -F 5 -T 0.01 -R 1 -E AUC --\\\\\\\" -S \\\\\\\"weka.attributeSelection.GreedyStepwise -B -T -1.7976931348623157E308 -N -1 -num-slots 1\\\\\\\"\\\" -S 1\" -S 1 -W weka.classifiers.trees.RandomForest -- -P 100 -I 100 -num-slots 1 -K 0 -M 1.0 -V 0.001 -S 1',-4523450618538717400,2.02604271145E7,4330.0,481.0,455.0,26.0,0.0,94.5945945945946,5.405405405405405,0.0,0.7526111726539009,0.09374130363990743,0.2027873358772218,40.644560790394394,59.70736091055415,272.1308087156738,97.45135229846495,174.67945641720888,0.565760517080403,0.20260156403007268,0.3631589530503303,138.77470638060854,0.2885129030781882,50.99558812747377,0.734375,47.0,0.02158273381294964,9.0,0.9784172661870504,408.0,0.265625,17.0,0.8392857142857143,0.734375,0.7833333333333332,0.7548010834760702,0.9737522482014388,0.870819904270485,0.9459459459459459,0.2331536797588956,0.7668463202411044,0.05405405405405406,0.9439382239382239,0.9459459459459459,0.9444009329995077,0.7548010834760702,0.9737522482014389,0.9791368258222342,0.8762272367379255,0.9459459459459459,14.124,0.005,13.97,0.0,13970.0,0.0,1.1945088E7,1043348.0,161927.0,99.79209979209979,66.32016632016632,?,?
DatasetClassiRealeseNormalizedShuffled,5,1,weka.classifiers.meta.FilteredClassifier,'-F \"weka.filters.MultiFilter -F \\\"weka.filters.supervised.attribute.AttributeSelection -E \\\\\\\"weka.attributeSelection.WrapperSubsetEval -B weka.classifiers.bayes.NaiveBayes -F 5 -T 0.01 -R 1 -E AUC --\\\\\\\" -S \\\\\\\"weka.attributeSelection.GreedyStepwise -B -T -1.7976931348623157E308 -N -1 -num-slots 1\\\\\\\"\\\" -S 1\" -S 1 -W weka.classifiers.trees.RandomForest -- -P 100 -I 100 -num-slots 1 -K 0 -M 1.0 -V 0.001 -S 1',-4523450618538717400,2.02604271145E7,4329.0,482.0,450.0,32.0,0.0,93.3609958506224,6.639004149377594,0.0,0.682293812309467,0.09021007364012623,0.20944591560982848,39.14404798017322,61.72210359474299,272.3366817903761,94.34293902409851,177.99374276627756,0.565013862635635,0.19573223863920852,0.3692816239964265,150.10937332283777,0.3114302351096219,55.11904321371605,0.640625,41.0,0.0215311004784689,9.0,0.9784688995215312,409.0,0.359375,23.0,0.82,0.640625,0.7192982456140351,0.6889818428732759,0.9754037081339713,0.8555389820339396,0.9336099585062241,0.314516058984693,0.6854839410153071,0.06639004149377593,0.9299281542953742,0.9336099585062241,0.9300801185291764,0.6889818428732759,0.9754037081339713,0.9776064457629104,0.8408255933952529,0.9336099585062241,13.722,0.004,13.61,0.01,13610.0,10.0,1.2700314E7,1043119.0,162156.0,100.0,63.17427385892116,?,?
DatasetClassiRealeseNormalizedShuffled,5,2,weka.classifiers.meta.FilteredClassifier,'-F \"weka.filters.MultiFilter -F \\\"weka.filters.supervised.attribute.AttributeSelection -E \\\\\\\"weka.attributeSelection.WrapperSubsetEval -B weka.classifiers.bayes.NaiveBayes -F 5 -T 0.01 -R 1 -E AUC --\\\\\\\" -S \\\\\\\"weka.attributeSelection.GreedyStepwise -B -T -1.7976931348623157E308 -N -1 -num-slots 1\\\\\\\"\\\" -S 1\" -S 1 -W weka.classifiers.trees.RandomForest -- -P 100 -I 100 -num-slots 1 -K 0 -M 1.0 -V 0.001 -S 1',-4523450618538717400,2.02604271145E7,4330.0,481.0,457.0,24.0,0.0,95.01039501039502,4.98960498960499,0.0,0.7778205473651796,0.09411291496445107,0.20328170419538197,41.04697384371925,60.25256932658046,269.42867131105754,96.87241319212302,172.55625811893452,0.5601427677984564,0.20139794842437217,0.35874481937408426,139.63287064948383,0.29029702837730526,51.825542534141285,0.7936507936507936,50.0,0.02631578947368421,11.0,0.9736842105263158,407.0,0.20634920634920634,13.0,0.819672131147541,0.7936507936507936,0.8064516129032259,0.7779539014688286,0.9771018455228981,0.844560790651745,0.9501039501039501,0.18276894592684068,0.8172310540731594,0.0498960498960499,0.9494828462041577,0.9501039501039501,0.9497611044304402,0.7779539014688286,0.9771018455228981,0.9766629190680233,0.8889059973824005,0.9501039501039501,13.801,0.004,13.68,0.01,13680.0,10.0,1.2166789E7,1043348.0,161927.0,99.79209979209979,65.48856548856548,?,?
DatasetClassiRealeseNormalizedShuffled,5,3,weka.classifiers.meta.FilteredClassifier,'-F \"weka.filters.MultiFilter -F \\\"weka.filters.supervised.attribute.AttributeSelection -E \\\\\\\"weka.attributeSelection.WrapperSubsetEval -B weka.classifiers.bayes.NaiveBayes -F 5 -T 0.01 -R 1 -E AUC --\\\\\\\" -S \\\\\\\"weka.attributeSelection.GreedyStepwise -B -T -1.7976931348623157E308 -N -1 -num-slots 1\\\\\\\"\\\" -S 1\" -S 1 -W weka.classifiers.trees.RandomForest -- -P 100 -I 100 -num-slots 1 -K 0 -M 1.0 -V 0.001 -S 1',-4523450618538717400,2.02604271146E7,4330.0,481.0,457.0,24.0,0.0,95.01039501039502,4.98960498960499,0.0,0.7684066926132488,0.08251808663096898,0.18736803714969602,35.77837365333616,55.167404654757995,272.1308087156738,84.6461213829026,187.48468733277122,0.565760517080403,0.17597946233451686,0.3897810547458861,166.48281655895806,0.34611812174419554,61.17749671368584,0.734375,47.0,0.016786570743405275,7.0,0.9832134292565947,410.0,0.265625,17.0,0.8703703703703703,0.734375,0.7966101694915254,0.7720094640432469,0.9801783573141487,0.9060395208919744,0.9501039501039501,0.23251552084735536,0.7674844791526446,0.0498960498960499,0.948236653154686,0.9501039501039501,0.9482853034142295,0.7720094640432469,0.9801783573141487,0.984604847835855,0.8840870752670897,0.9501039501039501,14.03,0.005,13.92,0.01,13920.0,10.0,1.640753E7,1043348.0,161927.0,99.79209979209979,63.513513513513516,?,?
DatasetClassiRealeseNormalizedShuffled,5,4,weka.classifiers.meta.FilteredClassifier,'-F \"weka.filters.MultiFilter -F \\\"weka.filters.supervised.attribute.AttributeSelection -E \\\\\\\"weka.attributeSelection.WrapperSubsetEval -B weka.classifiers.bayes.NaiveBayes -F 5 -T 0.01 -R 1 -E AUC --\\\\\\\" -S \\\\\\\"weka.attributeSelection.GreedyStepwise -B -T -1.7976931348623157E308 -N -1 -num-slots 1\\\\\\\"\\\" -S 1\" -S 1 -W weka.classifiers.trees.RandomForest -- -P 100 -I 100 -num-slots 1 -K 0 -M 1.0 -V 0.001 -S 1',-4523450618538717400,2.02604271146E7,4330.0,481.0,467.0,14.0,0.0,97.0893970893971,2.9106029106029108,0.0,0.8686253853057083,0.07310296161202676,0.17284118056818273,31.69614302155894,50.89021315728983,272.1308087156738,78.22310478966305,193.90770392601075,0.565760517080403,0.16262599748370699,0.40313451959669594,180.52438918337086,0.37531058042280846,66.33735813866828,0.84375,54.0,0.009592326139088728,4.0,0.9904076738609112,413.0,0.15625,10.0,0.9310344827586207,0.84375,0.8852459016393444,0.8700054705868508,0.9814148681055156,0.9277161414937152,0.9708939708939709,0.13673629703305962,0.8632637029669404,0.029106029106029108,0.9703285880835404,0.9708939708939709,0.9702821989707237,0.870005470586851,0.9814148681055156,0.987746297588985,0.9342896174863389,0.9708939708939709,12.688,0.008,12.56,0.01,12560.0,10.0,2.3826599E7,1043348.0,161927.0,99.37629937629937,63.2016632016632,?,?
DatasetClassiRealeseNormalizedShuffled,5,5,weka.classifiers.meta.FilteredClassifier,'-F \"weka.filters.MultiFilter -F \\\"weka.filters.supervised.attribute.AttributeSelection -E \\\\\\\"weka.attributeSelection.WrapperSubsetEval -B weka.classifiers.bayes.NaiveBayes -F 5 -T 0.01 -R 1 -E AUC --\\\\\\\" -S \\\\\\\"weka.attributeSelection.GreedyStepwise -B -T -1.7976931348623157E308 -N -1 -num-slots 1\\\\\\\"\\\" -S 1\" -S 1 -W weka.classifiers.trees.RandomForest -- -P 100 -I 100 -num-slots 1 -K 0 -M 1.0 -V 0.001 -S 1',-4523450618538717400,2.02604271146E7,4330.0,481.0,455.0,26.0,0.0,94.5945945945946,5.405405405405405,0.0,0.7526111726539009,0.09577104922804441,0.213113827313917,41.52462235069627,62.74782469732538,272.1308087156738,106.04274981763517,166.08805889803864,0.565760517080403,0.22046309733396086,0.34529741974644207,142.20989770998875,0.2956546729937396,52.25791904310683,0.734375,47.0,0.02158273381294964,9.0,0.9784172661870504,408.0,0.265625,17.0,0.8392857142857143,0.734375,0.7833333333333332,0.7548010834760702,0.9710544064748201,0.8173661450540269,0.9459459459459459,0.2331536797588956,0.7668463202411044,0.05405405405405406,0.9439382239382239,0.9459459459459459,0.9444009329995077,0.7548010834760702,0.9710544064748202,0.9718240690492158,0.8762272367379255,0.9459459459459459,13.969,0.004,13.83,0.01,13830.0,10.0,1.2586734E7,1043348.0,161927.0,99.58419958419958,65.48856548856548,?,?
DatasetClassiRealeseNormalizedShuffled,5,6,weka.classifiers.meta.FilteredClassifier,'-F \"weka.filters.MultiFilter -F \\\"weka.filters.supervised.attribute.AttributeSelection -E \\\\\\\"weka.attributeSelection.WrapperSubsetEval -B weka.classifiers.bayes.NaiveBayes -F 5 -T 0.01 -R 1 -E AUC --\\\\\\\" -S \\\\\\\"weka.attributeSelection.GreedyStepwise -B -T -1.7976931348623157E308 -N -1 -num-slots 1\\\\\\\"\\\" -S 1\" -S 1 -W weka.classifiers.trees.RandomForest -- -P 100 -I 100 -num-slots 1 -K 0 -M 1.0 -V 0.001 -S 1',-4523450618538717400,2.02604271146E7,4330.0,481.0,459.0,22.0,0.0,95.42619542619542,4.573804573804574,0.0,0.787706134895478,0.08568300947499878,0.18972988772763874,37.15062786718,55.86281230565493,272.1308087156738,87.6506509432062,184.48015777246763,0.565760517080403,0.18222588553681124,0.38353463154359174,159.1774447973971,0.3309302386640272,58.49298929020124,0.75,48.0,0.014388489208633094,6.0,0.9856115107913669,411.0,0.25,16.0,0.8888888888888888,0.75,0.8135593220338982,0.7913993941881375,0.9797661870503597,0.9171941019277041,0.9542619542619543,0.21865044347058735,0.7813495565294126,0.04573804573804574,0.9527309691244117,0.9542619542619543,0.9525948614630435,0.7913993941881375,0.9797661870503597,0.9861700437526929,0.8937464856614988,0.9542619542619543,12.391,0.006,12.27,0.0,12270.0,0.0,2.7127445E7,1043348.0,161927.0,100.0,65.6964656964657,?,?
DatasetClassiRealeseNormalizedShuffled,5,7,weka.classifiers.meta.FilteredClassifier,'-F \"weka.filters.MultiFilter -F \\\"weka.filters.supervised.attribute.AttributeSelection -E \\\\\\\"weka.attributeSelection.WrapperSubsetEval -B weka.classifiers.bayes.NaiveBayes -F 5 -T 0.01 -R 1 -E AUC --\\\\\\\" -S \\\\\\\"weka.attributeSelection.GreedyStepwise -B -T -1.7976931348623157E308 -N -1 -num-slots 1\\\\\\\"\\\" -S 1\" -S 1 -W weka.classifiers.trees.RandomForest -- -P 100 -I 100 -num-slots 1 -K 0 -M 1.0 -V 0.001 -S 1',-4523450618538717400,2.02604271146E7,4330.0,481.0,449.0,32.0,0.0,93.34719334719335,6.652806652806653,0.0,0.707765331308145,0.09436782175406716,0.21922286611618333,40.91620789352267,64.5465296460621,272.1308087156738,106.89598592067735,165.2348227949965,0.565760517080403,0.22223697696606518,0.34352354011433783,142.16603444171201,0.29556348116780046,52.24180059312914,0.734375,47.0,0.03597122302158273,15.0,0.9640287769784173,402.0,0.265625,17.0,0.7580645161290323,0.734375,0.7460317460317459,0.7078834154217161,0.9691996402877698,0.788594537917903,0.9334719334719335,0.2350681564935162,0.7649318435064838,0.06652806652806653,0.9326346665633755,0.9334719334719335,0.9330235119708805,0.7078834154217162,0.9691996402877698,0.9678757233736097,0.8538771170350118,0.9334719334719335,13.958,0.004,13.77,0.0,13770.0,0.0,1.1061816E7,1043348.0,161927.0,99.37629937629937,64.13721413721414,?,?
DatasetClassiRealeseNormalizedShuffled,5,8,weka.classifiers.meta.FilteredClassifier,'-F \"weka.filters.MultiFilter -F \\\"weka.filters.supervised.attribute.AttributeSelection -E \\\\\\\"weka.attributeSelection.WrapperSubsetEval -B weka.classifiers.bayes.NaiveBayes -F 5 -T 0.01 -R 1 -E AUC --\\\\\\\" -S \\\\\\\"weka.attributeSelection.GreedyStepwise -B -T -1.7976931348623157E308 -N -1 -num-slots 1\\\\\\\"\\\" -S 1\" -S 1 -W weka.classifiers.trees.RandomForest -- -P 100 -I 100 -num-slots 1 -K 0 -M 1.0 -V 0.001 -S 1',-4523450618538717400,2.02604271147E7,4330.0,481.0,457.0,24.0,0.0,95.01039501039502,4.98960498960499,0.0,0.7808239984811087,0.09388352796422668,0.2058160564793575,40.706226726019445,60.59911735730995,272.1308087156738,95.71472105173024,176.41608766394359,0.565760517080403,0.19899110405765122,0.36676941302275173,140.20363354970334,0.2914836456334789,51.52067647591865,0.796875,51.0,0.026378896882494004,11.0,0.973621103117506,406.0,0.203125,13.0,0.8225806451612904,0.796875,0.8095238095238094,0.7809542717590401,0.9748576139088729,0.8561242724525047,0.9501039501039501,0.1796078469864441,0.820392153013556,0.0498960498960499,0.9494952469777321,0.9501039501039501,0.9497676339781603,0.7809542717590401,0.9748576139088729,0.9775092769901288,0.8904078377762588,0.9501039501039501,13.775,0.004,13.68,0.01,13680.0,10.0,1.1119837E7,1043348.0,161927.0,99.79209979209979,65.07276507276508,?,?
DatasetClassiRealeseNormalizedShuffled,5,9,weka.classifiers.meta.FilteredClassifier,'-F \"weka.filters.MultiFilter -F \\\"weka.filters.supervised.attribute.AttributeSelection -E \\\\\\\"weka.attributeSelection.WrapperSubsetEval -B weka.classifiers.bayes.NaiveBayes -F 5 -T 0.01 -R 1 -E AUC --\\\\\\\" -S \\\\\\\"weka.attributeSelection.GreedyStepwise -B -T -1.7976931348623157E308 -N -1 -num-slots 1\\\\\\\"\\\" -S 1\" -S 1 -W weka.classifiers.trees.RandomForest -- -P 100 -I 100 -num-slots 1 -K 0 -M 1.0 -V 0.001 -S 1',-4523450618538717400,2.02604271147E7,4330.0,481.0,466.0,15.0,0.0,96.88149688149689,3.1185031185031185,0.0,0.8657149770142756,0.073743839820054,0.16583357116712383,31.974016405798,48.82693902915324,272.1308087156738,68.23732280991375,203.8934859057601,0.565760517080403,0.14186553598734666,0.4238949810930563,173.39022684366327,0.360478642086618,63.71576509913798,0.890625,57.0,0.019184652278177457,8.0,0.9808153477218226,409.0,0.109375,7.0,0.8769230769230769,0.890625,0.883720930232558,0.8657496701598532,0.9898643585131894,0.9485772723226528,0.9688149688149689,0.09737462109314628,0.9026253789068538,0.031185031185031187,0.9690358627858626,0.9688149688149689,0.9689171225227509,0.8657496701598532,0.9898643585131894,0.9917618641119899,0.9328568636757029,0.9688149688149689,13.762,0.004,13.67,0.01,13670.0,10.0,1.332868E7,1043348.0,161927.0,100.0,64.34511434511434,?,?
DatasetClassiRealeseNormalizedShuffled,5,10,weka.classifiers.meta.FilteredClassifier,'-F \"weka.filters.MultiFilter -F \\\"weka.filters.supervised.attribute.AttributeSelection -E \\\\\\\"weka.attributeSelection.WrapperSubsetEval -B weka.classifiers.bayes.NaiveBayes -F 5 -T 0.01 -R 1 -E AUC --\\\\\\\" -S \\\\\\\"weka.attributeSelection.GreedyStepwise -B -T -1.7976931348623157E308 -N -1 -num-slots 1\\\\\\\"\\\" -S 1\" -S 1 -W weka.classifiers.trees.RandomForest -- -P 100 -I 100 -num-slots 1 -K 0 -M 1.0 -V 0.001 -S 1',-4523450618538717400,2.02604271147E7,4330.0,481.0,449.0,32.0,0.0,93.34719334719335,6.652806652806653,0.0,0.6997151664130477,0.10273463902935664,0.20997435102600337,44.54391094610591,61.82345807954962,272.1308087156738,100.7373736962785,171.39343501939533,0.565760517080403,0.20943320934777235,0.3563273077326306,138.63687170341262,0.2882263444977393,50.94493797218763,0.703125,45.0,0.03117505995203837,13.0,0.9688249400479616,404.0,0.296875,19.0,0.7758620689655172,0.703125,0.7377049180327868,0.7008268845581708,0.976880995203837,0.8579432936720764,0.9334719334719335,0.26152199342397187,0.7384780065760281,0.06652806652806653,0.9312363325569488,0.9334719334719335,0.9320735976473681,0.7008268845581708,0.976880995203837,0.9781027529958007,0.8498048399687743,0.9334719334719335,13.812,0.005,13.7,0.0,13700.0,0.0,1.5706972E7,1043348.0,161927.0,100.0,67.25571725571726,?,?
DatasetClassiRealeseNormalizedShuffled,6,1,weka.classifiers.meta.FilteredClassifier,'-F \"weka.filters.MultiFilter -F \\\"weka.filters.supervised.attribute.AttributeSelection -E \\\\\\\"weka.attributeSelection.WrapperSubsetEval -B weka.classifiers.bayes.NaiveBayes -F 5 -T 0.01 -R 1 -E AUC --\\\\\\\" -S \\\\\\\"weka.attributeSelection.GreedyStepwise -B -T -1.7976931348623157E308 -N -1 -num-slots 1\\\\\\\"\\\" -S 1\" -S 1 -W weka.classifiers.trees.RandomForest -- -P 100 -I 100 -num-slots 1 -K 0 -M 1.0 -V 0.001 -S 1',-4523450618538717400,2.02604271147E7,4329.0,482.0,448.0,34.0,0.0,92.9460580912863,7.053941908713693,0.0,0.6720038427667923,0.10069699818305837,0.21396649769786505,43.69454506889743,63.054284435481435,272.3366817903761,104.24424215724235,168.09243963313372,0.565013862635635,0.21627436132207958,0.34873950131355547,134.1124323062903,0.27824156080143214,49.24508568754604,0.65625,42.0,0.028708133971291867,12.0,0.9712918660287081,406.0,0.34375,22.0,0.7777777777777778,0.65625,0.711864406779661,0.6751527924351661,0.9705629485645934,0.8491958246299355,0.9294605809128631,0.30191871488415495,0.6980812851158451,0.07053941908713693,0.9259165901854078,0.9294605809128631,0.9268885221169623,0.6751527924351661,0.9705629485645932,0.9759960437208033,0.8358376407420763,0.9294605809128631,13.862,0.004,13.74,0.01,13740.0,10.0,1.5281844E7,1043119.0,162156.0,99.79253112033194,65.66390041493776,?,?
DatasetClassiRealeseNormalizedShuffled,6,2,weka.classifiers.meta.FilteredClassifier,'-F \"weka.filters.MultiFilter -F \\\"weka.filters.supervised.attribute.AttributeSelection -E \\\\\\\"weka.attributeSelection.WrapperSubsetEval -B weka.classifiers.bayes.NaiveBayes -F 5 -T 0.01 -R 1 -E AUC --\\\\\\\" -S \\\\\\\"weka.attributeSelection.GreedyStepwise -B -T -1.7976931348623157E308 -N -1 -num-slots 1\\\\\\\"\\\" -S 1\" -S 1 -W weka.classifiers.trees.RandomForest -- -P 100 -I 100 -num-slots 1 -K 0 -M 1.0 -V 0.001 -S 1',-4523450618538717400,2.02604271148E7,4330.0,481.0,459.0,22.0,0.0,95.42619542619542,4.573804573804574,0.0,0.7845596319068365,0.07927311093587373,0.17703100340723196,34.574652292133926,52.47187811597786,269.42867131105754,75.0095745355771,194.41909677548045,0.5601427677984564,0.1559450614045262,0.40419770639393027,170.30481770716992,0.35406407007727636,63.20961198318485,0.746031746031746,47.0,0.014354066985645933,6.0,0.9856459330143541,412.0,0.25396825396825395,16.0,0.8867924528301887,0.746031746031746,0.8103448275862069,0.7883487851722336,0.9883800410116199,0.9300025227774396,0.9542619542619543,0.22258427521585414,0.7774157247841458,0.04573804573804574,0.9526855640415859,0.9542619542619543,0.9525608061925009,0.7883487851722336,0.9883800410116199,0.9893237626383409,0.8921700497269096,0.9542619542619543,13.963,0.005,13.82,0.01,13820.0,10.0,1.4565198E7,1043348.0,161927.0,100.0,64.24116424116424,?,?
DatasetClassiRealeseNormalizedShuffled,6,3,weka.classifiers.meta.FilteredClassifier,'-F \"weka.filters.MultiFilter -F \\\"weka.filters.supervised.attribute.AttributeSelection -E \\\\\\\"weka.attributeSelection.WrapperSubsetEval -B weka.classifiers.bayes.NaiveBayes -F 5 -T 0.01 -R 1 -E AUC --\\\\\\\" -S \\\\\\\"weka.attributeSelection.GreedyStepwise -B -T -1.7976931348623157E308 -N -1 -num-slots 1\\\\\\\"\\\" -S 1\" -S 1 -W weka.classifiers.trees.RandomForest -- -P 100 -I 100 -num-slots 1 -K 0 -M 1.0 -V 0.001 -S 1',-4523450618538717400,2.02604271148E7,4330.0,481.0,461.0,20.0,0.0,95.84199584199584,4.158004158004158,0.0,0.8148718343468555,0.09308137382818787,0.19446934482819409,40.35842696988701,57.258266683507586,272.1308087156738,90.76795683490391,181.3628518807699,0.565760517080403,0.1887067709665362,0.3770537461138668,149.81180127023694,0.3114590462998689,55.05139310660061,0.8125,52.0,0.019184652278177457,8.0,0.9808153477218226,409.0,0.1875,12.0,0.8666666666666667,0.8125,0.8387096774193549,0.815430962176605,0.9802158273381295,0.8918696485024211,0.9584199584199584,0.1651046106981359,0.8348953893018641,0.04158004158004158,0.9575481931776468,0.9584199584199584,0.9578485489641084,0.815430962176605,0.9802158273381295,0.9829516455694365,0.9074216644853338,0.9584199584199584,14.131,0.005,13.99,0.01,13990.0,10.0,1.6670227E7,1043348.0,161927.0,100.0,65.28066528066527,?,?
DatasetClassiRealeseNormalizedShuffled,6,4,weka.classifiers.meta.FilteredClassifier,'-F \"weka.filters.MultiFilter -F \\\"weka.filters.supervised.attribute.AttributeSelection -E \\\\\\\"weka.attributeSelection.WrapperSubsetEval -B weka.classifiers.bayes.NaiveBayes -F 5 -T 0.01 -R 1 -E AUC --\\\\\\\" -S \\\\\\\"weka.attributeSelection.GreedyStepwise -B -T -1.7976931348623157E308 -N -1 -num-slots 1\\\\\\\"\\\" -S 1\" -S 1 -W weka.classifiers.trees.RandomForest -- -P 100 -I 100 -num-slots 1 -K 0 -M 1.0 -V 0.001 -S 1',-4523450618538717400,2.02604271148E7,4330.0,481.0,456.0,25.0,0.0,94.8024948024948,5.197505197505198,0.0,0.7637756605441511,0.08497194692992187,0.19225747616695266,36.84232380358207,56.607018715422214,272.1308087156738,85.10278526404367,187.02802345163013,0.565760517080403,0.17692886749281428,0.38883164958758865,159.89068054927546,0.332413057275001,58.75508227233894,0.75,48.0,0.02158273381294964,9.0,0.9784172661870504,408.0,0.25,16.0,0.8421052631578947,0.75,0.7933884297520661,0.7654518728333884,0.9825764388489209,0.8893363974913129,0.9480249480249481,0.21960768183789767,0.7803923181621023,0.05197505197505198,0.9462762739823315,0.9480249480249481,0.9467378426409881,0.7654518728333883,0.9825764388489209,0.9829973385174572,0.8818309568498737,0.9480249480249481,14.141,0.005,14.01,0.01,14010.0,10.0,1.6035448E7,1043348.0,161927.0,100.0,64.13721413721414,?,?
DatasetClassiRealeseNormalizedShuffled,6,5,weka.classifiers.meta.FilteredClassifier,'-F \"weka.filters.MultiFilter -F \\\"weka.filters.supervised.attribute.AttributeSelection -E \\\\\\\"weka.attributeSelection.WrapperSubsetEval -B weka.classifiers.bayes.NaiveBayes -F 5 -T 0.01 -R 1 -E AUC --\\\\\\\" -S \\\\\\\"weka.attributeSelection.GreedyStepwise -B -T -1.7976931348623157E308 -N -1 -num-slots 1\\\\\\\"\\\" -S 1\" -S 1 -W weka.classifiers.trees.RandomForest -- -P 100 -I 100 -num-slots 1 -K 0 -M 1.0 -V 0.001 -S 1',-4523450618538717400,2.02604271148E7,4330.0,481.0,464.0,17.0,0.0,96.46569646569647,3.5343035343035343,0.0,0.8393674491700228,0.07520717383851674,0.1732778712192476,32.608491990845664,51.01878946210002,272.1308087156738,76.19915776571132,195.9316509499625,0.565760517080403,0.15841820741312124,0.4073423096672817,181.87706378322935,0.3781227937281275,66.83442592979507,0.8125,52.0,0.011990407673860911,5.0,0.988009592326139,412.0,0.1875,12.0,0.9122807017543859,0.8125,0.859504132231405,0.8412095581899439,0.9848246402877698,0.9309439408726239,0.9646569646569647,0.16414737233082555,0.8358526276691745,0.035343035343035345,0.9637922622033844,0.9646569646569647,0.9637817329958719,0.8412095581899439,0.9848246402877698,0.988636381383151,0.9196450506579141,0.9646569646569647,12.187,0.006,12.06,0.0,12060.0,0.0,3.2253121E7,1043348.0,161927.0,99.79209979209979,65.07276507276508,?,?
DatasetClassiRealeseNormalizedShuffled,6,6,weka.classifiers.meta.FilteredClassifier,'-F \"weka.filters.MultiFilter -F \\\"weka.filters.supervised.attribute.AttributeSelection -E \\\\\\\"weka.attributeSelection.WrapperSubsetEval -B weka.classifiers.bayes.NaiveBayes -F 5 -T 0.01 -R 1 -E AUC --\\\\\\\" -S \\\\\\\"weka.attributeSelection.GreedyStepwise -B -T -1.7976931348623157E308 -N -1 -num-slots 1\\\\\\\"\\\" -S 1\" -S 1 -W weka.classifiers.trees.RandomForest -- -P 100 -I 100 -num-slots 1 -K 0 -M 1.0 -V 0.001 -S 1',-4523450618538717400,2.02604271148E7,4330.0,481.0,462.0,19.0,0.0,96.04989604989605,3.95010395010395,0.0,0.8179445805693343,0.08098976787193544,0.18230326209457784,35.11572184141712,53.67616581166867,272.1308087156738,82.36411376146619,189.76669495420765,0.565760517080403,0.17123516374525194,0.39452535333515104,173.8388308262542,0.3614112906990732,63.88061375582193,0.78125,50.0,0.011990407673860911,5.0,0.988009592326139,412.0,0.21875,14.0,0.9090909090909091,0.78125,0.8403361344537814,0.8210030879612951,0.9822017386091128,0.9210449964630717,0.9604989604989606,0.1912393681728214,0.8087606318271786,0.0395010395010395,0.9594128749058326,0.9604989604989606,0.9592160833525708,0.8210030879612951,0.9822017386091126,0.9870021965569975,0.9088987908330592,0.9604989604989606,12.625,0.006,12.52,0.01,12520.0,10.0,3.1617334E7,1043348.0,161927.0,99.58419958419958,65.07276507276508,?,?
DatasetClassiRealeseNormalizedShuffled,6,7,weka.classifiers.meta.FilteredClassifier,'-F \"weka.filters.MultiFilter -F \\\"weka.filters.supervised.attribute.AttributeSelection -E \\\\\\\"weka.attributeSelection.WrapperSubsetEval -B weka.classifiers.bayes.NaiveBayes -F 5 -T 0.01 -R 1 -E AUC --\\\\\\\" -S \\\\\\\"weka.attributeSelection.GreedyStepwise -B -T -1.7976931348623157E308 -N -1 -num-slots 1\\\\\\\"\\\" -S 1\" -S 1 -W weka.classifiers.trees.RandomForest -- -P 100 -I 100 -num-slots 1 -K 0 -M 1.0 -V 0.001 -S 1',-4523450618538717400,2.02604271149E7,4330.0,481.0,464.0,17.0,0.0,96.46569646569647,3.5343035343035343,0.0,0.8415647827013624,0.08027045247543452,0.1682297552687219,34.80383948833128,49.532455615498996,272.1308087156738,74.13650092420414,197.99430779146968,0.565760517080403,0.15412993955135995,0.411630577529043,170.79128563360985,0.3550754379077128,62.76073129671071,0.828125,53.0,0.014388489208633094,6.0,0.9856115107913669,411.0,0.171875,11.0,0.8983050847457628,0.828125,0.8617886178861789,0.8424799724685494,0.9895833333333334,0.9567468955959747,0.9646569646569647,0.15092045386559774,0.8490795461344023,0.035343035343035345,0.963870804942377,0.9646569646569647,0.9640439232578538,0.8424799724685494,0.9895833333333333,0.9927851155754235,0.9207632004806341,0.9646569646569647,12.854,0.006,12.58,0.01,12580.0,10.0,3.0159385E7,1043348.0,161927.0,100.0,65.5925155925156,?,?
DatasetClassiRealeseNormalizedShuffled,6,8,weka.classifiers.meta.FilteredClassifier,'-F \"weka.filters.MultiFilter -F \\\"weka.filters.supervised.attribute.AttributeSelection -E \\\\\\\"weka.attributeSelection.WrapperSubsetEval -B weka.classifiers.bayes.NaiveBayes -F 5 -T 0.01 -R 1 -E AUC --\\\\\\\" -S \\\\\\\"weka.attributeSelection.GreedyStepwise -B -T -1.7976931348623157E308 -N -1 -num-slots 1\\\\\\\"\\\" -S 1\" -S 1 -W weka.classifiers.trees.RandomForest -- -P 100 -I 100 -num-slots 1 -K 0 -M 1.0 -V 0.001 -S 1',-4523450618538717400,2.02604271149E7,4330.0,481.0,460.0,21.0,0.0,95.63409563409563,4.365904365904366,0.0,0.7987808522082115,0.08154902657870686,0.18009877356358753,35.3582064626279,53.02709080028479,272.1308087156738,81.66974485115558,190.46106386451822,0.565760517080403,0.1697915693371218,0.3959689477432811,173.8973342847986,0.3615329195110158,63.90211204145174,0.765625,49.0,0.014388489208633094,6.0,0.9856115107913669,411.0,0.234375,15.0,0.8909090909090909,0.765625,0.823529411764706,0.8017677014386754,0.9845623501199041,0.9171337693681143,0.9563409563409564,0.20510444554958943,0.7948955544504106,0.04365904365904366,0.954958592986762,0.9563409563409564,0.9549230394949464,0.8017677014386754,0.9845623501199041,0.986776330289887,0.899309189868118,0.9563409563409564,14.146,0.005,13.94,0.01,13940.0,10.0,1.7147453E7,1043348.0,161927.0,99.79209979209979,65.6964656964657,?,?
DatasetClassiRealeseNormalizedShuffled,6,9,weka.classifiers.meta.FilteredClassifier,'-F \"weka.filters.MultiFilter -F \\\"weka.filters.supervised.attribute.AttributeSelection -E \\\\\\\"weka.attributeSelection.WrapperSubsetEval -B weka.classifiers.bayes.NaiveBayes -F 5 -T 0.01 -R 1 -E AUC --\\\\\\\" -S \\\\\\\"weka.attributeSelection.GreedyStepwise -B -T -1.7976931348623157E308 -N -1 -num-slots 1\\\\\\\"\\\" -S 1\" -S 1 -W weka.classifiers.trees.RandomForest -- -P 100 -I 100 -num-slots 1 -K 0 -M 1.0 -V 0.001 -S 1',-4523450618538717400,2.02604271149E7,4330.0,481.0,454.0,27.0,0.0,94.38669438669439,5.613305613305613,0.0,0.7614218793055941,0.09904597040510843,0.20098557081285015,42.94456988392283,59.17686113102354,272.1308087156738,95.55991587192369,176.57089284375013,0.565760517080403,0.19866926376699312,0.36709125331340986,135.83832872610964,0.28240816782974976,49.916556441073695,0.8125,52.0,0.03597122302158273,15.0,0.9640287769784173,402.0,0.1875,12.0,0.7761194029850746,0.8125,0.7938931297709924,0.7616895498148123,0.9791479316546763,0.8650533103324463,0.9438669438669439,0.1673381668885266,0.8326618331114735,0.056133056133056136,0.9450825057573922,0.9438669438669439,0.9444083655784814,0.7616895498148123,0.9791479316546763,0.979274854775665,0.8807010775208752,0.9438669438669439,13.999,0.004,13.84,0.0,13840.0,0.0,1.5767967E7,1043348.0,161927.0,100.0,65.17671517671518,?,?
DatasetClassiRealeseNormalizedShuffled,6,10,weka.classifiers.meta.FilteredClassifier,'-F \"weka.filters.MultiFilter -F \\\"weka.filters.supervised.attribute.AttributeSelection -E \\\\\\\"weka.attributeSelection.WrapperSubsetEval -B weka.classifiers.bayes.NaiveBayes -F 5 -T 0.01 -R 1 -E AUC --\\\\\\\" -S \\\\\\\"weka.attributeSelection.GreedyStepwise -B -T -1.7976931348623157E308 -N -1 -num-slots 1\\\\\\\"\\\" -S 1\" -S 1 -W weka.classifiers.trees.RandomForest -- -P 100 -I 100 -num-slots 1 -K 0 -M 1.0 -V 0.001 -S 1',-4523450618538717400,2.02604271149E7,4330.0,481.0,448.0,33.0,0.0,93.13929313929314,6.860706860706861,0.0,0.6837984820414751,0.09848823173842554,0.2227472621888187,42.702744325039774,65.58422949743738,272.1308087156738,109.92051767625249,162.21029103942135,0.565760517080403,0.2285249847739137,0.3372355323064893,132.711023088328,0.2759064929071268,48.76736438430475,0.671875,43.0,0.02877697841726619,12.0,0.9712230215827338,405.0,0.328125,21.0,0.7818181818181819,0.671875,0.7226890756302521,0.686355382302957,0.9679069244604317,0.8102545442528266,0.9313929313929314,0.28829490981019756,0.7117050901898024,0.06860706860706861,0.9282329014723382,0.9313929313929314,0.9291647763492017,0.6863553823029571,0.9679069244604317,0.9705143131264391,0.8417715840784712,0.9313929313929314,13.917,0.004,13.73,0.0,13730.0,0.0,1.0531407E7,1043348.0,161927.0,99.79209979209979,64.76091476091476,?,?
DatasetClassiRealeseNormalizedShuffled,7,1,weka.classifiers.meta.FilteredClassifier,'-F \"weka.filters.MultiFilter -F \\\"weka.filters.supervised.attribute.AttributeSelection -E \\\\\\\"weka.attributeSelection.WrapperSubsetEval -B weka.classifiers.bayes.NaiveBayes -F 5 -T 0.01 -R 1 -E AUC --\\\\\\\" -S \\\\\\\"weka.attributeSelection.GreedyStepwise -B -T -1.7976931348623157E308 -N -1 -num-slots 1\\\\\\\"\\\" -S 1\" -S 1 -W weka.classifiers.trees.RandomForest -- -P 100 -I 100 -num-slots 1 -K 0 -M 1.0 -V 0.001 -S 1',-4523450618538717400,2.0260427115E7,4329.0,482.0,447.0,35.0,0.0,92.73858921161826,7.261410788381743,0.0,0.655024334383052,0.08976437065304407,0.20530747235446245,38.95064808138974,60.50253613464266,272.3366817903761,94.14873196498431,178.18794982539177,0.565013862635635,0.19532931942942802,0.369684543206207,160.11109123011082,0.3321806871994,58.79159949277492,0.625,40.0,0.02631578947368421,11.0,0.9736842105263158,407.0,0.375,24.0,0.7843137254901961,0.625,0.6956521739130435,0.6604686515767721,0.9789174641148325,0.8319976132278545,0.9273858921161826,0.3287016815898668,0.6712983184101332,0.07261410788381743,0.9230704903386006,0.9273858921161826,0.9238375548527659,0.660468651576772,0.9789174641148326,0.9750371655296369,0.8272136016797256,0.9273858921161826,13.696,0.004,13.62,0.0,13620.0,0.0,1.3929002E7,1043119.0,162156.0,100.0,64.83402489626556,?,?
DatasetClassiRealeseNormalizedShuffled,7,2,weka.classifiers.meta.FilteredClassifier,'-F \"weka.filters.MultiFilter -F \\\"weka.filters.supervised.attribute.AttributeSelection -E \\\\\\\"weka.attributeSelection.WrapperSubsetEval -B weka.classifiers.bayes.NaiveBayes -F 5 -T 0.01 -R 1 -E AUC --\\\\\\\" -S \\\\\\\"weka.attributeSelection.GreedyStepwise -B -T -1.7976931348623157E308 -N -1 -num-slots 1\\\\\\\"\\\" -S 1\" -S 1 -W weka.classifiers.trees.RandomForest -- -P 100 -I 100 -num-slots 1 -K 0 -M 1.0 -V 0.001 -S 1',-4523450618538717400,2.0260427115E7,4330.0,481.0,450.0,31.0,0.0,93.55509355509355,6.444906444906445,0.0,0.6896967931242589,0.09617260594379705,0.2099537650463394,41.94529987885793,62.2301639682856,269.42867131105754,100.86355548562479,168.56511582543277,0.5601427677984564,0.2096955415501555,0.350447226248301,138.94083975008235,0.2888582946987159,51.56869128811983,0.6507936507936508,41.0,0.0215311004784689,9.0,0.9784688995215312,409.0,0.3492063492063492,22.0,0.82,0.6507936507936508,0.7256637168141592,0.6956113577853283,0.9707032733348523,0.8477080148422488,0.9355509355509356,0.3062883852357536,0.6937116147642464,0.06444906444906445,0.9320656405111162,0.9355509355509356,0.932337114769336,0.6956113577853283,0.9707032733348523,0.9760981527264784,0.8445750857333458,0.9355509355509356,13.841,0.005,13.73,0.0,13730.0,0.0,1.3837165E7,1043348.0,161927.0,99.79209979209979,64.55301455301455,?,?
DatasetClassiRealeseNormalizedShuffled,7,3,weka.classifiers.meta.FilteredClassifier,'-F \"weka.filters.MultiFilter -F \\\"weka.filters.supervised.attribute.AttributeSelection -E \\\\\\\"weka.attributeSelection.WrapperSubsetEval -B weka.classifiers.bayes.NaiveBayes -F 5 -T 0.01 -R 1 -E AUC --\\\\\\\" -S \\\\\\\"weka.attributeSelection.GreedyStepwise -B -T -1.7976931348623157E308 -N -1 -num-slots 1\\\\\\\"\\\" -S 1\" -S 1 -W weka.classifiers.trees.RandomForest -- -P 100 -I 100 -num-slots 1 -K 0 -M 1.0 -V 0.001 -S 1',-4523450618538717400,2.0260427115E7,4330.0,481.0,461.0,20.0,0.0,95.84199584199584,4.158004158004158,0.0,0.8097009020414622,0.08531265661908027,0.1923320438528925,36.99004946063149,56.628973931301026,272.1308087156738,89.37384358210087,182.75696513357295,0.565760517080403,0.18580840661559433,0.37995211046480865,160.15061288311398,0.3329534571374511,58.85059969466436,0.78125,50.0,0.014388489208633094,6.0,0.9856115107913669,411.0,0.21875,14.0,0.8928571428571429,0.78125,0.8333333333333334,0.8120569297388033,0.9787919664268585,0.887395686494276,0.9584199584199584,0.1915584476285915,0.8084415523714085,0.04158004158004158,0.9571858348328937,0.9584199584199584,0.9572314869226983,0.8120569297388033,0.9787919664268585,0.9820806476903341,0.9047901821060966,0.9584199584199584,13.897,0.004,13.79,0.0,13790.0,0.0,1.30149E7,1043348.0,161927.0,99.79209979209979,64.55301455301455,?,?
DatasetClassiRealeseNormalizedShuffled,7,4,weka.classifiers.meta.FilteredClassifier,'-F \"weka.filters.MultiFilter -F \\\"weka.filters.supervised.attribute.AttributeSelection -E \\\\\\\"weka.attributeSelection.WrapperSubsetEval -B weka.classifiers.bayes.NaiveBayes -F 5 -T 0.01 -R 1 -E AUC --\\\\\\\" -S \\\\\\\"weka.attributeSelection.GreedyStepwise -B -T -1.7976931348623157E308 -N -1 -num-slots 1\\\\\\\"\\\" -S 1\" -S 1 -W weka.classifiers.trees.RandomForest -- -P 100 -I 100 -num-slots 1 -K 0 -M 1.0 -V 0.001 -S 1',-4523450618538717400,2.0260427115E7,4330.0,481.0,456.0,25.0,0.0,94.8024948024948,5.197505197505198,0.0,0.7670070333843563,0.08346153611106515,0.1901649695432479,36.18743655578667,55.99091491560254,272.1308087156738,84.42315739577963,187.70765131989418,0.565760517080403,0.17551591974174557,0.39024459733865735,162.2411842597745,0.33729975937583057,59.618822663069515,0.765625,49.0,0.023980815347721823,10.0,0.9760191846522782,407.0,0.234375,15.0,0.8305084745762712,0.765625,0.7967479674796748,0.7678411426564442,0.9817146282973621,0.9086171962533105,0.9480249480249481,0.20638076337266986,0.7936192366273301,0.05197505197505198,0.9466325727471202,0.9480249480249481,0.9471234165556676,0.7678411426564441,0.9817146282973621,0.9853809975409071,0.883475294824462,0.9480249480249481,12.721,0.007,12.62,0.01,12620.0,10.0,2.7739491E7,1043348.0,161927.0,100.0,64.96881496881497,?,?
DatasetClassiRealeseNormalizedShuffled,7,5,weka.classifiers.meta.FilteredClassifier,'-F \"weka.filters.MultiFilter -F \\\"weka.filters.supervised.attribute.AttributeSelection -E \\\\\\\"weka.attributeSelection.WrapperSubsetEval -B weka.classifiers.bayes.NaiveBayes -F 5 -T 0.01 -R 1 -E AUC --\\\\\\\" -S \\\\\\\"weka.attributeSelection.GreedyStepwise -B -T -1.7976931348623157E308 -N -1 -num-slots 1\\\\\\\"\\\" -S 1\" -S 1 -W weka.classifiers.trees.RandomForest -- -P 100 -I 100 -num-slots 1 -K 0 -M 1.0 -V 0.001 -S 1',-4523450618538717400,2.02604271151E7,4330.0,481.0,458.0,23.0,0.0,95.21829521829522,4.781704781704781,0.0,0.7796171238470888,0.0817704844639524,0.18672127954898873,35.45422666002083,54.97697762774455,272.1308087156738,84.68093778955105,187.44987092612277,0.565760517080403,0.17605184571632235,0.3897086713640806,167.07393297657333,0.34734705400535,61.39471446290177,0.75,48.0,0.016786570743405275,7.0,0.9832134292565947,410.0,0.25,16.0,0.8727272727272727,0.75,0.8067226890756303,0.7825323149160556,0.981339928057554,0.9115059724705803,0.9521829521829522,0.21896952292635743,0.7810304770736426,0.04781704781704782,0.9505043110676914,0.9521829521829522,0.9506299956373225,0.7825323149160556,0.9813399280575539,0.9856657489248423,0.889719588903177,0.9521829521829522,12.508,0.007,12.39,0.01,12390.0,10.0,2.9399825E7,1043348.0,161927.0,99.79209979209979,64.44906444906445,?,?
DatasetClassiRealeseNormalizedShuffled,7,6,weka.classifiers.meta.FilteredClassifier,'-F \"weka.filters.MultiFilter -F \\\"weka.filters.supervised.attribute.AttributeSelection -E \\\\\\\"weka.attributeSelection.WrapperSubsetEval -B weka.classifiers.bayes.NaiveBayes -F 5 -T 0.01 -R 1 -E AUC --\\\\\\\" -S \\\\\\\"weka.attributeSelection.GreedyStepwise -B -T -1.7976931348623157E308 -N -1 -num-slots 1\\\\\\\"\\\" -S 1\" -S 1 -W weka.classifiers.trees.RandomForest -- -P 100 -I 100 -num-slots 1 -K 0 -M 1.0 -V 0.001 -S 1',-4523450618538717400,2.02604271151E7,4330.0,481.0,452.0,29.0,0.0,93.97089397089397,6.029106029106029,0.0,0.7259797662312152,0.10213788568607908,0.21308849585849393,44.28516931785966,62.740366271261486,272.1308087156738,108.09227290177365,164.03853581390018,0.565760517080403,0.2247240600868475,0.34103645699355545,129.4051034202517,0.2690334790441823,47.55253696962183,0.71875,46.0,0.026378896882494004,11.0,0.973621103117506,406.0,0.28125,18.0,0.8070175438596491,0.71875,0.7603305785123967,0.7275730301551107,0.9730590527577938,0.7969271850329884,0.9397089397089398,0.2473378365914337,0.7526621634085663,0.060291060291060294,0.9375182798718051,0.9397089397089398,0.9382158974635464,0.7275730301551107,0.9730590527577938,0.9694499688657747,0.8629239099458536,0.9397089397089398,13.879,0.005,13.76,0.01,13760.0,10.0,1.4978424E7,1043348.0,161927.0,99.58419958419958,66.32016632016632,?,?
DatasetClassiRealeseNormalizedShuffled,7,7,weka.classifiers.meta.FilteredClassifier,'-F \"weka.filters.MultiFilter -F \\\"weka.filters.supervised.attribute.AttributeSelection -E \\\\\\\"weka.attributeSelection.WrapperSubsetEval -B weka.classifiers.bayes.NaiveBayes -F 5 -T 0.01 -R 1 -E AUC --\\\\\\\" -S \\\\\\\"weka.attributeSelection.GreedyStepwise -B -T -1.7976931348623157E308 -N -1 -num-slots 1\\\\\\\"\\\" -S 1\" -S 1 -W weka.classifiers.trees.RandomForest -- -P 100 -I 100 -num-slots 1 -K 0 -M 1.0 -V 0.001 -S 1',-4523450618538717400,2.02604271151E7,4330.0,481.0,459.0,22.0,0.0,95.42619542619542,4.573804573804574,0.0,0.7963590177815411,0.07904514960972157,0.18768834074954543,34.27256997448474,55.261712726583234,272.1308087156738,81.49556917391062,190.6352395417632,0.565760517080403,0.16942945774201792,0.3963310593383851,166.54143489766884,0.3462399893922429,61.1990372143691,0.796875,51.0,0.02158273381294964,9.0,0.9784172661870504,408.0,0.203125,13.0,0.85,0.796875,0.8225806451612903,0.7969054429622205,0.9847122302158273,0.883735092537636,0.9542619542619543,0.1789696880749039,0.8210303119250961,0.04573804573804574,0.9532713418699166,0.9542619542619543,0.9536334038605192,0.7969054429622205,0.9847122302158273,0.9825803287795427,0.8981638309338671,0.9542619542619543,13.788,0.004,13.67,0.0,13670.0,0.0,1.2820843E7,1043348.0,161927.0,100.0,63.2016632016632,?,?
DatasetClassiRealeseNormalizedShuffled,7,8,weka.classifiers.meta.FilteredClassifier,'-F \"weka.filters.MultiFilter -F \\\"weka.filters.supervised.attribute.AttributeSelection -E \\\\\\\"weka.attributeSelection.WrapperSubsetEval -B weka.classifiers.bayes.NaiveBayes -F 5 -T 0.01 -R 1 -E AUC --\\\\\\\" -S \\\\\\\"weka.attributeSelection.GreedyStepwise -B -T -1.7976931348623157E308 -N -1 -num-slots 1\\\\\\\"\\\" -S 1\" -S 1 -W weka.classifiers.trees.RandomForest -- -P 100 -I 100 -num-slots 1 -K 0 -M 1.0 -V 0.001 -S 1',-4523450618538717400,2.02604271151E7,4330.0,481.0,458.0,23.0,0.0,95.21829521829522,4.781704781704781,0.0,0.7796171238470888,0.08411116520736524,0.18309973621917977,36.46910416942691,53.91067438099234,272.1308087156738,83.37078147163727,188.76002724403656,0.565760517080403,0.1733280280075619,0.3924324890728411,167.88247082199484,0.34902800586693317,61.69182813747519,0.75,48.0,0.016786570743405275,7.0,0.9832134292565947,410.0,0.25,16.0,0.8727272727272727,0.75,0.8067226890756303,0.7825323149160556,0.9825014988009593,0.9225880132174151,0.9521829521829522,0.21896952292635743,0.7810304770736426,0.04781704781704782,0.9505043110676914,0.9521829521829522,0.9506299956373225,0.7825323149160556,0.9825014988009592,0.987244219432529,0.889719588903177,0.9521829521829522,12.152,0.007,12.04,0.01,12040.0,10.0,2.9304697E7,1043348.0,161927.0,99.79209979209979,64.76091476091476,?,?
DatasetClassiRealeseNormalizedShuffled,7,9,weka.classifiers.meta.FilteredClassifier,'-F \"weka.filters.MultiFilter -F \\\"weka.filters.supervised.attribute.AttributeSelection -E \\\\\\\"weka.attributeSelection.WrapperSubsetEval -B weka.classifiers.bayes.NaiveBayes -F 5 -T 0.01 -R 1 -E AUC --\\\\\\\" -S \\\\\\\"weka.attributeSelection.GreedyStepwise -B -T -1.7976931348623157E308 -N -1 -num-slots 1\\\\\\\"\\\" -S 1\" -S 1 -W weka.classifiers.trees.RandomForest -- -P 100 -I 100 -num-slots 1 -K 0 -M 1.0 -V 0.001 -S 1',-4523450618538717400,2.02604271151E7,4330.0,481.0,457.0,24.0,0.0,95.01039501039502,4.98960498960499,0.0,0.7747863748097857,0.08812043433614639,0.18537960178694735,38.207451904121996,54.58194290815846,272.1308087156738,83.85613108864521,188.2746776270286,0.565760517080403,0.17433707087036426,0.39142344621003866,158.29140938351046,0.3290881691964874,58.167397558023495,0.765625,49.0,0.02158273381294964,9.0,0.9784172661870504,408.0,0.234375,15.0,0.8448275862068966,0.765625,0.8032786885245901,0.7760173672375842,0.9844499400479616,0.9147829104759536,0.9501039501039501,0.20606168391689975,0.7939383160831003,0.0498960498960499,0.9486106683465451,0.9501039501039501,0.9490551982355261,0.7760173672375842,0.9844499400479616,0.9865760070362946,0.8873536299765807,0.9501039501039501,11.716,0.006,11.56,0.01,11560.0,10.0,3.0558265E7,1043348.0,161927.0,100.0,66.42411642411642,?,?
DatasetClassiRealeseNormalizedShuffled,7,10,weka.classifiers.meta.FilteredClassifier,'-F \"weka.filters.MultiFilter -F \\\"weka.filters.supervised.attribute.AttributeSelection -E \\\\\\\"weka.attributeSelection.WrapperSubsetEval -B weka.classifiers.bayes.NaiveBayes -F 5 -T 0.01 -R 1 -E AUC --\\\\\\\" -S \\\\\\\"weka.attributeSelection.GreedyStepwise -B -T -1.7976931348623157E308 -N -1 -num-slots 1\\\\\\\"\\\" -S 1\" -S 1 -W weka.classifiers.trees.RandomForest -- -P 100 -I 100 -num-slots 1 -K 0 -M 1.0 -V 0.001 -S 1',-4523450618538717400,2.0260427115199998E7,4330.0,481.0,461.0,20.0,0.0,95.84199584199584,4.158004158004158,0.0,0.8070055771777073,0.07953631309871072,0.18184637474355583,34.48552972126751,53.541642924206634,272.1308087156738,76.39239149474001,195.7384172209338,0.565760517080403,0.15881994073750522,0.4069405763428977,167.117375029628,0.34743737012396675,61.41067812877983,0.765625,49.0,0.011990407673860911,5.0,0.988009592326139,412.0,0.234375,15.0,0.9074074074074074,0.765625,0.8305084745762712,0.8107893243330283,0.9876348920863309,0.9300272011072518,0.9584199584199584,0.2047853660938193,0.7952146339061806,0.04158004158004158,0.9572252850941375,0.9584199584199584,0.9569044195118578,0.8107893243330283,0.9876348920863309,0.9890631994170672,0.9034058960559082,0.9584199584199584,13.8,0.004,13.74,0.0,13740.0,0.0,1.4454129E7,1043348.0,161927.0,100.0,64.03326403326403,?,?
DatasetClassiRealeseNormalizedShuffled,8,1,weka.classifiers.meta.FilteredClassifier,'-F \"weka.filters.MultiFilter -F \\\"weka.filters.supervised.attribute.AttributeSelection -E \\\\\\\"weka.attributeSelection.WrapperSubsetEval -B weka.classifiers.bayes.NaiveBayes -F 5 -T 0.01 -R 1 -E AUC --\\\\\\\" -S \\\\\\\"weka.attributeSelection.GreedyStepwise -B -T -1.7976931348623157E308 -N -1 -num-slots 1\\\\\\\"\\\" -S 1\" -S 1 -W weka.classifiers.trees.RandomForest -- -P 100 -I 100 -num-slots 1 -K 0 -M 1.0 -V 0.001 -S 1',-4523450618538717400,2.0260427115199998E7,4329.0,482.0,464.0,18.0,0.0,96.2655601659751,3.7344398340248963,0.0,0.831140521603737,0.08277881943917997,0.18572276515303107,35.91947051053113,54.731073257269976,272.3366817903761,81.90224211902277,190.4344396713533,0.565013862635635,0.16992166414735016,0.3950921984882848,160.31508800998375,0.33260391703316133,58.866505590085005,0.8125,52.0,0.014354066985645933,6.0,0.9856459330143541,412.0,0.1875,12.0,0.896551724137931,0.8125,0.8524590163934426,0.8324602552180301,0.9829171650717703,0.8881659733714278,0.9626556016597511,0.16450966864539696,0.8354903313546029,0.03734439834024896,0.9617201694306687,0.9626556016597511,0.9618703528336253,0.8324602552180301,0.9829171650717703,0.9829087282630171,0.9155406720922082,0.9626556016597511,13.816,0.004,13.69,0.01,13690.0,10.0,1.2690339E7,1043119.0,162156.0,100.0,64.93775933609959,?,?
DatasetClassiRealeseNormalizedShuffled,8,2,weka.classifiers.meta.FilteredClassifier,'-F \"weka.filters.MultiFilter -F \\\"weka.filters.supervised.attribute.AttributeSelection -E \\\\\\\"weka.attributeSelection.WrapperSubsetEval -B weka.classifiers.bayes.NaiveBayes -F 5 -T 0.01 -R 1 -E AUC --\\\\\\\" -S \\\\\\\"weka.attributeSelection.GreedyStepwise -B -T -1.7976931348623157E308 -N -1 -num-slots 1\\\\\\\"\\\" -S 1\" -S 1 -W weka.classifiers.trees.RandomForest -- -P 100 -I 100 -num-slots 1 -K 0 -M 1.0 -V 0.001 -S 1',-4523450618538717400,2.0260427115199998E7,4330.0,481.0,458.0,23.0,0.0,95.21829521829522,4.781704781704781,0.0,0.7763830776383079,0.08292907071989765,0.17659527183066687,36.16918462263504,52.342727550614946,269.42867131105754,75.94336482512324,193.4853064859343,0.5601427677984564,0.15788641335784456,0.40225635444061186,162.4434517124744,0.3377202738305081,60.29182080808771,0.746031746031746,47.0,0.01674641148325359,7.0,0.9832535885167464,411.0,0.25396825396825395,16.0,0.8703703703703703,0.746031746031746,0.8034188034188035,0.7793725013069052,0.9895952001215159,0.9361692383580105,0.9521829521829522,0.22289761763445973,0.7771023823655402,0.04781704781704782,0.9504585652126635,0.9521829521829522,0.9505984819594288,0.7793725013069052,0.989595200121516,0.9902978556770745,0.8880999342537804,0.9521829521829522,12.625,0.005,12.53,0.0,12530.0,0.0,2.5472364E7,1043348.0,161927.0,100.0,65.5925155925156,?,?
DatasetClassiRealeseNormalizedShuffled,8,3,weka.classifiers.meta.FilteredClassifier,'-F \"weka.filters.MultiFilter -F \\\"weka.filters.supervised.attribute.AttributeSelection -E \\\\\\\"weka.attributeSelection.WrapperSubsetEval -B weka.classifiers.bayes.NaiveBayes -F 5 -T 0.01 -R 1 -E AUC --\\\\\\\" -S \\\\\\\"weka.attributeSelection.GreedyStepwise -B -T -1.7976931348623157E308 -N -1 -num-slots 1\\\\\\\"\\\" -S 1\" -S 1 -W weka.classifiers.trees.RandomForest -- -P 100 -I 100 -num-slots 1 -K 0 -M 1.0 -V 0.001 -S 1',-4523450618538717400,2.0260427115199998E7,4330.0,481.0,451.0,30.0,0.0,93.76299376299376,6.237006237006237,0.0,0.726029998101386,0.08748695185459843,0.2137477244800164,37.93278517525047,62.93446518309708,272.1308087156738,103.59302931428853,168.5377794013853,0.565760517080403,0.21537012331452918,0.35039039376587383,153.03632945765435,0.3181628471053105,56.23631156645292,0.75,48.0,0.03357314148681055,14.0,0.9664268585131894,403.0,0.25,16.0,0.7741935483870968,0.75,0.7619047619047619,0.7261511295060471,0.9708295863309353,0.8106694502803397,0.9376299376299376,0.2212030791167482,0.7787969208832518,0.062370062370062374,0.9368498116669646,0.9376299376299376,0.9372095424727004,0.7261511295060471,0.9708295863309352,0.9709442497539376,0.8630097972203236,0.9376299376299376,13.808,0.004,13.73,0.0,13730.0,0.0,1.1567923E7,1043348.0,161927.0,99.37629937629937,62.681912681912685,?,?
DatasetClassiRealeseNormalizedShuffled,8,4,weka.classifiers.meta.FilteredClassifier,'-F \"weka.filters.MultiFilter -F \\\"weka.filters.supervised.attribute.AttributeSelection -E \\\\\\\"weka.attributeSelection.WrapperSubsetEval -B weka.classifiers.bayes.NaiveBayes -F 5 -T 0.01 -R 1 -E AUC --\\\\\\\" -S \\\\\\\"weka.attributeSelection.GreedyStepwise -B -T -1.7976931348623157E308 -N -1 -num-slots 1\\\\\\\"\\\" -S 1\" -S 1 -W weka.classifiers.trees.RandomForest -- -P 100 -I 100 -num-slots 1 -K 0 -M 1.0 -V 0.001 -S 1',-4523450618538717400,2.02604271153E7,4330.0,481.0,456.0,25.0,0.0,94.8024948024948,5.197505197505198,0.0,0.7535204050259293,0.09134036355423852,0.2026242601043482,39.603555902720515,59.659345959400454,272.1308087156738,92.2986820440677,179.83212667160612,0.565760517080403,0.19188915185876862,0.37387136522163433,147.15416739251603,0.3059338199428608,54.07479148980328,0.703125,45.0,0.014388489208633094,6.0,0.9856115107913669,411.0,0.296875,19.0,0.8823529411764706,0.703125,0.7826086956521738,0.759786905975813,0.9774430455635491,0.8854335949937205,0.9480249480249481,0.2592884372335811,0.7407115627664189,0.05197505197505198,0.9460395152597614,0.9480249480249481,0.9454860917311511,0.759786905975813,0.9774430455635492,0.9817298140910086,0.876546378522663,0.9480249480249481,13.762,0.005,13.65,0.01,13650.0,10.0,1.3995349E7,1043348.0,161927.0,100.0,64.86486486486487,?,?
DatasetClassiRealeseNormalizedShuffled,8,5,weka.classifiers.meta.FilteredClassifier,'-F \"weka.filters.MultiFilter -F \\\"weka.filters.supervised.attribute.AttributeSelection -E \\\\\\\"weka.attributeSelection.WrapperSubsetEval -B weka.classifiers.bayes.NaiveBayes -F 5 -T 0.01 -R 1 -E AUC --\\\\\\\" -S \\\\\\\"weka.attributeSelection.GreedyStepwise -B -T -1.7976931348623157E308 -N -1 -num-slots 1\\\\\\\"\\\" -S 1\" -S 1 -W weka.classifiers.trees.RandomForest -- -P 100 -I 100 -num-slots 1 -K 0 -M 1.0 -V 0.001 -S 1',-4523450618538717400,2.02604271153E7,4330.0,481.0,461.0,20.0,0.0,95.84199584199584,4.158004158004158,0.0,0.8173533320675906,0.0798494043709854,0.17691537559468445,34.62128052432646,52.08979217347951,272.1308087156738,76.0777521543966,196.05305656127723,0.565760517080403,0.15816580489479543,0.40759471218560756,165.85438797582617,0.34481161741336,60.94656785043152,0.828125,53.0,0.02158273381294964,9.0,0.9784172661870504,408.0,0.171875,11.0,0.8548387096774194,0.828125,0.8412698412698412,0.817489699927702,0.9869604316546763,0.9253051272521031,0.9584199584199584,0.15187769223290806,0.848122307767092,0.04158004158004158,0.9579255371849105,0.9584199584199584,0.9581396949818003,0.8174896999277019,0.9869604316546763,0.9883231661449164,0.9086731981468823,0.9584199584199584,12.543,0.007,12.42,0.01,12420.0,10.0,2.4130395E7,1043348.0,161927.0,100.0,64.34511434511434,?,?
DatasetClassiRealeseNormalizedShuffled,8,6,weka.classifiers.meta.FilteredClassifier,'-F \"weka.filters.MultiFilter -F \\\"weka.filters.supervised.attribute.AttributeSelection -E \\\\\\\"weka.attributeSelection.WrapperSubsetEval -B weka.classifiers.bayes.NaiveBayes -F 5 -T 0.01 -R 1 -E AUC --\\\\\\\" -S \\\\\\\"weka.attributeSelection.GreedyStepwise -B -T -1.7976931348623157E308 -N -1 -num-slots 1\\\\\\\"\\\" -S 1\" -S 1 -W weka.classifiers.trees.RandomForest -- -P 100 -I 100 -num-slots 1 -K 0 -M 1.0 -V 0.001 -S 1',-4523450618538717400,2.02604271153E7,4330.0,481.0,464.0,17.0,0.0,96.46569646569647,3.5343035343035343,0.0,0.8393674491700228,0.07345959865569715,0.17469900171044378,31.850774496039488,51.43721771735466,272.1308087156738,78.98860758898229,193.14220112669153,0.565760517080403,0.16421747939497358,0.40154303768542937,184.27370236100373,0.3831054103139371,67.71511951575302,0.8125,52.0,0.011990407673860911,5.0,0.988009592326139,412.0,0.1875,12.0,0.9122807017543859,0.8125,0.859504132231405,0.8412095581899439,0.9812087829736211,0.9188088984066713,0.9646569646569647,0.16414737233082555,0.8358526276691745,0.035343035343035345,0.9637922622033844,0.9646569646569647,0.9637817329958719,0.8412095581899439,0.981208782973621,0.9864632598096527,0.9196450506579141,0.9646569646569647,12.164,0.006,12.04,0.0,12040.0,0.0,2.6417546E7,1043348.0,161927.0,99.58419958419958,64.86486486486487,?,?
DatasetClassiRealeseNormalizedShuffled,8,7,weka.classifiers.meta.FilteredClassifier,'-F \"weka.filters.MultiFilter -F \\\"weka.filters.supervised.attribute.AttributeSelection -E \\\\\\\"weka.attributeSelection.WrapperSubsetEval -B weka.classifiers.bayes.NaiveBayes -F 5 -T 0.01 -R 1 -E AUC --\\\\\\\" -S \\\\\\\"weka.attributeSelection.GreedyStepwise -B -T -1.7976931348623157E308 -N -1 -num-slots 1\\\\\\\"\\\" -S 1\" -S 1 -W weka.classifiers.trees.RandomForest -- -P 100 -I 100 -num-slots 1 -K 0 -M 1.0 -V 0.001 -S 1',-4523450618538717400,2.02604271153E7,4330.0,481.0,456.0,25.0,0.0,94.8024948024948,5.197505197505198,0.0,0.7670070333843563,0.09412123028553834,0.20107932678669477,40.80929022176175,59.20446601938428,272.1308087156738,97.44600125532864,174.68480746034518,0.565760517080403,0.20259043920026745,0.3631700778801355,149.05272744260674,0.3098809302341096,54.77245599131672,0.765625,49.0,0.023980815347721823,10.0,0.9760191846522782,407.0,0.234375,15.0,0.8305084745762712,0.765625,0.7967479674796748,0.7678411426564442,0.9737709832134293,0.8753431926507597,0.9480249480249481,0.20638076337266986,0.7936192366273301,0.05197505197505198,0.9466325727471202,0.9480249480249481,0.9471234165556676,0.7678411426564441,0.9737709832134293,0.9797793843890363,0.883475294824462,0.9480249480249481,13.728,0.004,13.61,0.0,13610.0,0.0,1.584222E7,1043348.0,161927.0,99.58419958419958,65.48856548856548,?,?
DatasetClassiRealeseNormalizedShuffled,8,8,weka.classifiers.meta.FilteredClassifier,'-F \"weka.filters.MultiFilter -F \\\"weka.filters.supervised.attribute.AttributeSelection -E \\\\\\\"weka.attributeSelection.WrapperSubsetEval -B weka.classifiers.bayes.NaiveBayes -F 5 -T 0.01 -R 1 -E AUC --\\\\\\\" -S \\\\\\\"weka.attributeSelection.GreedyStepwise -B -T -1.7976931348623157E308 -N -1 -num-slots 1\\\\\\\"\\\" -S 1\" -S 1 -W weka.classifiers.trees.RandomForest -- -P 100 -I 100 -num-slots 1 -K 0 -M 1.0 -V 0.001 -S 1',-4523450618538717400,2.02604271153E7,4330.0,481.0,457.0,24.0,0.0,95.01039501039502,4.98960498960499,0.0,0.765079365079365,0.08756326372245218,0.1943038536414511,37.96587264290427,57.20954055388201,272.1308087156738,85.97052942630442,186.16027928936938,0.565760517080403,0.17873290941019632,0.3870276076702066,160.13254892495587,0.3329159021308854,58.843961725871566,0.71875,46.0,0.014388489208633094,6.0,0.9856115107913669,411.0,0.28125,18.0,0.8846153846153846,0.71875,0.7931034482758621,0.770412486239394,0.983363309352518,0.8960770045546946,0.9501039501039501,0.2457424393125832,0.7542575606874168,0.0498960498960499,0.9482721021182559,0.9501039501039501,0.9478769926312113,0.7704124862393938,0.9833633093525179,0.984009169116163,0.8823673269748105,0.9501039501039501,13.795,0.005,13.66,0.0,13660.0,0.0,1.6455829E7,1043348.0,161927.0,100.0,64.44906444906445,?,?
DatasetClassiRealeseNormalizedShuffled,8,9,weka.classifiers.meta.FilteredClassifier,'-F \"weka.filters.MultiFilter -F \\\"weka.filters.supervised.attribute.AttributeSelection -E \\\\\\\"weka.attributeSelection.WrapperSubsetEval -B weka.classifiers.bayes.NaiveBayes -F 5 -T 0.01 -R 1 -E AUC --\\\\\\\" -S \\\\\\\"weka.attributeSelection.GreedyStepwise -B -T -1.7976931348623157E308 -N -1 -num-slots 1\\\\\\\"\\\" -S 1\" -S 1 -W weka.classifiers.trees.RandomForest -- -P 100 -I 100 -num-slots 1 -K 0 -M 1.0 -V 0.001 -S 1',-4523450618538717400,2.0260427115399998E7,4330.0,481.0,458.0,23.0,0.0,95.21829521829522,4.781704781704781,0.0,0.7913546951323013,0.09630438159412197,0.19929494241233883,41.75586577203584,58.67908369517775,272.1308087156738,103.37675796640454,168.75405074926928,0.565760517080403,0.21492049473264976,0.3508400223477532,143.02570260578486,0.2973507330681598,52.55770314313076,0.8125,52.0,0.026378896882494004,11.0,0.973621103117506,406.0,0.1875,12.0,0.8253968253968254,0.8125,0.8188976377952756,0.7913872585180297,0.9653214928057554,0.8809952340161132,0.9521829521829522,0.1660618490654462,0.8339381509345538,0.04781704781704782,0.9518796360901624,0.9521829521829522,0.9520233290519491,0.7913872585180297,0.9653214928057554,0.9787359833770497,0.8956763638078175,0.9521829521829522,13.767,0.005,13.64,0.01,13640.0,10.0,1.7246192E7,1043348.0,161927.0,99.37629937629937,66.63201663201663,?,?
DatasetClassiRealeseNormalizedShuffled,8,10,weka.classifiers.meta.FilteredClassifier,'-F \"weka.filters.MultiFilter -F \\\"weka.filters.supervised.attribute.AttributeSelection -E \\\\\\\"weka.attributeSelection.WrapperSubsetEval -B weka.classifiers.bayes.NaiveBayes -F 5 -T 0.01 -R 1 -E AUC --\\\\\\\" -S \\\\\\\"weka.attributeSelection.GreedyStepwise -B -T -1.7976931348623157E308 -N -1 -num-slots 1\\\\\\\"\\\" -S 1\" -S 1 -W weka.classifiers.trees.RandomForest -- -P 100 -I 100 -num-slots 1 -K 0 -M 1.0 -V 0.001 -S 1',-4523450618538717400,2.0260427115399998E7,4330.0,481.0,448.0,33.0,0.0,93.13929313929314,6.860706860706861,0.0,0.6598812916497035,0.09810100713155763,0.22232269205662292,42.53485062757385,65.45922187797635,272.1308087156738,111.42183478407718,160.70897393159663,0.565760517080403,0.2316462261623226,0.3341142909180803,137.3119575351934,0.28547184518751223,50.45807131623192,0.59375,38.0,0.016786570743405275,7.0,0.9832134292565947,410.0,0.40625,26.0,0.8444444444444444,0.59375,0.6972477064220183,0.6729097164009156,0.9623238908872902,0.8142234526589819,0.9313929313929314,0.35442950213633667,0.6455704978636634,0.06860706860706861,0.9276038918240752,0.9313929313929314,0.9261775043419966,0.6729097164009156,0.9623238908872902,0.970083975174691,0.8292803596588403,0.9313929313929314,13.862,0.005,13.7,0.01,13700.0,10.0,1.501971E7,1043348.0,161927.0,99.79209979209979,64.65696465696466,?,?
DatasetClassiRealeseNormalizedShuffled,9,1,weka.classifiers.meta.FilteredClassifier,'-F \"weka.filters.MultiFilter -F \\\"weka.filters.supervised.attribute.AttributeSelection -E \\\\\\\"weka.attributeSelection.WrapperSubsetEval -B weka.classifiers.bayes.NaiveBayes -F 5 -T 0.01 -R 1 -E AUC --\\\\\\\" -S \\\\\\\"weka.attributeSelection.GreedyStepwise -B -T -1.7976931348623157E308 -N -1 -num-slots 1\\\\\\\"\\\" -S 1\" -S 1 -W weka.classifiers.trees.RandomForest -- -P 100 -I 100 -num-slots 1 -K 0 -M 1.0 -V 0.001 -S 1',-4523450618538717400,2.0260427115399998E7,4329.0,482.0,463.0,19.0,0.0,96.05809128630706,3.9419087136929463,0.0,0.8253689790625836,0.07470301572900775,0.170347666561351,32.415209454603676,50.20014972365999,272.3366817903761,71.0080113408852,201.32867044949086,0.565013862635635,0.1473195256034963,0.4176943370321387,174.2971628017505,0.36161237095798854,64.00061925404198,0.828125,53.0,0.019138755980861243,8.0,0.9808612440191388,410.0,0.171875,11.0,0.8688524590163934,0.828125,0.8480000000000001,0.8256829171210276,0.9890101674641149,0.9402690222131794,0.9605809128630706,0.1515946688439318,0.8484053311560683,0.03941908713692946,0.9599272659235455,0.9605809128630706,0.9601783589434171,0.8256829171210276,0.9890101674641149,0.9906092852269792,0.9126769964243147,0.9605809128630706,12.561,0.005,12.41,0.0,12410.0,0.0,2.5488963E7,1043119.0,162156.0,100.0,64.6265560165975,?,?
DatasetClassiRealeseNormalizedShuffled,9,2,weka.classifiers.meta.FilteredClassifier,'-F \"weka.filters.MultiFilter -F \\\"weka.filters.supervised.attribute.AttributeSelection -E \\\\\\\"weka.attributeSelection.WrapperSubsetEval -B weka.classifiers.bayes.NaiveBayes -F 5 -T 0.01 -R 1 -E AUC --\\\\\\\" -S \\\\\\\"weka.attributeSelection.GreedyStepwise -B -T -1.7976931348623157E308 -N -1 -num-slots 1\\\\\\\"\\\" -S 1\" -S 1 -W weka.classifiers.trees.RandomForest -- -P 100 -I 100 -num-slots 1 -K 0 -M 1.0 -V 0.001 -S 1',-4523450618538717400,2.0260427115399998E7,4330.0,481.0,463.0,18.0,0.0,96.25779625779626,3.7422037422037424,0.0,0.8286833669713878,0.08850247744300098,0.18422702419081488,38.600003815410496,54.604774152315755,269.42867131105754,88.89177674360934,180.5368945674482,0.5601427677984564,0.18480618865615248,0.37533657914230395,153.29162690368017,0.3186936110263621,56.89506842673911,0.8095238095238095,51.0,0.014354066985645933,6.0,0.9856459330143541,412.0,0.19047619047619047,12.0,0.8947368421052632,0.8095238095238095,0.8500000000000001,0.8300378668122032,0.9762284499126604,0.9115582410899018,0.9625779625779626,0.167408220039799,0.8325917799602011,0.037422037422037424,0.9616179467222168,0.9625779625779626,0.961775744317312,0.830037866812203,0.9762284499126603,0.9850066008690594,0.9143111638954871,0.9625779625779626,12.503,0.006,12.38,0.0,12380.0,0.0,3.2627051E7,1043348.0,161927.0,99.58419958419958,67.67151767151768,?,?
DatasetClassiRealeseNormalizedShuffled,9,3,weka.classifiers.meta.FilteredClassifier,'-F \"weka.filters.MultiFilter -F \\\"weka.filters.supervised.attribute.AttributeSelection -E \\\\\\\"weka.attributeSelection.WrapperSubsetEval -B weka.classifiers.bayes.NaiveBayes -F 5 -T 0.01 -R 1 -E AUC --\\\\\\\" -S \\\\\\\"weka.attributeSelection.GreedyStepwise -B -T -1.7976931348623157E308 -N -1 -num-slots 1\\\\\\\"\\\" -S 1\" -S 1 -W weka.classifiers.trees.RandomForest -- -P 100 -I 100 -num-slots 1 -K 0 -M 1.0 -V 0.001 -S 1',-4523450618538717400,2.02604271155E7,4330.0,481.0,450.0,31.0,0.0,93.55509355509355,6.444906444906445,0.0,0.6898774983881371,0.08999727005283184,0.19682188976202372,39.02121446575049,57.95093444214665,272.1308087156738,87.07577815802703,185.05503055764677,0.565760517080403,0.18103072382126204,0.3847297932591409,153.01850116355604,0.31812578204481506,56.22976019721162,0.640625,41.0,0.019184652278177457,8.0,0.9808153477218226,409.0,0.359375,23.0,0.8367346938775511,0.640625,0.7256637168141593,0.6977784423979324,0.9838504196642686,0.8849587179573531,0.9355509355509356,0.314110587829113,0.6858894121708871,0.06444906444906445,0.9321198160483876,0.9355509355509356,0.9318426808029361,0.6977784423979323,0.9838504196642686,0.9826349708926859,0.8445750857333458,0.9355509355509356,13.748,0.004,13.62,0.0,13620.0,0.0,1.4684195E7,1043348.0,161927.0,100.0,64.55301455301455,?,?
DatasetClassiRealeseNormalizedShuffled,9,4,weka.classifiers.meta.FilteredClassifier,'-F \"weka.filters.MultiFilter -F \\\"weka.filters.supervised.attribute.AttributeSelection -E \\\\\\\"weka.attributeSelection.WrapperSubsetEval -B weka.classifiers.bayes.NaiveBayes -F 5 -T 0.01 -R 1 -E AUC --\\\\\\\" -S \\\\\\\"weka.attributeSelection.GreedyStepwise -B -T -1.7976931348623157E308 -N -1 -num-slots 1\\\\\\\"\\\" -S 1\" -S 1 -W weka.classifiers.trees.RandomForest -- -P 100 -I 100 -num-slots 1 -K 0 -M 1.0 -V 0.001 -S 1',-4523450618538717400,2.02604271155E7,4330.0,481.0,444.0,37.0,0.0,92.3076923076923,7.6923076923076925,0.0,0.6598237666532869,0.09477281625635775,0.2281560763153412,41.09180630136386,67.17676492748963,272.1308087156738,121.99970258169733,150.1311061339765,0.565760517080403,0.25363763530498407,0.3121228817754189,139.80296992309883,0.2906506651207876,51.37344447800726,0.6875,44.0,0.0407673860911271,17.0,0.9592326139088729,400.0,0.3125,20.0,0.7213114754098361,0.6875,0.7040000000000001,0.6600748933232888,0.9580710431654677,0.8034660125585305,0.9230769230769231,0.2763443091680502,0.7236556908319498,0.07692307692307693,0.9216357413078724,0.9230769230769231,0.9222917011304107,0.660074893323289,0.9580710431654677,0.9680065541155111,0.8298972520908006,0.9230769230769231,13.819,0.004,13.7,0.01,13700.0,10.0,1.1008062E7,1043348.0,161927.0,99.37629937629937,63.2016632016632,?,?
DatasetClassiRealeseNormalizedShuffled,9,5,weka.classifiers.meta.FilteredClassifier,'-F \"weka.filters.MultiFilter -F \\\"weka.filters.supervised.attribute.AttributeSelection -E \\\\\\\"weka.attributeSelection.WrapperSubsetEval -B weka.classifiers.bayes.NaiveBayes -F 5 -T 0.01 -R 1 -E AUC --\\\\\\\" -S \\\\\\\"weka.attributeSelection.GreedyStepwise -B -T -1.7976931348623157E308 -N -1 -num-slots 1\\\\\\\"\\\" -S 1\" -S 1 -W weka.classifiers.trees.RandomForest -- -P 100 -I 100 -num-slots 1 -K 0 -M 1.0 -V 0.001 -S 1',-4523450618538717400,2.02604271155E7,4330.0,481.0,456.0,25.0,0.0,94.8024948024948,5.197505197505198,0.0,0.757036348574546,0.0886090025064322,0.19890285611595915,38.419286366908146,58.56364040132138,272.1308087156738,97.75474185349343,174.37606686218038,0.565760517080403,0.20323231154572438,0.36252820553467857,149.48533801632922,0.31078032851627696,54.93142754465322,0.71875,46.0,0.016786570743405275,7.0,0.9832134292565947,410.0,0.28125,18.0,0.8679245283018868,0.71875,0.7863247863247864,0.7613996662454237,0.9721223021582733,0.8897841515934267,0.9480249480249481,0.24606151876835328,0.7539384812316468,0.05197505197505198,0.9459662923778601,0.9480249480249481,0.9459199755057743,0.7613996662454237,0.9721223021582733,0.9813177689014639,0.8783694937541092,0.9480249480249481,13.783,0.005,13.67,0.0,13670.0,0.0,1.3331768E7,1043348.0,161927.0,99.58419958419958,64.65696465696466,?,?
DatasetClassiRealeseNormalizedShuffled,9,6,weka.classifiers.meta.FilteredClassifier,'-F \"weka.filters.MultiFilter -F \\\"weka.filters.supervised.attribute.AttributeSelection -E \\\\\\\"weka.attributeSelection.WrapperSubsetEval -B weka.classifiers.bayes.NaiveBayes -F 5 -T 0.01 -R 1 -E AUC --\\\\\\\" -S \\\\\\\"weka.attributeSelection.GreedyStepwise -B -T -1.7976931348623157E308 -N -1 -num-slots 1\\\\\\\"\\\" -S 1\" -S 1 -W weka.classifiers.trees.RandomForest -- -P 100 -I 100 -num-slots 1 -K 0 -M 1.0 -V 0.001 -S 1',-4523450618538717400,2.02604271155E7,4330.0,481.0,459.0,22.0,0.0,95.42619542619542,4.573804573804574,0.0,0.7990886652743497,0.09138562682903811,0.19434484895359166,39.62318125304882,57.22161094223751,272.1308087156738,91.99147770432305,180.13933101135078,0.565760517080403,0.19125047339776102,0.37451004368264196,153.5796387335885,0.3192923882195187,56.43596160920196,0.8125,52.0,0.023980815347721823,10.0,0.9760191846522782,407.0,0.1875,12.0,0.8387096774193549,0.8125,0.8253968253968254,0.799221985843371,0.9781549760191847,0.8851844485969453,0.9542619542619543,0.1657427696096761,0.834257230390324,0.04573804573804574,0.9537103920813212,0.9542619542619543,0.9539536644799803,0.799221985843371,0.9781549760191847,0.9817730819355357,0.8995405179615705,0.9542619542619543,13.774,0.005,13.63,0.0,13630.0,0.0,2.2321648E7,1043348.0,161927.0,100.0,66.32016632016632,?,?
DatasetClassiRealeseNormalizedShuffled,9,7,weka.classifiers.meta.FilteredClassifier,'-F \"weka.filters.MultiFilter -F \\\"weka.filters.supervised.attribute.AttributeSelection -E \\\\\\\"weka.attributeSelection.WrapperSubsetEval -B weka.classifiers.bayes.NaiveBayes -F 5 -T 0.01 -R 1 -E AUC --\\\\\\\" -S \\\\\\\"weka.attributeSelection.GreedyStepwise -B -T -1.7976931348623157E308 -N -1 -num-slots 1\\\\\\\"\\\" -S 1\" -S 1 -W weka.classifiers.trees.RandomForest -- -P 100 -I 100 -num-slots 1 -K 0 -M 1.0 -V 0.001 -S 1',-4523450618538717400,2.02604271155E7,4330.0,481.0,456.0,25.0,0.0,94.8024948024948,5.197505197505198,0.0,0.7701511936846533,0.08303784131644265,0.19005759157340382,36.00373003403017,55.95929925690478,272.1308087156738,80.89321959685768,191.23758911881615,0.565760517080403,0.16817717171903881,0.39758334536136414,163.6362480602068,0.34020009991726985,60.13146722801838,0.78125,50.0,0.026378896882494004,11.0,0.973621103117506,406.0,0.21875,14.0,0.819672131147541,0.78125,0.8,0.7704443105962328,0.9842251199040767,0.9115331614058165,0.9480249480249481,0.19315384490744203,0.806846155092558,0.05197505197505198,0.9471081421901095,0.9480249480249481,0.9474943926556829,0.7704443105962328,0.9842251199040767,0.9861524020409567,0.8850657108721625,0.9480249480249481,13.826,0.005,13.67,0.0,13670.0,0.0,1.5316123E7,1043348.0,161927.0,100.0,63.72141372141372,?,?
DatasetClassiRealeseNormalizedShuffled,9,8,weka.classifiers.meta.FilteredClassifier,'-F \"weka.filters.MultiFilter -F \\\"weka.filters.supervised.attribute.AttributeSelection -E \\\\\\\"weka.attributeSelection.WrapperSubsetEval -B weka.classifiers.bayes.NaiveBayes -F 5 -T 0.01 -R 1 -E AUC --\\\\\\\" -S \\\\\\\"weka.attributeSelection.GreedyStepwise -B -T -1.7976931348623157E308 -N -1 -num-slots 1\\\\\\\"\\\" -S 1\" -S 1 -W weka.classifiers.trees.RandomForest -- -P 100 -I 100 -num-slots 1 -K 0 -M 1.0 -V 0.001 -S 1',-4523450618538717400,2.02604271156E7,4330.0,481.0,457.0,24.0,0.0,95.01039501039502,4.98960498960499,0.0,0.765079365079365,0.08553528184323697,0.1915136750375668,37.086575795399256,56.388018834163326,272.1308087156738,88.81342205964515,183.31738665602867,0.565760517080403,0.18464328910529137,0.3811172279751116,162.40359730911948,0.3376374164430758,59.678504641053365,0.71875,46.0,0.014388489208633094,6.0,0.9856115107913669,411.0,0.28125,18.0,0.8846153846153846,0.71875,0.7931034482758621,0.770412486239394,0.9781175059952039,0.8875179218611788,0.9501039501039501,0.2457424393125832,0.7542575606874168,0.0498960498960499,0.9482721021182559,0.9501039501039501,0.9478769926312113,0.7704124862393938,0.9781175059952039,0.981957155506676,0.8823673269748105,0.9501039501039501,12.496,0.005,12.37,0.0,12370.0,0.0,2.1286537E7,1043348.0,161927.0,99.79209979209979,65.07276507276508,?,?
DatasetClassiRealeseNormalizedShuffled,9,9,weka.classifiers.meta.FilteredClassifier,'-F \"weka.filters.MultiFilter -F \\\"weka.filters.supervised.attribute.AttributeSelection -E \\\\\\\"weka.attributeSelection.WrapperSubsetEval -B weka.classifiers.bayes.NaiveBayes -F 5 -T 0.01 -R 1 -E AUC --\\\\\\\" -S \\\\\\\"weka.attributeSelection.GreedyStepwise -B -T -1.7976931348623157E308 -N -1 -num-slots 1\\\\\\\"\\\" -S 1\" -S 1 -W weka.classifiers.trees.RandomForest -- -P 100 -I 100 -num-slots 1 -K 0 -M 1.0 -V 0.001 -S 1',-4523450618538717400,2.02604271156E7,4330.0,481.0,448.0,33.0,0.0,93.13929313929314,6.860706860706861,0.0,0.6965995756637424,0.09374957851515502,0.21238096646454063,40.64814862902021,62.53204599969792,272.1308087156738,97.61019801316436,174.52061070250946,0.565760517080403,0.20293180460117333,0.36282871247922965,146.73777034236747,0.3050681296099116,53.92177792543923,0.71875,46.0,0.03597122302158273,15.0,0.9640287769784173,402.0,0.28125,18.0,0.7540983606557377,0.71875,0.7359999999999999,0.6968646990809368,0.9751573741007195,0.8484947785698397,0.9313929313929314,0.24861415441451412,0.7513858455854859,0.06860706860706861,0.9301265416019515,0.9313929313929314,0.9306925983055016,0.6968646990809368,0.9751573741007195,0.9765998543272518,0.8482867383512545,0.9313929313929314,13.711,0.004,13.61,0.01,13610.0,10.0,1.2189375E7,1043348.0,161927.0,99.79209979209979,64.13721413721414,?,?
DatasetClassiRealeseNormalizedShuffled,9,10,weka.classifiers.meta.FilteredClassifier,'-F \"weka.filters.MultiFilter -F \\\"weka.filters.supervised.attribute.AttributeSelection -E \\\\\\\"weka.attributeSelection.WrapperSubsetEval -B weka.classifiers.bayes.NaiveBayes -F 5 -T 0.01 -R 1 -E AUC --\\\\\\\" -S \\\\\\\"weka.attributeSelection.GreedyStepwise -B -T -1.7976931348623157E308 -N -1 -num-slots 1\\\\\\\"\\\" -S 1\" -S 1 -W weka.classifiers.trees.RandomForest -- -P 100 -I 100 -num-slots 1 -K 0 -M 1.0 -V 0.001 -S 1',-4523450618538717400,2.02604271156E7,4330.0,481.0,452.0,29.0,0.0,93.97089397089397,6.029106029106029,0.0,0.7259797662312152,0.08766133654000391,0.2080363084326503,38.008395271031766,61.252833646417265,272.1308087156738,95.24586424969905,176.88494446597477,0.565760517080403,0.19801634979147412,0.36774416728892884,149.91461259886876,0.3116727912658394,55.08917322018533,0.71875,46.0,0.026378896882494004,11.0,0.973621103117506,406.0,0.28125,18.0,0.8070175438596491,0.71875,0.7603305785123967,0.7275730301551107,0.9746702637889688,0.8515715023672751,0.9397089397089398,0.2473378365914337,0.7526621634085663,0.060291060291060294,0.9375182798718051,0.9397089397089398,0.9382158974635464,0.7275730301551107,0.9746702637889688,0.9769077445547772,0.8629239099458536,0.9397089397089398,13.794,0.008,13.66,0.01,13660.0,10.0,1.3171594E7,1043348.0,161927.0,99.79209979209979,63.2016632016632,?,?
DatasetClassiRealeseNormalizedShuffled,10,1,weka.classifiers.meta.FilteredClassifier,'-F \"weka.filters.MultiFilter -F \\\"weka.filters.supervised.attribute.AttributeSelection -E \\\\\\\"weka.attributeSelection.WrapperSubsetEval -B weka.classifiers.bayes.NaiveBayes -F 5 -T 0.01 -R 1 -E AUC --\\\\\\\" -S \\\\\\\"weka.attributeSelection.GreedyStepwise -B -T -1.7976931348623157E308 -N -1 -num-slots 1\\\\\\\"\\\" -S 1\" -S 1 -W weka.classifiers.trees.RandomForest -- -P 100 -I 100 -num-slots 1 -K 0 -M 1.0 -V 0.001 -S 1',-4523450618538717400,2.02604271156E7,4329.0,482.0,464.0,18.0,0.0,96.2655601659751,3.7344398340248963,0.0,0.831140521603737,0.08456927262871068,0.17569922498661286,36.69638580091029,51.77721291229077,272.3366817903761,77.56405829428857,194.7726234960875,0.565013862635635,0.16092128276823356,0.40409257986740144,163.4048422402314,0.3390141955191523,60.00104031744352,0.8125,52.0,0.014354066985645933,6.0,0.9856459330143541,412.0,0.1875,12.0,0.896551724137931,0.8125,0.8524590163934426,0.8324602552180301,0.9892344497607656,0.9426038519796424,0.9626556016597511,0.16450966864539696,0.8354903313546029,0.03734439834024896,0.9617201694306687,0.9626556016597511,0.9618703528336253,0.8324602552180301,0.9892344497607655,0.9909322845028417,0.9155406720922082,0.9626556016597511,12.943,0.006,12.82,0.01,12820.0,10.0,2.8302788E7,1043119.0,162156.0,100.0,64.83402489626556,?,?
DatasetClassiRealeseNormalizedShuffled,10,2,weka.classifiers.meta.FilteredClassifier,'-F \"weka.filters.MultiFilter -F \\\"weka.filters.supervised.attribute.AttributeSelection -E \\\\\\\"weka.attributeSelection.WrapperSubsetEval -B weka.classifiers.bayes.NaiveBayes -F 5 -T 0.01 -R 1 -E AUC --\\\\\\\" -S \\\\\\\"weka.attributeSelection.GreedyStepwise -B -T -1.7976931348623157E308 -N -1 -num-slots 1\\\\\\\"\\\" -S 1\" -S 1 -W weka.classifiers.trees.RandomForest -- -P 100 -I 100 -num-slots 1 -K 0 -M 1.0 -V 0.001 -S 1',-4523450618538717400,2.02604271157E7,4330.0,481.0,462.0,19.0,0.0,96.04989604989605,3.95010395010395,0.0,0.8125833111170357,0.07625716252048423,0.16780097232104016,33.259258376567075,49.73610270466615,269.42867131105754,69.78782016209153,199.64085114896602,0.5601427677984564,0.1450890232060115,0.41505374459244493,180.84120570730107,0.3759692426347216,67.12025295129726,0.7619047619047619,48.0,0.009569377990430622,4.0,0.9904306220095693,414.0,0.23809523809523808,15.0,0.9230769230769231,0.7619047619047619,0.8347826086956522,0.8174093211491651,0.9930508088402825,0.9536034139860402,0.9604989604989606,0.20816357658462922,0.7918364234153707,0.0395010395010395,0.9595394210778826,0.9604989604989606,0.958866280605411,0.8174093211491652,0.9930508088402824,0.9930352250944082,0.906175247677224,0.9604989604989606,12.488,0.006,12.35,0.01,12350.0,10.0,3.0512655E7,1043348.0,161927.0,100.0,64.55301455301455,?,?
DatasetClassiRealeseNormalizedShuffled,10,3,weka.classifiers.meta.FilteredClassifier,'-F \"weka.filters.MultiFilter -F \\\"weka.filters.supervised.attribute.AttributeSelection -E \\\\\\\"weka.attributeSelection.WrapperSubsetEval -B weka.classifiers.bayes.NaiveBayes -F 5 -T 0.01 -R 1 -E AUC --\\\\\\\" -S \\\\\\\"weka.attributeSelection.GreedyStepwise -B -T -1.7976931348623157E308 -N -1 -num-slots 1\\\\\\\"\\\" -S 1\" -S 1 -W weka.classifiers.trees.RandomForest -- -P 100 -I 100 -num-slots 1 -K 0 -M 1.0 -V 0.001 -S 1',-4523450618538717400,2.02604271157E7,4330.0,481.0,468.0,13.0,0.0,97.29729729729729,2.7027027027027026,0.0,0.8804786207160199,0.06857696176012752,0.15371299681448575,29.733750042424816,45.258237343786035,272.1308087156738,63.90808729638749,208.22272141928633,0.565760517080403,0.13286504635423596,0.432895470726167,186.46474096144166,0.38766058411942134,68.52026120874197,0.875,56.0,0.011990407673860911,5.0,0.988009592326139,412.0,0.125,8.0,0.9180327868852459,0.875,0.8959999999999999,0.8808137278691767,0.9918315347721822,0.9605220471198578,0.972972972972973,0.10996338064683389,0.8900366193531661,0.02702702702702703,0.9725805430723463,0.972972972972973,0.972697084180955,0.8808137278691767,0.9918315347721823,0.9936377403894716,0.9402341696535244,0.972972972972973,12.528,0.006,12.4,0.0,12400.0,0.0,2.7194112E7,1043348.0,161927.0,100.0,64.13721413721414,?,?
DatasetClassiRealeseNormalizedShuffled,10,4,weka.classifiers.meta.FilteredClassifier,'-F \"weka.filters.MultiFilter -F \\\"weka.filters.supervised.attribute.AttributeSelection -E \\\\\\\"weka.attributeSelection.WrapperSubsetEval -B weka.classifiers.bayes.NaiveBayes -F 5 -T 0.01 -R 1 -E AUC --\\\\\\\" -S \\\\\\\"weka.attributeSelection.GreedyStepwise -B -T -1.7976931348623157E308 -N -1 -num-slots 1\\\\\\\"\\\" -S 1\" -S 1 -W weka.classifiers.trees.RandomForest -- -P 100 -I 100 -num-slots 1 -K 0 -M 1.0 -V 0.001 -S 1',-4523450618538717400,2.02604271157E7,4330.0,481.0,452.0,29.0,0.0,93.97089397089397,6.029106029106029,0.0,0.7181621643464734,0.09556374719654215,0.20683051390706647,41.434739879531456,60.897807487552036,272.1308087156738,100.93714931862884,171.193659397045,0.565760517080403,0.20984854328197264,0.35591197379843037,152.77616481255166,0.31762196426725914,56.140708776628955,0.6875,44.0,0.02158273381294964,9.0,0.9784172661870504,408.0,0.3125,20.0,0.8301886792452831,0.6875,0.7521367521367521,0.7223014235354792,0.974632793764988,0.8499599651823562,0.9397089397089398,0.2737916735218893,0.7262083264781106,0.060291060291060294,0.9368941666596401,0.9397089397089398,0.9372671715866983,0.7223014235354793,0.974632793764988,0.9766083052931182,0.8589086127547666,0.9397089397089398,13.818,0.006,13.53,0.0,13530.0,0.0,2.5817964E7,1043348.0,161927.0,99.79209979209979,66.11226611226611,?,?
DatasetClassiRealeseNormalizedShuffled,10,5,weka.classifiers.meta.FilteredClassifier,'-F \"weka.filters.MultiFilter -F \\\"weka.filters.supervised.attribute.AttributeSelection -E \\\\\\\"weka.attributeSelection.WrapperSubsetEval -B weka.classifiers.bayes.NaiveBayes -F 5 -T 0.01 -R 1 -E AUC --\\\\\\\" -S \\\\\\\"weka.attributeSelection.GreedyStepwise -B -T -1.7976931348623157E308 -N -1 -num-slots 1\\\\\\\"\\\" -S 1\" -S 1 -W weka.classifiers.trees.RandomForest -- -P 100 -I 100 -num-slots 1 -K 0 -M 1.0 -V 0.001 -S 1',-4523450618538717400,2.02604271157E7,4330.0,481.0,463.0,18.0,0.0,96.25779625779626,3.7422037422037424,0.0,0.83338465091217,0.07976248251216136,0.18021539160841438,34.583592753431375,53.061427045499705,272.1308087156738,76.9491330241919,195.18167569148193,0.565760517080403,0.1599774075347025,0.40578310954570046,169.09594492286982,0.3515508210454674,62.13774387432321,0.828125,53.0,0.016786570743405275,7.0,0.9832134292565947,410.0,0.171875,11.0,0.8833333333333333,0.828125,0.8548387096774193,0.8339564813909894,0.9866981414868106,0.9109505210250246,0.9625779625779626,0.15123953332136783,0.8487604666786321,0.037422037422037424,0.961825044485377,0.9625779625779626,0.9620636940676974,0.8339564813909894,0.9866981414868106,0.9864274904141378,0.9166794980368003,0.9625779625779626,13.816,0.004,13.66,0.0,13660.0,0.0,1.4606436E7,1043348.0,161927.0,100.0,63.92931392931393,?,?
DatasetClassiRealeseNormalizedShuffled,10,6,weka.classifiers.meta.FilteredClassifier,'-F \"weka.filters.MultiFilter -F \\\"weka.filters.supervised.attribute.AttributeSelection -E \\\\\\\"weka.attributeSelection.WrapperSubsetEval -B weka.classifiers.bayes.NaiveBayes -F 5 -T 0.01 -R 1 -E AUC --\\\\\\\" -S \\\\\\\"weka.attributeSelection.GreedyStepwise -B -T -1.7976931348623157E308 -N -1 -num-slots 1\\\\\\\"\\\" -S 1\" -S 1 -W weka.classifiers.trees.RandomForest -- -P 100 -I 100 -num-slots 1 -K 0 -M 1.0 -V 0.001 -S 1',-4523450618538717400,2.02604271157E7,4330.0,481.0,453.0,28.0,0.0,94.17879417879418,5.8212058212058215,0.0,0.7298078080487902,0.08786200768326849,0.20242543352307135,38.09540270707752,59.60080477685789,272.1308087156738,98.43085702968614,173.69995168598768,0.565760517080403,0.20463795640267388,0.3611225606777291,153.270292031583,0.31864925578291686,56.322285872351195,0.703125,45.0,0.02158273381294964,9.0,0.9784172661870504,408.0,0.296875,19.0,0.8333333333333334,0.703125,0.7627118644067796,0.7332296037534655,0.9707359112709832,0.8819772497694731,0.9417879417879418,0.26024567560089146,0.7397543243991086,0.058212058212058215,0.9392480212152343,0.9417879417879418,0.9396661873166011,0.7332296037534655,0.9707359112709832,0.9800740809172159,0.8647682544782713,0.9417879417879418,13.703,0.004,13.59,0.0,13590.0,0.0,1.5248534E7,1043348.0,161927.0,99.58419958419958,64.76091476091476,?,?
DatasetClassiRealeseNormalizedShuffled,10,7,weka.classifiers.meta.FilteredClassifier,'-F \"weka.filters.MultiFilter -F \\\"weka.filters.supervised.attribute.AttributeSelection -E \\\\\\\"weka.attributeSelection.WrapperSubsetEval -B weka.classifiers.bayes.NaiveBayes -F 5 -T 0.01 -R 1 -E AUC --\\\\\\\" -S \\\\\\\"weka.attributeSelection.GreedyStepwise -B -T -1.7976931348623157E308 -N -1 -num-slots 1\\\\\\\"\\\" -S 1\" -S 1 -W weka.classifiers.trees.RandomForest -- -P 100 -I 100 -num-slots 1 -K 0 -M 1.0 -V 0.001 -S 1',-4523450618538717400,2.02604271158E7,4330.0,481.0,454.0,27.0,0.0,94.38669438669439,5.613305613305613,0.0,0.7517632891794257,0.09440859285679397,0.20489171922605742,40.93388551799476,60.32696161470839,272.1308087156738,94.80866552822036,177.32214318745346,0.565760517080403,0.19710741274058285,0.36865310433982007,143.31933811909843,0.29796120191080755,52.66560548417747,0.765625,49.0,0.02877697841726619,12.0,0.9712230215827338,405.0,0.234375,15.0,0.8032786885245902,0.765625,0.784,0.7520494077174088,0.9773306354916067,0.8592822253190793,0.9438669438669439,0.20701892228421007,0.79298107771579,0.056133056133056136,0.94286274204307,0.9438669438669439,0.9432939440681376,0.7520494077174088,0.9773306354916067,0.9782921178423527,0.8758709677419355,0.9438669438669439,13.925,0.004,13.79,0.01,13790.0,10.0,1.3339268E7,1043348.0,161927.0,99.79209979209979,64.86486486486487,?,?
DatasetClassiRealeseNormalizedShuffled,10,8,weka.classifiers.meta.FilteredClassifier,'-F \"weka.filters.MultiFilter -F \\\"weka.filters.supervised.attribute.AttributeSelection -E \\\\\\\"weka.attributeSelection.WrapperSubsetEval -B weka.classifiers.bayes.NaiveBayes -F 5 -T 0.01 -R 1 -E AUC --\\\\\\\" -S \\\\\\\"weka.attributeSelection.GreedyStepwise -B -T -1.7976931348623157E308 -N -1 -num-slots 1\\\\\\\"\\\" -S 1\" -S 1 -W weka.classifiers.trees.RandomForest -- -P 100 -I 100 -num-slots 1 -K 0 -M 1.0 -V 0.001 -S 1',-4523450618538717400,2.02604271158E7,4330.0,481.0,456.0,25.0,0.0,94.8024948024948,5.197505197505198,0.0,0.760453395485966,0.08775369303442136,0.19864610994840376,38.04843940319103,58.48804575916921,272.1308087156738,93.40463485932105,178.72617385635277,0.565760517080403,0.1941884300609585,0.37157208701944444,151.24649106268637,0.31444176936109436,55.57859904819189,0.734375,47.0,0.019184652278177457,8.0,0.9808153477218226,409.0,0.265625,17.0,0.8545454545454545,0.734375,0.7899159663865547,0.7632969283934359,0.9777428057553957,0.8714243759392512,0.9480249480249481,0.2328346003031255,0.7671653996968746,0.05197505197505198,0.9460500291486207,0.9480249480249481,0.9463369517796981,0.763296928393436,0.9777428057553957,0.9798465905837217,0.8801299879382358,0.9480249480249481,14.304,0.004,14.17,0.0,14170.0,0.0,9936666.0,1043348.0,161927.0,99.58419958419958,64.03326403326403,?,?
DatasetClassiRealeseNormalizedShuffled,10,9,weka.classifiers.meta.FilteredClassifier,'-F \"weka.filters.MultiFilter -F \\\"weka.filters.supervised.attribute.AttributeSelection -E \\\\\\\"weka.attributeSelection.WrapperSubsetEval -B weka.classifiers.bayes.NaiveBayes -F 5 -T 0.01 -R 1 -E AUC --\\\\\\\" -S \\\\\\\"weka.attributeSelection.GreedyStepwise -B -T -1.7976931348623157E308 -N -1 -num-slots 1\\\\\\\"\\\" -S 1\" -S 1 -W weka.classifiers.trees.RandomForest -- -P 100 -I 100 -num-slots 1 -K 0 -M 1.0 -V 0.001 -S 1',-4523450618538717400,2.02604271158E7,4330.0,481.0,454.0,27.0,0.0,94.38669438669439,5.613305613305613,0.0,0.7375992564605097,0.0898486217680588,0.19085699083105653,38.95676321521045,56.19466908304223,272.1308087156738,85.69881009781601,186.4319986178578,0.565760517080403,0.17816800436136385,0.3875925127190391,158.27049045340007,0.3290446786972974,58.15971047172514,0.703125,45.0,0.019184652278177457,8.0,0.9808153477218226,409.0,0.296875,19.0,0.8490566037735849,0.703125,0.7692307692307692,0.7418505448904514,0.9855365707434053,0.9127688248781343,0.9438669438669439,0.2599265961451213,0.7400734038548787,0.056133056133056136,0.9414302295187501,0.9438669438669439,0.9415935735462364,0.7418505448904514,0.9855365707434053,0.9865028174200656,0.8686390532544379,0.9438669438669439,12.475,0.007,12.38,0.0,12380.0,0.0,3.0962329E7,1043348.0,161927.0,100.0,66.32016632016632,?,?
DatasetClassiRealeseNormalizedShuffled,10,10,weka.classifiers.meta.FilteredClassifier,'-F \"weka.filters.MultiFilter -F \\\"weka.filters.supervised.attribute.AttributeSelection -E \\\\\\\"weka.attributeSelection.WrapperSubsetEval -B weka.classifiers.bayes.NaiveBayes -F 5 -T 0.01 -R 1 -E AUC --\\\\\\\" -S \\\\\\\"weka.attributeSelection.GreedyStepwise -B -T -1.7976931348623157E308 -N -1 -num-slots 1\\\\\\\"\\\" -S 1\" -S 1 -W weka.classifiers.trees.RandomForest -- -P 100 -I 100 -num-slots 1 -K 0 -M 1.0 -V 0.001 -S 1',-4523450618538717400,2.02604271158E7,4330.0,481.0,452.0,29.0,0.0,93.97089397089397,6.029106029106029,0.0,0.7297281587258533,0.09974618372297753,0.21503924753386336,43.248169915704956,63.314732682380324,272.1308087156738,105.38295885810538,166.74784985756844,0.565760517080403,0.21909139055739166,0.3466691265230113,133.0304546398115,0.27657059176675985,48.88474600419228,0.734375,47.0,0.02877697841726619,12.0,0.9712230215827338,405.0,0.265625,17.0,0.7966101694915254,0.734375,0.7642276422764227,0.7305217277503916,0.9677757793764988,0.8377159027706015,0.9397089397089398,0.2341109181262059,0.7658890818737941,0.060291060291060294,0.9380134566494917,0.9397089397089398,0.9386631632045743,0.7305217277503916,0.9677757793764988,0.9740181787018686,0.8648313419963758,0.9397089397089398,13.991,0.004,13.88,0.01,13880.0,10.0,1.2355093E7,1043348.0,161927.0,99.79209979209979,66.63201663201663,?,?
DatasetClassiRealeseNormalizedShuffled,1,1,weka.classifiers.meta.FilteredClassifier,'-F \"weka.filters.MultiFilter -F \\\"weka.filters.supervised.attribute.AttributeSelection -E \\\\\\\"weka.attributeSelection.WrapperSubsetEval -B weka.classifiers.bayes.NaiveBayes -F 5 -T 0.01 -R 1 -E AUC --\\\\\\\" -S \\\\\\\"weka.attributeSelection.GreedyStepwise -B -T -1.7976931348623157E308 -N -1 -num-slots 1\\\\\\\"\\\" -F \\\"weka.filters.supervised.instance.Resample -B 1.0 -S 1 -Z 200.0\\\" -S 1\" -S 1 -W weka.classifiers.trees.RandomForest -- -P 100 -I 100 -num-slots 1 -K 0 -M 1.0 -V 0.001 -S 1',-4523450618538717400,2.02604271159E7,4329.0,482.0,429.0,53.0,0.0,89.00414937759336,10.995850622406639,0.0,0.6430028787836439,0.13127443070980718,0.2718716714318524,56.96273605511077,80.11849464685996,272.3366817903761,163.66112230154204,108.67555948883404,0.565013862635635,0.33954589689116604,0.22546796574446895,51.38003548116765,0.106597583985825,18.866366125704676,0.984375,63.0,0.12440191387559808,52.0,0.8755980861244019,366.0,0.015625,1.0,0.5478260869565217,0.984375,0.7039106145251397,0.6846695843569982,0.9722263755980861,0.8392195540064549,0.8900414937759336,0.030068407651531695,0.9699315923484683,0.10995850622406639,0.9375973132522006,0.8900414937759336,0.9021340731922273,0.6846695843569982,0.9722263755980861,0.9747400908547967,0.8181973454791304,0.8900414937759336,13.996,0.003,13.87,0.0,13870.0,0.0,1.193745E7,1043119.0,162156.0,98.96265560165975,64.41908713692946,?,?
DatasetClassiRealeseNormalizedShuffled,1,2,weka.classifiers.meta.FilteredClassifier,'-F \"weka.filters.MultiFilter -F \\\"weka.filters.supervised.attribute.AttributeSelection -E \\\\\\\"weka.attributeSelection.WrapperSubsetEval -B weka.classifiers.bayes.NaiveBayes -F 5 -T 0.01 -R 1 -E AUC --\\\\\\\" -S \\\\\\\"weka.attributeSelection.GreedyStepwise -B -T -1.7976931348623157E308 -N -1 -num-slots 1\\\\\\\"\\\" -F \\\"weka.filters.supervised.instance.Resample -B 1.0 -S 1 -Z 200.0\\\" -S 1\" -S 1 -W weka.classifiers.trees.RandomForest -- -P 100 -I 100 -num-slots 1 -K 0 -M 1.0 -V 0.001 -S 1',-4523450618538717400,2.02604271159E7,4330.0,481.0,432.0,49.0,0.0,89.81288981288981,10.187110187110187,0.0,0.6493908334944887,0.14665528216710283,0.274938733267895,63.96311848836217,81.49166769511169,269.42867131105754,163.44396049068865,105.98471082036889,0.5601427677984564,0.33980033366047535,0.22034243413798105,23.211358962648724,0.04825646353981024,8.615029295026671,0.9365079365079365,59.0,0.1076555023923445,45.0,0.8923444976076556,373.0,0.06349206349206349,4.0,0.5673076923076923,0.9365079365079365,0.7065868263473054,0.6792791557079729,0.9734183944710261,0.8405404982162548,0.8981288981288982,0.06927646401330612,0.930723535986694,0.10187110187110188,0.9341068011492416,0.8981288981288982,0.9080071684975085,0.6792791557079728,0.9734183944710261,0.9756816090928143,0.8224758031107596,0.8981288981288982,13.998,0.005,13.85,0.01,13850.0,10.0,1.6445187E7,1043348.0,161927.0,99.16839916839916,66.00831600831602,?,?
DatasetClassiRealeseNormalizedShuffled,1,3,weka.classifiers.meta.FilteredClassifier,'-F \"weka.filters.MultiFilter -F \\\"weka.filters.supervised.attribute.AttributeSelection -E \\\\\\\"weka.attributeSelection.WrapperSubsetEval -B weka.classifiers.bayes.NaiveBayes -F 5 -T 0.01 -R 1 -E AUC --\\\\\\\" -S \\\\\\\"weka.attributeSelection.GreedyStepwise -B -T -1.7976931348623157E308 -N -1 -num-slots 1\\\\\\\"\\\" -F \\\"weka.filters.supervised.instance.Resample -B 1.0 -S 1 -Z 200.0\\\" -S 1\" -S 1 -W weka.classifiers.trees.RandomForest -- -P 100 -I 100 -num-slots 1 -K 0 -M 1.0 -V 0.001 -S 1',-4523450618538717400,2.02604271159E7,4330.0,481.0,441.0,40.0,0.0,91.68399168399168,8.316008316008316,0.0,0.7024987629886195,0.12581666474135797,0.2432740384443678,54.55186646612594,71.62799762979405,272.1308087156738,132.0524897537681,140.07831896190572,0.565760517080403,0.2745374007354846,0.2912231163449183,70.11333993915699,0.14576577949928687,25.764572659030463,0.9375,60.0,0.08633093525179857,36.0,0.9136690647482014,381.0,0.0625,4.0,0.625,0.9375,0.75,0.7232823449450451,0.9826888489208633,0.9068333872074459,0.9168399168399168,0.0656708520917154,0.9343291479082846,0.08316008316008316,0.941096741096741,0.9168399168399168,0.9234968711277939,0.7232823449450451,0.9826888489208633,0.9852949166896482,0.8500623441396509,0.9168399168399168,13.955,0.004,13.8,0.01,13800.0,10.0,1.7651168E7,1043348.0,161927.0,100.0,67.25571725571726,?,?
DatasetClassiRealeseNormalizedShuffled,1,4,weka.classifiers.meta.FilteredClassifier,'-F \"weka.filters.MultiFilter -F \\\"weka.filters.supervised.attribute.AttributeSelection -E \\\\\\\"weka.attributeSelection.WrapperSubsetEval -B weka.classifiers.bayes.NaiveBayes -F 5 -T 0.01 -R 1 -E AUC --\\\\\\\" -S \\\\\\\"weka.attributeSelection.GreedyStepwise -B -T -1.7976931348623157E308 -N -1 -num-slots 1\\\\\\\"\\\" -F \\\"weka.filters.supervised.instance.Resample -B 1.0 -S 1 -Z 200.0\\\" -S 1\" -S 1 -W weka.classifiers.trees.RandomForest -- -P 100 -I 100 -num-slots 1 -K 0 -M 1.0 -V 0.001 -S 1',-4523450618538717400,2.02604271159E7,4330.0,481.0,430.0,51.0,0.0,89.3970893970894,10.602910602910603,0.0,0.6384471399725864,0.13643887598113708,0.2825095320905248,59.15746819876298,83.18023667618704,272.1308087156738,172.2090739541159,99.92173476155793,0.565760517080403,0.35802302277362974,0.20773749430677324,40.20427318831447,0.08358476754327332,14.773877819295524,0.921875,59.0,0.11031175059952038,46.0,0.8896882494004796,371.0,0.078125,5.0,0.5619047619047619,0.921875,0.6982248520710059,0.6672549662148067,0.9633543165467626,0.8143364366707534,0.893970893970894,0.08240764457041436,0.9175923554295856,0.10602910602910603,0.9301802328398073,0.893970893970894,0.904091433337723,0.6672549662148067,0.9633543165467626,0.9703109009271654,0.8169560578135611,0.893970893970894,14.134,0.003,13.98,0.0,13980.0,0.0,1.1596824E7,1043348.0,161927.0,98.75259875259876,62.88981288981289,?,?
DatasetClassiRealeseNormalizedShuffled,1,5,weka.classifiers.meta.FilteredClassifier,'-F \"weka.filters.MultiFilter -F \\\"weka.filters.supervised.attribute.AttributeSelection -E \\\\\\\"weka.attributeSelection.WrapperSubsetEval -B weka.classifiers.bayes.NaiveBayes -F 5 -T 0.01 -R 1 -E AUC --\\\\\\\" -S \\\\\\\"weka.attributeSelection.GreedyStepwise -B -T -1.7976931348623157E308 -N -1 -num-slots 1\\\\\\\"\\\" -F \\\"weka.filters.supervised.instance.Resample -B 1.0 -S 1 -Z 200.0\\\" -S 1\" -S 1 -W weka.classifiers.trees.RandomForest -- -P 100 -I 100 -num-slots 1 -K 0 -M 1.0 -V 0.001 -S 1',-4523450618538717400,2.026042712E7,4330.0,481.0,454.0,27.0,0.0,94.38669438669439,5.613305613305613,0.0,0.7863593742288904,0.11292273562078775,0.2217467801231887,48.96128829387031,65.28965418030182,272.1308087156738,119.6381903248181,152.49261839085574,0.565760517080403,0.24872804641334323,0.31703247066705975,90.02095128049086,0.18715374486588537,33.080029308458805,0.953125,61.0,0.05755395683453238,24.0,0.9424460431654677,393.0,0.046875,3.0,0.7176470588235294,0.953125,0.8187919463087248,0.7974454815097569,0.9806092625899281,0.8761620298348943,0.9438669438669439,0.04829590070147624,0.9517040992985238,0.056133056133056136,0.9558634529222765,0.9438669438669439,0.9470976633610676,0.7974454815097569,0.980609262589928,0.980913738246934,0.8927908071027019,0.9438669438669439,14.165,0.004,14.02,0.01,14020.0,10.0,1.7459714E7,1043348.0,161927.0,99.37629937629937,64.96881496881497,?,?
DatasetClassiRealeseNormalizedShuffled,1,6,weka.classifiers.meta.FilteredClassifier,'-F \"weka.filters.MultiFilter -F \\\"weka.filters.supervised.attribute.AttributeSelection -E \\\\\\\"weka.attributeSelection.WrapperSubsetEval -B weka.classifiers.bayes.NaiveBayes -F 5 -T 0.01 -R 1 -E AUC --\\\\\\\" -S \\\\\\\"weka.attributeSelection.GreedyStepwise -B -T -1.7976931348623157E308 -N -1 -num-slots 1\\\\\\\"\\\" -F \\\"weka.filters.supervised.instance.Resample -B 1.0 -S 1 -Z 200.0\\\" -S 1\" -S 1 -W weka.classifiers.trees.RandomForest -- -P 100 -I 100 -num-slots 1 -K 0 -M 1.0 -V 0.001 -S 1',-4523450618538717400,2.026042712E7,4330.0,481.0,437.0,44.0,0.0,90.85239085239085,9.147609147609147,0.0,0.6831262164994759,0.12564907848813758,0.2544106916364321,54.47920404953724,74.90700008129254,272.1308087156738,139.73418199751367,132.39662671816015,0.565760517080403,0.2905076548804858,0.2752528621999171,56.181491877774384,0.11680143841533136,20.645031756207217,0.953125,61.0,0.09832134292565947,41.0,0.9016786570743405,376.0,0.046875,3.0,0.5980392156862745,0.953125,0.7349397590361445,0.7102392926202767,0.9830260791366906,0.897567752267744,0.9085239085239085,0.053720251449568,0.946279748550432,0.09147609147609148,0.9396542998902148,0.9085239085239085,0.9168105890270933,0.7102392926202767,0.9830260791366907,0.9841410939834482,0.8398316885632984,0.9085239085239085,14.167,0.004,14.0,0.01,14000.0,10.0,1.2823941E7,1043348.0,161927.0,99.16839916839916,63.40956340956341,?,?
DatasetClassiRealeseNormalizedShuffled,1,7,weka.classifiers.meta.FilteredClassifier,'-F \"weka.filters.MultiFilter -F \\\"weka.filters.supervised.attribute.AttributeSelection -E \\\\\\\"weka.attributeSelection.WrapperSubsetEval -B weka.classifiers.bayes.NaiveBayes -F 5 -T 0.01 -R 1 -E AUC --\\\\\\\" -S \\\\\\\"weka.attributeSelection.GreedyStepwise -B -T -1.7976931348623157E308 -N -1 -num-slots 1\\\\\\\"\\\" -F \\\"weka.filters.supervised.instance.Resample -B 1.0 -S 1 -Z 200.0\\\" -S 1\" -S 1 -W weka.classifiers.trees.RandomForest -- -P 100 -I 100 -num-slots 1 -K 0 -M 1.0 -V 0.001 -S 1',-4523450618538717400,2.026042712E7,4330.0,481.0,435.0,46.0,0.0,90.43659043659044,9.563409563409563,0.0,0.6578735774369123,0.13323727808708233,0.26420347599140187,57.7693123359944,77.79032268756919,272.1308087156738,154.58083690291062,117.5499718127632,0.565760517080403,0.32137388129503247,0.24438663578537048,50.2144574629324,0.10439596146139793,18.452323608605887,0.890625,57.0,0.09352517985611511,39.0,0.9064748201438849,378.0,0.109375,7.0,0.59375,0.890625,0.7125,0.6773369133657309,0.9626985911270983,0.8088079390518653,0.9043659043659044,0.10726608422201947,0.8927339157779804,0.09563409563409564,0.9301833301833302,0.9043659043659044,0.912021401796963,0.6773369133657309,0.9626985911270983,0.9693667129994146,0.8275716957605985,0.9043659043659044,14.233,0.004,14.0,0.01,14000.0,10.0,1.4319213E7,1043348.0,161927.0,98.75259875259876,63.92931392931393,?,?
DatasetClassiRealeseNormalizedShuffled,1,8,weka.classifiers.meta.FilteredClassifier,'-F \"weka.filters.MultiFilter -F \\\"weka.filters.supervised.attribute.AttributeSelection -E \\\\\\\"weka.attributeSelection.WrapperSubsetEval -B weka.classifiers.bayes.NaiveBayes -F 5 -T 0.01 -R 1 -E AUC --\\\\\\\" -S \\\\\\\"weka.attributeSelection.GreedyStepwise -B -T -1.7976931348623157E308 -N -1 -num-slots 1\\\\\\\"\\\" -F \\\"weka.filters.supervised.instance.Resample -B 1.0 -S 1 -Z 200.0\\\" -S 1\" -S 1 -W weka.classifiers.trees.RandomForest -- -P 100 -I 100 -num-slots 1 -K 0 -M 1.0 -V 0.001 -S 1',-4523450618538717400,2.026042712E7,4330.0,481.0,437.0,44.0,0.0,90.85239085239085,9.147609147609147,0.0,0.6654441985456845,0.12123021094058516,0.2510559697928245,52.5632617307584,73.91925798682531,272.1308087156738,137.89221261522513,134.2385961004487,0.565760517080403,0.28667819670524974,0.2790823203751532,71.66283864242249,0.14898719052478687,26.33396746977548,0.875,56.0,0.08633093525179857,36.0,0.9136690647482014,381.0,0.125,8.0,0.6086956521739131,0.875,0.717948717948718,0.6810580118484518,0.9728342326139089,0.8514690211323527,0.9085239085239085,0.11985484377570708,0.8801451562242929,0.09147609147609148,0.9301053768473015,0.9085239085239085,0.9151443866084066,0.6810580118484518,0.9728342326139089,0.9765859297184757,0.8316790736145575,0.9085239085239085,14.073,0.004,13.96,0.01,13960.0,10.0,1.3871904E7,1043348.0,161927.0,98.96049896049897,62.37006237006237,?,?
DatasetClassiRealeseNormalizedShuffled,1,9,weka.classifiers.meta.FilteredClassifier,'-F \"weka.filters.MultiFilter -F \\\"weka.filters.supervised.attribute.AttributeSelection -E \\\\\\\"weka.attributeSelection.WrapperSubsetEval -B weka.classifiers.bayes.NaiveBayes -F 5 -T 0.01 -R 1 -E AUC --\\\\\\\" -S \\\\\\\"weka.attributeSelection.GreedyStepwise -B -T -1.7976931348623157E308 -N -1 -num-slots 1\\\\\\\"\\\" -F \\\"weka.filters.supervised.instance.Resample -B 1.0 -S 1 -Z 200.0\\\" -S 1\" -S 1 -W weka.classifiers.trees.RandomForest -- -P 100 -I 100 -num-slots 1 -K 0 -M 1.0 -V 0.001 -S 1',-4523450618538717400,2.0260427120100003E7,4330.0,481.0,444.0,37.0,0.0,92.3076923076923,7.6923076923076925,0.0,0.700271148761305,0.1180376010581903,0.2418885843621864,51.17900290987115,71.2200737002648,272.1308087156738,133.07292027193336,139.05788844374047,0.565760517080403,0.27665887790422733,0.2891016391761756,81.23552654075306,0.16888882856705417,29.851646318234074,0.84375,54.0,0.06474820143884892,27.0,0.935251798561151,390.0,0.15625,10.0,0.6666666666666666,0.84375,0.7448275862068966,0.7070074167999031,0.9712979616306955,0.8415333435891219,0.9230769230769231,0.144075124515772,0.8559248754842279,0.07692307692307693,0.933974358974359,0.9230769230769231,0.9267859056066543,0.7070074167999031,0.9712979616306955,0.9749996047703615,0.849769974253999,0.9230769230769231,14.096,0.004,13.95,0.01,13950.0,10.0,1.6212543E7,1043348.0,161927.0,99.37629937629937,63.92931392931393,?,?
DatasetClassiRealeseNormalizedShuffled,1,10,weka.classifiers.meta.FilteredClassifier,'-F \"weka.filters.MultiFilter -F \\\"weka.filters.supervised.attribute.AttributeSelection -E \\\\\\\"weka.attributeSelection.WrapperSubsetEval -B weka.classifiers.bayes.NaiveBayes -F 5 -T 0.01 -R 1 -E AUC --\\\\\\\" -S \\\\\\\"weka.attributeSelection.GreedyStepwise -B -T -1.7976931348623157E308 -N -1 -num-slots 1\\\\\\\"\\\" -F \\\"weka.filters.supervised.instance.Resample -B 1.0 -S 1 -Z 200.0\\\" -S 1\" -S 1 -W weka.classifiers.trees.RandomForest -- -P 100 -I 100 -num-slots 1 -K 0 -M 1.0 -V 0.001 -S 1',-4523450618538717400,2.0260427120100003E7,4330.0,481.0,466.0,15.0,0.0,96.88149688149689,3.1185031185031185,0.0,0.873993607991757,0.1071186829142329,0.19408438441135023,46.44475434456226,57.14492148645499,272.1308087156738,99.75189392578437,172.37891478988945,0.565760517080403,0.20738439485610058,0.3583761222243024,108.43383159773155,0.22543416132584523,39.84621664466693,0.96875,62.0,0.03117505995203837,13.0,0.9688249400479616,404.0,0.03125,2.0,0.8266666666666667,0.96875,0.8920863309352518,0.8777490271574587,0.9902952637889688,0.93831474873517,0.9688149688149689,0.031240028767007183,0.9687599712329928,0.031185031185031187,0.9726662774938637,0.9688149688149689,0.9698405034646369,0.8777490271574587,0.9902952637889688,0.9905205141847911,0.936930164252559,0.9688149688149689,12.436,0.007,12.31,0.01,12310.0,10.0,3.1860146E7,1043348.0,161927.0,99.79209979209979,70.58212058212058,?,?
DatasetClassiRealeseNormalizedShuffled,2,1,weka.classifiers.meta.FilteredClassifier,'-F \"weka.filters.MultiFilter -F \\\"weka.filters.supervised.attribute.AttributeSelection -E \\\\\\\"weka.attributeSelection.WrapperSubsetEval -B weka.classifiers.bayes.NaiveBayes -F 5 -T 0.01 -R 1 -E AUC --\\\\\\\" -S \\\\\\\"weka.attributeSelection.GreedyStepwise -B -T -1.7976931348623157E308 -N -1 -num-slots 1\\\\\\\"\\\" -F \\\"weka.filters.supervised.instance.Resample -B 1.0 -S 1 -Z 200.0\\\" -S 1\" -S 1 -W weka.classifiers.trees.RandomForest -- -P 100 -I 100 -num-slots 1 -K 0 -M 1.0 -V 0.001 -S 1',-4523450618538717400,2.0260427120100003E7,4329.0,482.0,433.0,49.0,0.0,89.83402489626556,10.16597510373444,0.0,0.6415758642668529,0.14189644705635168,0.2774204755705794,61.57185231826806,81.75368463316387,272.3366817903761,167.99319801939262,104.34348377098345,0.565013862635635,0.34853360584936227,0.21648025678627272,28.18149241839001,0.058467826594170144,10.348033997154289,0.890625,57.0,0.10047846889952153,42.0,0.8995215311004785,376.0,0.109375,7.0,0.5757575757575758,0.890625,0.6993865030674847,0.6636953599565928,0.9590497906698564,0.8535463754430865,0.8983402489626556,0.10819371786217713,0.8918062821378229,0.1016597510373444,0.927819083328655,0.8983402489626556,0.9070336086459652,0.6636953599565929,0.9590497906698564,0.9740393912858132,0.8191064849919196,0.8983402489626556,14.108,0.004,13.96,0.0,13960.0,0.0,1.274217E7,1043119.0,162156.0,98.96265560165975,64.31535269709543,?,?
DatasetClassiRealeseNormalizedShuffled,2,2,weka.classifiers.meta.FilteredClassifier,'-F \"weka.filters.MultiFilter -F \\\"weka.filters.supervised.attribute.AttributeSelection -E \\\\\\\"weka.attributeSelection.WrapperSubsetEval -B weka.classifiers.bayes.NaiveBayes -F 5 -T 0.01 -R 1 -E AUC --\\\\\\\" -S \\\\\\\"weka.attributeSelection.GreedyStepwise -B -T -1.7976931348623157E308 -N -1 -num-slots 1\\\\\\\"\\\" -F \\\"weka.filters.supervised.instance.Resample -B 1.0 -S 1 -Z 200.0\\\" -S 1\" -S 1 -W weka.classifiers.trees.RandomForest -- -P 100 -I 100 -num-slots 1 -K 0 -M 1.0 -V 0.001 -S 1',-4523450618538717400,2.0260427120100003E7,4330.0,481.0,455.0,26.0,0.0,94.5945945945946,5.405405405405405,0.0,0.7746991424659508,0.1204694632432204,0.21546837573210556,52.542277630856375,63.86469110868123,269.42867131105754,115.83560909452402,153.59306221653353,0.5601427677984564,0.24082247212998756,0.31932029566846887,92.41077643642083,0.19212219633351524,34.298790840167065,0.8571428571428571,54.0,0.04066985645933014,17.0,0.9593301435406698,401.0,0.14285714285714285,9.0,0.7605633802816901,0.8571428571428571,0.8059701492537313,0.7765673745688865,0.9772537404116352,0.8812537605328766,0.9459459459459459,0.12947294526241893,0.870527054737581,0.05405405405405406,0.9495631667393949,0.9459459459459459,0.9472983691023923,0.7765673745688866,0.9772537404116352,0.981434259175521,0.8872845915350782,0.9459459459459459,12.941,0.007,12.78,0.01,12780.0,10.0,3.481399E7,1043348.0,161927.0,100.0,72.97297297297297,?,?
DatasetClassiRealeseNormalizedShuffled,2,3,weka.classifiers.meta.FilteredClassifier,'-F \"weka.filters.MultiFilter -F \\\"weka.filters.supervised.attribute.AttributeSelection -E \\\\\\\"weka.attributeSelection.WrapperSubsetEval -B weka.classifiers.bayes.NaiveBayes -F 5 -T 0.01 -R 1 -E AUC --\\\\\\\" -S \\\\\\\"weka.attributeSelection.GreedyStepwise -B -T -1.7976931348623157E308 -N -1 -num-slots 1\\\\\\\"\\\" -F \\\"weka.filters.supervised.instance.Resample -B 1.0 -S 1 -Z 200.0\\\" -S 1\" -S 1 -W weka.classifiers.trees.RandomForest -- -P 100 -I 100 -num-slots 1 -K 0 -M 1.0 -V 0.001 -S 1',-4523450618538717400,2.0260427120100003E7,4330.0,481.0,436.0,45.0,0.0,90.64449064449065,9.355509355509355,0.0,0.6707033211118043,0.1324192634733301,0.26872955400630766,57.41463575902039,79.12295113981594,272.1308087156738,154.24280346580954,117.88800524986428,0.565760517080403,0.3206711090765271,0.24508940800387582,47.06875105721668,0.09785603130398478,17.296369815442244,0.921875,59.0,0.09592326139088729,40.0,0.9040767386091128,377.0,0.078125,5.0,0.5959595959595959,0.921875,0.7239263803680981,0.693846508813443,0.9714853117505995,0.8625962115789392,0.9064449064449065,0.08049316783579373,0.9195068321642063,0.09355509355509356,0.9348925134265448,0.9064449064449065,0.9144400859351296,0.693846508813443,0.9714853117505996,0.9777430128809048,0.8338029899337361,0.9064449064449065,14.12,0.005,13.89,0.0,13890.0,0.0,1.3365463E7,1043348.0,161927.0,99.37629937629937,63.92931392931393,?,?
DatasetClassiRealeseNormalizedShuffled,2,4,weka.classifiers.meta.FilteredClassifier,'-F \"weka.filters.MultiFilter -F \\\"weka.filters.supervised.attribute.AttributeSelection -E \\\\\\\"weka.attributeSelection.WrapperSubsetEval -B weka.classifiers.bayes.NaiveBayes -F 5 -T 0.01 -R 1 -E AUC --\\\\\\\" -S \\\\\\\"weka.attributeSelection.GreedyStepwise -B -T -1.7976931348623157E308 -N -1 -num-slots 1\\\\\\\"\\\" -F \\\"weka.filters.supervised.instance.Resample -B 1.0 -S 1 -Z 200.0\\\" -S 1\" -S 1 -W weka.classifiers.trees.RandomForest -- -P 100 -I 100 -num-slots 1 -K 0 -M 1.0 -V 0.001 -S 1',-4523450618538717400,2.02604271202E7,4330.0,481.0,452.0,29.0,0.0,93.97089397089397,6.029106029106029,0.0,0.7731685502886416,0.11619960002866345,0.23264031675378427,50.382078377389945,68.49707500064886,272.1308087156738,122.61861468665144,149.5121940290224,0.565760517080403,0.2549243548579032,0.31083616222249977,84.3270365622164,0.17531608432893223,30.987684547809685,0.953125,61.0,0.06235011990407674,26.0,0.9376498800959233,391.0,0.046875,3.0,0.7011494252873564,0.953125,0.8079470198675496,0.7859922044086851,0.980515587529976,0.8740772310456446,0.9397089397089398,0.048934059613016445,0.9510659403869836,0.060291060291060294,0.95363500273355,0.9397089397089398,0.94344571425438,0.785992204408685,0.980515587529976,0.9807038346890782,0.8860943484047983,0.9397089397089398,14.367,0.004,14.21,0.0,14210.0,0.0,1.5967874E7,1043348.0,161927.0,99.79209979209979,64.24116424116424,?,?
DatasetClassiRealeseNormalizedShuffled,2,5,weka.classifiers.meta.FilteredClassifier,'-F \"weka.filters.MultiFilter -F \\\"weka.filters.supervised.attribute.AttributeSelection -E \\\\\\\"weka.attributeSelection.WrapperSubsetEval -B weka.classifiers.bayes.NaiveBayes -F 5 -T 0.01 -R 1 -E AUC --\\\\\\\" -S \\\\\\\"weka.attributeSelection.GreedyStepwise -B -T -1.7976931348623157E308 -N -1 -num-slots 1\\\\\\\"\\\" -F \\\"weka.filters.supervised.instance.Resample -B 1.0 -S 1 -Z 200.0\\\" -S 1\" -S 1 -W weka.classifiers.trees.RandomForest -- -P 100 -I 100 -num-slots 1 -K 0 -M 1.0 -V 0.001 -S 1',-4523450618538717400,2.02604271202E7,4330.0,481.0,440.0,41.0,0.0,91.47609147609148,8.523908523908524,0.0,0.6967166474432912,0.1367858461381026,0.27006474873951264,59.30790828322575,79.51607703930311,272.1308087156738,159.45868984029914,112.67211887537468,0.565760517080403,0.3315149476929296,0.23424556938747335,45.537253538559895,0.0946720447787108,16.73358990607266,0.9375,60.0,0.08872901678657075,37.0,0.9112709832134293,380.0,0.0625,4.0,0.6185567010309279,0.9375,0.7453416149068324,0.7184508437595453,0.9651903477218226,0.80304141356917,0.9147609147609148,0.0659899315474855,0.9340100684525144,0.08523908523908524,0.9402159643783354,0.9147609147609148,0.9217407361032179,0.7184508437595454,0.9651903477218226,0.9691727899287653,0.8470777987143401,0.9147609147609148,14.322,0.004,14.18,0.0,14180.0,0.0,1.2737321E7,1043348.0,161927.0,99.37629937629937,64.55301455301455,?,?
DatasetClassiRealeseNormalizedShuffled,2,6,weka.classifiers.meta.FilteredClassifier,'-F \"weka.filters.MultiFilter -F \\\"weka.filters.supervised.attribute.AttributeSelection -E \\\\\\\"weka.attributeSelection.WrapperSubsetEval -B weka.classifiers.bayes.NaiveBayes -F 5 -T 0.01 -R 1 -E AUC --\\\\\\\" -S \\\\\\\"weka.attributeSelection.GreedyStepwise -B -T -1.7976931348623157E308 -N -1 -num-slots 1\\\\\\\"\\\" -F \\\"weka.filters.supervised.instance.Resample -B 1.0 -S 1 -Z 200.0\\\" -S 1\" -S 1 -W weka.classifiers.trees.RandomForest -- -P 100 -I 100 -num-slots 1 -K 0 -M 1.0 -V 0.001 -S 1',-4523450618538717400,2.02604271202E7,4330.0,481.0,435.0,46.0,0.0,90.43659043659044,9.563409563409563,0.0,0.6789052069425902,0.13186875662805556,0.2694332063392718,57.1759457891834,79.33012987520443,272.1308087156738,151.74184618541724,120.38896253025658,0.565760517080403,0.31547161369109616,0.2502889033893068,46.16082919566716,0.0959684598662519,16.96273546296504,0.984375,63.0,0.1079136690647482,45.0,0.8920863309352518,372.0,0.015625,1.0,0.5833333333333334,0.984375,0.7325581395348837,0.7133858334946823,0.9806467326139089,0.8929440017801202,0.9043659043659044,0.027904573430652568,0.9720954265693474,0.09563409563409564,0.9422356982678698,0.9043659043659044,0.913934944432442,0.7133858334946823,0.9806467326139089,0.9831761922749106,0.8371651457168089,0.9043659043659044,13.902,0.005,13.74,0.01,13740.0,10.0,1.2346761E7,1043348.0,161927.0,99.37629937629937,63.72141372141372,?,?
DatasetClassiRealeseNormalizedShuffled,2,7,weka.classifiers.meta.FilteredClassifier,'-F \"weka.filters.MultiFilter -F \\\"weka.filters.supervised.attribute.AttributeSelection -E \\\\\\\"weka.attributeSelection.WrapperSubsetEval -B weka.classifiers.bayes.NaiveBayes -F 5 -T 0.01 -R 1 -E AUC --\\\\\\\" -S \\\\\\\"weka.attributeSelection.GreedyStepwise -B -T -1.7976931348623157E308 -N -1 -num-slots 1\\\\\\\"\\\" -F \\\"weka.filters.supervised.instance.Resample -B 1.0 -S 1 -Z 200.0\\\" -S 1\" -S 1 -W weka.classifiers.trees.RandomForest -- -P 100 -I 100 -num-slots 1 -K 0 -M 1.0 -V 0.001 -S 1',-4523450618538717400,2.02604271202E7,4330.0,481.0,439.0,42.0,0.0,91.26819126819127,8.731808731808732,0.0,0.6975295702949543,0.12429910325362822,0.25818183756871455,53.89387881557939,76.01735132808581,272.1308087156738,156.05539446417603,116.07541425149779,0.565760517080403,0.3244394895305115,0.24132102754989146,64.61863861883492,0.13434228403084184,23.745432912871472,0.96875,62.0,0.09592326139088729,40.0,0.9040767386091128,377.0,0.03125,2.0,0.6078431372549019,0.96875,0.7469879518072288,0.7252143112390622,0.9748201438848921,0.8215477476891547,0.9126819126819127,0.039855174072799975,0.9601448259272,0.08731808731808732,0.9432462226191856,0.9126819126819127,0.9205919258894981,0.7252143112390622,0.974820143884892,0.9728315782505672,0.8471120663558758,0.9126819126819127,13.892,0.004,13.75,0.0,13750.0,0.0,1.3653418E7,1043348.0,161927.0,98.75259875259876,62.266112266112266,?,?
DatasetClassiRealeseNormalizedShuffled,2,8,weka.classifiers.meta.FilteredClassifier,'-F \"weka.filters.MultiFilter -F \\\"weka.filters.supervised.attribute.AttributeSelection -E \\\\\\\"weka.attributeSelection.WrapperSubsetEval -B weka.classifiers.bayes.NaiveBayes -F 5 -T 0.01 -R 1 -E AUC --\\\\\\\" -S \\\\\\\"weka.attributeSelection.GreedyStepwise -B -T -1.7976931348623157E308 -N -1 -num-slots 1\\\\\\\"\\\" -F \\\"weka.filters.supervised.instance.Resample -B 1.0 -S 1 -Z 200.0\\\" -S 1\" -S 1 -W weka.classifiers.trees.RandomForest -- -P 100 -I 100 -num-slots 1 -K 0 -M 1.0 -V 0.001 -S 1',-4523450618538717400,2.0260427120300002E7,4330.0,481.0,444.0,37.0,0.0,92.3076923076923,7.6923076923076925,0.0,0.7170903079148587,0.10692584898391917,0.2306050525612353,46.36114498456025,67.8978252833666,272.1308087156738,117.94825862566458,154.18255009000924,0.565760517080403,0.24521467489743157,0.3205458421829714,97.79890914935828,0.2033241354456513,35.9381981080797,0.921875,59.0,0.07673860911270983,32.0,0.9232613908872902,385.0,0.078125,5.0,0.6483516483516484,0.921875,0.7612903225806452,0.7328782232944878,0.9799535371702638,0.8571388251081653,0.9230769230769231,0.0779405321896329,0.9220594678103672,0.07692307692307693,0.9420963651732883,0.9230769230769231,0.9284898576660181,0.7328782232944878,0.9799535371702638,0.9783791511118897,0.8577207498900749,0.9230769230769231,13.993,0.005,13.83,0.0,13830.0,0.0,1.4720612E7,1043348.0,161927.0,99.37629937629937,62.37006237006237,?,?
DatasetClassiRealeseNormalizedShuffled,2,9,weka.classifiers.meta.FilteredClassifier,'-F \"weka.filters.MultiFilter -F \\\"weka.filters.supervised.attribute.AttributeSelection -E \\\\\\\"weka.attributeSelection.WrapperSubsetEval -B weka.classifiers.bayes.NaiveBayes -F 5 -T 0.01 -R 1 -E AUC --\\\\\\\" -S \\\\\\\"weka.attributeSelection.GreedyStepwise -B -T -1.7976931348623157E308 -N -1 -num-slots 1\\\\\\\"\\\" -F \\\"weka.filters.supervised.instance.Resample -B 1.0 -S 1 -Z 200.0\\\" -S 1\" -S 1 -W weka.classifiers.trees.RandomForest -- -P 100 -I 100 -num-slots 1 -K 0 -M 1.0 -V 0.001 -S 1',-4523450618538717400,2.0260427120300002E7,4330.0,481.0,449.0,32.0,0.0,93.34719334719335,6.652806652806653,0.0,0.7482581531516797,0.11777402359447715,0.22199349708354685,51.06472041292594,65.36229588907094,272.1308087156738,117.1054444622202,155.02536425345363,0.565760517080403,0.2434624624994183,0.3222980545809847,90.34047496733352,0.18781803527512167,33.19744478535782,0.921875,59.0,0.06474820143884892,27.0,0.935251798561151,390.0,0.078125,5.0,0.686046511627907,0.921875,0.7866666666666667,0.7597230705097567,0.9831010191846523,0.902534000709994,0.9334719334719335,0.0763451349107824,0.9236548650892176,0.06652806652806653,0.9472525898784363,0.9334719334719335,0.9374494160701059,0.7597230705097567,0.9831010191846523,0.9847844139194043,0.8736288998357964,0.9334719334719335,12.859,0.006,12.66,0.01,12660.0,10.0,2.9092448E7,1043348.0,161927.0,99.79209979209979,69.23076923076923,?,?
DatasetClassiRealeseNormalizedShuffled,2,10,weka.classifiers.meta.FilteredClassifier,'-F \"weka.filters.MultiFilter -F \\\"weka.filters.supervised.attribute.AttributeSelection -E \\\\\\\"weka.attributeSelection.WrapperSubsetEval -B weka.classifiers.bayes.NaiveBayes -F 5 -T 0.01 -R 1 -E AUC --\\\\\\\" -S \\\\\\\"weka.attributeSelection.GreedyStepwise -B -T -1.7976931348623157E308 -N -1 -num-slots 1\\\\\\\"\\\" -F \\\"weka.filters.supervised.instance.Resample -B 1.0 -S 1 -Z 200.0\\\" -S 1\" -S 1 -W weka.classifiers.trees.RandomForest -- -P 100 -I 100 -num-slots 1 -K 0 -M 1.0 -V 0.001 -S 1',-4523450618538717400,2.0260427120300002E7,4330.0,481.0,440.0,41.0,0.0,91.47609147609148,8.523908523908524,0.0,0.6967166474432912,0.13416091142641096,0.25561471751934167,58.169783312508486,75.26150549271556,272.1308087156738,147.58121906362922,124.5495896520446,0.565760517080403,0.3068216612549464,0.25893885582545656,64.05853698330031,0.13317783156611293,23.539612176080215,0.9375,60.0,0.08872901678657075,37.0,0.9112709832134293,380.0,0.0625,4.0,0.6185567010309279,0.9375,0.7453416149068324,0.7184508437595453,0.9755133393285371,0.8755494767258006,0.9147609147609148,0.0659899315474855,0.9340100684525144,0.08523908523908524,0.9402159643783354,0.9147609147609148,0.9217407361032179,0.7184508437595454,0.9755133393285371,0.9801385346481167,0.8470777987143401,0.9147609147609148,13.898,0.004,13.75,0.0,13750.0,0.0,1.6420305E7,1043348.0,161927.0,99.58419958419958,66.73596673596674,?,?
DatasetClassiRealeseNormalizedShuffled,3,1,weka.classifiers.meta.FilteredClassifier,'-F \"weka.filters.MultiFilter -F \\\"weka.filters.supervised.attribute.AttributeSelection -E \\\\\\\"weka.attributeSelection.WrapperSubsetEval -B weka.classifiers.bayes.NaiveBayes -F 5 -T 0.01 -R 1 -E AUC --\\\\\\\" -S \\\\\\\"weka.attributeSelection.GreedyStepwise -B -T -1.7976931348623157E308 -N -1 -num-slots 1\\\\\\\"\\\" -F \\\"weka.filters.supervised.instance.Resample -B 1.0 -S 1 -Z 200.0\\\" -S 1\" -S 1 -W weka.classifiers.trees.RandomForest -- -P 100 -I 100 -num-slots 1 -K 0 -M 1.0 -V 0.001 -S 1',-4523450618538717400,2.0260427120300002E7,4329.0,482.0,444.0,38.0,0.0,92.11618257261411,7.8838174273858925,0.0,0.720537076594446,0.10759505534120653,0.23107962260307585,46.68775712906831,68.0973909823614,272.3366817903761,120.7845100971523,151.55217169322378,0.565013862635635,0.2505902699111044,0.3144235927245307,92.78719464256928,0.1925045532003512,34.07076638834491,0.96875,62.0,0.0861244019138756,36.0,0.9138755980861244,382.0,0.03125,2.0,0.6326530612244898,0.96875,0.7654320987654322,0.7441765773127488,0.9853281997607656,0.8985206856151735,0.921161825726141,0.03853622764001668,0.9614637723599834,0.07883817427385892,0.9467068725830581,0.921161825726141,0.9277638341010339,0.7441765773127488,0.9853281997607655,0.9846194290673363,0.8590252763153844,0.921161825726141,13.914,0.004,13.73,0.0,13730.0,0.0,1.5307843E7,1043119.0,162156.0,99.5850622406639,63.38174273858921,?,?
DatasetClassiRealeseNormalizedShuffled,3,2,weka.classifiers.meta.FilteredClassifier,'-F \"weka.filters.MultiFilter -F \\\"weka.filters.supervised.attribute.AttributeSelection -E \\\\\\\"weka.attributeSelection.WrapperSubsetEval -B weka.classifiers.bayes.NaiveBayes -F 5 -T 0.01 -R 1 -E AUC --\\\\\\\" -S \\\\\\\"weka.attributeSelection.GreedyStepwise -B -T -1.7976931348623157E308 -N -1 -num-slots 1\\\\\\\"\\\" -F \\\"weka.filters.supervised.instance.Resample -B 1.0 -S 1 -Z 200.0\\\" -S 1\" -S 1 -W weka.classifiers.trees.RandomForest -- -P 100 -I 100 -num-slots 1 -K 0 -M 1.0 -V 0.001 -S 1',-4523450618538717400,2.02604271204E7,4330.0,481.0,447.0,34.0,0.0,92.93139293139293,7.0686070686070686,0.0,0.7387873754152823,0.12006733440986021,0.24795856076362136,52.366890738303155,73.49476152644637,269.42867131105754,137.66058397333657,131.76808733772097,0.5601427677984564,0.286196640277207,0.2739461275212494,69.84252758928301,0.14520276006087943,25.922455561030198,0.9523809523809523,60.0,0.07416267942583732,31.0,0.9258373205741627,387.0,0.047619047619047616,3.0,0.6593406593406593,0.9523809523809523,0.7792207792207793,0.756498175780129,0.9720703273334852,0.8391782801300286,0.9293139293139293,0.05109565635881425,0.9489043436411857,0.07068607068607069,0.9486966256197026,0.9293139293139293,0.9345151770894345,0.756498175780129,0.9720703273334852,0.9752167004808496,0.8685707856499936,0.9293139293139293,13.909,0.005,13.75,0.01,13750.0,10.0,1.3111382E7,1043348.0,161927.0,99.37629937629937,63.305613305613306,?,?
DatasetClassiRealeseNormalizedShuffled,3,3,weka.classifiers.meta.FilteredClassifier,'-F \"weka.filters.MultiFilter -F \\\"weka.filters.supervised.attribute.AttributeSelection -E \\\\\\\"weka.attributeSelection.WrapperSubsetEval -B weka.classifiers.bayes.NaiveBayes -F 5 -T 0.01 -R 1 -E AUC --\\\\\\\" -S \\\\\\\"weka.attributeSelection.GreedyStepwise -B -T -1.7976931348623157E308 -N -1 -num-slots 1\\\\\\\"\\\" -F \\\"weka.filters.supervised.instance.Resample -B 1.0 -S 1 -Z 200.0\\\" -S 1\" -S 1 -W weka.classifiers.trees.RandomForest -- -P 100 -I 100 -num-slots 1 -K 0 -M 1.0 -V 0.001 -S 1',-4523450618538717400,2.02604271204E7,4330.0,481.0,446.0,35.0,0.0,92.72349272349273,7.276507276507276,0.0,0.7059850853140992,0.12486432574472553,0.23175389383782788,54.13894922752662,68.23608250457684,272.1308087156738,131.9473102297227,140.18349848595113,0.565760517080403,0.27431873228632575,0.2914417847940772,84.2759313870191,0.17520983656344927,30.96890491185502,0.8125,52.0,0.05515587529976019,23.0,0.9448441247002398,394.0,0.1875,12.0,0.6933333333333334,0.8125,0.7482014388489209,0.7090185971108047,0.9607688848920863,0.8161496042510672,0.9272349272349273,0.16989080253468744,0.8301091974653126,0.07276507276507277,0.9335721625376798,0.9272349272349273,0.9296278414174861,0.7090185971108047,0.9607688848920863,0.9700132005545709,0.8528370499226379,0.9272349272349273,12.371,0.006,12.27,0.01,12270.0,10.0,3.0903046E7,1043348.0,161927.0,99.58419958419958,71.1018711018711,?,?
DatasetClassiRealeseNormalizedShuffled,3,4,weka.classifiers.meta.FilteredClassifier,'-F \"weka.filters.MultiFilter -F \\\"weka.filters.supervised.attribute.AttributeSelection -E \\\\\\\"weka.attributeSelection.WrapperSubsetEval -B weka.classifiers.bayes.NaiveBayes -F 5 -T 0.01 -R 1 -E AUC --\\\\\\\" -S \\\\\\\"weka.attributeSelection.GreedyStepwise -B -T -1.7976931348623157E308 -N -1 -num-slots 1\\\\\\\"\\\" -F \\\"weka.filters.supervised.instance.Resample -B 1.0 -S 1 -Z 200.0\\\" -S 1\" -S 1 -W weka.classifiers.trees.RandomForest -- -P 100 -I 100 -num-slots 1 -K 0 -M 1.0 -V 0.001 -S 1',-4523450618538717400,2.02604271204E7,4330.0,481.0,458.0,23.0,0.0,95.21829521829522,4.781704781704781,0.0,0.8136820654462168,0.11622597643645331,0.21234187433990073,50.393514718343404,62.52053597327275,272.1308087156738,109.79704801388051,162.33376070179332,0.565760517080403,0.22826829108914867,0.33749222599125434,83.10807944454163,0.172781869947072,30.53975396493021,0.953125,61.0,0.047961630695443645,20.0,0.9520383693045563,397.0,0.046875,3.0,0.7530864197530864,0.953125,0.8413793103448276,0.8215092913725474,0.9880470623501199,0.9524283826218852,0.9521829521829522,0.047019582878395826,0.9529804171216042,0.04781704781704782,0.9606445548112215,0.9521829521829522,0.95448853591765,0.8215092913725474,0.9880470623501199,0.9919697983648958,0.906613767779513,0.9521829521829522,12.731,0.006,12.6,0.0,12600.0,0.0,2.8625106E7,1043348.0,161927.0,100.0,70.16632016632016,?,?
DatasetClassiRealeseNormalizedShuffled,3,5,weka.classifiers.meta.FilteredClassifier,'-F \"weka.filters.MultiFilter -F \\\"weka.filters.supervised.attribute.AttributeSelection -E \\\\\\\"weka.attributeSelection.WrapperSubsetEval -B weka.classifiers.bayes.NaiveBayes -F 5 -T 0.01 -R 1 -E AUC --\\\\\\\" -S \\\\\\\"weka.attributeSelection.GreedyStepwise -B -T -1.7976931348623157E308 -N -1 -num-slots 1\\\\\\\"\\\" -F \\\"weka.filters.supervised.instance.Resample -B 1.0 -S 1 -Z 200.0\\\" -S 1\" -S 1 -W weka.classifiers.trees.RandomForest -- -P 100 -I 100 -num-slots 1 -K 0 -M 1.0 -V 0.001 -S 1',-4523450618538717400,2.02604271204E7,4330.0,481.0,447.0,34.0,0.0,92.93139293139293,7.0686070686070686,0.0,0.735577544948907,0.1266752286443883,0.2334001446679484,54.92412449320866,68.72079370233534,272.1308087156738,132.88177496733607,139.24903374833775,0.565760517080403,0.2762614864185781,0.28949903066182486,71.09632715347422,0.14780941196148487,26.125791301989874,0.921875,59.0,0.06954436450839328,29.0,0.9304556354916067,388.0,0.078125,5.0,0.6704545454545454,0.921875,0.7763157894736842,0.7487356326371832,0.9747826738609112,0.8620307811092943,0.9293139293139293,0.07698329382232261,0.9230167061776774,0.07068607068607069,0.9451221359618306,0.9293139293139293,0.9338472075314179,0.7487356326371832,0.9747826738609113,0.9781671761136069,0.8671702404158543,0.9293139293139293,12.377,0.006,12.26,0.01,12260.0,10.0,2.8839145E7,1043348.0,161927.0,99.16839916839916,70.997920997921,?,?
DatasetClassiRealeseNormalizedShuffled,3,6,weka.classifiers.meta.FilteredClassifier,'-F \"weka.filters.MultiFilter -F \\\"weka.filters.supervised.attribute.AttributeSelection -E \\\\\\\"weka.attributeSelection.WrapperSubsetEval -B weka.classifiers.bayes.NaiveBayes -F 5 -T 0.01 -R 1 -E AUC --\\\\\\\" -S \\\\\\\"weka.attributeSelection.GreedyStepwise -B -T -1.7976931348623157E308 -N -1 -num-slots 1\\\\\\\"\\\" -F \\\"weka.filters.supervised.instance.Resample -B 1.0 -S 1 -Z 200.0\\\" -S 1\" -S 1 -W weka.classifiers.trees.RandomForest -- -P 100 -I 100 -num-slots 1 -K 0 -M 1.0 -V 0.001 -S 1',-4523450618538717400,2.02604271204E7,4330.0,481.0,465.0,16.0,0.0,96.67359667359668,3.3264033264033266,0.0,0.8647594278283485,0.10887177510682439,0.18557778687511536,47.20486391661024,54.64029521371615,272.1308087156738,97.99692308658902,174.1338856290848,0.565760517080403,0.2037358068328254,0.36202471024757754,117.04368548706795,0.2433340654616797,43.010082555318775,0.953125,61.0,0.03117505995203837,13.0,0.9688249400479616,404.0,0.046875,3.0,0.8243243243243243,0.953125,0.8840579710144927,0.8678652323875488,0.9922062350119905,0.9381222460274118,0.9667359667359667,0.04478602668800511,0.9552139733119949,0.033264033264033266,0.9702350242890784,0.9667359667359667,0.9677393404704507,0.8678652323875488,0.9922062350119905,0.9907596558203999,0.9323202476431687,0.9667359667359667,12.398,0.007,12.3,0.0,12300.0,0.0,3.4000181E7,1043348.0,161927.0,99.79209979209979,74.53222453222453,?,?
DatasetClassiRealeseNormalizedShuffled,3,7,weka.classifiers.meta.FilteredClassifier,'-F \"weka.filters.MultiFilter -F \\\"weka.filters.supervised.attribute.AttributeSelection -E \\\\\\\"weka.attributeSelection.WrapperSubsetEval -B weka.classifiers.bayes.NaiveBayes -F 5 -T 0.01 -R 1 -E AUC --\\\\\\\" -S \\\\\\\"weka.attributeSelection.GreedyStepwise -B -T -1.7976931348623157E308 -N -1 -num-slots 1\\\\\\\"\\\" -F \\\"weka.filters.supervised.instance.Resample -B 1.0 -S 1 -Z 200.0\\\" -S 1\" -S 1 -W weka.classifiers.trees.RandomForest -- -P 100 -I 100 -num-slots 1 -K 0 -M 1.0 -V 0.001 -S 1',-4523450618538717400,2.0260427120500002E7,4330.0,481.0,437.0,44.0,0.0,90.85239085239085,9.147609147609147,0.0,0.6797409357787059,0.12307755209389827,0.2613452803444402,53.36423597467181,76.9487744798969,272.1308087156738,150.1489913540455,121.98181736162832,0.565760517080403,0.3121600651851258,0.2536004518952772,68.95920783642464,0.14336633645826327,25.340463346241034,0.9375,60.0,0.09592326139088729,40.0,0.9040767386091128,377.0,0.0625,4.0,0.6,0.9375,0.7317073170731707,0.7043511850217102,0.9732838729016786,0.8443112337473808,0.9085239085239085,0.06694716991479581,0.9330528300852041,0.09147609147609148,0.9376757738962462,0.9085239085239085,0.9165005968600322,0.7043511850217102,0.9732838729016786,0.9757738151993514,0.838284736230821,0.9085239085239085,14.031,0.004,13.88,0.0,13880.0,0.0,1.4537755E7,1043348.0,161927.0,98.54469854469855,63.0977130977131,?,?
DatasetClassiRealeseNormalizedShuffled,3,8,weka.classifiers.meta.FilteredClassifier,'-F \"weka.filters.MultiFilter -F \\\"weka.filters.supervised.attribute.AttributeSelection -E \\\\\\\"weka.attributeSelection.WrapperSubsetEval -B weka.classifiers.bayes.NaiveBayes -F 5 -T 0.01 -R 1 -E AUC --\\\\\\\" -S \\\\\\\"weka.attributeSelection.GreedyStepwise -B -T -1.7976931348623157E308 -N -1 -num-slots 1\\\\\\\"\\\" -F \\\"weka.filters.supervised.instance.Resample -B 1.0 -S 1 -Z 200.0\\\" -S 1\" -S 1 -W weka.classifiers.trees.RandomForest -- -P 100 -I 100 -num-slots 1 -K 0 -M 1.0 -V 0.001 -S 1',-4523450618538717400,2.0260427120500002E7,4330.0,481.0,454.0,27.0,0.0,94.38669438669439,5.613305613305613,0.0,0.7786470317533366,0.1202331285247662,0.22458451576717728,52.13094454197189,66.12517828012506,272.1308087156738,125.10359562977955,147.0272130858943,0.565760517080403,0.2600906354049471,0.3056698816754559,85.14688754756452,0.17702055623194288,31.288955465725017,0.90625,58.0,0.050359712230215826,21.0,0.9496402877697842,396.0,0.09375,6.0,0.7341772151898734,0.90625,0.8111888111888113,0.784602234304662,0.9728342326139089,0.8606117944873113,0.9438669438669439,0.0879766560971597,0.9120233439028403,0.056133056133056136,0.9516911874742973,0.9438669438669439,0.9462969462969463,0.7846022343046621,0.9728342326139089,0.9776266691721901,0.8891108891108891,0.9438669438669439,12.339,0.006,12.23,0.01,12230.0,10.0,2.9687594E7,1043348.0,161927.0,99.37629937629937,71.41372141372142,?,?
DatasetClassiRealeseNormalizedShuffled,3,9,weka.classifiers.meta.FilteredClassifier,'-F \"weka.filters.MultiFilter -F \\\"weka.filters.supervised.attribute.AttributeSelection -E \\\\\\\"weka.attributeSelection.WrapperSubsetEval -B weka.classifiers.bayes.NaiveBayes -F 5 -T 0.01 -R 1 -E AUC --\\\\\\\" -S \\\\\\\"weka.attributeSelection.GreedyStepwise -B -T -1.7976931348623157E308 -N -1 -num-slots 1\\\\\\\"\\\" -F \\\"weka.filters.supervised.instance.Resample -B 1.0 -S 1 -Z 200.0\\\" -S 1\" -S 1 -W weka.classifiers.trees.RandomForest -- -P 100 -I 100 -num-slots 1 -K 0 -M 1.0 -V 0.001 -S 1',-4523450618538717400,2.0260427120500002E7,4330.0,481.0,441.0,40.0,0.0,91.68399168399168,8.316008316008316,0.0,0.7057114013888464,0.10664221257553966,0.2422536078326909,46.23816528622967,71.32754879480142,272.1308087156738,126.44293645208263,145.6878722635912,0.565760517080403,0.26287512775900757,0.3028853893213954,94.39799850808203,0.1962536351519377,34.68846432845845,0.953125,61.0,0.08872901678657075,37.0,0.9112709832134293,380.0,0.046875,3.0,0.6224489795918368,0.953125,0.7530864197530863,0.7288838535716132,0.9797849220623501,0.8921418370534413,0.9168399168399168,0.05244393362648758,0.9475560663735124,0.08316008316008316,0.9429738381622006,0.9168399168399168,0.9237994404661071,0.7288838535716132,0.9797849220623501,0.9829225170372189,0.8515432098765432,0.9168399168399168,13.959,0.004,13.76,0.01,13760.0,10.0,1.3687758E7,1043348.0,161927.0,99.16839916839916,61.018711018711016,?,?
DatasetClassiRealeseNormalizedShuffled,3,10,weka.classifiers.meta.FilteredClassifier,'-F \"weka.filters.MultiFilter -F \\\"weka.filters.supervised.attribute.AttributeSelection -E \\\\\\\"weka.attributeSelection.WrapperSubsetEval -B weka.classifiers.bayes.NaiveBayes -F 5 -T 0.01 -R 1 -E AUC --\\\\\\\" -S \\\\\\\"weka.attributeSelection.GreedyStepwise -B -T -1.7976931348623157E308 -N -1 -num-slots 1\\\\\\\"\\\" -F \\\"weka.filters.supervised.instance.Resample -B 1.0 -S 1 -Z 200.0\\\" -S 1\" -S 1 -W weka.classifiers.trees.RandomForest -- -P 100 -I 100 -num-slots 1 -K 0 -M 1.0 -V 0.001 -S 1',-4523450618538717400,2.0260427120500002E7,4330.0,481.0,435.0,46.0,0.0,90.43659043659044,9.563409563409563,0.0,0.6578735774369123,0.13424735998015633,0.255950051232595,58.20726586674565,75.36023893164595,272.1308087156738,140.94845960397475,131.18234911169907,0.565760517080403,0.29303214054880405,0.27272837653159887,52.86487138542911,0.10990617751648464,19.4262721060235,0.890625,57.0,0.09352517985611511,39.0,0.9064748201438849,378.0,0.109375,7.0,0.59375,0.890625,0.7125,0.6773369133657309,0.9768247901678657,0.8860448595122311,0.9043659043659044,0.10726608422201947,0.8927339157779804,0.09563409563409564,0.9301833301833302,0.9043659043659044,0.912021401796963,0.6773369133657309,0.9768247901678657,0.9816712300589513,0.8275716957605985,0.9043659043659044,13.921,0.005,13.82,0.01,13820.0,10.0,1.7647039E7,1043348.0,161927.0,100.0,65.8004158004158,?,?
DatasetClassiRealeseNormalizedShuffled,4,1,weka.classifiers.meta.FilteredClassifier,'-F \"weka.filters.MultiFilter -F \\\"weka.filters.supervised.attribute.AttributeSelection -E \\\\\\\"weka.attributeSelection.WrapperSubsetEval -B weka.classifiers.bayes.NaiveBayes -F 5 -T 0.01 -R 1 -E AUC --\\\\\\\" -S \\\\\\\"weka.attributeSelection.GreedyStepwise -B -T -1.7976931348623157E308 -N -1 -num-slots 1\\\\\\\"\\\" -F \\\"weka.filters.supervised.instance.Resample -B 1.0 -S 1 -Z 200.0\\\" -S 1\" -S 1 -W weka.classifiers.trees.RandomForest -- -P 100 -I 100 -num-slots 1 -K 0 -M 1.0 -V 0.001 -S 1',-4523450618538717400,2.02604271206E7,4329.0,482.0,450.0,32.0,0.0,93.3609958506224,6.639004149377594,0.0,0.7483521503622006,0.13251467686535917,0.22953710448764844,57.500904943142345,67.64282273432482,272.3366817903761,131.59218554501817,140.7444962453579,0.565013862635635,0.27301283308095053,0.29200102955468443,79.05636001964972,0.1640173444391073,29.028906242054184,0.921875,59.0,0.0645933014354067,27.0,0.9354066985645934,391.0,0.078125,5.0,0.686046511627907,0.921875,0.7866666666666667,0.7598097491556166,0.9785062799043063,0.8949789573534432,0.9336099585062241,0.07632825994163077,0.9236717400583693,0.06639004149377593,0.9473634833327973,0.9336099585062241,0.9375813988262122,0.7598097491556166,0.9785062799043063,0.9831080753908802,0.8736773136773137,0.9336099585062241,13.996,0.005,13.87,0.01,13870.0,10.0,2.0705955E7,1043119.0,162156.0,100.0,76.76348547717842,?,?
DatasetClassiRealeseNormalizedShuffled,4,2,weka.classifiers.meta.FilteredClassifier,'-F \"weka.filters.MultiFilter -F \\\"weka.filters.supervised.attribute.AttributeSelection -E \\\\\\\"weka.attributeSelection.WrapperSubsetEval -B weka.classifiers.bayes.NaiveBayes -F 5 -T 0.01 -R 1 -E AUC --\\\\\\\" -S \\\\\\\"weka.attributeSelection.GreedyStepwise -B -T -1.7976931348623157E308 -N -1 -num-slots 1\\\\\\\"\\\" -F \\\"weka.filters.supervised.instance.Resample -B 1.0 -S 1 -Z 200.0\\\" -S 1\" -S 1 -W weka.classifiers.trees.RandomForest -- -P 100 -I 100 -num-slots 1 -K 0 -M 1.0 -V 0.001 -S 1',-4523450618538717400,2.02604271206E7,4330.0,481.0,444.0,37.0,0.0,92.3076923076923,7.6923076923076925,0.0,0.7173419309753349,0.11713638865257138,0.24704963870583693,51.08857039425433,73.2253575999303,269.42867131105754,135.08258892459978,134.34608238645777,0.5601427677984564,0.28083698321122613,0.27930578458723027,68.97741488644098,0.14340418895309975,25.60136400880885,0.9365079365079365,59.0,0.07894736842105263,33.0,0.9210526315789473,385.0,0.06349206349206349,4.0,0.6413043478260869,0.9365079365079365,0.7612903225806451,0.735621653644346,0.9796460849092428,0.880616484060526,0.9230769230769231,0.06551635499003919,0.9344836450099608,0.07692307692307693,0.9440831047794276,0.9230769230769231,0.9288908157837286,0.735621653644346,0.9796460849092429,0.9817132838321042,0.8577207498900747,0.9230769230769231,14.246,0.005,14.12,0.0,14120.0,0.0,1.2775111E7,1043348.0,161927.0,98.96049896049897,63.305613305613306,?,?
DatasetClassiRealeseNormalizedShuffled,4,3,weka.classifiers.meta.FilteredClassifier,'-F \"weka.filters.MultiFilter -F \\\"weka.filters.supervised.attribute.AttributeSelection -E \\\\\\\"weka.attributeSelection.WrapperSubsetEval -B weka.classifiers.bayes.NaiveBayes -F 5 -T 0.01 -R 1 -E AUC --\\\\\\\" -S \\\\\\\"weka.attributeSelection.GreedyStepwise -B -T -1.7976931348623157E308 -N -1 -num-slots 1\\\\\\\"\\\" -F \\\"weka.filters.supervised.instance.Resample -B 1.0 -S 1 -Z 200.0\\\" -S 1\" -S 1 -W weka.classifiers.trees.RandomForest -- -P 100 -I 100 -num-slots 1 -K 0 -M 1.0 -V 0.001 -S 1',-4523450618538717400,2.02604271206E7,4330.0,481.0,454.0,27.0,0.0,94.38669438669439,5.613305613305613,0.0,0.7786470317533366,0.11090909918357668,0.21194098109419296,48.08821137468891,62.402499619550106,272.1308087156738,111.69044818559918,160.44036053007466,0.565760517080403,0.23220467398253467,0.3335558430978683,101.49842934901118,0.21101544563203986,37.297662042763484,0.90625,58.0,0.050359712230215826,21.0,0.9496402877697842,396.0,0.09375,6.0,0.7341772151898734,0.90625,0.8111888111888113,0.784602234304662,0.9820893285371702,0.8855669044969446,0.9438669438669439,0.0879766560971597,0.9120233439028403,0.056133056133056136,0.9516911874742973,0.9438669438669439,0.9462969462969463,0.7846022343046621,0.9820893285371702,0.9823876442785959,0.8891108891108891,0.9438669438669439,12.428,0.007,12.33,0.0,12330.0,0.0,2.7900799E7,1043348.0,161927.0,99.79209979209979,69.95841995841995,?,?
DatasetClassiRealeseNormalizedShuffled,4,4,weka.classifiers.meta.FilteredClassifier,'-F \"weka.filters.MultiFilter -F \\\"weka.filters.supervised.attribute.AttributeSelection -E \\\\\\\"weka.attributeSelection.WrapperSubsetEval -B weka.classifiers.bayes.NaiveBayes -F 5 -T 0.01 -R 1 -E AUC --\\\\\\\" -S \\\\\\\"weka.attributeSelection.GreedyStepwise -B -T -1.7976931348623157E308 -N -1 -num-slots 1\\\\\\\"\\\" -F \\\"weka.filters.supervised.instance.Resample -B 1.0 -S 1 -Z 200.0\\\" -S 1\" -S 1 -W weka.classifiers.trees.RandomForest -- -P 100 -I 100 -num-slots 1 -K 0 -M 1.0 -V 0.001 -S 1',-4523450618538717400,2.02604271206E7,4330.0,481.0,435.0,46.0,0.0,90.43659043659044,9.563409563409563,0.0,0.6651837055868288,0.13459074389564585,0.27056529521004014,58.35615102073465,79.66345462892924,272.1308087156738,159.85901392453215,112.27179479114167,0.565760517080403,0.33234722229632463,0.23341329478407832,44.062761306169946,0.09160657236209968,16.19175774846109,0.921875,59.0,0.09832134292565947,41.0,0.9016786570743405,376.0,0.078125,5.0,0.59,0.921875,0.7195121951219512,0.6892669054137208,0.9700427158273381,0.8314161925460504,0.9043659043659044,0.08081224729156385,0.9191877527084361,0.09563409563409564,0.9340697693453599,0.9043659043659044,0.9127051694445789,0.6892669054137208,0.9700427158273381,0.9734849142704324,0.830934042423131,0.9043659043659044,13.887,0.004,13.77,0.01,13770.0,10.0,1.517084E7,1043348.0,161927.0,98.96049896049897,63.0977130977131,?,?
DatasetClassiRealeseNormalizedShuffled,4,5,weka.classifiers.meta.FilteredClassifier,'-F \"weka.filters.MultiFilter -F \\\"weka.filters.supervised.attribute.AttributeSelection -E \\\\\\\"weka.attributeSelection.WrapperSubsetEval -B weka.classifiers.bayes.NaiveBayes -F 5 -T 0.01 -R 1 -E AUC --\\\\\\\" -S \\\\\\\"weka.attributeSelection.GreedyStepwise -B -T -1.7976931348623157E308 -N -1 -num-slots 1\\\\\\\"\\\" -F \\\"weka.filters.supervised.instance.Resample -B 1.0 -S 1 -Z 200.0\\\" -S 1\" -S 1 -W weka.classifiers.trees.RandomForest -- -P 100 -I 100 -num-slots 1 -K 0 -M 1.0 -V 0.001 -S 1',-4523450618538717400,2.02604271206E7,4330.0,481.0,455.0,26.0,0.0,94.5945945945946,5.405405405405405,0.0,0.777473309608541,0.11734008639409572,0.2182188510802472,50.87657296633328,64.25091410453462,272.1308087156738,121.45120375837399,150.67960495729983,0.565760517080403,0.25249730511096463,0.3132632119694383,102.5367671962915,0.21317415217524222,37.679220401473685,0.859375,55.0,0.0407673860911271,17.0,0.9592326139088729,400.0,0.140625,9.0,0.7638888888888888,0.859375,0.8088235294117647,0.779302181536547,0.9733588129496403,0.8433070880589029,0.9459459459459459,0.12733833203707304,0.872661667962927,0.05405405405405406,0.9495069641768906,0.9459459459459459,0.9472740080915555,0.779302181536547,0.9733588129496403,0.9755555598955833,0.8886732659165362,0.9459459459459459,11.949,0.007,11.84,0.0,11840.0,0.0,3.3548797E7,1043348.0,161927.0,99.37629937629937,70.58212058212058,?,?
DatasetClassiRealeseNormalizedShuffled,4,6,weka.classifiers.meta.FilteredClassifier,'-F \"weka.filters.MultiFilter -F \\\"weka.filters.supervised.attribute.AttributeSelection -E \\\\\\\"weka.attributeSelection.WrapperSubsetEval -B weka.classifiers.bayes.NaiveBayes -F 5 -T 0.01 -R 1 -E AUC --\\\\\\\" -S \\\\\\\"weka.attributeSelection.GreedyStepwise -B -T -1.7976931348623157E308 -N -1 -num-slots 1\\\\\\\"\\\" -F \\\"weka.filters.supervised.instance.Resample -B 1.0 -S 1 -Z 200.0\\\" -S 1\" -S 1 -W weka.classifiers.trees.RandomForest -- -P 100 -I 100 -num-slots 1 -K 0 -M 1.0 -V 0.001 -S 1',-4523450618538717400,2.02604271207E7,4330.0,481.0,460.0,21.0,0.0,95.63409563409563,4.365904365904366,0.0,0.8278365802525952,0.11123011974247558,0.21058248351770167,48.227400175297596,62.00251258512904,272.1308087156738,114.62134121526802,157.5094675004058,0.565760517080403,0.2382980066845489,0.32746251039585406,102.52290391088724,0.21314533037606495,37.67412605531358,0.953125,61.0,0.04316546762589928,18.0,0.9568345323741008,399.0,0.046875,3.0,0.7721518987341772,0.953125,0.8531468531468531,0.8341679914231992,0.983363309352518,0.8877014520809251,0.9563409563409564,0.04638142396685562,0.9536185760331444,0.04365904365904366,0.96321368237106,0.9563409563409564,0.9582309582309583,0.8341679914231993,0.9833633093525179,0.98280998295082,0.9137529137529137,0.9563409563409564,12.679,0.006,12.55,0.01,12550.0,10.0,2.8418768E7,1043348.0,161927.0,99.79209979209979,70.37422037422037,?,?
DatasetClassiRealeseNormalizedShuffled,4,7,weka.classifiers.meta.FilteredClassifier,'-F \"weka.filters.MultiFilter -F \\\"weka.filters.supervised.attribute.AttributeSelection -E \\\\\\\"weka.attributeSelection.WrapperSubsetEval -B weka.classifiers.bayes.NaiveBayes -F 5 -T 0.01 -R 1 -E AUC --\\\\\\\" -S \\\\\\\"weka.attributeSelection.GreedyStepwise -B -T -1.7976931348623157E308 -N -1 -num-slots 1\\\\\\\"\\\" -F \\\"weka.filters.supervised.instance.Resample -B 1.0 -S 1 -Z 200.0\\\" -S 1\" -S 1 -W weka.classifiers.trees.RandomForest -- -P 100 -I 100 -num-slots 1 -K 0 -M 1.0 -V 0.001 -S 1',-4523450618538717400,2.02604271207E7,4330.0,481.0,432.0,49.0,0.0,89.81288981288981,10.187110187110187,0.0,0.6526256835030732,0.13723943693069002,0.27191168105884295,59.504577177591685,80.05987556641819,272.1308087156738,155.51778391930395,116.61302479636987,0.565760517080403,0.323321796090029,0.24243872099037395,39.663206898207115,0.08245988960126219,14.575052007304253,0.9375,60.0,0.1079136690647482,45.0,0.8920863309352518,372.0,0.0625,4.0,0.5714285714285714,0.9375,0.7100591715976331,0.6820732698645284,0.9779676258992805,0.8900256378332267,0.8981288981288982,0.06854256719364633,0.9314574328063536,0.10187110187110188,0.9337531358807954,0.8981288981288982,0.9078525535989888,0.6820732698645284,0.9779676258992805,0.9823309950034406,0.8241342516247938,0.8981288981288982,13.981,0.004,13.87,0.0,13870.0,0.0,1.4015376E7,1043348.0,161927.0,99.37629937629937,64.86486486486487,?,?
DatasetClassiRealeseNormalizedShuffled,4,8,weka.classifiers.meta.FilteredClassifier,'-F \"weka.filters.MultiFilter -F \\\"weka.filters.supervised.attribute.AttributeSelection -E \\\\\\\"weka.attributeSelection.WrapperSubsetEval -B weka.classifiers.bayes.NaiveBayes -F 5 -T 0.01 -R 1 -E AUC --\\\\\\\" -S \\\\\\\"weka.attributeSelection.GreedyStepwise -B -T -1.7976931348623157E308 -N -1 -num-slots 1\\\\\\\"\\\" -F \\\"weka.filters.supervised.instance.Resample -B 1.0 -S 1 -Z 200.0\\\" -S 1\" -S 1 -W weka.classifiers.trees.RandomForest -- -P 100 -I 100 -num-slots 1 -K 0 -M 1.0 -V 0.001 -S 1',-4523450618538717400,2.02604271207E7,4330.0,481.0,455.0,26.0,0.0,94.5945945945946,5.405405405405405,0.0,0.7855550601872492,0.10717233643419224,0.20321695809384044,46.468017555856854,59.8338560323125,272.1308087156738,102.2215951402801,169.90921357539372,0.565760517080403,0.21251890881555113,0.3532416082648518,108.6691586230433,0.22592340670071373,39.932692345974836,0.90625,58.0,0.047961630695443645,20.0,0.9520383693045563,397.0,0.09375,6.0,0.7435897435897436,0.90625,0.8169014084507042,0.7908450806380003,0.983550659472422,0.9214325941022368,0.9459459459459459,0.0876575766413896,0.9123424233586105,0.05405405405405406,0.9529756899483947,0.9459459459459459,0.9481491453665963,0.7908450806380003,0.983550659472422,0.9872905359920321,0.8925970456887667,0.9459459459459459,12.83,0.006,12.69,0.01,12690.0,10.0,3.187932E7,1043348.0,161927.0,100.0,69.64656964656965,?,?
DatasetClassiRealeseNormalizedShuffled,4,9,weka.classifiers.meta.FilteredClassifier,'-F \"weka.filters.MultiFilter -F \\\"weka.filters.supervised.attribute.AttributeSelection -E \\\\\\\"weka.attributeSelection.WrapperSubsetEval -B weka.classifiers.bayes.NaiveBayes -F 5 -T 0.01 -R 1 -E AUC --\\\\\\\" -S \\\\\\\"weka.attributeSelection.GreedyStepwise -B -T -1.7976931348623157E308 -N -1 -num-slots 1\\\\\\\"\\\" -F \\\"weka.filters.supervised.instance.Resample -B 1.0 -S 1 -Z 200.0\\\" -S 1\" -S 1 -W weka.classifiers.trees.RandomForest -- -P 100 -I 100 -num-slots 1 -K 0 -M 1.0 -V 0.001 -S 1',-4523450618538717400,2.02604271207E7,4330.0,481.0,459.0,22.0,0.0,95.42619542619542,4.573804573804574,0.0,0.8185465893892109,0.1185433277335671,0.2025199495288934,51.398276995066674,59.628633444003356,272.1308087156738,107.88856298382012,164.2422457318537,0.565760517080403,0.22430054674390879,0.34145997033649417,95.7164553430718,0.19899470965295593,35.1729581059959,0.9375,60.0,0.04316546762589928,18.0,0.9568345323741008,399.0,0.0625,4.0,0.7692307692307693,0.9375,0.8450704225352113,0.8240587786897665,0.9884967026378897,0.9328658914591955,0.9542619542619543,0.05992742188785354,0.9400725781121465,0.04573804573804574,0.9606898366203577,0.9542619542619543,0.9561261999255815,0.8240587786897666,0.9884967026378897,0.9895419762305907,0.909120577121264,0.9542619542619543,14.151,0.006,14.04,0.0,14040.0,0.0,2.6162162E7,1043348.0,161927.0,100.0,73.8045738045738,?,?
DatasetClassiRealeseNormalizedShuffled,4,10,weka.classifiers.meta.FilteredClassifier,'-F \"weka.filters.MultiFilter -F \\\"weka.filters.supervised.attribute.AttributeSelection -E \\\\\\\"weka.attributeSelection.WrapperSubsetEval -B weka.classifiers.bayes.NaiveBayes -F 5 -T 0.01 -R 1 -E AUC --\\\\\\\" -S \\\\\\\"weka.attributeSelection.GreedyStepwise -B -T -1.7976931348623157E308 -N -1 -num-slots 1\\\\\\\"\\\" -F \\\"weka.filters.supervised.instance.Resample -B 1.0 -S 1 -Z 200.0\\\" -S 1\" -S 1 -W weka.classifiers.trees.RandomForest -- -P 100 -I 100 -num-slots 1 -K 0 -M 1.0 -V 0.001 -S 1',-4523450618538717400,2.02604271208E7,4330.0,481.0,433.0,48.0,0.0,90.02079002079002,9.97920997920998,0.0,0.661476203043899,0.1396989633868248,0.2782267171828147,60.57098407274175,81.91923300304558,272.1308087156738,163.9426797386305,108.18812897704333,0.565760517080403,0.3408371720137848,0.22492334506661815,30.939055006365933,0.06432235968059445,11.36918497114801,0.953125,61.0,0.1079136690647482,45.0,0.8920863309352518,372.0,0.046875,3.0,0.5754716981132075,0.953125,0.7176470588235294,0.6925557805912471,0.9731527278177458,0.8602196612424953,0.9002079002079002,0.054996569272648406,0.9450034307273516,0.0997920997920998,0.9365783548425057,0.9002079002079002,0.9098891569479806,0.6925557805912471,0.9731527278177458,0.9776875156777066,0.8285204991087345,0.9002079002079002,14.395,0.004,14.23,0.0,14230.0,0.0,1.1720135E7,1043348.0,161927.0,99.37629937629937,63.82536382536382,?,?
DatasetClassiRealeseNormalizedShuffled,5,1,weka.classifiers.meta.FilteredClassifier,'-F \"weka.filters.MultiFilter -F \\\"weka.filters.supervised.attribute.AttributeSelection -E \\\\\\\"weka.attributeSelection.WrapperSubsetEval -B weka.classifiers.bayes.NaiveBayes -F 5 -T 0.01 -R 1 -E AUC --\\\\\\\" -S \\\\\\\"weka.attributeSelection.GreedyStepwise -B -T -1.7976931348623157E308 -N -1 -num-slots 1\\\\\\\"\\\" -F \\\"weka.filters.supervised.instance.Resample -B 1.0 -S 1 -Z 200.0\\\" -S 1\" -S 1 -W weka.classifiers.trees.RandomForest -- -P 100 -I 100 -num-slots 1 -K 0 -M 1.0 -V 0.001 -S 1',-4523450618538717400,2.02604271208E7,4329.0,482.0,443.0,39.0,0.0,91.90871369294605,8.091286307053942,0.0,0.705221891171397,0.12036569134555869,0.24037031432927108,52.22920464507312,70.83528651745168,272.3366817903761,129.3959224479171,142.940759342459,0.565013862635635,0.26845627063883215,0.29655759199680287,82.3847844188461,0.17092278925071805,30.251078876792516,0.921875,59.0,0.08133971291866028,34.0,0.9186602870813397,384.0,0.078125,5.0,0.6344086021505376,0.921875,0.7515923566878981,0.7227994335026163,0.9774596291866029,0.8672304523143398,0.9190871369294605,0.07855184984812087,0.9214481501518792,0.08091286307053942,0.9403099582883007,0.9190871369294605,0.9251061562937796,0.7227994335026162,0.9774596291866029,0.9794122602423195,0.851632609570715,0.9190871369294605,14.229,0.004,14.12,0.0,14120.0,0.0,1.7397735E7,1043119.0,162156.0,99.5850622406639,64.2116182572614,?,?
DatasetClassiRealeseNormalizedShuffled,5,2,weka.classifiers.meta.FilteredClassifier,'-F \"weka.filters.MultiFilter -F \\\"weka.filters.supervised.attribute.AttributeSelection -E \\\\\\\"weka.attributeSelection.WrapperSubsetEval -B weka.classifiers.bayes.NaiveBayes -F 5 -T 0.01 -R 1 -E AUC --\\\\\\\" -S \\\\\\\"weka.attributeSelection.GreedyStepwise -B -T -1.7976931348623157E308 -N -1 -num-slots 1\\\\\\\"\\\" -F \\\"weka.filters.supervised.instance.Resample -B 1.0 -S 1 -Z 200.0\\\" -S 1\" -S 1 -W weka.classifiers.trees.RandomForest -- -P 100 -I 100 -num-slots 1 -K 0 -M 1.0 -V 0.001 -S 1',-4523450618538717400,2.02604271208E7,4330.0,481.0,428.0,53.0,0.0,88.98128898128898,11.018711018711018,0.0,0.6361417581319672,0.1368277287388044,0.27175325325254407,59.67687011669616,80.5474934211746,269.42867131105754,154.0076792028829,115.42099210817463,0.5601427677984564,0.3201822852450788,0.2399604825533776,31.92211989889299,0.06636615363595216,11.848078284897397,0.9682539682539683,61.0,0.12200956937799043,51.0,0.8779904306220095,367.0,0.031746031746031744,2.0,0.5446428571428571,0.9682539682539683,0.6971428571428572,0.6755103824044004,0.9806713754082175,0.8758209443171676,0.8898128898128899,0.043568490936911994,0.956431509063088,0.1101871101871102,0.9356484768070134,0.8898128898128899,0.9018088638927269,0.6755103824044004,0.9806713754082174,0.9812166694330997,0.8148992557632965,0.8898128898128899,14.181,0.005,14.04,0.0,14040.0,0.0,1.3321717E7,1043348.0,161927.0,99.16839916839916,65.07276507276508,?,?
DatasetClassiRealeseNormalizedShuffled,5,3,weka.classifiers.meta.FilteredClassifier,'-F \"weka.filters.MultiFilter -F \\\"weka.filters.supervised.attribute.AttributeSelection -E \\\\\\\"weka.attributeSelection.WrapperSubsetEval -B weka.classifiers.bayes.NaiveBayes -F 5 -T 0.01 -R 1 -E AUC --\\\\\\\" -S \\\\\\\"weka.attributeSelection.GreedyStepwise -B -T -1.7976931348623157E308 -N -1 -num-slots 1\\\\\\\"\\\" -F \\\"weka.filters.supervised.instance.Resample -B 1.0 -S 1 -Z 200.0\\\" -S 1\" -S 1 -W weka.classifiers.trees.RandomForest -- -P 100 -I 100 -num-slots 1 -K 0 -M 1.0 -V 0.001 -S 1',-4523450618538717400,2.02604271208E7,4330.0,481.0,450.0,31.0,0.0,93.55509355509355,6.444906444906445,0.0,0.7575250020326858,0.10149837715116734,0.22616264070034123,44.007889799505165,66.58983093971429,272.1308087156738,115.94687367217325,156.18393504350058,0.565760517080403,0.24105379141823963,0.32470672566216335,106.02792591579326,0.2204322784112126,38.96211767281843,0.9375,60.0,0.06474820143884892,27.0,0.935251798561151,390.0,0.0625,4.0,0.6896551724137931,0.9375,0.7947019867549668,0.7700891946782944,0.9814523381294964,0.8962395415742239,0.9355509355509356,0.06279913698978447,0.9372008630102154,0.06444906444906445,0.9499052567492967,0.9355509355509356,0.9395454186857163,0.7700891946782944,0.9814523381294965,0.9837048339894988,0.8782387862258187,0.9355509355509356,14.012,0.005,13.89,0.0,13890.0,0.0,1.5421074E7,1043348.0,161927.0,99.37629937629937,62.88981288981289,?,?
DatasetClassiRealeseNormalizedShuffled,5,4,weka.classifiers.meta.FilteredClassifier,'-F \"weka.filters.MultiFilter -F \\\"weka.filters.supervised.attribute.AttributeSelection -E \\\\\\\"weka.attributeSelection.WrapperSubsetEval -B weka.classifiers.bayes.NaiveBayes -F 5 -T 0.01 -R 1 -E AUC --\\\\\\\" -S \\\\\\\"weka.attributeSelection.GreedyStepwise -B -T -1.7976931348623157E308 -N -1 -num-slots 1\\\\\\\"\\\" -F \\\"weka.filters.supervised.instance.Resample -B 1.0 -S 1 -Z 200.0\\\" -S 1\" -S 1 -W weka.classifiers.trees.RandomForest -- -P 100 -I 100 -num-slots 1 -K 0 -M 1.0 -V 0.001 -S 1',-4523450618538717400,2.02604271208E7,4330.0,481.0,460.0,21.0,0.0,95.63409563409563,4.365904365904366,0.0,0.819130839615378,0.1060154852896095,0.1994844272558717,45.96642748994472,58.734874358292664,272.1308087156738,104.7470757848054,167.3837329308684,0.565760517080403,0.21776938832599876,0.3479911287544042,117.36710891154243,0.24400646343356014,43.12893107011976,0.890625,57.0,0.03357314148681055,14.0,0.9664268585131894,403.0,0.109375,7.0,0.8028169014084507,0.890625,0.8444444444444446,0.8206236193844227,0.9763564148681055,0.9128977073081956,0.9563409563409564,0.09928909782776689,0.9007109021722332,0.04365904365904366,0.958962098742243,0.9563409563409564,0.9572880852203706,0.8206236193844227,0.9763564148681054,0.9848626694769823,0.9095257288727664,0.9563409563409564,12.63,0.006,12.49,0.0,12490.0,0.0,3.3529039E7,1043348.0,161927.0,99.58419958419958,72.66112266112266,?,?
DatasetClassiRealeseNormalizedShuffled,5,5,weka.classifiers.meta.FilteredClassifier,'-F \"weka.filters.MultiFilter -F \\\"weka.filters.supervised.attribute.AttributeSelection -E \\\\\\\"weka.attributeSelection.WrapperSubsetEval -B weka.classifiers.bayes.NaiveBayes -F 5 -T 0.01 -R 1 -E AUC --\\\\\\\" -S \\\\\\\"weka.attributeSelection.GreedyStepwise -B -T -1.7976931348623157E308 -N -1 -num-slots 1\\\\\\\"\\\" -F \\\"weka.filters.supervised.instance.Resample -B 1.0 -S 1 -Z 200.0\\\" -S 1\" -S 1 -W weka.classifiers.trees.RandomForest -- -P 100 -I 100 -num-slots 1 -K 0 -M 1.0 -V 0.001 -S 1',-4523450618538717400,2.02604271209E7,4330.0,481.0,430.0,51.0,0.0,89.3970893970894,10.602910602910603,0.0,0.6421705200204217,0.13754725248962868,0.2724760190415045,59.63804052524867,80.22603550663608,272.1308087156738,164.63870027334144,107.49210844233238,0.565760517080403,0.342284200152477,0.22347631692792594,37.62094065583253,0.07821401383748966,13.82457974287631,0.9375,60.0,0.11270983213429256,47.0,0.8872901678657075,370.0,0.0625,4.0,0.5607476635514018,0.9375,0.7017543859649122,0.6735561404463989,0.9687874700239808,0.8026097747239819,0.893970893970894,0.06918072610518654,0.9308192738948134,0.10602910602910603,0.9322826557570921,0.893970893970894,0.9044200846715984,0.6735561404463989,0.9687874700239808,0.969474097555087,0.818639519151862,0.893970893970894,14.303,0.004,14.19,0.0,14190.0,0.0,1.2483819E7,1043348.0,161927.0,98.75259875259876,64.24116424116424,?,?
DatasetClassiRealeseNormalizedShuffled,5,6,weka.classifiers.meta.FilteredClassifier,'-F \"weka.filters.MultiFilter -F \\\"weka.filters.supervised.attribute.AttributeSelection -E \\\\\\\"weka.attributeSelection.WrapperSubsetEval -B weka.classifiers.bayes.NaiveBayes -F 5 -T 0.01 -R 1 -E AUC --\\\\\\\" -S \\\\\\\"weka.attributeSelection.GreedyStepwise -B -T -1.7976931348623157E308 -N -1 -num-slots 1\\\\\\\"\\\" -F \\\"weka.filters.supervised.instance.Resample -B 1.0 -S 1 -Z 200.0\\\" -S 1\" -S 1 -W weka.classifiers.trees.RandomForest -- -P 100 -I 100 -num-slots 1 -K 0 -M 1.0 -V 0.001 -S 1',-4523450618538717400,2.02604271209E7,4330.0,481.0,451.0,30.0,0.0,93.76299376299376,6.237006237006237,0.0,0.7495313476359091,0.11866964537322294,0.21479882880750834,51.453046075339046,63.24394538394258,272.1308087156738,113.60261267480234,158.52819604087148,0.565760517080403,0.236180067930982,0.329580449149421,98.58227999707388,0.20495276506668167,36.22606365752363,0.859375,55.0,0.050359712230215826,21.0,0.9496402877697842,396.0,0.140625,9.0,0.7236842105263158,0.859375,0.7857142857142857,0.7533216260850351,0.9772556954436451,0.8964641018869887,0.9376299376299376,0.12861464986015347,0.8713853501398466,0.062370062370062374,0.9439690702848597,0.9376299376299376,0.9398476843732317,0.7533216260850351,0.9772556954436451,0.9830941480979105,0.8746089676746611,0.9376299376299376,12.821,0.008,12.7,0.01,12700.0,10.0,3.2148753E7,1043348.0,161927.0,100.0,72.34927234927235,?,?
DatasetClassiRealeseNormalizedShuffled,5,7,weka.classifiers.meta.FilteredClassifier,'-F \"weka.filters.MultiFilter -F \\\"weka.filters.supervised.attribute.AttributeSelection -E \\\\\\\"weka.attributeSelection.WrapperSubsetEval -B weka.classifiers.bayes.NaiveBayes -F 5 -T 0.01 -R 1 -E AUC --\\\\\\\" -S \\\\\\\"weka.attributeSelection.GreedyStepwise -B -T -1.7976931348623157E308 -N -1 -num-slots 1\\\\\\\"\\\" -F \\\"weka.filters.supervised.instance.Resample -B 1.0 -S 1 -Z 200.0\\\" -S 1\" -S 1 -W weka.classifiers.trees.RandomForest -- -P 100 -I 100 -num-slots 1 -K 0 -M 1.0 -V 0.001 -S 1',-4523450618538717400,2.02604271209E7,4330.0,481.0,433.0,48.0,0.0,90.02079002079002,9.97920997920998,0.0,0.664944563766181,0.1295492454763296,0.26949042258063877,56.17024703794277,79.34697624659377,272.1308087156738,154.760828636948,117.36998007872583,0.565760517080403,0.32174808448429937,0.2440124325961036,56.0501121498301,0.11652829968779646,20.596753603298204,0.96875,62.0,0.11031175059952038,46.0,0.8896882494004796,371.0,0.03125,2.0,0.5740740740740741,0.96875,0.7209302325581396,0.6987161491754594,0.9744267086330936,0.8553921193524696,0.9002079002079002,0.04176965080742059,0.9582303491925794,0.0997920997920998,0.9386794507437939,0.9002079002079002,0.9101929854947224,0.6987161491754594,0.9744267086330936,0.9773780920245284,0.8300853694436268,0.9002079002079002,14.185,0.004,14.06,0.01,14060.0,10.0,1.3137675E7,1043348.0,161927.0,98.96049896049897,62.266112266112266,?,?
DatasetClassiRealeseNormalizedShuffled,5,8,weka.classifiers.meta.FilteredClassifier,'-F \"weka.filters.MultiFilter -F \\\"weka.filters.supervised.attribute.AttributeSelection -E \\\\\\\"weka.attributeSelection.WrapperSubsetEval -B weka.classifiers.bayes.NaiveBayes -F 5 -T 0.01 -R 1 -E AUC --\\\\\\\" -S \\\\\\\"weka.attributeSelection.GreedyStepwise -B -T -1.7976931348623157E308 -N -1 -num-slots 1\\\\\\\"\\\" -F \\\"weka.filters.supervised.instance.Resample -B 1.0 -S 1 -Z 200.0\\\" -S 1\" -S 1 -W weka.classifiers.trees.RandomForest -- -P 100 -I 100 -num-slots 1 -K 0 -M 1.0 -V 0.001 -S 1',-4523450618538717400,2.02604271209E7,4330.0,481.0,427.0,54.0,0.0,88.77338877338877,11.226611226611226,0.0,0.6230626342369536,0.13465162263220462,0.2793797933072173,58.38254695734772,82.2587371048142,272.1308087156738,166.3549423094524,105.77586640622141,0.565760517080403,0.3458522709136225,0.21990824616678048,40.759059963961455,0.08473817040324627,14.977745502732514,0.921875,59.0,0.11750599520383694,49.0,0.882494004796163,368.0,0.078125,5.0,0.5462962962962963,0.921875,0.686046511627907,0.6547070962177908,0.971785071942446,0.8423823443491151,0.8877338877338877,0.08336488293772468,0.9166351170622753,0.11226611226611227,0.928010708171566,0.8877338877338877,0.8989671086815626,0.6547070962177907,0.9717850719424461,0.9752769107803096,0.80884604062408,0.8877338877338877,14.107,0.004,13.96,0.01,13960.0,10.0,1.1058385E7,1043348.0,161927.0,98.75259875259876,63.40956340956341,?,?
DatasetClassiRealeseNormalizedShuffled,5,9,weka.classifiers.meta.FilteredClassifier,'-F \"weka.filters.MultiFilter -F \\\"weka.filters.supervised.attribute.AttributeSelection -E \\\\\\\"weka.attributeSelection.WrapperSubsetEval -B weka.classifiers.bayes.NaiveBayes -F 5 -T 0.01 -R 1 -E AUC --\\\\\\\" -S \\\\\\\"weka.attributeSelection.GreedyStepwise -B -T -1.7976931348623157E308 -N -1 -num-slots 1\\\\\\\"\\\" -F \\\"weka.filters.supervised.instance.Resample -B 1.0 -S 1 -Z 200.0\\\" -S 1\" -S 1 -W weka.classifiers.trees.RandomForest -- -P 100 -I 100 -num-slots 1 -K 0 -M 1.0 -V 0.001 -S 1',-4523450618538717400,2.0260427121E7,4330.0,481.0,437.0,44.0,0.0,90.85239085239085,9.147609147609147,0.0,0.6864406779661016,0.11317787649860364,0.2370888392874336,49.07191283733023,69.80686853034022,272.1308087156738,117.97436573618333,154.1564429794905,0.565760517080403,0.2452689516344768,0.32049156544592616,80.95265176009109,0.16830073130996068,29.747698227241727,0.96875,62.0,0.10071942446043165,42.0,0.8992805755395683,375.0,0.03125,2.0,0.5961538461538461,0.96875,0.738095238095238,0.7161527975556525,0.9906886990407674,0.9565126721923476,0.9085239085239085,0.04049333298434018,0.9595066670156598,0.09147609147609148,0.9416666207117135,0.9085239085239085,0.9171097357495341,0.7161527975556525,0.9906886990407674,0.9929171932077762,0.8413398104833872,0.9085239085239085,14.224,0.004,14.08,0.01,14080.0,10.0,1.3959522E7,1043348.0,161927.0,100.0,62.681912681912685,?,?
DatasetClassiRealeseNormalizedShuffled,5,10,weka.classifiers.meta.FilteredClassifier,'-F \"weka.filters.MultiFilter -F \\\"weka.filters.supervised.attribute.AttributeSelection -E \\\\\\\"weka.attributeSelection.WrapperSubsetEval -B weka.classifiers.bayes.NaiveBayes -F 5 -T 0.01 -R 1 -E AUC --\\\\\\\" -S \\\\\\\"weka.attributeSelection.GreedyStepwise -B -T -1.7976931348623157E308 -N -1 -num-slots 1\\\\\\\"\\\" -F \\\"weka.filters.supervised.instance.Resample -B 1.0 -S 1 -Z 200.0\\\" -S 1\" -S 1 -W weka.classifiers.trees.RandomForest -- -P 100 -I 100 -num-slots 1 -K 0 -M 1.0 -V 0.001 -S 1',-4523450618538717400,2.0260427121E7,4330.0,481.0,443.0,38.0,0.0,92.0997920997921,7.9002079002079,0.0,0.7078044569491959,0.13408027566764763,0.2558868378477789,58.13482108271568,75.341626801035,272.1308087156738,148.47247654283422,123.65833217283961,0.565760517080403,0.30867458740713977,0.2570859296732632,52.23388834110028,0.10859436245550995,19.194404554052166,0.90625,58.0,0.07673860911270983,32.0,0.9232613908872902,385.0,0.09375,6.0,0.6444444444444445,0.90625,0.7532467532467533,0.7223883529021763,0.9749700239808153,0.8640284279076694,0.920997920997921,0.09148653011063082,0.9085134698893692,0.079002079002079,0.9393876662418862,0.920997920997921,0.9263958546136764,0.7223883529021763,0.9749700239808153,0.9785882952238508,0.8531085251382281,0.920997920997921,13.986,0.005,13.84,0.0,13840.0,0.0,1.6062488E7,1043348.0,161927.0,99.58419958419958,66.73596673596674,?,?
DatasetClassiRealeseNormalizedShuffled,6,1,weka.classifiers.meta.FilteredClassifier,'-F \"weka.filters.MultiFilter -F \\\"weka.filters.supervised.attribute.AttributeSelection -E \\\\\\\"weka.attributeSelection.WrapperSubsetEval -B weka.classifiers.bayes.NaiveBayes -F 5 -T 0.01 -R 1 -E AUC --\\\\\\\" -S \\\\\\\"weka.attributeSelection.GreedyStepwise -B -T -1.7976931348623157E308 -N -1 -num-slots 1\\\\\\\"\\\" -F \\\"weka.filters.supervised.instance.Resample -B 1.0 -S 1 -Z 200.0\\\" -S 1\" -S 1 -W weka.classifiers.trees.RandomForest -- -P 100 -I 100 -num-slots 1 -K 0 -M 1.0 -V 0.001 -S 1',-4523450618538717400,2.0260427121E7,4329.0,482.0,438.0,44.0,0.0,90.87136929460581,9.12863070539419,0.0,0.6728775913129318,0.1352239224096768,0.253992207609476,58.67650355754883,74.84955390361353,272.3366817903761,145.27775725417953,127.05892453619654,0.565013862635635,0.3014061353821152,0.2636077272535198,51.43681620304447,0.10671538631337027,18.887215583626958,0.90625,58.0,0.09090909090909091,38.0,0.9090909090909091,380.0,0.09375,6.0,0.6041666666666666,0.90625,0.725,0.692768436315484,0.9739458732057417,0.8528192246510929,0.9087136929460581,0.09337278385514901,0.906627216144851,0.0912863070539419,0.9339611148137797,0.9087136929460581,0.9160256807250056,0.6927684363154841,0.9739458732057417,0.9769331993012731,0.835136815920398,0.9087136929460581,13.955,0.004,13.82,0.01,13820.0,10.0,1.5326819E7,1043119.0,162156.0,99.5850622406639,66.80497925311204,?,?
DatasetClassiRealeseNormalizedShuffled,6,2,weka.classifiers.meta.FilteredClassifier,'-F \"weka.filters.MultiFilter -F \\\"weka.filters.supervised.attribute.AttributeSelection -E \\\\\\\"weka.attributeSelection.WrapperSubsetEval -B weka.classifiers.bayes.NaiveBayes -F 5 -T 0.01 -R 1 -E AUC --\\\\\\\" -S \\\\\\\"weka.attributeSelection.GreedyStepwise -B -T -1.7976931348623157E308 -N -1 -num-slots 1\\\\\\\"\\\" -F \\\"weka.filters.supervised.instance.Resample -B 1.0 -S 1 -Z 200.0\\\" -S 1\" -S 1 -W weka.classifiers.trees.RandomForest -- -P 100 -I 100 -num-slots 1 -K 0 -M 1.0 -V 0.001 -S 1',-4523450618538717400,2.0260427121E7,4330.0,481.0,448.0,33.0,0.0,93.13929313929314,6.860706860706861,0.0,0.7450243361765699,0.11637245987277152,0.23271692602665112,50.755385892905565,68.97715057235354,269.42867131105754,118.90310676990626,150.52556454115128,0.5601427677984564,0.2471998061744413,0.31294296162401514,69.50036940229678,0.1444914124787875,25.79546158324704,0.9523809523809523,60.0,0.07177033492822966,30.0,0.9282296650717703,388.0,0.047619047619047616,3.0,0.6666666666666666,0.9523809523809523,0.7843137254901961,0.7617854959012541,0.9870509607351713,0.9240440810454582,0.9313929313929314,0.05078231394020868,0.9492176860597913,0.06860706860706861,0.949673261693722,0.9313929313929314,0.9363016317135419,0.7617854959012542,0.9870509607351713,0.9883474506879422,0.8717613126832933,0.9313929313929314,13.96,0.004,13.83,0.0,13830.0,0.0,1.412168E7,1043348.0,161927.0,99.79209979209979,63.0977130977131,?,?
DatasetClassiRealeseNormalizedShuffled,6,3,weka.classifiers.meta.FilteredClassifier,'-F \"weka.filters.MultiFilter -F \\\"weka.filters.supervised.attribute.AttributeSelection -E \\\\\\\"weka.attributeSelection.WrapperSubsetEval -B weka.classifiers.bayes.NaiveBayes -F 5 -T 0.01 -R 1 -E AUC --\\\\\\\" -S \\\\\\\"weka.attributeSelection.GreedyStepwise -B -T -1.7976931348623157E308 -N -1 -num-slots 1\\\\\\\"\\\" -F \\\"weka.filters.supervised.instance.Resample -B 1.0 -S 1 -Z 200.0\\\" -S 1\" -S 1 -W weka.classifiers.trees.RandomForest -- -P 100 -I 100 -num-slots 1 -K 0 -M 1.0 -V 0.001 -S 1',-4523450618538717400,2.02604271211E7,4330.0,481.0,433.0,48.0,0.0,90.02079002079002,9.97920997920998,0.0,0.6579352850539291,0.1341269238544581,0.2434358884592582,58.15504690624234,71.67565167688055,272.1308087156738,133.61122198494604,138.51958673072778,0.565760517080403,0.2777780082847111,0.28798250879569187,53.88215148143525,0.11202110495100884,19.800092365775495,0.9375,60.0,0.10551558752997602,44.0,0.894484412470024,373.0,0.0625,4.0,0.5769230769230769,0.9375,0.7142857142857143,0.6864135680275278,0.9812275179856115,0.9070113151574379,0.9002079002079002,0.06822348773787623,0.9317765122621238,0.0997920997920998,0.9345086772142475,0.9002079002079002,0.9095742571813101,0.686413568027528,0.9812275179856115,0.9850686750792763,0.826916156890968,0.9002079002079002,14.157,0.005,14.05,0.0,14050.0,0.0,1.845993E7,1043348.0,161927.0,99.79209979209979,66.52806652806653,?,?
DatasetClassiRealeseNormalizedShuffled,6,4,weka.classifiers.meta.FilteredClassifier,'-F \"weka.filters.MultiFilter -F \\\"weka.filters.supervised.attribute.AttributeSelection -E \\\\\\\"weka.attributeSelection.WrapperSubsetEval -B weka.classifiers.bayes.NaiveBayes -F 5 -T 0.01 -R 1 -E AUC --\\\\\\\" -S \\\\\\\"weka.attributeSelection.GreedyStepwise -B -T -1.7976931348623157E308 -N -1 -num-slots 1\\\\\\\"\\\" -F \\\"weka.filters.supervised.instance.Resample -B 1.0 -S 1 -Z 200.0\\\" -S 1\" -S 1 -W weka.classifiers.trees.RandomForest -- -P 100 -I 100 -num-slots 1 -K 0 -M 1.0 -V 0.001 -S 1',-4523450618538717400,2.02604271211E7,4330.0,481.0,445.0,36.0,0.0,92.51559251559252,7.484407484407485,0.0,0.7292936872713629,0.12554467239279243,0.2320982452603397,54.433935424882264,68.3374710581324,272.1308087156738,128.86792405423054,143.26288466144328,0.565760517080403,0.26791668202542734,0.29784383505497564,80.60361355587636,0.1675750801577471,29.619437040696177,0.953125,61.0,0.07913669064748201,33.0,0.920863309352518,384.0,0.046875,3.0,0.648936170212766,0.953125,0.7721518987341771,0.7485903573441738,0.9820893285371702,0.8846958068078026,0.9251559251559252,0.051167615803407174,0.9488323841965928,0.07484407484407485,0.946568309260046,0.9251559251559252,0.9308650306194232,0.7485903573441738,0.9820893285371702,0.9823215559472335,0.863687889665596,0.9251559251559252,14.061,0.007,13.92,0.0,13920.0,0.0,1.7744589E7,1043348.0,161927.0,99.37629937629937,68.08731808731808,?,?
DatasetClassiRealeseNormalizedShuffled,6,5,weka.classifiers.meta.FilteredClassifier,'-F \"weka.filters.MultiFilter -F \\\"weka.filters.supervised.attribute.AttributeSelection -E \\\\\\\"weka.attributeSelection.WrapperSubsetEval -B weka.classifiers.bayes.NaiveBayes -F 5 -T 0.01 -R 1 -E AUC --\\\\\\\" -S \\\\\\\"weka.attributeSelection.GreedyStepwise -B -T -1.7976931348623157E308 -N -1 -num-slots 1\\\\\\\"\\\" -F \\\"weka.filters.supervised.instance.Resample -B 1.0 -S 1 -Z 200.0\\\" -S 1\" -S 1 -W weka.classifiers.trees.RandomForest -- -P 100 -I 100 -num-slots 1 -K 0 -M 1.0 -V 0.001 -S 1',-4523450618538717400,2.02604271211E7,4330.0,481.0,456.0,25.0,0.0,94.8024948024948,5.197505197505198,0.0,0.7925472267747781,0.10146245791153816,0.19562027877856136,43.992315856515624,57.59714005773247,272.1308087156738,97.50580141282603,174.6250073028478,0.565760517080403,0.20271476385202916,0.3630457532283738,120.72150003129417,0.2509802495453101,44.361570305487064,0.90625,58.0,0.045563549160671464,19.0,0.9544364508393285,398.0,0.09375,6.0,0.7532467532467533,0.90625,0.822695035460993,0.7971993493575038,0.9834007793764988,0.9222464282660902,0.9480249480249481,0.08733849718561949,0.9126615028143805,0.05197505197505198,0.9542925632034543,0.9480249480249481,0.9500094655198706,0.7971993493575038,0.9834007793764988,0.9873585628837892,0.8961221827731274,0.9480249480249481,12.533,0.006,12.4,0.01,12400.0,10.0,2.8361832E7,1043348.0,161927.0,99.79209979209979,69.02286902286902,?,?
DatasetClassiRealeseNormalizedShuffled,6,6,weka.classifiers.meta.FilteredClassifier,'-F \"weka.filters.MultiFilter -F \\\"weka.filters.supervised.attribute.AttributeSelection -E \\\\\\\"weka.attributeSelection.WrapperSubsetEval -B weka.classifiers.bayes.NaiveBayes -F 5 -T 0.01 -R 1 -E AUC --\\\\\\\" -S \\\\\\\"weka.attributeSelection.GreedyStepwise -B -T -1.7976931348623157E308 -N -1 -num-slots 1\\\\\\\"\\\" -F \\\"weka.filters.supervised.instance.Resample -B 1.0 -S 1 -Z 200.0\\\" -S 1\" -S 1 -W weka.classifiers.trees.RandomForest -- -P 100 -I 100 -num-slots 1 -K 0 -M 1.0 -V 0.001 -S 1',-4523450618538717400,2.02604271211E7,4330.0,481.0,458.0,23.0,0.0,95.21829521829522,4.781704781704781,0.0,0.8067901989206939,0.10081997512279989,0.19400050696640192,43.71374675463962,57.120225166755745,272.1308087156738,96.36044373570574,175.77036497996806,0.565760517080403,0.2003335628600951,0.36542695422030785,125.54308049030702,0.2610043253436736,46.133358101866456,0.90625,58.0,0.0407673860911271,17.0,0.9592326139088729,400.0,0.09375,6.0,0.7733333333333333,0.90625,0.8345323741007193,0.8102568551387972,0.982763788968825,0.9236280740853067,0.9521829521829522,0.08670033827407927,0.9132996617259207,0.04781704781704782,0.9570286315113902,0.9521829521829522,0.9537554386457767,0.8102568551387971,0.9827637889688249,0.9874087845101573,0.9032929185205906,0.9521829521829522,12.968,0.007,12.78,0.01,12780.0,10.0,3.1388762E7,1043348.0,161927.0,100.0,69.23076923076923,?,?
DatasetClassiRealeseNormalizedShuffled,6,7,weka.classifiers.meta.FilteredClassifier,'-F \"weka.filters.MultiFilter -F \\\"weka.filters.supervised.attribute.AttributeSelection -E \\\\\\\"weka.attributeSelection.WrapperSubsetEval -B weka.classifiers.bayes.NaiveBayes -F 5 -T 0.01 -R 1 -E AUC --\\\\\\\" -S \\\\\\\"weka.attributeSelection.GreedyStepwise -B -T -1.7976931348623157E308 -N -1 -num-slots 1\\\\\\\"\\\" -F \\\"weka.filters.supervised.instance.Resample -B 1.0 -S 1 -Z 200.0\\\" -S 1\" -S 1 -W weka.classifiers.trees.RandomForest -- -P 100 -I 100 -num-slots 1 -K 0 -M 1.0 -V 0.001 -S 1',-4523450618538717400,2.02604271211E7,4330.0,481.0,452.0,29.0,0.0,93.97089397089397,6.029106029106029,0.0,0.7650773868669689,0.11266087177655427,0.20722770939892662,48.8477487918314,61.01475509910751,272.1308087156738,105.03581887062188,167.09498984505194,0.565760517080403,0.21836968580170868,0.34739083127869425,94.14188847472218,0.19572118186012927,34.59435148817823,0.90625,58.0,0.05515587529976019,23.0,0.9448441247002398,394.0,0.09375,6.0,0.7160493827160493,0.90625,0.7999999999999999,0.7724370594128427,0.9860236810551559,0.9464293219404125,0.9397089397089398,0.0886148150086999,0.9113851849913002,0.060291060291060294,0.9492144708811375,0.9397089397089398,0.9426159800700804,0.7724370594128427,0.9860236810551558,0.9909006647749892,0.8822521419828642,0.9397089397089398,12.945,0.006,12.83,0.0,12830.0,0.0,2.8145731E7,1043348.0,161927.0,100.0,70.89397089397089,?,?
DatasetClassiRealeseNormalizedShuffled,6,8,weka.classifiers.meta.FilteredClassifier,'-F \"weka.filters.MultiFilter -F \\\"weka.filters.supervised.attribute.AttributeSelection -E \\\\\\\"weka.attributeSelection.WrapperSubsetEval -B weka.classifiers.bayes.NaiveBayes -F 5 -T 0.01 -R 1 -E AUC --\\\\\\\" -S \\\\\\\"weka.attributeSelection.GreedyStepwise -B -T -1.7976931348623157E308 -N -1 -num-slots 1\\\\\\\"\\\" -F \\\"weka.filters.supervised.instance.Resample -B 1.0 -S 1 -Z 200.0\\\" -S 1\" -S 1 -W weka.classifiers.trees.RandomForest -- -P 100 -I 100 -num-slots 1 -K 0 -M 1.0 -V 0.001 -S 1',-4523450618538717400,2.0260427121200003E7,4330.0,481.0,451.0,30.0,0.0,93.76299376299376,6.237006237006237,0.0,0.766686069072565,0.12191724618642011,0.2263235236008602,52.86114798505831,66.63720023604667,272.1308087156738,124.18601147054953,147.94479724512428,0.565760517080403,0.2581829760302485,0.30757754105015445,71.28768306651969,0.14820724130253574,26.196108923852897,0.953125,61.0,0.06474820143884892,27.0,0.935251798561151,390.0,0.046875,3.0,0.6931818181818182,0.953125,0.8026315789473685,0.7804006292783654,0.9836255995203836,0.8975838423302187,0.9376299376299376,0.04925313906878655,0.9507468609312134,0.062370062370062374,0.952558067061884,0.9376299376299376,0.94162988899831,0.7804006292783654,0.9836255995203836,0.9841409737531007,0.8827972709551657,0.9376299376299376,14.325,0.005,14.19,0.0,14190.0,0.0,1.9384126E7,1043348.0,161927.0,99.58419958419958,66.32016632016632,?,?
DatasetClassiRealeseNormalizedShuffled,6,9,weka.classifiers.meta.FilteredClassifier,'-F \"weka.filters.MultiFilter -F \\\"weka.filters.supervised.attribute.AttributeSelection -E \\\\\\\"weka.attributeSelection.WrapperSubsetEval -B weka.classifiers.bayes.NaiveBayes -F 5 -T 0.01 -R 1 -E AUC --\\\\\\\" -S \\\\\\\"weka.attributeSelection.GreedyStepwise -B -T -1.7976931348623157E308 -N -1 -num-slots 1\\\\\\\"\\\" -F \\\"weka.filters.supervised.instance.Resample -B 1.0 -S 1 -Z 200.0\\\" -S 1\" -S 1 -W weka.classifiers.trees.RandomForest -- -P 100 -I 100 -num-slots 1 -K 0 -M 1.0 -V 0.001 -S 1',-4523450618538717400,2.0260427121200003E7,4330.0,481.0,436.0,45.0,0.0,90.64449064449065,9.355509355509355,0.0,0.6842681059003721,0.13837663970776093,0.264518434030773,59.99764806106494,77.88305684794989,272.1308087156738,154.49942104756772,117.6313876681061,0.565760517080403,0.32120461756251084,0.2445558995178921,52.39730983378544,0.108934116078556,19.25445710505013,0.984375,63.0,0.10551558752997602,44.0,0.894484412470024,373.0,0.015625,1.0,0.5887850467289719,0.984375,0.7368421052631579,0.7177112154356844,0.9806279976019184,0.8916527849736575,0.9064449064449065,0.027585493974882466,0.9724145060251175,0.09355509355509356,0.9429672967331022,0.9064449064449065,0.9156647805925867,0.7177112154356843,0.9806279976019184,0.9830244179674398,0.8399760463104664,0.9064449064449065,14.3,0.004,14.16,0.01,14160.0,10.0,1.6478471E7,1043348.0,161927.0,99.79209979209979,66.42411642411642,?,?
DatasetClassiRealeseNormalizedShuffled,6,10,weka.classifiers.meta.FilteredClassifier,'-F \"weka.filters.MultiFilter -F \\\"weka.filters.supervised.attribute.AttributeSelection -E \\\\\\\"weka.attributeSelection.WrapperSubsetEval -B weka.classifiers.bayes.NaiveBayes -F 5 -T 0.01 -R 1 -E AUC --\\\\\\\" -S \\\\\\\"weka.attributeSelection.GreedyStepwise -B -T -1.7976931348623157E308 -N -1 -num-slots 1\\\\\\\"\\\" -F \\\"weka.filters.supervised.instance.Resample -B 1.0 -S 1 -Z 200.0\\\" -S 1\" -S 1 -W weka.classifiers.trees.RandomForest -- -P 100 -I 100 -num-slots 1 -K 0 -M 1.0 -V 0.001 -S 1',-4523450618538717400,2.0260427121200003E7,4330.0,481.0,428.0,53.0,0.0,88.98128898128898,11.018711018711018,0.0,0.6242685964420995,0.13947171466788127,0.2823068208735034,60.47245307292635,83.12055172720855,272.1308087156738,166.47300800990595,105.65780070576787,0.565760517080403,0.3460977297503242,0.21966278733007874,35.066506270064636,0.07290333943880381,12.885900878170183,0.90625,58.0,0.11270983213429256,47.0,0.8872901678657075,370.0,0.09375,6.0,0.5523809523809524,0.90625,0.6863905325443787,0.652436662565085,0.9651341426858513,0.8232261626688093,0.8898128898128899,0.09627272194718238,0.9037272780528176,0.1101871101871102,0.9266073297988191,0.8898128898128899,0.9003303130764573,0.652436662565085,0.9651341426858513,0.9717638218803615,0.8097778640023281,0.8898128898128899,13.985,0.003,13.85,0.0,13850.0,0.0,1.1991344E7,1043348.0,161927.0,99.37629937629937,64.44906444906445,?,?
DatasetClassiRealeseNormalizedShuffled,7,1,weka.classifiers.meta.FilteredClassifier,'-F \"weka.filters.MultiFilter -F \\\"weka.filters.supervised.attribute.AttributeSelection -E \\\\\\\"weka.attributeSelection.WrapperSubsetEval -B weka.classifiers.bayes.NaiveBayes -F 5 -T 0.01 -R 1 -E AUC --\\\\\\\" -S \\\\\\\"weka.attributeSelection.GreedyStepwise -B -T -1.7976931348623157E308 -N -1 -num-slots 1\\\\\\\"\\\" -F \\\"weka.filters.supervised.instance.Resample -B 1.0 -S 1 -Z 200.0\\\" -S 1\" -S 1 -W weka.classifiers.trees.RandomForest -- -P 100 -I 100 -num-slots 1 -K 0 -M 1.0 -V 0.001 -S 1',-4523450618538717400,2.0260427121200003E7,4329.0,482.0,456.0,26.0,0.0,94.60580912863071,5.394190871369295,0.0,0.7955361221692878,0.11305156252844119,0.23085658059035086,49.055450342504145,68.03166221331233,272.3366817903761,127.01633552734046,145.32034626303562,0.565013862635635,0.26351936831398437,0.30149449432165065,84.44405620072057,0.1751951373458933,31.007228128643767,0.96875,62.0,0.05741626794258373,24.0,0.9425837320574163,394.0,0.03125,2.0,0.7209302325581395,0.96875,0.8266666666666667,0.8077161282119967,0.9806182715311005,0.8670785317683143,0.946058091286307,0.03472435922889079,0.9652756407711093,0.05394190871369295,0.958565194548983,0.946058091286307,0.9492848865462973,0.8077161282119967,0.9806182715311005,0.9798397119648331,0.8973628173628174,0.946058091286307,14.24,0.005,14.09,0.01,14090.0,10.0,1.5401182E7,1043119.0,162156.0,99.37759336099585,65.76763485477179,?,?
DatasetClassiRealeseNormalizedShuffled,7,2,weka.classifiers.meta.FilteredClassifier,'-F \"weka.filters.MultiFilter -F \\\"weka.filters.supervised.attribute.AttributeSelection -E \\\\\\\"weka.attributeSelection.WrapperSubsetEval -B weka.classifiers.bayes.NaiveBayes -F 5 -T 0.01 -R 1 -E AUC --\\\\\\\" -S \\\\\\\"weka.attributeSelection.GreedyStepwise -B -T -1.7976931348623157E308 -N -1 -num-slots 1\\\\\\\"\\\" -F \\\"weka.filters.supervised.instance.Resample -B 1.0 -S 1 -Z 200.0\\\" -S 1\" -S 1 -W weka.classifiers.trees.RandomForest -- -P 100 -I 100 -num-slots 1 -K 0 -M 1.0 -V 0.001 -S 1',-4523450618538717400,2.02604271213E7,4330.0,481.0,446.0,35.0,0.0,92.72349272349273,7.276507276507276,0.0,0.7356022175804503,0.12228165640543646,0.24828721772720588,53.33265847664515,73.59217524383634,269.42867131105754,1207.5330685245062,-938.1043972134487,0.5601427677984564,2.5104637599262083,-1.950320992127752,68.13205812644857,0.14164669049157708,25.287604988330873,0.9682539682539683,61.0,0.07894736842105263,33.0,0.9210526315789473,385.0,0.031746031746031744,2.0,0.648936170212766,0.9682539682539683,0.7770700636942676,0.7566421342350493,0.9733234601655655,0.8172773370798146,0.9272349272349273,0.03792832740201161,0.9620716725979884,0.07276507276507277,0.9495275925261081,0.9272349272349273,0.9330176735327663,0.7566421342350493,0.9733234601655655,0.9725075215561862,0.8667959014123512,0.9272349272349273,14.3,0.006,14.09,0.01,14090.0,10.0,1.4919628E7,1043348.0,161927.0,99.37629937629937,64.96881496881497,?,?
DatasetClassiRealeseNormalizedShuffled,7,3,weka.classifiers.meta.FilteredClassifier,'-F \"weka.filters.MultiFilter -F \\\"weka.filters.supervised.attribute.AttributeSelection -E \\\\\\\"weka.attributeSelection.WrapperSubsetEval -B weka.classifiers.bayes.NaiveBayes -F 5 -T 0.01 -R 1 -E AUC --\\\\\\\" -S \\\\\\\"weka.attributeSelection.GreedyStepwise -B -T -1.7976931348623157E308 -N -1 -num-slots 1\\\\\\\"\\\" -F \\\"weka.filters.supervised.instance.Resample -B 1.0 -S 1 -Z 200.0\\\" -S 1\" -S 1 -W weka.classifiers.trees.RandomForest -- -P 100 -I 100 -num-slots 1 -K 0 -M 1.0 -V 0.001 -S 1',-4523450618538717400,2.02604271213E7,4330.0,481.0,440.0,41.0,0.0,91.47609147609148,8.523908523908524,0.0,0.6967166474432912,0.11627475883153647,0.24756089914655652,50.414665896591096,72.89019251988236,272.1308087156738,133.10134322556948,139.02946549010434,0.565760517080403,0.2767179692839282,0.2890425477964747,72.40212307247464,0.15052416439183916,26.605632568461374,0.9375,60.0,0.08872901678657075,37.0,0.9112709832134293,380.0,0.0625,4.0,0.6185567010309279,0.9375,0.7453416149068324,0.7184508437595453,0.9783423261390888,0.8879157527848123,0.9147609147609148,0.0659899315474855,0.9340100684525144,0.08523908523908524,0.9402159643783354,0.9147609147609148,0.9217407361032179,0.7184508437595454,0.9783423261390887,0.9820558910181203,0.8470777987143401,0.9147609147609148,13.915,0.004,13.81,0.01,13810.0,10.0,1.1627272E7,1043348.0,161927.0,99.58419958419958,63.0977130977131,?,?
DatasetClassiRealeseNormalizedShuffled,7,4,weka.classifiers.meta.FilteredClassifier,'-F \"weka.filters.MultiFilter -F \\\"weka.filters.supervised.attribute.AttributeSelection -E \\\\\\\"weka.attributeSelection.WrapperSubsetEval -B weka.classifiers.bayes.NaiveBayes -F 5 -T 0.01 -R 1 -E AUC --\\\\\\\" -S \\\\\\\"weka.attributeSelection.GreedyStepwise -B -T -1.7976931348623157E308 -N -1 -num-slots 1\\\\\\\"\\\" -F \\\"weka.filters.supervised.instance.Resample -B 1.0 -S 1 -Z 200.0\\\" -S 1\" -S 1 -W weka.classifiers.trees.RandomForest -- -P 100 -I 100 -num-slots 1 -K 0 -M 1.0 -V 0.001 -S 1',-4523450618538717400,2.02604271213E7,4330.0,481.0,451.0,30.0,0.0,93.76299376299376,6.237006237006237,0.0,0.7555231770127405,0.11814852095880568,0.22325524059179994,51.227095804554416,65.73379529606264,272.1308087156738,116.96025875389768,155.17054996177615,0.565760517080403,0.24316062110997438,0.3225998959704286,91.60056816776408,0.1904377716585532,33.66049165843242,0.890625,57.0,0.05515587529976019,23.0,0.9448441247002398,394.0,0.109375,7.0,0.7125,0.890625,0.7916666666666667,0.7620285442746325,0.9782299160671463,0.8980290659286979,0.9376299376299376,0.10216081292969782,0.8978391870703022,0.062370062370062374,0.9466126782835013,0.9376299376299376,0.9404849649348427,0.7620285442746325,0.9782299160671463,0.9834688845579819,0.8774959250203749,0.9376299376299376,12.701,0.006,12.58,0.0,12580.0,0.0,2.8978303E7,1043348.0,161927.0,100.0,70.79002079002079,?,?
DatasetClassiRealeseNormalizedShuffled,7,5,weka.classifiers.meta.FilteredClassifier,'-F \"weka.filters.MultiFilter -F \\\"weka.filters.supervised.attribute.AttributeSelection -E \\\\\\\"weka.attributeSelection.WrapperSubsetEval -B weka.classifiers.bayes.NaiveBayes -F 5 -T 0.01 -R 1 -E AUC --\\\\\\\" -S \\\\\\\"weka.attributeSelection.GreedyStepwise -B -T -1.7976931348623157E308 -N -1 -num-slots 1\\\\\\\"\\\" -F \\\"weka.filters.supervised.instance.Resample -B 1.0 -S 1 -Z 200.0\\\" -S 1\" -S 1 -W weka.classifiers.trees.RandomForest -- -P 100 -I 100 -num-slots 1 -K 0 -M 1.0 -V 0.001 -S 1',-4523450618538717400,2.02604271213E7,4330.0,481.0,455.0,26.0,0.0,94.5945945945946,5.405405405405405,0.0,0.7802340702210663,0.11170645842268757,0.20472211342467247,48.43393214885605,60.27702400518258,272.1308087156738,105.9844852616735,166.1463234540003,0.565760517080403,0.2203419652009844,0.3454185518794185,109.74198693999129,0.2281538190020609,40.32692492919877,0.875,56.0,0.04316546762589928,18.0,0.9568345323741008,399.0,0.125,8.0,0.7567567567567568,0.875,0.8115942028985507,0.7830362998985402,0.9806279976019184,0.9171811369028344,0.9459459459459459,0.11411141357184522,0.8858885864281548,0.05405405405405406,0.9505943289727073,0.9459459459459459,0.9475764282644822,0.7830362998985401,0.9806279976019184,0.986237378088552,0.890020402420149,0.9459459459459459,12.492,0.006,12.37,0.01,12370.0,10.0,3.4145467E7,1043348.0,161927.0,100.0,72.34927234927235,?,?
DatasetClassiRealeseNormalizedShuffled,7,6,weka.classifiers.meta.FilteredClassifier,'-F \"weka.filters.MultiFilter -F \\\"weka.filters.supervised.attribute.AttributeSelection -E \\\\\\\"weka.attributeSelection.WrapperSubsetEval -B weka.classifiers.bayes.NaiveBayes -F 5 -T 0.01 -R 1 -E AUC --\\\\\\\" -S \\\\\\\"weka.attributeSelection.GreedyStepwise -B -T -1.7976931348623157E308 -N -1 -num-slots 1\\\\\\\"\\\" -F \\\"weka.filters.supervised.instance.Resample -B 1.0 -S 1 -Z 200.0\\\" -S 1\" -S 1 -W weka.classifiers.trees.RandomForest -- -P 100 -I 100 -num-slots 1 -K 0 -M 1.0 -V 0.001 -S 1',-4523450618538717400,2.0260427121400002E7,4330.0,481.0,427.0,54.0,0.0,88.77338877338877,11.226611226611226,0.0,0.6268853966156234,0.14740230890105702,0.27410103656945617,63.91101757862668,80.70449491144888,272.1308087156738,169.68454077854577,102.44626793712806,0.565760517080403,0.3527745130531097,0.21298600402729326,25.717953887479574,0.053467679599749636,9.450585183227108,0.9375,60.0,0.11990407673860912,50.0,0.8800959232613909,367.0,0.0625,4.0,0.5454545454545454,0.9375,0.6896551724137931,0.6611704487516542,0.9737335131894485,0.8353812992978027,0.8877338877338877,0.07013796447249684,0.9298620355275031,0.11226611226611227,0.9301728358332132,0.8877338877338877,0.8992968584251623,0.6611704487516542,0.9737335131894485,0.9746119362516645,0.8105636268160337,0.8877338877338877,14.057,0.004,13.91,0.0,13910.0,0.0,1.6778533E7,1043348.0,161927.0,99.16839916839916,67.56756756756756,?,?
DatasetClassiRealeseNormalizedShuffled,7,7,weka.classifiers.meta.FilteredClassifier,'-F \"weka.filters.MultiFilter -F \\\"weka.filters.supervised.attribute.AttributeSelection -E \\\\\\\"weka.attributeSelection.WrapperSubsetEval -B weka.classifiers.bayes.NaiveBayes -F 5 -T 0.01 -R 1 -E AUC --\\\\\\\" -S \\\\\\\"weka.attributeSelection.GreedyStepwise -B -T -1.7976931348623157E308 -N -1 -num-slots 1\\\\\\\"\\\" -F \\\"weka.filters.supervised.instance.Resample -B 1.0 -S 1 -Z 200.0\\\" -S 1\" -S 1 -W weka.classifiers.trees.RandomForest -- -P 100 -I 100 -num-slots 1 -K 0 -M 1.0 -V 0.001 -S 1',-4523450618538717400,2.0260427121400002E7,4330.0,481.0,450.0,31.0,0.0,93.55509355509355,6.444906444906445,0.0,0.7655982267775457,0.10992049434546206,0.23697420617168102,47.65956991270564,69.77311671450354,272.1308087156738,121.5249101763873,150.60589853928653,0.565760517080403,0.2526505409072501,0.31310997617315284,87.88207177045301,0.18270700991778172,32.29405453399929,0.984375,63.0,0.07194244604316546,30.0,0.9280575539568345,387.0,0.015625,1.0,0.6774193548387096,0.984375,0.8025477707006369,0.7846960186859443,0.9866606714628298,0.9191860764473602,0.9355509355509356,0.02311838159410102,0.976881618405899,0.06444906444906445,0.954844275346437,0.9355509355509356,0.9403423539120023,0.7846960186859444,0.9866606714628298,0.9875094235596599,0.8820192269652253,0.9355509355509356,14.086,0.004,13.86,0.0,13860.0,0.0,1.434454E7,1043348.0,161927.0,99.79209979209979,61.74636174636175,?,?
DatasetClassiRealeseNormalizedShuffled,7,8,weka.classifiers.meta.FilteredClassifier,'-F \"weka.filters.MultiFilter -F \\\"weka.filters.supervised.attribute.AttributeSelection -E \\\\\\\"weka.attributeSelection.WrapperSubsetEval -B weka.classifiers.bayes.NaiveBayes -F 5 -T 0.01 -R 1 -E AUC --\\\\\\\" -S \\\\\\\"weka.attributeSelection.GreedyStepwise -B -T -1.7976931348623157E308 -N -1 -num-slots 1\\\\\\\"\\\" -F \\\"weka.filters.supervised.instance.Resample -B 1.0 -S 1 -Z 200.0\\\" -S 1\" -S 1 -W weka.classifiers.trees.RandomForest -- -P 100 -I 100 -num-slots 1 -K 0 -M 1.0 -V 0.001 -S 1',-4523450618538717400,2.0260427121400002E7,4330.0,481.0,457.0,24.0,0.0,95.01039501039502,4.98960498960499,0.0,0.7971391417425228,0.10925671652078559,0.20821271969245594,47.37176766226955,61.3047750100746,272.1308087156738,108.44325324628542,163.6875554693884,0.565760517080403,0.22545374895277634,0.3403067681276266,105.28136728439596,0.21888018146444066,38.68777952091247,0.890625,57.0,0.0407673860911271,17.0,0.9592326139088729,400.0,0.109375,7.0,0.7702702702702703,0.890625,0.8260869565217391,0.8000020863963418,0.9783797961630696,0.904548723309277,0.9501039501039501,0.1002463361950772,0.8997536638049228,0.0498960498960499,0.9545224680359815,0.9501039501039501,0.951609010705676,0.8000020863963418,0.9783797961630696,0.9842530779763398,0.8984803714647531,0.9501039501039501,12.428,0.006,12.31,0.01,12310.0,10.0,2.8720523E7,1043348.0,161927.0,100.0,69.54261954261955,?,?
DatasetClassiRealeseNormalizedShuffled,7,9,weka.classifiers.meta.FilteredClassifier,'-F \"weka.filters.MultiFilter -F \\\"weka.filters.supervised.attribute.AttributeSelection -E \\\\\\\"weka.attributeSelection.WrapperSubsetEval -B weka.classifiers.bayes.NaiveBayes -F 5 -T 0.01 -R 1 -E AUC --\\\\\\\" -S \\\\\\\"weka.attributeSelection.GreedyStepwise -B -T -1.7976931348623157E308 -N -1 -num-slots 1\\\\\\\"\\\" -F \\\"weka.filters.supervised.instance.Resample -B 1.0 -S 1 -Z 200.0\\\" -S 1\" -S 1 -W weka.classifiers.trees.RandomForest -- -P 100 -I 100 -num-slots 1 -K 0 -M 1.0 -V 0.001 -S 1',-4523450618538717400,2.0260427121400002E7,4330.0,481.0,459.0,22.0,0.0,95.42619542619542,4.573804573804574,0.0,0.8163229882663333,0.11734451985560843,0.21819937585459184,50.878495236335596,64.24517994800068,272.1308087156738,121.80046374480875,150.33034497086507,0.565760517080403,0.25322341734887477,0.3125370997315282,94.10879932672552,0.19565238945265181,34.58219220781126,0.921875,59.0,0.0407673860911271,17.0,0.9592326139088729,400.0,0.078125,5.0,0.7763157894736842,0.921875,0.842857142857143,0.8204510229905794,0.9813024580335732,0.8709103994610775,0.9542619542619543,0.07315434035308135,0.9268456596469187,0.04573804573804574,0.9595344332186437,0.9542619542619543,0.9558883018737033,0.8204510229905794,0.9813024580335732,0.9803790313815299,0.9080465762947516,0.9542619542619543,11.992,0.006,11.85,0.01,11850.0,10.0,3.1259791E7,1043348.0,161927.0,99.58419958419958,72.24532224532224,?,?
DatasetClassiRealeseNormalizedShuffled,7,10,weka.classifiers.meta.FilteredClassifier,'-F \"weka.filters.MultiFilter -F \\\"weka.filters.supervised.attribute.AttributeSelection -E \\\\\\\"weka.attributeSelection.WrapperSubsetEval -B weka.classifiers.bayes.NaiveBayes -F 5 -T 0.01 -R 1 -E AUC --\\\\\\\" -S \\\\\\\"weka.attributeSelection.GreedyStepwise -B -T -1.7976931348623157E308 -N -1 -num-slots 1\\\\\\\"\\\" -F \\\"weka.filters.supervised.instance.Resample -B 1.0 -S 1 -Z 200.0\\\" -S 1\" -S 1 -W weka.classifiers.trees.RandomForest -- -P 100 -I 100 -num-slots 1 -K 0 -M 1.0 -V 0.001 -S 1',-4523450618538717400,2.0260427121400002E7,4330.0,481.0,446.0,35.0,0.0,92.72349272349273,7.276507276507276,0.0,0.7323827237032448,0.11039131505106022,0.23258506246443184,47.863709390683994,68.48080629342437,272.1308087156738,115.66702097560375,156.46378774007007,0.565760517080403,0.24047197708025728,0.3252885400001457,86.7547207821398,0.18036324486931352,31.879786486352003,0.9375,60.0,0.07434052757793765,31.0,0.9256594724220624,386.0,0.0625,4.0,0.6593406593406593,0.9375,0.7741935483870969,0.7485073266154654,0.9827263189448441,0.9103734731963885,0.9272349272349273,0.06407545481286488,0.9359245451871351,0.07276507276507277,0.9457814534737612,0.9272349272349273,0.9323552707651521,0.7485073266154654,0.9827263189448442,0.9857394262210094,0.865411520166287,0.9272349272349273,13.93,0.004,13.79,0.0,13790.0,0.0,1.3670397E7,1043348.0,161927.0,99.58419958419958,62.266112266112266,?,?
DatasetClassiRealeseNormalizedShuffled,8,1,weka.classifiers.meta.FilteredClassifier,'-F \"weka.filters.MultiFilter -F \\\"weka.filters.supervised.attribute.AttributeSelection -E \\\\\\\"weka.attributeSelection.WrapperSubsetEval -B weka.classifiers.bayes.NaiveBayes -F 5 -T 0.01 -R 1 -E AUC --\\\\\\\" -S \\\\\\\"weka.attributeSelection.GreedyStepwise -B -T -1.7976931348623157E308 -N -1 -num-slots 1\\\\\\\"\\\" -F \\\"weka.filters.supervised.instance.Resample -B 1.0 -S 1 -Z 200.0\\\" -S 1\" -S 1 -W weka.classifiers.trees.RandomForest -- -P 100 -I 100 -num-slots 1 -K 0 -M 1.0 -V 0.001 -S 1',-4523450618538717400,2.02604271215E7,4329.0,482.0,446.0,36.0,0.0,92.5311203319502,7.468879668049793,0.0,0.732354392892399,0.12010810212196844,0.24281940924094741,52.117431264113286,71.55701598833544,272.3366817903761,131.94898587875144,140.38769591162463,0.565013862635635,0.27375308273599885,0.29126077989963617,68.14859136236086,0.14138711900904744,25.02365487981396,0.96875,62.0,0.08133971291866028,34.0,0.9186602870813397,384.0,0.03125,2.0,0.6458333333333334,0.96875,0.775,0.7540034237176595,0.983141447368421,0.8971115212303442,0.9253112033195021,0.03790091623816236,0.9620990837618377,0.07468879668049792,0.948480353162915,0.9253112033195021,0.9312937387750048,0.7540034237176595,0.9831414473684211,0.9841036538641666,0.8651119402985075,0.9253112033195021,14.089,0.004,13.93,0.0,13930.0,0.0,1.4742189E7,1043119.0,162156.0,99.37759336099585,64.2116182572614,?,?
DatasetClassiRealeseNormalizedShuffled,8,2,weka.classifiers.meta.FilteredClassifier,'-F \"weka.filters.MultiFilter -F \\\"weka.filters.supervised.attribute.AttributeSelection -E \\\\\\\"weka.attributeSelection.WrapperSubsetEval -B weka.classifiers.bayes.NaiveBayes -F 5 -T 0.01 -R 1 -E AUC --\\\\\\\" -S \\\\\\\"weka.attributeSelection.GreedyStepwise -B -T -1.7976931348623157E308 -N -1 -num-slots 1\\\\\\\"\\\" -F \\\"weka.filters.supervised.instance.Resample -B 1.0 -S 1 -Z 200.0\\\" -S 1\" -S 1 -W weka.classifiers.trees.RandomForest -- -P 100 -I 100 -num-slots 1 -K 0 -M 1.0 -V 0.001 -S 1',-4523450618538717400,2.02604271215E7,4330.0,481.0,459.0,22.0,0.0,95.42619542619542,4.573804573804574,0.0,0.8186398848289572,0.11931105976544248,0.2101360856873081,52.03704455768269,62.28420369164937,269.42867131105754,110.98382541363723,158.4448458974203,0.5601427677984564,0.23073560377055558,0.3294071640279008,82.5296318345112,0.17157927616322496,30.631347225563122,0.9523809523809523,60.0,0.045454545454545456,19.0,0.9545454545454546,399.0,0.047619047619047616,3.0,0.759493670886076,0.9523809523809523,0.8450704225352113,0.8258551679959869,0.988835725677831,0.9292425563573942,0.9542619542619543,0.04733554733554734,0.9526644526644525,0.04573804573804574,0.9620139257396011,0.9542619542619543,0.9563925207346713,0.8258551679959869,0.988835725677831,0.9892958342162507,0.9091205771212643,0.9542619542619543,12.999,0.006,12.83,0.01,12830.0,10.0,3.0516929E7,1043348.0,161927.0,100.0,72.14137214137214,?,?
DatasetClassiRealeseNormalizedShuffled,8,3,weka.classifiers.meta.FilteredClassifier,'-F \"weka.filters.MultiFilter -F \\\"weka.filters.supervised.attribute.AttributeSelection -E \\\\\\\"weka.attributeSelection.WrapperSubsetEval -B weka.classifiers.bayes.NaiveBayes -F 5 -T 0.01 -R 1 -E AUC --\\\\\\\" -S \\\\\\\"weka.attributeSelection.GreedyStepwise -B -T -1.7976931348623157E308 -N -1 -num-slots 1\\\\\\\"\\\" -F \\\"weka.filters.supervised.instance.Resample -B 1.0 -S 1 -Z 200.0\\\" -S 1\" -S 1 -W weka.classifiers.trees.RandomForest -- -P 100 -I 100 -num-slots 1 -K 0 -M 1.0 -V 0.001 -S 1',-4523450618538717400,2.02604271215E7,4330.0,481.0,439.0,42.0,0.0,91.26819126819127,8.731808731808732,0.0,0.6876237011380504,0.11317948141123625,0.25214497759416254,49.072608698882476,74.23989823562401,272.1308087156738,140.76092482395939,131.36988389171444,0.565760517080403,0.2926422553512669,0.27311826172913606,91.56157492064521,0.19035670461672602,33.646162796771044,0.921875,59.0,0.08872901678657075,37.0,0.9112709832134293,380.0,0.078125,5.0,0.6145833333333334,0.921875,0.7375,0.7079672010852737,0.9718787470023981,0.8485400468706144,0.9126819126819127,0.07953592946848342,0.9204640705315166,0.08731808731808732,0.9374589374589374,0.9126819126819127,0.9196717146841834,0.7079672010852737,0.9718787470023981,0.9760660846102305,0.8425654613466333,0.9126819126819127,14.132,0.005,13.89,0.0,13890.0,0.0,1.3259564E7,1043348.0,161927.0,99.16839916839916,60.810810810810814,?,?
DatasetClassiRealeseNormalizedShuffled,8,4,weka.classifiers.meta.FilteredClassifier,'-F \"weka.filters.MultiFilter -F \\\"weka.filters.supervised.attribute.AttributeSelection -E \\\\\\\"weka.attributeSelection.WrapperSubsetEval -B weka.classifiers.bayes.NaiveBayes -F 5 -T 0.01 -R 1 -E AUC --\\\\\\\" -S \\\\\\\"weka.attributeSelection.GreedyStepwise -B -T -1.7976931348623157E308 -N -1 -num-slots 1\\\\\\\"\\\" -F \\\"weka.filters.supervised.instance.Resample -B 1.0 -S 1 -Z 200.0\\\" -S 1\" -S 1 -W weka.classifiers.trees.RandomForest -- -P 100 -I 100 -num-slots 1 -K 0 -M 1.0 -V 0.001 -S 1',-4523450618538717400,2.02604271215E7,4330.0,481.0,437.0,44.0,0.0,90.85239085239085,9.147609147609147,0.0,0.6727486392874814,0.12899905966863462,0.25224854047947265,55.93169626428626,74.27039060608394,272.1308087156738,136.92807698189904,135.20273173377478,0.565760517080403,0.2846737567191248,0.2810867603612781,62.2719296636068,0.12946347123410976,22.88308698213931,0.90625,58.0,0.09112709832134293,38.0,0.9088729016786571,379.0,0.09375,6.0,0.6041666666666666,0.90625,0.725,0.6926520572255023,0.9726843525179856,0.8616599077265377,0.9085239085239085,0.09340100684525145,0.9065989931547485,0.09147609147609148,0.9338211338211339,0.9085239085239085,0.9158465582405731,0.6926520572255023,0.9726843525179856,0.977897260841254,0.8350685785536159,0.9085239085239085,13.986,0.004,13.81,0.0,13810.0,0.0,1.5199572E7,1043348.0,161927.0,99.58419958419958,64.44906444906445,?,?
DatasetClassiRealeseNormalizedShuffled,8,5,weka.classifiers.meta.FilteredClassifier,'-F \"weka.filters.MultiFilter -F \\\"weka.filters.supervised.attribute.AttributeSelection -E \\\\\\\"weka.attributeSelection.WrapperSubsetEval -B weka.classifiers.bayes.NaiveBayes -F 5 -T 0.01 -R 1 -E AUC --\\\\\\\" -S \\\\\\\"weka.attributeSelection.GreedyStepwise -B -T -1.7976931348623157E308 -N -1 -num-slots 1\\\\\\\"\\\" -F \\\"weka.filters.supervised.instance.Resample -B 1.0 -S 1 -Z 200.0\\\" -S 1\" -S 1 -W weka.classifiers.trees.RandomForest -- -P 100 -I 100 -num-slots 1 -K 0 -M 1.0 -V 0.001 -S 1',-4523450618538717400,2.0260427121600002E7,4330.0,481.0,454.0,27.0,0.0,94.38669438669439,5.613305613305613,0.0,0.7863593742288904,0.1101077657713782,0.20598492375005048,47.74076746980588,60.64883751874721,272.1308087156738,105.32444415429576,166.80636456137807,0.565760517080403,0.21896973836651926,0.34679077871388375,105.10130540197738,0.21850583243654342,38.62161212029055,0.953125,61.0,0.05755395683453238,24.0,0.9424460431654677,393.0,0.046875,3.0,0.7176470588235294,0.953125,0.8187919463087248,0.7974454815097569,0.9897332134292566,0.9356142697089957,0.9438669438669439,0.04829590070147624,0.9517040992985238,0.056133056133056136,0.9558634529222765,0.9438669438669439,0.9470976633610676,0.7974454815097569,0.9897332134292566,0.9900847583731137,0.8927908071027019,0.9438669438669439,12.808,0.006,12.67,0.01,12670.0,10.0,2.825814E7,1043348.0,161927.0,99.79209979209979,69.95841995841995,?,?
DatasetClassiRealeseNormalizedShuffled,8,6,weka.classifiers.meta.FilteredClassifier,'-F \"weka.filters.MultiFilter -F \\\"weka.filters.supervised.attribute.AttributeSelection -E \\\\\\\"weka.attributeSelection.WrapperSubsetEval -B weka.classifiers.bayes.NaiveBayes -F 5 -T 0.01 -R 1 -E AUC --\\\\\\\" -S \\\\\\\"weka.attributeSelection.GreedyStepwise -B -T -1.7976931348623157E308 -N -1 -num-slots 1\\\\\\\"\\\" -F \\\"weka.filters.supervised.instance.Resample -B 1.0 -S 1 -Z 200.0\\\" -S 1\" -S 1 -W weka.classifiers.trees.RandomForest -- -P 100 -I 100 -num-slots 1 -K 0 -M 1.0 -V 0.001 -S 1',-4523450618538717400,2.0260427121600002E7,4330.0,481.0,462.0,19.0,0.0,96.04989604989605,3.95010395010395,0.0,0.8342612575034913,0.10607812831119906,0.19662043777854984,45.993588389145266,57.891620253558926,272.1308087156738,101.67383545151182,170.456973264162,0.565760517080403,0.21138011528380835,0.3543804017965946,110.96381808053528,0.23069400848344132,40.77591163023069,0.890625,57.0,0.02877697841726619,12.0,0.9712230215827338,405.0,0.109375,7.0,0.8260869565217391,0.890625,0.8571428571428571,0.8350559024539473,0.9819769184652278,0.9249935706589009,0.9604989604989606,0.09865093891622669,0.9013490610837733,0.0395010395010395,0.9621301741394609,0.9604989604989606,0.9611223386856679,0.8350559024539475,0.9819769184652278,0.9874703689301143,0.9171118387041185,0.9604989604989606,12.595,0.006,12.42,0.0,12420.0,0.0,3.1154686E7,1043348.0,161927.0,99.79209979209979,70.997920997921,?,?
DatasetClassiRealeseNormalizedShuffled,8,7,weka.classifiers.meta.FilteredClassifier,'-F \"weka.filters.MultiFilter -F \\\"weka.filters.supervised.attribute.AttributeSelection -E \\\\\\\"weka.attributeSelection.WrapperSubsetEval -B weka.classifiers.bayes.NaiveBayes -F 5 -T 0.01 -R 1 -E AUC --\\\\\\\" -S \\\\\\\"weka.attributeSelection.GreedyStepwise -B -T -1.7976931348623157E308 -N -1 -num-slots 1\\\\\\\"\\\" -F \\\"weka.filters.supervised.instance.Resample -B 1.0 -S 1 -Z 200.0\\\" -S 1\" -S 1 -W weka.classifiers.trees.RandomForest -- -P 100 -I 100 -num-slots 1 -K 0 -M 1.0 -V 0.001 -S 1',-4523450618538717400,2.0260427121600002E7,4330.0,481.0,439.0,42.0,0.0,91.26819126819127,8.731808731808732,0.0,0.6909969714582886,0.12482877443524218,0.2568622841921225,54.12353481249966,75.62883076610838,272.1308087156738,147.8286840276856,124.30212468798823,0.565760517080403,0.3073361414296998,0.2584243756507032,59.092983959973516,0.12285443650722144,21.714918732966655,0.9375,60.0,0.09112709832134293,38.0,0.9088729016786571,379.0,0.0625,4.0,0.6122448979591837,0.9375,0.7407407407407408,0.7136862666121462,0.9712979616306955,0.8649964336726534,0.9126819126819127,0.0663090110032556,0.9336909889967443,0.08731808731808732,0.9393525615084735,0.9126819126819127,0.9199894124894124,0.7136862666121462,0.9712979616306955,0.9779983825069037,0.8441203703703704,0.9126819126819127,14.113,0.004,13.93,0.0,13930.0,0.0,1.2236215E7,1043348.0,161927.0,99.37629937629937,65.07276507276508,?,?
DatasetClassiRealeseNormalizedShuffled,8,8,weka.classifiers.meta.FilteredClassifier,'-F \"weka.filters.MultiFilter -F \\\"weka.filters.supervised.attribute.AttributeSelection -E \\\\\\\"weka.attributeSelection.WrapperSubsetEval -B weka.classifiers.bayes.NaiveBayes -F 5 -T 0.01 -R 1 -E AUC --\\\\\\\" -S \\\\\\\"weka.attributeSelection.GreedyStepwise -B -T -1.7976931348623157E308 -N -1 -num-slots 1\\\\\\\"\\\" -F \\\"weka.filters.supervised.instance.Resample -B 1.0 -S 1 -Z 200.0\\\" -S 1\" -S 1 -W weka.classifiers.trees.RandomForest -- -P 100 -I 100 -num-slots 1 -K 0 -M 1.0 -V 0.001 -S 1',-4523450618538717400,2.0260427121600002E7,4330.0,481.0,453.0,28.0,0.0,94.17879417879418,5.8212058212058215,0.0,0.7745186673363469,0.1183458738938181,0.22566315853900934,51.31266452456164,66.44276671824296,272.1308087156738,120.66350549393,151.4673032217438,0.565760517080403,0.25085967878155924,0.3149008382988437,82.70083208496976,0.17193520183985397,30.390102640446266,0.921875,59.0,0.05515587529976019,23.0,0.9448441247002398,394.0,0.078125,5.0,0.7195121951219512,0.921875,0.8082191780821918,0.7827859465100973,0.9820518585131894,0.8650957207182628,0.9417879417879418,0.07506881708770198,0.924931182912298,0.058212058212058215,0.9518154190811444,0.9417879417879418,0.9447343115755686,0.7827859465100973,0.9820518585131894,0.9797325242545732,0.8869527262959979,0.9417879417879418,14.138,0.005,13.93,0.01,13930.0,10.0,1.8595575E7,1043348.0,161927.0,99.58419958419958,64.96881496881497,?,?
DatasetClassiRealeseNormalizedShuffled,8,9,weka.classifiers.meta.FilteredClassifier,'-F \"weka.filters.MultiFilter -F \\\"weka.filters.supervised.attribute.AttributeSelection -E \\\\\\\"weka.attributeSelection.WrapperSubsetEval -B weka.classifiers.bayes.NaiveBayes -F 5 -T 0.01 -R 1 -E AUC --\\\\\\\" -S \\\\\\\"weka.attributeSelection.GreedyStepwise -B -T -1.7976931348623157E308 -N -1 -num-slots 1\\\\\\\"\\\" -F \\\"weka.filters.supervised.instance.Resample -B 1.0 -S 1 -Z 200.0\\\" -S 1\" -S 1 -W weka.classifiers.trees.RandomForest -- -P 100 -I 100 -num-slots 1 -K 0 -M 1.0 -V 0.001 -S 1',-4523450618538717400,2.02604271217E7,4330.0,481.0,436.0,45.0,0.0,90.64449064449065,9.355509355509355,0.0,0.6707033211118043,0.1361836448028933,0.2564599256524572,59.04680450264475,75.51036298093176,272.1308087156738,151.19460007085723,120.93620864481659,0.565760517080403,0.3143338878812001,0.2514266291992029,46.45933811718053,0.09658906053467886,17.07242863696551,0.921875,59.0,0.09592326139088729,40.0,0.9040767386091128,377.0,0.078125,5.0,0.5959595959595959,0.921875,0.7239263803680981,0.693846508813443,0.9674198141486811,0.8851343936542407,0.9064449064449065,0.08049316783579373,0.9195068321642063,0.09355509355509356,0.9348925134265448,0.9064449064449065,0.9144400859351296,0.693846508813443,0.9674198141486811,0.9795361431546689,0.8338029899337361,0.9064449064449065,14.086,0.004,14.0,0.0,14000.0,0.0,1.5930432E7,1043348.0,161927.0,99.16839916839916,67.04781704781705,?,?
DatasetClassiRealeseNormalizedShuffled,8,10,weka.classifiers.meta.FilteredClassifier,'-F \"weka.filters.MultiFilter -F \\\"weka.filters.supervised.attribute.AttributeSelection -E \\\\\\\"weka.attributeSelection.WrapperSubsetEval -B weka.classifiers.bayes.NaiveBayes -F 5 -T 0.01 -R 1 -E AUC --\\\\\\\" -S \\\\\\\"weka.attributeSelection.GreedyStepwise -B -T -1.7976931348623157E308 -N -1 -num-slots 1\\\\\\\"\\\" -F \\\"weka.filters.supervised.instance.Resample -B 1.0 -S 1 -Z 200.0\\\" -S 1\" -S 1 -W weka.classifiers.trees.RandomForest -- -P 100 -I 100 -num-slots 1 -K 0 -M 1.0 -V 0.001 -S 1',-4523450618538717400,2.02604271217E7,4330.0,481.0,436.0,45.0,0.0,90.64449064449065,9.355509355509355,0.0,0.6559206447613145,0.13935181477111167,0.26602412814830456,60.42046661174234,78.3263834576095,272.1308087156738,153.1401676483679,118.99064106730592,0.565760517080403,0.3183787269196838,0.24738179016071915,45.54661593556912,0.09469150922155743,16.73703030925722,0.859375,55.0,0.08633093525179857,36.0,0.9136690647482014,381.0,0.140625,9.0,0.6043956043956044,0.859375,0.7096774193548386,0.6703618100105776,0.9622864208633094,0.8310700328632284,0.9064449064449065,0.133400841696705,0.8665991583032949,0.09355509355509356,0.9273560119713965,0.9064449064449065,0.9130282052694813,0.6703618100105775,0.9622864208633093,0.9722940136087652,0.826957668785226,0.9064449064449065,14.181,0.004,14.01,0.0,14010.0,0.0,1.5827396E7,1043348.0,161927.0,99.58419958419958,65.9043659043659,?,?
DatasetClassiRealeseNormalizedShuffled,9,1,weka.classifiers.meta.FilteredClassifier,'-F \"weka.filters.MultiFilter -F \\\"weka.filters.supervised.attribute.AttributeSelection -E \\\\\\\"weka.attributeSelection.WrapperSubsetEval -B weka.classifiers.bayes.NaiveBayes -F 5 -T 0.01 -R 1 -E AUC --\\\\\\\" -S \\\\\\\"weka.attributeSelection.GreedyStepwise -B -T -1.7976931348623157E308 -N -1 -num-slots 1\\\\\\\"\\\" -F \\\"weka.filters.supervised.instance.Resample -B 1.0 -S 1 -Z 200.0\\\" -S 1\" -S 1 -W weka.classifiers.trees.RandomForest -- -P 100 -I 100 -num-slots 1 -K 0 -M 1.0 -V 0.001 -S 1',-4523450618538717400,2.02604271217E7,4329.0,482.0,458.0,24.0,0.0,95.02074688796681,4.979253112033195,0.0,0.8068007214910814,0.1061428124476734,0.204188840770123,46.05759839834713,60.17288399350675,272.3366817903761,102.89012322388822,169.44655856648785,0.565013862635635,0.21346498594167682,0.3515488766939582,110.54576730056498,0.22934806493893148,40.5915819249258,0.953125,61.0,0.050239234449760764,21.0,0.9497607655502392,397.0,0.046875,3.0,0.7439024390243902,0.953125,0.8356164383561643,0.8154062054654723,0.9874401913875598,0.9305093929062795,0.950207468879668,0.04732170332942881,0.9526782966705712,0.04979253112033195,0.9594911952231556,0.950207468879668,0.9527290318985228,0.8154062054654724,0.9874401913875598,0.9891018830404321,0.9031382925277154,0.950207468879668,12.865,0.006,12.75,0.01,12750.0,10.0,2.8959328E7,1043119.0,162156.0,100.0,68.46473029045643,?,?
DatasetClassiRealeseNormalizedShuffled,9,2,weka.classifiers.meta.FilteredClassifier,'-F \"weka.filters.MultiFilter -F \\\"weka.filters.supervised.attribute.AttributeSelection -E \\\\\\\"weka.attributeSelection.WrapperSubsetEval -B weka.classifiers.bayes.NaiveBayes -F 5 -T 0.01 -R 1 -E AUC --\\\\\\\" -S \\\\\\\"weka.attributeSelection.GreedyStepwise -B -T -1.7976931348623157E308 -N -1 -num-slots 1\\\\\\\"\\\" -F \\\"weka.filters.supervised.instance.Resample -B 1.0 -S 1 -Z 200.0\\\" -S 1\" -S 1 -W weka.classifiers.trees.RandomForest -- -P 100 -I 100 -num-slots 1 -K 0 -M 1.0 -V 0.001 -S 1',-4523450618538717400,2.02604271217E7,4330.0,481.0,453.0,28.0,0.0,94.17879417879418,5.8212058212058215,0.0,0.7634204609331084,0.12329292835893915,0.22856781210314664,53.773720720227665,67.74735581384662,269.42867131105754,122.8163994189956,146.61227189206193,0.5601427677984564,0.2553355497276416,0.3048072180708148,64.56687342783098,0.1342346640911247,23.964366195195318,0.873015873015873,55.0,0.04784688995215311,20.0,0.9521531100478469,398.0,0.12698412698412698,8.0,0.7333333333333333,0.873015873015873,0.7971014492753622,0.767375027976794,0.9747474747474747,0.9019442273000873,0.9417879417879418,0.11661895872422187,0.8833810412757781,0.058212058212058215,0.9479491617422652,0.9417879417879418,0.943895026630358,0.7673750279767941,0.9747474747474747,0.983587737488472,0.8815604333755451,0.9417879417879418,12.846,0.007,12.73,0.01,12730.0,10.0,2.5941957E7,1043348.0,161927.0,100.0,69.02286902286902,?,?
DatasetClassiRealeseNormalizedShuffled,9,3,weka.classifiers.meta.FilteredClassifier,'-F \"weka.filters.MultiFilter -F \\\"weka.filters.supervised.attribute.AttributeSelection -E \\\\\\\"weka.attributeSelection.WrapperSubsetEval -B weka.classifiers.bayes.NaiveBayes -F 5 -T 0.01 -R 1 -E AUC --\\\\\\\" -S \\\\\\\"weka.attributeSelection.GreedyStepwise -B -T -1.7976931348623157E308 -N -1 -num-slots 1\\\\\\\"\\\" -F \\\"weka.filters.supervised.instance.Resample -B 1.0 -S 1 -Z 200.0\\\" -S 1\" -S 1 -W weka.classifiers.trees.RandomForest -- -P 100 -I 100 -num-slots 1 -K 0 -M 1.0 -V 0.001 -S 1',-4523450618538717400,2.02604271217E7,4330.0,481.0,446.0,35.0,0.0,92.72349272349273,7.276507276507276,0.0,0.7410995770857364,0.11884137753796503,0.2399488349972483,51.52750608537196,70.64894673660422,272.1308087156738,130.3637868262554,141.76702188941843,0.565760517080403,0.2710265838383688,0.2947339332420342,82.39752691263847,0.17130462975600513,30.27864698654116,0.984375,63.0,0.0815347721822542,34.0,0.9184652278177458,383.0,0.015625,1.0,0.6494845360824743,0.984375,0.782608695652174,0.7642183065683491,0.9817520983213429,0.8585698188394345,0.9272349272349273,0.02439469941718143,0.9756053005828185,0.07276507276507277,0.9511041014745912,0.9272349272349273,0.933193311307625,0.7642183065683491,0.9817520983213429,0.9788400651458293,0.8694566574390707,0.9272349272349273,14.071,0.005,13.89,0.0,13890.0,0.0,1.7817536E7,1043348.0,161927.0,99.58419958419958,65.07276507276508,?,?
DatasetClassiRealeseNormalizedShuffled,9,4,weka.classifiers.meta.FilteredClassifier,'-F \"weka.filters.MultiFilter -F \\\"weka.filters.supervised.attribute.AttributeSelection -E \\\\\\\"weka.attributeSelection.WrapperSubsetEval -B weka.classifiers.bayes.NaiveBayes -F 5 -T 0.01 -R 1 -E AUC --\\\\\\\" -S \\\\\\\"weka.attributeSelection.GreedyStepwise -B -T -1.7976931348623157E308 -N -1 -num-slots 1\\\\\\\"\\\" -F \\\"weka.filters.supervised.instance.Resample -B 1.0 -S 1 -Z 200.0\\\" -S 1\" -S 1 -W weka.classifiers.trees.RandomForest -- -P 100 -I 100 -num-slots 1 -K 0 -M 1.0 -V 0.001 -S 1',-4523450618538717400,2.02604271218E7,4330.0,481.0,429.0,52.0,0.0,89.1891891891892,10.81081081081081,0.0,0.6174248218055003,0.1327514264240862,0.2744704018481517,57.55865570241891,80.8132483792505,272.1308087156738,163.77514739383065,108.35566132184317,0.565760517080403,0.34048887192064586,0.22527164515975712,53.69210334378207,0.1116259944777174,19.730255312576663,0.859375,55.0,0.10311750599520383,43.0,0.8968824940047961,374.0,0.140625,9.0,0.5612244897959183,0.859375,0.6790123456790124,0.6376983318148108,0.9595698441247003,0.8152810997130904,0.8918918918918919,0.13563439788709572,0.8643656021129043,0.10810810810810811,0.9212461782398373,0.8918918918918919,0.9009392726059393,0.6376983318148108,0.9595698441247003,0.9698299972082253,0.8070061728395062,0.8918918918918919,13.956,0.004,13.84,0.0,13840.0,0.0,1.3191838E7,1043348.0,161927.0,98.54469854469855,63.305613305613306,?,?
DatasetClassiRealeseNormalizedShuffled,9,5,weka.classifiers.meta.FilteredClassifier,'-F \"weka.filters.MultiFilter -F \\\"weka.filters.supervised.attribute.AttributeSelection -E \\\\\\\"weka.attributeSelection.WrapperSubsetEval -B weka.classifiers.bayes.NaiveBayes -F 5 -T 0.01 -R 1 -E AUC --\\\\\\\" -S \\\\\\\"weka.attributeSelection.GreedyStepwise -B -T -1.7976931348623157E308 -N -1 -num-slots 1\\\\\\\"\\\" -F \\\"weka.filters.supervised.instance.Resample -B 1.0 -S 1 -Z 200.0\\\" -S 1\" -S 1 -W weka.classifiers.trees.RandomForest -- -P 100 -I 100 -num-slots 1 -K 0 -M 1.0 -V 0.001 -S 1',-4523450618538717400,2.02604271218E7,4330.0,481.0,441.0,40.0,0.0,91.68399168399168,8.316008316008316,0.0,0.6958583623142587,0.12888094892179588,0.2589252421147353,55.88048554666783,76.23623444196369,272.1308087156738,147.7606758812901,124.37013283438372,0.565760517080403,0.3071947523519545,0.2585657647284485,54.085787731061764,0.11244446513734255,19.874922647061023,0.90625,58.0,0.0815347721822542,34.0,0.9184652278177458,383.0,0.09375,6.0,0.6304347826086957,0.90625,0.7435897435897436,0.7121858058145394,0.9659397482014388,0.8518975552707025,0.9168399168399168,0.09212468902217104,0.9078753109778289,0.08316008316008316,0.9374551964246833,0.9168399168399168,0.9228585332803695,0.7121858058145394,0.9659397482014389,0.9753777470192019,0.8469809760132341,0.9168399168399168,13.976,0.004,13.88,0.0,13880.0,0.0,1.3009726E7,1043348.0,161927.0,99.16839916839916,63.513513513513516,?,?
DatasetClassiRealeseNormalizedShuffled,9,6,weka.classifiers.meta.FilteredClassifier,'-F \"weka.filters.MultiFilter -F \\\"weka.filters.supervised.attribute.AttributeSelection -E \\\\\\\"weka.attributeSelection.WrapperSubsetEval -B weka.classifiers.bayes.NaiveBayes -F 5 -T 0.01 -R 1 -E AUC --\\\\\\\" -S \\\\\\\"weka.attributeSelection.GreedyStepwise -B -T -1.7976931348623157E308 -N -1 -num-slots 1\\\\\\\"\\\" -F \\\"weka.filters.supervised.instance.Resample -B 1.0 -S 1 -Z 200.0\\\" -S 1\" -S 1 -W weka.classifiers.trees.RandomForest -- -P 100 -I 100 -num-slots 1 -K 0 -M 1.0 -V 0.001 -S 1',-4523450618538717400,2.02604271218E7,4330.0,481.0,450.0,31.0,0.0,93.55509355509355,6.444906444906445,0.0,0.7547089111516888,0.11490104611218005,0.23506972504551985,49.81904851169855,69.21237389762521,272.1308087156738,124.82944534636839,147.30136336930542,0.565760517080403,0.25952067639577625,0.3062398406846267,77.61529838287429,0.16136236670036233,28.52131985686628,0.921875,59.0,0.06235011990407674,26.0,0.9376498800959233,391.0,0.078125,5.0,0.6941176470588235,0.921875,0.7919463087248322,0.765348809687976,0.9819769184652278,0.8952298037366773,0.9355509355509356,0.0760260554550123,0.9239739445449877,0.06444906444906445,0.9483542160012749,0.9355509355509356,0.9392602801552998,0.7653488096879759,0.9819769184652278,0.9836190476813429,0.8769079637105096,0.9355509355509356,14.039,0.005,13.92,0.01,13920.0,10.0,1.3880782E7,1043348.0,161927.0,99.58419958419958,64.24116424116424,?,?
DatasetClassiRealeseNormalizedShuffled,9,7,weka.classifiers.meta.FilteredClassifier,'-F \"weka.filters.MultiFilter -F \\\"weka.filters.supervised.attribute.AttributeSelection -E \\\\\\\"weka.attributeSelection.WrapperSubsetEval -B weka.classifiers.bayes.NaiveBayes -F 5 -T 0.01 -R 1 -E AUC --\\\\\\\" -S \\\\\\\"weka.attributeSelection.GreedyStepwise -B -T -1.7976931348623157E308 -N -1 -num-slots 1\\\\\\\"\\\" -F \\\"weka.filters.supervised.instance.Resample -B 1.0 -S 1 -Z 200.0\\\" -S 1\" -S 1 -W weka.classifiers.trees.RandomForest -- -P 100 -I 100 -num-slots 1 -K 0 -M 1.0 -V 0.001 -S 1',-4523450618538717400,2.02604271218E7,4330.0,481.0,450.0,31.0,0.0,93.55509355509355,6.444906444906445,0.0,0.7602771659619623,0.11135720736994607,0.23369420284809528,48.28250310858166,68.80737424650384,272.1308087156738,119.7229617986455,152.40784691702834,0.565760517080403,0.24890428648367047,0.3168562305967325,92.11987054013517,0.19151740237034337,33.851319876237646,0.953125,61.0,0.0671462829736211,28.0,0.9328537170263789,389.0,0.046875,3.0,0.6853932584269663,0.953125,0.7973856209150327,0.7748957287239717,0.9827263189448441,0.9008089455975592,0.9355509355509356,0.049572218524556656,0.9504277814754434,0.06444906444906445,0.9515048690409845,0.9355509355509356,0.9398205682652712,0.7748957287239717,0.9827263189448442,0.9845418648860942,0.8795333543388513,0.9355509355509356,14.02,0.005,13.92,0.0,13920.0,0.0,1.4787734E7,1043348.0,161927.0,100.0,63.61746361746362,?,?
DatasetClassiRealeseNormalizedShuffled,9,8,weka.classifiers.meta.FilteredClassifier,'-F \"weka.filters.MultiFilter -F \\\"weka.filters.supervised.attribute.AttributeSelection -E \\\\\\\"weka.attributeSelection.WrapperSubsetEval -B weka.classifiers.bayes.NaiveBayes -F 5 -T 0.01 -R 1 -E AUC --\\\\\\\" -S \\\\\\\"weka.attributeSelection.GreedyStepwise -B -T -1.7976931348623157E308 -N -1 -num-slots 1\\\\\\\"\\\" -F \\\"weka.filters.supervised.instance.Resample -B 1.0 -S 1 -Z 200.0\\\" -S 1\" -S 1 -W weka.classifiers.trees.RandomForest -- -P 100 -I 100 -num-slots 1 -K 0 -M 1.0 -V 0.001 -S 1',-4523450618538717400,2.02604271219E7,4330.0,481.0,457.0,24.0,0.0,95.01039501039502,4.98960498960499,0.0,0.7996250781087273,0.11864100688890578,0.2161755013057661,51.44062893826524,63.64928372202735,272.1308087156738,117.60517403089102,154.5256346847828,0.565760517080403,0.24450140131162373,0.3212591157687792,86.67204693846989,0.18019136577644468,31.849406301153532,0.90625,58.0,0.04316546762589928,18.0,0.9568345323741008,399.0,0.09375,6.0,0.7631578947368421,0.90625,0.8285714285714286,0.8036686737641933,0.976880995203837,0.8896001652546645,0.9501039501039501,0.08701941772984938,0.9129805822701507,0.0498960498960499,0.9556430924851977,0.9501039501039501,0.9518781474985855,0.8036686737641932,0.976880995203837,0.9820066433899994,0.899687174139729,0.9501039501039501,12.919,0.012,12.74,0.01,12740.0,10.0,2.8515727E7,1043348.0,161927.0,99.79209979209979,70.27027027027027,?,?
DatasetClassiRealeseNormalizedShuffled,9,9,weka.classifiers.meta.FilteredClassifier,'-F \"weka.filters.MultiFilter -F \\\"weka.filters.supervised.attribute.AttributeSelection -E \\\\\\\"weka.attributeSelection.WrapperSubsetEval -B weka.classifiers.bayes.NaiveBayes -F 5 -T 0.01 -R 1 -E AUC --\\\\\\\" -S \\\\\\\"weka.attributeSelection.GreedyStepwise -B -T -1.7976931348623157E308 -N -1 -num-slots 1\\\\\\\"\\\" -F \\\"weka.filters.supervised.instance.Resample -B 1.0 -S 1 -Z 200.0\\\" -S 1\" -S 1 -W weka.classifiers.trees.RandomForest -- -P 100 -I 100 -num-slots 1 -K 0 -M 1.0 -V 0.001 -S 1',-4523450618538717400,2.02604271219E7,4330.0,481.0,436.0,45.0,0.0,90.64449064449065,9.355509355509355,0.0,0.674202628053645,0.13206763011758874,0.2658810415748801,57.26217379456702,78.28425399403154,272.1308087156738,152.76341419670283,119.367394518971,0.565760517080403,0.3175954557104009,0.24816506137000208,52.46856993438051,0.10908226597584306,19.280643078233904,0.9375,60.0,0.09832134292565947,41.0,0.9016786570743405,376.0,0.0625,4.0,0.594059405940594,0.9375,0.7272727272727272,0.6997774753101569,0.9706984412470024,0.8251807579612803,0.9064449064449065,0.06726624937056593,0.9327337506294341,0.09355509355509356,0.9368613893887473,0.9064449064449065,0.9147628118769902,0.6997774753101569,0.9706984412470023,0.972896750157641,0.835405497889814,0.9064449064449065,13.872,0.004,13.76,0.01,13760.0,10.0,1.2710096E7,1043348.0,161927.0,99.37629937629937,65.07276507276508,?,?
DatasetClassiRealeseNormalizedShuffled,9,10,weka.classifiers.meta.FilteredClassifier,'-F \"weka.filters.MultiFilter -F \\\"weka.filters.supervised.attribute.AttributeSelection -E \\\\\\\"weka.attributeSelection.WrapperSubsetEval -B weka.classifiers.bayes.NaiveBayes -F 5 -T 0.01 -R 1 -E AUC --\\\\\\\" -S \\\\\\\"weka.attributeSelection.GreedyStepwise -B -T -1.7976931348623157E308 -N -1 -num-slots 1\\\\\\\"\\\" -F \\\"weka.filters.supervised.instance.Resample -B 1.0 -S 1 -Z 200.0\\\" -S 1\" -S 1 -W weka.classifiers.trees.RandomForest -- -P 100 -I 100 -num-slots 1 -K 0 -M 1.0 -V 0.001 -S 1',-4523450618538717400,2.02604271219E7,4330.0,481.0,437.0,44.0,0.0,90.85239085239085,9.147609147609147,0.0,0.6831262164994759,0.1281248158133079,0.2522965394717111,55.55263968896966,74.28452311164956,272.1308087156738,143.38233821975555,128.74847049591827,0.565760517080403,0.298092179251051,0.2676683378293519,67.37928692072627,0.1400816775898675,24.759889274839555,0.953125,61.0,0.09832134292565947,41.0,0.9016786570743405,376.0,0.046875,3.0,0.5980392156862745,0.953125,0.7349397590361445,0.7102392926202767,0.9749700239808153,0.8503964406344439,0.9085239085239085,0.053720251449568,0.946279748550432,0.09147609147609148,0.9396542998902148,0.9085239085239085,0.9168105890270933,0.7102392926202767,0.9749700239808153,0.9768112694565878,0.8398316885632984,0.9085239085239085,13.891,0.005,13.78,0.01,13780.0,10.0,1.5384699E7,1043348.0,161927.0,99.37629937629937,65.9043659043659,?,?
DatasetClassiRealeseNormalizedShuffled,10,1,weka.classifiers.meta.FilteredClassifier,'-F \"weka.filters.MultiFilter -F \\\"weka.filters.supervised.attribute.AttributeSelection -E \\\\\\\"weka.attributeSelection.WrapperSubsetEval -B weka.classifiers.bayes.NaiveBayes -F 5 -T 0.01 -R 1 -E AUC --\\\\\\\" -S \\\\\\\"weka.attributeSelection.GreedyStepwise -B -T -1.7976931348623157E308 -N -1 -num-slots 1\\\\\\\"\\\" -F \\\"weka.filters.supervised.instance.Resample -B 1.0 -S 1 -Z 200.0\\\" -S 1\" -S 1 -W weka.classifiers.trees.RandomForest -- -P 100 -I 100 -num-slots 1 -K 0 -M 1.0 -V 0.001 -S 1',-4523450618538717400,2.02604271219E7,4329.0,482.0,452.0,30.0,0.0,93.7759336099585,6.224066390041494,0.0,0.7613231216162683,0.11371283289350345,0.2172966300589128,49.34238945975978,64.03564887973107,272.3366817903761,112.90953956645082,159.42714222392527,0.565013862635635,0.23425215677686892,0.33076170585876613,93.7506088505389,0.19450333786418858,34.42452490579324,0.921875,59.0,0.05980861244019139,25.0,0.9401913875598086,393.0,0.078125,5.0,0.7023809523809523,0.921875,0.7972972972972973,0.7711478655657759,0.9869542464114832,0.9228724249850726,0.9377593360995851,0.07569294853977646,0.9243070514602235,0.06224066390041494,0.9495873955829335,0.9377593360995851,0.9412020331290529,0.7711478655657759,0.9869542464114832,0.9880403761379003,0.8802662957074722,0.9377593360995851,12.697,0.006,12.57,0.01,12570.0,10.0,2.5751991E7,1043119.0,162156.0,99.79253112033194,68.67219917012449,?,?
DatasetClassiRealeseNormalizedShuffled,10,2,weka.classifiers.meta.FilteredClassifier,'-F \"weka.filters.MultiFilter -F \\\"weka.filters.supervised.attribute.AttributeSelection -E \\\\\\\"weka.attributeSelection.WrapperSubsetEval -B weka.classifiers.bayes.NaiveBayes -F 5 -T 0.01 -R 1 -E AUC --\\\\\\\" -S \\\\\\\"weka.attributeSelection.GreedyStepwise -B -T -1.7976931348623157E308 -N -1 -num-slots 1\\\\\\\"\\\" -F \\\"weka.filters.supervised.instance.Resample -B 1.0 -S 1 -Z 200.0\\\" -S 1\" -S 1 -W weka.classifiers.trees.RandomForest -- -P 100 -I 100 -num-slots 1 -K 0 -M 1.0 -V 0.001 -S 1',-4523450618538717400,2.02604271219E7,4330.0,481.0,465.0,16.0,0.0,96.67359667359668,3.3264033264033266,0.0,0.8648116919617763,0.09367645332359606,0.17430197240933898,40.85661283362059,51.662995043859894,269.42867131105754,83.88413942222927,185.54453188882826,0.5601427677984564,0.1743953002541149,0.38574746754434147,140.0747059658688,0.2912156049186461,51.98953225143268,0.9682539682539683,61.0,0.03349282296650718,14.0,0.9665071770334929,404.0,0.031746031746031744,2.0,0.8133333333333334,0.9682539682539683,0.8840579710144927,0.869291472097412,0.9924432292853346,0.9481155650402515,0.9667359667359667,0.03197482144850566,0.9680251785514944,0.033264033264033266,0.9712700347183106,0.9667359667359667,0.9679400152173474,0.869291472097412,0.9924432292853346,0.9922439970685145,0.9323202476431687,0.9667359667359667,12.424,0.007,12.32,0.01,12320.0,10.0,3.0235561E7,1043348.0,161927.0,100.0,68.81496881496882,?,?
DatasetClassiRealeseNormalizedShuffled,10,3,weka.classifiers.meta.FilteredClassifier,'-F \"weka.filters.MultiFilter -F \\\"weka.filters.supervised.attribute.AttributeSelection -E \\\\\\\"weka.attributeSelection.WrapperSubsetEval -B weka.classifiers.bayes.NaiveBayes -F 5 -T 0.01 -R 1 -E AUC --\\\\\\\" -S \\\\\\\"weka.attributeSelection.GreedyStepwise -B -T -1.7976931348623157E308 -N -1 -num-slots 1\\\\\\\"\\\" -F \\\"weka.filters.supervised.instance.Resample -B 1.0 -S 1 -Z 200.0\\\" -S 1\" -S 1 -W weka.classifiers.trees.RandomForest -- -P 100 -I 100 -num-slots 1 -K 0 -M 1.0 -V 0.001 -S 1',-4523450618538717400,2.0260427122E7,4330.0,481.0,465.0,16.0,0.0,96.67359667359668,3.3264033264033266,0.0,0.8630604982206406,0.10228337713458821,0.1878967263577563,44.34825182038307,55.32306840574431,272.1308087156738,95.25018302828134,176.88062568739247,0.565760517080403,0.19802532854112545,0.3677351885392775,116.39416309659002,0.2419837070615177,42.77140234356938,0.9375,60.0,0.02877697841726619,12.0,0.9712230215827338,405.0,0.0625,4.0,0.8333333333333334,0.9375,0.8823529411764706,0.865090699255016,0.9895458633093526,0.9421725667384051,0.9667359667359667,0.05801294515323292,0.9419870548467671,0.033264033264033266,0.9693453091986098,0.9667359667359667,0.9675532357486495,0.865090699255016,0.9895458633093526,0.9909039690259207,0.9314912405640222,0.9667359667359667,12.698,0.005,12.59,0.0,12590.0,0.0,2.9174919E7,1043348.0,161927.0,99.79209979209979,70.89397089397089,?,?
DatasetClassiRealeseNormalizedShuffled,10,4,weka.classifiers.meta.FilteredClassifier,'-F \"weka.filters.MultiFilter -F \\\"weka.filters.supervised.attribute.AttributeSelection -E \\\\\\\"weka.attributeSelection.WrapperSubsetEval -B weka.classifiers.bayes.NaiveBayes -F 5 -T 0.01 -R 1 -E AUC --\\\\\\\" -S \\\\\\\"weka.attributeSelection.GreedyStepwise -B -T -1.7976931348623157E308 -N -1 -num-slots 1\\\\\\\"\\\" -F \\\"weka.filters.supervised.instance.Resample -B 1.0 -S 1 -Z 200.0\\\" -S 1\" -S 1 -W weka.classifiers.trees.RandomForest -- -P 100 -I 100 -num-slots 1 -K 0 -M 1.0 -V 0.001 -S 1',-4523450618538717400,2.0260427122E7,4330.0,481.0,452.0,29.0,0.0,93.97089397089397,6.029106029106029,0.0,0.7593547830587425,0.12869860299963706,0.22968153919363513,55.80142360032949,67.62591212021715,272.1308087156738,129.33216095010917,142.79864776556465,0.565760517080403,0.2688818314971085,0.2968786855832945,71.74638096084333,0.14916087517846846,26.36466679368339,0.875,56.0,0.050359712230215826,21.0,0.9496402877697842,396.0,0.125,8.0,0.7272727272727273,0.875,0.7943262411347517,0.7638120714262057,0.9741456834532374,0.8690448083471246,0.9397089397089398,0.11506865193915554,0.8849313480608445,0.060291060291060294,0.9465447584259467,0.9397089397089398,0.94201098000305,0.7638120714262058,0.9741456834532374,0.9790139273095095,0.8795017320168277,0.9397089397089398,13.745,0.006,13.61,0.01,13610.0,10.0,2.9910919E7,1043348.0,161927.0,99.79209979209979,72.76507276507276,?,?
DatasetClassiRealeseNormalizedShuffled,10,5,weka.classifiers.meta.FilteredClassifier,'-F \"weka.filters.MultiFilter -F \\\"weka.filters.supervised.attribute.AttributeSelection -E \\\\\\\"weka.attributeSelection.WrapperSubsetEval -B weka.classifiers.bayes.NaiveBayes -F 5 -T 0.01 -R 1 -E AUC --\\\\\\\" -S \\\\\\\"weka.attributeSelection.GreedyStepwise -B -T -1.7976931348623157E308 -N -1 -num-slots 1\\\\\\\"\\\" -F \\\"weka.filters.supervised.instance.Resample -B 1.0 -S 1 -Z 200.0\\\" -S 1\" -S 1 -W weka.classifiers.trees.RandomForest -- -P 100 -I 100 -num-slots 1 -K 0 -M 1.0 -V 0.001 -S 1',-4523450618538717400,2.0260427122E7,4330.0,481.0,440.0,41.0,0.0,91.47609147609148,8.523908523908524,0.0,0.6999741370129773,0.11337365431353608,0.23750783580902599,49.15679861330577,69.93023509278736,272.1308087156738,120.45597268593254,151.6748360297413,0.565760517080403,0.2504282176422714,0.3153322994381316,82.93553924168825,0.17242315850662837,30.476350558433275,0.953125,61.0,0.09112709832134293,38.0,0.9088729016786571,379.0,0.046875,3.0,0.6161616161616161,0.953125,0.7484662576687116,0.7241273390760449,0.9863234412470024,0.9219159268875612,0.9147609147609148,0.052763013082257684,0.9472369869177423,0.08523908523908524,0.9421194892399081,0.9147609147609148,0.9220454116297847,0.7241273390760449,0.9863234412470023,0.9877971351673306,0.8485760574951818,0.9147609147609148,13.92,0.004,13.76,0.01,13760.0,10.0,1.4356584E7,1043348.0,161927.0,99.79209979209979,62.16216216216216,?,?
DatasetClassiRealeseNormalizedShuffled,10,6,weka.classifiers.meta.FilteredClassifier,'-F \"weka.filters.MultiFilter -F \\\"weka.filters.supervised.attribute.AttributeSelection -E \\\\\\\"weka.attributeSelection.WrapperSubsetEval -B weka.classifiers.bayes.NaiveBayes -F 5 -T 0.01 -R 1 -E AUC --\\\\\\\" -S \\\\\\\"weka.attributeSelection.GreedyStepwise -B -T -1.7976931348623157E308 -N -1 -num-slots 1\\\\\\\"\\\" -F \\\"weka.filters.supervised.instance.Resample -B 1.0 -S 1 -Z 200.0\\\" -S 1\" -S 1 -W weka.classifiers.trees.RandomForest -- -P 100 -I 100 -num-slots 1 -K 0 -M 1.0 -V 0.001 -S 1',-4523450618538717400,2.0260427122E7,4330.0,481.0,440.0,41.0,0.0,91.47609147609148,8.523908523908524,0.0,0.6865054763380867,0.14331996983202533,0.2470559754110806,62.14098801838465,72.74152611733828,272.1308087156738,145.2445763060914,126.88623240958242,0.565760517080403,0.30196377610414016,0.2637967409762628,53.844288448258055,0.11194238762631613,19.7861788242122,0.890625,57.0,0.0815347721822542,34.0,0.9184652278177458,383.0,0.109375,7.0,0.6263736263736264,0.890625,0.7354838709677419,0.7016200166525327,0.9711668165467626,0.8865386763088924,0.9147609147609148,0.10567068694316896,0.8943293130568309,0.08523908523908524,0.9347261885723424,0.9147609147609148,0.9207590314677494,0.7016200166525327,0.9711668165467626,0.9805956388774327,0.8423392093376503,0.9147609147609148,13.911,0.005,13.78,0.0,13780.0,0.0,1.6652261E7,1043348.0,161927.0,99.79209979209979,72.34927234927235,?,?
DatasetClassiRealeseNormalizedShuffled,10,7,weka.classifiers.meta.FilteredClassifier,'-F \"weka.filters.MultiFilter -F \\\"weka.filters.supervised.attribute.AttributeSelection -E \\\\\\\"weka.attributeSelection.WrapperSubsetEval -B weka.classifiers.bayes.NaiveBayes -F 5 -T 0.01 -R 1 -E AUC --\\\\\\\" -S \\\\\\\"weka.attributeSelection.GreedyStepwise -B -T -1.7976931348623157E308 -N -1 -num-slots 1\\\\\\\"\\\" -F \\\"weka.filters.supervised.instance.Resample -B 1.0 -S 1 -Z 200.0\\\" -S 1\" -S 1 -W weka.classifiers.trees.RandomForest -- -P 100 -I 100 -num-slots 1 -K 0 -M 1.0 -V 0.001 -S 1',-4523450618538717400,2.02604271221E7,4330.0,481.0,436.0,45.0,0.0,90.64449064449065,9.355509355509355,0.0,0.6809827705640468,0.131952747596377,0.26255798259707,57.21236277812244,77.30583450419077,272.1308087156738,155.52678012081532,116.6040285948585,0.565760517080403,0.32334049921167424,0.2424200178687287,53.42753630327464,0.11107595905046704,19.633034773029504,0.96875,62.0,0.10311750599520383,43.0,0.8968824940047961,374.0,0.03125,2.0,0.5904761904761905,0.96875,0.7337278106508874,0.7117098771639718,0.9745203836930456,0.8200927891419353,0.9064449064449065,0.04081241244011029,0.9591875875598896,0.09355509355509356,0.9408989419627717,0.9064449064449065,0.9153747941215202,0.7117098771639718,0.9745203836930455,0.9727331635231191,0.8384906392472595,0.9064449064449065,13.907,0.004,13.78,0.01,13780.0,10.0,1.4818578E7,1043348.0,161927.0,99.16839916839916,64.13721413721414,?,?
DatasetClassiRealeseNormalizedShuffled,10,8,weka.classifiers.meta.FilteredClassifier,'-F \"weka.filters.MultiFilter -F \\\"weka.filters.supervised.attribute.AttributeSelection -E \\\\\\\"weka.attributeSelection.WrapperSubsetEval -B weka.classifiers.bayes.NaiveBayes -F 5 -T 0.01 -R 1 -E AUC --\\\\\\\" -S \\\\\\\"weka.attributeSelection.GreedyStepwise -B -T -1.7976931348623157E308 -N -1 -num-slots 1\\\\\\\"\\\" -F \\\"weka.filters.supervised.instance.Resample -B 1.0 -S 1 -Z 200.0\\\" -S 1\" -S 1 -W weka.classifiers.trees.RandomForest -- -P 100 -I 100 -num-slots 1 -K 0 -M 1.0 -V 0.001 -S 1',-4523450618538717400,2.02604271221E7,4330.0,481.0,436.0,45.0,0.0,90.64449064449065,9.355509355509355,0.0,0.6707033211118043,0.12032841995949234,0.24844681199813975,52.17226121201105,73.15103483597653,272.1308087156738,131.50049688337788,140.63031183229594,0.565760517080403,0.27338980641034905,0.29237071067005393,68.11240224536108,0.14160582587393156,25.02928741027845,0.921875,59.0,0.09592326139088729,40.0,0.9040767386091128,377.0,0.078125,5.0,0.5959595959595959,0.921875,0.7239263803680981,0.693846508813443,0.9760753896882494,0.8800656329959553,0.9064449064449065,0.08049316783579373,0.9195068321642063,0.09355509355509356,0.9348925134265448,0.9064449064449065,0.9144400859351296,0.693846508813443,0.9760753896882494,0.980771851042772,0.8338029899337361,0.9064449064449065,13.946,0.004,13.84,0.0,13840.0,0.0,1.2794425E7,1043348.0,161927.0,99.37629937629937,62.99376299376299,?,?
DatasetClassiRealeseNormalizedShuffled,10,9,weka.classifiers.meta.FilteredClassifier,'-F \"weka.filters.MultiFilter -F \\\"weka.filters.supervised.attribute.AttributeSelection -E \\\\\\\"weka.attributeSelection.WrapperSubsetEval -B weka.classifiers.bayes.NaiveBayes -F 5 -T 0.01 -R 1 -E AUC --\\\\\\\" -S \\\\\\\"weka.attributeSelection.GreedyStepwise -B -T -1.7976931348623157E308 -N -1 -num-slots 1\\\\\\\"\\\" -F \\\"weka.filters.supervised.instance.Resample -B 1.0 -S 1 -Z 200.0\\\" -S 1\" -S 1 -W weka.classifiers.trees.RandomForest -- -P 100 -I 100 -num-slots 1 -K 0 -M 1.0 -V 0.001 -S 1',-4523450618538717400,2.02604271221E7,4330.0,481.0,451.0,30.0,0.0,93.76299376299376,6.237006237006237,0.0,0.7639920185796997,0.11884581180708628,0.21510392015049157,51.52942870553896,63.33377445954726,272.1308087156738,112.62407965218397,159.50672906348984,0.565760517080403,0.2341456957425862,0.3316148213378167,86.54198505518431,0.17992096685069503,31.80161241706543,0.9375,60.0,0.06235011990407674,26.0,0.9376498800959233,391.0,0.0625,4.0,0.6976744186046512,0.9375,0.8000000000000002,0.7756980124514045,0.9851244004796164,0.9176115374470194,0.9376299376299376,0.062480057534014366,0.9375199424659857,0.062370062370062374,0.9509945488161561,0.9376299376299376,0.9413588275657241,0.7756980124514046,0.9851244004796164,0.9870477606419729,0.8815270935960592,0.9376299376299376,12.443,0.006,12.32,0.0,12320.0,0.0,3.019902E7,1043348.0,161927.0,100.0,70.16632016632016,?,?
DatasetClassiRealeseNormalizedShuffled,10,10,weka.classifiers.meta.FilteredClassifier,'-F \"weka.filters.MultiFilter -F \\\"weka.filters.supervised.attribute.AttributeSelection -E \\\\\\\"weka.attributeSelection.WrapperSubsetEval -B weka.classifiers.bayes.NaiveBayes -F 5 -T 0.01 -R 1 -E AUC --\\\\\\\" -S \\\\\\\"weka.attributeSelection.GreedyStepwise -B -T -1.7976931348623157E308 -N -1 -num-slots 1\\\\\\\"\\\" -F \\\"weka.filters.supervised.instance.Resample -B 1.0 -S 1 -Z 200.0\\\" -S 1\" -S 1 -W weka.classifiers.trees.RandomForest -- -P 100 -I 100 -num-slots 1 -K 0 -M 1.0 -V 0.001 -S 1',-4523450618538717400,2.02604271221E7,4330.0,481.0,435.0,46.0,0.0,90.43659043659044,9.563409563409563,0.0,0.6651837055868288,0.14604257181626035,0.27698316149784885,63.32145978013193,81.55308869835595,272.1308087156738,162.8577778437076,109.27303087196623,0.565760517080403,0.3385816587187268,0.22717885836167614,24.767501286249896,0.0514916866658002,9.101322045504718,0.921875,59.0,0.09832134292565947,41.0,0.9016786570743405,376.0,0.078125,5.0,0.59,0.921875,0.7195121951219512,0.6892669054137208,0.9691059652278178,0.8460212980702738,0.9043659043659044,0.08081224729156385,0.9191877527084361,0.09563409563409564,0.9340697693453599,0.9043659043659044,0.9127051694445789,0.6892669054137208,0.9691059652278177,0.9753072565315262,0.830934042423131,0.9043659043659044,13.922,0.004,13.79,0.01,13790.0,10.0,1.4536196E7,1043348.0,161927.0,99.37629937629937,65.48856548856548,?,?
DatasetClassiRealeseNormalizedShuffled,1,1,weka.classifiers.meta.FilteredClassifier,'-F \"weka.filters.MultiFilter -F \\\"weka.filters.supervised.instance.Resample -B 1.0 -S 1 -Z 200.0\\\" -S 1\" -S 1 -W weka.classifiers.trees.RandomForest -- -P 100 -I 100 -num-slots 1 -K 0 -M 1.0 -V 0.001 -S 1',-4523450618538717400,2.02604271221E7,4329.0,482.0,462.0,20.0,0.0,95.850622406639,4.149377593360996,0.0,0.833079373874498,0.10264816469415708,0.18795649314592494,44.54119724914554,55.38933575037444,272.3366817903761,96.47553501240009,175.861146777976,0.565013862635635,0.20015671164398358,0.36485715099165145,127.06088767758379,0.26361180016096225,46.65581105059712,0.9375,60.0,0.03827751196172249,16.0,0.9617224880382775,402.0,0.0625,4.0,0.7894736842105263,0.9375,0.8571428571428572,0.8372891708955843,0.9901689593301436,0.9358564137320995,0.9585062240663901,0.05928373602811253,0.9407162639718875,0.04149377593360996,0.9635022597271545,0.9585062240663901,0.9599823896041114,0.8372891708955843,0.9901689593301436,0.9902121021668526,0.9164355062413315,0.9585062240663901,0.791,0.007,0.7,0.01,700.0,10.0,3.3224874E7,1043119.0,162156.0,100.0,72.19917012448133,?,?
DatasetClassiRealeseNormalizedShuffled,1,2,weka.classifiers.meta.FilteredClassifier,'-F \"weka.filters.MultiFilter -F \\\"weka.filters.supervised.instance.Resample -B 1.0 -S 1 -Z 200.0\\\" -S 1\" -S 1 -W weka.classifiers.trees.RandomForest -- -P 100 -I 100 -num-slots 1 -K 0 -M 1.0 -V 0.001 -S 1',-4523450618538717400,2.02604271221E7,4330.0,481.0,457.0,24.0,0.0,95.01039501039502,4.98960498960499,0.0,0.7997154654915161,0.10755416247158928,0.19972468130943502,46.90932052654019,59.19826997937625,269.42867131105754,103.50059582358116,165.92807548747638,0.5601427677984564,0.21517795389517913,0.34496481390327727,112.52926944400969,0.23394858512268127,41.76588515855974,0.9206349206349206,58.0,0.045454545454545456,19.0,0.9545454545454546,399.0,0.07936507936507936,5.0,0.7532467532467533,0.9206349206349206,0.8285714285714286,0.8052299893962017,0.9867851446798815,0.9037068220943966,0.9501039501039501,0.07492357492357492,0.9250764250764251,0.0498960498960499,0.9569257341534568,0.9501039501039501,0.9521738470643579,0.8052299893962016,0.9867851446798817,0.98571073885216,0.8996871741397289,0.9501039501039501,0.716,0.007,0.69,0.0,690.0,0.0,3.177548E7,1043348.0,161927.0,99.79209979209979,70.89397089397089,?,?
DatasetClassiRealeseNormalizedShuffled,1,3,weka.classifiers.meta.FilteredClassifier,'-F \"weka.filters.MultiFilter -F \\\"weka.filters.supervised.instance.Resample -B 1.0 -S 1 -Z 200.0\\\" -S 1\" -S 1 -W weka.classifiers.trees.RandomForest -- -P 100 -I 100 -num-slots 1 -K 0 -M 1.0 -V 0.001 -S 1',-4523450618538717400,2.02604271221E7,4330.0,481.0,457.0,24.0,0.0,95.01039501039502,4.98960498960499,0.0,0.7996250781087273,0.1051077209307268,0.19472352041670396,45.57283702090569,57.333104461380465,272.1308087156738,97.50782609174321,174.62298262393062,0.565760517080403,0.2027189731637073,0.3630415439166957,120.57295636170437,0.25067142694741035,44.3069849131565,0.90625,58.0,0.04316546762589928,18.0,0.9568345323741008,399.0,0.09375,6.0,0.7631578947368421,0.90625,0.8285714285714286,0.8036686737641933,0.9869229616306955,0.9358388161887295,0.9501039501039501,0.08701941772984938,0.9129805822701507,0.0498960498960499,0.9556430924851977,0.9501039501039501,0.9518781474985855,0.8036686737641932,0.9869229616306955,0.9896839704537762,0.899687174139729,0.9501039501039501,0.674,0.007,0.65,0.01,650.0,10.0,3.0805594E7,1043348.0,161927.0,100.0,70.997920997921,?,?
DatasetClassiRealeseNormalizedShuffled,1,4,weka.classifiers.meta.FilteredClassifier,'-F \"weka.filters.MultiFilter -F \\\"weka.filters.supervised.instance.Resample -B 1.0 -S 1 -Z 200.0\\\" -S 1\" -S 1 -W weka.classifiers.trees.RandomForest -- -P 100 -I 100 -num-slots 1 -K 0 -M 1.0 -V 0.001 -S 1',-4523450618538717400,2.02604271221E7,4330.0,481.0,455.0,26.0,0.0,94.5945945945946,5.405405405405405,0.0,0.7802340702210663,0.11165382482946806,0.21785136295582896,48.41111115964254,64.14271333361336,272.1308087156738,115.87350434518234,156.25730437049148,0.565760517080403,0.24090125643489052,0.32485926064551246,106.33284917617522,0.22106621450348277,39.074167926084876,0.875,56.0,0.04316546762589928,18.0,0.9568345323741008,399.0,0.125,8.0,0.7567567567567568,0.875,0.8115942028985507,0.7830362998985402,0.9720848321342925,0.8747509494312148,0.9459459459459459,0.11411141357184522,0.8858885864281548,0.05405405405405406,0.9505943289727073,0.9459459459459459,0.9475764282644822,0.7830362998985401,0.9720848321342926,0.9794430606657204,0.890020402420149,0.9459459459459459,0.718,0.007,0.69,0.01,690.0,10.0,3.2355011E7,1043348.0,161927.0,99.79209979209979,69.54261954261955,?,?
DatasetClassiRealeseNormalizedShuffled,1,5,weka.classifiers.meta.FilteredClassifier,'-F \"weka.filters.MultiFilter -F \\\"weka.filters.supervised.instance.Resample -B 1.0 -S 1 -Z 200.0\\\" -S 1\" -S 1 -W weka.classifiers.trees.RandomForest -- -P 100 -I 100 -num-slots 1 -K 0 -M 1.0 -V 0.001 -S 1',-4523450618538717400,2.02604271221E7,4330.0,481.0,463.0,18.0,0.0,96.25779625779626,3.7422037422037424,0.0,0.8439831333117094,0.10277834243431266,0.18042920023460235,44.5628599646336,53.12437944217857,272.1308087156738,91.56490288873789,180.56590582693593,0.565760517080403,0.19036362346930955,0.3753968936110934,129.80582677140234,0.2698665837243292,47.69979091453233,0.90625,58.0,0.02877697841726619,12.0,0.9712230215827338,405.0,0.09375,6.0,0.8285714285714286,0.90625,0.8656716417910447,0.8451267655760873,0.9870728417266187,0.9419866603723362,0.9625779625779626,0.08510494099522876,0.9148950590047713,0.037422037422037424,0.9645342623444814,0.9625779625779626,0.96328018229381,0.8451267655760873,0.9870728417266187,0.9904490027401247,0.9219662556781311,0.9625779625779626,0.723,0.007,0.67,0.0,670.0,0.0,3.2610703E7,1043348.0,161927.0,100.0,72.55717255717256,?,?
DatasetClassiRealeseNormalizedShuffled,1,6,weka.classifiers.meta.FilteredClassifier,'-F \"weka.filters.MultiFilter -F \\\"weka.filters.supervised.instance.Resample -B 1.0 -S 1 -Z 200.0\\\" -S 1\" -S 1 -W weka.classifiers.trees.RandomForest -- -P 100 -I 100 -num-slots 1 -K 0 -M 1.0 -V 0.001 -S 1',-4523450618538717400,2.02604271221E7,4330.0,481.0,460.0,21.0,0.0,95.63409563409563,4.365904365904366,0.0,0.8235910511884597,0.09929077749603733,0.1972309624923366,43.05071388131592,58.07137910917578,272.1308087156738,101.32915677596326,170.80165193971055,0.565760517080403,0.2106635276007552,0.35509698947964774,124.75815313159016,0.2593724597330357,45.84492058080027,0.921875,59.0,0.03836930455635491,16.0,0.9616306954436451,401.0,0.078125,5.0,0.7866666666666666,0.921875,0.8489208633093526,0.8271298981434626,0.9799535371702638,0.9186290648291833,0.9563409563409564,0.07283526089731125,0.9271647391026888,0.04365904365904366,0.9609380430070085,0.9563409563409564,0.9577767048504917,0.8271298981434626,0.9799535371702638,0.9862155510682455,0.9117022299535827,0.9563409563409564,0.691,0.006,0.65,0.01,650.0,10.0,2.8239455E7,1043348.0,161927.0,99.58419958419958,70.06237006237006,?,?
DatasetClassiRealeseNormalizedShuffled,1,7,weka.classifiers.meta.FilteredClassifier,'-F \"weka.filters.MultiFilter -F \\\"weka.filters.supervised.instance.Resample -B 1.0 -S 1 -Z 200.0\\\" -S 1\" -S 1 -W weka.classifiers.trees.RandomForest -- -P 100 -I 100 -num-slots 1 -K 0 -M 1.0 -V 0.001 -S 1',-4523450618538717400,2.02604271221E7,4330.0,481.0,458.0,23.0,0.0,95.21829521829522,4.781704781704781,0.0,0.7913546951323013,0.1031348966412591,0.19760470624168672,44.71745552258503,58.18142174489551,272.1308087156738,103.27687878432344,168.85392993135036,0.565760517080403,0.21471284570545415,0.3510476713749488,123.4503786237268,0.25665359381232183,45.36435224161242,0.8125,52.0,0.026378896882494004,11.0,0.973621103117506,406.0,0.1875,12.0,0.8253968253968254,0.8125,0.8188976377952756,0.7913872585180297,0.9748201438848921,0.8770451718558646,0.9521829521829522,0.1660618490654462,0.8339381509345538,0.04781704781704782,0.9518796360901624,0.9521829521829522,0.9520233290519491,0.7913872585180297,0.974820143884892,0.9800518489897799,0.8956763638078175,0.9521829521829522,0.763,0.006,0.66,0.0,660.0,0.0,2.8626575E7,1043348.0,161927.0,99.58419958419958,71.20582120582121,?,?
DatasetClassiRealeseNormalizedShuffled,1,8,weka.classifiers.meta.FilteredClassifier,'-F \"weka.filters.MultiFilter -F \\\"weka.filters.supervised.instance.Resample -B 1.0 -S 1 -Z 200.0\\\" -S 1\" -S 1 -W weka.classifiers.trees.RandomForest -- -P 100 -I 100 -num-slots 1 -K 0 -M 1.0 -V 0.001 -S 1',-4523450618538717400,2.02604271221E7,4330.0,481.0,459.0,22.0,0.0,95.42619542619542,4.573804573804574,0.0,0.8068555158063809,0.10105093868572784,0.19722223241752754,43.81388844468749,58.06880868373404,272.1308087156738,100.33321121536711,171.79759750030672,0.565760517080403,0.20859295470970293,0.3571675623707,129.52578421761018,0.26928437467278626,47.596883582902436,0.859375,55.0,0.03117505995203837,13.0,0.9688249400479616,404.0,0.140625,9.0,0.8088235294117647,0.859375,0.8333333333333333,0.8073534901058181,0.9798411270983214,0.9121972779694139,0.9542619542619543,0.12606201421399263,0.8739379857860073,0.04573804573804574,0.9556705588609876,0.9542619542619543,0.95484474279655,0.8073534901058181,0.9798411270983214,0.9854704093640124,0.9034136546184739,0.9542619542619543,0.693,0.008,0.68,0.0,680.0,0.0,3.2783571E7,1043348.0,161927.0,100.0,70.58212058212058,?,?
DatasetClassiRealeseNormalizedShuffled,1,9,weka.classifiers.meta.FilteredClassifier,'-F \"weka.filters.MultiFilter -F \\\"weka.filters.supervised.instance.Resample -B 1.0 -S 1 -Z 200.0\\\" -S 1\" -S 1 -W weka.classifiers.trees.RandomForest -- -P 100 -I 100 -num-slots 1 -K 0 -M 1.0 -V 0.001 -S 1',-4523450618538717400,2.02604271221E7,4330.0,481.0,460.0,21.0,0.0,95.63409563409563,4.365904365904366,0.0,0.8094977651207969,0.10025239076519468,0.19003709860391227,43.46765227941258,55.953265442612235,272.1308087156738,95.25332390024074,176.8774848154331,0.565760517080403,0.19803185842045892,0.3677286586599441,134.0448874497665,0.2786795996876642,49.257519970779384,0.828125,53.0,0.023980815347721823,10.0,0.9760191846522782,407.0,0.171875,11.0,0.8412698412698413,0.828125,0.8346456692913385,0.809531075074139,0.9826513788968825,0.9143193648450713,0.9563409563409564,0.15219677168867818,0.8478032283113218,0.04365904365904366,0.9560656665919823,0.9563409563409564,0.9561952134822144,0.809531075074139,0.9826513788968825,0.9862348949552454,0.904747984346268,0.9563409563409564,0.715,0.007,0.64,0.0,640.0,0.0,3.0119759E7,1043348.0,161927.0,99.79209979209979,71.3097713097713,?,?
DatasetClassiRealeseNormalizedShuffled,1,10,weka.classifiers.meta.FilteredClassifier,'-F \"weka.filters.MultiFilter -F \\\"weka.filters.supervised.instance.Resample -B 1.0 -S 1 -Z 200.0\\\" -S 1\" -S 1 -W weka.classifiers.trees.RandomForest -- -P 100 -I 100 -num-slots 1 -K 0 -M 1.0 -V 0.001 -S 1',-4523450618538717400,2.02604271221E7,4330.0,481.0,466.0,15.0,0.0,96.88149688149689,3.1185031185031185,0.0,0.8724205612434356,0.10093000152153882,0.1831428811441578,43.76145224281238,53.92337768712326,272.1308087156738,93.01406257843665,179.11674613723716,0.565760517080403,0.19337642947699926,0.37238408760340364,124.10769645524638,0.2580201589506162,45.60589704670884,0.953125,61.0,0.02877697841726619,12.0,0.9712230215827338,405.0,0.046875,3.0,0.8356164383561644,0.953125,0.8905109489051095,0.8749878427539701,0.9910446642685852,0.9389344218797124,0.9688149688149689,0.044466947232235,0.955533052767765,0.031185031185031187,0.9717531716927366,0.9688149688149689,0.9696691944867127,0.8749878427539701,0.9910446642685852,0.9907106593295156,0.9361645653616457,0.9688149688149689,0.678,0.007,0.66,0.01,660.0,10.0,3.1009816E7,1043348.0,161927.0,99.79209979209979,70.37422037422037,?,?
DatasetClassiRealeseNormalizedShuffled,2,1,weka.classifiers.meta.FilteredClassifier,'-F \"weka.filters.MultiFilter -F \\\"weka.filters.supervised.instance.Resample -B 1.0 -S 1 -Z 200.0\\\" -S 1\" -S 1 -W weka.classifiers.trees.RandomForest -- -P 100 -I 100 -num-slots 1 -K 0 -M 1.0 -V 0.001 -S 1',-4523450618538717400,2.02604271221E7,4329.0,482.0,464.0,18.0,0.0,96.2655601659751,3.7344398340248963,0.0,0.8440353778672612,0.10347234888340907,0.18922184509708037,44.89882810063206,55.76222525736543,272.3366817903761,96.68217943103639,175.6545023593397,0.565013862635635,0.20058543450422486,0.36442842813141013,127.26344307817047,0.26403203958126653,46.730187884174974,0.90625,58.0,0.028708133971291867,12.0,0.9712918660287081,406.0,0.09375,6.0,0.8285714285714286,0.90625,0.8656716417910447,0.8451783135253793,0.9866925837320574,0.9327287153524811,0.9626556016597511,0.08511373563104291,0.9148862643689571,0.03734439834024896,0.9646082837921052,0.9626556016597511,0.9633566905262718,0.8451783135253794,0.9866925837320574,0.9892762981299428,0.9219924474015464,0.9626556016597511,0.787,0.007,0.68,0.01,680.0,10.0,3.3247585E7,1043119.0,162156.0,100.0,73.44398340248962,?,?
DatasetClassiRealeseNormalizedShuffled,2,2,weka.classifiers.meta.FilteredClassifier,'-F \"weka.filters.MultiFilter -F \\\"weka.filters.supervised.instance.Resample -B 1.0 -S 1 -Z 200.0\\\" -S 1\" -S 1 -W weka.classifiers.trees.RandomForest -- -P 100 -I 100 -num-slots 1 -K 0 -M 1.0 -V 0.001 -S 1',-4523450618538717400,2.02604271222E7,4330.0,481.0,457.0,24.0,0.0,95.01039501039502,4.98960498960499,0.0,0.7837311251826595,0.11238040532184632,0.19764432974641402,49.01426716550856,58.58165508394962,269.42867131105754,103.67992349810883,165.7487478129487,0.5601427677984564,0.21555077650334478,0.34459199129511164,118.32580975893032,0.24599960448842062,43.91730441424411,0.8253968253968254,52.0,0.03110047846889952,13.0,0.9688995215311005,405.0,0.1746031746031746,11.0,0.8,0.8253968253968254,0.8125,0.7838584369246762,0.9834434571276677,0.8992378360926895,0.9501039501039501,0.1558076031760242,0.8441923968239757,0.0498960498960499,0.950825603710219,0.9501039501039501,0.9504339355958061,0.7838584369246762,0.9834434571276677,0.9846614499387464,0.891861510791367,0.9501039501039501,0.882,0.007,0.69,0.01,690.0,10.0,3.6542605E7,1043348.0,161927.0,100.0,74.32432432432432,?,?
DatasetClassiRealeseNormalizedShuffled,2,3,weka.classifiers.meta.FilteredClassifier,'-F \"weka.filters.MultiFilter -F \\\"weka.filters.supervised.instance.Resample -B 1.0 -S 1 -Z 200.0\\\" -S 1\" -S 1 -W weka.classifiers.trees.RandomForest -- -P 100 -I 100 -num-slots 1 -K 0 -M 1.0 -V 0.001 -S 1',-4523450618538717400,2.02604271222E7,4330.0,481.0,463.0,18.0,0.0,96.25779625779626,3.7422037422037424,0.0,0.8459430604982207,0.10321411845540078,0.18725659484388615,44.75180469115618,55.13459231988061,272.1308087156738,95.88021839217497,176.25059032349884,0.565760517080403,0.19933517337250514,0.3664253437078978,120.62809487421802,0.2507860600295593,44.32724668093424,0.921875,59.0,0.03117505995203837,13.0,0.9688249400479616,404.0,0.078125,5.0,0.8194444444444444,0.921875,0.8676470588235294,0.8479329957113222,0.9844124700239808,0.9393003373754166,0.9625779625779626,0.07187802253000095,0.928121977469999,0.037422037422037424,0.9653776401942661,0.9625779625779626,0.9634973902172307,0.8479329957113222,0.9844124700239808,0.9896011100685719,0.922927645634525,0.9625779625779626,0.69,0.008,0.67,0.01,670.0,10.0,3.363506E7,1043348.0,161927.0,99.79209979209979,71.62162162162163,?,?
DatasetClassiRealeseNormalizedShuffled,2,4,weka.classifiers.meta.FilteredClassifier,'-F \"weka.filters.MultiFilter -F \\\"weka.filters.supervised.instance.Resample -B 1.0 -S 1 -Z 200.0\\\" -S 1\" -S 1 -W weka.classifiers.trees.RandomForest -- -P 100 -I 100 -num-slots 1 -K 0 -M 1.0 -V 0.001 -S 1',-4523450618538717400,2.02604271222E7,4330.0,481.0,466.0,15.0,0.0,96.88149688149689,3.1185031185031185,0.0,0.8691536243448617,0.09673884682106201,0.1725065471819391,41.94424216154617,50.791685918008646,272.1308087156738,84.79155950880975,187.33924920686405,0.565760517080403,0.17628182850064397,0.3894786885797589,139.1993321684239,0.28939570097385425,51.151625508841725,0.921875,59.0,0.023980815347721823,10.0,0.9760191846522782,407.0,0.078125,5.0,0.855072463768116,0.921875,0.887218045112782,0.8699815047390957,0.9911945443645084,0.9559385234039679,0.9688149688149689,0.07092078416269064,0.9290792158373093,0.031185031185031187,0.9701953390218482,0.9688149688149689,0.9693071094886853,0.8699815047390959,0.9911945443645084,0.9929439639171077,0.9345619779243042,0.9688149688149689,0.705,0.012,0.67,0.02,670.0,20.0,3.3115063E7,1043348.0,161927.0,100.0,70.89397089397089,?,?
DatasetClassiRealeseNormalizedShuffled,2,5,weka.classifiers.meta.FilteredClassifier,'-F \"weka.filters.MultiFilter -F \\\"weka.filters.supervised.instance.Resample -B 1.0 -S 1 -Z 200.0\\\" -S 1\" -S 1 -W weka.classifiers.trees.RandomForest -- -P 100 -I 100 -num-slots 1 -K 0 -M 1.0 -V 0.001 -S 1',-4523450618538717400,2.02604271222E7,4330.0,481.0,461.0,20.0,0.0,95.84199584199584,4.158004158004158,0.0,0.8266479259018993,0.1164571058659271,0.20547634431333672,50.49372832517335,60.499094755728024,272.1308087156738,111.36429989306579,160.76650882260805,0.565760517080403,0.23152661100429478,0.3342339060761082,110.50719041304262,0.22974467861339423,40.608114507351544,0.890625,57.0,0.03117505995203837,13.0,0.9688249400479616,404.0,0.109375,7.0,0.8142857142857143,0.890625,0.8507462686567163,0.8277680682389067,0.9792416067146283,0.8769491974189579,0.9584199584199584,0.09897001837199679,0.9010299816280032,0.04158004158004158,0.9605241079693635,0.9584199584199584,0.9592002025486777,0.8277680682389067,0.9792416067146283,0.9808489091415139,0.9132958396423678,0.9584199584199584,0.739,0.008,0.69,0.01,690.0,10.0,3.4425522E7,1043348.0,161927.0,100.0,74.74012474012474,?,?
DatasetClassiRealeseNormalizedShuffled,2,6,weka.classifiers.meta.FilteredClassifier,'-F \"weka.filters.MultiFilter -F \\\"weka.filters.supervised.instance.Resample -B 1.0 -S 1 -Z 200.0\\\" -S 1\" -S 1 -W weka.classifiers.trees.RandomForest -- -P 100 -I 100 -num-slots 1 -K 0 -M 1.0 -V 0.001 -S 1',-4523450618538717400,2.02604271222E7,4330.0,481.0,462.0,19.0,0.0,96.04989604989605,3.95010395010395,0.0,0.8403919034562254,0.1065809456077005,0.18754914772322084,46.21160101944342,55.22072965324168,272.1308087156738,96.10608788436127,176.02472083131255,0.565760517080403,0.1998047565163436,0.3659557605640594,119.4320039761272,0.24829938456575304,43.88771875547229,0.9375,60.0,0.03597122302158273,15.0,0.9640287769784173,402.0,0.0625,4.0,0.8,0.9375,0.8633093525179856,0.844002941148128,0.9902952637889688,0.9436582958861622,0.9604989604989606,0.058970183520543236,0.9410298164794568,0.0395010395010395,0.9648474545026269,0.9604989604989606,0.9617979710552068,0.844002941148128,0.9902952637889688,0.9912217806829147,0.9201115413865748,0.9604989604989606,0.7,0.007,0.68,0.01,680.0,10.0,3.4147451E7,1043348.0,161927.0,100.0,73.28482328482329,?,?
DatasetClassiRealeseNormalizedShuffled,2,7,weka.classifiers.meta.FilteredClassifier,'-F \"weka.filters.MultiFilter -F \\\"weka.filters.supervised.instance.Resample -B 1.0 -S 1 -Z 200.0\\\" -S 1\" -S 1 -W weka.classifiers.trees.RandomForest -- -P 100 -I 100 -num-slots 1 -K 0 -M 1.0 -V 0.001 -S 1',-4523450618538717400,2.02604271222E7,4330.0,481.0,457.0,24.0,0.0,95.01039501039502,4.98960498960499,0.0,0.80205082478823,0.10467256566546401,0.19896795016702518,45.38416144306037,58.58280626285469,272.1308087156738,104.7312437003307,167.39956501534311,0.565760517080403,0.2177364733894609,0.34802404369094203,122.29562576410778,0.2542528602164403,44.94001481908062,0.921875,59.0,0.045563549160671464,19.0,0.9544364508393285,398.0,0.078125,5.0,0.7564102564102564,0.921875,0.8309859154929576,0.8074519296638835,0.9819769184652278,0.9075497609137576,0.9501039501039501,0.07379249926462157,0.9262075007353785,0.0498960498960499,0.9568327632843762,0.9501039501039501,0.9521376726460891,0.8074519296638835,0.9819769184652278,0.9851220022714626,0.9008588114050153,0.9501039501039501,0.698,0.008,0.68,0.0,680.0,0.0,3.3309767E7,1043348.0,161927.0,99.79209979209979,71.72557172557173,?,?
DatasetClassiRealeseNormalizedShuffled,2,8,weka.classifiers.meta.FilteredClassifier,'-F \"weka.filters.MultiFilter -F \\\"weka.filters.supervised.instance.Resample -B 1.0 -S 1 -Z 200.0\\\" -S 1\" -S 1 -W weka.classifiers.trees.RandomForest -- -P 100 -I 100 -num-slots 1 -K 0 -M 1.0 -V 0.001 -S 1',-4523450618538717400,2.02604271222E7,4330.0,481.0,467.0,14.0,0.0,97.0893970893971,2.9106029106029108,0.0,0.8786535481313296,0.09517063541898903,0.1836335781481982,41.26429360964007,54.06785526503131,272.1308087156738,93.91536375238135,178.21544496329247,0.565760517080403,0.19525023649143733,0.3705102805889656,138.93324712586715,0.28884250961718744,51.053847148569865,0.9375,60.0,0.023980815347721823,10.0,0.9760191846522782,407.0,0.0625,4.0,0.8571428571428571,0.9375,0.8955223880597014,0.8798441602504489,0.9826139088729017,0.893545436051393,0.9708939708939709,0.05737478624169272,0.9426252137583073,0.029106029106029108,0.9725545710947171,0.9708939708939709,0.9714401417840742,0.8798441602504489,0.9826139088729017,0.9833768330101595,0.9393070877496574,0.9708939708939709,0.663,0.008,0.64,0.01,640.0,10.0,3.0360423E7,1043348.0,161927.0,99.37629937629937,69.64656964656965,?,?
DatasetClassiRealeseNormalizedShuffled,2,9,weka.classifiers.meta.FilteredClassifier,'-F \"weka.filters.MultiFilter -F \\\"weka.filters.supervised.instance.Resample -B 1.0 -S 1 -Z 200.0\\\" -S 1\" -S 1 -W weka.classifiers.trees.RandomForest -- -P 100 -I 100 -num-slots 1 -K 0 -M 1.0 -V 0.001 -S 1',-4523450618538717400,2.02604271222E7,4330.0,481.0,455.0,26.0,0.0,94.5945945945946,5.405405405405405,0.0,0.7881200867443752,0.10964986818043729,0.20391037769666212,47.54223122432903,60.03802191036908,272.1308087156738,104.31894355406976,167.81186516160406,0.565760517080403,0.21687930052821155,0.3488812165521914,112.69471909975086,0.23429255530093732,41.411966411159234,0.921875,59.0,0.050359712230215826,21.0,0.9496402877697842,396.0,0.078125,5.0,0.7375,0.921875,0.8194444444444445,0.7949061268907781,0.9837005395683454,0.9212823743108772,0.9459459459459459,0.07443065817616178,0.9255693418238383,0.05405405405405406,0.9542629911707218,0.9459459459459459,0.9484203029435303,0.7949061268907781,0.9837005395683454,0.9872919322371431,0.8938298016843249,0.9459459459459459,0.688,0.007,0.67,0.01,670.0,10.0,3.1417435E7,1043348.0,161927.0,100.0,71.51767151767152,?,?
DatasetClassiRealeseNormalizedShuffled,2,10,weka.classifiers.meta.FilteredClassifier,'-F \"weka.filters.MultiFilter -F \\\"weka.filters.supervised.instance.Resample -B 1.0 -S 1 -Z 200.0\\\" -S 1\" -S 1 -W weka.classifiers.trees.RandomForest -- -P 100 -I 100 -num-slots 1 -K 0 -M 1.0 -V 0.001 -S 1',-4523450618538717400,2.02604271222E7,4330.0,481.0,452.0,29.0,0.0,93.97089397089397,6.029106029106029,0.0,0.7563876421173965,0.10976565938332851,0.21112000615069698,47.59243622897654,62.1607771912841,272.1308087156738,107.98072796906553,164.1500807466083,0.565760517080403,0.22449215793984517,0.3412683591405578,109.71710964715857,0.22810209905854173,40.317783262016675,0.859375,55.0,0.047961630695443645,20.0,0.9520383693045563,397.0,0.140625,9.0,0.7333333333333333,0.859375,0.79136690647482,0.759637726124801,0.9814148681055156,0.9146628410771698,0.9397089397089398,0.12829557040438336,0.8717044295956167,0.060291060291060294,0.9453003970245349,0.9397089397089398,0.9416916400316314,0.7596377261248008,0.9814148681055156,0.9860996685154739,0.8780649842216142,0.9397089397089398,0.697,0.008,0.68,0.01,680.0,10.0,2.9990511E7,1043348.0,161927.0,100.0,70.58212058212058,?,?
DatasetClassiRealeseNormalizedShuffled,3,1,weka.classifiers.meta.FilteredClassifier,'-F \"weka.filters.MultiFilter -F \\\"weka.filters.supervised.instance.Resample -B 1.0 -S 1 -Z 200.0\\\" -S 1\" -S 1 -W weka.classifiers.trees.RandomForest -- -P 100 -I 100 -num-slots 1 -K 0 -M 1.0 -V 0.001 -S 1',-4523450618538717400,2.02604271222E7,4329.0,482.0,462.0,20.0,0.0,95.850622406639,4.149377593360996,0.0,0.833079373874498,0.0974503855067522,0.18270022839225408,42.2857715556272,53.84035487527427,272.3366817903761,90.18136702722535,182.15531476315073,0.565013862635635,0.18709827184071648,0.37791559079491854,133.92238110104526,0.27784726369511464,49.17530030131176,0.9375,60.0,0.03827751196172249,16.0,0.9617224880382775,402.0,0.0625,4.0,0.7894736842105263,0.9375,0.8571428571428572,0.8372891708955843,0.9891596889952153,0.9518239564687343,0.9585062240663901,0.05928373602811253,0.9407162639718875,0.04149377593360996,0.9635022597271545,0.9585062240663901,0.9599823896041114,0.8372891708955843,0.9891596889952153,0.9921064624105512,0.9164355062413315,0.9585062240663901,0.737,0.008,0.7,0.01,700.0,10.0,3.4370129E7,1043119.0,162156.0,100.0,71.78423236514523,?,?
DatasetClassiRealeseNormalizedShuffled,3,2,weka.classifiers.meta.FilteredClassifier,'-F \"weka.filters.MultiFilter -F \\\"weka.filters.supervised.instance.Resample -B 1.0 -S 1 -Z 200.0\\\" -S 1\" -S 1 -W weka.classifiers.trees.RandomForest -- -P 100 -I 100 -num-slots 1 -K 0 -M 1.0 -V 0.001 -S 1',-4523450618538717400,2.02604271222E7,4330.0,481.0,462.0,19.0,0.0,96.04989604989605,3.95010395010395,0.0,0.8342973183689013,0.09585074308001985,0.18248315507352217,41.80492066995002,54.08789244226686,269.42867131105754,89.17033702086222,180.2583342901953,0.5601427677984564,0.18538531605168862,0.3747574517467678,139.269241999786,0.2895410436585988,51.690579670713134,0.9047619047619048,57.0,0.03110047846889952,13.0,0.9688995215311005,405.0,0.09523809523809523,6.0,0.8142857142857143,0.9047619047619048,0.857142857142857,0.8358563495883359,0.9869370395686186,0.9228169839766126,0.9604989604989606,0.08683753420595526,0.9131624657940447,0.0395010395010395,0.962989210434466,0.9604989604989606,0.9613716899603509,0.8358563495883359,0.9869370395686184,0.9881773616731951,0.9171118387041185,0.9604989604989606,0.746,0.007,0.71,0.01,710.0,10.0,3.4185814E7,1043348.0,161927.0,99.79209979209979,70.37422037422037,?,?
DatasetClassiRealeseNormalizedShuffled,3,3,weka.classifiers.meta.FilteredClassifier,'-F \"weka.filters.MultiFilter -F \\\"weka.filters.supervised.instance.Resample -B 1.0 -S 1 -Z 200.0\\\" -S 1\" -S 1 -W weka.classifiers.trees.RandomForest -- -P 100 -I 100 -num-slots 1 -K 0 -M 1.0 -V 0.001 -S 1',-4523450618538717400,2.02604271222E7,4330.0,481.0,453.0,28.0,0.0,94.17879417879418,5.8212058212058215,0.0,0.7541797473899394,0.10925279557660882,0.21843983254643637,47.37006761066198,64.31597842474585,272.1308087156738,116.27879360647775,155.8520151091961,0.565760517080403,0.24174385365172088,0.3240166634286821,112.60746722476867,0.23411115847145253,41.379903935251434,0.8125,52.0,0.03836930455635491,16.0,0.9616306954436451,401.0,0.1875,12.0,0.7647058823529411,0.8125,0.787878787878788,0.7546452113100576,0.9632044364508393,0.8639819773533675,0.9417879417879418,0.1676572463442967,0.8323427536557033,0.058212058212058215,0.9435030222667311,0.9417879417879418,0.9425296726501546,0.7546452113100576,0.9632044364508393,0.9765434498777678,0.8770719240598759,0.9417879417879418,0.68,0.008,0.67,0.01,670.0,10.0,3.0249584E7,1043348.0,161927.0,99.79209979209979,69.75051975051976,?,?
DatasetClassiRealeseNormalizedShuffled,3,4,weka.classifiers.meta.FilteredClassifier,'-F \"weka.filters.MultiFilter -F \\\"weka.filters.supervised.instance.Resample -B 1.0 -S 1 -Z 200.0\\\" -S 1\" -S 1 -W weka.classifiers.trees.RandomForest -- -P 100 -I 100 -num-slots 1 -K 0 -M 1.0 -V 0.001 -S 1',-4523450618538717400,2.02604271222E7,4330.0,481.0,459.0,22.0,0.0,95.42619542619542,4.573804573804574,0.0,0.8140442132639791,0.10566654860447684,0.19369273821628397,45.81513475387021,57.02960777311628,272.1308087156738,98.78230338298941,173.3485053326844,0.565760517080403,0.2053686141018491,0.36039190297855384,112.14510472065888,0.23314990586415568,41.20999943002767,0.90625,58.0,0.03836930455635491,16.0,0.9616306954436451,401.0,0.09375,6.0,0.7837837837837838,0.90625,0.8405797101449275,0.8169678728941436,0.9844124700239808,0.9473997520314514,0.9542619542619543,0.08638125881830917,0.9136187411816908,0.04573804573804574,0.9584506070992557,0.9542619542619543,0.9556415931468697,0.8169678728941436,0.9844124700239808,0.9906454938916059,0.906940340509357,0.9542619542619543,0.67,0.008,0.66,0.01,660.0,10.0,3.1093756E7,1043348.0,161927.0,100.0,71.62162162162163,?,?
DatasetClassiRealeseNormalizedShuffled,3,5,weka.classifiers.meta.FilteredClassifier,'-F \"weka.filters.MultiFilter -F \\\"weka.filters.supervised.instance.Resample -B 1.0 -S 1 -Z 200.0\\\" -S 1\" -S 1 -W weka.classifiers.trees.RandomForest -- -P 100 -I 100 -num-slots 1 -K 0 -M 1.0 -V 0.001 -S 1',-4523450618538717400,2.02604271222E7,4330.0,481.0,451.0,30.0,0.0,93.76299376299376,6.237006237006237,0.0,0.7584128578603716,0.11970292890617243,0.21789784691541547,51.90105942418264,64.15639976299308,272.1308087156738,120.15369039825444,151.97711831741938,0.565760517080403,0.24979977213774313,0.31596074494265985,95.69998668672025,0.19896047128216268,35.16690636329566,0.90625,58.0,0.05755395683453238,24.0,0.9424460431654677,393.0,0.09375,6.0,0.7073170731707317,0.90625,0.7945205479452054,0.7665082222322296,0.979916067146283,0.8738814003033769,0.9376299376299376,0.08893389446447,0.91106610553553,0.062370062370062374,0.9480199916656913,0.9376299376299376,0.9407867624023949,0.7665082222322296,0.9799160671462829,0.9805564350713855,0.8788779210314263,0.9376299376299376,0.682,0.007,0.66,0.01,660.0,10.0,2.9858821E7,1043348.0,161927.0,99.37629937629937,73.5966735966736,?,?
DatasetClassiRealeseNormalizedShuffled,3,6,weka.classifiers.meta.FilteredClassifier,'-F \"weka.filters.MultiFilter -F \\\"weka.filters.supervised.instance.Resample -B 1.0 -S 1 -Z 200.0\\\" -S 1\" -S 1 -W weka.classifiers.trees.RandomForest -- -P 100 -I 100 -num-slots 1 -K 0 -M 1.0 -V 0.001 -S 1',-4523450618538717400,2.02604271222E7,4330.0,481.0,469.0,12.0,0.0,97.5051975051975,2.494802494802495,0.0,0.8959887555411395,0.10124947470898774,0.17228925736245443,43.899970130701455,50.72770854181778,272.1308087156738,88.16955831518555,183.96125040048827,0.565760517080403,0.1833046950419658,0.38245582203843714,133.31087849915,0.2771535935533264,48.98779345429981,0.953125,61.0,0.02158273381294964,9.0,0.9784172661870504,408.0,0.046875,3.0,0.8714285714285714,0.953125,0.9104477611940298,0.8972028575876295,0.9938549160671463,0.9522264168550252,0.975051975051975,0.04350970886492469,0.9564902911350753,0.02494802494802495,0.976564725469835,0.975051975051975,0.9755201215292065,0.8972028575876295,0.9938549160671463,0.9928579802792468,0.9479775037854208,0.975051975051975,0.707,0.008,0.69,0.0,690.0,0.0,3.494091E7,1043348.0,161927.0,100.0,74.32432432432432,?,?
DatasetClassiRealeseNormalizedShuffled,3,7,weka.classifiers.meta.FilteredClassifier,'-F \"weka.filters.MultiFilter -F \\\"weka.filters.supervised.instance.Resample -B 1.0 -S 1 -Z 200.0\\\" -S 1\" -S 1 -W weka.classifiers.trees.RandomForest -- -P 100 -I 100 -num-slots 1 -K 0 -M 1.0 -V 0.001 -S 1',-4523450618538717400,2.02604271222E7,4330.0,481.0,464.0,17.0,0.0,96.46569646569647,3.5343035343035343,0.0,0.855409969409227,0.09801668076653557,0.18022819950361121,42.49828821659504,53.06519811738501,272.1308087156738,89.8928368081213,182.23797190755252,0.565760517080403,0.1868873946114788,0.3788731224689242,134.75722365582686,0.2801605481410122,49.51928239651217,0.9375,60.0,0.03117505995203837,13.0,0.9688249400479616,404.0,0.0625,4.0,0.821917808219178,0.9375,0.8759124087591241,0.8579271936654517,0.9899955035971223,0.9446866614820982,0.9646569646569647,0.05833202460900303,0.941667975390997,0.035343035343035345,0.9678056225195629,0.9646569646569647,0.965625087084941,0.8579271936654518,0.9899955035971223,0.9913004469007282,0.9276531740765317,0.9646569646569647,0.709,0.007,0.69,0.01,690.0,10.0,3.3974528E7,1043348.0,161927.0,100.0,72.24532224532224,?,?
DatasetClassiRealeseNormalizedShuffled,3,8,weka.classifiers.meta.FilteredClassifier,'-F \"weka.filters.MultiFilter -F \\\"weka.filters.supervised.instance.Resample -B 1.0 -S 1 -Z 200.0\\\" -S 1\" -S 1 -W weka.classifiers.trees.RandomForest -- -P 100 -I 100 -num-slots 1 -K 0 -M 1.0 -V 0.001 -S 1',-4523450618538717400,2.02604271222E7,4330.0,481.0,459.0,22.0,0.0,95.42619542619542,4.573804573804574,0.0,0.8093127184920893,0.11238811002217027,0.20912594498195017,48.72948414991921,61.57365901960412,272.1308087156738,113.69080416547943,158.44000455019437,0.565760517080403,0.23636341822344997,0.32939709885695295,104.10241005859542,0.21642912694094682,38.25454771178192,0.875,56.0,0.03357314148681055,14.0,0.9664268585131894,403.0,0.125,8.0,0.8,0.875,0.8358208955223881,0.8104093709017259,0.9737709832134293,0.8750730840086769,0.9542619542619543,0.11283509574876481,0.8871649042512352,0.04573804573804574,0.9565139535942456,0.9542619542619543,0.9551202228035452,0.8104093709017259,0.9737709832134293,0.9795963571136806,0.9046254236066047,0.9542619542619543,0.706,0.008,0.69,0.01,690.0,10.0,3.2450322E7,1043348.0,161927.0,99.58419958419958,70.79002079002079,?,?
DatasetClassiRealeseNormalizedShuffled,3,9,weka.classifiers.meta.FilteredClassifier,'-F \"weka.filters.MultiFilter -F \\\"weka.filters.supervised.instance.Resample -B 1.0 -S 1 -Z 200.0\\\" -S 1\" -S 1 -W weka.classifiers.trees.RandomForest -- -P 100 -I 100 -num-slots 1 -K 0 -M 1.0 -V 0.001 -S 1',-4523450618538717400,2.02604271222E7,4330.0,481.0,469.0,12.0,0.0,97.5051975051975,2.494802494802495,0.0,0.8959887555411395,0.0871592925361113,0.16376994694861197,37.790717926645236,48.21933917354368,272.1308087156738,79.13017006602138,193.00063864965244,0.565760517080403,0.1645117880790465,0.40124872900135644,153.1003672230988,0.31829598175280416,56.25984354570462,0.953125,61.0,0.02158273381294964,9.0,0.9784172661870504,408.0,0.046875,3.0,0.8714285714285714,0.953125,0.9104477611940298,0.8972028575876295,0.9921312949640287,0.9473136596186786,0.975051975051975,0.04350970886492469,0.9564902911350753,0.02494802494802495,0.976564725469835,0.975051975051975,0.9755201215292065,0.8972028575876295,0.9921312949640287,0.9919604166484771,0.9479775037854208,0.975051975051975,0.696,0.007,0.67,0.0,670.0,0.0,3.0607561E7,1043348.0,161927.0,99.79209979209979,70.997920997921,?,?
DatasetClassiRealeseNormalizedShuffled,3,10,weka.classifiers.meta.FilteredClassifier,'-F \"weka.filters.MultiFilter -F \\\"weka.filters.supervised.instance.Resample -B 1.0 -S 1 -Z 200.0\\\" -S 1\" -S 1 -W weka.classifiers.trees.RandomForest -- -P 100 -I 100 -num-slots 1 -K 0 -M 1.0 -V 0.001 -S 1',-4523450618538717400,2.02604271222E7,4330.0,481.0,458.0,23.0,0.0,95.21829521829522,4.781704781704781,0.0,0.8067901989206939,0.10222367119821055,0.18753763427061784,44.32236438905428,55.21733970846569,272.1308087156738,92.39891622926436,179.73189248640946,0.565760517080403,0.19209753893817955,0.37366297814222343,124.23366774582772,0.25828205352562933,45.65218775931718,0.90625,58.0,0.0407673860911271,17.0,0.9592326139088729,400.0,0.09375,6.0,0.7733333333333333,0.90625,0.8345323741007193,0.8102568551387972,0.9887964628297362,0.9478077015525798,0.9521829521829522,0.08670033827407927,0.9132996617259207,0.04781704781704782,0.9570286315113902,0.9521829521829522,0.9537554386457767,0.8102568551387971,0.9887964628297362,0.9915186600470737,0.9032929185205906,0.9521829521829522,0.712,0.007,0.69,0.0,690.0,0.0,3.3779363E7,1043348.0,161927.0,100.0,71.93347193347194,?,?
DatasetClassiRealeseNormalizedShuffled,4,1,weka.classifiers.meta.FilteredClassifier,'-F \"weka.filters.MultiFilter -F \\\"weka.filters.supervised.instance.Resample -B 1.0 -S 1 -Z 200.0\\\" -S 1\" -S 1 -W weka.classifiers.trees.RandomForest -- -P 100 -I 100 -num-slots 1 -K 0 -M 1.0 -V 0.001 -S 1',-4523450618538717400,2.02604271222E7,4329.0,482.0,462.0,20.0,0.0,95.850622406639,4.149377593360996,0.0,0.8221795912344132,0.10146589545145777,0.18730482574690677,44.02818576279731,55.197294370171804,272.3366817903761,94.24989314720092,178.08678864317517,0.565013862635635,0.19553919740083178,0.36947466523480327,134.2541865392559,0.27853565672044794,49.297136785486174,0.859375,55.0,0.02631578947368421,11.0,0.9736842105263158,407.0,0.140625,9.0,0.8333333333333334,0.859375,0.8461538461538461,0.8223096090643606,0.9850852272727273,0.9295616580251171,0.9585062240663901,0.12544701354007426,0.8745529864599257,0.04149377593360996,0.9591080168102989,0.9585062240663901,0.9587756542292498,0.8223096090643606,0.9850852272727273,0.9886222856497249,0.9110865154030622,0.9585062240663901,0.695,0.007,0.68,0.01,680.0,10.0,3.4599896E7,1043119.0,162156.0,100.0,73.02904564315352,?,?
DatasetClassiRealeseNormalizedShuffled,4,2,weka.classifiers.meta.FilteredClassifier,'-F \"weka.filters.MultiFilter -F \\\"weka.filters.supervised.instance.Resample -B 1.0 -S 1 -Z 200.0\\\" -S 1\" -S 1 -W weka.classifiers.trees.RandomForest -- -P 100 -I 100 -num-slots 1 -K 0 -M 1.0 -V 0.001 -S 1',-4523450618538717400,2.02604271222E7,4330.0,481.0,463.0,18.0,0.0,96.25779625779626,3.7422037422037424,0.0,0.8497865991186371,0.09433661068727987,0.17166571093185048,41.144537844232616,50.8816087992685,269.42867131105754,82.9412711722814,186.48740013877614,0.5601427677984564,0.17243507520224824,0.3877076925962082,139.60490713061702,0.29023889216344495,51.815163713383,0.9682539682539683,61.0,0.03827751196172249,16.0,0.9617224880382775,402.0,0.031746031746031744,2.0,0.7922077922077922,0.9682539682539683,0.8714285714285714,0.8556463939043251,0.9947216526163895,0.9680647735998068,0.9625779625779626,0.03260150628571681,0.9673984937142832,0.037422037422037424,0.9684818793729685,0.9625779625779626,0.9641303852982684,0.8556463939043251,0.9947216526163893,0.9951332005778145,0.9247653806047966,0.9625779625779626,0.855,0.007,0.67,0.0,670.0,0.0,3.3206233E7,1043348.0,161927.0,100.0,71.62162162162163,?,?
DatasetClassiRealeseNormalizedShuffled,4,3,weka.classifiers.meta.FilteredClassifier,'-F \"weka.filters.MultiFilter -F \\\"weka.filters.supervised.instance.Resample -B 1.0 -S 1 -Z 200.0\\\" -S 1\" -S 1 -W weka.classifiers.trees.RandomForest -- -P 100 -I 100 -num-slots 1 -K 0 -M 1.0 -V 0.001 -S 1',-4523450618538717400,2.02604271222E7,4330.0,481.0,459.0,22.0,0.0,95.42619542619542,4.573804573804574,0.0,0.8140442132639791,0.10284497184280929,0.195142694825924,44.59174929024477,57.45652339988322,272.1308087156738,102.93184996777387,169.19895874789995,0.565760517080403,0.21399553007853195,0.351764987001871,127.12205421589985,0.2642870150018708,46.713584109000614,0.90625,58.0,0.03836930455635491,16.0,0.9616306954436451,401.0,0.09375,6.0,0.7837837837837838,0.90625,0.8405797101449275,0.8169678728941436,0.9837005395683454,0.8818737565828914,0.9542619542619543,0.08638125881830917,0.9136187411816908,0.04573804573804574,0.9584506070992557,0.9542619542619543,0.9556415931468697,0.8169678728941436,0.9837005395683454,0.9821524782820348,0.906940340509357,0.9542619542619543,0.714,0.008,0.69,0.0,690.0,0.0,3.1001386E7,1043348.0,161927.0,99.79209979209979,71.41372141372142,?,?
DatasetClassiRealeseNormalizedShuffled,4,4,weka.classifiers.meta.FilteredClassifier,'-F \"weka.filters.MultiFilter -F \\\"weka.filters.supervised.instance.Resample -B 1.0 -S 1 -Z 200.0\\\" -S 1\" -S 1 -W weka.classifiers.trees.RandomForest -- -P 100 -I 100 -num-slots 1 -K 0 -M 1.0 -V 0.001 -S 1',-4523450618538717400,2.02604271222E7,4330.0,481.0,459.0,22.0,0.0,95.42619542619542,4.573804573804574,0.0,0.8117081850533808,0.11303066175406179,0.20441460011421048,49.00808314431937,60.18648182150465,272.1308087156738,111.42855864076255,160.70225007491126,0.565760517080403,0.2316602050743504,0.3341003120060525,111.8951708914344,0.23263029291358503,41.11815616156276,0.890625,57.0,0.03597122302158273,15.0,0.9640287769784173,402.0,0.109375,7.0,0.7916666666666666,0.890625,0.8382352941176471,0.8136175886239345,0.9773681055155875,0.8728846119502854,0.9542619542619543,0.09960817728353699,0.900391822716463,0.04573804573804574,0.9574423021855785,0.9542619542619543,0.955385699154393,0.8136175886239345,0.9773681055155875,0.97997159173455,0.9058004557755306,0.9542619542619543,0.724,0.007,0.69,0.0,690.0,0.0,3.3717858E7,1043348.0,161927.0,99.58419958419958,72.55717255717256,?,?
DatasetClassiRealeseNormalizedShuffled,4,5,weka.classifiers.meta.FilteredClassifier,'-F \"weka.filters.MultiFilter -F \\\"weka.filters.supervised.instance.Resample -B 1.0 -S 1 -Z 200.0\\\" -S 1\" -S 1 -W weka.classifiers.trees.RandomForest -- -P 100 -I 100 -num-slots 1 -K 0 -M 1.0 -V 0.001 -S 1',-4523450618538717400,2.02604271222E7,4330.0,481.0,461.0,20.0,0.0,95.84199584199584,4.158004158004158,0.0,0.8266479259018993,0.10958223357959883,0.20925003016461066,47.51290606520949,61.61019383945721,272.1308087156738,116.07226153271306,156.05854718296075,0.565760517080403,0.2413144730409835,0.32444604403941946,118.03947789295269,0.24540431994376857,43.37600672633947,0.890625,57.0,0.03117505995203837,13.0,0.9688249400479616,404.0,0.109375,7.0,0.8142857142857143,0.890625,0.8507462686567163,0.8277680682389067,0.9735461630695443,0.8403239604202929,0.9584199584199584,0.09897001837199679,0.9010299816280032,0.04158004158004158,0.9605241079693635,0.9584199584199584,0.9592002025486777,0.8277680682389067,0.9735461630695443,0.9751401045910301,0.9132958396423678,0.9584199584199584,0.704,0.007,0.69,0.01,690.0,10.0,3.2716899E7,1043348.0,161927.0,99.37629937629937,70.27027027027027,?,?
DatasetClassiRealeseNormalizedShuffled,4,6,weka.classifiers.meta.FilteredClassifier,'-F \"weka.filters.MultiFilter -F \\\"weka.filters.supervised.instance.Resample -B 1.0 -S 1 -Z 200.0\\\" -S 1\" -S 1 -W weka.classifiers.trees.RandomForest -- -P 100 -I 100 -num-slots 1 -K 0 -M 1.0 -V 0.001 -S 1',-4523450618538717400,2.02604271222E7,4330.0,481.0,461.0,20.0,0.0,95.84199584199584,4.158004158004158,0.0,0.8330208984239394,0.10410671032359174,0.1934978840383058,45.13881663828099,56.972236198707336,272.1308087156738,99.35547151178724,172.77533720388658,0.565760517080403,0.20656023183323752,0.35920028524716546,123.37417115333987,0.25649515832295194,45.33634825678374,0.9375,60.0,0.03836930455635491,16.0,0.9616306954436451,401.0,0.0625,4.0,0.7894736842105263,0.9375,0.8571428571428572,0.8372333722169654,0.9852742805755396,0.9294713250053884,0.9584199584199584,0.05928926297631333,0.9407107370236867,0.04158004158004158,0.9634257739520898,0.9584199584199584,0.9598984562488213,0.8372333722169654,0.9852742805755396,0.9885822539341648,0.9164059784497742,0.9584199584199584,0.818,0.008,0.58,0.01,580.0,10.0,3.2419206E7,1043348.0,161927.0,100.0,72.66112266112266,?,?
DatasetClassiRealeseNormalizedShuffled,4,7,weka.classifiers.meta.FilteredClassifier,'-F \"weka.filters.MultiFilter -F \\\"weka.filters.supervised.instance.Resample -B 1.0 -S 1 -Z 200.0\\\" -S 1\" -S 1 -W weka.classifiers.trees.RandomForest -- -P 100 -I 100 -num-slots 1 -K 0 -M 1.0 -V 0.001 -S 1',-4523450618538717400,2.02604271222E7,4330.0,481.0,457.0,24.0,0.0,95.01039501039502,4.98960498960499,0.0,0.7971391417425228,0.11037101787954663,0.19899486708615538,47.854908898377786,58.590731502358196,272.1308087156738,104.63152838878786,167.49928032688598,0.565760517080403,0.217529165049455,0.34823135203094796,111.36162338942589,0.23152104654766298,40.922093281168365,0.890625,57.0,0.0407673860911271,17.0,0.9592326139088729,400.0,0.109375,7.0,0.7702702702702703,0.890625,0.8260869565217391,0.8000020863963418,0.9886465827338129,0.9281595833239207,0.9501039501039501,0.1002463361950772,0.8997536638049228,0.0498960498960499,0.9545224680359815,0.9501039501039501,0.951609010705676,0.8000020863963418,0.9886465827338129,0.9889482079225191,0.8984803714647531,0.9501039501039501,0.94,0.007,0.68,0.01,680.0,10.0,3.3924502E7,1043348.0,161927.0,99.79209979209979,73.28482328482329,?,?
DatasetClassiRealeseNormalizedShuffled,4,8,weka.classifiers.meta.FilteredClassifier,'-F \"weka.filters.MultiFilter -F \\\"weka.filters.supervised.instance.Resample -B 1.0 -S 1 -Z 200.0\\\" -S 1\" -S 1 -W weka.classifiers.trees.RandomForest -- -P 100 -I 100 -num-slots 1 -K 0 -M 1.0 -V 0.001 -S 1',-4523450618538717400,2.02604271222E7,4330.0,481.0,461.0,20.0,0.0,95.84199584199584,4.158004158004158,0.0,0.8266479259018993,0.09954973396973667,0.18677742777189232,43.16299279923848,54.99350953884683,272.1308087156738,91.5691349080462,180.56167380762764,0.565760517080403,0.1903724218462499,0.3753880952341531,128.22056674331077,0.2665708248301679,47.117254877700184,0.890625,57.0,0.03117505995203837,13.0,0.9688249400479616,404.0,0.109375,7.0,0.8142857142857143,0.890625,0.8507462686567163,0.8277680682389067,0.9846372901678657,0.9339612971991563,0.9584199584199584,0.09897001837199679,0.9010299816280032,0.04158004158004158,0.9605241079693635,0.9584199584199584,0.9592002025486777,0.8277680682389067,0.9846372901678657,0.9890674989948133,0.9132958396423678,0.9584199584199584,0.694,0.007,0.68,0.0,680.0,0.0,3.4477267E7,1043348.0,161927.0,100.0,70.27027027027027,?,?
DatasetClassiRealeseNormalizedShuffled,4,9,weka.classifiers.meta.FilteredClassifier,'-F \"weka.filters.MultiFilter -F \\\"weka.filters.supervised.instance.Resample -B 1.0 -S 1 -Z 200.0\\\" -S 1\" -S 1 -W weka.classifiers.trees.RandomForest -- -P 100 -I 100 -num-slots 1 -K 0 -M 1.0 -V 0.001 -S 1',-4523450618538717400,2.02604271222E7,4330.0,481.0,467.0,14.0,0.0,97.0893970893971,2.9106029106029108,0.0,0.8754853740616102,0.10150819373625405,0.17400116210881306,44.01214609607688,51.23175044410506,272.1308087156738,88.71423735996879,183.41657135570503,0.565760517080403,0.18443708390845903,0.38132343317194395,130.75244898712768,0.2718346132788517,48.047646499202415,0.90625,58.0,0.019184652278177457,8.0,0.9808153477218226,409.0,0.09375,6.0,0.8787878787878788,0.90625,0.8923076923076922,0.875623911333405,0.9917565947242206,0.9457846328423335,0.9708939708939709,0.08382862317214836,0.9161713768278517,0.029106029106029108,0.971337855675205,0.9708939708939709,0.9710828802174954,0.875623911333405,0.9917565947242206,0.9917090357099245,0.9377403846153846,0.9708939708939709,0.733,0.008,0.7,0.01,700.0,10.0,3.553967E7,1043348.0,161927.0,100.0,73.07692307692308,?,?
DatasetClassiRealeseNormalizedShuffled,4,10,weka.classifiers.meta.FilteredClassifier,'-F \"weka.filters.MultiFilter -F \\\"weka.filters.supervised.instance.Resample -B 1.0 -S 1 -Z 200.0\\\" -S 1\" -S 1 -W weka.classifiers.trees.RandomForest -- -P 100 -I 100 -num-slots 1 -K 0 -M 1.0 -V 0.001 -S 1',-4523450618538717400,2.02604271222E7,4330.0,481.0,463.0,18.0,0.0,96.25779625779626,3.7422037422037424,0.0,0.8459430604982207,0.10852338949300057,0.19555657612434216,47.05381011524693,57.57838386987699,272.1308087156738,103.89002985730531,168.24077885836851,0.565760517080403,0.2159875880609258,0.34977292901947715,113.45975940435841,0.23588307568473682,41.693096029748986,0.921875,59.0,0.03117505995203837,13.0,0.9688249400479616,404.0,0.078125,5.0,0.8194444444444444,0.921875,0.8676470588235294,0.8479329957113222,0.9869979016786571,0.9250606204673794,0.9625779625779626,0.07187802253000095,0.928121977469999,0.037422037422037424,0.9653776401942661,0.9625779625779626,0.9634973902172307,0.8479329957113222,0.9869979016786571,0.9882678919370115,0.922927645634525,0.9625779625779626,0.69,0.009,0.67,0.0,670.0,0.0,3.2910465E7,1043348.0,161927.0,99.79209979209979,73.8045738045738,?,?
DatasetClassiRealeseNormalizedShuffled,5,1,weka.classifiers.meta.FilteredClassifier,'-F \"weka.filters.MultiFilter -F \\\"weka.filters.supervised.instance.Resample -B 1.0 -S 1 -Z 200.0\\\" -S 1\" -S 1 -W weka.classifiers.trees.RandomForest -- -P 100 -I 100 -num-slots 1 -K 0 -M 1.0 -V 0.001 -S 1',-4523450618538717400,2.02604271222E7,4329.0,482.0,466.0,16.0,0.0,96.6804979253112,3.319502074688797,0.0,0.8613647803264544,0.08451675752762831,0.1686836985926416,36.67359839421054,49.70979113612687,272.3366817903761,78.34804915279518,193.9886326375809,0.565013862635635,0.16254781981907715,0.4024660428165579,158.7627297286516,0.3293832566984473,58.296491197926464,0.921875,59.0,0.02631578947368421,11.0,0.9736842105263158,407.0,0.078125,5.0,0.8428571428571429,0.921875,0.880597014925373,0.8625311822900426,0.9925613038277512,0.9612817045380495,0.966804979253112,0.07124576872679624,0.9287542312732038,0.03319502074688797,0.9686100448316941,0.966804979253112,0.9674281693566861,0.8625311822900426,0.9925613038277511,0.9938537561247586,0.9306599532458191,0.966804979253112,0.724,0.008,0.7,0.01,700.0,10.0,3.176932E7,1043119.0,162156.0,100.0,68.56846473029046,?,?
DatasetClassiRealeseNormalizedShuffled,5,2,weka.classifiers.meta.FilteredClassifier,'-F \"weka.filters.MultiFilter -F \\\"weka.filters.supervised.instance.Resample -B 1.0 -S 1 -Z 200.0\\\" -S 1\" -S 1 -W weka.classifiers.trees.RandomForest -- -P 100 -I 100 -num-slots 1 -K 0 -M 1.0 -V 0.001 -S 1',-4523450618538717400,2.02604271222E7,4330.0,481.0,459.0,22.0,0.0,95.42619542619542,4.573804573804574,0.0,0.816405843367223,0.10078982718658148,0.19117609589070755,43.95908257440854,56.664474635497136,269.42867131105754,94.71166124045837,174.71701007059917,0.5601427677984564,0.19690574062465357,0.36323702717380285,115.37372500141042,0.2398622141401464,42.8216211882701,0.9365079365079365,59.0,0.0430622009569378,18.0,0.9569377990430622,400.0,0.06349206349206349,4.0,0.7662337662337663,0.9365079365079365,0.842857142857143,0.8220354575655762,0.9923293081187818,0.9533363856435543,0.9542619542619543,0.06081621871095555,0.9391837812890445,0.04573804573804574,0.9607777825599607,0.9542619542619543,0.9561593598089949,0.8220354575655762,0.9923293081187818,0.9928945883172211,0.9080465762947515,0.9542619542619543,0.716,0.009,0.69,0.0,690.0,0.0,2.8590909E7,1043348.0,161927.0,100.0,70.37422037422037,?,?
DatasetClassiRealeseNormalizedShuffled,5,3,weka.classifiers.meta.FilteredClassifier,'-F \"weka.filters.MultiFilter -F \\\"weka.filters.supervised.instance.Resample -B 1.0 -S 1 -Z 200.0\\\" -S 1\" -S 1 -W weka.classifiers.trees.RandomForest -- -P 100 -I 100 -num-slots 1 -K 0 -M 1.0 -V 0.001 -S 1',-4523450618538717400,2.02604271222E7,4330.0,481.0,463.0,18.0,0.0,96.25779625779626,3.7422037422037424,0.0,0.847854356306892,0.09821762712745698,0.1873134801988252,42.58541498211831,55.151341267260285,272.1308087156738,94.589204761169,177.5416039545048,0.565760517080403,0.19665115334962371,0.36910936373077924,135.46130042191822,0.28162432520149316,49.778009723055696,0.9375,60.0,0.03357314148681055,14.0,0.9664268585131894,403.0,0.0625,4.0,0.8108108108108109,0.9375,0.8695652173913043,0.850899445889747,0.9831759592326139,0.9211717459023547,0.9625779625779626,0.058651104064773134,0.9413488959352269,0.037422037422037424,0.9663068852258041,0.9625779625779626,0.9637067580292571,0.850899445889747,0.9831759592326139,0.9871161345945763,0.9238602785985648,0.9625779625779626,0.709,0.009,0.69,0.01,690.0,10.0,3.129916E7,1043348.0,161927.0,100.0,70.37422037422037,?,?
DatasetClassiRealeseNormalizedShuffled,5,4,weka.classifiers.meta.FilteredClassifier,'-F \"weka.filters.MultiFilter -F \\\"weka.filters.supervised.instance.Resample -B 1.0 -S 1 -Z 200.0\\\" -S 1\" -S 1 -W weka.classifiers.trees.RandomForest -- -P 100 -I 100 -num-slots 1 -K 0 -M 1.0 -V 0.001 -S 1',-4523450618538717400,2.02604271222E7,4330.0,481.0,462.0,19.0,0.0,96.04989604989605,3.95010395010395,0.0,0.8342612575034913,0.09206318096936081,0.18359946805923474,39.9169566687494,54.057812116214244,272.1308087156738,90.76548625407224,181.36532246160158,0.565760517080403,0.1887016346238508,0.3770588824565521,138.89778689109122,0.28876878771536635,51.04081656414493,0.890625,57.0,0.02877697841726619,12.0,0.9712230215827338,405.0,0.109375,7.0,0.8260869565217391,0.890625,0.8571428571428571,0.8350559024539473,0.9797287170263789,0.9208027917632092,0.9604989604989606,0.09865093891622669,0.9013490610837733,0.0395010395010395,0.9621301741394609,0.9604989604989606,0.9611223386856679,0.8350559024539475,0.979728717026379,0.9864929298832119,0.9171118387041185,0.9604989604989606,0.713,0.01,0.68,0.01,680.0,10.0,2.9787105E7,1043348.0,161927.0,99.79209979209979,69.33471933471934,?,?
DatasetClassiRealeseNormalizedShuffled,5,5,weka.classifiers.meta.FilteredClassifier,'-F \"weka.filters.MultiFilter -F \\\"weka.filters.supervised.instance.Resample -B 1.0 -S 1 -Z 200.0\\\" -S 1\" -S 1 -W weka.classifiers.trees.RandomForest -- -P 100 -I 100 -num-slots 1 -K 0 -M 1.0 -V 0.001 -S 1',-4523450618538717400,2.02604271222E7,4330.0,481.0,456.0,25.0,0.0,94.8024948024948,5.197505197505198,0.0,0.7925472267747781,0.10847420721016884,0.20498510016034457,47.03248555278892,60.35445607890424,272.1308087156738,108.40431942199764,163.7264892936762,0.565760517080403,0.22537280545113855,0.34038771162926446,118.65819741796322,0.24669063912258465,43.603367798733515,0.90625,58.0,0.045563549160671464,19.0,0.9544364508393285,398.0,0.09375,6.0,0.7532467532467533,0.90625,0.822695035460993,0.7971993493575038,0.9816396882494005,0.8991853933177734,0.9480249480249481,0.08733849718561949,0.9126615028143805,0.05197505197505198,0.9542925632034543,0.9480249480249481,0.9500094655198706,0.7971993493575038,0.9816396882494004,0.9841343992854423,0.8961221827731274,0.9480249480249481,0.717,0.008,0.69,0.01,690.0,10.0,3.3872792E7,1043348.0,161927.0,99.79209979209979,72.24532224532224,?,?
DatasetClassiRealeseNormalizedShuffled,5,6,weka.classifiers.meta.FilteredClassifier,'-F \"weka.filters.MultiFilter -F \\\"weka.filters.supervised.instance.Resample -B 1.0 -S 1 -Z 200.0\\\" -S 1\" -S 1 -W weka.classifiers.trees.RandomForest -- -P 100 -I 100 -num-slots 1 -K 0 -M 1.0 -V 0.001 -S 1',-4523450618538717400,2.02604271222E7,4330.0,481.0,457.0,24.0,0.0,95.01039501039502,4.98960498960499,0.0,0.7892969263342338,0.10575512412549327,0.20053469060803558,45.85353952325898,59.04410694792905,272.1308087156738,102.14910887593608,169.98169983973776,0.565760517080403,0.21236820972128084,0.35339230735912214,124.48414527876916,0.2588027968373579,45.74423082277023,0.84375,54.0,0.03357314148681055,14.0,0.9664268585131894,403.0,0.15625,10.0,0.7941176470588235,0.84375,0.8181818181818182,0.7897840638405645,0.9802158273381295,0.9027729900807026,0.9501039501039501,0.13992709159076067,0.8600729084092393,0.0498960498960499,0.9516147133295688,0.9501039501039501,0.9507397194144181,0.7897840638405645,0.9802158273381295,0.984359802238088,0.8946330777656079,0.9501039501039501,0.694,0.009,0.67,0.01,670.0,10.0,3.1224732E7,1043348.0,161927.0,100.0,71.62162162162163,?,?
DatasetClassiRealeseNormalizedShuffled,5,7,weka.classifiers.meta.FilteredClassifier,'-F \"weka.filters.MultiFilter -F \\\"weka.filters.supervised.instance.Resample -B 1.0 -S 1 -Z 200.0\\\" -S 1\" -S 1 -W weka.classifiers.trees.RandomForest -- -P 100 -I 100 -num-slots 1 -K 0 -M 1.0 -V 0.001 -S 1',-4523450618538717400,2.02604271222E7,4330.0,481.0,457.0,24.0,0.0,95.01039501039502,4.98960498960499,0.0,0.7996250781087273,0.11027697305374701,0.21189569341435632,47.81413273578122,62.38916541486168,272.1308087156738,112.10025228802533,160.0305564276485,0.565760517080403,0.23305665756346222,0.3327038595169407,110.96804651709587,0.23070279941184174,40.777465455238804,0.90625,58.0,0.04316546762589928,18.0,0.9568345323741008,399.0,0.09375,6.0,0.7631578947368421,0.90625,0.8285714285714286,0.8036686737641933,0.9773681055155875,0.8865717384871611,0.9501039501039501,0.08701941772984938,0.9129805822701507,0.0498960498960499,0.9556430924851977,0.9501039501039501,0.9518781474985855,0.8036686737641932,0.9773681055155875,0.9818059299355556,0.899687174139729,0.9501039501039501,0.658,0.008,0.63,0.01,630.0,10.0,2.7782973E7,1043348.0,161927.0,99.79209979209979,70.89397089397089,?,?
DatasetClassiRealeseNormalizedShuffled,5,8,weka.classifiers.meta.FilteredClassifier,'-F \"weka.filters.MultiFilter -F \\\"weka.filters.supervised.instance.Resample -B 1.0 -S 1 -Z 200.0\\\" -S 1\" -S 1 -W weka.classifiers.trees.RandomForest -- -P 100 -I 100 -num-slots 1 -K 0 -M 1.0 -V 0.001 -S 1',-4523450618538717400,2.02604271222E7,4330.0,481.0,463.0,18.0,0.0,96.25779625779626,3.7422037422037424,0.0,0.8533139062076444,0.10509237954909247,0.19173050815414083,45.5661852708848,56.45186174177213,272.1308087156738,101.56173512337554,170.56907359229828,0.565760517080403,0.21114705846855622,0.35461345861184673,118.61516203623539,0.24660116847450184,43.58755357250498,0.984375,63.0,0.0407673860911271,17.0,0.9592326139088729,400.0,0.015625,1.0,0.7875,0.984375,0.8749999999999999,0.8606612921230691,0.987822242206235,0.9054696344692866,0.9625779625779626,0.018970348669089677,0.9810296513309104,0.037422037422037424,0.969563616945163,0.9625779625779626,0.9642909789609057,0.8606612921230691,0.987822242206235,0.9858383535359436,0.926497555012225,0.9625779625779626,0.715,0.007,0.67,0.01,670.0,10.0,3.4316876E7,1043348.0,161927.0,99.58419958419958,71.93347193347194,?,?
DatasetClassiRealeseNormalizedShuffled,5,9,weka.classifiers.meta.FilteredClassifier,'-F \"weka.filters.MultiFilter -F \\\"weka.filters.supervised.instance.Resample -B 1.0 -S 1 -Z 200.0\\\" -S 1\" -S 1 -W weka.classifiers.trees.RandomForest -- -P 100 -I 100 -num-slots 1 -K 0 -M 1.0 -V 0.001 -S 1',-4523450618538717400,2.02604271222E7,4330.0,481.0,465.0,16.0,0.0,96.67359667359668,3.3264033264033266,0.0,0.8664167187391515,0.09675167048005691,0.16874313573082647,41.94980227184264,49.6836119606559,272.1308087156738,83.47328089046795,188.65752782520588,0.565760517080403,0.17354112451240739,0.3922193925679956,139.8241436276711,0.2906946852966135,51.381225186363,0.96875,62.0,0.03357314148681055,14.0,0.9664268585131894,403.0,0.03125,2.0,0.8157894736842105,0.96875,0.8857142857142857,0.8707980706697376,0.9964403477218226,0.9797662770900721,0.9667359667359667,0.03155910822277729,0.9684408917772227,0.033264033264033266,0.9712084554189818,0.9667359667359667,0.967918764999057,0.8707980706697376,0.9964403477218226,0.9968340988715383,0.9331247827598192,0.9667359667359667,0.718,0.008,0.7,0.01,700.0,10.0,3.5779206E7,1043348.0,161927.0,100.0,72.86902286902287,?,?
DatasetClassiRealeseNormalizedShuffled,5,10,weka.classifiers.meta.FilteredClassifier,'-F \"weka.filters.MultiFilter -F \\\"weka.filters.supervised.instance.Resample -B 1.0 -S 1 -Z 200.0\\\" -S 1\" -S 1 -W weka.classifiers.trees.RandomForest -- -P 100 -I 100 -num-slots 1 -K 0 -M 1.0 -V 0.001 -S 1',-4523450618538717400,2.02604271222E7,4330.0,481.0,459.0,22.0,0.0,95.42619542619542,4.573804573804574,0.0,0.8140442132639791,0.11502402580550224,0.20678178509505427,49.872370317851555,60.88346009868295,272.1308087156738,111.2005796707021,160.93022904497172,0.565760517080403,0.231186236321626,0.334574280758777,107.04532862311287,0.2225474607549124,39.335982988591105,0.90625,58.0,0.03836930455635491,16.0,0.9616306954436451,401.0,0.09375,6.0,0.7837837837837838,0.90625,0.8405797101449275,0.8169678728941436,0.977667865707434,0.9021276789940629,0.9542619542619543,0.08638125881830917,0.9136187411816908,0.04573804573804574,0.9584506070992557,0.9542619542619543,0.9556415931468697,0.8169678728941436,0.977667865707434,0.9837465496313665,0.906940340509357,0.9542619542619543,0.732,0.008,0.7,0.0,700.0,0.0,3.5492601E7,1043348.0,161927.0,100.0,73.8045738045738,?,?
DatasetClassiRealeseNormalizedShuffled,6,1,weka.classifiers.meta.FilteredClassifier,'-F \"weka.filters.MultiFilter -F \\\"weka.filters.supervised.instance.Resample -B 1.0 -S 1 -Z 200.0\\\" -S 1\" -S 1 -W weka.classifiers.trees.RandomForest -- -P 100 -I 100 -num-slots 1 -K 0 -M 1.0 -V 0.001 -S 1',-4523450618538717400,2.02604271222E7,4329.0,482.0,453.0,29.0,0.0,93.98340248962656,6.016597510373444,0.0,0.7594396447871132,0.11428635441281954,0.21452869303868713,49.59125250757559,63.21995908693343,272.3366817903761,116.04016313580574,156.29651865457032,0.565013862635635,0.2407472264228335,0.3242666362128015,106.71644294878416,0.22140340860743601,39.1854825604897,0.875,56.0,0.050239234449760764,21.0,0.9497607655502392,397.0,0.125,8.0,0.7272727272727273,0.875,0.7943262411347517,0.7638942601117836,0.980300538277512,0.8653533368162363,0.9398340248962656,0.11507325934602633,0.8849267406539737,0.06016597510373444,0.9466569801286261,0.9398340248962656,0.9421324467539808,0.7638942601117835,0.980300538277512,0.9795476683482288,0.8795446515515799,0.9398340248962656,0.698,0.008,0.68,0.01,680.0,10.0,3.0761202E7,1043119.0,162156.0,99.79253112033194,71.88796680497926,?,?
DatasetClassiRealeseNormalizedShuffled,6,2,weka.classifiers.meta.FilteredClassifier,'-F \"weka.filters.MultiFilter -F \\\"weka.filters.supervised.instance.Resample -B 1.0 -S 1 -Z 200.0\\\" -S 1\" -S 1 -W weka.classifiers.trees.RandomForest -- -P 100 -I 100 -num-slots 1 -K 0 -M 1.0 -V 0.001 -S 1',-4523450618538717400,2.02604271222E7,4330.0,481.0,467.0,14.0,0.0,97.0893970893971,2.9106029106029108,0.0,0.8721424774056353,0.1034941356350103,0.1737132923465529,45.13855595688676,51.48851064333508,269.42867131105754,88.79288172587343,180.6357895851841,0.5601427677984564,0.18460058570867657,0.37554218208977985,122.52880251644577,0.2547376351693259,45.47726933448196,0.8888888888888888,56.0,0.01674641148325359,7.0,0.9832535885167464,411.0,0.1111111111111111,7.0,0.8888888888888888,0.8888888888888888,0.8888888888888888,0.8721424774056353,0.9911521227310701,0.9597791193139954,0.9708939708939709,0.09875149348833559,0.9012485065116643,0.029106029106029108,0.9708939708939709,0.9708939708939709,0.9708939708939709,0.8721424774056352,0.9911521227310701,0.9935256159458004,0.9360712387028176,0.9708939708939709,0.7,0.007,0.67,0.01,670.0,10.0,3.6207126E7,1043348.0,161927.0,100.0,73.7006237006237,?,?
DatasetClassiRealeseNormalizedShuffled,6,3,weka.classifiers.meta.FilteredClassifier,'-F \"weka.filters.MultiFilter -F \\\"weka.filters.supervised.instance.Resample -B 1.0 -S 1 -Z 200.0\\\" -S 1\" -S 1 -W weka.classifiers.trees.RandomForest -- -P 100 -I 100 -num-slots 1 -K 0 -M 1.0 -V 0.001 -S 1',-4523450618538717400,2.02604271222E7,4330.0,481.0,465.0,16.0,0.0,96.67359667359668,3.3264033264033266,0.0,0.8613183407215195,0.11321418991871339,0.19013047414647435,49.08765768996027,55.98075831930424,272.1308087156738,101.2520141263702,170.87879458930362,0.565760517080403,0.21050314787187152,0.35525736920853146,113.575991031861,0.2361247214799605,41.73580770508305,0.921875,59.0,0.026378896882494004,11.0,0.973621103117506,406.0,0.078125,5.0,0.8428571428571429,0.921875,0.880597014925373,0.8624854629132681,0.9855365707434053,0.9262349161700995,0.9667359667359667,0.07123986361846073,0.9287601363815393,0.033264033264033266,0.9685444167195992,0.9667359667359667,0.967360162038942,0.8624854629132681,0.9855365707434053,0.988209560620955,0.9306366717138943,0.9667359667359667,0.672,0.008,0.66,0.0,660.0,0.0,3.4596379E7,1043348.0,161927.0,100.0,75.25987525987526,?,?
DatasetClassiRealeseNormalizedShuffled,6,4,weka.classifiers.meta.FilteredClassifier,'-F \"weka.filters.MultiFilter -F \\\"weka.filters.supervised.instance.Resample -B 1.0 -S 1 -Z 200.0\\\" -S 1\" -S 1 -W weka.classifiers.trees.RandomForest -- -P 100 -I 100 -num-slots 1 -K 0 -M 1.0 -V 0.001 -S 1',-4523450618538717400,2.02604271222E7,4330.0,481.0,462.0,19.0,0.0,96.04989604989605,3.95010395010395,0.0,0.8342612575034913,0.09941455774531528,0.18447988603390028,43.10438279428254,54.31703655711976,272.1308087156738,94.39259843741343,177.7382102782604,0.565760517080403,0.1962424083937909,0.36951810868661206,132.86296188674743,0.2762223739849219,48.82319738577066,0.890625,57.0,0.02877697841726619,12.0,0.9712230215827338,405.0,0.109375,7.0,0.8260869565217391,0.890625,0.8571428571428571,0.8350559024539473,0.9848246402877698,0.9203858125665723,0.9604989604989606,0.09865093891622669,0.9013490610837733,0.0395010395010395,0.9621301741394609,0.9604989604989606,0.9611223386856679,0.8350559024539475,0.9848246402877698,0.987308541146991,0.9171118387041185,0.9604989604989606,0.722,0.009,0.69,0.01,690.0,10.0,3.4602319E7,1043348.0,161927.0,100.0,70.27027027027027,?,?
DatasetClassiRealeseNormalizedShuffled,6,5,weka.classifiers.meta.FilteredClassifier,'-F \"weka.filters.MultiFilter -F \\\"weka.filters.supervised.instance.Resample -B 1.0 -S 1 -Z 200.0\\\" -S 1\" -S 1 -W weka.classifiers.trees.RandomForest -- -P 100 -I 100 -num-slots 1 -K 0 -M 1.0 -V 0.001 -S 1',-4523450618538717400,2.02604271222E7,4330.0,481.0,460.0,21.0,0.0,95.63409563409563,4.365904365904366,0.0,0.819130839615378,0.09619819679161382,0.18112316193409783,41.70982593161355,53.32870493159161,272.1308087156738,89.3272037606253,182.8036049550485,0.565760517080403,0.18571144232978232,0.3800490747506206,133.93991080787475,0.2784613530309246,49.21894416880122,0.890625,57.0,0.03357314148681055,14.0,0.9664268585131894,403.0,0.109375,7.0,0.8028169014084507,0.890625,0.8444444444444446,0.8206236193844227,0.9874850119904077,0.9373508450825822,0.9563409563409564,0.09928909782776689,0.9007109021722332,0.04365904365904366,0.958962098742243,0.9563409563409564,0.9572880852203706,0.8206236193844227,0.9874850119904077,0.9899232757456312,0.9095257288727664,0.9563409563409564,0.692,0.007,0.65,0.0,650.0,0.0,2.9570438E7,1043348.0,161927.0,99.79209979209979,69.64656964656965,?,?
DatasetClassiRealeseNormalizedShuffled,6,6,weka.classifiers.meta.FilteredClassifier,'-F \"weka.filters.MultiFilter -F \\\"weka.filters.supervised.instance.Resample -B 1.0 -S 1 -Z 200.0\\\" -S 1\" -S 1 -W weka.classifiers.trees.RandomForest -- -P 100 -I 100 -num-slots 1 -K 0 -M 1.0 -V 0.001 -S 1',-4523450618538717400,2.02604271222E7,4330.0,481.0,465.0,16.0,0.0,96.67359667359668,3.3264033264033266,0.0,0.8576975703561259,0.09432731893369226,0.1810930340108535,40.898646591503294,53.31983426529061,272.1308087156738,88.57610284040814,183.55470587526568,0.565760517080403,0.18414990195511047,0.3816106151252925,144.67477007089744,0.3007791477565435,53.16368652035121,0.890625,57.0,0.02158273381294964,9.0,0.9784172661870504,408.0,0.109375,7.0,0.8636363636363636,0.890625,0.8769230769230768,0.8578332928763902,0.9848621103117506,0.9237473491600771,0.9667359667359667,0.09769370054891638,0.9023062994510836,0.033264033264033266,0.9672328322930732,0.9667359667359667,0.9669518631057094,0.8578332928763902,0.9848621103117506,0.9877624683086815,0.9288461538461539,0.9667359667359667,0.728,0.007,0.7,0.01,700.0,10.0,3.3994809E7,1043348.0,161927.0,99.79209979209979,69.95841995841995,?,?
DatasetClassiRealeseNormalizedShuffled,6,7,weka.classifiers.meta.FilteredClassifier,'-F \"weka.filters.MultiFilter -F \\\"weka.filters.supervised.instance.Resample -B 1.0 -S 1 -Z 200.0\\\" -S 1\" -S 1 -W weka.classifiers.trees.RandomForest -- -P 100 -I 100 -num-slots 1 -K 0 -M 1.0 -V 0.001 -S 1',-4523450618538717400,2.02604271222E7,4330.0,481.0,460.0,21.0,0.0,95.63409563409563,4.365904365904366,0.0,0.819130839615378,0.09742473950446934,0.18571833082219602,42.241633021113515,54.68167604322327,272.1308087156738,89.46340997739551,182.6673987382783,0.565760517080403,0.1859946153376206,0.37976590174278235,128.76883969204772,0.2677106854304526,47.31872892296706,0.890625,57.0,0.03357314148681055,14.0,0.9664268585131894,403.0,0.109375,7.0,0.8028169014084507,0.890625,0.8444444444444446,0.8206236193844227,0.9883468225419664,0.9515679097855604,0.9563409563409564,0.09928909782776689,0.9007109021722332,0.04365904365904366,0.958962098742243,0.9563409563409564,0.9572880852203706,0.8206236193844227,0.9883468225419664,0.9919371946205637,0.9095257288727664,0.9563409563409564,0.679,0.007,0.65,0.01,650.0,10.0,2.8288931E7,1043348.0,161927.0,100.0,69.85446985446985,?,?
DatasetClassiRealeseNormalizedShuffled,6,8,weka.classifiers.meta.FilteredClassifier,'-F \"weka.filters.MultiFilter -F \\\"weka.filters.supervised.instance.Resample -B 1.0 -S 1 -Z 200.0\\\" -S 1\" -S 1 -W weka.classifiers.trees.RandomForest -- -P 100 -I 100 -num-slots 1 -K 0 -M 1.0 -V 0.001 -S 1',-4523450618538717400,2.02604271222E7,4330.0,481.0,465.0,16.0,0.0,96.67359667359668,3.3264033264033266,0.0,0.8647594278283485,0.09960477387571652,0.18112094339643683,43.18685712283578,53.32805172004738,272.1308087156738,90.81690932829373,181.3138993873801,0.565760517080403,0.18880854330206598,0.376951973778337,129.94308214858268,0.27015193793884135,47.750228194246496,0.953125,61.0,0.03117505995203837,13.0,0.9688249400479616,404.0,0.046875,3.0,0.8243243243243243,0.953125,0.8840579710144927,0.8678652323875488,0.9869979016786571,0.9431862154717472,0.9667359667359667,0.04478602668800511,0.9552139733119949,0.033264033264033266,0.9702350242890784,0.9667359667359667,0.9677393404704507,0.8678652323875488,0.9869979016786571,0.9905952611276354,0.9323202476431687,0.9667359667359667,0.702,0.007,0.68,0.01,680.0,10.0,3.0107021E7,1043348.0,161927.0,100.0,72.03742203742203,?,?
DatasetClassiRealeseNormalizedShuffled,6,9,weka.classifiers.meta.FilteredClassifier,'-F \"weka.filters.MultiFilter -F \\\"weka.filters.supervised.instance.Resample -B 1.0 -S 1 -Z 200.0\\\" -S 1\" -S 1 -W weka.classifiers.trees.RandomForest -- -P 100 -I 100 -num-slots 1 -K 0 -M 1.0 -V 0.001 -S 1',-4523450618538717400,2.02604271222E7,4330.0,481.0,456.0,25.0,0.0,94.8024948024948,5.197505197505198,0.0,0.7998601933991314,0.10575329213133128,0.20354611970592995,45.852745203197344,59.930772198629846,272.1308087156738,102.26447538401129,169.86633333166253,0.565760517080403,0.2126080569314164,0.35315246014898655,115.47213627757286,0.24006681138788535,42.43258483761748,0.953125,61.0,0.05275779376498801,22.0,0.947242206235012,395.0,0.046875,3.0,0.7349397590361446,0.953125,0.8299319727891157,0.809276819209733,0.9880470623501199,0.9366869338051425,0.9480249480249481,0.04765774178993604,0.952342258210064,0.05197505197505198,0.9581973565445141,0.9480249480249481,0.9507780357911821,0.809276819209733,0.9880470623501199,0.9899724090102635,0.8996285630816744,0.9480249480249481,0.721,0.008,0.7,0.0,700.0,0.0,3.1439602E7,1043348.0,161927.0,100.0,70.37422037422037,?,?
DatasetClassiRealeseNormalizedShuffled,6,10,weka.classifiers.meta.FilteredClassifier,'-F \"weka.filters.MultiFilter -F \\\"weka.filters.supervised.instance.Resample -B 1.0 -S 1 -Z 200.0\\\" -S 1\" -S 1 -W weka.classifiers.trees.RandomForest -- -P 100 -I 100 -num-slots 1 -K 0 -M 1.0 -V 0.001 -S 1',-4523450618538717400,2.02604271222E7,4330.0,481.0,457.0,24.0,0.0,95.01039501039502,4.98960498960499,0.0,0.7945907473309609,0.11312949942028878,0.20035628749180623,49.050937397219194,58.99157911525057,272.1308087156738,106.04672554970105,166.08408316597277,0.565760517080403,0.22047136288919136,0.3452891541912116,104.70672070997274,0.21768549004152338,38.47661395052547,0.875,56.0,0.03836930455635491,16.0,0.9616306954436451,401.0,0.125,8.0,0.7777777777777778,0.875,0.823529411764706,0.7964598850802407,0.97931654676259,0.918215800792522,0.9501039501039501,0.11347325466030501,0.886526745339695,0.0498960498960499,0.9534746331812346,0.9501039501039501,0.9513298536229741,0.7964598850802407,0.97931654676259,0.9860976807014183,0.8972368608460333,0.9501039501039501,0.716,0.006,0.69,0.01,690.0,10.0,3.3929384E7,1043348.0,161927.0,100.0,73.38877338877339,?,?
DatasetClassiRealeseNormalizedShuffled,7,1,weka.classifiers.meta.FilteredClassifier,'-F \"weka.filters.MultiFilter -F \\\"weka.filters.supervised.instance.Resample -B 1.0 -S 1 -Z 200.0\\\" -S 1\" -S 1 -W weka.classifiers.trees.RandomForest -- -P 100 -I 100 -num-slots 1 -K 0 -M 1.0 -V 0.001 -S 1',-4523450618538717400,2.02604271222E7,4329.0,482.0,460.0,22.0,0.0,95.4356846473029,4.564315352697095,0.0,0.8069191551347417,0.10256351378902152,0.18753013995214055,44.50446544128326,55.263692736911565,272.3366817903761,94.7757177497397,177.56096404063638,0.565013862635635,0.19663011981273795,0.36838374282289704,129.64692384032625,0.2689770204156146,47.60538425746059,0.859375,55.0,0.03110047846889952,13.0,0.9688995215311005,405.0,0.140625,9.0,0.8088235294117647,0.859375,0.8333333333333333,0.8074168402796994,0.9893465909090909,0.9276885957416585,0.9543568464730291,0.12608232494192856,0.8739176750580714,0.04564315352697095,0.9557629654784519,0.9543568464730291,0.9549386902862007,0.8074168402796994,0.9893465909090909,0.9890233003627231,0.9034455128205128,0.9543568464730291,0.679,0.007,0.65,0.01,650.0,10.0,3.2591732E7,1043119.0,162156.0,99.79253112033194,70.64315352697095,?,?
DatasetClassiRealeseNormalizedShuffled,7,2,weka.classifiers.meta.FilteredClassifier,'-F \"weka.filters.MultiFilter -F \\\"weka.filters.supervised.instance.Resample -B 1.0 -S 1 -Z 200.0\\\" -S 1\" -S 1 -W weka.classifiers.trees.RandomForest -- -P 100 -I 100 -num-slots 1 -K 0 -M 1.0 -V 0.001 -S 1',-4523450618538717400,2.02604271222E7,4330.0,481.0,454.0,27.0,0.0,94.38669438669439,5.613305613305613,0.0,0.7645277682084386,0.10787469209829155,0.20554896192606958,47.049118249396344,60.924583092601345,269.42867131105754,110.51667590523846,158.91199540581908,0.5601427677984564,0.22976439897138973,0.3303783688270667,118.17401405889314,0.24568402091245975,43.860964567672276,0.8412698412698413,53.0,0.04066985645933014,17.0,0.9593301435406698,401.0,0.15873015873015872,10.0,0.7571428571428571,0.8412698412698413,0.7969924812030075,0.7659564227570256,0.9772917141338194,0.8553156576003843,0.9438669438669439,0.14326695905643272,0.8567330409435673,0.056133056133056136,0.9470471594559186,0.9438669438669439,0.9451071383647094,0.7659564227570256,0.9772917141338193,0.9779826963049236,0.8822115602637475,0.9438669438669439,0.685,0.007,0.66,0.01,660.0,10.0,2.857057E7,1043348.0,161927.0,99.58419958419958,71.20582120582121,?,?
DatasetClassiRealeseNormalizedShuffled,7,3,weka.classifiers.meta.FilteredClassifier,'-F \"weka.filters.MultiFilter -F \\\"weka.filters.supervised.instance.Resample -B 1.0 -S 1 -Z 200.0\\\" -S 1\" -S 1 -W weka.classifiers.trees.RandomForest -- -P 100 -I 100 -num-slots 1 -K 0 -M 1.0 -V 0.001 -S 1',-4523450618538717400,2.02604271222E7,4330.0,481.0,468.0,13.0,0.0,97.29729729729729,2.7027027027027026,0.0,0.8836196467457056,0.09177144140136125,0.17014551365684183,39.79046358463282,50.09651883474339,272.1308087156738,83.81448807475527,188.31632064091855,0.565760517080403,0.17425049495791117,0.3915100221224918,144.9610548742266,0.30137433445785156,53.268887693522416,0.90625,58.0,0.016786570743405275,7.0,0.9832134292565947,410.0,0.09375,6.0,0.8923076923076924,0.90625,0.8992248062015504,0.8836550574130195,0.9899955035971223,0.9371995660708776,0.972972972972973,0.08350954371637825,0.9164904562836218,0.02702702702702703,0.9731668798976493,0.972972972972973,0.9730615061863841,0.8836550574130195,0.9899955035971223,0.99032397466991,0.9418092818522759,0.972972972972973,0.715,0.006,0.69,0.01,690.0,10.0,3.1382854E7,1043348.0,161927.0,99.79209979209979,70.27027027027027,?,?
DatasetClassiRealeseNormalizedShuffled,7,4,weka.classifiers.meta.FilteredClassifier,'-F \"weka.filters.MultiFilter -F \\\"weka.filters.supervised.instance.Resample -B 1.0 -S 1 -Z 200.0\\\" -S 1\" -S 1 -W weka.classifiers.trees.RandomForest -- -P 100 -I 100 -num-slots 1 -K 0 -M 1.0 -V 0.001 -S 1',-4523450618538717400,2.02604271222E7,4330.0,481.0,453.0,28.0,0.0,94.17879417879418,5.8212058212058215,0.0,0.7633289986996098,0.10638141933543804,0.20846544115120907,46.125089979087036,61.3791846436069,272.1308087156738,105.33159055982871,166.7992181558451,0.565760517080403,0.21898459575847964,0.34677592132192325,118.79685944399532,0.24697891776298403,43.65432198017534,0.859375,55.0,0.045563549160671464,19.0,0.9544364508393285,398.0,0.140625,9.0,0.7432432432432432,0.859375,0.7971014492753623,0.7660705134007385,0.9798036570743405,0.9066843436841593,0.9417879417879418,0.12797649094861327,0.8720235090513868,0.058212058212058215,0.9466661899094331,0.9417879417879418,0.9435438458232887,0.7660705134007385,0.9798036570743405,0.9848267042605047,0.8815604333755452,0.9417879417879418,0.699,0.007,0.68,0.01,680.0,10.0,3.0609119E7,1043348.0,161927.0,100.0,70.79002079002079,?,?
DatasetClassiRealeseNormalizedShuffled,7,5,weka.classifiers.meta.FilteredClassifier,'-F \"weka.filters.MultiFilter -F \\\"weka.filters.supervised.instance.Resample -B 1.0 -S 1 -Z 200.0\\\" -S 1\" -S 1 -W weka.classifiers.trees.RandomForest -- -P 100 -I 100 -num-slots 1 -K 0 -M 1.0 -V 0.001 -S 1',-4523450618538717400,2.02604271222E7,4330.0,481.0,461.0,20.0,0.0,95.84199584199584,4.158004158004158,0.0,0.8288256227758007,0.09645897135072286,0.18951634647337673,41.82289313901031,55.79993863219618,272.1308087156738,92.4487226641958,179.68208605147802,0.565760517080403,0.1922010866199497,0.37355943046045326,135.09212963144938,0.2808568183606016,49.64235040825369,0.90625,58.0,0.03357314148681055,14.0,0.9664268585131894,403.0,0.09375,6.0,0.8055555555555556,0.90625,0.8529411764705882,0.8307752921676284,0.9839628297362111,0.9280739197047726,0.9584199584199584,0.08574309990676897,0.914256900093231,0.04158004158004158,0.9614099711899223,0.9584199584199584,0.9594415446858119,0.8307752921676284,0.9839628297362111,0.9881749622843811,0.9143640507050277,0.9584199584199584,0.692,0.006,0.66,0.01,660.0,10.0,2.9204053E7,1043348.0,161927.0,100.0,68.60706860706861,?,?
DatasetClassiRealeseNormalizedShuffled,7,6,weka.classifiers.meta.FilteredClassifier,'-F \"weka.filters.MultiFilter -F \\\"weka.filters.supervised.instance.Resample -B 1.0 -S 1 -Z 200.0\\\" -S 1\" -S 1 -W weka.classifiers.trees.RandomForest -- -P 100 -I 100 -num-slots 1 -K 0 -M 1.0 -V 0.001 -S 1',-4523450618538717400,2.02604271222E7,4330.0,481.0,461.0,20.0,0.0,95.84199584199584,4.158004158004158,0.0,0.8309492847854356,0.11536139252298509,0.2015176384135485,50.01864652188282,59.33351959357636,272.1308087156738,109.94085001139996,162.18995870427386,0.565760517080403,0.22856725574095627,0.3371932613394467,97.70672483239781,0.2031324840590391,35.90432310605566,0.921875,59.0,0.03597122302158273,15.0,0.9640287769784173,402.0,0.078125,5.0,0.7972972972972973,0.921875,0.8550724637681159,0.8339336593919453,0.984974520383693,0.9164826012683706,0.9584199584199584,0.07251618144154115,0.9274838185584589,0.04158004158004158,0.9623787461625299,0.9584199584199584,0.9596741755880632,0.8339336593919453,0.984974520383693,0.9868319563676008,0.9154003095539608,0.9584199584199584,0.812,0.009,0.68,0.01,680.0,10.0,3.173755E7,1043348.0,161927.0,99.79209979209979,74.53222453222453,?,?
DatasetClassiRealeseNormalizedShuffled,7,7,weka.classifiers.meta.FilteredClassifier,'-F \"weka.filters.MultiFilter -F \\\"weka.filters.supervised.instance.Resample -B 1.0 -S 1 -Z 200.0\\\" -S 1\" -S 1 -W weka.classifiers.trees.RandomForest -- -P 100 -I 100 -num-slots 1 -K 0 -M 1.0 -V 0.001 -S 1',-4523450618538717400,2.02604271222E7,4330.0,481.0,464.0,17.0,0.0,96.46569646569647,3.5343035343035343,0.0,0.8589321142068491,0.10129610159729992,0.18234560387395354,43.920186719578346,53.68863264492453,272.1308087156738,92.22520586398929,179.90560285168453,0.565760517080403,0.19173639472762846,0.3740241223527745,128.78302577520054,0.26774017832682023,47.32394188772462,0.96875,62.0,0.03597122302158273,15.0,0.9640287769784173,402.0,0.03125,2.0,0.8051948051948052,0.96875,0.8794326241134752,0.8639739052201001,0.9917565947242206,0.9485930730148544,0.9646569646569647,0.03187818767854739,0.9681218123214527,0.035343035343035345,0.9697881727584698,0.9646569646569647,0.9660064365535119,0.8639739052201002,0.9917565947242206,0.9920761166808396,0.9293630842857266,0.9646569646569647,0.708,0.008,0.69,0.01,690.0,10.0,3.5318033E7,1043348.0,161927.0,100.0,73.18087318087318,?,?
DatasetClassiRealeseNormalizedShuffled,7,8,weka.classifiers.meta.FilteredClassifier,'-F \"weka.filters.MultiFilter -F \\\"weka.filters.supervised.instance.Resample -B 1.0 -S 1 -Z 200.0\\\" -S 1\" -S 1 -W weka.classifiers.trees.RandomForest -- -P 100 -I 100 -num-slots 1 -K 0 -M 1.0 -V 0.001 -S 1',-4523450618538717400,2.02604271222E7,4330.0,481.0,457.0,24.0,0.0,95.01039501039502,4.98960498960499,0.0,0.7945907473309609,0.10038650589852348,0.19616398637922758,43.52580221415675,57.757225724829766,272.1308087156738,99.70662079397337,172.42418792170045,0.565760517080403,0.20729027192094257,0.3584702451594604,126.32826277451288,0.26263672094493323,46.42188930048801,0.875,56.0,0.03836930455635491,16.0,0.9616306954436451,401.0,0.125,8.0,0.7777777777777778,0.875,0.823529411764706,0.7964598850802407,0.97748051558753,0.9168256376877187,0.9501039501039501,0.11347325466030501,0.886526745339695,0.0498960498960499,0.9534746331812346,0.9501039501039501,0.9513298536229741,0.7964598850802407,0.97748051558753,0.9856137813481621,0.8972368608460333,0.9501039501039501,0.861,0.006,0.66,0.01,660.0,10.0,2.8883306E7,1043348.0,161927.0,99.79209979209979,70.27027027027027,?,?
DatasetClassiRealeseNormalizedShuffled,7,9,weka.classifiers.meta.FilteredClassifier,'-F \"weka.filters.MultiFilter -F \\\"weka.filters.supervised.instance.Resample -B 1.0 -S 1 -Z 200.0\\\" -S 1\" -S 1 -W weka.classifiers.trees.RandomForest -- -P 100 -I 100 -num-slots 1 -K 0 -M 1.0 -V 0.001 -S 1',-4523450618538717400,2.02604271222E7,4330.0,481.0,459.0,22.0,0.0,95.42619542619542,4.573804573804574,0.0,0.8140442132639791,0.11798065691700253,0.21093439002908188,51.1543129437805,62.10612560904328,272.1308087156738,118.18098002044775,153.94982869522607,0.565760517080403,0.24569850316101402,0.32006201391938893,101.98342450769256,0.21202375157524442,37.475883377190975,0.90625,58.0,0.03836930455635491,16.0,0.9616306954436451,401.0,0.09375,6.0,0.7837837837837838,0.90625,0.8405797101449275,0.8169678728941436,0.9801783573141487,0.8652277961229405,0.9542619542619543,0.08638125881830917,0.9136187411816908,0.04573804573804574,0.9584506070992557,0.9542619542619543,0.9556415931468697,0.8169678728941436,0.9801783573141487,0.9794813795707288,0.906940340509357,0.9542619542619543,0.702,0.008,0.68,0.01,680.0,10.0,3.5475818E7,1043348.0,161927.0,99.58419958419958,74.42827442827443,?,?
DatasetClassiRealeseNormalizedShuffled,7,10,weka.classifiers.meta.FilteredClassifier,'-F \"weka.filters.MultiFilter -F \\\"weka.filters.supervised.instance.Resample -B 1.0 -S 1 -Z 200.0\\\" -S 1\" -S 1 -W weka.classifiers.trees.RandomForest -- -P 100 -I 100 -num-slots 1 -K 0 -M 1.0 -V 0.001 -S 1',-4523450618538717400,2.02604271222E7,4330.0,481.0,460.0,21.0,0.0,95.63409563409563,4.365904365904366,0.0,0.8235910511884597,0.09932211348301041,0.17508569201289534,43.06430060752945,51.55107225047533,272.1308087156738,87.71780522921338,184.41300348646044,0.565760517080403,0.18236549943703406,0.3833950176433689,138.28469987693217,0.2874941785383205,50.81552527241191,0.921875,59.0,0.03836930455635491,16.0,0.9616306954436451,401.0,0.078125,5.0,0.7866666666666666,0.921875,0.8489208633093526,0.8271298981434626,0.9936675659472423,0.9614542467092034,0.9563409563409564,0.07283526089731125,0.9271647391026888,0.04365904365904366,0.9609380430070085,0.9563409563409564,0.9577767048504917,0.8271298981434626,0.9936675659472423,0.9940401919970575,0.9117022299535827,0.9563409563409564,0.724,0.008,0.69,0.0,690.0,0.0,3.4232235E7,1043348.0,161927.0,100.0,74.42827442827443,?,?
DatasetClassiRealeseNormalizedShuffled,8,1,weka.classifiers.meta.FilteredClassifier,'-F \"weka.filters.MultiFilter -F \\\"weka.filters.supervised.instance.Resample -B 1.0 -S 1 -Z 200.0\\\" -S 1\" -S 1 -W weka.classifiers.trees.RandomForest -- -P 100 -I 100 -num-slots 1 -K 0 -M 1.0 -V 0.001 -S 1',-4523450618538717400,2.02604271222E7,4329.0,482.0,471.0,11.0,0.0,97.71784232365145,2.2821576763485476,0.0,0.9052909863884819,0.09120775018649102,0.1644346811160523,39.576960813781916,48.457638301814875,272.3366817903761,81.4690251742951,190.86765661608098,0.565013862635635,0.1690228738055915,0.3959909888300435,148.65084133335176,0.30840423513143517,54.58348113669527,0.96875,62.0,0.0215311004784689,9.0,0.9784688995215312,409.0,0.03125,2.0,0.8732394366197183,0.96875,0.9185185185185184,0.9069396674879561,0.9941686602870813,0.9562424301130374,0.9771784232365145,0.02995952371498342,0.9700404762850167,0.022821576763485476,0.9789486736168492,0.9771784232365145,0.9776737420942058,0.9069396674879561,0.9941686602870813,0.9934488294813743,0.9526247598623956,0.9771784232365145,0.736,0.009,0.72,0.0,720.0,0.0,3.2910812E7,1043119.0,162156.0,99.79253112033194,71.47302904564316,?,?
DatasetClassiRealeseNormalizedShuffled,8,2,weka.classifiers.meta.FilteredClassifier,'-F \"weka.filters.MultiFilter -F \\\"weka.filters.supervised.instance.Resample -B 1.0 -S 1 -Z 200.0\\\" -S 1\" -S 1 -W weka.classifiers.trees.RandomForest -- -P 100 -I 100 -num-slots 1 -K 0 -M 1.0 -V 0.001 -S 1',-4523450618538717400,2.0260427122300003E7,4330.0,481.0,461.0,20.0,0.0,95.84199584199584,4.158004158004158,0.0,0.8288804297555943,0.11103355386598963,0.19569155325734333,48.42684325561472,58.00285336023935,269.42867131105754,101.17087488118877,168.2577964298688,0.5601427677984564,0.21033445921245067,0.3498083085860058,104.69326872974158,0.21765752334665608,38.85750845308975,0.9206349206349206,58.0,0.03588516746411483,15.0,0.9641148325358851,403.0,0.07936507936507936,5.0,0.7945205479452054,0.9206349206349206,0.8529411764705882,0.8319310892127529,0.9891774891774892,0.9355556384720519,0.9584199584199584,0.0736702052491526,0.9263297947508473,0.04158004158004158,0.9624371008335553,0.9584199584199584,0.9596969412522753,0.8319310892127529,0.9891774891774892,0.9901562565241329,0.9143640507050278,0.9584199584199584,0.749,0.007,0.71,0.0,710.0,0.0,3.3205773E7,1043348.0,161927.0,100.0,72.97297297297297,?,?
DatasetClassiRealeseNormalizedShuffled,8,3,weka.classifiers.meta.FilteredClassifier,'-F \"weka.filters.MultiFilter -F \\\"weka.filters.supervised.instance.Resample -B 1.0 -S 1 -Z 200.0\\\" -S 1\" -S 1 -W weka.classifiers.trees.RandomForest -- -P 100 -I 100 -num-slots 1 -K 0 -M 1.0 -V 0.001 -S 1',-4523450618538717400,2.0260427122300003E7,4330.0,481.0,460.0,21.0,0.0,95.63409563409563,4.365904365904366,0.0,0.8257396704908136,0.09087292403161744,0.18042086213147693,39.400882445500564,53.121924426284885,272.1308087156738,85.88842485989016,186.24238385578366,0.565760517080403,0.1785622138459255,0.38719830323447746,148.53044410957818,0.30879510209891514,54.58053235889396,0.9375,60.0,0.0407673860911271,17.0,0.9592326139088729,400.0,0.0625,4.0,0.7792207792207793,0.9375,0.851063829787234,0.830586627288802,0.9889463429256595,0.9410961852033849,0.9563409563409564,0.05960834243208344,0.9403916575679165,0.04365904365904366,0.962040367980962,0.9563409563409564,0.9580079510366913,0.830586627288802,0.9889463429256595,0.9906765772575444,0.9127426335294271,0.9563409563409564,0.722,0.006,0.69,0.01,690.0,10.0,2.9419337E7,1043348.0,161927.0,100.0,69.54261954261955,?,?
DatasetClassiRealeseNormalizedShuffled,8,4,weka.classifiers.meta.FilteredClassifier,'-F \"weka.filters.MultiFilter -F \\\"weka.filters.supervised.instance.Resample -B 1.0 -S 1 -Z 200.0\\\" -S 1\" -S 1 -W weka.classifiers.trees.RandomForest -- -P 100 -I 100 -num-slots 1 -K 0 -M 1.0 -V 0.001 -S 1',-4523450618538717400,2.0260427122300003E7,4330.0,481.0,457.0,24.0,0.0,95.01039501039502,4.98960498960499,0.0,0.7919775110822792,0.1038959138787542,0.19719842020551628,45.047419051689815,58.06179757364433,272.1308087156738,97.61691290972139,174.51389580595242,0.565760517080403,0.20294576488507565,0.3628147521953273,119.84602827596166,0.24916014194586622,44.03986040447868,0.859375,55.0,0.03597122302158273,15.0,0.9640287769784173,402.0,0.140625,9.0,0.7857142857142857,0.859375,0.8208955223880597,0.7930506735645453,0.9820518585131894,0.9250703468057208,0.9501039501039501,0.12670017312553283,0.8732998268744672,0.0498960498960499,0.9525037992191278,0.9501039501039501,0.9510402430584132,0.7930506735645453,0.9820518585131894,0.9875287537904365,0.8959550075708415,0.9501039501039501,0.711,0.008,0.7,0.01,700.0,10.0,3.0867648E7,1043348.0,161927.0,100.0,69.33471933471934,?,?
DatasetClassiRealeseNormalizedShuffled,8,5,weka.classifiers.meta.FilteredClassifier,'-F \"weka.filters.MultiFilter -F \\\"weka.filters.supervised.instance.Resample -B 1.0 -S 1 -Z 200.0\\\" -S 1\" -S 1 -W weka.classifiers.trees.RandomForest -- -P 100 -I 100 -num-slots 1 -K 0 -M 1.0 -V 0.001 -S 1',-4523450618538717400,2.0260427122300003E7,4330.0,481.0,460.0,21.0,0.0,95.63409563409563,4.365904365904366,0.0,0.8298836249726327,0.10048077945514641,0.1890215167221052,43.56667755036721,55.65424423554837,272.1308087156738,94.78941360266109,177.34139511301274,0.565760517080403,0.19706738794732034,0.3686931291330826,125.78383984507049,0.2615048645427661,46.22183002310894,0.96875,62.0,0.045563549160671464,19.0,0.9544364508393285,398.0,0.03125,2.0,0.7654320987654321,0.96875,0.8551724137931034,0.8378667020257823,0.9906699640287769,0.9376797304472921,0.9563409563409564,0.0331545055016278,0.9668454944983722,0.04365904365904366,0.9644545827879162,0.9563409563409564,0.9584460545335065,0.8378667020257824,0.990669964028777,0.9904677458582087,0.9147343097117291,0.9563409563409564,0.709,0.007,0.68,0.01,680.0,10.0,3.1216379E7,1043348.0,161927.0,99.79209979209979,70.79002079002079,?,?
DatasetClassiRealeseNormalizedShuffled,8,6,weka.classifiers.meta.FilteredClassifier,'-F \"weka.filters.MultiFilter -F \\\"weka.filters.supervised.instance.Resample -B 1.0 -S 1 -Z 200.0\\\" -S 1\" -S 1 -W weka.classifiers.trees.RandomForest -- -P 100 -I 100 -num-slots 1 -K 0 -M 1.0 -V 0.001 -S 1',-4523450618538717400,2.0260427122300003E7,4330.0,481.0,464.0,17.0,0.0,96.46569646569647,3.5343035343035343,0.0,0.8497841462294482,0.09603521318044046,0.1854376777740206,41.639159138695675,54.59904241738284,272.1308087156738,91.21619725993772,180.91461145573612,0.565760517080403,0.18963866374207425,0.37612185333832876,129.49953031582484,0.2692297927563926,47.58723605276453,0.890625,57.0,0.023980815347721823,10.0,0.9760191846522782,407.0,0.109375,7.0,0.8507462686567164,0.890625,0.8702290076335878,0.8500828796403587,0.9834757194244604,0.9372942860841047,0.9646569646569647,0.09801278000468648,0.9019872199953135,0.035343035343035345,0.9654824044830534,0.9646569646569647,0.9649978598086736,0.8500828796403587,0.9834757194244604,0.9892915417085648,0.9248858636242547,0.9646569646569647,0.707,0.007,0.68,0.01,680.0,10.0,3.083215E7,1043348.0,161927.0,100.0,70.47817047817048,?,?
DatasetClassiRealeseNormalizedShuffled,8,7,weka.classifiers.meta.FilteredClassifier,'-F \"weka.filters.MultiFilter -F \\\"weka.filters.supervised.instance.Resample -B 1.0 -S 1 -Z 200.0\\\" -S 1\" -S 1 -W weka.classifiers.trees.RandomForest -- -P 100 -I 100 -num-slots 1 -K 0 -M 1.0 -V 0.001 -S 1',-4523450618538717400,2.0260427122300003E7,4330.0,481.0,455.0,26.0,0.0,94.5945945945946,5.405405405405405,0.0,0.7829271679511213,0.10460085046669965,0.1979692380086516,45.353067009309264,58.288752065496546,272.1308087156738,102.69985873491196,169.43094998076185,0.565760517080403,0.21351321982310179,0.35224729725730114,127.59710787113761,0.2652746525387476,46.88815223580689,0.890625,57.0,0.045563549160671464,19.0,0.9544364508393285,398.0,0.109375,7.0,0.75,0.890625,0.8142857142857143,0.7868863245378072,0.9810776378896883,0.9086592776457316,0.9459459459459459,0.10088449510661741,0.8991155048933827,0.05405405405405406,0.9517517517517518,0.9459459459459459,0.9478679931234676,0.7868863245378072,0.9810776378896883,0.9851843244016072,0.8913277719847064,0.9459459459459459,0.768,0.007,0.69,0.01,690.0,10.0,3.0901191E7,1043348.0,161927.0,99.79209979209979,71.20582120582121,?,?
DatasetClassiRealeseNormalizedShuffled,8,8,weka.classifiers.meta.FilteredClassifier,'-F \"weka.filters.MultiFilter -F \\\"weka.filters.supervised.instance.Resample -B 1.0 -S 1 -Z 200.0\\\" -S 1\" -S 1 -W weka.classifiers.trees.RandomForest -- -P 100 -I 100 -num-slots 1 -K 0 -M 1.0 -V 0.001 -S 1',-4523450618538717400,2.0260427122300003E7,4330.0,481.0,459.0,22.0,0.0,95.42619542619542,4.573804573804574,0.0,0.8117081850533808,0.1048746439520183,0.19537253806505991,45.471778991391304,57.52419692186413,272.1308087156738,99.38898572604181,172.741822989632,0.565760517080403,0.20662990795434888,0.35913060912605405,123.92381962394568,0.2576378786360617,45.53832776553538,0.890625,57.0,0.03597122302158273,15.0,0.9640287769784173,402.0,0.109375,7.0,0.7916666666666666,0.890625,0.8382352941176471,0.8136175886239345,0.9836630695443646,0.9023314271278198,0.9542619542619543,0.09960817728353699,0.900391822716463,0.04573804573804574,0.9574423021855785,0.9542619542619543,0.955385699154393,0.8136175886239345,0.9836630695443646,0.984839773280447,0.9058004557755306,0.9542619542619543,0.709,0.007,0.68,0.01,680.0,10.0,3.391885E7,1043348.0,161927.0,99.79209979209979,70.06237006237006,?,?
DatasetClassiRealeseNormalizedShuffled,8,9,weka.classifiers.meta.FilteredClassifier,'-F \"weka.filters.MultiFilter -F \\\"weka.filters.supervised.instance.Resample -B 1.0 -S 1 -Z 200.0\\\" -S 1\" -S 1 -W weka.classifiers.trees.RandomForest -- -P 100 -I 100 -num-slots 1 -K 0 -M 1.0 -V 0.001 -S 1',-4523450618538717400,2.0260427122300003E7,4330.0,481.0,460.0,21.0,0.0,95.63409563409563,4.365904365904366,0.0,0.819130839615378,0.10447891108181542,0.20016036555957728,45.300196262378876,58.93389315834758,272.1308087156738,102.815342640069,169.31546607560483,0.565760517080403,0.21375331110201456,0.3520072059783884,115.58031073649403,0.24029170631287738,42.47233574249727,0.890625,57.0,0.03357314148681055,14.0,0.9664268585131894,403.0,0.109375,7.0,0.8028169014084507,0.890625,0.8444444444444446,0.8206236193844227,0.9803282374100719,0.9214427670676534,0.9563409563409564,0.09928909782776689,0.9007109021722332,0.04365904365904366,0.958962098742243,0.9563409563409564,0.9572880852203706,0.8206236193844227,0.980328237410072,0.9867054048134276,0.9095257288727664,0.9563409563409564,0.695,0.007,0.66,0.01,660.0,10.0,2.7511731E7,1043348.0,161927.0,100.0,69.95841995841995,?,?
DatasetClassiRealeseNormalizedShuffled,8,10,weka.classifiers.meta.FilteredClassifier,'-F \"weka.filters.MultiFilter -F \\\"weka.filters.supervised.instance.Resample -B 1.0 -S 1 -Z 200.0\\\" -S 1\" -S 1 -W weka.classifiers.trees.RandomForest -- -P 100 -I 100 -num-slots 1 -K 0 -M 1.0 -V 0.001 -S 1',-4523450618538717400,2.0260427122300003E7,4330.0,481.0,453.0,28.0,0.0,94.17879417879418,5.8212058212058215,0.0,0.7476768585131894,0.11504201988801449,0.20846026134797643,49.88017223175865,61.377659536628606,272.1308087156738,111.76589115422163,160.3649175614522,0.565760517080403,0.23236152007114685,0.3333989970092561,114.21219817777663,0.23744739745899507,41.96959495942526,0.78125,50.0,0.03357314148681055,14.0,0.9664268585131894,403.0,0.21875,14.0,0.78125,0.78125,0.78125,0.7476768585131894,0.9737709832134293,0.8762312599462786,0.9417879417879418,0.19411108327475235,0.8058889167252477,0.058212058212058215,0.9417879417879418,0.9417879417879418,0.9417879417879417,0.7476768585131894,0.9737709832134293,0.979849117066002,0.8738384292565946,0.9417879417879418,0.738,0.008,0.71,0.01,710.0,10.0,3.6058096E7,1043348.0,161927.0,100.0,74.63617463617463,?,?
DatasetClassiRealeseNormalizedShuffled,9,1,weka.classifiers.meta.FilteredClassifier,'-F \"weka.filters.MultiFilter -F \\\"weka.filters.supervised.instance.Resample -B 1.0 -S 1 -Z 200.0\\\" -S 1\" -S 1 -W weka.classifiers.trees.RandomForest -- -P 100 -I 100 -num-slots 1 -K 0 -M 1.0 -V 0.001 -S 1',-4523450618538717400,2.0260427122300003E7,4329.0,482.0,460.0,22.0,0.0,95.4356846473029,4.564315352697095,0.0,0.8117722238000571,0.10407546514130891,0.1913701055735234,45.160532927867145,56.39530112943217,272.3366817903761,98.0367366366864,174.2999451536897,0.565013862635635,0.20339571916324978,0.36161814347238525,126.67665079328725,0.26281462820184076,46.51472213015844,0.890625,57.0,0.03588516746411483,15.0,0.9641148325358851,403.0,0.109375,7.0,0.7916666666666666,0.890625,0.8382352941176471,0.8136804747558055,0.9876270933014354,0.9186959848265901,0.9543568464730291,0.09961701393714388,0.900382986062856,0.04564315352697095,0.9575312890058362,0.9543568464730291,0.9554787938387814,0.8136804747558055,0.9876270933014355,0.9875970102301747,0.9058326229042342,0.9543568464730291,0.693,0.007,0.67,0.01,670.0,10.0,3.2902514E7,1043119.0,162156.0,99.79253112033194,71.6804979253112,?,?
DatasetClassiRealeseNormalizedShuffled,9,2,weka.classifiers.meta.FilteredClassifier,'-F \"weka.filters.MultiFilter -F \\\"weka.filters.supervised.instance.Resample -B 1.0 -S 1 -Z 200.0\\\" -S 1\" -S 1 -W weka.classifiers.trees.RandomForest -- -P 100 -I 100 -num-slots 1 -K 0 -M 1.0 -V 0.001 -S 1',-4523450618538717400,2.0260427122300003E7,4330.0,481.0,458.0,23.0,0.0,95.21829521829522,4.781704781704781,0.0,0.79941254328867,0.11507411739906377,0.20304163487599808,50.18911898279443,60.18141293123925,269.42867131105754,107.4606363637071,161.96803494735045,0.5601427677984564,0.22341088641103346,0.33673188138742294,93.4857071478641,0.19435697951738898,34.6977575522889,0.873015873015873,55.0,0.03588516746411483,15.0,0.9641148325358851,403.0,0.12698412698412698,8.0,0.7857142857142857,0.873015873015873,0.8270676691729324,0.8009063861726807,0.9794182425761373,0.9229860152943433,0.9521829521829522,0.115052246631194,0.884947753368806,0.04781704781704782,0.9550181849451923,0.9521829521829522,0.9532394141625303,0.8009063861726807,0.9794182425761372,0.9869592939135626,0.899661699483933,0.9521829521829522,0.71,0.008,0.69,0.01,690.0,10.0,3.5056143E7,1043348.0,161927.0,100.0,73.28482328482329,?,?
DatasetClassiRealeseNormalizedShuffled,9,3,weka.classifiers.meta.FilteredClassifier,'-F \"weka.filters.MultiFilter -F \\\"weka.filters.supervised.instance.Resample -B 1.0 -S 1 -Z 200.0\\\" -S 1\" -S 1 -W weka.classifiers.trees.RandomForest -- -P 100 -I 100 -num-slots 1 -K 0 -M 1.0 -V 0.001 -S 1',-4523450618538717400,2.0260427122300003E7,4330.0,481.0,462.0,19.0,0.0,96.04989604989605,3.95010395010395,0.0,0.8423358923488314,0.10855143098347408,0.19570186424446628,47.065968406415806,57.621161542292974,272.1308087156738,101.76504365804486,170.36576505762895,0.565760517080403,0.2115697373348126,0.3541907797455903,114.95375517159619,0.23898909599084445,42.24209515788472,0.953125,61.0,0.03836930455635491,16.0,0.9616306954436451,401.0,0.046875,3.0,0.7922077922077922,0.953125,0.8652482269503546,0.847280266254451,0.9877473021582733,0.9282705585591828,0.9604989604989606,0.04574326505531541,0.9542567349446847,0.0395010395010395,0.9659142703697159,0.9604989604989606,0.9620071937951017,0.847280266254451,0.9877473021582733,0.9888279043913764,0.9210528589075768,0.9604989604989606,0.728,0.008,0.7,0.01,700.0,10.0,3.4282316E7,1043348.0,161927.0,100.0,73.7006237006237,?,?
DatasetClassiRealeseNormalizedShuffled,9,4,weka.classifiers.meta.FilteredClassifier,'-F \"weka.filters.MultiFilter -F \\\"weka.filters.supervised.instance.Resample -B 1.0 -S 1 -Z 200.0\\\" -S 1\" -S 1 -W weka.classifiers.trees.RandomForest -- -P 100 -I 100 -num-slots 1 -K 0 -M 1.0 -V 0.001 -S 1',-4523450618538717400,2.0260427122300003E7,4330.0,481.0,455.0,26.0,0.0,94.5945945945946,5.405405405405405,0.0,0.7829271679511213,0.10689724627941423,0.19944420727901857,46.348743360976194,58.72303225452718,272.1308087156738,100.52907838427555,171.60173033139827,0.565760517080403,0.20900016296107182,0.3567603541193311,117.50942636072652,0.24430234170629214,43.1812285111393,0.890625,57.0,0.045563549160671464,19.0,0.9544364508393285,398.0,0.109375,7.0,0.75,0.890625,0.8142857142857143,0.7868863245378072,0.9825014988009593,0.9180283872503221,0.9459459459459459,0.10088449510661741,0.8991155048933827,0.05405405405405406,0.9517517517517518,0.9459459459459459,0.9478679931234676,0.7868863245378072,0.9825014988009592,0.9866827983538489,0.8913277719847064,0.9459459459459459,0.693,0.007,0.68,0.0,680.0,0.0,3.1212877E7,1043348.0,161927.0,100.0,70.89397089397089,?,?
DatasetClassiRealeseNormalizedShuffled,9,5,weka.classifiers.meta.FilteredClassifier,'-F \"weka.filters.MultiFilter -F \\\"weka.filters.supervised.instance.Resample -B 1.0 -S 1 -Z 200.0\\\" -S 1\" -S 1 -W weka.classifiers.trees.RandomForest -- -P 100 -I 100 -num-slots 1 -K 0 -M 1.0 -V 0.001 -S 1',-4523450618538717400,2.0260427122300003E7,4330.0,481.0,466.0,15.0,0.0,96.88149688149689,3.1185031185031185,0.0,0.8674565996142191,0.09647199404104696,0.1792425504000969,41.82853954574865,52.774990119434264,272.1308087156738,88.96279546764056,183.16801324803328,0.565760517080403,0.18495383673106144,0.3808066803493415,127.82566116486537,0.2657498153115704,46.972138791686554,0.90625,58.0,0.02158273381294964,9.0,0.9784172661870504,408.0,0.09375,6.0,0.8656716417910447,0.90625,0.8854961832061069,0.8677615456054679,0.982126798561151,0.944015412888269,0.9688149688149689,0.08414770262791846,0.9158522973720815,0.031185031185031187,0.9695623842281857,0.9688149688149689,0.9691157586547121,0.867761545605468,0.982126798561151,0.9899020299361795,0.9337228208449307,0.9688149688149689,0.686,0.006,0.67,0.01,670.0,10.0,3.0115904E7,1043348.0,161927.0,100.0,70.16632016632016,?,?
DatasetClassiRealeseNormalizedShuffled,9,6,weka.classifiers.meta.FilteredClassifier,'-F \"weka.filters.MultiFilter -F \\\"weka.filters.supervised.instance.Resample -B 1.0 -S 1 -Z 200.0\\\" -S 1\" -S 1 -W weka.classifiers.trees.RandomForest -- -P 100 -I 100 -num-slots 1 -K 0 -M 1.0 -V 0.001 -S 1',-4523450618538717400,2.0260427122300003E7,4330.0,481.0,457.0,24.0,0.0,95.01039501039502,4.98960498960499,0.0,0.7945907473309609,0.1028101021552182,0.1892297928471448,44.57663041433835,55.715567679209165,272.1308087156738,95.1279912774219,177.00281743825192,0.565760517080403,0.19777129163705176,0.3679892254433512,133.922626887985,0.2784254197255405,49.212592840933816,0.875,56.0,0.03836930455635491,16.0,0.9616306954436451,401.0,0.125,8.0,0.7777777777777778,0.875,0.823529411764706,0.7964598850802407,0.9880470623501199,0.9290536627930724,0.9501039501039501,0.11347325466030501,0.886526745339695,0.0498960498960499,0.9534746331812346,0.9501039501039501,0.9513298536229741,0.7964598850802407,0.9880470623501199,0.988994274150755,0.8972368608460333,0.9501039501039501,0.729,0.007,0.7,0.01,700.0,10.0,3.3527912E7,1043348.0,161927.0,100.0,72.86902286902287,?,?
DatasetClassiRealeseNormalizedShuffled,9,7,weka.classifiers.meta.FilteredClassifier,'-F \"weka.filters.MultiFilter -F \\\"weka.filters.supervised.instance.Resample -B 1.0 -S 1 -Z 200.0\\\" -S 1\" -S 1 -W weka.classifiers.trees.RandomForest -- -P 100 -I 100 -num-slots 1 -K 0 -M 1.0 -V 0.001 -S 1',-4523450618538717400,2.0260427122300003E7,4330.0,481.0,464.0,17.0,0.0,96.46569646569647,3.5343035343035343,0.0,0.853582108260068,0.08771967012029686,0.17194241682929168,38.0336876731883,50.62558711099778,272.1308087156738,80.07167118174532,192.0591375339285,0.565760517080403,0.16646917085601937,0.39929134622438356,149.42842717729215,0.31066201076360117,54.910514499450564,0.921875,59.0,0.02877697841726619,12.0,0.9712230215827338,405.0,0.078125,5.0,0.8309859154929577,0.921875,0.874074074074074,0.8551376718413727,0.9899580335731415,0.9471745820560542,0.9646569646569647,0.07155894307423084,0.9284410569257692,0.035343035343035345,0.9669391533012283,0.9646569646569647,0.9654236880355381,0.8551376718413727,0.9899580335731415,0.9916162333517189,0.9267589233731918,0.9646569646569647,0.712,0.006,0.69,0.0,690.0,0.0,2.9152153E7,1043348.0,161927.0,100.0,68.1912681912682,?,?
DatasetClassiRealeseNormalizedShuffled,9,8,weka.classifiers.meta.FilteredClassifier,'-F \"weka.filters.MultiFilter -F \\\"weka.filters.supervised.instance.Resample -B 1.0 -S 1 -Z 200.0\\\" -S 1\" -S 1 -W weka.classifiers.trees.RandomForest -- -P 100 -I 100 -num-slots 1 -K 0 -M 1.0 -V 0.001 -S 1',-4523450618538717400,2.0260427122300003E7,4330.0,481.0,464.0,17.0,0.0,96.46569646569647,3.5343035343035343,0.0,0.8478103072828457,0.10899833837004307,0.19769575997236846,47.259739494887704,58.20823100266572,272.1308087156738,105.15139414984667,166.97941456582714,0.565760517080403,0.21860996704749827,0.3471505500329047,114.80281482563446,0.23867529069778473,42.186629058079966,0.875,56.0,0.02158273381294964,9.0,0.9784172661870504,408.0,0.125,8.0,0.8615384615384616,0.875,0.8682170542635659,0.8478442829066868,0.9784547362110312,0.8925899656437117,0.9646569646569647,0.1112396984699143,0.8887603015300857,0.035343035343035345,0.9649048456740764,0.9646569646569647,0.9647727388591175,0.8478442829066868,0.9784547362110312,0.9827012688806168,0.9239044454991299,0.9646569646569647,0.84,0.008,0.68,0.01,680.0,10.0,3.1642237E7,1043348.0,161927.0,99.79209979209979,72.03742203742203,?,?
DatasetClassiRealeseNormalizedShuffled,9,9,weka.classifiers.meta.FilteredClassifier,'-F \"weka.filters.MultiFilter -F \\\"weka.filters.supervised.instance.Resample -B 1.0 -S 1 -Z 200.0\\\" -S 1\" -S 1 -W weka.classifiers.trees.RandomForest -- -P 100 -I 100 -num-slots 1 -K 0 -M 1.0 -V 0.001 -S 1',-4523450618538717400,2.0260427122300003E7,4330.0,481.0,457.0,24.0,0.0,95.01039501039502,4.98960498960499,0.0,0.7945907473309609,0.10499775016948076,0.19611141917108488,45.52515565615958,57.74174818401066,272.1308087156738,101.18790559888761,170.94290311678623,0.565760517080403,0.21036986610995345,0.35539065097044953,127.3744365036102,0.26481171830272393,46.80632711333058,0.875,56.0,0.03836930455635491,16.0,0.9616306954436451,401.0,0.125,8.0,0.7777777777777778,0.875,0.823529411764706,0.7964598850802407,0.985798860911271,0.9066275415340894,0.9501039501039501,0.11347325466030501,0.886526745339695,0.0498960498960499,0.9534746331812346,0.9501039501039501,0.9513298536229741,0.7964598850802407,0.985798860911271,0.9857455805202202,0.8972368608460333,0.9501039501039501,0.706,0.007,0.69,0.0,690.0,0.0,3.1814493E7,1043348.0,161927.0,99.58419958419958,71.3097713097713,?,?
DatasetClassiRealeseNormalizedShuffled,9,10,weka.classifiers.meta.FilteredClassifier,'-F \"weka.filters.MultiFilter -F \\\"weka.filters.supervised.instance.Resample -B 1.0 -S 1 -Z 200.0\\\" -S 1\" -S 1 -W weka.classifiers.trees.RandomForest -- -P 100 -I 100 -num-slots 1 -K 0 -M 1.0 -V 0.001 -S 1',-4523450618538717400,2.0260427122300003E7,4330.0,481.0,459.0,22.0,0.0,95.42619542619542,4.573804573804574,0.0,0.8117081850533808,0.10515777135571286,0.19119162450917265,45.59453799435007,56.29319640826042,272.1308087156738,96.35498560040186,175.77582311527198,0.565760517080403,0.20032221538545086,0.3654383016949521,122.68790858396525,0.2550684170144808,45.08416711911195,0.890625,57.0,0.03597122302158273,15.0,0.9640287769784173,402.0,0.109375,7.0,0.7916666666666666,0.890625,0.8382352941176471,0.8136175886239345,0.9866606714628298,0.9326130097216186,0.9542619542619543,0.09960817728353699,0.900391822716463,0.04573804573804574,0.9574423021855785,0.9542619542619543,0.955385699154393,0.8136175886239345,0.9866606714628298,0.9892285188569722,0.9058004557755306,0.9542619542619543,0.983,0.011,0.67,0.01,670.0,10.0,3.3137557E7,1043348.0,161927.0,100.0,72.14137214137214,?,?
DatasetClassiRealeseNormalizedShuffled,10,1,weka.classifiers.meta.FilteredClassifier,'-F \"weka.filters.MultiFilter -F \\\"weka.filters.supervised.instance.Resample -B 1.0 -S 1 -Z 200.0\\\" -S 1\" -S 1 -W weka.classifiers.trees.RandomForest -- -P 100 -I 100 -num-slots 1 -K 0 -M 1.0 -V 0.001 -S 1',-4523450618538717400,2.0260427122300003E7,4329.0,482.0,457.0,25.0,0.0,94.81327800829875,5.186721991701245,0.0,0.7951168089230455,0.10615521767439888,0.20114997682716965,46.06298128709284,59.27735411625335,272.3366817903761,103.77681646623299,168.5598653241431,0.565013862635635,0.21530459847766178,0.3497092641579732,119.13324341436528,0.24716440542399437,43.744839156873084,0.921875,59.0,0.04784688995215311,20.0,0.9521531100478469,398.0,0.078125,5.0,0.7468354430379747,0.921875,0.8251748251748252,0.8011935780938043,0.9860944976076556,0.9096403488138206,0.9481327800829875,0.07410467003514067,0.9258953299648593,0.05186721991701245,0.9556252367968219,0.9481327800829875,0.9503792713419673,0.8011935780938043,0.9860944976076556,0.9861936634867262,0.8973620776300435,0.9481327800829875,0.682,0.01,0.66,0.01,660.0,10.0,2.8787032E7,1043119.0,162156.0,99.79253112033194,71.57676348547717,?,?
DatasetClassiRealeseNormalizedShuffled,10,2,weka.classifiers.meta.FilteredClassifier,'-F \"weka.filters.MultiFilter -F \\\"weka.filters.supervised.instance.Resample -B 1.0 -S 1 -Z 200.0\\\" -S 1\" -S 1 -W weka.classifiers.trees.RandomForest -- -P 100 -I 100 -num-slots 1 -K 0 -M 1.0 -V 0.001 -S 1',-4523450618538717400,2.0260427122300003E7,4330.0,481.0,470.0,11.0,0.0,97.71309771309771,2.286902286902287,0.0,0.904066868529364,0.0898393969304411,0.16337547140567887,39.1830959367505,48.42438701552886,269.42867131105754,79.14805937578514,190.28061193527242,0.5601427677984564,0.1645489799912373,0.39559378780721915,151.810445943984,0.31561423273177547,56.345319599901686,0.9682539682539683,61.0,0.0215311004784689,9.0,0.9784688995215312,409.0,0.031746031746031744,2.0,0.8714285714285714,0.9682539682539683,0.9172932330827068,0.9057562764196463,0.9924812030075187,0.9557089583411427,0.9771309771309772,0.030408109355477775,0.9695918906445222,0.02286902286902287,0.9789312614130131,0.9771309771309772,0.9776362415559927,0.9057562764196463,0.9924812030075187,0.993209141899412,0.9520121171444897,0.9771309771309772,0.716,0.006,0.69,0.0,690.0,0.0,3.1633921E7,1043348.0,161927.0,100.0,70.37422037422037,?,?
DatasetClassiRealeseNormalizedShuffled,10,3,weka.classifiers.meta.FilteredClassifier,'-F \"weka.filters.MultiFilter -F \\\"weka.filters.supervised.instance.Resample -B 1.0 -S 1 -Z 200.0\\\" -S 1\" -S 1 -W weka.classifiers.trees.RandomForest -- -P 100 -I 100 -num-slots 1 -K 0 -M 1.0 -V 0.001 -S 1',-4523450618538717400,2.0260427122300003E7,4330.0,481.0,466.0,15.0,0.0,96.88149688149689,3.1185031185031185,0.0,0.8691536243448617,0.09602774138172313,0.17175704195223485,41.63591949975971,50.57100655920789,272.1308087156738,86.0959790332453,186.03482968242852,0.565760517080403,0.17899371940383638,0.3867667976765666,138.16925928659393,0.2872541773110061,50.77310427977126,0.921875,59.0,0.023980815347721823,10.0,0.9760191846522782,407.0,0.078125,5.0,0.855072463768116,0.921875,0.887218045112782,0.8699815047390957,0.9924310551558753,0.9552770505981492,0.9688149688149689,0.07092078416269064,0.9290792158373093,0.031185031185031187,0.9701953390218482,0.9688149688149689,0.9693071094886853,0.8699815047390959,0.9924310551558753,0.9930490911978738,0.9345619779243042,0.9688149688149689,0.727,0.006,0.7,0.01,700.0,10.0,3.2988667E7,1043348.0,161927.0,100.0,72.34927234927235,?,?
DatasetClassiRealeseNormalizedShuffled,10,4,weka.classifiers.meta.FilteredClassifier,'-F \"weka.filters.MultiFilter -F \\\"weka.filters.supervised.instance.Resample -B 1.0 -S 1 -Z 200.0\\\" -S 1\" -S 1 -W weka.classifiers.trees.RandomForest -- -P 100 -I 100 -num-slots 1 -K 0 -M 1.0 -V 0.001 -S 1',-4523450618538717400,2.0260427122300003E7,4330.0,481.0,458.0,23.0,0.0,95.21829521829522,4.781704781704781,0.0,0.7940962980885558,0.10942453412365942,0.20510285921200083,47.44453038795027,60.38912827461759,272.1308087156738,109.6498702201586,162.4809384955152,0.565760517080403,0.2279623081500179,0.33779820893038504,117.2420294415054,0.24374642295531268,43.082968075107416,0.828125,53.0,0.02877697841726619,12.0,0.9712230215827338,405.0,0.171875,11.0,0.8153846153846154,0.828125,0.8217054263565892,0.7941281211471878,0.9738459232613909,0.8804446510350569,0.9521829521829522,0.15283493060021838,0.8471650693997816,0.04781704781704782,0.9525117943387174,0.9521829521829522,0.9523395878682178,0.7941281211471879,0.9738459232613909,0.9803448456496471,0.897047190969411,0.9521829521829522,0.695,0.006,0.67,0.01,670.0,10.0,3.0245966E7,1043348.0,161927.0,99.79209979209979,72.55717255717256,?,?
DatasetClassiRealeseNormalizedShuffled,10,5,weka.classifiers.meta.FilteredClassifier,'-F \"weka.filters.MultiFilter -F \\\"weka.filters.supervised.instance.Resample -B 1.0 -S 1 -Z 200.0\\\" -S 1\" -S 1 -W weka.classifiers.trees.RandomForest -- -P 100 -I 100 -num-slots 1 -K 0 -M 1.0 -V 0.001 -S 1',-4523450618538717400,2.0260427122300003E7,4330.0,481.0,463.0,18.0,0.0,96.25779625779626,3.7422037422037424,0.0,0.847854356306892,0.09456470914596207,0.18131513445364572,41.001574762320175,53.385228049566265,272.1308087156738,90.77727479429996,181.35353392137387,0.565760517080403,0.18872614302349264,0.3770343740569103,146.03372943716883,0.3036044271043011,53.663063776710025,0.9375,60.0,0.03357314148681055,14.0,0.9664268585131894,403.0,0.0625,4.0,0.8108108108108109,0.9375,0.8695652173913043,0.850899445889747,0.9892086330935251,0.9267081743541218,0.9625779625779626,0.058651104064773134,0.9413488959352269,0.037422037422037424,0.9663068852258041,0.9625779625779626,0.9637067580292571,0.850899445889747,0.9892086330935251,0.9888525723583863,0.9238602785985648,0.9625779625779626,0.714,0.007,0.69,0.0,690.0,0.0,3.2955207E7,1043348.0,161927.0,99.79209979209979,70.47817047817048,?,?
DatasetClassiRealeseNormalizedShuffled,10,6,weka.classifiers.meta.FilteredClassifier,'-F \"weka.filters.MultiFilter -F \\\"weka.filters.supervised.instance.Resample -B 1.0 -S 1 -Z 200.0\\\" -S 1\" -S 1 -W weka.classifiers.trees.RandomForest -- -P 100 -I 100 -num-slots 1 -K 0 -M 1.0 -V 0.001 -S 1',-4523450618538717400,2.0260427122300003E7,4330.0,481.0,460.0,21.0,0.0,95.63409563409563,4.365904365904366,0.0,0.819130839615378,0.10142486406545806,0.18222167187856467,43.97601583397469,53.65214292851773,272.1308087156738,91.15286264578945,180.97794606988435,0.565760517080403,0.18950699094758722,0.3762535261328157,133.17838567523927,0.27687814069696315,48.939106271640846,0.890625,57.0,0.03357314148681055,14.0,0.9664268585131894,403.0,0.109375,7.0,0.8028169014084507,0.890625,0.8444444444444446,0.8206236193844227,0.9879346522781774,0.9460024916784826,0.9563409563409564,0.09928909782776689,0.9007109021722332,0.04365904365904366,0.958962098742243,0.9563409563409564,0.9572880852203706,0.8206236193844227,0.9879346522781774,0.9911601422293134,0.9095257288727664,0.9563409563409564,0.744,0.007,0.72,0.01,720.0,10.0,3.4548167E7,1043348.0,161927.0,100.0,74.01247401247402,?,?
DatasetClassiRealeseNormalizedShuffled,10,7,weka.classifiers.meta.FilteredClassifier,'-F \"weka.filters.MultiFilter -F \\\"weka.filters.supervised.instance.Resample -B 1.0 -S 1 -Z 200.0\\\" -S 1\" -S 1 -W weka.classifiers.trees.RandomForest -- -P 100 -I 100 -num-slots 1 -K 0 -M 1.0 -V 0.001 -S 1',-4523450618538717400,2.0260427122300003E7,4330.0,481.0,461.0,20.0,0.0,95.84199584199584,4.158004158004158,0.0,0.8288256227758007,0.10801909415309575,0.19820476267351028,46.83515663163623,58.358098388861485,272.1308087156738,104.0432502969771,168.08755841869672,0.565760517080403,0.2163061336735491,0.34945438340685386,114.86887859239143,0.2388126374062192,42.21090553271683,0.90625,58.0,0.03357314148681055,14.0,0.9664268585131894,403.0,0.09375,6.0,0.8055555555555556,0.90625,0.8529411764705882,0.8307752921676284,0.9840002997601919,0.9082333865802464,0.9584199584199584,0.08574309990676897,0.914256900093231,0.04158004158004158,0.9614099711899223,0.9584199584199584,0.9594415446858119,0.8307752921676284,0.9840002997601919,0.9856346167108708,0.9143640507050277,0.9584199584199584,0.702,0.007,0.68,0.0,680.0,0.0,3.1373681E7,1043348.0,161927.0,99.79209979209979,71.62162162162163,?,?
DatasetClassiRealeseNormalizedShuffled,10,8,weka.classifiers.meta.FilteredClassifier,'-F \"weka.filters.MultiFilter -F \\\"weka.filters.supervised.instance.Resample -B 1.0 -S 1 -Z 200.0\\\" -S 1\" -S 1 -W weka.classifiers.trees.RandomForest -- -P 100 -I 100 -num-slots 1 -K 0 -M 1.0 -V 0.001 -S 1',-4523450618538717400,2.0260427122300003E7,4330.0,481.0,463.0,18.0,0.0,96.25779625779626,3.7422037422037424,0.0,0.8419726947506754,0.0972435404241331,0.18265228784726803,42.16306832497722,53.778930644062186,272.1308087156738,91.65061818349137,180.48019053218246,0.565760517080403,0.19054182574530432,0.37521869133509866,136.29494462805107,0.2833574732391914,50.08434924046177,0.890625,57.0,0.026378896882494004,11.0,0.973621103117506,406.0,0.109375,7.0,0.8382352941176471,0.890625,0.8636363636363636,0.8424923426363251,0.9831759592326139,0.9311216208881664,0.9625779625779626,0.09833185946045657,0.9016681405395435,0.037422037422037424,0.9637822499238252,0.9625779625779626,0.9630547895608137,0.842492342636325,0.9831759592326139,0.9884345195258135,0.920974808324206,0.9625779625779626,0.742,0.007,0.71,0.01,710.0,10.0,3.3671094E7,1043348.0,161927.0,100.0,70.79002079002079,?,?
DatasetClassiRealeseNormalizedShuffled,10,9,weka.classifiers.meta.FilteredClassifier,'-F \"weka.filters.MultiFilter -F \\\"weka.filters.supervised.instance.Resample -B 1.0 -S 1 -Z 200.0\\\" -S 1\" -S 1 -W weka.classifiers.trees.RandomForest -- -P 100 -I 100 -num-slots 1 -K 0 -M 1.0 -V 0.001 -S 1',-4523450618538717400,2.0260427122300003E7,4330.0,481.0,461.0,20.0,0.0,95.84199584199584,4.158004158004158,0.0,0.8266479259018993,0.10610374321601708,0.19092373958140857,46.004694555963844,56.21432214328072,272.1308087156738,97.5624910425134,174.56831767316044,0.565760517080403,0.20283262171000707,0.36292789537039594,115.50150440085626,0.24012786777724796,42.44337675177892,0.890625,57.0,0.03117505995203837,13.0,0.9688249400479616,404.0,0.109375,7.0,0.8142857142857143,0.890625,0.8507462686567163,0.8277680682389067,0.9886465827338129,0.9277062056968531,0.9584199584199584,0.09897001837199679,0.9010299816280032,0.04158004158004158,0.9605241079693635,0.9584199584199584,0.9592002025486777,0.8277680682389067,0.9886465827338129,0.9888862139051111,0.9132958396423678,0.9584199584199584,0.699,0.007,0.68,0.01,680.0,10.0,3.2497564E7,1043348.0,161927.0,99.79209979209979,70.89397089397089,?,?
DatasetClassiRealeseNormalizedShuffled,10,10,weka.classifiers.meta.FilteredClassifier,'-F \"weka.filters.MultiFilter -F \\\"weka.filters.supervised.instance.Resample -B 1.0 -S 1 -Z 200.0\\\" -S 1\" -S 1 -W weka.classifiers.trees.RandomForest -- -P 100 -I 100 -num-slots 1 -K 0 -M 1.0 -V 0.001 -S 1',-4523450618538717400,2.0260427122300003E7,4330.0,481.0,457.0,24.0,0.0,95.01039501039502,4.98960498960499,0.0,0.7971391417425228,0.10778034553768867,0.1966184885776779,46.73163948139677,57.89104634375611,272.1308087156738,101.19132254585642,170.9394861698174,0.565760517080403,0.21037696994980545,0.3553835471305975,113.35598404920073,0.2356673265056148,41.65496166501187,0.890625,57.0,0.0407673860911271,17.0,0.9592326139088729,400.0,0.109375,7.0,0.7702702702702703,0.890625,0.8260869565217391,0.8000020863963418,0.9839628297362111,0.9272834173294279,0.9501039501039501,0.1002463361950772,0.8997536638049228,0.0498960498960499,0.9545224680359815,0.9501039501039501,0.951609010705676,0.8000020863963418,0.9839628297362111,0.9881021767929201,0.8984803714647531,0.9501039501039501,0.697,0.008,0.68,0.01,680.0,10.0,3.0072365E7,1043348.0,161927.0,100.0,72.55717255717256,?,?
DatasetClassiRealeseNormalizedShuffled,1,1,weka.classifiers.trees.RandomForest,'-P 100 -I 100 -num-slots 1 -K 0 -M 1.0 -V 0.001 -S 1',1116839470751428698,2.0260427122300003E7,4329.0,482.0,463.0,19.0,0.0,96.05809128630706,3.9419087136929463,0.0,0.8253689790625836,0.07652386028539455,0.17033642432518956,33.20531219816178,50.19683672296015,272.3366817903761,71.65911288882016,200.6775689015559,0.565013862635635,0.14867035869049827,0.41634350394513675,177.8608616736933,0.36900593708235124,65.30918292182062,0.828125,53.0,0.019138755980861243,8.0,0.9808612440191388,410.0,0.171875,11.0,0.8688524590163934,0.828125,0.8480000000000001,0.8256829171210276,0.9893465909090909,0.9316938236793842,0.9605809128630706,0.1515946688439318,0.8484053311560683,0.03941908713692946,0.9599272659235455,0.9605809128630706,0.9601783589434171,0.8256829171210276,0.9893465909090909,0.9895556478847252,0.9126769964243147,0.9605809128630706,0.404,0.01,0.38,0.01,380.0,10.0,2.7467621E7,1043119.0,162156.0,100.0,64.83402489626556,?,-1.0
DatasetClassiRealeseNormalizedShuffled,1,2,weka.classifiers.trees.RandomForest,'-P 100 -I 100 -num-slots 1 -K 0 -M 1.0 -V 0.001 -S 1',1116839470751428698,2.0260427122300003E7,4330.0,481.0,459.0,22.0,0.0,95.42619542619542,4.573804573804574,0.0,0.7906130040761407,0.07685285866136408,0.17364813452748548,33.51906888103117,51.469197906726215,269.42867131105754,74.14594442393984,195.2827268871177,0.5601427677984564,0.15414957260694354,0.4059931951915129,174.61625151188704,0.3630275499207631,64.80982542139742,0.7777777777777778,49.0,0.019138755980861243,8.0,0.9808612440191388,410.0,0.2222222222222222,14.0,0.8596491228070176,0.7777777777777778,0.8166666666666668,0.7919052771334381,0.9885319359003569,0.9147255709179614,0.9542619542619543,0.19562293246503773,0.8043770675349624,0.04573804573804574,0.9529230934394786,0.9542619542619543,0.9532814652767145,0.7919052771334381,0.988531935900357,0.9873727515202328,0.8952692003167062,0.9542619542619543,0.357,0.006,0.33,0.01,330.0,10.0,2.2325022E7,1043348.0,161927.0,100.0,64.76091476091476,?,-1.0
DatasetClassiRealeseNormalizedShuffled,1,3,weka.classifiers.trees.RandomForest,'-P 100 -I 100 -num-slots 1 -K 0 -M 1.0 -V 0.001 -S 1',1116839470751428698,2.0260427122300003E7,4330.0,481.0,463.0,18.0,0.0,96.25779625779626,3.7422037422037424,0.0,0.8310897811073393,0.08129247946518248,0.17381985246782705,35.24697220039386,51.178366833515746,272.1308087156738,77.47759287128959,194.65321584438425,0.565760517080403,0.1610760766554877,0.4046844404249153,171.87490506465255,0.35732828495769764,63.15892929426816,0.8125,52.0,0.014388489208633094,6.0,0.9856115107913669,411.0,0.1875,12.0,0.896551724137931,0.8125,0.8524590163934426,0.8324102292471443,0.9860611510791367,0.938491477951252,0.9625779625779626,0.16446645178659566,0.8355335482134043,0.037422037422037424,0.9616414201887422,0.9625779625779626,0.9617913986766445,0.8324102292471443,0.9860611510791367,0.9898241981038971,0.9155152224824356,0.9625779625779626,0.377,0.009,0.38,0.01,380.0,10.0,2.8265127E7,1043348.0,161927.0,99.79209979209979,65.17671517671518,?,-1.0
DatasetClassiRealeseNormalizedShuffled,1,4,weka.classifiers.trees.RandomForest,'-P 100 -I 100 -num-slots 1 -K 0 -M 1.0 -V 0.001 -S 1',1116839470751428698,2.0260427122300003E7,4330.0,481.0,456.0,25.0,0.0,94.8024948024948,5.197505197505198,0.0,0.7637756605441511,0.08671116096539981,0.1977777970951935,37.59641605371797,58.23238547010023,272.1308087156738,92.92720694852895,179.20360176714487,0.565760517080403,0.1931958564418481,0.3725646606385548,157.89753822648888,0.3282693102421806,58.02266159119914,0.75,48.0,0.02158273381294964,9.0,0.9784172661870504,408.0,0.25,16.0,0.8421052631578947,0.75,0.7933884297520661,0.7654518728333884,0.9749700239808153,0.8805732681081874,0.9480249480249481,0.21960768183789767,0.7803923181621023,0.05197505197505198,0.9462762739823315,0.9480249480249481,0.9467378426409881,0.7654518728333883,0.9749700239808153,0.9806631579408414,0.8818309568498737,0.9480249480249481,0.401,0.008,0.4,0.01,400.0,10.0,2.5939402E7,1043348.0,161927.0,99.58419958419958,65.48856548856548,?,-1.0
DatasetClassiRealeseNormalizedShuffled,1,5,weka.classifiers.trees.RandomForest,'-P 100 -I 100 -num-slots 1 -K 0 -M 1.0 -V 0.001 -S 1',1116839470751428698,2.0260427122300003E7,4330.0,481.0,456.0,25.0,0.0,94.8024948024948,5.197505197505198,0.0,0.7535204050259293,0.07968399186950335,0.1796503420850743,34.54956060780168,52.89505760395415,272.1308087156738,80.83547080111212,191.29533791456169,0.565760517080403,0.16805711185262395,0.39770340522777897,181.58833558880485,0.3775225272116525,66.72832688287454,0.703125,45.0,0.014388489208633094,6.0,0.9856115107913669,411.0,0.296875,19.0,0.8823529411764706,0.703125,0.7826086956521738,0.759786905975813,0.9835881294964028,0.9213833937641367,0.9480249480249481,0.2592884372335811,0.7407115627664189,0.05197505197505198,0.9460395152597614,0.9480249480249481,0.9454860917311511,0.759786905975813,0.983588129496403,0.987104621458035,0.876546378522663,0.9480249480249481,0.415,0.008,0.39,0.01,390.0,10.0,2.9600647E7,1043348.0,161927.0,99.79209979209979,64.34511434511434,?,-1.0
DatasetClassiRealeseNormalizedShuffled,1,6,weka.classifiers.trees.RandomForest,'-P 100 -I 100 -num-slots 1 -K 0 -M 1.0 -V 0.001 -S 1',1116839470751428698,2.0260427122300003E7,4330.0,481.0,465.0,16.0,0.0,96.67359667359668,3.3264033264033266,0.0,0.8518974674774844,0.07517465641251457,0.16343288592630026,32.59439301369713,48.120097157167315,272.1308087156738,71.95777224081122,200.1730364748626,0.565760517080403,0.14960035808900463,0.41616015899139835,183.5828510864232,0.3816691290778029,67.46125216503259,0.84375,54.0,0.014388489208633094,6.0,0.9856115107913669,411.0,0.15625,10.0,0.9,0.84375,0.870967741935484,0.8524820006053738,0.9875599520383693,0.9445393800803391,0.9667359667359667,0.13737445594459982,0.8626255440554002,0.033264033264033266,0.9661018957931073,0.9667359667359667,0.9662788391712868,0.8524820006053738,0.9875599520383693,0.9908736176547351,0.9259373315882671,0.9667359667359667,0.404,0.009,0.38,0.0,380.0,0.0,2.9084371E7,1043348.0,161927.0,99.79209979209979,65.9043659043659,?,-1.0
DatasetClassiRealeseNormalizedShuffled,1,7,weka.classifiers.trees.RandomForest,'-P 100 -I 100 -num-slots 1 -K 0 -M 1.0 -V 0.001 -S 1',1116839470751428698,2.0260427122300003E7,4330.0,481.0,459.0,22.0,0.0,95.42619542619542,4.573804573804574,0.0,0.7846560846560846,0.07715738491473623,0.1794278813947721,33.45406880238638,52.829557750786165,272.1308087156738,80.02179387989358,192.10901483578024,0.565760517080403,0.16636547584177458,0.39939504123862835,178.017422725555,0.3700985919450208,65.41612232944568,0.734375,47.0,0.011990407673860911,5.0,0.988009592326139,412.0,0.265625,17.0,0.9038461538461539,0.734375,0.810344827586207,0.7901256688056855,0.9831010191846523,0.9226451041449923,0.9542619542619543,0.23187736193581515,0.7681226380641848,0.04573804573804574,0.9528517220824914,0.9542619542619543,0.9522205765786105,0.7901256688056854,0.9831010191846523,0.9873675875635654,0.8921700497269096,0.9542619542619543,0.399,0.007,0.37,0.01,370.0,10.0,2.7166057E7,1043348.0,161927.0,99.79209979209979,64.55301455301455,?,-1.0
DatasetClassiRealeseNormalizedShuffled,1,8,weka.classifiers.trees.RandomForest,'-P 100 -I 100 -num-slots 1 -K 0 -M 1.0 -V 0.001 -S 1',1116839470751428698,2.0260427122300003E7,4330.0,481.0,463.0,18.0,0.0,96.25779625779626,3.7422037422037424,0.0,0.828730811837316,0.08104125157640354,0.18235015805782245,35.13804425933448,53.689973548678395,272.1308087156738,83.597036122078,188.5337725935958,0.565760517080403,0.17379841189621204,0.3919621051841909,174.78677276239821,0.3633820639550898,64.22895429859908,0.796875,51.0,0.011990407673860911,5.0,0.988009592326139,412.0,0.203125,13.0,0.9107142857142857,0.796875,0.85,0.8311422118263809,0.9819019784172662,0.9139857439242571,0.9625779625779626,0.17769337025182347,0.8223066297481765,0.037422037422037424,0.9616017051311169,0.9625779625779626,0.9615083382304284,0.8311422118263809,0.9819019784172661,0.9860371747915416,0.9143111638954868,0.9625779625779626,0.418,0.009,0.4,0.0,400.0,0.0,3.0709088E7,1043348.0,161927.0,99.79209979209979,64.03326403326403,?,-1.0
DatasetClassiRealeseNormalizedShuffled,1,9,weka.classifiers.trees.RandomForest,'-P 100 -I 100 -num-slots 1 -K 0 -M 1.0 -V 0.001 -S 1',1116839470751428698,2.0260427122300003E7,4330.0,481.0,462.0,19.0,0.0,96.04989604989605,3.95010395010395,0.0,0.8153476249166551,0.08152960134056543,0.18338870659794126,35.34978402511263,53.99575690659748,272.1308087156738,83.49487912105073,188.6359295946231,0.565760517080403,0.17358602727869174,0.3921744898017112,172.554929180572,0.3587420565084657,63.408817985346104,0.765625,49.0,0.009592326139088728,4.0,0.9904076738609112,413.0,0.234375,15.0,0.9245283018867925,0.765625,0.8376068376068376,0.8200470303103401,0.9834382494004796,0.9246798646391265,0.9604989604989606,0.20446628663804922,0.7955337133619508,0.0395010395010395,0.9595744809551898,0.9604989604989606,0.9588991813843885,0.8200470303103401,0.9834382494004796,0.9876838354461862,0.9075608152531229,0.9604989604989606,0.433,0.006,0.39,0.01,390.0,10.0,3.081628E7,1043348.0,161927.0,99.79209979209979,63.61746361746362,?,-1.0
DatasetClassiRealeseNormalizedShuffled,1,10,weka.classifiers.trees.RandomForest,'-P 100 -I 100 -num-slots 1 -K 0 -M 1.0 -V 0.001 -S 1',1116839470751428698,2.0260427122300003E7,4330.0,481.0,467.0,14.0,0.0,97.0893970893971,2.9106029106029108,0.0,0.8704102840427989,0.0730597444195847,0.16005045057969014,31.67740481612338,47.12419528231385,272.1308087156738,68.01754845689001,204.1132602587838,0.565760517080403,0.141408624650499,0.42435189242990395,184.65809854962396,0.383904570789239,67.8563737127454,0.859375,55.0,0.011990407673860911,5.0,0.988009592326139,412.0,0.140625,9.0,0.9166666666666666,0.859375,0.8870967741935484,0.8710075198197583,0.9899205635491607,0.9507739459286564,0.9708939708939709,0.12350937856783181,0.8764906214321682,0.029106029106029108,0.9703787471008374,0.9708939708939709,0.9704939842748758,0.8710075198197583,0.9899205635491607,0.9920397746511866,0.9351951651397337,0.9708939708939709,0.386,0.007,0.37,0.0,370.0,0.0,2.6462718E7,1043348.0,161927.0,99.79209979209979,65.5925155925156,?,-1.0
DatasetClassiRealeseNormalizedShuffled,2,1,weka.classifiers.trees.RandomForest,'-P 100 -I 100 -num-slots 1 -K 0 -M 1.0 -V 0.001 -S 1',1116839470751428698,2.0260427122300003E7,4329.0,482.0,464.0,18.0,0.0,96.2655601659751,3.7344398340248963,0.0,0.831140521603737,0.07509851452116545,0.17271034069936186,32.58682469746537,50.896411655922186,272.3366817903761,74.04719023072013,198.28949155965594,0.565013862635635,0.15362487599734467,0.4113889866382903,179.68855018842208,0.3727978219676807,65.98029652381994,0.8125,52.0,0.014354066985645933,6.0,0.9856459330143541,412.0,0.1875,12.0,0.896551724137931,0.8125,0.8524590163934426,0.8324602552180301,0.9875897129186603,0.9337222161465479,0.9626556016597511,0.16450966864539696,0.8354903313546029,0.03734439834024896,0.9617201694306687,0.9626556016597511,0.9618703528336253,0.8324602552180301,0.9875897129186603,0.9895419607718915,0.9155406720922082,0.9626556016597511,0.398,0.008,0.38,0.01,380.0,10.0,2.6165016E7,1043119.0,162156.0,100.0,65.45643153526972,?,-1.0
DatasetClassiRealeseNormalizedShuffled,2,2,weka.classifiers.trees.RandomForest,'-P 100 -I 100 -num-slots 1 -K 0 -M 1.0 -V 0.001 -S 1',1116839470751428698,2.0260427122300003E7,4330.0,481.0,457.0,24.0,0.0,95.01039501039502,4.98960498960499,0.0,0.7615270203272185,0.08816704837446496,0.1948446242065095,38.45370776021103,57.75182412201035,269.42867131105754,89.93269650741752,179.49597480364002,0.5601427677984564,0.18697026300918404,0.3731725047892724,158.28642032278856,0.32907779692887434,58.74891471370011,0.7142857142857143,45.0,0.014354066985645933,6.0,0.9856459330143541,412.0,0.2857142857142857,18.0,0.8823529411764706,0.7142857142857143,0.7894736842105262,0.7669988809066953,0.9808232702969545,0.8770819708007503,0.9501039501039501,0.2501723028038817,0.7498276971961182,0.0498960498960499,0.9482132242734158,0.9501039501039501,0.9478308803035715,0.7669988809066953,0.9808232702969545,0.9813902691282501,0.8805858987090367,0.9501039501039501,0.428,0.007,0.39,0.01,390.0,10.0,3.1448738E7,1043348.0,161927.0,100.0,65.38461538461539,?,-1.0
DatasetClassiRealeseNormalizedShuffled,2,3,weka.classifiers.trees.RandomForest,'-P 100 -I 100 -num-slots 1 -K 0 -M 1.0 -V 0.001 -S 1',1116839470751428698,2.0260427122300003E7,4330.0,481.0,466.0,15.0,0.0,96.88149688149689,3.1185031185031185,0.0,0.8542218091447278,0.07587238233513291,0.16544256000623986,32.89691455517079,48.71181229107582,272.1308087156738,73.53345709106893,198.5973516246049,0.565760517080403,0.15287621016854247,0.4128843069118605,183.35724858278792,0.3812001010037171,67.37834993698277,0.796875,51.0,0.004796163069544364,2.0,0.9952038369304557,415.0,0.203125,13.0,0.9622641509433962,0.796875,0.8717948717948717,0.8591452730202845,0.9854241606714629,0.9491690132417981,0.9688149688149689,0.17673613188451318,0.8232638681154868,0.031185031185031187,0.9686466066734097,0.9688149688149689,0.9675519853034645,0.8591452730202845,0.9854241606714629,0.9909337889580455,0.9270216962524654,0.9688149688149689,0.422,0.008,0.39,0.01,390.0,10.0,2.863119E7,1043348.0,161927.0,99.79209979209979,64.65696465696466,?,-1.0
DatasetClassiRealeseNormalizedShuffled,2,4,weka.classifiers.trees.RandomForest,'-P 100 -I 100 -num-slots 1 -K 0 -M 1.0 -V 0.001 -S 1',1116839470751428698,2.0260427122300003E7,4330.0,481.0,460.0,21.0,0.0,95.63409563409563,4.365904365904366,0.0,0.7929571402217807,0.07247370718400319,0.16679190743599728,31.423309501441977,49.10910521685811,272.1308087156738,69.77723379956605,202.3535749161078,0.565760517080403,0.14506701413631196,0.420693502944091,188.33252507329334,0.39154371117108805,69.20661646585773,0.734375,47.0,0.009592326139088728,4.0,0.9904076738609112,413.0,0.265625,17.0,0.9215686274509803,0.734375,0.8173913043478261,0.7995516088509957,0.9904826139088729,0.9537912081745387,0.9563409563409564,0.23155828248004506,0.7684417175199549,0.04365904365904366,0.9552896998861431,0.9563409563409564,0.9542083170541669,0.7995516088509956,0.9904826139088729,0.9925379557473609,0.896298957959037,0.9563409563409564,0.411,0.007,0.39,0.01,390.0,10.0,2.772873E7,1043348.0,161927.0,99.79209979209979,62.99376299376299,?,-1.0
DatasetClassiRealeseNormalizedShuffled,2,5,weka.classifiers.trees.RandomForest,'-P 100 -I 100 -num-slots 1 -K 0 -M 1.0 -V 0.001 -S 1',1116839470751428698,2.0260427122300003E7,4330.0,481.0,451.0,30.0,0.0,93.76299376299376,6.237006237006237,0.0,0.710508365766561,0.0841641782871639,0.18957430735178465,36.4920896972668,55.81700424958705,272.1308087156738,85.73015578452048,186.40065293115333,0.565760517080403,0.17823317210919018,0.3875273449712128,170.54041833661648,0.35455388427570994,62.66854500653013,0.6875,44.0,0.023980815347721823,10.0,0.9760191846522782,407.0,0.3125,20.0,0.8148148148148148,0.6875,0.7457627118644067,0.7138396736085748,0.9805530575539568,0.9022646196359725,0.9376299376299376,0.2741107529776594,0.7258892470223406,0.062370062370062374,0.9347537052455085,0.9376299376299376,0.9353566292677866,0.7138396736085749,0.9805530575539568,0.9843051161273849,0.8551088440838621,0.9376299376299376,0.393,0.007,0.37,0.01,370.0,10.0,2.4094362E7,1043348.0,161927.0,99.58419958419958,65.28066528066527,?,-1.0
DatasetClassiRealeseNormalizedShuffled,2,6,weka.classifiers.trees.RandomForest,'-P 100 -I 100 -num-slots 1 -K 0 -M 1.0 -V 0.001 -S 1',1116839470751428698,2.0260427122300003E7,4330.0,481.0,468.0,13.0,0.0,97.29729729729729,2.7027027027027026,0.0,0.8788436573598654,0.07403461712255492,0.16255052371808026,32.1000922687214,47.860300269003055,272.1308087156738,68.72330577431316,203.40750294136066,0.565760517080403,0.14287589558069264,0.4228846214997103,184.52175797934078,0.38362111846016794,67.80627259743007,0.859375,55.0,0.009592326139088728,4.0,0.9904076738609112,413.0,0.140625,9.0,0.9322033898305084,0.859375,0.8943089430894309,0.8797993873746021,0.9919439448441247,0.9534653975539839,0.972972972972973,0.12319029911206171,0.8768097008879383,0.02702702702702703,0.9724899210400053,0.972972972972973,0.9725041766089472,0.8797993873746021,0.9919439448441247,0.9927400556285143,0.9394071533087203,0.972972972972973,0.425,0.007,0.36,0.0,360.0,0.0,2.6745173E7,1043348.0,161927.0,100.0,65.17671517671518,?,-1.0
DatasetClassiRealeseNormalizedShuffled,2,7,weka.classifiers.trees.RandomForest,'-P 100 -I 100 -num-slots 1 -K 0 -M 1.0 -V 0.001 -S 1',1116839470751428698,2.0260427122300003E7,4330.0,481.0,462.0,19.0,0.0,96.04989604989605,3.95010395010395,0.0,0.8276408351092924,0.07913250743038504,0.17503829297456577,34.31044677067388,51.53711639136749,272.1308087156738,76.45805824054472,195.6727504751291,0.565760517080403,0.1589564620385545,0.40680405504184847,173.99585075259432,0.36173773545237903,63.93831392107744,0.84375,54.0,0.02158273381294964,9.0,0.9784172661870504,408.0,0.15625,10.0,0.8571428571428571,0.84375,0.8503937007874015,0.8276748916302482,0.9871103117505995,0.9298058979655797,0.9604989604989606,0.13833169431191014,0.8616683056880898,0.0395010395010395,0.9602516970938022,0.9604989604989606,0.9603670979124797,0.8276748916302481,0.9871103117505996,0.9889381581148353,0.9138196048847187,0.9604989604989606,0.436,0.008,0.41,0.01,410.0,10.0,3.163983E7,1043348.0,161927.0,100.0,64.55301455301455,?,-1.0
DatasetClassiRealeseNormalizedShuffled,2,8,weka.classifiers.trees.RandomForest,'-P 100 -I 100 -num-slots 1 -K 0 -M 1.0 -V 0.001 -S 1',1116839470751428698,2.0260427122300003E7,4330.0,481.0,465.0,16.0,0.0,96.67359667359668,3.3264033264033266,0.0,0.8477607216331697,0.0750584010087556,0.17126399595602454,32.543986739815516,50.42583735959349,272.1308087156738,75.41160669706245,196.71920201861138,0.565760517080403,0.15678088710407995,0.40897962997632303,183.19454046260904,0.3808618304835947,67.31855952922012,0.8125,52.0,0.009592326139088728,4.0,0.9904076738609112,413.0,0.1875,12.0,0.9285714285714286,0.8125,0.8666666666666666,0.8502274939139586,0.9861735611510791,0.9036362620631482,0.9667359667359667,0.16382829287505546,0.8361717071249446,0.033264033264033266,0.9660175754293402,0.9667359667359667,0.9657851895381585,0.8502274939139586,0.9861735611510791,0.985323653223977,0.9238321456848773,0.9667359667359667,0.408,0.006,0.38,0.0,380.0,0.0,2.7070342E7,1043348.0,161927.0,99.79209979209979,63.61746361746362,?,-1.0
DatasetClassiRealeseNormalizedShuffled,2,9,weka.classifiers.trees.RandomForest,'-P 100 -I 100 -num-slots 1 -K 0 -M 1.0 -V 0.001 -S 1',1116839470751428698,2.0260427122300003E7,4330.0,481.0,466.0,15.0,0.0,96.88149688149689,3.1185031185031185,0.0,0.8602042200306138,0.08145606458670979,0.17214324922805285,35.31789979749515,50.68471887316377,272.1308087156738,77.49969005583094,194.63111865984288,0.565760517080403,0.16112201674808926,0.4046385003323137,172.719508442404,0.35908421713597505,63.469295982162684,0.84375,54.0,0.011990407673860911,5.0,0.988009592326139,412.0,0.15625,10.0,0.9152542372881356,0.84375,0.8780487804878049,0.8611396799215758,0.9871103117505995,0.9421347084291104,0.9688149688149689,0.1370553764888297,0.8629446235111703,0.031185031185031187,0.9681803629911913,0.9688149688149689,0.9682740499334005,0.8611396799215757,0.9871103117505996,0.9905140646617375,0.9300851768946772,0.9688149688149689,0.435,0.007,0.41,0.0,410.0,0.0,3.0538006E7,1043348.0,161927.0,100.0,66.00831600831602,?,-1.0
DatasetClassiRealeseNormalizedShuffled,2,10,weka.classifiers.trees.RandomForest,'-P 100 -I 100 -num-slots 1 -K 0 -M 1.0 -V 0.001 -S 1',1116839470751428698,2.0260427122300003E7,4330.0,481.0,455.0,26.0,0.0,94.5945945945946,5.405405405405405,0.0,0.7560185727106012,0.08524076155975958,0.19166652889681027,36.95887704254444,56.433024112727395,272.1308087156738,87.000265945472,185.13054277020183,0.565760517080403,0.18087373377437005,0.38488678330603293,162.1791748590488,0.33717084170280415,59.59603604768467,0.75,48.0,0.023980815347721823,10.0,0.9760191846522782,407.0,0.25,16.0,0.8275862068965517,0.75,0.7868852459016394,0.7572197465677308,0.9804781175059952,0.9042871689134103,0.9459459459459459,0.21992676129366778,0.7800732387063323,0.05405405405405406,0.944267084399146,0.9459459459459459,0.9448097980884865,0.757219746567731,0.9804781175059951,0.9846208042784632,0.8779664324746292,0.9459459459459459,0.43,0.008,0.41,0.01,410.0,10.0,3.0238052E7,1043348.0,161927.0,100.0,64.55301455301455,?,-1.0
DatasetClassiRealeseNormalizedShuffled,3,1,weka.classifiers.trees.RandomForest,'-P 100 -I 100 -num-slots 1 -K 0 -M 1.0 -V 0.001 -S 1',1116839470751428698,2.0260427122300003E7,4329.0,482.0,466.0,16.0,0.0,96.6804979253112,3.319502074688797,0.0,0.8519428659192136,0.07295830196484573,0.1649558060538988,31.658141462746407,48.611209820772,272.3366817903761,69.56913069626471,202.76755109411135,0.565013862635635,0.1443342960503417,0.42067956658529326,182.90257187850435,0.37946591676038244,67.16046133634276,0.84375,54.0,0.014354066985645933,6.0,0.9856459330143541,412.0,0.15625,10.0,0.9,0.84375,0.870967741935484,0.8525270715062174,0.9909913277511961,0.9525747093414844,0.966804979253112,0.13740904623875796,0.862590953761242,0.03319502074688797,0.9661717567009498,0.966804979253112,0.9663486114563613,0.8525270715062174,0.9909913277511961,0.9924986419548988,0.9259600614439325,0.966804979253112,0.416,0.007,0.4,0.01,400.0,10.0,2.941548E7,1043119.0,162156.0,100.0,63.48547717842324,?,-1.0
DatasetClassiRealeseNormalizedShuffled,3,2,weka.classifiers.trees.RandomForest,'-P 100 -I 100 -num-slots 1 -K 0 -M 1.0 -V 0.001 -S 1',1116839470751428698,2.0260427122300003E7,4330.0,481.0,456.0,25.0,0.0,94.8024948024948,5.197505197505198,0.0,0.7569381278677261,0.08036016028098296,0.1813860361470544,35.048764543915574,53.76270708218661,269.42867131105754,78.70418300704156,190.72448830401598,0.5601427677984564,0.1636261600977995,0.39651660770065694,173.4813068354629,0.3606679975789249,64.38858418122003,0.7301587301587301,46.0,0.019138755980861243,8.0,0.9808612440191388,410.0,0.2698412698412698,17.0,0.8518518518518519,0.7301587301587301,0.7863247863247863,0.7598526797433216,0.987164881901724,0.9251721268272333,0.9480249480249481,0.2370049738470791,0.7629950261529209,0.05197505197505198,0.9459978804241099,0.9480249480249481,0.9463026977819876,0.7598526797433215,0.987164881901724,0.9885322908793365,0.8783694937541091,0.9480249480249481,0.417,0.007,0.39,0.01,390.0,10.0,2.8372133E7,1043348.0,161927.0,100.0,64.24116424116424,?,-1.0
DatasetClassiRealeseNormalizedShuffled,3,3,weka.classifiers.trees.RandomForest,'-P 100 -I 100 -num-slots 1 -K 0 -M 1.0 -V 0.001 -S 1',1116839470751428698,2.0260427122300003E7,4330.0,481.0,455.0,26.0,0.0,94.5945945945946,5.405405405405405,0.0,0.7417929553619359,0.08817033098103054,0.20537754781417558,38.22908620125126,60.47000576845672,272.1308087156738,103.67142952588219,168.45937918979163,0.565760517080403,0.2155331175174266,0.3502273995629764,156.34329408572322,0.325038033442252,57.4515229729365,0.6875,44.0,0.014388489208633094,6.0,0.9856115107913669,411.0,0.3125,20.0,0.88,0.6875,0.7719298245614036,0.7490682589763447,0.9641037170263789,0.8714907401349129,0.9459459459459459,0.272834435154579,0.7271655648454209,0.05405405405405406,0.9438038502539662,0.9459459459459459,0.9430730382815784,0.7490682589763447,0.964103717026379,0.9776504943265328,0.8706347236014564,0.9459459459459459,0.399,0.007,0.39,0.01,390.0,10.0,2.6344655E7,1043348.0,161927.0,99.37629937629937,63.82536382536382,?,-1.0
DatasetClassiRealeseNormalizedShuffled,3,4,weka.classifiers.trees.RandomForest,'-P 100 -I 100 -num-slots 1 -K 0 -M 1.0 -V 0.001 -S 1',1116839470751428698,2.0260427122300003E7,4330.0,481.0,466.0,15.0,0.0,96.88149688149689,3.1185031185031185,0.0,0.8620907162107921,0.07309092085189929,0.16064920240950836,31.690922362276847,47.30048780790064,272.1308087156738,70.71282463661328,201.41798407906055,0.565760517080403,0.14701210943162843,0.4187484076487745,183.55822834799417,0.38161793835341823,67.45220403904302,0.859375,55.0,0.014388489208633094,6.0,0.9856115107913669,411.0,0.140625,9.0,0.9016393442622951,0.859375,0.88,0.8624188249903527,0.9853117505995204,0.9506136580460209,0.9688149688149689,0.12382845802360191,0.8761715419763981,0.031185031185031187,0.9683351429253069,0.9688149688149689,0.9684966355934097,0.8624188249903527,0.9853117505995204,0.9911840792011386,0.9310394265232975,0.9688149688149689,0.385,0.008,0.38,0.0,380.0,0.0,2.6032812E7,1043348.0,161927.0,99.79209979209979,66.32016632016632,?,-1.0
DatasetClassiRealeseNormalizedShuffled,3,5,weka.classifiers.trees.RandomForest,'-P 100 -I 100 -num-slots 1 -K 0 -M 1.0 -V 0.001 -S 1',1116839470751428698,2.0260427122300003E7,4330.0,481.0,459.0,22.0,0.0,95.42619542619542,4.573804573804574,0.0,0.7990886652743497,0.08966803941987665,0.19151240158484176,38.87846592315917,56.38764388717204,272.1308087156738,90.8631832026687,181.26762551300513,0.565760517080403,0.188904746783095,0.37685577029730793,157.6908831547438,0.32783967391838625,57.94672198233221,0.8125,52.0,0.023980815347721823,10.0,0.9760191846522782,407.0,0.1875,12.0,0.8387096774193549,0.8125,0.8253968253968254,0.799221985843371,0.9803657074340527,0.8746903149209624,0.9542619542619543,0.1657427696096761,0.834257230390324,0.04573804573804574,0.9537103920813212,0.9542619542619543,0.9539536644799803,0.799221985843371,0.9803657074340527,0.9806979379971401,0.8995405179615705,0.9542619542619543,0.413,0.006,0.38,0.01,380.0,10.0,2.8870624E7,1043348.0,161927.0,99.58419958419958,65.28066528066527,?,-1.0
DatasetClassiRealeseNormalizedShuffled,3,6,weka.classifiers.trees.RandomForest,'-P 100 -I 100 -num-slots 1 -K 0 -M 1.0 -V 0.001 -S 1',1116839470751428698,2.0260427122300003E7,4330.0,481.0,468.0,13.0,0.0,97.29729729729729,2.7027027027027026,0.0,0.8771633434829587,0.07255851248423618,0.15339208365706616,31.46007957020386,45.16374979786454,272.1308087156738,64.31797363419805,207.81283508147578,0.565760517080403,0.13371720090269865,0.4320433161777043,190.6735056724606,0.3964106147036603,70.06685739565746,0.84375,54.0,0.007194244604316547,3.0,0.9928057553956835,414.0,0.15625,10.0,0.9473684210526315,0.84375,0.8925619834710744,0.8790884008682217,0.9954286570743405,0.95542532821618,0.972972972972973,0.1364172175772895,0.8635827824227105,0.02702702702702703,0.9725502563139107,0.972972972972973,0.9723036781733139,0.8790884008682217,0.9954286570743405,0.9934951184911694,0.9385520975619344,0.972972972972973,0.424,0.006,0.37,0.0,370.0,0.0,2.6892931E7,1043348.0,161927.0,100.0,64.76091476091476,?,-1.0
DatasetClassiRealeseNormalizedShuffled,3,7,weka.classifiers.trees.RandomForest,'-P 100 -I 100 -num-slots 1 -K 0 -M 1.0 -V 0.001 -S 1',1116839470751428698,2.0260427122300003E7,4330.0,481.0,464.0,17.0,0.0,96.46569646569647,3.5343035343035343,0.0,0.8415647827013624,0.0762973951241624,0.17110737174845286,33.08119253584366,50.37972196462388,272.1308087156738,73.7969944059151,198.33381430975874,0.565760517080403,0.1534241047940023,0.4123364122864007,178.56877027026778,0.37124484463673135,65.61872619753208,0.828125,53.0,0.014388489208633094,6.0,0.9856115107913669,411.0,0.171875,11.0,0.8983050847457628,0.828125,0.8617886178861789,0.8424799724685494,0.9872976618705036,0.9276344529668464,0.9646569646569647,0.15092045386559774,0.8490795461344023,0.035343035343035345,0.963870804942377,0.9646569646569647,0.9640439232578538,0.8424799724685494,0.9872976618705035,0.9886756582055609,0.9207632004806341,0.9646569646569647,0.393,0.006,0.38,0.0,380.0,0.0,2.7262506E7,1043348.0,161927.0,100.0,64.76091476091476,?,-1.0
DatasetClassiRealeseNormalizedShuffled,3,8,weka.classifiers.trees.RandomForest,'-P 100 -I 100 -num-slots 1 -K 0 -M 1.0 -V 0.001 -S 1',1116839470751428698,2.0260427122300003E7,4330.0,481.0,460.0,21.0,0.0,95.63409563409563,4.365904365904366,0.0,0.7959105328026188,0.08647464051390144,0.19038341686297205,37.493864995691034,56.055233098502335,272.1308087156738,90.64812019754193,181.4826885181319,0.565760517080403,0.18845763034832003,0.37730288673208295,163.21085240522766,0.33931570146616974,59.975146943304274,0.75,48.0,0.011990407673860911,5.0,0.988009592326139,412.0,0.25,16.0,0.9056603773584906,0.75,0.8205128205128206,0.800497908955368,0.9759442446043165,0.9053599021669607,0.9563409563409564,0.21833136401481723,0.7816686359851828,0.04365904365904366,0.9550384180960799,0.9563409563409564,0.9545727794248504,0.800497908955368,0.9759442446043165,0.9839236024916047,0.8978303747534517,0.9563409563409564,0.416,0.008,0.38,0.01,380.0,10.0,3.0119008E7,1043348.0,161927.0,99.37629937629937,64.76091476091476,?,-1.0
DatasetClassiRealeseNormalizedShuffled,3,9,weka.classifiers.trees.RandomForest,'-P 100 -I 100 -num-slots 1 -K 0 -M 1.0 -V 0.001 -S 1',1116839470751428698,2.0260427122300003E7,4330.0,481.0,467.0,14.0,0.0,97.0893970893971,2.9106029106029108,0.0,0.8704102840427989,0.06925412103988517,0.15866365351217215,30.027354253612383,46.715875933071416,272.1308087156738,65.20435378603024,206.92645492964357,0.565760517080403,0.13555998708114395,0.43020052999925895,192.4024776908688,0.4000051511244674,70.70220332600918,0.859375,55.0,0.011990407673860911,5.0,0.988009592326139,412.0,0.140625,9.0,0.9166666666666666,0.859375,0.8870967741935484,0.8710075198197583,0.9922062350119905,0.9441031628234963,0.9708939708939709,0.12350937856783181,0.8764906214321682,0.029106029106029108,0.9703787471008374,0.9708939708939709,0.9704939842748758,0.8710075198197583,0.9922062350119905,0.9915583764784364,0.9351951651397337,0.9708939708939709,0.427,0.007,0.37,0.01,370.0,10.0,2.744898E7,1043348.0,161927.0,100.0,63.305613305613306,?,-1.0
DatasetClassiRealeseNormalizedShuffled,3,10,weka.classifiers.trees.RandomForest,'-P 100 -I 100 -num-slots 1 -K 0 -M 1.0 -V 0.001 -S 1',1116839470751428698,2.0260427122300003E7,4330.0,481.0,465.0,16.0,0.0,96.67359667359668,3.3264033264033266,0.0,0.8456044617421659,0.07859507643280844,0.17392047419230475,34.07742625566639,51.20799322804795,272.1308087156738,75.03024606845266,197.10056264722118,0.565760517080403,0.15598803756435065,0.40977247951605233,171.90432528371292,0.3573894496542888,63.1697403520823,0.796875,51.0,0.007194244604316547,3.0,0.9928057553956835,414.0,0.203125,13.0,0.9444444444444444,0.796875,0.8644067796610169,0.8495691846228096,0.9887589928057554,0.9455024006682943,0.9667359667359667,0.17705521134028326,0.8229447886597168,0.033264033264033266,0.9662139170335892,0.9667359667359667,0.9655235356094862,0.8495691846228095,0.9887589928057554,0.9912287534593832,0.9227247168447263,0.9667359667359667,0.416,0.007,0.38,0.0,380.0,0.0,2.7238571E7,1043348.0,161927.0,100.0,63.61746361746362,?,-1.0
DatasetClassiRealeseNormalizedShuffled,4,1,weka.classifiers.trees.RandomForest,'-P 100 -I 100 -num-slots 1 -K 0 -M 1.0 -V 0.001 -S 1',1116839470751428698,2.0260427122300003E7,4329.0,482.0,460.0,22.0,0.0,95.4356846473029,4.564315352697095,0.0,0.7936161930712342,0.08009187312026293,0.18343181203815384,34.75354799895639,54.05594695998487,272.3366817903761,84.00887194402667,188.3278098463494,0.565013862635635,0.17429226544403872,0.39072159719159627,175.41760931330438,0.36393694878278915,64.4120388631038,0.78125,50.0,0.019138755980861243,8.0,0.9808612440191388,410.0,0.21875,14.0,0.8620689655172413,0.78125,0.8196721311475409,0.7948763433582426,0.9806743421052632,0.9185091204149387,0.9543568464730291,0.1922456024538903,0.8077543975461098,0.04564315352697095,0.9530508858934659,0.9543568464730291,0.9533970979077641,0.7948763433582426,0.9806743421052632,0.9864743847641538,0.8967719325571433,0.9543568464730291,0.566,0.009,0.38,0.0,380.0,0.0,3.1378679E7,1043119.0,162156.0,99.79253112033194,64.73029045643153,?,-1.0
DatasetClassiRealeseNormalizedShuffled,4,2,weka.classifiers.trees.RandomForest,'-P 100 -I 100 -num-slots 1 -K 0 -M 1.0 -V 0.001 -S 1',1116839470751428698,2.0260427122300003E7,4330.0,481.0,467.0,14.0,0.0,97.0893970893971,2.9106029106029108,0.0,0.8703953192963547,0.07178553889968875,0.15487217514638943,31.30897750522142,45.90401535003526,269.42867131105754,63.792985318082735,205.6356859929748,0.5601427677984564,0.1326257491020431,0.4275170186964133,185.50122227639017,0.38565742677004194,68.8498448861174,0.873015873015873,55.0,0.014354066985645933,6.0,0.9856459330143541,412.0,0.12698412698412698,8.0,0.9016393442622951,0.873015873015873,0.8870967741935485,0.8705445449603183,0.9942659679501785,0.9623546507898731,0.9708939708939709,0.1122321648637438,0.8877678351362562,0.029106029106029108,0.9705641869576295,0.9708939708939709,0.9706939775844232,0.8705445449603183,0.9942659679501786,0.9943358297284651,0.9351951651397337,0.9708939708939709,0.489,0.007,0.4,0.01,400.0,10.0,3.2385366E7,1043348.0,161927.0,100.0,63.72141372141372,?,-1.0
DatasetClassiRealeseNormalizedShuffled,4,3,weka.classifiers.trees.RandomForest,'-P 100 -I 100 -num-slots 1 -K 0 -M 1.0 -V 0.001 -S 1',1116839470751428698,2.0260427122300003E7,4330.0,481.0,463.0,18.0,0.0,96.25779625779626,3.7422037422037424,0.0,0.828730811837316,0.08081558277020384,0.18169728714737352,35.0401982815645,53.497746559209105,272.1308087156738,79.25646213957693,192.8743465760969,0.565760517080403,0.16477434956252998,0.40098616751787297,172.88777565099826,0.3594340450124704,63.53112919001901,0.796875,51.0,0.011990407673860911,5.0,0.988009592326139,412.0,0.203125,13.0,0.9107142857142857,0.796875,0.85,0.8311422118263809,0.9875224820143885,0.9147185883079084,0.9625779625779626,0.17769337025182347,0.8223066297481765,0.037422037422037424,0.9616017051311169,0.9625779625779626,0.9615083382304284,0.8311422118263809,0.9875224820143885,0.9870344858116273,0.9143111638954868,0.9625779625779626,0.428,0.007,0.41,0.0,410.0,0.0,2.8204147E7,1043348.0,161927.0,100.0,64.34511434511434,?,-1.0
DatasetClassiRealeseNormalizedShuffled,4,4,weka.classifiers.trees.RandomForest,'-P 100 -I 100 -num-slots 1 -K 0 -M 1.0 -V 0.001 -S 1',1116839470751428698,2.0260427122300003E7,4330.0,481.0,457.0,24.0,0.0,95.01039501039502,4.98960498960499,0.0,0.7684066926132488,0.08594507185509011,0.19219789935495213,37.26425345083321,56.58947731324033,272.1308087156738,91.45538367894211,180.67542503673172,0.565760517080403,0.19013593280445346,0.3756245842759495,164.05361182007715,0.3410678000417404,60.28483602952972,0.734375,47.0,0.016786570743405275,7.0,0.9832134292565947,410.0,0.265625,17.0,0.8703703703703703,0.734375,0.7966101694915254,0.7720094640432469,0.9755695443645084,0.8788756846493242,0.9501039501039501,0.23251552084735536,0.7674844791526446,0.0498960498960499,0.948236653154686,0.9501039501039501,0.9482853034142295,0.7720094640432469,0.9755695443645084,0.9803830754534691,0.8840870752670897,0.9501039501039501,0.357,0.008,0.36,0.0,360.0,0.0,2.6804526E7,1043348.0,161927.0,99.37629937629937,65.38461538461539,?,-1.0
DatasetClassiRealeseNormalizedShuffled,4,5,weka.classifiers.trees.RandomForest,'-P 100 -I 100 -num-slots 1 -K 0 -M 1.0 -V 0.001 -S 1',1116839470751428698,2.0260427122300003E7,4330.0,481.0,451.0,30.0,0.0,93.76299376299376,6.237006237006237,0.0,0.710508365766561,0.08303627255824009,0.19528405207762373,36.0030498483953,57.49814369341905,272.1308087156738,88.63226664745537,183.49854206821846,0.565760517080403,0.18426666662672633,0.3814938504536766,167.1701182581559,0.3475470234057295,61.43005970074401,0.6875,44.0,0.023980815347721823,10.0,0.9760191846522782,407.0,0.3125,20.0,0.8148148148148148,0.6875,0.7457627118644067,0.7138396736085748,0.9781549760191847,0.8866972128084926,0.9376299376299376,0.2741107529776594,0.7258892470223406,0.062370062370062374,0.9347537052455085,0.9376299376299376,0.9353566292677866,0.7138396736085749,0.9781549760191847,0.9818859679754516,0.8551088440838621,0.9376299376299376,0.392,0.007,0.36,0.0,360.0,0.0,2.402624E7,1043348.0,161927.0,99.79209979209979,63.82536382536382,?,-1.0
DatasetClassiRealeseNormalizedShuffled,4,6,weka.classifiers.trees.RandomForest,'-P 100 -I 100 -num-slots 1 -K 0 -M 1.0 -V 0.001 -S 1',1116839470751428698,2.0260427122300003E7,4330.0,481.0,466.0,15.0,0.0,96.88149688149689,3.1185031185031185,0.0,0.8620907162107921,0.0764860912243425,0.16612451471559583,33.16300780634749,48.912602521787385,272.1308087156738,72.65980036270314,199.47100835297067,0.565760517080403,0.15105987601393583,0.4147006410664671,179.54037427896398,0.3732648113907775,65.97576185008523,0.859375,55.0,0.014388489208633094,6.0,0.9856115107913669,411.0,0.140625,9.0,0.9016393442622951,0.859375,0.88,0.8624188249903527,0.989246103117506,0.9429272504766397,0.9688149688149689,0.12382845802360191,0.8761715419763981,0.031185031185031187,0.9683351429253069,0.9688149688149689,0.9684966355934097,0.8624188249903527,0.989246103117506,0.990953246070901,0.9310394265232975,0.9688149688149689,0.396,0.007,0.36,0.01,360.0,10.0,2.8283719E7,1043348.0,161927.0,100.0,65.8004158004158,?,-1.0
DatasetClassiRealeseNormalizedShuffled,4,7,weka.classifiers.trees.RandomForest,'-P 100 -I 100 -num-slots 1 -K 0 -M 1.0 -V 0.001 -S 1',1116839470751428698,2.0260427122300003E7,4330.0,481.0,459.0,22.0,0.0,95.42619542619542,4.573804573804574,0.0,0.7990886652743497,0.08486610125944613,0.17503165707789167,36.79643100477295,51.535162561874294,272.1308087156738,77.80303124815528,194.32777746751856,0.565760517080403,0.16175266371757854,0.40400785336282447,164.81974993157533,0.34266060276834787,60.56636905958757,0.8125,52.0,0.023980815347721823,10.0,0.9760191846522782,407.0,0.1875,12.0,0.8387096774193549,0.8125,0.8253968253968254,0.799221985843371,0.9889088729016786,0.9397527099137216,0.9542619542619543,0.1657427696096761,0.834257230390324,0.04573804573804574,0.9537103920813212,0.9542619542619543,0.9539536644799803,0.799221985843371,0.9889088729016786,0.9905109536410602,0.8995405179615705,0.9542619542619543,0.392,0.009,0.4,0.0,400.0,0.0,3.3413869E7,1043348.0,161927.0,100.0,66.32016632016632,?,-1.0
DatasetClassiRealeseNormalizedShuffled,4,8,weka.classifiers.trees.RandomForest,'-P 100 -I 100 -num-slots 1 -K 0 -M 1.0 -V 0.001 -S 1',1116839470751428698,2.0260427122300003E7,4330.0,481.0,463.0,18.0,0.0,96.25779625779626,3.7422037422037424,0.0,0.8263050194599365,0.0760809297663369,0.1757915055103134,32.98733700947985,51.75888730482072,272.1308087156738,76.63640315620582,195.49440555946802,0.565760517080403,0.15932724148899338,0.4064332755914096,177.57317934877432,0.36917500904111084,65.25287606604856,0.78125,50.0,0.009592326139088728,4.0,0.9904076738609112,413.0,0.21875,14.0,0.9259259259259259,0.78125,0.847457627118644,0.830179254477919,0.9861735611510791,0.9328614292217827,0.9625779625779626,0.1909202887170513,0.8090797112829488,0.037422037422037424,0.9617196010638633,0.9625779625779626,0.9612139775606718,0.830179254477919,0.9861735611510791,0.9891829846844433,0.9130653064503171,0.9625779625779626,0.38,0.009,0.38,0.01,380.0,10.0,2.8047476E7,1043348.0,161927.0,100.0,63.40956340956341,?,-1.0
DatasetClassiRealeseNormalizedShuffled,4,9,weka.classifiers.trees.RandomForest,'-P 100 -I 100 -num-slots 1 -K 0 -M 1.0 -V 0.001 -S 1',1116839470751428698,2.0260427122300003E7,4330.0,481.0,461.0,20.0,0.0,95.84199584199584,4.158004158004158,0.0,0.7984411666107946,0.077196928804165,0.17156960865556084,33.47121432901518,50.51581993997075,272.1308087156738,73.9268511762938,198.20395753938004,0.565760517080403,0.15369407728959208,0.4120664397908109,185.27954993922887,0.38519656952022635,68.08473866434271,0.71875,46.0,0.004796163069544364,2.0,0.9952038369304557,415.0,0.28125,18.0,0.9583333333333334,0.71875,0.8214285714285714,0.8090280502604367,0.9915317745803357,0.9452720134335467,0.9584199584199584,0.24446612148950278,0.7555338785104972,0.04158004158004158,0.95841675749297,0.9584199584199584,0.9558412970177677,0.8090280502604367,0.9915317745803358,0.9916019858952084,0.8989495798319328,0.9584199584199584,0.421,0.008,0.39,0.0,390.0,0.0,2.9853197E7,1043348.0,161927.0,100.0,64.44906444906445,?,-1.0
DatasetClassiRealeseNormalizedShuffled,4,10,weka.classifiers.trees.RandomForest,'-P 100 -I 100 -num-slots 1 -K 0 -M 1.0 -V 0.001 -S 1',1116839470751428698,2.0260427122300003E7,4330.0,481.0,465.0,16.0,0.0,96.67359667359668,3.3264033264033266,0.0,0.8498575832065238,0.07737007217943065,0.16238761105844668,33.54628621481348,47.81233334383209,272.1308087156738,72.39813711580626,199.73267159986756,0.565760517080403,0.1505158775796388,0.4152446395007642,178.26988636872932,0.37062346438405264,65.50889522949541,0.828125,53.0,0.011990407673860911,5.0,0.988009592326139,412.0,0.171875,11.0,0.9137931034482759,0.828125,0.8688524590163935,0.8512078499169976,0.9870728417266187,0.9528441116002804,0.9667359667359667,0.15060137440982763,0.8493986255901723,0.033264033264033266,0.9659850041361413,0.9667359667359667,0.966036798823684,0.8512078499169976,0.9870728417266187,0.991659298801433,0.9249024199843872,0.9667359667359667,0.416,0.008,0.39,0.01,390.0,10.0,3.0318672E7,1043348.0,161927.0,99.79209979209979,66.00831600831602,?,-1.0
DatasetClassiRealeseNormalizedShuffled,5,1,weka.classifiers.trees.RandomForest,'-P 100 -I 100 -num-slots 1 -K 0 -M 1.0 -V 0.001 -S 1',1116839470751428698,2.0260427122300003E7,4329.0,482.0,467.0,15.0,0.0,96.88796680497926,3.112033195020747,0.0,0.8583075294947674,0.07336330660652171,0.16419506366032474,31.8338814936126,48.3870248769483,272.3366817903761,68.65592687631325,203.68075491406285,0.565013862635635,0.14243968231600257,0.42257418031963245,185.30569042254223,0.384451639880793,68.0428685567875,0.828125,53.0,0.009569377990430622,4.0,0.9904306220095693,414.0,0.171875,11.0,0.9298245614035088,0.828125,0.8760330578512396,0.8601900817311185,0.9915894138755981,0.9492662898622771,0.9688796680497925,0.15032404604022315,0.8496759539597768,0.03112033195020747,0.968236407469736,0.9688796680497925,0.9681086997563288,0.8601900817311184,0.9915894138755981,0.9921615811505844,0.9291197317725949,0.9688796680497925,0.397,0.007,0.37,0.01,370.0,10.0,2.9255901E7,1043119.0,162156.0,100.0,63.69294605809129,?,-1.0
DatasetClassiRealeseNormalizedShuffled,5,2,weka.classifiers.trees.RandomForest,'-P 100 -I 100 -num-slots 1 -K 0 -M 1.0 -V 0.001 -S 1',1116839470751428698,2.0260427122300003E7,4330.0,481.0,463.0,18.0,0.0,96.25779625779626,3.7422037422037424,0.0,0.8310568217296285,0.07913886164889965,0.16689698088226132,34.51609999914582,49.46816021052361,269.42867131105754,73.4811283693633,195.94754294169422,0.5601427677984564,0.15276741864732496,0.40737534915113144,174.84915759037833,0.3635117621421587,64.89626985114498,0.8253968253968254,52.0,0.01674641148325359,7.0,0.9832535885167464,411.0,0.1746031746031746,11.0,0.8813559322033898,0.8253968253968254,0.8524590163934426,0.8316431170218793,0.9894433052327789,0.9264553439754157,0.9625779625779626,0.15392754866439076,0.8460724513356092,0.037422037422037424,0.9618080855128008,0.9625779625779626,0.9620535866437506,0.8316431170218793,0.9894433052327789,0.9890077601769058,0.9155152224824356,0.9625779625779626,0.405,0.007,0.38,0.0,380.0,0.0,2.9769665E7,1043348.0,161927.0,100.0,65.48856548856548,?,-1.0
DatasetClassiRealeseNormalizedShuffled,5,3,weka.classifiers.trees.RandomForest,'-P 100 -I 100 -num-slots 1 -K 0 -M 1.0 -V 0.001 -S 1',1116839470751428698,2.0260427122300003E7,4330.0,481.0,460.0,21.0,0.0,95.63409563409563,4.365904365904366,0.0,0.7899170150371252,0.07802785849287565,0.17885249839705658,33.83149065262037,52.66014578944359,272.1308087156738,79.2239814184627,192.90682729721112,0.565760517080403,0.16470682207580603,0.4010536950045969,178.05665036632658,0.37018014629173923,65.43053732382162,0.71875,46.0,0.007194244604316547,3.0,0.9928057553956835,414.0,0.28125,18.0,0.9387755102040817,0.71875,0.8141592920353982,0.7989636792967583,0.9845998201438849,0.9368635882217358,0.9563409563409564,0.24478520094527287,0.7552147990547271,0.04365904365904366,0.9557310450167593,0.9563409563409564,0.9538289128019889,0.7989636792967582,0.9845998201438848,0.9893053774043399,0.8947121548516213,0.9563409563409564,0.4,0.007,0.37,0.01,370.0,10.0,2.9773303E7,1043348.0,161927.0,99.79209979209979,63.61746361746362,?,-1.0
DatasetClassiRealeseNormalizedShuffled,5,4,weka.classifiers.trees.RandomForest,'-P 100 -I 100 -num-slots 1 -K 0 -M 1.0 -V 0.001 -S 1',1116839470751428698,2.0260427122300003E7,4330.0,481.0,468.0,13.0,0.0,97.29729729729729,2.7027027027027026,0.0,0.8771633434829587,0.06843216841794512,0.1676461824819845,29.670970226379335,49.36063230688568,272.1308087156738,78.70327775174174,193.4275309639321,0.565760517080403,0.16362427807014915,0.40213623901025386,189.06819706013232,0.39307317476118986,69.47695409881852,0.84375,54.0,0.007194244604316547,3.0,0.9928057553956835,414.0,0.15625,10.0,0.9473684210526315,0.84375,0.8925619834710744,0.8790884008682217,0.9751573741007195,0.9273429803365176,0.972972972972973,0.1364172175772895,0.8635827824227105,0.02702702702702703,0.9725502563139107,0.972972972972973,0.9723036781733139,0.8790884008682217,0.9751573741007195,0.9864363218861155,0.9385520975619344,0.972972972972973,0.399,0.006,0.38,0.0,380.0,0.0,2.4986624E7,1043348.0,161927.0,99.37629937629937,63.92931392931393,?,-1.0
DatasetClassiRealeseNormalizedShuffled,5,5,weka.classifiers.trees.RandomForest,'-P 100 -I 100 -num-slots 1 -K 0 -M 1.0 -V 0.001 -S 1',1116839470751428698,2.0260427122300003E7,4330.0,481.0,460.0,21.0,0.0,95.63409563409563,4.365904365904366,0.0,0.7987808522082115,0.0818457708408299,0.1873702584466958,35.48686949303968,55.16805867874367,272.1308087156738,85.44541002632083,186.685398689353,0.565760517080403,0.1776411850859061,0.3881193319944969,175.5945610755989,0.36506145753762764,64.52579254231469,0.765625,49.0,0.014388489208633094,6.0,0.9856115107913669,411.0,0.234375,15.0,0.8909090909090909,0.765625,0.823529411764706,0.8017677014386754,0.9840002997601919,0.8835479989671654,0.9563409563409564,0.20510444554958943,0.7948955544504106,0.04365904365904366,0.954958592986762,0.9563409563409564,0.9549230394949464,0.8017677014386754,0.9840002997601919,0.9824340839094324,0.899309189868118,0.9563409563409564,0.405,0.007,0.38,0.01,380.0,10.0,3.0938702E7,1043348.0,161927.0,99.79209979209979,64.03326403326403,?,-1.0
DatasetClassiRealeseNormalizedShuffled,5,6,weka.classifiers.trees.RandomForest,'-P 100 -I 100 -num-slots 1 -K 0 -M 1.0 -V 0.001 -S 1',1116839470751428698,2.0260427122300003E7,4330.0,481.0,462.0,19.0,0.0,96.04989604989605,3.95010395010395,0.0,0.8126755078197063,0.08499663445476306,0.18711707554666532,36.8530278749488,55.093513181495986,272.1308087156738,85.81817836040295,186.31263035527087,0.565760517080403,0.17841617122744896,0.38734434585295396,164.68051445794416,0.3423711319291978,60.51520415316324,0.75,48.0,0.007194244604316547,3.0,0.9928057553956835,414.0,0.25,16.0,0.9411764705882353,0.75,0.8347826086956521,0.8194339602885871,0.9825764388489209,0.9235942083497023,0.9604989604989606,0.21769320510327703,0.782306794896723,0.0395010395010395,0.959914792199334,0.9604989604989606,0.9585694297156747,0.8194339602885871,0.9825764388489209,0.9873949602973606,0.9061752476772239,0.9604989604989606,0.391,0.007,0.37,0.0,370.0,0.0,2.7916171E7,1043348.0,161927.0,99.79209979209979,64.44906444906445,?,-1.0
DatasetClassiRealeseNormalizedShuffled,5,7,weka.classifiers.trees.RandomForest,'-P 100 -I 100 -num-slots 1 -K 0 -M 1.0 -V 0.001 -S 1',1116839470751428698,2.0260427122300003E7,4330.0,481.0,455.0,26.0,0.0,94.5945945945946,5.405405405405405,0.0,0.7656999400479616,0.08578251822749818,0.19400142694840938,37.193773091143115,57.12049604016858,272.1308087156738,89.87255953223746,182.25824918343636,0.565760517080403,0.1868452381127598,0.37891527896764315,165.18340989342477,0.3434166525850827,60.700003308339404,0.796875,51.0,0.03117505995203837,13.0,0.9688249400479616,404.0,0.203125,13.0,0.796875,0.796875,0.796875,0.7656999400479616,0.9765437649880095,0.8759054623425692,0.9459459459459459,0.1802460058979843,0.8197539941020157,0.05405405405405406,0.9459459459459459,0.9459459459459459,0.9459459459459459,0.7656999400479616,0.9765437649880095,0.9802946355886852,0.8828499700239808,0.9459459459459459,0.405,0.007,0.37,0.01,370.0,10.0,2.656238E7,1043348.0,161927.0,99.79209979209979,65.6964656964657,?,-1.0
DatasetClassiRealeseNormalizedShuffled,5,8,weka.classifiers.trees.RandomForest,'-P 100 -I 100 -num-slots 1 -K 0 -M 1.0 -V 0.001 -S 1',1116839470751428698,2.0260427122300003E7,4330.0,481.0,465.0,16.0,0.0,96.67359667359668,3.3264033264033266,0.0,0.8538826656540726,0.07207163949482333,0.15942610139063057,31.248980107672303,46.94036603970295,272.1308087156738,65.35162216144943,206.7791865542244,0.565760517080403,0.1358661583398117,0.42989435874059123,185.21490969468687,0.38506218231743633,68.06098529189397,0.859375,55.0,0.016786570743405275,7.0,0.9832134292565947,410.0,0.140625,9.0,0.8870967741935484,0.859375,0.8730158730158729,0.854025128096364,0.9931804556354916,0.9433796470841154,0.9667359667359667,0.12414753747937202,0.875852462520628,0.033264033264033266,0.9663558273920888,0.9667359667359667,0.9665117559854401,0.854025128096364,0.9931804556354916,0.991608996058729,0.9269385585175058,0.9667359667359667,0.367,0.006,0.35,0.01,350.0,10.0,2.3689582E7,1043348.0,161927.0,100.0,63.92931392931393,?,-1.0
DatasetClassiRealeseNormalizedShuffled,5,9,weka.classifiers.trees.RandomForest,'-P 100 -I 100 -num-slots 1 -K 0 -M 1.0 -V 0.001 -S 1',1116839470751428698,2.02604271224E7,4330.0,481.0,470.0,11.0,0.0,97.71309771309771,2.286902286902287,0.0,0.8974830946891169,0.06605292846714121,0.14048289186450943,28.639374130949996,41.3628528134078,272.1308087156738,56.43265111939078,215.69815759628304,0.565760517080403,0.11732359900081243,0.4484369180795905,197.61182116244726,0.41083538703211486,72.61648252731095,0.875,56.0,0.007194244604316547,3.0,0.9928057553956835,414.0,0.125,8.0,0.9491525423728814,0.875,0.9105691056910569,0.8984590948276284,0.9971897482014388,0.9829475877893679,0.9771309771309772,0.10932522173529367,0.8906747782647063,0.02286902286902287,0.9767994790888197,0.9771309771309772,0.9767343032844936,0.8984590948276284,0.9971897482014389,0.9973603262662616,0.9487291297227632,0.9771309771309772,0.414,0.007,0.39,0.01,390.0,10.0,3.0551354E7,1043348.0,161927.0,100.0,63.72141372141372,?,-1.0
DatasetClassiRealeseNormalizedShuffled,5,10,weka.classifiers.trees.RandomForest,'-P 100 -I 100 -num-slots 1 -K 0 -M 1.0 -V 0.001 -S 1',1116839470751428698,2.02604271224E7,4330.0,481.0,460.0,21.0,0.0,95.63409563409563,4.365904365904366,0.0,0.7987808522082115,0.08627472452657814,0.19111718476322548,37.40718498182066,56.2712788621862,272.1308087156738,88.20273703765973,183.92807167801408,0.565760517080403,0.18337367367496826,0.38238684340543466,164.50827403884304,0.3420130437397984,60.451910908302786,0.765625,49.0,0.014388489208633094,6.0,0.9856115107913669,411.0,0.234375,15.0,0.8909090909090909,0.765625,0.823529411764706,0.8017677014386754,0.9800284772182254,0.8941347973512994,0.9563409563409564,0.20510444554958943,0.7948955544504106,0.04365904365904366,0.954958592986762,0.9563409563409564,0.9549230394949464,0.8017677014386754,0.9800284772182255,0.9831995870437906,0.899309189868118,0.9563409563409564,0.388,0.007,0.37,0.01,370.0,10.0,2.7693573E7,1043348.0,161927.0,99.79209979209979,64.76091476091476,?,-1.0
DatasetClassiRealeseNormalizedShuffled,6,1,weka.classifiers.trees.RandomForest,'-P 100 -I 100 -num-slots 1 -K 0 -M 1.0 -V 0.001 -S 1',1116839470751428698,2.02604271224E7,4329.0,482.0,455.0,27.0,0.0,94.39834024896265,5.601659751037344,0.0,0.7413649191144321,0.08966820411236673,0.19281017151303723,38.90891939710357,56.819677507663926,272.3366817903761,89.29478424350675,183.04189754686934,0.565013862635635,0.18525888847200572,0.37975497416362936,158.8972050045975,0.3296622510468828,58.34586951709443,0.71875,46.0,0.0215311004784689,9.0,0.9784688995215312,409.0,0.28125,18.0,0.8363636363636363,0.71875,0.7731092436974789,0.7441354537379015,0.9816088516746412,0.897394042869381,0.9439834024896265,0.24676450296809546,0.7532354970319046,0.056016597510373446,0.9417150701825213,0.9439834024896265,0.9421634410350356,0.7441354537379015,0.9816088516746412,0.983928813867587,0.8705782904877927,0.9439834024896265,0.552,0.008,0.37,0.01,370.0,10.0,3.063411E7,1043119.0,162156.0,100.0,66.07883817427386,?,-1.0
DatasetClassiRealeseNormalizedShuffled,6,2,weka.classifiers.trees.RandomForest,'-P 100 -I 100 -num-slots 1 -K 0 -M 1.0 -V 0.001 -S 1',1116839470751428698,2.02604271224E7,4330.0,481.0,467.0,14.0,0.0,97.0893970893971,2.9106029106029108,0.0,0.8629015839407141,0.07185479754813147,0.15640544873173853,31.339184389496054,46.35847667681098,269.42867131105754,66.22331099456176,203.20536031649578,0.5601427677984564,0.13767840123609512,0.4224643665623613,186.22835355203065,0.38716913420380594,69.1197238385326,0.8095238095238095,51.0,0.004784688995215311,2.0,0.9952153110047847,416.0,0.19047619047619047,12.0,0.9622641509433962,0.8095238095238095,0.8793103448275862,0.8670691018979642,0.9921774132300448,0.961266015284198,0.9708939708939709,0.16615485036537667,0.8338451496346234,0.029106029106029108,0.9706923395867144,0.9708939708939709,0.9698114221225006,0.8670691018979642,0.9921774132300448,0.9938797239431343,0.9313809407353062,0.9708939708939709,0.492,0.007,0.39,0.01,390.0,10.0,3.024645E7,1043348.0,161927.0,100.0,64.55301455301455,?,-1.0
DatasetClassiRealeseNormalizedShuffled,6,3,weka.classifiers.trees.RandomForest,'-P 100 -I 100 -num-slots 1 -K 0 -M 1.0 -V 0.001 -S 1',1116839470751428698,2.02604271224E7,4330.0,481.0,463.0,18.0,0.0,96.25779625779626,3.7422037422037424,0.0,0.828730811837316,0.07918375596642337,0.1783976650531424,34.332667223745766,52.52622767023874,272.1308087156738,77.729776185218,194.40103253045584,0.565760517080403,0.1616003662894345,0.40416015079096845,177.10971540249935,0.3682114665332627,65.08256681350112,0.796875,51.0,0.011990407673860911,5.0,0.988009592326139,412.0,0.203125,13.0,0.9107142857142857,0.796875,0.85,0.8311422118263809,0.9875224820143885,0.9183031345127886,0.9625779625779626,0.17769337025182347,0.8223066297481765,0.037422037422037424,0.9616017051311169,0.9625779625779626,0.9615083382304284,0.8311422118263809,0.9875224820143885,0.9875020992651907,0.9143111638954868,0.9625779625779626,0.361,0.008,0.36,0.01,360.0,10.0,2.663975E7,1043348.0,161927.0,100.0,65.38461538461539,?,-1.0
DatasetClassiRealeseNormalizedShuffled,6,4,weka.classifiers.trees.RandomForest,'-P 100 -I 100 -num-slots 1 -K 0 -M 1.0 -V 0.001 -S 1',1116839470751428698,2.02604271224E7,4330.0,481.0,463.0,18.0,0.0,96.25779625779626,3.7422037422037424,0.0,0.83338465091217,0.07528386109594479,0.17073465914482575,32.64174222073745,50.2699829326256,272.1308087156738,74.36011033178862,197.7706983838852,0.565760517080403,0.15459482397461252,0.41116569310579043,182.6967706944766,0.379826966100783,67.135643904752,0.828125,53.0,0.016786570743405275,7.0,0.9832134292565947,410.0,0.171875,11.0,0.8833333333333333,0.828125,0.8548387096774193,0.8339564813909894,0.9863609112709832,0.9195613611652579,0.9625779625779626,0.15123953332136783,0.8487604666786321,0.037422037422037424,0.961825044485377,0.9625779625779626,0.9620636940676974,0.8339564813909894,0.9863609112709832,0.9874287335084572,0.9166794980368003,0.9625779625779626,0.4,0.008,0.4,0.01,400.0,10.0,2.9183425E7,1043348.0,161927.0,99.79209979209979,63.40956340956341,?,-1.0
DatasetClassiRealeseNormalizedShuffled,6,5,weka.classifiers.trees.RandomForest,'-P 100 -I 100 -num-slots 1 -K 0 -M 1.0 -V 0.001 -S 1',1116839470751428698,2.02604271224E7,4330.0,481.0,463.0,18.0,0.0,96.25779625779626,3.7422037422037424,0.0,0.828730811837316,0.07355777849501709,0.17154581129056376,31.89334352690084,50.50881320133761,272.1308087156738,74.11661936600373,198.0141893496701,0.565760517080403,0.15408860575052752,0.41167191132987546,186.09453832545464,0.3868909320695523,68.38422272131962,0.796875,51.0,0.011990407673860911,5.0,0.988009592326139,412.0,0.203125,13.0,0.9107142857142857,0.796875,0.85,0.8311422118263809,0.9884217625899281,0.9305896169616652,0.9625779625779626,0.17769337025182347,0.8223066297481765,0.037422037422037424,0.9616017051311169,0.9625779625779626,0.9615083382304284,0.8311422118263809,0.988421762589928,0.9892245241249109,0.9143111638954868,0.9625779625779626,0.417,0.007,0.38,0.01,380.0,10.0,2.8792136E7,1043348.0,161927.0,100.0,64.44906444906445,?,-1.0
DatasetClassiRealeseNormalizedShuffled,6,6,weka.classifiers.trees.RandomForest,'-P 100 -I 100 -num-slots 1 -K 0 -M 1.0 -V 0.001 -S 1',1116839470751428698,2.02604271224E7,4330.0,481.0,461.0,20.0,0.0,95.84199584199584,4.158004158004158,0.0,0.8070055771777073,0.07564318677197447,0.1787937412293941,32.79753943835499,52.64284571791531,272.1308087156738,80.34860227975625,191.78220643591757,0.565760517080403,0.16704491118452444,0.3987156058958785,180.94062271846204,0.37617593080761336,66.49031161609908,0.765625,49.0,0.011990407673860911,5.0,0.988009592326139,412.0,0.234375,15.0,0.9074074074074074,0.765625,0.8305084745762712,0.8107893243330283,0.9804406474820144,0.9225378622909477,0.9584199584199584,0.2047853660938193,0.7952146339061806,0.04158004158004158,0.9572252850941375,0.9584199584199584,0.9569044195118578,0.8107893243330283,0.9804406474820144,0.9868014972036308,0.9034058960559082,0.9584199584199584,0.407,0.006,0.37,0.01,370.0,10.0,2.6289082E7,1043348.0,161927.0,99.58419958419958,63.0977130977131,?,-1.0
DatasetClassiRealeseNormalizedShuffled,6,7,weka.classifiers.trees.RandomForest,'-P 100 -I 100 -num-slots 1 -K 0 -M 1.0 -V 0.001 -S 1',1116839470751428698,2.02604271224E7,4330.0,481.0,467.0,14.0,0.0,97.0893970893971,2.9106029106029108,0.0,0.8686253853057083,0.07500954926171693,0.1621972433316417,32.52280549179429,47.75628273041041,272.1308087156738,70.24333713484063,201.8874715808332,0.565760517080403,0.1460360439393776,0.41972447314102534,179.71969110268975,0.37363761144010343,66.0416554637382,0.84375,54.0,0.009592326139088728,4.0,0.9904076738609112,413.0,0.15625,10.0,0.9310344827586207,0.84375,0.8852459016393444,0.8700054705868508,0.98943345323741,0.9548031973810789,0.9708939708939709,0.13673629703305962,0.8632637029669404,0.029106029106029108,0.9703285880835404,0.9708939708939709,0.9702821989707237,0.870005470586851,0.98943345323741,0.9925064142392628,0.9342896174863389,0.9708939708939709,0.376,0.009,0.38,0.0,380.0,0.0,2.895295E7,1043348.0,161927.0,99.79209979209979,65.5925155925156,?,-1.0
DatasetClassiRealeseNormalizedShuffled,6,8,weka.classifiers.trees.RandomForest,'-P 100 -I 100 -num-slots 1 -K 0 -M 1.0 -V 0.001 -S 1',1116839470751428698,2.02604271224E7,4330.0,481.0,465.0,16.0,0.0,96.67359667359668,3.3264033264033266,0.0,0.8498575832065238,0.07514710242886322,0.16026118975070186,32.582446096809385,47.186243928927595,272.1308087156738,68.42580598635362,203.7050027293202,0.565760517080403,0.14225739290302208,0.4235031241773809,185.8232953388312,0.3863270173364474,68.2845489696031,0.828125,53.0,0.011990407673860911,5.0,0.988009592326139,412.0,0.171875,11.0,0.9137931034482759,0.828125,0.8688524590163935,0.8512078499169976,0.9919814148681055,0.9540945902709985,0.9667359667359667,0.15060137440982763,0.8493986255901723,0.033264033264033266,0.9659850041361413,0.9667359667359667,0.966036798823684,0.8512078499169976,0.9919814148681054,0.9928224219646096,0.9249024199843872,0.9667359667359667,0.405,0.009,0.37,0.01,370.0,10.0,2.9520884E7,1043348.0,161927.0,100.0,65.28066528066527,?,-1.0
DatasetClassiRealeseNormalizedShuffled,6,9,weka.classifiers.trees.RandomForest,'-P 100 -I 100 -num-slots 1 -K 0 -M 1.0 -V 0.001 -S 1',1116839470751428698,2.02604271224E7,4330.0,481.0,461.0,20.0,0.0,95.84199584199584,4.158004158004158,0.0,0.8173533320675906,0.08227232787581987,0.18116206313713104,35.67181703127552,53.34015874432262,272.1308087156738,79.36918126962006,192.76162744605375,0.565760517080403,0.16500869286823297,0.40075182421217,165.99963544437225,0.3451135872024371,60.99994198665358,0.828125,53.0,0.02158273381294964,9.0,0.9784172661870504,408.0,0.171875,11.0,0.8548387096774194,0.828125,0.8412698412698412,0.817489699927702,0.9863609112709832,0.9176790676777263,0.9584199584199584,0.15187769223290806,0.848122307767092,0.04158004158004158,0.9579255371849105,0.9584199584199584,0.9581396949818003,0.8174896999277019,0.9863609112709832,0.9872651530348763,0.9086731981468823,0.9584199584199584,0.404,0.007,0.37,0.01,370.0,10.0,2.6927493E7,1043348.0,161927.0,100.0,65.5925155925156,?,-1.0
DatasetClassiRealeseNormalizedShuffled,6,10,weka.classifiers.trees.RandomForest,'-P 100 -I 100 -num-slots 1 -K 0 -M 1.0 -V 0.001 -S 1',1116839470751428698,2.02604271224E7,4330.0,481.0,460.0,21.0,0.0,95.63409563409563,4.365904365904366,0.0,0.7987808522082115,0.08021571021498217,0.1838377892840095,34.78010421853701,54.127981840170214,272.1308087156738,82.55076362188092,189.5800450937929,0.565760517080403,0.17162320919309962,0.39413730788730333,169.488674515006,0.3523673066840042,62.282060349914374,0.765625,49.0,0.014388489208633094,6.0,0.9856115107913669,411.0,0.234375,15.0,0.8909090909090909,0.765625,0.823529411764706,0.8017677014386754,0.9817520983213429,0.9123564608144263,0.9563409563409564,0.20510444554958943,0.7948955544504106,0.04365904365904366,0.954958592986762,0.9563409563409564,0.9549230394949464,0.8017677014386754,0.9817520983213429,0.9858206154933301,0.899309189868118,0.9563409563409564,0.396,0.007,0.37,0.0,370.0,0.0,2.4683814E7,1043348.0,161927.0,99.79209979209979,64.03326403326403,?,-1.0
DatasetClassiRealeseNormalizedShuffled,7,1,weka.classifiers.trees.RandomForest,'-P 100 -I 100 -num-slots 1 -K 0 -M 1.0 -V 0.001 -S 1',1116839470751428698,2.02604271224E7,4329.0,482.0,462.0,20.0,0.0,95.850622406639,4.149377593360996,0.0,0.8097568676981372,0.08213937117627229,0.18037849651421917,35.64200046229737,53.15615831274859,272.3366817903761,80.9970629279739,191.33961886240218,0.565013862635635,0.16804369902069274,0.39697016361494225,177.17569049082965,0.3675844201054557,65.05759316962154,0.78125,50.0,0.014354066985645933,6.0,0.9856459330143541,412.0,0.21875,14.0,0.8928571428571429,0.78125,0.8333333333333334,0.8121116665162419,0.9876270933014354,0.9027061429035063,0.9585062240663901,0.19161029105203597,0.808389708947964,0.04149377593360996,0.9572733774709112,0.9585062240663901,0.9573197511684463,0.812111666516242,0.9876270933014355,0.9854994417718149,0.9048183254344392,0.9585062240663901,0.406,0.007,0.38,0.01,380.0,10.0,3.1188223E7,1043119.0,162156.0,99.79253112033194,64.00414937759336,?,-1.0
DatasetClassiRealeseNormalizedShuffled,7,2,weka.classifiers.trees.RandomForest,'-P 100 -I 100 -num-slots 1 -K 0 -M 1.0 -V 0.001 -S 1',1116839470751428698,2.02604271224E7,4330.0,481.0,460.0,21.0,0.0,95.63409563409563,4.365904365904366,0.0,0.7928552386030395,0.08018698089253229,0.18150373911193612,34.97323304188219,53.797594166981334,269.42867131105754,81.67673015417382,187.75194115688373,0.5601427677984564,0.16980609179661918,0.3903366760018373,170.88286789710264,0.355265837623914,63.42415863373985,0.746031746031746,47.0,0.011961722488038277,5.0,0.9880382775119617,413.0,0.25396825396825395,16.0,0.9038461538461539,0.746031746031746,0.8173913043478261,0.79756408172494,0.9816966659071922,0.917496792027318,0.9563409563409564,0.22227093279724855,0.7777290672027514,0.04365904365904366,0.9549949357641665,0.9563409563409564,0.9545364154059807,0.7975640817249401,0.9816966659071922,0.9865366583414567,0.896298957959037,0.9563409563409564,0.4,0.007,0.38,0.01,380.0,10.0,2.7422821E7,1043348.0,161927.0,99.79209979209979,63.61746361746362,?,-1.0
DatasetClassiRealeseNormalizedShuffled,7,3,weka.classifiers.trees.RandomForest,'-P 100 -I 100 -num-slots 1 -K 0 -M 1.0 -V 0.001 -S 1',1116839470751428698,2.02604271224E7,4330.0,481.0,463.0,18.0,0.0,96.25779625779626,3.7422037422037424,0.0,0.8310897811073393,0.07328578524939942,0.1728341719019842,31.775412096711324,50.88814957200524,272.1308087156738,74.65547279167357,197.47533592400026,0.565760517080403,0.1552088831427725,0.4105516339376305,186.4308863317796,0.38759020027397006,68.5078206365694,0.8125,52.0,0.014388489208633094,6.0,0.9856115107913669,411.0,0.1875,12.0,0.896551724137931,0.8125,0.8524590163934426,0.8324102292471443,0.9871103117505995,0.9201764803150297,0.9625779625779626,0.16446645178659566,0.8355335482134043,0.037422037422037424,0.9616414201887422,0.9625779625779626,0.9617913986766445,0.8324102292471443,0.9871103117505996,0.987659060676564,0.9155152224824356,0.9625779625779626,0.383,0.006,0.36,0.01,360.0,10.0,2.5106148E7,1043348.0,161927.0,100.0,64.03326403326403,?,-1.0
DatasetClassiRealeseNormalizedShuffled,7,4,weka.classifiers.trees.RandomForest,'-P 100 -I 100 -num-slots 1 -K 0 -M 1.0 -V 0.001 -S 1',1116839470751428698,2.02604271224E7,4330.0,481.0,459.0,22.0,0.0,95.42619542619542,4.573804573804574,0.0,0.7935541769089702,0.08305043826440885,0.18431408277005837,36.00919184645975,54.26821854157885,272.1308087156738,83.74967600190655,188.38113271376727,0.565760517080403,0.17411575052371425,0.39164476655668873,165.8509065087042,0.34480437943597547,60.945288514534795,0.78125,50.0,0.019184652278177457,8.0,0.9808153477218226,409.0,0.21875,14.0,0.8620689655172413,0.78125,0.8196721311475409,0.7948149879074375,0.9811900479616307,0.9176546584762159,0.9542619542619543,0.19219660654013174,0.8078033934598683,0.04573804573804574,0.9529542522939441,0.9542619542619543,0.9533005983825656,0.7948149879074375,0.9811900479616307,0.9864298205866908,0.8967408274785325,0.9542619542619543,0.393,0.007,0.37,0.01,370.0,10.0,2.9943535E7,1043348.0,161927.0,99.79209979209979,64.76091476091476,?,-1.0
DatasetClassiRealeseNormalizedShuffled,7,5,weka.classifiers.trees.RandomForest,'-P 100 -I 100 -num-slots 1 -K 0 -M 1.0 -V 0.001 -S 1',1116839470751428698,2.02604271224E7,4330.0,481.0,460.0,21.0,0.0,95.63409563409563,4.365904365904366,0.0,0.7987808522082115,0.07554867063430236,0.1785338493764784,32.75655892331922,52.566324880987175,272.1308087156738,78.34917813747552,193.7816305781983,0.565760517080403,0.16288810423591585,0.4028724128444871,177.7179186608687,0.3694759223718684,65.30606346984803,0.765625,49.0,0.014388489208633094,6.0,0.9856115107913669,411.0,0.234375,15.0,0.8909090909090909,0.765625,0.823529411764706,0.8017677014386754,0.9843000599520384,0.9245050254801781,0.9563409563409564,0.20510444554958943,0.7948955544504106,0.04365904365904366,0.954958592986762,0.9563409563409564,0.9549230394949464,0.8017677014386754,0.9843000599520384,0.9877952337980743,0.899309189868118,0.9563409563409564,0.377,0.007,0.36,0.01,360.0,10.0,2.6338403E7,1043348.0,161927.0,99.79209979209979,63.72141372141372,?,-1.0
DatasetClassiRealeseNormalizedShuffled,7,6,weka.classifiers.trees.RandomForest,'-P 100 -I 100 -num-slots 1 -K 0 -M 1.0 -V 0.001 -S 1',1116839470751428698,2.02604271224E7,4330.0,481.0,463.0,18.0,0.0,96.25779625779626,3.7422037422037424,0.0,0.828730811837316,0.08748834168480596,0.1815230917672726,37.933387780891366,53.446457624504944,272.1308087156738,83.73123719302448,188.39957152264935,0.565760517080403,0.1740774162017141,0.3916831008786889,161.95390194554574,0.3367024988472884,59.513254934231824,0.796875,51.0,0.011990407673860911,5.0,0.988009592326139,412.0,0.203125,13.0,0.9107142857142857,0.796875,0.85,0.8311422118263809,0.9850869304556354,0.909034476213536,0.9625779625779626,0.17769337025182347,0.8223066297481765,0.037422037422037424,0.9616017051311169,0.9625779625779626,0.9615083382304284,0.8311422118263809,0.9850869304556354,0.9859155263772305,0.9143111638954868,0.9625779625779626,0.428,0.007,0.4,0.0,400.0,0.0,3.0584763E7,1043348.0,161927.0,100.0,67.35966735966736,?,-1.0
DatasetClassiRealeseNormalizedShuffled,7,7,weka.classifiers.trees.RandomForest,'-P 100 -I 100 -num-slots 1 -K 0 -M 1.0 -V 0.001 -S 1',1116839470751428698,2.02604271224E7,4330.0,481.0,462.0,19.0,0.0,96.04989604989605,3.95010395010395,0.0,0.8253149072003366,0.07240709529180754,0.1613514095276076,31.394427770587143,47.50724102379029,272.1308087156738,66.5742371830144,205.5565715326594,0.565760517080403,0.13840797751146447,0.4273525395689385,185.44063050423435,0.38553145634975955,68.14393099385721,0.828125,53.0,0.019184652278177457,8.0,0.9808153477218226,409.0,0.171875,11.0,0.8688524590163934,0.828125,0.8480000000000001,0.8256290192327047,0.9924310551558753,0.9545125919149292,0.9604989604989606,0.15155861277713797,0.8484413872228621,0.0395010395010395,0.9598443426312279,0.9604989604989606,0.9600957384183191,0.8256290192327047,0.9924310551558753,0.992953646979841,0.9126499402628435,0.9604989604989606,0.393,0.006,0.38,0.01,380.0,10.0,3.0057336E7,1043348.0,161927.0,100.0,63.0977130977131,?,-1.0
DatasetClassiRealeseNormalizedShuffled,7,8,weka.classifiers.trees.RandomForest,'-P 100 -I 100 -num-slots 1 -K 0 -M 1.0 -V 0.001 -S 1',1116839470751428698,2.02604271224E7,4330.0,481.0,463.0,18.0,0.0,96.25779625779626,3.7422037422037424,0.0,0.828730811837316,0.07818244449140843,0.178605831231927,33.898516390163394,52.58751874205198,272.1308087156738,82.86911335805355,189.26169535762028,0.565760517080403,0.1722850589564523,0.3934754581239507,175.97851187720474,0.3658596920524007,64.66688307279078,0.796875,51.0,0.011990407673860911,5.0,0.988009592326139,412.0,0.203125,13.0,0.9107142857142857,0.796875,0.85,0.8311422118263809,0.9783423261390888,0.9227401734935736,0.9625779625779626,0.17769337025182347,0.8223066297481765,0.037422037422037424,0.9616017051311169,0.9625779625779626,0.9615083382304284,0.8311422118263809,0.9783423261390887,0.9864210499998952,0.9143111638954868,0.9625779625779626,0.407,0.006,0.39,0.0,390.0,0.0,2.7564411E7,1043348.0,161927.0,99.58419958419958,63.61746361746362,?,-1.0
DatasetClassiRealeseNormalizedShuffled,7,9,weka.classifiers.trees.RandomForest,'-P 100 -I 100 -num-slots 1 -K 0 -M 1.0 -V 0.001 -S 1',1116839470751428698,2.02604271224E7,4330.0,481.0,459.0,22.0,0.0,95.42619542619542,4.573804573804574,0.0,0.7906709922456084,0.08660600867632716,0.18414636981993798,37.55082389274398,54.21883825065045,272.1308087156738,84.60521511553767,187.52559360013615,0.565760517080403,0.17589441811962095,0.389866098960782,163.72390192053047,0.3403823324751153,60.163677421615105,0.765625,49.0,0.016786570743405275,7.0,0.9832134292565947,410.0,0.234375,15.0,0.875,0.765625,0.8166666666666667,0.7929716476512255,0.9817520983213429,0.9177536615676467,0.9542619542619543,0.20542352500535951,0.7945764749946405,0.04573804573804574,0.9527699645346704,0.9542619542619543,0.9529546356149681,0.7929716476512255,0.9817520983213429,0.9864205114135413,0.8952692003167062,0.9542619542619543,0.376,0.007,0.36,0.01,360.0,10.0,2.8789455E7,1043348.0,161927.0,99.79209979209979,66.00831600831602,?,-1.0
DatasetClassiRealeseNormalizedShuffled,7,10,weka.classifiers.trees.RandomForest,'-P 100 -I 100 -num-slots 1 -K 0 -M 1.0 -V 0.001 -S 1',1116839470751428698,2.02604271224E7,4330.0,481.0,467.0,14.0,0.0,97.0893970893971,2.9106029106029108,0.0,0.8667906314290236,0.07321612968228922,0.1566171394492711,31.745210682586816,46.11331387842645,272.1308087156738,65.00427116656994,207.1265375491039,0.565760517080403,0.1351440148993138,0.43061650218108916,187.49767469893195,0.38980805550713504,68.89983371740618,0.828125,53.0,0.007194244604316547,3.0,0.9928057553956835,414.0,0.171875,11.0,0.9464285714285714,0.828125,0.8833333333333333,0.8693127760015362,0.9953162470023981,0.9705211127046198,0.9708939708939709,0.14996321549828742,0.8500367845017126,0.029106029106029108,0.9704334457275633,0.9708939708939709,0.9700620408458888,0.8693127760015361,0.9953162470023981,0.9954656224773518,0.9333531274742677,0.9708939708939709,0.397,0.006,0.38,0.0,380.0,0.0,2.794718E7,1043348.0,161927.0,100.0,63.82536382536382,?,-1.0
DatasetClassiRealeseNormalizedShuffled,8,1,weka.classifiers.trees.RandomForest,'-P 100 -I 100 -num-slots 1 -K 0 -M 1.0 -V 0.001 -S 1',1116839470751428698,2.02604271224E7,4329.0,482.0,469.0,13.0,0.0,97.30290456431536,2.6970954356846475,0.0,0.8788804267986237,0.07032277606683651,0.1524594233789163,30.514531353123648,44.92862177039596,272.3366817903761,62.685855591695805,209.65082619868028,0.565013862635635,0.13005364230642283,0.4349602203292122,193.02072156920613,0.4004579285668177,70.87577049858406,0.859375,55.0,0.009569377990430622,4.0,0.9904306220095693,414.0,0.140625,9.0,0.9322033898305084,0.859375,0.8943089430894309,0.8798356158131414,0.9952153110047847,0.9638060427098476,0.9730290456431535,0.12322342363358416,0.8767765763664158,0.026970954356846474,0.9725464728794107,0.9730290456431535,0.9725610307647129,0.8798356158131414,0.9952153110047847,0.9945852703198317,0.9394255773711125,0.9730290456431535,0.438,0.008,0.38,0.0,380.0,0.0,2.9997062E7,1043119.0,162156.0,100.0,64.83402489626556,?,-1.0
DatasetClassiRealeseNormalizedShuffled,8,2,weka.classifiers.trees.RandomForest,'-P 100 -I 100 -num-slots 1 -K 0 -M 1.0 -V 0.001 -S 1',1116839470751428698,2.02604271224E7,4330.0,481.0,461.0,20.0,0.0,95.84199584199584,4.158004158004158,0.0,0.804145119915306,0.08118344296354782,0.16812777252548414,35.40783601407449,49.832966079814156,269.42867131105754,72.36754597991325,197.0611253311443,0.5601427677984564,0.15045227854451818,0.40969048925393825,171.42383980618976,0.35639051934758786,63.62494346723761,0.7619047619047619,48.0,0.011961722488038277,5.0,0.9880382775119617,413.0,0.23809523809523808,15.0,0.9056603773584906,0.7619047619047619,0.8275862068965516,0.8080288643536663,0.9925571504518873,0.9497679548763067,0.9584199584199584,0.20847691900323476,0.7915230809967653,0.04158004158004158,0.9571872579278681,0.9584199584199584,0.956873460175001,0.8080288643536663,0.9925571504518873,0.9924754901550353,0.9019727724790088,0.9584199584199584,0.388,0.007,0.37,0.01,370.0,10.0,2.8737742E7,1043348.0,161927.0,100.0,66.94386694386695,?,-1.0
DatasetClassiRealeseNormalizedShuffled,8,3,weka.classifiers.trees.RandomForest,'-P 100 -I 100 -num-slots 1 -K 0 -M 1.0 -V 0.001 -S 1',1116839470751428698,2.02604271224E7,4330.0,481.0,462.0,19.0,0.0,96.04989604989605,3.95010395010395,0.0,0.8204695020135548,0.0779192164997055,0.17583860600401216,33.784385418061696,51.77275526242356,272.1308087156738,76.06070957398829,196.07009914168555,0.565760517080403,0.15813037333469498,0.407630143745708,178.2292534255774,0.3705389884107638,65.4939638281801,0.796875,51.0,0.014388489208633094,6.0,0.9856115107913669,411.0,0.203125,13.0,0.8947368421052632,0.796875,0.8429752066115702,0.8222701368508051,0.9884967026378897,0.9339503437607589,0.9604989604989606,0.17801244970759358,0.8219875502924064,0.0395010395010395,0.9594132651481211,0.9604989604989606,0.9595207604071513,0.8222701368508051,0.9884967026378897,0.989691493743686,0.910191527205904,0.9604989604989606,0.415,0.007,0.39,0.01,390.0,10.0,2.9086647E7,1043348.0,161927.0,100.0,63.61746361746362,?,-1.0
DatasetClassiRealeseNormalizedShuffled,8,4,weka.classifiers.trees.RandomForest,'-P 100 -I 100 -num-slots 1 -K 0 -M 1.0 -V 0.001 -S 1',1116839470751428698,2.02604271224E7,4330.0,481.0,460.0,21.0,0.0,95.63409563409563,4.365904365904366,0.0,0.7867862796833776,0.08418887056766845,0.1888335278489886,36.502795830604526,55.59889403606088,272.1308087156738,86.46070043985067,185.67010827582317,0.565760517080403,0.1797519759664255,0.3860085411139775,167.27154192746409,0.34775788342508124,61.467329890689356,0.703125,45.0,0.004796163069544364,2.0,0.9952038369304557,415.0,0.296875,19.0,0.9574468085106383,0.703125,0.8108108108108107,0.7987745091304289,0.9817520983213429,0.9163439553612753,0.9563409563409564,0.25801211941050073,0.7419878805894993,0.04365904365904366,0.956384273131013,0.9563409563409564,0.9534337736452896,0.798774509130429,0.9817520983213429,0.9863303846834283,0.8930669800235018,0.9563409563409564,0.39,0.007,0.38,0.0,380.0,0.0,2.8707819E7,1043348.0,161927.0,99.79209979209979,65.38461538461539,?,-1.0
DatasetClassiRealeseNormalizedShuffled,8,5,weka.classifiers.trees.RandomForest,'-P 100 -I 100 -num-slots 1 -K 0 -M 1.0 -V 0.001 -S 1',1116839470751428698,2.02604271224E7,4330.0,481.0,463.0,18.0,0.0,96.25779625779626,3.7422037422037424,0.0,0.8377922661870504,0.07825625016841825,0.17381166254343386,33.93051721807406,51.175955446387164,272.1308087156738,75.99456984766863,196.1362388680052,0.565760517080403,0.1579928687061718,0.4077676483742312,173.0612388204634,0.3597946753024187,63.59487175936785,0.859375,55.0,0.02158273381294964,9.0,0.9784172661870504,408.0,0.140625,9.0,0.859375,0.859375,0.859375,0.8377922661870504,0.9869604316546763,0.9156846333318273,0.9625779625779626,0.12478569639091222,0.8752143036090878,0.037422037422037424,0.9625779625779626,0.9625779625779626,0.9625779625779626,0.8377922661870504,0.9869604316546763,0.9870439425935496,0.9188961330935252,0.9625779625779626,0.388,0.007,0.38,0.0,380.0,0.0,2.7618517E7,1043348.0,161927.0,99.79209979209979,64.55301455301455,?,-1.0
DatasetClassiRealeseNormalizedShuffled,8,6,weka.classifiers.trees.RandomForest,'-P 100 -I 100 -num-slots 1 -K 0 -M 1.0 -V 0.001 -S 1',1116839470751428698,2.02604271224E7,4330.0,481.0,465.0,16.0,0.0,96.67359667359668,3.3264033264033266,0.0,0.8477607216331697,0.07276815274834597,0.1708987031498428,31.550975857409927,50.3182829636428,272.1308087156738,77.73420062185102,194.3966080938228,0.565760517080403,0.16160956470239296,0.40415095237800996,185.5111114510272,0.38567798638467193,68.16983065113068,0.8125,52.0,0.009592326139088728,4.0,0.9904076738609112,413.0,0.1875,12.0,0.9285714285714286,0.8125,0.8666666666666666,0.8502274939139586,0.9796912470023981,0.9300612015754601,0.9667359667359667,0.16382829287505546,0.8361717071249446,0.033264033264033266,0.9660175754293402,0.9667359667359667,0.9657851895381585,0.8502274939139586,0.9796912470023981,0.987579042990608,0.9238321456848773,0.9667359667359667,0.378,0.005,0.36,0.01,360.0,10.0,2.7170535E7,1043348.0,161927.0,99.58419958419958,64.96881496881497,?,-1.0
DatasetClassiRealeseNormalizedShuffled,8,7,weka.classifiers.trees.RandomForest,'-P 100 -I 100 -num-slots 1 -K 0 -M 1.0 -V 0.001 -S 1',1116839470751428698,2.02604271224E7,4330.0,481.0,462.0,19.0,0.0,96.04989604989605,3.95010395010395,0.0,0.8204695020135548,0.0825627712878182,0.17995486029579685,35.797748125219805,52.9847179302896,272.1308087156738,80.821084343429,191.30972437224483,0.565760517080403,0.1680272023771913,0.3977333147032117,172.4686967219465,0.3585627790477058,63.377130114710475,0.796875,51.0,0.014388489208633094,6.0,0.9856115107913669,411.0,0.203125,13.0,0.8947368421052632,0.796875,0.8429752066115702,0.8222701368508051,0.9855365707434053,0.9278235980546226,0.9604989604989606,0.17801244970759358,0.8219875502924064,0.0395010395010395,0.9594132651481211,0.9604989604989606,0.9595207604071513,0.8222701368508051,0.9855365707434053,0.988419580302799,0.910191527205904,0.9604989604989606,0.426,0.007,0.4,0.01,400.0,10.0,3.2075312E7,1043348.0,161927.0,100.0,65.07276507276508,?,-1.0
DatasetClassiRealeseNormalizedShuffled,8,8,weka.classifiers.trees.RandomForest,'-P 100 -I 100 -num-slots 1 -K 0 -M 1.0 -V 0.001 -S 1',1116839470751428698,2.02604271224E7,4330.0,481.0,458.0,23.0,0.0,95.21829521829522,4.781704781704781,0.0,0.7796171238470888,0.0777009521448517,0.1772758657628996,33.68974987860612,52.19593251249634,272.1308087156738,75.75425575556831,196.37655296010553,0.565760517080403,0.15749325520908172,0.4082672618713213,177.4280914785552,0.3688733710572873,65.1995605774775,0.75,48.0,0.016786570743405275,7.0,0.9832134292565947,410.0,0.25,16.0,0.8727272727272727,0.75,0.8067226890756303,0.7825323149160556,0.9884592326139089,0.93255577585461,0.9521829521829522,0.21896952292635743,0.7810304770736426,0.04781704781704782,0.9505043110676914,0.9521829521829522,0.9506299956373225,0.7825323149160556,0.9884592326139089,0.9895094739984082,0.889719588903177,0.9521829521829522,0.417,0.007,0.36,0.01,360.0,10.0,2.6688342E7,1043348.0,161927.0,100.0,64.34511434511434,?,-1.0
DatasetClassiRealeseNormalizedShuffled,8,9,weka.classifiers.trees.RandomForest,'-P 100 -I 100 -num-slots 1 -K 0 -M 1.0 -V 0.001 -S 1',1116839470751428698,2.02604271224E7,4330.0,481.0,460.0,21.0,0.0,95.63409563409563,4.365904365904366,0.0,0.8094977651207969,0.0817054121450837,0.18094982237313278,35.42601246075825,53.27766797860908,272.1308087156738,84.14870709420902,187.9821016214648,0.565760517080403,0.17494533699419754,0.3908151800862054,168.2539692661212,0.3498003519046179,61.82834279595126,0.828125,53.0,0.023980815347721823,10.0,0.9760191846522782,407.0,0.171875,11.0,0.8412698412698413,0.828125,0.8346456692913385,0.809531075074139,0.9782673860911271,0.9109994486228554,0.9563409563409564,0.15219677168867818,0.8478032283113218,0.04365904365904366,0.9560656665919823,0.9563409563409564,0.9561952134822144,0.809531075074139,0.9782673860911271,0.9850510950007557,0.904747984346268,0.9563409563409564,0.558,0.006,0.37,0.0,370.0,0.0,2.6798939E7,1043348.0,161927.0,99.58419958419958,66.11226611226611,?,-1.0
DatasetClassiRealeseNormalizedShuffled,8,10,weka.classifiers.trees.RandomForest,'-P 100 -I 100 -num-slots 1 -K 0 -M 1.0 -V 0.001 -S 1',1116839470751428698,2.02604271224E7,4330.0,481.0,454.0,27.0,0.0,94.38669438669439,5.613305613305613,0.0,0.7338020374280037,0.0843546851063984,0.1982643722104534,36.57469006332428,58.375649426358855,272.1308087156738,94.54638658150378,177.58442213417004,0.565760517080403,0.19656213426508062,0.36919838281532236,165.48367250019083,0.34404089916879593,60.81034090965075,0.6875,44.0,0.016786570743405275,7.0,0.9832134292565947,410.0,0.3125,20.0,0.8627450980392157,0.6875,0.7652173913043478,0.7399045545382217,0.9724970023980816,0.8865748855771322,0.9438669438669439,0.27315351461034915,0.7268464853896509,0.056133056133056136,0.9414144229465707,0.9438669438669439,0.9411249790696431,0.7399045545382217,0.9724970023980816,0.9809580668796738,0.8666700888044762,0.9438669438669439,0.374,0.011,0.38,0.01,380.0,10.0,2.6854238E7,1043348.0,161927.0,99.37629937629937,64.86486486486487,?,-1.0
DatasetClassiRealeseNormalizedShuffled,9,1,weka.classifiers.trees.RandomForest,'-P 100 -I 100 -num-slots 1 -K 0 -M 1.0 -V 0.001 -S 1',1116839470751428698,2.02604271224E7,4329.0,482.0,465.0,17.0,0.0,96.47302904564316,3.5269709543568464,0.0,0.8458325493885231,0.07228941358161682,0.16261315351802474,31.36789672720895,47.920848100970936,272.3366817903761,67.05907023112935,205.27761155924674,0.565013862635635,0.13912670172433475,0.4258871609113003,183.80260321881042,0.3813332016987768,67.49094613713756,0.859375,55.0,0.019138755980861243,8.0,0.9808612440191388,410.0,0.140625,9.0,0.873015873015873,0.859375,0.8661417322834646,0.8458673325237636,0.9918136961722488,0.9512266911708759,0.9647302904564315,0.12449404643729278,0.8755059535627072,0.035269709543568464,0.964511401631991,0.9647302904564315,0.9646125024538355,0.8458673325237636,0.9918136961722489,0.9924498789062927,0.9229155495348027,0.9647302904564315,0.398,0.007,0.37,0.01,370.0,10.0,2.6230514E7,1043119.0,162156.0,100.0,64.6265560165975,?,-1.0
DatasetClassiRealeseNormalizedShuffled,9,2,weka.classifiers.trees.RandomForest,'-P 100 -I 100 -num-slots 1 -K 0 -M 1.0 -V 0.001 -S 1',1116839470751428698,2.02604271224E7,4330.0,481.0,465.0,16.0,0.0,96.67359667359668,3.3264033264033266,0.0,0.849828285981892,0.08005922930290159,0.176084056055921,34.91751469376763,52.191203516365846,269.42867131105754,81.78513378642006,187.64353752463748,0.5601427677984564,0.17003146317343049,0.39011130462502597,169.35461579177328,0.35208859831969497,62.85693908064151,0.8412698412698413,53.0,0.014354066985645933,6.0,0.9856459330143541,412.0,0.15873015873015872,10.0,0.8983050847457628,0.8412698412698413,0.8688524590163935,0.8504278241966867,0.9783170046327941,0.9204961529170385,0.9667359667359667,0.13982019245177138,0.8601798075482286,0.033264033264033266,0.9660873327834528,0.9667359667359667,0.9662698547944448,0.8504278241966868,0.9783170046327941,0.9864089776577925,0.9249024199843872,0.9667359667359667,0.414,0.009,0.39,0.01,390.0,10.0,2.9937334E7,1043348.0,161927.0,99.58419958419958,66.32016632016632,?,-1.0
DatasetClassiRealeseNormalizedShuffled,9,3,weka.classifiers.trees.RandomForest,'-P 100 -I 100 -num-slots 1 -K 0 -M 1.0 -V 0.001 -S 1',1116839470751428698,2.02604271224E7,4330.0,481.0,463.0,18.0,0.0,96.25779625779626,3.7422037422037424,0.0,0.828730811837316,0.08193376490374658,0.17539081336934476,35.52502215254556,51.640910163046335,272.1308087156738,77.11536280555526,195.01544591011856,0.565760517080403,0.160322999595749,0.40543751748465395,170.98250642377334,0.3554729863280111,62.83099926492274,0.796875,51.0,0.011990407673860911,5.0,0.988009592326139,412.0,0.203125,13.0,0.9107142857142857,0.796875,0.85,0.8311422118263809,0.9885716426858513,0.9342505045881203,0.9625779625779626,0.17769337025182347,0.8223066297481765,0.037422037422037424,0.9616017051311169,0.9625779625779626,0.9615083382304284,0.8311422118263809,0.9885716426858513,0.9897359536176675,0.9143111638954868,0.9625779625779626,0.4,0.009,0.38,0.01,380.0,10.0,3.013091E7,1043348.0,161927.0,100.0,65.17671517671518,?,-1.0
DatasetClassiRealeseNormalizedShuffled,9,4,weka.classifiers.trees.RandomForest,'-P 100 -I 100 -num-slots 1 -K 0 -M 1.0 -V 0.001 -S 1',1116839470751428698,2.02604271224E7,4330.0,481.0,459.0,22.0,0.0,95.42619542619542,4.573804573804574,0.0,0.7935541769089702,0.08168076809801825,0.1865522937911749,35.41532724058123,54.92722257974371,272.1308087156738,83.47120736980735,188.65960134586646,0.565760517080403,0.17353681365864312,0.3922237034217598,170.2311478420488,0.35391091027452976,62.55489727365222,0.78125,50.0,0.019184652278177457,8.0,0.9808153477218226,409.0,0.21875,14.0,0.8620689655172413,0.78125,0.8196721311475409,0.7948149879074375,0.9840002997601919,0.9199636365857256,0.9542619542619543,0.19219660654013174,0.8078033934598683,0.04573804573804574,0.9529542522939441,0.9542619542619543,0.9533005983825656,0.7948149879074375,0.9840002997601919,0.9871930772282247,0.8967408274785325,0.9542619542619543,0.393,0.007,0.37,0.01,370.0,10.0,2.7373953E7,1043348.0,161927.0,100.0,64.34511434511434,?,-1.0
DatasetClassiRealeseNormalizedShuffled,9,5,weka.classifiers.trees.RandomForest,'-P 100 -I 100 -num-slots 1 -K 0 -M 1.0 -V 0.001 -S 1',1116839470751428698,2.02604271224E7,4330.0,481.0,470.0,11.0,0.0,97.71309771309771,2.286902286902287,0.0,0.8930959933728004,0.07496513268426173,0.1650249644559203,32.503547254364456,48.588858221337134,272.1308087156738,77.06603814690837,195.06477056876545,0.565760517080403,0.16022045352787603,0.4055400635525269,181.87810816275893,0.3781249649953408,66.83480970829282,0.828125,53.0,0.0,0.0,1.0,417.0,0.171875,11.0,1.0,0.828125,0.905982905982906,0.8982435157302289,0.9794289568345323,0.9416229478779886,0.9771309771309772,0.14900597713097713,0.8509940228690228,0.02286902286902287,0.9777187323916297,0.9771309771309772,0.9762047892225407,0.8982435157302289,0.9794289568345323,0.989126387250101,0.946482577251808,0.9771309771309772,0.421,0.008,0.4,0.01,400.0,10.0,2.9557959E7,1043348.0,161927.0,99.58419958419958,65.28066528066527,?,-1.0
DatasetClassiRealeseNormalizedShuffled,9,6,weka.classifiers.trees.RandomForest,'-P 100 -I 100 -num-slots 1 -K 0 -M 1.0 -V 0.001 -S 1',1116839470751428698,2.02604271224E7,4330.0,481.0,459.0,22.0,0.0,95.42619542619542,4.573804573804574,0.0,0.7935541769089702,0.08033068500165137,0.17800108395255249,34.829955239641755,52.409460955982176,272.1308087156738,76.78241985934433,195.3483888563295,0.565760517080403,0.15963081051838737,0.4061297065620156,175.64777842606293,0.36517209651988136,64.54534834002654,0.78125,50.0,0.019184652278177457,8.0,0.9808153477218226,409.0,0.21875,14.0,0.8620689655172413,0.78125,0.8196721311475409,0.7948149879074375,0.9888714028776978,0.9253949123238023,0.9542619542619543,0.19219660654013174,0.8078033934598683,0.04573804573804574,0.9529542522939441,0.9542619542619543,0.9533005983825656,0.7948149879074375,0.9888714028776978,0.9886360512028395,0.8967408274785325,0.9542619542619543,0.459,0.009,0.37,0.01,370.0,10.0,3.1068622E7,1043348.0,161927.0,100.0,63.61746361746362,?,-1.0
DatasetClassiRealeseNormalizedShuffled,9,7,weka.classifiers.trees.RandomForest,'-P 100 -I 100 -num-slots 1 -K 0 -M 1.0 -V 0.001 -S 1',1116839470751428698,2.02604271224E7,4330.0,481.0,467.0,14.0,0.0,97.0893970893971,2.9106029106029108,0.0,0.8629629629629629,0.07612122062213815,0.1637850063022527,33.00480640743277,48.22377314995063,272.1308087156738,70.20465172033421,201.92615699533962,0.565760517080403,0.14595561688219172,0.41980490019821126,182.4484669337406,0.3793107420659888,67.04439963810395,0.796875,51.0,0.002398081534772182,1.0,0.9976019184652278,416.0,0.203125,13.0,0.9807692307692307,0.796875,0.8793103448275861,0.8689783990708517,0.9930305755395683,0.9637287401950961,0.9708939708939709,0.1764170524287431,0.8235829475712569,0.029106029106029108,0.9711702019394327,0.9708939708939709,0.9695949123682065,0.8689783990708516,0.9930305755395683,0.9942342289058903,0.931380940735306,0.9708939708939709,0.408,0.008,0.39,0.01,390.0,10.0,3.0184924E7,1043348.0,161927.0,100.0,63.40956340956341,?,-1.0
DatasetClassiRealeseNormalizedShuffled,9,8,weka.classifiers.trees.RandomForest,'-P 100 -I 100 -num-slots 1 -K 0 -M 1.0 -V 0.001 -S 1',1116839470751428698,2.02604271224E7,4330.0,481.0,457.0,24.0,0.0,95.01039501039502,4.98960498960499,0.0,0.765079365079365,0.08546270965156773,0.187490294351889,37.055109784777905,55.20340125614177,272.1308087156738,88.23671440910967,183.89409430656417,0.565760517080403,0.1834443127008517,0.38231620437955127,166.96946260499894,0.3471298598856527,61.356324700247754,0.71875,46.0,0.014388489208633094,6.0,0.9856115107913669,411.0,0.28125,18.0,0.8846153846153846,0.71875,0.7931034482758621,0.770412486239394,0.9792041366906474,0.8912364553878527,0.9501039501039501,0.2457424393125832,0.7542575606874168,0.0498960498960499,0.9482721021182559,0.9501039501039501,0.9478769926312113,0.7704124862393938,0.9792041366906474,0.9825799351208734,0.8823673269748105,0.9501039501039501,0.407,0.01,0.39,0.01,390.0,10.0,2.851791E7,1043348.0,161927.0,99.58419958419958,66.00831600831602,?,-1.0
DatasetClassiRealeseNormalizedShuffled,9,9,weka.classifiers.trees.RandomForest,'-P 100 -I 100 -num-slots 1 -K 0 -M 1.0 -V 0.001 -S 1',1116839470751428698,2.02604271224E7,4330.0,481.0,460.0,21.0,0.0,95.63409563409563,4.365904365904366,0.0,0.8042859080428593,0.08186299380759003,0.18092460240669125,35.49433706488146,53.27024237862296,272.1308087156738,77.92769179430852,194.2031169213653,0.565760517080403,0.16201183325220064,0.4037486838282023,172.35549933103786,0.35832744143666917,63.335533431320286,0.796875,51.0,0.019184652278177457,8.0,0.9808153477218226,409.0,0.203125,13.0,0.864406779661017,0.796875,0.8292682926829269,0.8051605575624968,0.9875599520383693,0.9092269216559512,0.9563409563409564,0.17865060861913382,0.8213493913808663,0.04365904365904366,0.9552516888447485,0.9563409563409564,0.9555836699067607,0.8051605575624968,0.9875599520383693,0.9863386159350653,0.9021192476525481,0.9563409563409564,0.39,0.008,0.37,0.01,370.0,10.0,2.8139268E7,1043348.0,161927.0,100.0,63.40956340956341,?,-1.0
DatasetClassiRealeseNormalizedShuffled,9,10,weka.classifiers.trees.RandomForest,'-P 100 -I 100 -num-slots 1 -K 0 -M 1.0 -V 0.001 -S 1',1116839470751428698,2.02604271224E7,4330.0,481.0,464.0,17.0,0.0,96.46569646569647,3.5343035343035343,0.0,0.8347847170306915,0.07742741494441291,0.17383880921978917,33.57114901708646,51.18394833408726,272.1308087156738,76.35391608698465,195.77689262868915,0.565760517080403,0.15873995028479138,0.40702056679561155,178.63818796217467,0.3713891641625253,65.64423514017423,0.78125,50.0,0.007194244604316547,3.0,0.9928057553956835,414.0,0.21875,14.0,0.9433962264150944,0.78125,0.8547008547008547,0.8395961516653123,0.9875599520383693,0.9282102753904089,0.9646569646569647,0.19060120926128118,0.8093987907387188,0.035343035343035345,0.9641105438142998,0.9646569646569647,0.9632255833439266,0.8395961516653124,0.9875599520383693,0.9887799669084018,0.9172912557527942,0.9646569646569647,0.411,0.007,0.36,0.01,360.0,10.0,2.7031172E7,1043348.0,161927.0,100.0,65.17671517671518,?,-1.0
DatasetClassiRealeseNormalizedShuffled,10,1,weka.classifiers.trees.RandomForest,'-P 100 -I 100 -num-slots 1 -K 0 -M 1.0 -V 0.001 -S 1',1116839470751428698,2.02604271224E7,4329.0,482.0,461.0,21.0,0.0,95.64315352697095,4.356846473029045,0.0,0.8043453048285463,0.08142888317932008,0.17430775898648712,35.333704779567064,51.36715856313691,272.3366817903761,76.27065239242752,196.06602939794857,0.565013862635635,0.158237868034082,0.40677599460155306,170.78505711742991,0.35432584464197076,62.711000220266754,0.796875,51.0,0.019138755980861243,8.0,0.9808612440191388,410.0,0.203125,13.0,0.864406779661017,0.796875,0.8292682926829269,0.8052194872265426,0.988449461722488,0.93603879976534,0.9564315352697096,0.1786952912505708,0.8213047087494293,0.043568464730290454,0.9553437722010489,0.9564315352697096,0.9556755112353054,0.8052194872265427,0.988449461722488,0.989964065539542,0.9021490095994896,0.9564315352697096,0.413,0.006,0.38,0.0,380.0,0.0,2.8668351E7,1043119.0,162156.0,100.0,65.14522821576763,?,-1.0
DatasetClassiRealeseNormalizedShuffled,10,2,weka.classifiers.trees.RandomForest,'-P 100 -I 100 -num-slots 1 -K 0 -M 1.0 -V 0.001 -S 1',1116839470751428698,2.02604271224E7,4330.0,481.0,463.0,18.0,0.0,96.25779625779626,3.7422037422037424,0.0,0.8262422734205668,0.07478409128712284,0.16455730150387474,32.61678421232979,48.774680713654014,269.42867131105754,68.58413318504729,200.84453812601026,0.5601427677984564,0.1425865554782688,0.41755621232018764,185.10936654326426,0.38484275788620426,68.70440537842909,0.7936507936507936,50.0,0.011961722488038277,5.0,0.9880382775119617,413.0,0.20634920634920634,13.0,0.9090909090909091,0.7936507936507936,0.847457627118644,0.8287171212200305,0.9922913343965976,0.9531793761586925,0.9625779625779626,0.1808888914152072,0.8191111085847929,0.037422037422037424,0.9615735108692854,0.9625779625779626,0.9614867745641302,0.8287171212200304,0.9922913343965974,0.9928541223575872,0.9130653064503174,0.9625779625779626,0.392,0.006,0.37,0.01,370.0,10.0,2.8248603E7,1043348.0,161927.0,99.79209979209979,63.40956340956341,?,-1.0
DatasetClassiRealeseNormalizedShuffled,10,3,weka.classifiers.trees.RandomForest,'-P 100 -I 100 -num-slots 1 -K 0 -M 1.0 -V 0.001 -S 1',1116839470751428698,2.02604271224E7,4330.0,481.0,467.0,14.0,0.0,97.0893970893971,2.9106029106029108,0.0,0.8721473324473135,0.06693197303887725,0.14953328666801896,29.020512211455433,44.02759115408662,272.1308087156738,60.98294640720276,211.14786230847108,0.565760517080403,0.1267836723642469,0.43897684471615606,193.5494281006991,0.40238966341101684,71.1236735796873,0.875,56.0,0.014388489208633094,6.0,0.9856115107913669,411.0,0.125,8.0,0.9032258064516129,0.875,0.8888888888888888,0.872292842180695,0.9940422661870504,0.9681647638731854,0.9708939708939709,0.110282460102604,0.889717539897396,0.029106029106029108,0.9705709724956781,0.9708939708939709,0.9706977864872602,0.872292842180695,0.9940422661870504,0.994965724680486,0.9360712387028176,0.9708939708939709,0.398,0.007,0.37,0.01,370.0,10.0,2.7630873E7,1043348.0,161927.0,100.0,64.13721413721414,?,-1.0
DatasetClassiRealeseNormalizedShuffled,10,4,weka.classifiers.trees.RandomForest,'-P 100 -I 100 -num-slots 1 -K 0 -M 1.0 -V 0.001 -S 1',1116839470751428698,2.02604271224E7,4330.0,481.0,456.0,25.0,0.0,94.8024948024948,5.197505197505198,0.0,0.760453395485966,0.08372887918550269,0.19736938259368564,36.30335175451922,58.112134607603586,272.1308087156738,92.4391127362182,179.69169597945563,0.565760517080403,0.19218110755970522,0.3735794095206978,170.45490177928866,0.3543760951752363,62.63712020838567,0.734375,47.0,0.019184652278177457,8.0,0.9808153477218226,409.0,0.265625,17.0,0.8545454545454545,0.734375,0.7899159663865547,0.7632969283934359,0.9768060551558753,0.8643825635421944,0.9480249480249481,0.2328346003031255,0.7671653996968746,0.05197505197505198,0.9460500291486207,0.9480249480249481,0.9463369517796981,0.763296928393436,0.9768060551558753,0.9787235140530421,0.8801299879382358,0.9480249480249481,0.385,0.007,0.36,0.01,360.0,10.0,2.3812991E7,1043348.0,161927.0,99.79209979209979,64.96881496881497,?,-1.0
DatasetClassiRealeseNormalizedShuffled,10,5,weka.classifiers.trees.RandomForest,'-P 100 -I 100 -num-slots 1 -K 0 -M 1.0 -V 0.001 -S 1',1116839470751428698,2.02604271224E7,4330.0,481.0,466.0,15.0,0.0,96.88149688149689,3.1185031185031185,0.0,0.8639269750862836,0.07019781239366887,0.16314608648698578,30.43652202818878,48.03565382860334,272.1308087156738,68.46007005672473,203.6707386589491,0.565760517080403,0.14232862797655868,0.4234318891038443,191.1236073144535,0.39734637695312575,70.23225639774662,0.875,56.0,0.016786570743405275,7.0,0.9832134292565947,410.0,0.125,8.0,0.8888888888888888,0.875,0.8818897637795274,0.8639625247424667,0.9888714028776978,0.9296508655166257,0.9688149688149689,0.1106015395583741,0.889398460441626,0.031185031185031187,0.9686237580974424,0.9688149688149689,0.9687108667730102,0.8639625247424667,0.9888714028776978,0.9891700662998864,0.93196284596162,0.9688149688149689,0.41,0.006,0.37,0.01,370.0,10.0,2.9057819E7,1043348.0,161927.0,100.0,63.72141372141372,?,-1.0
DatasetClassiRealeseNormalizedShuffled,10,6,weka.classifiers.trees.RandomForest,'-P 100 -I 100 -num-slots 1 -K 0 -M 1.0 -V 0.001 -S 1',1116839470751428698,2.02604271224E7,4330.0,481.0,465.0,16.0,0.0,96.67359667359668,3.3264033264033266,0.0,0.8498575832065238,0.07598199391590738,0.17243929798955265,32.944440185657356,50.771885510930005,272.1308087156738,76.29529389025635,195.83551482541748,0.565760517080403,0.15861807461591756,0.4071424424644854,179.11656727996518,0.3723837157587634,65.82002534931968,0.828125,53.0,0.011990407673860911,5.0,0.988009592326139,412.0,0.171875,11.0,0.9137931034482759,0.828125,0.8688524590163935,0.8512078499169976,0.9867730815347722,0.9389139530317819,0.9667359667359667,0.15060137440982763,0.8493986255901723,0.033264033264033266,0.9659850041361413,0.9667359667359667,0.966036798823684,0.8512078499169976,0.9867730815347722,0.9900742071136186,0.9249024199843872,0.9667359667359667,0.391,0.006,0.37,0.01,370.0,10.0,2.866806E7,1043348.0,161927.0,100.0,64.13721413721414,?,-1.0
DatasetClassiRealeseNormalizedShuffled,10,7,weka.classifiers.trees.RandomForest,'-P 100 -I 100 -num-slots 1 -K 0 -M 1.0 -V 0.001 -S 1',1116839470751428698,2.02604271224E7,4330.0,481.0,460.0,21.0,0.0,95.63409563409563,4.365904365904366,0.0,0.7929571402217807,0.08217172739730165,0.178065937990509,35.62819845434189,52.42855614964417,272.1308087156738,80.49353357044448,191.63727514522935,0.565760517080403,0.16734622363917773,0.39841429344122525,169.25391190526398,0.35187923473027855,62.1957920545861,0.734375,47.0,0.009592326139088728,4.0,0.9904076738609112,413.0,0.265625,17.0,0.9215686274509803,0.734375,0.8173913043478261,0.7995516088509957,0.9842251199040767,0.916868464727126,0.9563409563409564,0.23155828248004506,0.7684417175199549,0.04365904365904366,0.9552896998861431,0.9563409563409564,0.9542083170541669,0.7995516088509956,0.9842251199040767,0.9867365674477769,0.896298957959037,0.9563409563409564,0.41,0.007,0.4,0.0,400.0,0.0,3.0237044E7,1043348.0,161927.0,99.79209979209979,65.8004158004158,?,-1.0
DatasetClassiRealeseNormalizedShuffled,10,8,weka.classifiers.trees.RandomForest,'-P 100 -I 100 -num-slots 1 -K 0 -M 1.0 -V 0.001 -S 1',1116839470751428698,2.02604271224E7,4330.0,481.0,465.0,16.0,0.0,96.67359667359668,3.3264033264033266,0.0,0.8477607216331697,0.07601201387632815,0.17386580302164423,32.957456306181285,51.19189621043139,272.1308087156738,76.16448746283108,195.96632125284276,0.565760517080403,0.1583461277813536,0.4074143892990494,180.60368525940174,0.37547543712973336,66.36649709445396,0.8125,52.0,0.009592326139088728,4.0,0.9904076738609112,413.0,0.1875,12.0,0.9285714285714286,0.8125,0.8666666666666666,0.8502274939139586,0.9860986211031175,0.9244813184899352,0.9667359667359667,0.16382829287505546,0.8361717071249446,0.033264033264033266,0.9660175754293402,0.9667359667359667,0.9657851895381585,0.8502274939139586,0.9860986211031175,0.9880646332766791,0.9238321456848773,0.9667359667359667,0.395,0.007,0.38,0.01,380.0,10.0,2.7646565E7,1043348.0,161927.0,99.79209979209979,63.513513513513516,?,-1.0
DatasetClassiRealeseNormalizedShuffled,10,9,weka.classifiers.trees.RandomForest,'-P 100 -I 100 -num-slots 1 -K 0 -M 1.0 -V 0.001 -S 1',1116839470751428698,2.02604271224E7,4330.0,481.0,459.0,22.0,0.0,95.42619542619542,4.573804573804574,0.0,0.787706134895478,0.08362670579007137,0.1807272710774018,36.259051188807845,53.21214144817838,272.1308087156738,79.08504340877892,193.0457653068949,0.565760517080403,0.16441796966482103,0.40134254741558195,169.07027742779078,0.3514974582698353,62.12831183125533,0.75,48.0,0.014388489208633094,6.0,0.9856115107913669,411.0,0.25,16.0,0.8888888888888888,0.75,0.8135593220338982,0.7913993941881375,0.9884592326139089,0.9323295213836054,0.9542619542619543,0.21865044347058735,0.7813495565294126,0.04573804573804574,0.9527309691244117,0.9542619542619543,0.9525948614630435,0.7913993941881375,0.9884592326139089,0.9894742510730303,0.8937464856614988,0.9542619542619543,0.542,0.009,0.36,0.0,360.0,0.0,2.6918039E7,1043348.0,161927.0,100.0,65.17671517671518,?,-1.0
DatasetClassiRealeseNormalizedShuffled,10,10,weka.classifiers.trees.RandomForest,'-P 100 -I 100 -num-slots 1 -K 0 -M 1.0 -V 0.001 -S 1',1116839470751428698,2.02604271224E7,4330.0,481.0,463.0,18.0,0.0,96.25779625779626,3.7422037422037424,0.0,0.8310897811073393,0.08044453972344141,0.17484962216111438,34.87932062055053,51.48156540588164,272.1308087156738,77.40155463499272,194.7292540806811,0.565760517080403,0.16091799300414286,0.4048425240762601,171.63547832681618,0.3568305162719671,63.070947070217024,0.8125,52.0,0.014388489208633094,6.0,0.9856115107913669,411.0,0.1875,12.0,0.896551724137931,0.8125,0.8524590163934426,0.8324102292471443,0.9861735611510791,0.9313363472963683,0.9625779625779626,0.16446645178659566,0.8355335482134043,0.037422037422037424,0.9616414201887422,0.9625779625779626,0.9617913986766445,0.8324102292471443,0.9861735611510791,0.9889927112198,0.9155152224824356,0.9625779625779626,0.472,0.006,0.35,0.01,350.0,10.0,2.6487026E7,1043348.0,161927.0,100.0,65.8004158004158,?,-1.0
