Key_Dataset,Key_Run,Key_Fold,Key_Scheme,Key_Scheme_options,Key_Scheme_version_ID,Date_time,Number_of_training_instances,Number_of_testing_instances,Number_correct,Number_incorrect,Number_unclassified,Percent_correct,Percent_incorrect,Percent_unclassified,Kappa_statistic,Mean_absolute_error,Root_mean_squared_error,Relative_absolute_error,Root_relative_squared_error,SF_prior_entropy,SF_scheme_entropy,SF_entropy_gain,SF_mean_prior_entropy,SF_mean_scheme_entropy,SF_mean_entropy_gain,KB_information,KB_mean_information,KB_relative_information,True_positive_rate,Num_true_positives,False_positive_rate,Num_false_positives,True_negative_rate,Num_true_negatives,False_negative_rate,Num_false_negatives,IR_precision,IR_recall,F_measure,Matthews_correlation,Area_under_ROC,Area_under_PRC,Weighted_avg_true_positive_rate,Weighted_avg_false_positive_rate,Weighted_avg_true_negative_rate,Weighted_avg_false_negative_rate,Weighted_avg_IR_precision,Weighted_avg_IR_recall,Weighted_avg_F_measure,Weighted_avg_matthews_correlation,Weighted_avg_area_under_ROC,Weighted_avg_area_under_PRC,Unweighted_macro_avg_F_measure,Unweighted_micro_avg_F_measure,Elapsed_Time_training,Elapsed_Time_testing,UserCPU_Time_training,UserCPU_Time_testing,UserCPU_Time_millis_training,UserCPU_Time_millis_testing,Serialized_Model_Size,Serialized_Train_Set_Size,Serialized_Test_Set_Size,Coverage_of_Test_Cases_By_Regions,Size_of_Predicted_Regions,Summary
DatasetClassiRealeseNormalizedShuffled,1,1,weka.classifiers.meta.FilteredClassifier,'-F \"weka.filters.MultiFilter -F \\\"weka.filters.supervised.attribute.AttributeSelection -E \\\\\\\"weka.attributeSelection.WrapperSubsetEval -B weka.classifiers.bayes.NaiveBayes -F 5 -T 0.01 -R 1 -E AUC --\\\\\\\" -S \\\\\\\"weka.attributeSelection.GreedyStepwise -B -T -1.7976931348623157E308 -N -1 -num-slots 1\\\\\\\"\\\" -S 1\" -S 1 -W weka.classifiers.lazy.IBk -- -K 1 -W 0 -A \"weka.core.neighboursearch.LinearNNSearch -A \\\"weka.core.EuclideanDistance -R first-last\\\"\"',-4523450618538717400,2.02604271252E7,4329.0,482.0,452.0,30.0,0.0,93.7759336099585,6.224066390041494,0.0,0.7021504490401252,0.07465784732895568,0.24643663635167354,32.39560993597476,72.62298505153674,272.3366817903761,337.2738945282949,-64.9372127379188,0.565013862635635,0.6997383703906532,-0.13472450775501826,164.52418978708045,0.3413364933341918,60.412056394855604,0.65625,42.0,0.019138755980861243,8.0,0.9808612440191388,410.0,0.34375,22.0,0.84,0.65625,0.736842105263158,0.7090331197881967,0.8724394437799043,0.6534732622339838,0.9377593360995851,0.3006480920804463,0.6993519079195537,0.06224066390041494,0.934591209466728,0.9377593360995851,0.9344501111211027,0.7090331197881968,0.8724394437799043,0.925219626523444,0.8507739938080496,0.9377593360995851,13.739,0.068,13.63,0.06,13630.0,60.0,362668.0,1043119.0,162156.0,94.60580912863071,55.18672199170125,?
DatasetClassiRealeseNormalizedShuffled,1,2,weka.classifiers.meta.FilteredClassifier,'-F \"weka.filters.MultiFilter -F \\\"weka.filters.supervised.attribute.AttributeSelection -E \\\\\\\"weka.attributeSelection.WrapperSubsetEval -B weka.classifiers.bayes.NaiveBayes -F 5 -T 0.01 -R 1 -E AUC --\\\\\\\" -S \\\\\\\"weka.attributeSelection.GreedyStepwise -B -T -1.7976931348623157E308 -N -1 -num-slots 1\\\\\\\"\\\" -S 1\" -S 1 -W weka.classifiers.lazy.IBk -- -K 1 -W 0 -A \"weka.core.neighboursearch.LinearNNSearch -A \\\"weka.core.EuclideanDistance -R first-last\\\"\"',-4523450618538717400,2.02604271253E7,4330.0,481.0,449.0,32.0,0.0,93.34719334719335,6.652806652806653,0.0,0.6622191011235956,0.07919402250992534,0.2521259665492779,34.540158189465124,74.72997798139562,269.42867131105754,333.8326448734637,-64.40397356240618,0.5601427677984564,0.6940387627306938,-0.1338959949322374,156.31617994613856,0.3249816630896852,58.01764867320684,0.5873015873015873,37.0,0.014354066985645933,6.0,0.9856459330143541,412.0,0.4126984126984127,26.0,0.8604651162790697,0.5873015873015873,0.6981132075471699,0.6774885765034797,0.8491114149008886,0.645627060693827,0.9334719334719335,0.3605244131559921,0.639475586844008,0.06652806652806653,0.9301382888512548,0.9334719334719335,0.9279728978194857,0.6774885765034797,0.8491114149008886,0.9213921601317326,0.8303650149885382,0.9334719334719335,13.487,0.039,13.46,0.03,13460.0,30.0,362729.0,1043348.0,161927.0,95.01039501039502,57.276507276507274,?
DatasetClassiRealeseNormalizedShuffled,1,3,weka.classifiers.meta.FilteredClassifier,'-F \"weka.filters.MultiFilter -F \\\"weka.filters.supervised.attribute.AttributeSelection -E \\\\\\\"weka.attributeSelection.WrapperSubsetEval -B weka.classifiers.bayes.NaiveBayes -F 5 -T 0.01 -R 1 -E AUC --\\\\\\\" -S \\\\\\\"weka.attributeSelection.GreedyStepwise -B -T -1.7976931348623157E308 -N -1 -num-slots 1\\\\\\\"\\\" -S 1\" -S 1 -W weka.classifiers.lazy.IBk -- -K 1 -W 0 -A \"weka.core.neighboursearch.LinearNNSearch -A \\\"weka.core.EuclideanDistance -R first-last\\\"\"',-4523450618538717400,2.02604271253E7,4330.0,481.0,450.0,31.0,0.0,93.55509355509355,6.444906444906445,0.0,0.6987250722324371,0.07679172741777365,0.24559421802678405,33.29552621991016,72.31113594859173,272.1308087156738,309.8509423392605,-37.72013362358666,0.565760517080403,0.6441807533040759,-0.07842023622367289,162.16021910874133,0.33713143265850587,59.58907037173019,0.671875,43.0,0.023980815347721823,10.0,0.9760191846522782,407.0,0.328125,21.0,0.8113207547169812,0.671875,0.7350427350427351,0.7027523021805071,0.8774168165467626,0.6723234169602172,0.9355509355509356,0.28765675089865733,0.7123432491013426,0.06444906444906445,0.9323581038005301,0.9355509355509356,0.9329407696271601,0.702752302180507,0.8774168165467626,0.9290665367455988,0.8491781722550953,0.9355509355509356,13.548,0.039,13.52,0.04,13520.0,40.0,397536.0,1043348.0,161927.0,95.21829521829522,57.276507276507274,?
DatasetClassiRealeseNormalizedShuffled,1,4,weka.classifiers.meta.FilteredClassifier,'-F \"weka.filters.MultiFilter -F \\\"weka.filters.supervised.attribute.AttributeSelection -E \\\\\\\"weka.attributeSelection.WrapperSubsetEval -B weka.classifiers.bayes.NaiveBayes -F 5 -T 0.01 -R 1 -E AUC --\\\\\\\" -S \\\\\\\"weka.attributeSelection.GreedyStepwise -B -T -1.7976931348623157E308 -N -1 -num-slots 1\\\\\\\"\\\" -S 1\" -S 1 -W weka.classifiers.lazy.IBk -- -K 1 -W 0 -A \"weka.core.neighboursearch.LinearNNSearch -A \\\"weka.core.EuclideanDistance -R first-last\\\"\"',-4523450618538717400,2.02604271253E7,4330.0,481.0,446.0,35.0,0.0,92.72349272349273,7.276507276507276,0.0,0.6692859247618114,0.08282726988381085,0.259017048178801,35.91243000872649,76.26326521179573,272.1308087156738,322.8525734751471,-50.721764759473274,0.565760517080403,0.6712111714660023,-0.10545065438559932,151.14525364685096,0.3142312965630997,55.54139730087294,0.671875,43.0,0.03357314148681055,14.0,0.9664268585131894,403.0,0.328125,21.0,0.7543859649122807,0.671875,0.7107438016528924,0.670754766137694,0.9130695443645084,0.6589531312461211,0.9272349272349273,0.28893306872173774,0.7110669312782623,0.07276507276507277,0.9243812887060157,0.9272349272349273,0.9254329796973835,0.670754766137694,0.9130695443645084,0.9359476696702695,0.8345633395898231,0.9272349272349273,13.487,0.045,13.46,0.04,13460.0,40.0,362913.0,1043348.0,161927.0,94.8024948024948,56.34095634095634,?
DatasetClassiRealeseNormalizedShuffled,1,5,weka.classifiers.meta.FilteredClassifier,'-F \"weka.filters.MultiFilter -F \\\"weka.filters.supervised.attribute.AttributeSelection -E \\\\\\\"weka.attributeSelection.WrapperSubsetEval -B weka.classifiers.bayes.NaiveBayes -F 5 -T 0.01 -R 1 -E AUC --\\\\\\\" -S \\\\\\\"weka.attributeSelection.GreedyStepwise -B -T -1.7976931348623157E308 -N -1 -num-slots 1\\\\\\\"\\\" -S 1\" -S 1 -W weka.classifiers.lazy.IBk -- -K 1 -W 0 -A \"weka.core.neighboursearch.LinearNNSearch -A \\\"weka.core.EuclideanDistance -R first-last\\\"\"',-4523450618538717400,2.02604271253E7,4330.0,481.0,446.0,35.0,0.0,92.72349272349273,7.276507276507276,0.0,0.6598508880043644,0.08407464215071882,0.25991144900452,36.453268422125824,76.52660667081186,272.1308087156738,342.4631235238539,-70.33231480818006,0.565760517080403,0.7119815457876381,-0.14622102870723505,149.7211385577427,0.31127055833210543,55.01807724908263,0.640625,41.0,0.02877697841726619,12.0,0.9712230215827338,405.0,0.359375,23.0,0.7735849056603774,0.640625,0.7008547008547009,0.6636540594705628,0.8747939148681055,0.6434288563453976,0.9272349272349273,0.3153869056521934,0.6846130943478066,0.07276507276507277,0.9232859780823103,0.9272349272349273,0.9242879657080842,0.6636540594705628,0.8748263992755899,0.9254733868514105,0.8297172912557529,0.9272349272349273,13.481,0.039,13.44,0.04,13440.0,40.0,397554.0,1043348.0,161927.0,94.8024948024948,57.06860706860707,?
DatasetClassiRealeseNormalizedShuffled,1,6,weka.classifiers.meta.FilteredClassifier,'-F \"weka.filters.MultiFilter -F \\\"weka.filters.supervised.attribute.AttributeSelection -E \\\\\\\"weka.attributeSelection.WrapperSubsetEval -B weka.classifiers.bayes.NaiveBayes -F 5 -T 0.01 -R 1 -E AUC --\\\\\\\" -S \\\\\\\"weka.attributeSelection.GreedyStepwise -B -T -1.7976931348623157E308 -N -1 -num-slots 1\\\\\\\"\\\" -S 1\" -S 1 -W weka.classifiers.lazy.IBk -- -K 1 -W 0 -A \"weka.core.neighboursearch.LinearNNSearch -A \\\"weka.core.EuclideanDistance -R first-last\\\"\"',-4523450618538717400,2.02604271254E7,4330.0,481.0,445.0,36.0,0.0,92.51559251559252,7.484407484407485,0.0,0.6712359977216632,0.08945082003545059,0.26826306364269603,38.784283464282005,78.9856008048901,272.1308087156738,379.2610739697232,-107.13026525404939,0.565760517080403,0.7884845612676158,-0.22272404418721287,144.0200655868606,0.29941801577309896,52.923102042935106,0.703125,45.0,0.0407673860911271,17.0,0.9592326139088729,400.0,0.296875,19.0,0.7258064516129032,0.703125,0.7142857142857143,0.6713479872530541,0.8824752697841727,0.6141626676715237,0.9251559251559252,0.2627983112470523,0.7372016887529478,0.07484407484407485,0.924204376356197,0.9251559251559252,0.9246514509672404,0.6713479872530541,0.8824752697841727,0.9236194388824788,0.8356117566643881,0.9251559251559252,13.666,0.04,13.63,0.04,13630.0,40.0,362729.0,1043348.0,161927.0,94.17879417879418,57.276507276507274,?
DatasetClassiRealeseNormalizedShuffled,1,7,weka.classifiers.meta.FilteredClassifier,'-F \"weka.filters.MultiFilter -F \\\"weka.filters.supervised.attribute.AttributeSelection -E \\\\\\\"weka.attributeSelection.WrapperSubsetEval -B weka.classifiers.bayes.NaiveBayes -F 5 -T 0.01 -R 1 -E AUC --\\\\\\\" -S \\\\\\\"weka.attributeSelection.GreedyStepwise -B -T -1.7976931348623157E308 -N -1 -num-slots 1\\\\\\\"\\\" -S 1\" -S 1 -W weka.classifiers.lazy.IBk -- -K 1 -W 0 -A \"weka.core.neighboursearch.LinearNNSearch -A \\\"weka.core.EuclideanDistance -R first-last\\\"\"',-4523450618538717400,2.02604271254E7,4330.0,481.0,448.0,33.0,0.0,93.13929313929314,6.860706860706861,0.0,0.704572949431406,0.08014968028567307,0.2587143428312185,34.75147481643163,76.17413865288376,272.1308087156738,346.62599644773167,-74.49518773205784,0.565760517080403,0.7206361672510014,-0.15487565017059843,156.84644695400482,0.3260840893014653,57.6364167270308,0.75,48.0,0.0407673860911271,17.0,0.9592326139088729,400.0,0.25,16.0,0.7384615384615385,0.75,0.7441860465116279,0.7046011848813561,0.9187275179856115,0.6468810575610864,0.9313929313929314,0.22216031748405848,0.7778396825159415,0.06860706860706861,0.9318567087797857,0.9313929313929314,0.9316176695500519,0.7046011848813561,0.9187275179856115,0.9354294200203594,0.8522851000865463,0.9313929313929314,13.447,0.04,13.42,0.04,13420.0,40.0,362729.0,1043348.0,161927.0,94.38669438669439,55.82120582120582,?
DatasetClassiRealeseNormalizedShuffled,1,8,weka.classifiers.meta.FilteredClassifier,'-F \"weka.filters.MultiFilter -F \\\"weka.filters.supervised.attribute.AttributeSelection -E \\\\\\\"weka.attributeSelection.WrapperSubsetEval -B weka.classifiers.bayes.NaiveBayes -F 5 -T 0.01 -R 1 -E AUC --\\\\\\\" -S \\\\\\\"weka.attributeSelection.GreedyStepwise -B -T -1.7976931348623157E308 -N -1 -num-slots 1\\\\\\\"\\\" -S 1\" -S 1 -W weka.classifiers.lazy.IBk -- -K 1 -W 0 -A \"weka.core.neighboursearch.LinearNNSearch -A \\\"weka.core.EuclideanDistance -R first-last\\\"\"',-4523450618538717400,2.02604271254E7,4330.0,481.0,448.0,33.0,0.0,93.13929313929314,6.860706860706861,0.0,0.6746469346342266,0.07999876826952719,0.25415898097242556,34.68604205225968,74.83288805947491,272.1308087156738,336.4554471000938,-64.32463838441998,0.565760517080403,0.699491574012669,-0.13373105693226608,156.8981206097606,0.3261915189392112,57.655405262727896,0.640625,41.0,0.023980815347721823,10.0,0.9760191846522782,407.0,0.359375,23.0,0.803921568627451,0.640625,0.7130434782608696,0.6802575002254477,0.8788781474820144,0.6450928221326165,0.9313929313929314,0.3147487467406532,0.6852512532593468,0.06860706860706861,0.9275391460069982,0.9313929313929314,0.9280416410851193,0.6802575002254478,0.8788781474820144,0.9273618284647098,0.8370412196499153,0.9313929313929314,13.414,0.039,13.39,0.03,13390.0,30.0,362728.0,1043348.0,161927.0,94.8024948024948,56.444906444906444,?
DatasetClassiRealeseNormalizedShuffled,1,9,weka.classifiers.meta.FilteredClassifier,'-F \"weka.filters.MultiFilter -F \\\"weka.filters.supervised.attribute.AttributeSelection -E \\\\\\\"weka.attributeSelection.WrapperSubsetEval -B weka.classifiers.bayes.NaiveBayes -F 5 -T 0.01 -R 1 -E AUC --\\\\\\\" -S \\\\\\\"weka.attributeSelection.GreedyStepwise -B -T -1.7976931348623157E308 -N -1 -num-slots 1\\\\\\\"\\\" -S 1\" -S 1 -W weka.classifiers.lazy.IBk -- -K 1 -W 0 -A \"weka.core.neighboursearch.LinearNNSearch -A \\\"weka.core.EuclideanDistance -R first-last\\\"\"',-4523450618538717400,2.02604271254E7,4330.0,481.0,439.0,42.0,0.0,91.26819126819127,8.731808731808732,0.0,0.5703713155544213,0.09523550331485557,0.28700962428717264,41.29241917472737,84.50521403610807,272.1308087156738,409.95569850965,-137.82488979397618,0.565760517080403,0.8522987495003118,-0.2865382324199089,134.72942403979948,0.2801027526814958,49.509066862240765,0.53125,34.0,0.02877697841726619,12.0,0.9712230215827338,405.0,0.46875,30.0,0.7391304347826086,0.53125,0.6181818181818182,0.580292849409404,0.8649955035971223,0.558829738166165,0.9126819126819127,0.41020889109917885,0.5897911089008212,0.08731808731808732,0.9055004722171138,0.9126819126819127,0.9064600796995161,0.580292849409404,0.8649955035971223,0.9116152080076841,0.7844430217669653,0.9126819126819127,13.434,0.039,13.4,0.04,13400.0,40.0,397538.0,1043348.0,161927.0,93.55509355509355,56.75675675675676,?
DatasetClassiRealeseNormalizedShuffled,1,10,weka.classifiers.meta.FilteredClassifier,'-F \"weka.filters.MultiFilter -F \\\"weka.filters.supervised.attribute.AttributeSelection -E \\\\\\\"weka.attributeSelection.WrapperSubsetEval -B weka.classifiers.bayes.NaiveBayes -F 5 -T 0.01 -R 1 -E AUC --\\\\\\\" -S \\\\\\\"weka.attributeSelection.GreedyStepwise -B -T -1.7976931348623157E308 -N -1 -num-slots 1\\\\\\\"\\\" -S 1\" -S 1 -W weka.classifiers.lazy.IBk -- -K 1 -W 0 -A \"weka.core.neighboursearch.LinearNNSearch -A \\\"weka.core.EuclideanDistance -R first-last\\\"\"',-4523450618538717400,2.02604271254E7,4330.0,481.0,459.0,22.0,0.0,95.42619542619542,4.573804573804574,0.0,0.8043341592396731,0.049696859307009476,0.21665171213817278,21.54767365893034,63.78949608744467,272.1308087156738,270.6982822963851,1.4325264192887062,0.565760517080403,0.5627822916764763,0.002978225403926624,198.07159308234972,0.41179125380945886,72.78543506968288,0.84375,54.0,0.02877697841726619,12.0,0.9712230215827338,405.0,0.15625,10.0,0.8181818181818182,0.84375,0.8307692307692308,0.8044614375053459,0.9116831534772182,0.7158270714545524,0.9542619542619543,0.13928893267922046,0.8607110673207796,0.04573804573804574,0.9549177621466779,0.9542619542619543,0.9545588117703503,0.8044614375053459,0.9116831534772183,0.9411141145445118,0.9021634615384616,0.9542619542619543,11.635,0.041,11.61,0.04,11610.0,40.0,677661.0,1043348.0,161927.0,95.42619542619542,50.727650727650726,?
DatasetClassiRealeseNormalizedShuffled,2,1,weka.classifiers.meta.FilteredClassifier,'-F \"weka.filters.MultiFilter -F \\\"weka.filters.supervised.attribute.AttributeSelection -E \\\\\\\"weka.attributeSelection.WrapperSubsetEval -B weka.classifiers.bayes.NaiveBayes -F 5 -T 0.01 -R 1 -E AUC --\\\\\\\" -S \\\\\\\"weka.attributeSelection.GreedyStepwise -B -T -1.7976931348623157E308 -N -1 -num-slots 1\\\\\\\"\\\" -S 1\" -S 1 -W weka.classifiers.lazy.IBk -- -K 1 -W 0 -A \"weka.core.neighboursearch.LinearNNSearch -A \\\"weka.core.EuclideanDistance -R first-last\\\"\"',-4523450618538717400,2.02604271255E7,4329.0,482.0,444.0,38.0,0.0,92.11618257261411,7.8838174273858925,0.0,0.6435188789412221,0.0879874741461228,0.2715364540344407,38.1796153206783,80.01970865301728,272.3366817903761,375.2986616167648,-102.9619798263887,0.565013862635635,0.7786279286654871,-0.21361406602985208,146.28799904559784,0.3035020727087092,53.71586305740449,0.65625,42.0,0.03827751196172249,16.0,0.9617224880382775,402.0,0.34375,22.0,0.7241379310344828,0.65625,0.6885245901639345,0.644540695919093,0.8997271232057417,0.6152327846605554,0.921161825726141,0.3031893376878636,0.6968106623121364,0.07883817427385892,0.9183737517446554,0.921161825726141,0.9195040782043202,0.644540695919093,0.8997271232057417,0.9276869734745787,0.8216969744168842,0.921161825726141,13.492,0.042,13.46,0.04,13460.0,40.0,362658.0,1043119.0,162156.0,94.19087136929461,55.809128630705395,?
DatasetClassiRealeseNormalizedShuffled,2,2,weka.classifiers.meta.FilteredClassifier,'-F \"weka.filters.MultiFilter -F \\\"weka.filters.supervised.attribute.AttributeSelection -E \\\\\\\"weka.attributeSelection.WrapperSubsetEval -B weka.classifiers.bayes.NaiveBayes -F 5 -T 0.01 -R 1 -E AUC --\\\\\\\" -S \\\\\\\"weka.attributeSelection.GreedyStepwise -B -T -1.7976931348623157E308 -N -1 -num-slots 1\\\\\\\"\\\" -S 1\" -S 1 -W weka.classifiers.lazy.IBk -- -K 1 -W 0 -A \"weka.core.neighboursearch.LinearNNSearch -A \\\"weka.core.EuclideanDistance -R first-last\\\"\"',-4523450618538717400,2.02604271255E7,4330.0,481.0,454.0,27.0,0.0,94.38669438669439,5.613305613305613,0.0,0.7448175584068538,0.05712200269720645,0.23567208140073465,24.913534465474193,69.85305676741696,269.42867131105754,311.05739024526605,-41.62871893420851,0.5601427677984564,0.6466889610088691,-0.0865461932104127,184.39304637790218,0.3833535267731854,68.43853903173465,0.746031746031746,47.0,0.02631578947368421,11.0,0.9736842105263158,407.0,0.25396825396825395,16.0,0.8103448275862069,0.746031746031746,0.7768595041322314,0.7456505911852226,0.886002886002886,0.6491603917127838,0.9438669438669439,0.22415098730888203,0.775849012691118,0.056133056133056136,0.9422886682607885,0.9438669438669439,0.9428740339993177,0.7456505911852226,0.8860028860028859,0.9262129868742035,0.8723774333978636,0.9438669438669439,12.122,0.042,12.1,0.04,12100.0,40.0,642856.0,1043348.0,161927.0,94.8024948024948,50.51975051975052,?
DatasetClassiRealeseNormalizedShuffled,2,3,weka.classifiers.meta.FilteredClassifier,'-F \"weka.filters.MultiFilter -F \\\"weka.filters.supervised.attribute.AttributeSelection -E \\\\\\\"weka.attributeSelection.WrapperSubsetEval -B weka.classifiers.bayes.NaiveBayes -F 5 -T 0.01 -R 1 -E AUC --\\\\\\\" -S \\\\\\\"weka.attributeSelection.GreedyStepwise -B -T -1.7976931348623157E308 -N -1 -num-slots 1\\\\\\\"\\\" -S 1\" -S 1 -W weka.classifiers.lazy.IBk -- -K 1 -W 0 -A \"weka.core.neighboursearch.LinearNNSearch -A \\\"weka.core.EuclideanDistance -R first-last\\\"\"',-4523450618538717400,2.02604271255E7,4330.0,481.0,450.0,31.0,0.0,93.55509355509355,6.444906444906445,0.0,0.7029622104025979,0.0758139782872195,0.2433474397024128,32.87159159950826,71.64960941036419,272.1308087156738,293.4439772102077,-21.313168494533898,0.565760517080403,0.6100706386906606,-0.04431012161025758,163.94554133778584,0.34084312128437805,60.245123332977144,0.6875,44.0,0.026378896882494004,11.0,0.973621103117506,406.0,0.3125,20.0,0.8,0.6875,0.7394957983193278,0.7055907688255767,0.9113833932853717,0.6873701751757785,0.9355509355509356,0.27442983243342955,0.7255701675665704,0.06444906444906445,0.9326871833914087,0.9355509355509356,0.933457820206826,0.7055907688255767,0.9113833932853717,0.9396985982065483,0.8513611850434124,0.9355509355509356,13.409,0.039,13.38,0.04,13380.0,40.0,362727.0,1043348.0,161927.0,95.63409563409563,57.06860706860707,?
DatasetClassiRealeseNormalizedShuffled,2,4,weka.classifiers.meta.FilteredClassifier,'-F \"weka.filters.MultiFilter -F \\\"weka.filters.supervised.attribute.AttributeSelection -E \\\\\\\"weka.attributeSelection.WrapperSubsetEval -B weka.classifiers.bayes.NaiveBayes -F 5 -T 0.01 -R 1 -E AUC --\\\\\\\" -S \\\\\\\"weka.attributeSelection.GreedyStepwise -B -T -1.7976931348623157E308 -N -1 -num-slots 1\\\\\\\"\\\" -S 1\" -S 1 -W weka.classifiers.lazy.IBk -- -K 1 -W 0 -A \"weka.core.neighboursearch.LinearNNSearch -A \\\"weka.core.EuclideanDistance -R first-last\\\"\"',-4523450618538717400,2.02604271255E7,4330.0,481.0,449.0,32.0,0.0,93.34719334719335,6.652806652806653,0.0,0.6997151664130477,0.0690255291869661,0.22322685927082214,29.928240894811143,65.72543888777211,272.1308087156738,224.6139646265032,47.51684408917063,0.565760517080403,0.4669728994313996,0.0987876176490034,168.25173331169535,0.34979570335071797,61.82752114902476,0.703125,45.0,0.03117505995203837,13.0,0.9688249400479616,404.0,0.296875,19.0,0.7758620689655172,0.703125,0.7377049180327868,0.7008268845581708,0.9198890887290168,0.7594162645161413,0.9334719334719335,0.26152199342397187,0.7384780065760281,0.06652806652806653,0.9312363325569488,0.9334719334719335,0.9320735976473681,0.7008268845581708,0.9198890887290168,0.9508557620897506,0.8498048399687743,0.9334719334719335,13.413,0.039,13.38,0.04,13380.0,40.0,362729.0,1043348.0,161927.0,96.88149688149689,56.86070686070686,?
DatasetClassiRealeseNormalizedShuffled,2,5,weka.classifiers.meta.FilteredClassifier,'-F \"weka.filters.MultiFilter -F \\\"weka.filters.supervised.attribute.AttributeSelection -E \\\\\\\"weka.attributeSelection.WrapperSubsetEval -B weka.classifiers.bayes.NaiveBayes -F 5 -T 0.01 -R 1 -E AUC --\\\\\\\" -S \\\\\\\"weka.attributeSelection.GreedyStepwise -B -T -1.7976931348623157E308 -N -1 -num-slots 1\\\\\\\"\\\" -S 1\" -S 1 -W weka.classifiers.lazy.IBk -- -K 1 -W 0 -A \"weka.core.neighboursearch.LinearNNSearch -A \\\"weka.core.EuclideanDistance -R first-last\\\"\"',-4523450618538717400,2.02604271255E7,4330.0,481.0,438.0,43.0,0.0,91.06029106029106,8.93970893970894,0.0,0.5879798402358615,0.09530257561649157,0.28421445308134663,41.32150053092088,83.68222232772008,272.1308087156738,417.6831612204731,-145.55235250479927,0.565760517080403,0.8683641605415241,-0.3026036434611212,133.98644173296466,0.2785580909209245,49.23604290352719,0.59375,38.0,0.0407673860911271,17.0,0.9592326139088729,400.0,0.40625,26.0,0.6909090909090909,0.59375,0.6386554621848739,0.5901784496898583,0.8579136690647482,0.5701391934180913,0.9106029106029107,0.3576202966940377,0.6423797033059623,0.0893970893970894,0.9059614918769847,0.9106029106029107,0.9076995570610809,0.5901784496898583,0.8579136690647482,0.9109647794708287,0.7938235792537656,0.9106029106029107,13.373,0.039,13.35,0.04,13350.0,40.0,362760.0,1043348.0,161927.0,93.55509355509355,55.82120582120582,?
DatasetClassiRealeseNormalizedShuffled,2,6,weka.classifiers.meta.FilteredClassifier,'-F \"weka.filters.MultiFilter -F \\\"weka.filters.supervised.attribute.AttributeSelection -E \\\\\\\"weka.attributeSelection.WrapperSubsetEval -B weka.classifiers.bayes.NaiveBayes -F 5 -T 0.01 -R 1 -E AUC --\\\\\\\" -S \\\\\\\"weka.attributeSelection.GreedyStepwise -B -T -1.7976931348623157E308 -N -1 -num-slots 1\\\\\\\"\\\" -S 1\" -S 1 -W weka.classifiers.lazy.IBk -- -K 1 -W 0 -A \"weka.core.neighboursearch.LinearNNSearch -A \\\"weka.core.EuclideanDistance -R first-last\\\"\"',-4523450618538717400,2.0260427125600003E7,4330.0,481.0,451.0,30.0,0.0,93.76299376299376,6.237006237006237,0.0,0.710508365766561,0.0781881461340714,0.24984358658311764,33.900988520940565,73.56229189941789,272.1308087156738,313.11488915468607,-40.984080439012246,0.565760517080403,0.6509665055190978,-0.0852059884386949,155.36194692450877,0.3229978106538644,57.09090700084354,0.6875,44.0,0.023980815347721823,10.0,0.9760191846522782,407.0,0.3125,20.0,0.8148148148148148,0.6875,0.7457627118644067,0.7138396736085748,0.8940535071942446,0.6764201811786343,0.9376299376299376,0.2741107529776594,0.7258892470223406,0.062370062370062374,0.9347537052455085,0.9376299376299376,0.9353566292677866,0.7138396736085749,0.8940535071942446,0.9337853288568408,0.8551088440838621,0.9376299376299376,13.396,0.039,13.37,0.04,13370.0,40.0,362729.0,1043348.0,161927.0,95.42619542619542,56.86070686070686,?
DatasetClassiRealeseNormalizedShuffled,2,7,weka.classifiers.meta.FilteredClassifier,'-F \"weka.filters.MultiFilter -F \\\"weka.filters.supervised.attribute.AttributeSelection -E \\\\\\\"weka.attributeSelection.WrapperSubsetEval -B weka.classifiers.bayes.NaiveBayes -F 5 -T 0.01 -R 1 -E AUC --\\\\\\\" -S \\\\\\\"weka.attributeSelection.GreedyStepwise -B -T -1.7976931348623157E308 -N -1 -num-slots 1\\\\\\\"\\\" -S 1\" -S 1 -W weka.classifiers.lazy.IBk -- -K 1 -W 0 -A \"weka.core.neighboursearch.LinearNNSearch -A \\\"weka.core.EuclideanDistance -R first-last\\\"\"',-4523450618538717400,2.0260427125600003E7,4330.0,481.0,449.0,32.0,0.0,93.34719334719335,6.652806652806653,0.0,0.6912089234843317,0.08092044529211236,0.25263443655298623,35.08566480465358,74.38401129169317,272.1308087156738,329.28982597249933,-57.15901725682551,0.565760517080403,0.6845942327910589,-0.11883371571065594,157.92691197955472,0.3283303783358726,58.033455574138614,0.671875,43.0,0.026378896882494004,11.0,0.973621103117506,406.0,0.328125,21.0,0.7962962962962963,0.671875,0.728813559322034,0.694449743463684,0.8852105815347722,0.6553850498354097,0.9334719334719335,0.2879758303544275,0.7120241696455726,0.06652806652806653,0.9302593892757827,0.9334719334719335,0.9310470712189727,0.694449743463684,0.8852105815347722,0.9294516814476447,0.845449433689453,0.9334719334719335,13.442,0.039,13.41,0.04,13410.0,40.0,362727.0,1043348.0,161927.0,95.01039501039502,58.00415800415801,?
DatasetClassiRealeseNormalizedShuffled,2,8,weka.classifiers.meta.FilteredClassifier,'-F \"weka.filters.MultiFilter -F \\\"weka.filters.supervised.attribute.AttributeSelection -E \\\\\\\"weka.attributeSelection.WrapperSubsetEval -B weka.classifiers.bayes.NaiveBayes -F 5 -T 0.01 -R 1 -E AUC --\\\\\\\" -S \\\\\\\"weka.attributeSelection.GreedyStepwise -B -T -1.7976931348623157E308 -N -1 -num-slots 1\\\\\\\"\\\" -S 1\" -S 1 -W weka.classifiers.lazy.IBk -- -K 1 -W 0 -A \"weka.core.neighboursearch.LinearNNSearch -A \\\"weka.core.EuclideanDistance -R first-last\\\"\"',-4523450618538717400,2.0260427125600003E7,4330.0,481.0,439.0,42.0,0.0,91.26819126819127,8.731808731808732,0.0,0.5828963125077425,0.0982848421891175,0.29032514575634066,42.61455823651751,85.48141423179564,272.1308087156738,427.68046093387494,-155.54965221820112,0.565760517080403,0.8891485674300934,-0.3233880503496905,128.94371786555075,0.2680742575167375,47.38299146432662,0.5625,36.0,0.03357314148681055,14.0,0.9664268585131894,403.0,0.4375,28.0,0.72,0.5625,0.631578947368421,0.5886132010526655,0.8681804556354916,0.5639284229167582,0.9126819126819127,0.3837550541687232,0.6162449458312768,0.08731808731808732,0.9064231034532657,0.9126819126819127,0.9080410618394729,0.5886132010526655,0.8681804556354916,0.9136084451453953,0.7910253227408142,0.9126819126819127,13.536,0.04,13.5,0.04,13500.0,40.0,362728.0,1043348.0,161927.0,93.34719334719335,56.444906444906444,?
DatasetClassiRealeseNormalizedShuffled,2,9,weka.classifiers.meta.FilteredClassifier,'-F \"weka.filters.MultiFilter -F \\\"weka.filters.supervised.attribute.AttributeSelection -E \\\\\\\"weka.attributeSelection.WrapperSubsetEval -B weka.classifiers.bayes.NaiveBayes -F 5 -T 0.01 -R 1 -E AUC --\\\\\\\" -S \\\\\\\"weka.attributeSelection.GreedyStepwise -B -T -1.7976931348623157E308 -N -1 -num-slots 1\\\\\\\"\\\" -S 1\" -S 1 -W weka.classifiers.lazy.IBk -- -K 1 -W 0 -A \"weka.core.neighboursearch.LinearNNSearch -A \\\"weka.core.EuclideanDistance -R first-last\\\"\"',-4523450618538717400,2.0260427125600003E7,4330.0,481.0,458.0,23.0,0.0,95.21829521829522,4.781704781704781,0.0,0.7967667860751357,0.04644336365431849,0.20533578812750874,20.137015851726698,60.45771032272515,272.1308087156738,236.72855134201396,35.402257373659864,0.565760517080403,0.49215915039919744,0.07360136668120554,199.90853399014676,0.4156102577757729,73.46045636420904,0.84375,54.0,0.03117505995203837,13.0,0.9688249400479616,404.0,0.15625,10.0,0.8059701492537313,0.84375,0.8244274809160305,0.7970468817450308,0.9211255995203836,0.7396388623109168,0.9521829521829522,0.13960801213499055,0.8603919878650095,0.04781704781704782,0.9532424652476567,0.9521829521829522,0.9526441632705585,0.7970468817450308,0.9211255995203836,0.9456061385848744,0.898374991962227,0.9521829521829522,12.054,0.042,12.03,0.04,12030.0,40.0,642858.0,1043348.0,161927.0,96.04989604989605,51.143451143451145,?
DatasetClassiRealeseNormalizedShuffled,2,10,weka.classifiers.meta.FilteredClassifier,'-F \"weka.filters.MultiFilter -F \\\"weka.filters.supervised.attribute.AttributeSelection -E \\\\\\\"weka.attributeSelection.WrapperSubsetEval -B weka.classifiers.bayes.NaiveBayes -F 5 -T 0.01 -R 1 -E AUC --\\\\\\\" -S \\\\\\\"weka.attributeSelection.GreedyStepwise -B -T -1.7976931348623157E308 -N -1 -num-slots 1\\\\\\\"\\\" -S 1\" -S 1 -W weka.classifiers.lazy.IBk -- -K 1 -W 0 -A \"weka.core.neighboursearch.LinearNNSearch -A \\\"weka.core.EuclideanDistance -R first-last\\\"\"',-4523450618538717400,2.02604271257E7,4330.0,481.0,447.0,34.0,0.0,92.93139293139293,7.0686070686070686,0.0,0.6764915334704857,0.08765156258710746,0.2683615419661986,38.004157459018955,79.01459611062651,272.1308087156738,377.2849937968741,-105.1541850812003,0.565760517080403,0.7843762864799878,-0.21861576939958483,143.97743294862838,0.29932938242958085,52.90743581299465,0.671875,43.0,0.03117505995203837,13.0,0.9688249400479616,404.0,0.328125,21.0,0.7678571428571429,0.671875,0.7166666666666668,0.6784599551257596,0.8663818944844125,0.5954547190957339,0.9293139293139293,0.28861398926596765,0.7113860107340323,0.07068607068607069,0.926274742745331,0.9293139293139293,0.9272935277685872,0.6784599551257596,0.8663818944844125,0.916805642882762,0.8381433095803643,0.9293139293139293,13.345,0.039,13.31,0.04,13310.0,40.0,397538.0,1043348.0,161927.0,93.76299376299376,56.86070686070686,?
DatasetClassiRealeseNormalizedShuffled,3,1,weka.classifiers.meta.FilteredClassifier,'-F \"weka.filters.MultiFilter -F \\\"weka.filters.supervised.attribute.AttributeSelection -E \\\\\\\"weka.attributeSelection.WrapperSubsetEval -B weka.classifiers.bayes.NaiveBayes -F 5 -T 0.01 -R 1 -E AUC --\\\\\\\" -S \\\\\\\"weka.attributeSelection.GreedyStepwise -B -T -1.7976931348623157E308 -N -1 -num-slots 1\\\\\\\"\\\" -S 1\" -S 1 -W weka.classifiers.lazy.IBk -- -K 1 -W 0 -A \"weka.core.neighboursearch.LinearNNSearch -A \\\"weka.core.EuclideanDistance -R first-last\\\"\"',-4523450618538717400,2.02604271257E7,4329.0,482.0,447.0,35.0,0.0,92.73858921161826,7.261410788381743,0.0,0.6693842354877907,0.07834621932870083,0.25322856093043966,33.99607210944239,74.6245130891578,272.3366817903761,330.27816089059297,-57.941479100216895,0.565013862635635,0.6852244001879523,-0.12021053755231721,161.83279834163767,0.33575269365484994,59.423797513331,0.671875,43.0,0.03349282296650718,14.0,0.9665071770334929,404.0,0.328125,21.0,0.7543859649122807,0.671875,0.7107438016528924,0.6708524164674419,0.8838591507177034,0.6565563952948903,0.9273858921161826,0.28900371508268974,0.7109962849173103,0.07261410788381743,0.9245364815504712,0.9273858921161826,0.9255869660981008,0.6708524164674419,0.8838591507177034,0.9280282161768738,0.8346127074693881,0.9273858921161826,13.41,0.04,13.37,0.04,13370.0,40.0,397462.0,1043119.0,162156.0,94.81327800829875,56.016597510373444,?
DatasetClassiRealeseNormalizedShuffled,3,2,weka.classifiers.meta.FilteredClassifier,'-F \"weka.filters.MultiFilter -F \\\"weka.filters.supervised.attribute.AttributeSelection -E \\\\\\\"weka.attributeSelection.WrapperSubsetEval -B weka.classifiers.bayes.NaiveBayes -F 5 -T 0.01 -R 1 -E AUC --\\\\\\\" -S \\\\\\\"weka.attributeSelection.GreedyStepwise -B -T -1.7976931348623157E308 -N -1 -num-slots 1\\\\\\\"\\\" -S 1\" -S 1 -W weka.classifiers.lazy.IBk -- -K 1 -W 0 -A \"weka.core.neighboursearch.LinearNNSearch -A \\\"weka.core.EuclideanDistance -R first-last\\\"\"',-4523450618538717400,2.02604271257E7,4330.0,481.0,452.0,29.0,0.0,93.97089397089397,6.029106029106029,0.0,0.7008770613085158,0.07292960547772252,0.24221138047395818,31.80795759654857,71.79130090166501,269.42867131105754,303.20757971522517,-33.77890840416762,0.5601427677984564,0.6303691885971417,-0.07022642079868528,164.95335910911442,0.3429383765262254,61.22338736498999,0.6349206349206349,40.0,0.014354066985645933,6.0,0.9856459330143541,412.0,0.36507936507936506,23.0,0.8695652173913043,0.6349206349206349,0.7339449541284404,0.7119069720765725,0.8709083314346472,0.6678288841480245,0.9397089397089398,0.3191423717739507,0.6808576282260492,0.060291060291060294,0.9369676907907792,0.9397089397089398,0.9356081334312509,0.7119069720765726,0.8709083314346472,0.9293774320547707,0.8499736493971628,0.9397089397089398,13.388,0.04,13.36,0.04,13360.0,40.0,362729.0,1043348.0,161927.0,95.42619542619542,55.82120582120582,?
DatasetClassiRealeseNormalizedShuffled,3,3,weka.classifiers.meta.FilteredClassifier,'-F \"weka.filters.MultiFilter -F \\\"weka.filters.supervised.attribute.AttributeSelection -E \\\\\\\"weka.attributeSelection.WrapperSubsetEval -B weka.classifiers.bayes.NaiveBayes -F 5 -T 0.01 -R 1 -E AUC --\\\\\\\" -S \\\\\\\"weka.attributeSelection.GreedyStepwise -B -T -1.7976931348623157E308 -N -1 -num-slots 1\\\\\\\"\\\" -S 1\" -S 1 -W weka.classifiers.lazy.IBk -- -K 1 -W 0 -A \"weka.core.neighboursearch.LinearNNSearch -A \\\"weka.core.EuclideanDistance -R first-last\\\"\"',-4523450618538717400,2.02604271257E7,4330.0,481.0,455.0,26.0,0.0,94.5945945945946,5.405405405405405,0.0,0.7526111726539009,0.05706170846852239,0.2293117363348529,24.740941171051453,67.51702981423118,272.1308087156738,289.6763716022046,-17.545562886530774,0.565760517080403,0.6022377787987622,-0.036477261718359195,186.97666934535204,0.3887248842938712,68.70837970452216,0.734375,47.0,0.02158273381294964,9.0,0.9784172661870504,408.0,0.265625,17.0,0.8392857142857143,0.734375,0.7833333333333332,0.7548010834760702,0.8862222721822542,0.6812387918553222,0.9459459459459459,0.2331536797588956,0.7668463202411044,0.05405405405405406,0.9439382239382239,0.9459459459459459,0.9444009329995077,0.7548010834760702,0.8862222721822542,0.9304258684246983,0.8762272367379255,0.9459459459459459,11.734,0.044,11.7,0.05,11700.0,50.0,677660.0,1043348.0,161927.0,95.21829521829522,51.24740124740125,?
DatasetClassiRealeseNormalizedShuffled,3,4,weka.classifiers.meta.FilteredClassifier,'-F \"weka.filters.MultiFilter -F \\\"weka.filters.supervised.attribute.AttributeSelection -E \\\\\\\"weka.attributeSelection.WrapperSubsetEval -B weka.classifiers.bayes.NaiveBayes -F 5 -T 0.01 -R 1 -E AUC --\\\\\\\" -S \\\\\\\"weka.attributeSelection.GreedyStepwise -B -T -1.7976931348623157E308 -N -1 -num-slots 1\\\\\\\"\\\" -S 1\" -S 1 -W weka.classifiers.lazy.IBk -- -K 1 -W 0 -A \"weka.core.neighboursearch.LinearNNSearch -A \\\"weka.core.EuclideanDistance -R first-last\\\"\"',-4523450618538717400,2.02604271257E7,4330.0,481.0,463.0,18.0,0.0,96.25779625779626,3.7422037422037424,0.0,0.8399097666506417,0.03885699868018151,0.19267113103370243,16.847703025932358,56.728812516374305,272.1308087156738,211.85472956147103,60.27607915420279,0.565760517080403,0.4404464232047215,0.1253140938756815,213.23851372497893,0.44332331335754455,78.35882851021604,0.875,56.0,0.023980815347721823,10.0,0.9760191846522782,407.0,0.125,8.0,0.8484848484848485,0.875,0.8615384615384615,0.8400426744193754,0.9292753297362111,0.7716833820770335,0.9625779625779626,0.1115587779256844,0.8884412220743156,0.037422037422037424,0.9631278089109414,0.9625779625779626,0.9628208459939228,0.8400426744193753,0.9292753297362111,0.9531126553235588,0.9199519230769231,0.9625779625779626,12.044,0.044,12.02,0.05,12020.0,50.0,642858.0,1043348.0,161927.0,96.46569646569647,50.51975051975052,?
DatasetClassiRealeseNormalizedShuffled,3,5,weka.classifiers.meta.FilteredClassifier,'-F \"weka.filters.MultiFilter -F \\\"weka.filters.supervised.attribute.AttributeSelection -E \\\\\\\"weka.attributeSelection.WrapperSubsetEval -B weka.classifiers.bayes.NaiveBayes -F 5 -T 0.01 -R 1 -E AUC --\\\\\\\" -S \\\\\\\"weka.attributeSelection.GreedyStepwise -B -T -1.7976931348623157E308 -N -1 -num-slots 1\\\\\\\"\\\" -S 1\" -S 1 -W weka.classifiers.lazy.IBk -- -K 1 -W 0 -A \"weka.core.neighboursearch.LinearNNSearch -A \\\"weka.core.EuclideanDistance -R first-last\\\"\"',-4523450618538717400,2.0260427125800002E7,4330.0,481.0,457.0,24.0,0.0,95.01039501039502,4.98960498960499,0.0,0.7892969263342338,0.05302571123093387,0.22210402667923146,22.991004604101523,65.39483949162033,272.1308087156738,283.19581741039184,-11.065008694718017,0.565760517080403,0.5887646931608977,-0.023004176080494838,190.9194228675381,0.39692187706348875,70.1572246702186,0.84375,54.0,0.03357314148681055,14.0,0.9664268585131894,403.0,0.15625,10.0,0.7941176470588235,0.84375,0.8181818181818182,0.7897840638405645,0.911814298561151,0.6993235971466423,0.9501039501039501,0.13992709159076067,0.8600729084092393,0.0498960498960499,0.9516147133295688,0.9501039501039501,0.9507397194144181,0.7897840638405645,0.911814298561151,0.939283708683908,0.8946330777656079,0.9501039501039501,11.688,0.042,11.66,0.04,11660.0,40.0,677660.0,1043348.0,161927.0,95.21829521829522,51.03950103950104,?
DatasetClassiRealeseNormalizedShuffled,3,6,weka.classifiers.meta.FilteredClassifier,'-F \"weka.filters.MultiFilter -F \\\"weka.filters.supervised.attribute.AttributeSelection -E \\\\\\\"weka.attributeSelection.WrapperSubsetEval -B weka.classifiers.bayes.NaiveBayes -F 5 -T 0.01 -R 1 -E AUC --\\\\\\\" -S \\\\\\\"weka.attributeSelection.GreedyStepwise -B -T -1.7976931348623157E308 -N -1 -num-slots 1\\\\\\\"\\\" -S 1\" -S 1 -W weka.classifiers.lazy.IBk -- -K 1 -W 0 -A \"weka.core.neighboursearch.LinearNNSearch -A \\\"weka.core.EuclideanDistance -R first-last\\\"\"',-4523450618538717400,2.0260427125800002E7,4330.0,481.0,469.0,12.0,0.0,97.5051975051975,2.494802494802495,0.0,0.8918615107913669,0.029302365709040875,0.16272723511701662,12.704984229133942,47.9123300036394,272.1308087156738,148.74485263565626,123.38595608001756,0.565760517080403,0.30924085787038724,0.25651965921001574,227.02593857340807,0.47198739828151365,83.42529816629768,0.90625,58.0,0.014388489208633094,6.0,0.9856115107913669,411.0,0.09375,6.0,0.90625,0.90625,0.90625,0.8918615107913669,0.9532374100719424,0.8345978740200348,0.975051975051975,0.08319046426060815,0.9168095357393918,0.02494802494802495,0.975051975051975,0.975051975051975,0.975051975051975,0.8918615107913669,0.9532374100719424,0.9660395653926077,0.9459307553956835,0.975051975051975,11.812,0.042,11.78,0.04,11780.0,40.0,677661.0,1043348.0,161927.0,97.5051975051975,50.62370062370062,?
DatasetClassiRealeseNormalizedShuffled,3,7,weka.classifiers.meta.FilteredClassifier,'-F \"weka.filters.MultiFilter -F \\\"weka.filters.supervised.attribute.AttributeSelection -E \\\\\\\"weka.attributeSelection.WrapperSubsetEval -B weka.classifiers.bayes.NaiveBayes -F 5 -T 0.01 -R 1 -E AUC --\\\\\\\" -S \\\\\\\"weka.attributeSelection.GreedyStepwise -B -T -1.7976931348623157E308 -N -1 -num-slots 1\\\\\\\"\\\" -S 1\" -S 1 -W weka.classifiers.lazy.IBk -- -K 1 -W 0 -A \"weka.core.neighboursearch.LinearNNSearch -A \\\"weka.core.EuclideanDistance -R first-last\\\"\"',-4523450618538717400,2.0260427125800002E7,4330.0,481.0,444.0,37.0,0.0,92.3076923076923,7.6923076923076925,0.0,0.6404137958903281,0.08233867375007475,0.2559343337670523,35.700583421486,75.35561118512669,272.1308087156738,304.6234841076125,-32.49267539193869,0.565760517080403,0.6333128567725832,-0.06755233969218023,153.36729179423781,0.3188509184911389,56.35793040782756,0.625,40.0,0.03117505995203837,13.0,0.9688249400479616,404.0,0.375,24.0,0.7547169811320755,0.625,0.6837606837606838,0.6441049381155906,0.9074490407673861,0.6663596728105685,0.9230769230769231,0.3292519830289614,0.6707480169710386,0.07692307692307693,0.9187499152232004,0.9230769230769231,0.919961563748546,0.6441049381155906,0.9074490407673861,0.93584287959374,0.8199868507560815,0.9230769230769231,13.385,0.039,13.35,0.04,13350.0,40.0,362728.0,1043348.0,161927.0,95.63409563409563,56.54885654885655,?
DatasetClassiRealeseNormalizedShuffled,3,8,weka.classifiers.meta.FilteredClassifier,'-F \"weka.filters.MultiFilter -F \\\"weka.filters.supervised.attribute.AttributeSelection -E \\\\\\\"weka.attributeSelection.WrapperSubsetEval -B weka.classifiers.bayes.NaiveBayes -F 5 -T 0.01 -R 1 -E AUC --\\\\\\\" -S \\\\\\\"weka.attributeSelection.GreedyStepwise -B -T -1.7976931348623157E308 -N -1 -num-slots 1\\\\\\\"\\\" -S 1\" -S 1 -W weka.classifiers.lazy.IBk -- -K 1 -W 0 -A \"weka.core.neighboursearch.LinearNNSearch -A \\\"weka.core.EuclideanDistance -R first-last\\\"\"',-4523450618538717400,2.0260427125800002E7,4330.0,481.0,457.0,24.0,0.0,95.01039501039502,4.98960498960499,0.0,0.7778462012162266,0.05290841113481618,0.2237789099065578,22.94014537020727,65.88798102289205,272.1308087156738,283.93886360600754,-11.808054890333722,0.565760517080403,0.5903094877463775,-0.024548970665974473,193.25769037355965,0.4017831400697706,71.01646861876564,0.78125,50.0,0.023980815347721823,10.0,0.9760191846522782,407.0,0.21875,14.0,0.8333333333333334,0.78125,0.8064516129032259,0.7783799237478362,0.8961330935251799,0.6958651270577059,0.9501039501039501,0.19283476545167194,0.8071652345483281,0.0498960498960499,0.9489944905621865,0.9501039501039501,0.9494182587569299,0.7783799237478363,0.8961330935251798,0.9347283228535544,0.8889059973824005,0.9501039501039501,11.7,0.041,11.67,0.04,11670.0,40.0,677661.0,1043348.0,161927.0,95.21829521829522,50.83160083160083,?
DatasetClassiRealeseNormalizedShuffled,3,9,weka.classifiers.meta.FilteredClassifier,'-F \"weka.filters.MultiFilter -F \\\"weka.filters.supervised.attribute.AttributeSelection -E \\\\\\\"weka.attributeSelection.WrapperSubsetEval -B weka.classifiers.bayes.NaiveBayes -F 5 -T 0.01 -R 1 -E AUC --\\\\\\\" -S \\\\\\\"weka.attributeSelection.GreedyStepwise -B -T -1.7976931348623157E308 -N -1 -num-slots 1\\\\\\\"\\\" -S 1\" -S 1 -W weka.classifiers.lazy.IBk -- -K 1 -W 0 -A \"weka.core.neighboursearch.LinearNNSearch -A \\\"weka.core.EuclideanDistance -R first-last\\\"\"',-4523450618538717400,2.0260427125800002E7,4330.0,481.0,445.0,36.0,0.0,92.51559251559252,7.484407484407485,0.0,0.642482553578065,0.08334860163658378,0.2606155778008644,36.13847017773179,76.73392569292429,272.1308087156738,347.31418885561436,-75.18338013994054,0.565760517080403,0.7220669206977429,-0.15630640361734,152.4539974267007,0.3169521776022884,56.02232181876431,0.609375,39.0,0.026378896882494004,11.0,0.973621103117506,406.0,0.390625,25.0,0.78,0.609375,0.6842105263157895,0.6487838477740452,0.8867093824940048,0.6326149402790259,0.9251559251559252,0.34215982203841916,0.6578401779615809,0.07484407484407485,0.9204408835035286,0.9251559251559252,0.9211780530052626,0.6487838477740452,0.8867093824940049,0.9265836954920023,0.8208788480635552,0.9251559251559252,13.404,0.04,13.37,0.04,13370.0,40.0,362728.0,1043348.0,161927.0,94.5945945945946,56.75675675675676,?
DatasetClassiRealeseNormalizedShuffled,3,10,weka.classifiers.meta.FilteredClassifier,'-F \"weka.filters.MultiFilter -F \\\"weka.filters.supervised.attribute.AttributeSelection -E \\\\\\\"weka.attributeSelection.WrapperSubsetEval -B weka.classifiers.bayes.NaiveBayes -F 5 -T 0.01 -R 1 -E AUC --\\\\\\\" -S \\\\\\\"weka.attributeSelection.GreedyStepwise -B -T -1.7976931348623157E308 -N -1 -num-slots 1\\\\\\\"\\\" -S 1\" -S 1 -W weka.classifiers.lazy.IBk -- -K 1 -W 0 -A \"weka.core.neighboursearch.LinearNNSearch -A \\\"weka.core.EuclideanDistance -R first-last\\\"\"',-4523450618538717400,2.02604271259E7,4330.0,481.0,448.0,33.0,0.0,93.13929313929314,6.860706860706861,0.0,0.6837984820414751,0.07682138728122255,0.25271678154598975,33.30838620879632,74.40825640638522,272.1308087156738,318.23845479401245,-46.10764607833863,0.565760517080403,0.661618409135161,-0.09585789205475807,161.09768289736598,0.3349224176660415,59.19861983200996,0.671875,43.0,0.02877697841726619,12.0,0.9712230215827338,405.0,0.328125,21.0,0.7818181818181819,0.671875,0.7226890756302521,0.686355382302957,0.9031774580335732,0.6567105488329165,0.9313929313929314,0.28829490981019756,0.7117050901898024,0.06860706860706861,0.9282329014723382,0.9313929313929314,0.9291647763492017,0.6863553823029571,0.9031774580335732,0.9336657687193457,0.8417715840784712,0.9313929313929314,13.581,0.039,13.56,0.03,13560.0,30.0,397713.0,1043348.0,161927.0,95.21829521829522,55.82120582120582,?
DatasetClassiRealeseNormalizedShuffled,4,1,weka.classifiers.meta.FilteredClassifier,'-F \"weka.filters.MultiFilter -F \\\"weka.filters.supervised.attribute.AttributeSelection -E \\\\\\\"weka.attributeSelection.WrapperSubsetEval -B weka.classifiers.bayes.NaiveBayes -F 5 -T 0.01 -R 1 -E AUC --\\\\\\\" -S \\\\\\\"weka.attributeSelection.GreedyStepwise -B -T -1.7976931348623157E308 -N -1 -num-slots 1\\\\\\\"\\\" -S 1\" -S 1 -W weka.classifiers.lazy.IBk -- -K 1 -W 0 -A \"weka.core.neighboursearch.LinearNNSearch -A \\\"weka.core.EuclideanDistance -R first-last\\\"\"',-4523450618538717400,2.02604271259E7,4329.0,482.0,446.0,36.0,0.0,92.5311203319502,7.468879668049793,0.0,0.6575623618566468,0.07848285492982444,0.2548840201830993,34.05536117008011,75.11236422338511,272.3366817903761,303.61315996481346,-31.276478174437386,0.565013862635635,0.6299028215037624,-0.06488895886812736,159.74939367663595,0.331430277337419,58.65878684664256,0.65625,42.0,0.03349282296650718,14.0,0.9665071770334929,404.0,0.34375,22.0,0.75,0.65625,0.7,0.6594745741938287,0.909688995215311,0.6757217455860848,0.9253112033195021,0.30255402628600925,0.6974459737139908,0.07468879668049792,0.9220189741491828,0.9253112033195021,0.9231755521032036,0.6594745741938287,0.909688995215311,0.9378133785374401,0.8286729857819906,0.9253112033195021,13.346,0.039,13.31,0.04,13310.0,40.0,397462.0,1043119.0,162156.0,95.4356846473029,56.016597510373444,?
DatasetClassiRealeseNormalizedShuffled,4,2,weka.classifiers.meta.FilteredClassifier,'-F \"weka.filters.MultiFilter -F \\\"weka.filters.supervised.attribute.AttributeSelection -E \\\\\\\"weka.attributeSelection.WrapperSubsetEval -B weka.classifiers.bayes.NaiveBayes -F 5 -T 0.01 -R 1 -E AUC --\\\\\\\" -S \\\\\\\"weka.attributeSelection.GreedyStepwise -B -T -1.7976931348623157E308 -N -1 -num-slots 1\\\\\\\"\\\" -S 1\" -S 1 -W weka.classifiers.lazy.IBk -- -K 1 -W 0 -A \"weka.core.neighboursearch.LinearNNSearch -A \\\"weka.core.EuclideanDistance -R first-last\\\"\"',-4523450618538717400,2.02604271259E7,4330.0,481.0,447.0,34.0,0.0,92.93139293139293,7.0686070686070686,0.0,0.6764019153903992,0.08488521111745058,0.2564937871705809,37.02234748304933,76.02459726763588,269.42867131105754,333.3382774509234,-63.90960613986584,0.5601427677984564,0.6930109718314416,-0.13286820403298513,146.27773628481026,0.30411171784783836,54.291822608563976,0.6825396825396826,43.0,0.03349282296650718,14.0,0.9665071770334929,404.0,0.31746031746031744,20.0,0.7543859649122807,0.6825396825396826,0.7166666666666668,0.677507508097143,0.895021645021645,0.6477768621618437,0.9293139293139293,0.28026706974075394,0.7197329302592461,0.07068607068607069,0.9268385335912644,0.9293139293139293,0.9277986281549226,0.677507508097143,0.895021645021645,0.9317931392903804,0.8381433095803643,0.9293139293139293,13.451,0.04,13.42,0.04,13420.0,40.0,362728.0,1043348.0,161927.0,95.01039501039502,56.96465696465697,?
DatasetClassiRealeseNormalizedShuffled,4,3,weka.classifiers.meta.FilteredClassifier,'-F \"weka.filters.MultiFilter -F \\\"weka.filters.supervised.attribute.AttributeSelection -E \\\\\\\"weka.attributeSelection.WrapperSubsetEval -B weka.classifiers.bayes.NaiveBayes -F 5 -T 0.01 -R 1 -E AUC --\\\\\\\" -S \\\\\\\"weka.attributeSelection.GreedyStepwise -B -T -1.7976931348623157E308 -N -1 -num-slots 1\\\\\\\"\\\" -S 1\" -S 1 -W weka.classifiers.lazy.IBk -- -K 1 -W 0 -A \"weka.core.neighboursearch.LinearNNSearch -A \\\"weka.core.EuclideanDistance -R first-last\\\"\"',-4523450618538717400,2.02604271259E7,4330.0,481.0,459.0,22.0,0.0,95.42619542619542,4.573804573804574,0.0,0.7990886652743497,0.046096474344910446,0.21140803524313814,19.986610821325876,62.245582570775525,272.1308087156738,256.95771252598905,15.17309618968477,0.565760517080403,0.5342156185571498,0.03154489852325316,203.30872763919166,0.4226792674411469,74.70992667045337,0.8125,52.0,0.023980815347721823,10.0,0.9760191846522782,407.0,0.1875,12.0,0.8387096774193549,0.8125,0.8253968253968254,0.799221985843371,0.9082546462829736,0.7192255671269436,0.9542619542619543,0.1657427696096761,0.834257230390324,0.04573804573804574,0.9537103920813212,0.9542619542619543,0.9539536644799803,0.799221985843371,0.9082546462829736,0.9396112540545194,0.8995405179615705,0.9542619542619543,11.816,0.042,11.79,0.04,11790.0,40.0,677656.0,1043348.0,161927.0,95.63409563409563,50.311850311850314,?
DatasetClassiRealeseNormalizedShuffled,4,4,weka.classifiers.meta.FilteredClassifier,'-F \"weka.filters.MultiFilter -F \\\"weka.filters.supervised.attribute.AttributeSelection -E \\\\\\\"weka.attributeSelection.WrapperSubsetEval -B weka.classifiers.bayes.NaiveBayes -F 5 -T 0.01 -R 1 -E AUC --\\\\\\\" -S \\\\\\\"weka.attributeSelection.GreedyStepwise -B -T -1.7976931348623157E308 -N -1 -num-slots 1\\\\\\\"\\\" -S 1\" -S 1 -W weka.classifiers.lazy.IBk -- -K 1 -W 0 -A \"weka.core.neighboursearch.LinearNNSearch -A \\\"weka.core.EuclideanDistance -R first-last\\\"\"',-4523450618538717400,2.026042713E7,4330.0,481.0,443.0,38.0,0.0,92.0997920997921,7.9002079002079,0.0,0.6170382165605096,0.09004118860479673,0.27043312548570286,39.0402567681919,79.62453945013705,272.1308087156738,345.3795239275695,-73.24871521189567,0.565760517080403,0.7180447482901653,-0.1522842312097623,142.09744626767335,0.2954208862113791,52.216596473697614,0.578125,37.0,0.026378896882494004,11.0,0.973621103117506,406.0,0.421875,27.0,0.7708333333333334,0.578125,0.6607142857142857,0.6252197984719706,0.8839928057553957,0.62494999132767,0.920997920997921,0.369251817880415,0.630748182119585,0.079002079002079,0.9154491140634328,0.920997920997921,0.9160984643337585,0.6252197984719706,0.8839928057553957,0.9269491801850156,0.8080042016806723,0.920997920997921,13.408,0.042,13.39,0.04,13390.0,40.0,362728.0,1043348.0,161927.0,94.8024948024948,56.86070686070686,?
DatasetClassiRealeseNormalizedShuffled,4,5,weka.classifiers.meta.FilteredClassifier,'-F \"weka.filters.MultiFilter -F \\\"weka.filters.supervised.attribute.AttributeSelection -E \\\\\\\"weka.attributeSelection.WrapperSubsetEval -B weka.classifiers.bayes.NaiveBayes -F 5 -T 0.01 -R 1 -E AUC --\\\\\\\" -S \\\\\\\"weka.attributeSelection.GreedyStepwise -B -T -1.7976931348623157E308 -N -1 -num-slots 1\\\\\\\"\\\" -S 1\" -S 1 -W weka.classifiers.lazy.IBk -- -K 1 -W 0 -A \"weka.core.neighboursearch.LinearNNSearch -A \\\"weka.core.EuclideanDistance -R first-last\\\"\"',-4523450618538717400,2.026042713E7,4330.0,481.0,458.0,23.0,0.0,95.21829521829522,4.781704781704781,0.0,0.7856464707136078,0.051108540125517736,0.2206169314516207,22.159753335834537,64.9569890160015,272.1308087156738,283.56828455194346,-11.437475836269641,0.565760517080403,0.5895390531225436,-0.023778536042140627,196.6854817464275,0.40890952546034826,72.27608026988496,0.78125,50.0,0.02158273381294964,9.0,0.9784172661870504,408.0,0.21875,14.0,0.847457627118644,0.78125,0.8130081300813008,0.7865008501094706,0.8833745503597122,0.6735918310097431,0.9521829521829522,0.19251568599590183,0.8074843140040981,0.04781704781704782,0.9509421307959344,0.9521829521829522,0.9513535432312141,0.7865008501094706,0.8833745503597122,0.9289079772531733,0.892797271238505,0.9521829521829522,11.309,0.042,11.29,0.04,11290.0,40.0,712455.0,1043348.0,161927.0,95.21829521829522,50.727650727650726,?
DatasetClassiRealeseNormalizedShuffled,4,6,weka.classifiers.meta.FilteredClassifier,'-F \"weka.filters.MultiFilter -F \\\"weka.filters.supervised.attribute.AttributeSelection -E \\\\\\\"weka.attributeSelection.WrapperSubsetEval -B weka.classifiers.bayes.NaiveBayes -F 5 -T 0.01 -R 1 -E AUC --\\\\\\\" -S \\\\\\\"weka.attributeSelection.GreedyStepwise -B -T -1.7976931348623157E308 -N -1 -num-slots 1\\\\\\\"\\\" -S 1\" -S 1 -W weka.classifiers.lazy.IBk -- -K 1 -W 0 -A \"weka.core.neighboursearch.LinearNNSearch -A \\\"weka.core.EuclideanDistance -R first-last\\\"\"',-4523450618538717400,2.026042713E7,4330.0,481.0,467.0,14.0,0.0,97.0893970893971,2.9106029106029108,0.0,0.8754853740616102,0.03139386263634305,0.17209392191864062,13.611820071007884,50.67019526668172,272.1308087156738,172.94746341416,99.18334530151381,0.565760517080403,0.35955813599617464,0.2062023810842283,224.37026192333113,0.4664662410048464,82.44941577260236,0.90625,58.0,0.019184652278177457,8.0,0.9808153477218226,409.0,0.09375,6.0,0.8787878787878788,0.90625,0.8923076923076922,0.875623911333405,0.9491906474820144,0.7992343205897606,0.9708939708939709,0.08382862317214836,0.9161713768278517,0.029106029106029108,0.971337855675205,0.9708939708939709,0.9710828802174954,0.875623911333405,0.9491906474820144,0.9608604341140397,0.9377403846153846,0.9708939708939709,12.054,0.041,12.02,0.05,12020.0,50.0,642858.0,1043348.0,161927.0,97.0893970893971,50.51975051975052,?
DatasetClassiRealeseNormalizedShuffled,4,7,weka.classifiers.meta.FilteredClassifier,'-F \"weka.filters.MultiFilter -F \\\"weka.filters.supervised.attribute.AttributeSelection -E \\\\\\\"weka.attributeSelection.WrapperSubsetEval -B weka.classifiers.bayes.NaiveBayes -F 5 -T 0.01 -R 1 -E AUC --\\\\\\\" -S \\\\\\\"weka.attributeSelection.GreedyStepwise -B -T -1.7976931348623157E308 -N -1 -num-slots 1\\\\\\\"\\\" -S 1\" -S 1 -W weka.classifiers.lazy.IBk -- -K 1 -W 0 -A \"weka.core.neighboursearch.LinearNNSearch -A \\\"weka.core.EuclideanDistance -R first-last\\\"\"',-4523450618538717400,2.026042713E7,4330.0,481.0,451.0,30.0,0.0,93.76299376299376,6.237006237006237,0.0,0.7296537769784173,0.07396675462610913,0.24836933277875703,32.070668298122754,73.12822236746246,272.1308087156738,327.79458613121716,-55.663777415543336,0.565760517080403,0.6814856260524266,-0.11572510897202357,166.26126018894178,0.34565750559031555,61.096081319720746,0.765625,49.0,0.03597122302158273,15.0,0.9640287769784173,402.0,0.234375,15.0,0.765625,0.765625,0.765625,0.7296537769784173,0.9138002098321343,0.671350235108801,0.9376299376299376,0.20797616065152036,0.7920238393484796,0.062370062370062374,0.9376299376299376,0.9376299376299376,0.9376299376299376,0.7296537769784173,0.9138002098321343,0.9366705882983116,0.8648268884892086,0.9376299376299376,13.4,0.039,13.37,0.04,13370.0,40.0,362729.0,1043348.0,161927.0,94.8024948024948,56.02910602910603,?
DatasetClassiRealeseNormalizedShuffled,4,8,weka.classifiers.meta.FilteredClassifier,'-F \"weka.filters.MultiFilter -F \\\"weka.filters.supervised.attribute.AttributeSelection -E \\\\\\\"weka.attributeSelection.WrapperSubsetEval -B weka.classifiers.bayes.NaiveBayes -F 5 -T 0.01 -R 1 -E AUC --\\\\\\\" -S \\\\\\\"weka.attributeSelection.GreedyStepwise -B -T -1.7976931348623157E308 -N -1 -num-slots 1\\\\\\\"\\\" -S 1\" -S 1 -W weka.classifiers.lazy.IBk -- -K 1 -W 0 -A \"weka.core.neighboursearch.LinearNNSearch -A \\\"weka.core.EuclideanDistance -R first-last\\\"\"',-4523450618538717400,2.026042713E7,4330.0,481.0,466.0,15.0,0.0,96.88149688149689,3.1185031185031185,0.0,0.8602042200306138,0.033624653572514714,0.1771663716718293,14.579051315883492,52.163693797071495,272.1308087156738,177.2309790589737,94.89982965670012,0.565760517080403,0.36846357392718027,0.19729694315322271,221.60118371649025,0.4607093216559049,81.43186167062119,0.84375,54.0,0.011990407673860911,5.0,0.988009592326139,412.0,0.15625,10.0,0.9152542372881356,0.84375,0.8780487804878049,0.8611396799215758,0.9272894184652278,0.807565493830259,0.9688149688149689,0.1370553764888297,0.8629446235111703,0.031185031185031187,0.9681803629911913,0.9688149688149689,0.9682740499334005,0.8611396799215757,0.9272894184652278,0.9558161031901381,0.9300851768946772,0.9688149688149689,12.219,0.045,12.2,0.04,12200.0,40.0,642858.0,1043348.0,161927.0,97.0893970893971,50.51975051975052,?
DatasetClassiRealeseNormalizedShuffled,4,9,weka.classifiers.meta.FilteredClassifier,'-F \"weka.filters.MultiFilter -F \\\"weka.filters.supervised.attribute.AttributeSelection -E \\\\\\\"weka.attributeSelection.WrapperSubsetEval -B weka.classifiers.bayes.NaiveBayes -F 5 -T 0.01 -R 1 -E AUC --\\\\\\\" -S \\\\\\\"weka.attributeSelection.GreedyStepwise -B -T -1.7976931348623157E308 -N -1 -num-slots 1\\\\\\\"\\\" -S 1\" -S 1 -W weka.classifiers.lazy.IBk -- -K 1 -W 0 -A \"weka.core.neighboursearch.LinearNNSearch -A \\\"weka.core.EuclideanDistance -R first-last\\\"\"',-4523450618538717400,2.02604271301E7,4330.0,481.0,457.0,24.0,0.0,95.01039501039502,4.98960498960499,0.0,0.7716410824497547,0.05580462752197027,0.21993380700117338,24.19589324695972,64.75585437446561,272.1308087156738,251.20984795443363,20.920960761240195,0.565760517080403,0.5222657961630637,0.04349472091733928,190.82861577974091,0.3967330889391703,70.12385575905938,0.75,48.0,0.019184652278177457,8.0,0.9808153477218226,409.0,0.25,16.0,0.8571428571428571,0.75,0.7999999999999999,0.7738863655636479,0.9251723621103117,0.7268834132925361,0.9501039501039501,0.21928860238212758,0.7807113976178724,0.0498960498960499,0.9483540942364471,0.9501039501039501,0.948677784307238,0.7738863655636479,0.9251723621103117,0.9458057015806037,0.8857482185273159,0.9501039501039501,13.451,0.043,13.42,0.04,13420.0,40.0,467155.0,1043348.0,161927.0,96.04989604989605,53.11850311850312,?
DatasetClassiRealeseNormalizedShuffled,4,10,weka.classifiers.meta.FilteredClassifier,'-F \"weka.filters.MultiFilter -F \\\"weka.filters.supervised.attribute.AttributeSelection -E \\\\\\\"weka.attributeSelection.WrapperSubsetEval -B weka.classifiers.bayes.NaiveBayes -F 5 -T 0.01 -R 1 -E AUC --\\\\\\\" -S \\\\\\\"weka.attributeSelection.GreedyStepwise -B -T -1.7976931348623157E308 -N -1 -num-slots 1\\\\\\\"\\\" -S 1\" -S 1 -W weka.classifiers.lazy.IBk -- -K 1 -W 0 -A \"weka.core.neighboursearch.LinearNNSearch -A \\\"weka.core.EuclideanDistance -R first-last\\\"\"',-4523450618538717400,2.02604271301E7,4330.0,481.0,446.0,35.0,0.0,92.72349272349273,7.276507276507276,0.0,0.6738098467380986,0.08689506333929435,0.26378768476718784,37.67615284982619,77.66789987166602,272.1308087156738,371.5657329684956,-99.43492425282176,0.565760517080403,0.7724859313274336,-0.20672541424703067,147.46819715346655,0.3065866884687454,54.19018811190299,0.6875,44.0,0.03597122302158273,15.0,0.9640287769784173,402.0,0.3125,20.0,0.7457627118644068,0.6875,0.7154471544715446,0.6745426053913127,0.8814635791366906,0.6256484419854063,0.9272349272349273,0.27570615025650996,0.7242938497434901,0.07276507276507277,0.9250847825030489,0.9272349272349273,0.9259727831779344,0.6745426053913127,0.8814635791366907,0.9237649950463205,0.8368654127542466,0.9272349272349273,13.853,0.039,13.82,0.03,13820.0,30.0,362727.0,1043348.0,161927.0,94.17879417879418,57.06860706860707,?
DatasetClassiRealeseNormalizedShuffled,5,1,weka.classifiers.meta.FilteredClassifier,'-F \"weka.filters.MultiFilter -F \\\"weka.filters.supervised.attribute.AttributeSelection -E \\\\\\\"weka.attributeSelection.WrapperSubsetEval -B weka.classifiers.bayes.NaiveBayes -F 5 -T 0.01 -R 1 -E AUC --\\\\\\\" -S \\\\\\\"weka.attributeSelection.GreedyStepwise -B -T -1.7976931348623157E308 -N -1 -num-slots 1\\\\\\\"\\\" -S 1\" -S 1 -W weka.classifiers.lazy.IBk -- -K 1 -W 0 -A \"weka.core.neighboursearch.LinearNNSearch -A \\\"weka.core.EuclideanDistance -R first-last\\\"\"',-4523450618538717400,2.02604271301E7,4329.0,482.0,449.0,33.0,0.0,93.15352697095436,6.846473029045643,0.0,0.6838904566954173,0.0805539503072072,0.2539368660985881,34.95405300739311,74.83324518516388,272.3366817903761,327.6137725431861,-55.27709075281001,0.565013862635635,0.6796966235335811,-0.11468276089794609,156.44954361546024,0.3245841153847723,57.44710649587892,0.671875,43.0,0.028708133971291867,12.0,0.9712918660287081,406.0,0.328125,21.0,0.7818181818181819,0.671875,0.7226890756302521,0.6864462050726107,0.890325956937799,0.6559823710534224,0.9315352697095436,0.28836840368083544,0.7116315963191646,0.06846473029045644,0.9283796402223721,0.9315352697095436,0.9293108723761546,0.6864462050726107,0.890325956937799,0.9311950450266796,0.8418179105961912,0.9315352697095436,13.607,0.04,13.58,0.03,13580.0,30.0,362658.0,1043119.0,162156.0,94.81327800829875,56.53526970954357,?
DatasetClassiRealeseNormalizedShuffled,5,2,weka.classifiers.meta.FilteredClassifier,'-F \"weka.filters.MultiFilter -F \\\"weka.filters.supervised.attribute.AttributeSelection -E \\\\\\\"weka.attributeSelection.WrapperSubsetEval -B weka.classifiers.bayes.NaiveBayes -F 5 -T 0.01 -R 1 -E AUC --\\\\\\\" -S \\\\\\\"weka.attributeSelection.GreedyStepwise -B -T -1.7976931348623157E308 -N -1 -num-slots 1\\\\\\\"\\\" -S 1\" -S 1 -W weka.classifiers.lazy.IBk -- -K 1 -W 0 -A \"weka.core.neighboursearch.LinearNNSearch -A \\\"weka.core.EuclideanDistance -R first-last\\\"\"',-4523450618538717400,2.02604271301E7,4330.0,481.0,454.0,27.0,0.0,94.38669438669439,5.613305613305613,0.0,0.7336710210610506,0.07201711649213877,0.22977102266055083,31.409979151846414,68.10398666663991,269.42867131105754,247.96000665803686,21.46866465302068,0.5601427677984564,0.515509369351428,0.04463339844702845,165.19759148064728,0.34344613613440184,61.31403561350208,0.6984126984126984,44.0,0.019138755980861243,8.0,0.9808612440191388,410.0,0.30158730158730157,19.0,0.8461538461538461,0.6984126984126984,0.765217391304348,0.7380283634522645,0.9143122958912433,0.73066912682412,0.9438669438669439,0.2645930014351067,0.7354069985648932,0.056133056133056136,0.9413614798230182,0.9438669438669439,0.9415468198076893,0.7380283634522645,0.9143122958912433,0.946467080704379,0.8666700888044763,0.9438669438669439,13.608,0.039,13.57,0.04,13570.0,40.0,362729.0,1043348.0,161927.0,96.46569646569647,58.41995841995842,?
DatasetClassiRealeseNormalizedShuffled,5,3,weka.classifiers.meta.FilteredClassifier,'-F \"weka.filters.MultiFilter -F \\\"weka.filters.supervised.attribute.AttributeSelection -E \\\\\\\"weka.attributeSelection.WrapperSubsetEval -B weka.classifiers.bayes.NaiveBayes -F 5 -T 0.01 -R 1 -E AUC --\\\\\\\" -S \\\\\\\"weka.attributeSelection.GreedyStepwise -B -T -1.7976931348623157E308 -N -1 -num-slots 1\\\\\\\"\\\" -S 1\" -S 1 -W weka.classifiers.lazy.IBk -- -K 1 -W 0 -A \"weka.core.neighboursearch.LinearNNSearch -A \\\"weka.core.EuclideanDistance -R first-last\\\"\"',-4523450618538717400,2.02604271302E7,4330.0,481.0,441.0,40.0,0.0,91.68399168399168,8.316008316008316,0.0,0.6194018040829244,0.0904541280010775,0.2750052804790186,39.21929994065891,80.97073450291974,272.1308087156738,393.0067885998581,-120.87597988418429,0.565760517080403,0.8170619305610356,-0.2513014134806326,141.91741628933113,0.2950466035121229,52.15044079687738,0.625,40.0,0.03836930455635491,16.0,0.9616306954436451,401.0,0.375,24.0,0.7142857142857143,0.625,0.6666666666666666,0.6212041088630267,0.8548973321342925,0.5936855576600261,0.9168399168399168,0.3302092213962718,0.6697907786037283,0.08316008316008316,0.9130271318506612,0.9168399168399168,0.9144629738453967,0.6212041088630268,0.8549623009492614,0.9153936521033331,0.8095803642121931,0.9168399168399168,13.825,0.039,13.8,0.04,13800.0,40.0,397538.0,1043348.0,161927.0,93.97089397089397,56.02910602910603,?
DatasetClassiRealeseNormalizedShuffled,5,4,weka.classifiers.meta.FilteredClassifier,'-F \"weka.filters.MultiFilter -F \\\"weka.filters.supervised.attribute.AttributeSelection -E \\\\\\\"weka.attributeSelection.WrapperSubsetEval -B weka.classifiers.bayes.NaiveBayes -F 5 -T 0.01 -R 1 -E AUC --\\\\\\\" -S \\\\\\\"weka.attributeSelection.GreedyStepwise -B -T -1.7976931348623157E308 -N -1 -num-slots 1\\\\\\\"\\\" -S 1\" -S 1 -W weka.classifiers.lazy.IBk -- -K 1 -W 0 -A \"weka.core.neighboursearch.LinearNNSearch -A \\\"weka.core.EuclideanDistance -R first-last\\\"\"',-4523450618538717400,2.02604271302E7,4330.0,481.0,464.0,17.0,0.0,96.46569646569647,3.5343035343035343,0.0,0.8393674491700228,0.035907183610339094,0.18706190559284105,15.568715714349988,55.07726930546618,272.1308087156738,198.05914799341406,74.07166072225976,0.565760517080403,0.41176538044368827,0.15399513663671469,218.25185852221105,0.45374606761374436,80.20108401259473,0.8125,52.0,0.011990407673860911,5.0,0.988009592326139,412.0,0.1875,12.0,0.9122807017543859,0.8125,0.859504132231405,0.8412095581899439,0.9136128597122302,0.7865283095385693,0.9646569646569647,0.16414737233082555,0.8358526276691745,0.035343035343035345,0.9637922622033844,0.9646569646569647,0.9637817329958719,0.8412095581899439,0.9136128597122302,0.9506477221649944,0.9196450506579141,0.9646569646569647,11.924,0.042,11.9,0.04,11900.0,40.0,677652.0,1043348.0,161927.0,96.67359667359668,50.311850311850314,?
DatasetClassiRealeseNormalizedShuffled,5,5,weka.classifiers.meta.FilteredClassifier,'-F \"weka.filters.MultiFilter -F \\\"weka.filters.supervised.attribute.AttributeSelection -E \\\\\\\"weka.attributeSelection.WrapperSubsetEval -B weka.classifiers.bayes.NaiveBayes -F 5 -T 0.01 -R 1 -E AUC --\\\\\\\" -S \\\\\\\"weka.attributeSelection.GreedyStepwise -B -T -1.7976931348623157E308 -N -1 -num-slots 1\\\\\\\"\\\" -S 1\" -S 1 -W weka.classifiers.lazy.IBk -- -K 1 -W 0 -A \"weka.core.neighboursearch.LinearNNSearch -A \\\"weka.core.EuclideanDistance -R first-last\\\"\"',-4523450618538717400,2.02604271302E7,4330.0,481.0,447.0,34.0,0.0,92.93139293139293,7.0686070686070686,0.0,0.6719094812021024,0.0838158580453578,0.26188594923179237,36.34106424004683,77.1079654483595,272.1308087156738,345.4976474697901,-73.36683875411626,0.565760517080403,0.718290327380021,-0.152529810299618,150.98172169563554,0.3138913132965396,55.481304159641624,0.65625,42.0,0.02877697841726619,12.0,0.9712230215827338,405.0,0.34375,22.0,0.7777777777777778,0.65625,0.711864406779661,0.6750598133187934,0.888376798561151,0.6340469613034306,0.9293139293139293,0.3018409077311955,0.6981590922688046,0.07068607068607069,0.925765073306057,0.9293139293139293,0.9267375131701583,0.6750598133187934,0.888376798561151,0.9276053217353053,0.8357900232950437,0.9293139293139293,13.647,0.04,13.61,0.04,13610.0,40.0,362728.0,1043348.0,161927.0,94.8024948024948,56.86070686070686,?
DatasetClassiRealeseNormalizedShuffled,5,6,weka.classifiers.meta.FilteredClassifier,'-F \"weka.filters.MultiFilter -F \\\"weka.filters.supervised.attribute.AttributeSelection -E \\\\\\\"weka.attributeSelection.WrapperSubsetEval -B weka.classifiers.bayes.NaiveBayes -F 5 -T 0.01 -R 1 -E AUC --\\\\\\\" -S \\\\\\\"weka.attributeSelection.GreedyStepwise -B -T -1.7976931348623157E308 -N -1 -num-slots 1\\\\\\\"\\\" -S 1\" -S 1 -W weka.classifiers.lazy.IBk -- -K 1 -W 0 -A \"weka.core.neighboursearch.LinearNNSearch -A \\\"weka.core.EuclideanDistance -R first-last\\\"\"',-4523450618538717400,2.02604271302E7,4330.0,481.0,461.0,20.0,0.0,95.84199584199584,4.158004158004158,0.0,0.8123219790081548,0.044265042828649674,0.20578447516087262,19.192534712868433,60.58981876293447,272.1308087156738,245.8515008334817,26.279307882192114,0.565760517080403,0.5111257813585899,0.05463473572181313,205.0831814076135,0.426368360514789,75.36198579481214,0.796875,51.0,0.016786570743405275,7.0,0.9832134292565947,410.0,0.203125,13.0,0.8793103448275862,0.796875,0.8360655737704917,0.8136126085772909,0.9047699340527577,0.7173888903490329,0.9584199584199584,0.17833152916336367,0.8216684708366363,0.04158004158004158,0.9572978362413431,0.9584199584199584,0.9575459985296051,0.8136126085772909,0.9047699340527577,0.9386788710127466,0.906128024980484,0.9584199584199584,11.852,0.042,11.82,0.04,11820.0,40.0,677652.0,1043348.0,161927.0,95.84199584199584,50.51975051975052,?
DatasetClassiRealeseNormalizedShuffled,5,7,weka.classifiers.meta.FilteredClassifier,'-F \"weka.filters.MultiFilter -F \\\"weka.filters.supervised.attribute.AttributeSelection -E \\\\\\\"weka.attributeSelection.WrapperSubsetEval -B weka.classifiers.bayes.NaiveBayes -F 5 -T 0.01 -R 1 -E AUC --\\\\\\\" -S \\\\\\\"weka.attributeSelection.GreedyStepwise -B -T -1.7976931348623157E308 -N -1 -num-slots 1\\\\\\\"\\\" -S 1\" -S 1 -W weka.classifiers.lazy.IBk -- -K 1 -W 0 -A \"weka.core.neighboursearch.LinearNNSearch -A \\\"weka.core.EuclideanDistance -R first-last\\\"\"',-4523450618538717400,2.02604271302E7,4330.0,481.0,438.0,43.0,0.0,91.06029106029106,8.93970893970894,0.0,0.5760550966445983,0.09941339731032804,0.2929469649376662,43.103879650326235,86.25336531752022,272.1308087156738,441.44396203423514,-169.31315331856132,0.565760517080403,0.9177629148320897,-0.35200239775168674,127.96755305131973,0.26604480883850257,47.02427985102638,0.5625,36.0,0.03597122302158273,15.0,0.9640287769784173,402.0,0.4375,28.0,0.7058823529411765,0.5625,0.6260869565217391,0.5808457430374911,0.8639088729016786,0.5465945136089727,0.9106029106029107,0.38407413362449333,0.6159258663755067,0.0893970893970894,0.9044136844410442,0.9106029106029107,0.9062360777775798,0.5808457430374911,0.8639088729016786,0.9106965454895055,0.7876597710589806,0.9106029106029107,13.575,0.04,13.55,0.03,13550.0,30.0,362728.0,1043348.0,161927.0,93.13929313929314,55.82120582120582,?
DatasetClassiRealeseNormalizedShuffled,5,8,weka.classifiers.meta.FilteredClassifier,'-F \"weka.filters.MultiFilter -F \\\"weka.filters.supervised.attribute.AttributeSelection -E \\\\\\\"weka.attributeSelection.WrapperSubsetEval -B weka.classifiers.bayes.NaiveBayes -F 5 -T 0.01 -R 1 -E AUC --\\\\\\\" -S \\\\\\\"weka.attributeSelection.GreedyStepwise -B -T -1.7976931348623157E308 -N -1 -num-slots 1\\\\\\\"\\\" -S 1\" -S 1 -W weka.classifiers.lazy.IBk -- -K 1 -W 0 -A \"weka.core.neighboursearch.LinearNNSearch -A \\\"weka.core.EuclideanDistance -R first-last\\\"\"',-4523450618538717400,2.02604271303E7,4330.0,481.0,448.0,33.0,0.0,93.13929313929314,6.860706860706861,0.0,0.6924492840673502,0.08395106339714699,0.2588644947445487,36.399686874111026,76.2183483883775,272.1308087156738,361.98014910370523,-89.84934038803141,0.565760517080403,0.7525574825440857,-0.18679696546368277,150.6544289015411,0.31321087089717486,55.36103376628223,0.703125,45.0,0.03357314148681055,14.0,0.9664268585131894,403.0,0.296875,19.0,0.7627118644067796,0.703125,0.7317073170731708,0.693202312844339,0.8930980215827338,0.6374485218408544,0.9313929313929314,0.26184107287974195,0.7381589271202581,0.06860706860706861,0.9293943405518633,0.9313929313929314,0.930202909853481,0.693202312844339,0.8930980215827339,0.9277378445425485,0.8461873891682898,0.9313929313929314,13.54,0.04,13.51,0.04,13510.0,40.0,362727.0,1043348.0,161927.0,94.17879417879418,56.65280665280665,?
DatasetClassiRealeseNormalizedShuffled,5,9,weka.classifiers.meta.FilteredClassifier,'-F \"weka.filters.MultiFilter -F \\\"weka.filters.supervised.attribute.AttributeSelection -E \\\\\\\"weka.attributeSelection.WrapperSubsetEval -B weka.classifiers.bayes.NaiveBayes -F 5 -T 0.01 -R 1 -E AUC --\\\\\\\" -S \\\\\\\"weka.attributeSelection.GreedyStepwise -B -T -1.7976931348623157E308 -N -1 -num-slots 1\\\\\\\"\\\" -S 1\" -S 1 -W weka.classifiers.lazy.IBk -- -K 1 -W 0 -A \"weka.core.neighboursearch.LinearNNSearch -A \\\"weka.core.EuclideanDistance -R first-last\\\"\"',-4523450618538717400,2.02604271303E7,4330.0,481.0,457.0,24.0,0.0,95.01039501039502,4.98960498960499,0.0,0.7747863748097857,0.06306448472756485,0.22356738158185938,27.343638115708835,65.82570002309028,272.1308087156738,278.82939013843253,-6.698581422758707,0.565760517080403,0.579686881784683,-0.013926364704280056,180.22919970151267,0.37469688087632574,66.22888476027671,0.765625,49.0,0.02158273381294964,9.0,0.9784172661870504,408.0,0.234375,15.0,0.8448275862068966,0.765625,0.8032786885245901,0.7760173672375842,0.9043015587529976,0.7207388615924156,0.9501039501039501,0.20606168391689975,0.7939383160831003,0.0498960498960499,0.9486106683465451,0.9501039501039501,0.9490551982355261,0.7760173672375842,0.9043015587529977,0.9404709080744353,0.8873536299765807,0.9501039501039501,13.498,0.04,13.47,0.04,13470.0,40.0,362728.0,1043348.0,161927.0,95.63409563409563,55.4054054054054,?
DatasetClassiRealeseNormalizedShuffled,5,10,weka.classifiers.meta.FilteredClassifier,'-F \"weka.filters.MultiFilter -F \\\"weka.filters.supervised.attribute.AttributeSelection -E \\\\\\\"weka.attributeSelection.WrapperSubsetEval -B weka.classifiers.bayes.NaiveBayes -F 5 -T 0.01 -R 1 -E AUC --\\\\\\\" -S \\\\\\\"weka.attributeSelection.GreedyStepwise -B -T -1.7976931348623157E308 -N -1 -num-slots 1\\\\\\\"\\\" -S 1\" -S 1 -W weka.classifiers.lazy.IBk -- -K 1 -W 0 -A \"weka.core.neighboursearch.LinearNNSearch -A \\\"weka.core.EuclideanDistance -R first-last\\\"\"',-4523450618538717400,2.02604271303E7,4330.0,481.0,441.0,40.0,0.0,91.68399168399168,8.316008316008316,0.0,0.6084656084656084,0.09052659833391874,0.2749086136843288,39.25072178710539,80.94227257173628,272.1308087156738,373.1672943943785,-101.03648567870465,0.565760517080403,0.7758155808614937,-0.21005506378109076,140.42431479574003,0.29194244240278594,51.601770287780006,0.59375,38.0,0.03357314148681055,14.0,0.9664268585131894,403.0,0.40625,26.0,0.7307692307692307,0.59375,0.6551724137931033,0.6127070257090615,0.8602180755395683,0.5946159069460402,0.9168399168399168,0.35666305832672734,0.6433369416732726,0.08316008316008316,0.9116351424043733,0.9168399168399168,0.9131283210520187,0.6127070257090615,0.8602505599470527,0.9158872743375117,0.8039455449580173,0.9168399168399168,13.498,0.04,13.47,0.04,13470.0,40.0,397538.0,1043348.0,161927.0,94.17879417879418,56.54885654885655,?
DatasetClassiRealeseNormalizedShuffled,6,1,weka.classifiers.meta.FilteredClassifier,'-F \"weka.filters.MultiFilter -F \\\"weka.filters.supervised.attribute.AttributeSelection -E \\\\\\\"weka.attributeSelection.WrapperSubsetEval -B weka.classifiers.bayes.NaiveBayes -F 5 -T 0.01 -R 1 -E AUC --\\\\\\\" -S \\\\\\\"weka.attributeSelection.GreedyStepwise -B -T -1.7976931348623157E308 -N -1 -num-slots 1\\\\\\\"\\\" -S 1\" -S 1 -W weka.classifiers.lazy.IBk -- -K 1 -W 0 -A \"weka.core.neighboursearch.LinearNNSearch -A \\\"weka.core.EuclideanDistance -R first-last\\\"\"',-4523450618538717400,2.02604271303E7,4329.0,482.0,444.0,38.0,0.0,92.11618257261411,7.8838174273858925,0.0,0.6281468247523142,0.08879371305231804,0.273166485803194,38.52945933647512,80.50006650292225,272.3366817903761,391.3904910839374,-119.0538092935613,0.565013862635635,0.8120134669791232,-0.24699960434348817,141.86302514634207,0.2943216289343196,52.091045618135766,0.609375,39.0,0.03110047846889952,13.0,0.9688995215311005,405.0,0.390625,25.0,0.75,0.609375,0.6724137931034483,0.6325229477508313,0.8555248205741627,0.5899300673799892,0.921161825726141,0.3428873041950406,0.6571126958049593,0.07883817427385892,0.9163852166361093,0.921161825726141,0.9176418063965747,0.6325229477508313,0.8555248205741627,0.9133617671259927,0.8138012361743656,0.921161825726141,13.534,0.04,13.5,0.04,13500.0,40.0,397461.0,1043119.0,162156.0,93.7759336099585,56.32780082987552,?
DatasetClassiRealeseNormalizedShuffled,6,2,weka.classifiers.meta.FilteredClassifier,'-F \"weka.filters.MultiFilter -F \\\"weka.filters.supervised.attribute.AttributeSelection -E \\\\\\\"weka.attributeSelection.WrapperSubsetEval -B weka.classifiers.bayes.NaiveBayes -F 5 -T 0.01 -R 1 -E AUC --\\\\\\\" -S \\\\\\\"weka.attributeSelection.GreedyStepwise -B -T -1.7976931348623157E308 -N -1 -num-slots 1\\\\\\\"\\\" -S 1\" -S 1 -W weka.classifiers.lazy.IBk -- -K 1 -W 0 -A \"weka.core.neighboursearch.LinearNNSearch -A \\\"weka.core.EuclideanDistance -R first-last\\\"\"',-4523450618538717400,2.02604271304E7,4330.0,481.0,445.0,36.0,0.0,92.51559251559252,7.484407484407485,0.0,0.6474612158475508,0.08362514987498479,0.26330311822189556,36.47277677980935,78.04287871042936,269.42867131105754,362.11632649539695,-92.6876551843394,0.5601427677984564,0.7528405956245259,-0.19269782782606945,148.91583854148482,0.30959633792408486,55.270969424616396,0.6349206349206349,40.0,0.03110047846889952,13.0,0.9688995215311005,405.0,0.36507936507936506,23.0,0.7547169811320755,0.6349206349206349,0.6896551724137931,0.6505882309022051,0.881882737145895,0.6201302006913813,0.9251559251559252,0.3213357687041898,0.6786642312958101,0.07484407484407485,0.921173706837611,0.9251559251559252,0.9223722283150015,0.6505882309022051,0.881882737145895,0.9246772328155597,0.8235509904622157,0.9251559251559252,13.725,0.039,13.69,0.04,13690.0,40.0,362768.0,1043348.0,161927.0,94.38669438669439,55.82120582120582,?
DatasetClassiRealeseNormalizedShuffled,6,3,weka.classifiers.meta.FilteredClassifier,'-F \"weka.filters.MultiFilter -F \\\"weka.filters.supervised.attribute.AttributeSelection -E \\\\\\\"weka.attributeSelection.WrapperSubsetEval -B weka.classifiers.bayes.NaiveBayes -F 5 -T 0.01 -R 1 -E AUC --\\\\\\\" -S \\\\\\\"weka.attributeSelection.GreedyStepwise -B -T -1.7976931348623157E308 -N -1 -num-slots 1\\\\\\\"\\\" -S 1\" -S 1 -W weka.classifiers.lazy.IBk -- -K 1 -W 0 -A \"weka.core.neighboursearch.LinearNNSearch -A \\\"weka.core.EuclideanDistance -R first-last\\\"\"',-4523450618538717400,2.02604271304E7,4330.0,481.0,449.0,32.0,0.0,93.34719334719335,6.652806652806653,0.0,0.6997151664130477,0.07854733979435295,0.2562166908953531,34.05672849887941,75.4387465490398,272.1308087156738,342.85215298865495,-70.72134427298113,0.565760517080403,0.7127903388537525,-0.14702982177334953,161.54352495199987,0.33584932422453195,59.36245356209662,0.703125,45.0,0.03117505995203837,13.0,0.9688249400479616,404.0,0.296875,19.0,0.7758620689655172,0.703125,0.7377049180327868,0.7008268845581708,0.8945218824940048,0.6442480447209191,0.9334719334719335,0.26152199342397187,0.7384780065760281,0.06652806652806653,0.9312363325569488,0.9334719334719335,0.9320735976473681,0.7008268845581708,0.8945218824940049,0.9283315817851099,0.8498048399687743,0.9334719334719335,13.725,0.039,13.69,0.03,13690.0,30.0,397538.0,1043348.0,161927.0,94.5945945945946,56.02910602910603,?
DatasetClassiRealeseNormalizedShuffled,6,4,weka.classifiers.meta.FilteredClassifier,'-F \"weka.filters.MultiFilter -F \\\"weka.filters.supervised.attribute.AttributeSelection -E \\\\\\\"weka.attributeSelection.WrapperSubsetEval -B weka.classifiers.bayes.NaiveBayes -F 5 -T 0.01 -R 1 -E AUC --\\\\\\\" -S \\\\\\\"weka.attributeSelection.GreedyStepwise -B -T -1.7976931348623157E308 -N -1 -num-slots 1\\\\\\\"\\\" -S 1\" -S 1 -W weka.classifiers.lazy.IBk -- -K 1 -W 0 -A \"weka.core.neighboursearch.LinearNNSearch -A \\\"weka.core.EuclideanDistance -R first-last\\\"\"',-4523450618538717400,2.02604271304E7,4330.0,481.0,443.0,38.0,0.0,92.0997920997921,7.9002079002079,0.0,0.6384317138787782,0.08979413590442382,0.2753787791369237,38.933139114512684,81.08070497553666,272.1308087156738,411.9511925817612,-139.82038386608735,0.565760517080403,0.8564473858248673,-0.29068686874446437,142.79106366134792,0.29686291821486055,52.47148029113384,0.640625,41.0,0.03597122302158273,15.0,0.9640287769784173,402.0,0.359375,23.0,0.7321428571428571,0.640625,0.6833333333333332,0.6402893909506043,0.8463166966426858,0.588846133328458,0.920997920997921,0.3163441440195037,0.6836558559804963,0.079002079002079,0.9174430021488844,0.920997920997921,0.9187398251531269,0.6402893909506043,0.8463166966426858,0.9120404840883545,0.8191013460015835,0.920997920997921,13.648,0.04,13.61,0.04,13610.0,40.0,397538.0,1043348.0,161927.0,93.55509355509355,56.02910602910603,?
DatasetClassiRealeseNormalizedShuffled,6,5,weka.classifiers.meta.FilteredClassifier,'-F \"weka.filters.MultiFilter -F \\\"weka.filters.supervised.attribute.AttributeSelection -E \\\\\\\"weka.attributeSelection.WrapperSubsetEval -B weka.classifiers.bayes.NaiveBayes -F 5 -T 0.01 -R 1 -E AUC --\\\\\\\" -S \\\\\\\"weka.attributeSelection.GreedyStepwise -B -T -1.7976931348623157E308 -N -1 -num-slots 1\\\\\\\"\\\" -S 1\" -S 1 -W weka.classifiers.lazy.IBk -- -K 1 -W 0 -A \"weka.core.neighboursearch.LinearNNSearch -A \\\"weka.core.EuclideanDistance -R first-last\\\"\"',-4523450618538717400,2.02604271304E7,4330.0,481.0,468.0,13.0,0.0,97.29729729729729,2.7027027027027026,0.0,0.8771633434829587,0.02978256061529373,0.16684117238567714,12.913188193668129,49.123610462553316,272.1308087156738,161.95349308185175,110.17731563382208,0.565760517080403,0.3367016488188186,0.22905886826158436,227.93143777546766,0.47386993300513025,83.75804226327556,0.84375,54.0,0.007194244604316547,3.0,0.9928057553956835,414.0,0.15625,10.0,0.9473684210526315,0.84375,0.8925619834710744,0.8790884008682217,0.9182778776978417,0.8225227595361412,0.972972972972973,0.1364172175772895,0.8635827824227105,0.02702702702702703,0.9725502563139107,0.972972972972973,0.9723036781733139,0.8790884008682217,0.9182778776978416,0.9581888276637299,0.9385520975619344,0.972972972972973,12.039,0.042,12.01,0.04,12010.0,40.0,677660.0,1043348.0,161927.0,97.29729729729729,50.62370062370062,?
DatasetClassiRealeseNormalizedShuffled,6,6,weka.classifiers.meta.FilteredClassifier,'-F \"weka.filters.MultiFilter -F \\\"weka.filters.supervised.attribute.AttributeSelection -E \\\\\\\"weka.attributeSelection.WrapperSubsetEval -B weka.classifiers.bayes.NaiveBayes -F 5 -T 0.01 -R 1 -E AUC --\\\\\\\" -S \\\\\\\"weka.attributeSelection.GreedyStepwise -B -T -1.7976931348623157E308 -N -1 -num-slots 1\\\\\\\"\\\" -S 1\" -S 1 -W weka.classifiers.lazy.IBk -- -K 1 -W 0 -A \"weka.core.neighboursearch.LinearNNSearch -A \\\"weka.core.EuclideanDistance -R first-last\\\"\"',-4523450618538717400,2.02604271304E7,4330.0,481.0,465.0,16.0,0.0,96.67359667359668,3.3264033264033266,0.0,0.8498575832065238,0.034917187619490045,0.17986826109679022,15.139471073301698,52.959220235340915,272.1308087156738,179.60744112121904,92.52336759445478,0.565760517080403,0.37340424349525786,0.19235627358514507,221.35851840156514,0.4602048199616739,81.3426893655557,0.828125,53.0,0.011990407673860911,5.0,0.988009592326139,412.0,0.171875,11.0,0.9137931034482759,0.828125,0.8688524590163935,0.8512078499169976,0.9232051858513189,0.7959270907400472,0.9667359667359667,0.15060137440982763,0.8493986255901723,0.033264033264033266,0.9659850041361413,0.9667359667359667,0.966036798823684,0.8512078499169976,0.9232051858513189,0.9562901637931375,0.9249024199843872,0.9667359667359667,12.561,0.042,12.52,0.04,12520.0,40.0,642857.0,1043348.0,161927.0,97.0893970893971,50.935550935550935,?
DatasetClassiRealeseNormalizedShuffled,6,7,weka.classifiers.meta.FilteredClassifier,'-F \"weka.filters.MultiFilter -F \\\"weka.filters.supervised.attribute.AttributeSelection -E \\\\\\\"weka.attributeSelection.WrapperSubsetEval -B weka.classifiers.bayes.NaiveBayes -F 5 -T 0.01 -R 1 -E AUC --\\\\\\\" -S \\\\\\\"weka.attributeSelection.GreedyStepwise -B -T -1.7976931348623157E308 -N -1 -num-slots 1\\\\\\\"\\\" -S 1\" -S 1 -W weka.classifiers.lazy.IBk -- -K 1 -W 0 -A \"weka.core.neighboursearch.LinearNNSearch -A \\\"weka.core.EuclideanDistance -R first-last\\\"\"',-4523450618538717400,2.02604271305E7,4330.0,481.0,462.0,19.0,0.0,96.04989604989605,3.95010395010395,0.0,0.8299056375514157,0.039733844559647104,0.1920824582371836,17.227887792603063,56.55548759463829,272.1308087156738,210.21023425092497,61.92057446474885,0.565760517080403,0.437027514035187,0.1287330030452159,210.73143695434402,0.43811109553917676,77.43755216430465,0.859375,55.0,0.023980815347721823,10.0,0.9760191846522782,407.0,0.140625,9.0,0.8461538461538461,0.859375,0.8527131782945736,0.8299388956535205,0.9303244904076738,0.7658044931501534,0.9604989604989606,0.1251047758466823,0.8748952241533177,0.0395010395010395,0.96077382856229,0.9604989604989606,0.9606283551954843,0.8299388956535205,0.930324490407674,0.9513357536952803,0.9149520273225569,0.9604989604989606,12.368,0.041,12.33,0.04,12330.0,40.0,642859.0,1043348.0,161927.0,96.46569646569647,50.727650727650726,?
DatasetClassiRealeseNormalizedShuffled,6,8,weka.classifiers.meta.FilteredClassifier,'-F \"weka.filters.MultiFilter -F \\\"weka.filters.supervised.attribute.AttributeSelection -E \\\\\\\"weka.attributeSelection.WrapperSubsetEval -B weka.classifiers.bayes.NaiveBayes -F 5 -T 0.01 -R 1 -E AUC --\\\\\\\" -S \\\\\\\"weka.attributeSelection.GreedyStepwise -B -T -1.7976931348623157E308 -N -1 -num-slots 1\\\\\\\"\\\" -S 1\" -S 1 -W weka.classifiers.lazy.IBk -- -K 1 -W 0 -A \"weka.core.neighboursearch.LinearNNSearch -A \\\"weka.core.EuclideanDistance -R first-last\\\"\"',-4523450618538717400,2.02604271305E7,4330.0,481.0,443.0,38.0,0.0,92.0997920997921,7.9002079002079,0.0,0.6434117601154942,0.08601715489219165,0.26683472374921563,37.295507372740296,78.56504986094649,272.1308087156738,371.08528993415604,-98.95448121848221,0.565760517080403,0.7714870892601997,-0.2057265721797967,146.71902633113675,0.3050291607715941,53.91489005731464,0.65625,42.0,0.03836930455635491,16.0,0.9616306954436451,401.0,0.34375,22.0,0.7241379310344828,0.65625,0.6885245901639345,0.6444340225486107,0.8804144184652278,0.6110042222406251,0.920997920997921,0.30311722555427595,0.6968827744457241,0.079002079002079,0.9182055807147517,0.920997920997921,0.9193373972062497,0.6444340225486107,0.8804144184652278,0.9219194897490729,0.8216432474629196,0.920997920997921,13.63,0.041,13.6,0.04,13600.0,40.0,397538.0,1043348.0,161927.0,94.17879417879418,56.86070686070686,?
DatasetClassiRealeseNormalizedShuffled,6,9,weka.classifiers.meta.FilteredClassifier,'-F \"weka.filters.MultiFilter -F \\\"weka.filters.supervised.attribute.AttributeSelection -E \\\\\\\"weka.attributeSelection.WrapperSubsetEval -B weka.classifiers.bayes.NaiveBayes -F 5 -T 0.01 -R 1 -E AUC --\\\\\\\" -S \\\\\\\"weka.attributeSelection.GreedyStepwise -B -T -1.7976931348623157E308 -N -1 -num-slots 1\\\\\\\"\\\" -S 1\" -S 1 -W weka.classifiers.lazy.IBk -- -K 1 -W 0 -A \"weka.core.neighboursearch.LinearNNSearch -A \\\"weka.core.EuclideanDistance -R first-last\\\"\"',-4523450618538717400,2.02604271305E7,4330.0,481.0,444.0,37.0,0.0,92.3076923076923,7.6923076923076925,0.0,0.6853040510671407,0.08458745543121982,0.2652885985507475,36.675615133171256,78.10981899143236,272.1308087156738,371.5420485220665,-99.4112398063927,0.565760517080403,0.7724366913140677,-0.20667617423366466,149.5451645728267,0.3109047080516148,54.9534120295338,0.78125,50.0,0.05515587529976019,23.0,0.9448441247002398,394.0,0.21875,14.0,0.684931506849315,0.78125,0.7299270072992701,0.687320702780268,0.9105965227817746,0.6260271384845469,0.9230769230769231,0.19698279837668328,0.8030172016233168,0.07692307692307693,0.9283301307878262,0.9230769230769231,0.9251840130672248,0.687320702780268,0.9106614915967434,0.9312455809088128,0.8425392612253926,0.9230769230769231,13.614,0.041,13.59,0.04,13590.0,40.0,397538.0,1043348.0,161927.0,93.97089397089397,55.92515592515593,?
DatasetClassiRealeseNormalizedShuffled,6,10,weka.classifiers.meta.FilteredClassifier,'-F \"weka.filters.MultiFilter -F \\\"weka.filters.supervised.attribute.AttributeSelection -E \\\\\\\"weka.attributeSelection.WrapperSubsetEval -B weka.classifiers.bayes.NaiveBayes -F 5 -T 0.01 -R 1 -E AUC --\\\\\\\" -S \\\\\\\"weka.attributeSelection.GreedyStepwise -B -T -1.7976931348623157E308 -N -1 -num-slots 1\\\\\\\"\\\" -S 1\" -S 1 -W weka.classifiers.lazy.IBk -- -K 1 -W 0 -A \"weka.core.neighboursearch.LinearNNSearch -A \\\"weka.core.EuclideanDistance -R first-last\\\"\"',-4523450618538717400,2.02604271305E7,4330.0,481.0,450.0,31.0,0.0,93.55509355509355,6.444906444906445,0.0,0.6943653022321523,0.08180542987020566,0.24938447999614569,35.469378366191485,73.42711559481205,272.1308087156738,276.7178991834841,-4.587090467810299,0.565760517080403,0.5752970876995512,-0.00953657061914823,150.46127917595618,0.3128093122161251,55.29005697152074,0.65625,42.0,0.02158273381294964,9.0,0.9784172661870504,408.0,0.34375,22.0,0.8235294117647058,0.65625,0.7304347826086957,0.700139851663039,0.9076363908872902,0.684869127241256,0.9355509355509356,0.30088366936388516,0.6991163306361148,0.06444906444906445,0.932164238320189,0.9355509355509356,0.9324027537466273,0.700139851663039,0.9076363908872902,0.9396505402002567,0.8469175093681023,0.9355509355509356,13.678,0.039,13.65,0.04,13650.0,40.0,362729.0,1043348.0,161927.0,96.25779625779626,58.00415800415801,?
DatasetClassiRealeseNormalizedShuffled,7,1,weka.classifiers.meta.FilteredClassifier,'-F \"weka.filters.MultiFilter -F \\\"weka.filters.supervised.attribute.AttributeSelection -E \\\\\\\"weka.attributeSelection.WrapperSubsetEval -B weka.classifiers.bayes.NaiveBayes -F 5 -T 0.01 -R 1 -E AUC --\\\\\\\" -S \\\\\\\"weka.attributeSelection.GreedyStepwise -B -T -1.7976931348623157E308 -N -1 -num-slots 1\\\\\\\"\\\" -S 1\" -S 1 -W weka.classifiers.lazy.IBk -- -K 1 -W 0 -A \"weka.core.neighboursearch.LinearNNSearch -A \\\"weka.core.EuclideanDistance -R first-last\\\"\"',-4523450618538717400,2.0260427130599998E7,4329.0,482.0,446.0,36.0,0.0,92.5311203319502,7.468879668049793,0.0,0.6477180445021928,0.08293500221371057,0.2582307657327942,35.98724150076767,76.09862444680395,272.3366817903761,325.7659674279049,-53.429285637528835,0.565013862635635,0.6758630029624583,-0.1108491403268233,148.8372329695514,0.30879093977085353,54.65192275644854,0.625,40.0,0.028708133971291867,12.0,0.9712918660287081,406.0,0.375,24.0,0.7692307692307693,0.625,0.6896551724137931,0.6522305147072567,0.8851674641148325,0.6457294611059498,0.9253112033195021,0.3290193372907939,0.6709806627092061,0.07468879668049792,0.9209554702751652,0.9253112033195021,0.9219764481651761,0.6522305147072567,0.8851674641148326,0.9288945964277158,0.823601171112557,0.9253112033195021,13.809,0.039,13.78,0.04,13780.0,40.0,397461.0,1043119.0,162156.0,95.22821576763485,56.32780082987552,?
DatasetClassiRealeseNormalizedShuffled,7,2,weka.classifiers.meta.FilteredClassifier,'-F \"weka.filters.MultiFilter -F \\\"weka.filters.supervised.attribute.AttributeSelection -E \\\\\\\"weka.attributeSelection.WrapperSubsetEval -B weka.classifiers.bayes.NaiveBayes -F 5 -T 0.01 -R 1 -E AUC --\\\\\\\" -S \\\\\\\"weka.attributeSelection.GreedyStepwise -B -T -1.7976931348623157E308 -N -1 -num-slots 1\\\\\\\"\\\" -S 1\" -S 1 -W weka.classifiers.lazy.IBk -- -K 1 -W 0 -A \"weka.core.neighboursearch.LinearNNSearch -A \\\"weka.core.EuclideanDistance -R first-last\\\"\"',-4523450618538717400,2.0260427130599998E7,4330.0,481.0,447.0,34.0,0.0,92.93139293139293,7.0686070686070686,0.0,0.6764019153903992,0.07780624785159315,0.2562474853185898,33.93488578744618,75.9515935535481,269.42867131105754,318.6074765738591,-49.178805262801575,0.5601427677984564,0.6623856061826593,-0.10224283838420285,156.45686589713722,0.3252741494742978,58.06986507256555,0.6825396825396826,43.0,0.03349282296650718,14.0,0.9665071770334929,404.0,0.31746031746031744,20.0,0.7543859649122807,0.6825396825396826,0.7166666666666668,0.677507508097143,0.9142173615857826,0.6508726995506461,0.9293139293139293,0.28026706974075394,0.7197329302592461,0.07068607068607069,0.9268385335912644,0.9293139293139293,0.9277986281549226,0.677507508097143,0.9142173615857826,0.9354067171775896,0.8381433095803643,0.9293139293139293,13.794,0.039,13.77,0.03,13770.0,30.0,397538.0,1043348.0,161927.0,95.01039501039502,54.88565488565489,?
DatasetClassiRealeseNormalizedShuffled,7,3,weka.classifiers.meta.FilteredClassifier,'-F \"weka.filters.MultiFilter -F \\\"weka.filters.supervised.attribute.AttributeSelection -E \\\\\\\"weka.attributeSelection.WrapperSubsetEval -B weka.classifiers.bayes.NaiveBayes -F 5 -T 0.01 -R 1 -E AUC --\\\\\\\" -S \\\\\\\"weka.attributeSelection.GreedyStepwise -B -T -1.7976931348623157E308 -N -1 -num-slots 1\\\\\\\"\\\" -S 1\" -S 1 -W weka.classifiers.lazy.IBk -- -K 1 -W 0 -A \"weka.core.neighboursearch.LinearNNSearch -A \\\"weka.core.EuclideanDistance -R first-last\\\"\"',-4523450618538717400,2.0260427130599998E7,4330.0,481.0,446.0,35.0,0.0,92.72349272349273,7.276507276507276,0.0,0.654928567036301,0.0863230218277625,0.2636430142476298,37.42812583198784,77.62530404147277,272.1308087156738,359.6040195442887,-87.47321082861487,0.565760517080403,0.7476175042500804,-0.1818569871696775,150.33230593490984,0.31254117657985414,55.24266313116322,0.625,40.0,0.026378896882494004,11.0,0.973621103117506,406.0,0.375,24.0,0.7843137254901961,0.625,0.6956521739130435,0.6603751487878564,0.8759367505995204,0.6267477553583405,0.9272349272349273,0.32861382411742124,0.6713861758825788,0.07276507276507277,0.9229140536938073,0.9272349272349273,0.9236805284236116,0.6603751487878565,0.8759367505995204,0.9225392457599637,0.8271649299317284,0.9272349272349273,13.62,0.041,13.59,0.04,13590.0,40.0,362728.0,1043348.0,161927.0,94.38669438669439,57.9002079002079,?
DatasetClassiRealeseNormalizedShuffled,7,4,weka.classifiers.meta.FilteredClassifier,'-F \"weka.filters.MultiFilter -F \\\"weka.filters.supervised.attribute.AttributeSelection -E \\\\\\\"weka.attributeSelection.WrapperSubsetEval -B weka.classifiers.bayes.NaiveBayes -F 5 -T 0.01 -R 1 -E AUC --\\\\\\\" -S \\\\\\\"weka.attributeSelection.GreedyStepwise -B -T -1.7976931348623157E308 -N -1 -num-slots 1\\\\\\\"\\\" -S 1\" -S 1 -W weka.classifiers.lazy.IBk -- -K 1 -W 0 -A \"weka.core.neighboursearch.LinearNNSearch -A \\\"weka.core.EuclideanDistance -R first-last\\\"\"',-4523450618538717400,2.0260427130599998E7,4330.0,481.0,456.0,25.0,0.0,94.8024948024948,5.197505197505198,0.0,0.7761916283571259,0.055279245800812706,0.22871744207581782,23.968097083746773,67.34204974628076,272.1308087156738,296.4271546704391,-24.296345954765286,0.565760517080403,0.6162726708325137,-0.05051215375211078,187.47757101791657,0.38976625991250846,68.89244621096755,0.8125,52.0,0.03117505995203837,13.0,0.9688249400479616,404.0,0.1875,12.0,0.8,0.8125,0.8062015503875969,0.7762227338940215,0.9133505695443646,0.6895118336601891,0.9480249480249481,0.1667000079769864,0.8332999920230136,0.05197505197505198,0.9483807772269311,0.9480249480249481,0.9481952042045846,0.7762227338940215,0.9133505695443646,0.9372400266124857,0.8880947727928381,0.9480249480249481,12.167,0.043,12.13,0.05,12130.0,50.0,642858.0,1043348.0,161927.0,95.01039501039502,50.83160083160083,?
DatasetClassiRealeseNormalizedShuffled,7,5,weka.classifiers.meta.FilteredClassifier,'-F \"weka.filters.MultiFilter -F \\\"weka.filters.supervised.attribute.AttributeSelection -E \\\\\\\"weka.attributeSelection.WrapperSubsetEval -B weka.classifiers.bayes.NaiveBayes -F 5 -T 0.01 -R 1 -E AUC --\\\\\\\" -S \\\\\\\"weka.attributeSelection.GreedyStepwise -B -T -1.7976931348623157E308 -N -1 -num-slots 1\\\\\\\"\\\" -S 1\" -S 1 -W weka.classifiers.lazy.IBk -- -K 1 -W 0 -A \"weka.core.neighboursearch.LinearNNSearch -A \\\"weka.core.EuclideanDistance -R first-last\\\"\"',-4523450618538717400,2.0260427130599998E7,4330.0,481.0,462.0,19.0,0.0,96.04989604989605,3.95010395010395,0.0,0.8229253453721108,0.042007242168956196,0.19790057833611735,18.213592532610157,58.26853636597927,272.1308087156738,214.47530859812684,57.65550011754698,0.565760517080403,0.4458946124701182,0.11986590461028478,209.63144541009854,0.43582421083180567,77.03333790079039,0.8125,52.0,0.016786570743405275,7.0,0.9832134292565947,410.0,0.1875,12.0,0.8813559322033898,0.8125,0.8455284552845529,0.8238202650155232,0.917921912470024,0.7629747819162995,0.9604989604989606,0.16478553124236575,0.8352144687576343,0.0395010395010395,0.9595612468935628,0.9604989604989606,0.9598137965823073,0.8238202650155231,0.917921912470024,0.9488537871695903,0.9114412240665911,0.9604989604989606,11.771,0.042,11.74,0.05,11740.0,50.0,677659.0,1043348.0,161927.0,96.46569646569647,50.935550935550935,?
DatasetClassiRealeseNormalizedShuffled,7,6,weka.classifiers.meta.FilteredClassifier,'-F \"weka.filters.MultiFilter -F \\\"weka.filters.supervised.attribute.AttributeSelection -E \\\\\\\"weka.attributeSelection.WrapperSubsetEval -B weka.classifiers.bayes.NaiveBayes -F 5 -T 0.01 -R 1 -E AUC --\\\\\\\" -S \\\\\\\"weka.attributeSelection.GreedyStepwise -B -T -1.7976931348623157E308 -N -1 -num-slots 1\\\\\\\"\\\" -S 1\" -S 1 -W weka.classifiers.lazy.IBk -- -K 1 -W 0 -A \"weka.core.neighboursearch.LinearNNSearch -A \\\"weka.core.EuclideanDistance -R first-last\\\"\"',-4523450618538717400,2.02604271307E7,4330.0,481.0,437.0,44.0,0.0,90.85239085239085,9.147609147609147,0.0,0.603492206235012,0.0975214803676243,0.2892802258593332,42.28357813752155,85.17375493372677,272.1308087156738,433.93755577076837,-161.80674705509455,0.565760517080403,0.902157080604508,-0.3363965635241051,129.93710605927478,0.27013951363674593,47.74803215869429,0.65625,42.0,0.05275779376498801,22.0,0.947242206235012,395.0,0.34375,22.0,0.65625,0.65625,0.65625,0.603492206235012,0.880882793764988,0.5652476692258386,0.9085239085239085,0.30503170228889653,0.6949682977111035,0.09147609147609148,0.9085239085239085,0.9085239085239085,0.9085239085239085,0.603492206235012,0.880882793764988,0.9157213290846488,0.8017461031175059,0.9085239085239085,13.434,0.039,13.41,0.04,13410.0,40.0,397538.0,1043348.0,161927.0,93.13929313929314,56.444906444906444,?
DatasetClassiRealeseNormalizedShuffled,7,7,weka.classifiers.meta.FilteredClassifier,'-F \"weka.filters.MultiFilter -F \\\"weka.filters.supervised.attribute.AttributeSelection -E \\\\\\\"weka.attributeSelection.WrapperSubsetEval -B weka.classifiers.bayes.NaiveBayes -F 5 -T 0.01 -R 1 -E AUC --\\\\\\\" -S \\\\\\\"weka.attributeSelection.GreedyStepwise -B -T -1.7976931348623157E308 -N -1 -num-slots 1\\\\\\\"\\\" -S 1\" -S 1 -W weka.classifiers.lazy.IBk -- -K 1 -W 0 -A \"weka.core.neighboursearch.LinearNNSearch -A \\\"weka.core.EuclideanDistance -R first-last\\\"\"',-4523450618538717400,2.02604271307E7,4330.0,481.0,449.0,32.0,0.0,93.34719334719335,6.652806652806653,0.0,0.6997151664130477,0.07825747627420143,0.25084682765300614,33.93104883571863,73.85767955950526,272.1308087156738,333.64780252787574,-61.51699381220192,0.565760517080403,0.6936544751099287,-0.12789395802952583,159.7456953633797,0.33211163277209915,58.70180451721079,0.703125,45.0,0.03117505995203837,13.0,0.9688249400479616,404.0,0.296875,19.0,0.7758620689655172,0.703125,0.7377049180327868,0.7008268845581708,0.8951963429256595,0.6594526372997669,0.9334719334719335,0.26152199342397187,0.7384780065760281,0.06652806652806653,0.9312363325569488,0.9334719334719335,0.9320735976473681,0.7008268845581708,0.8951963429256595,0.9322220251773982,0.8498048399687743,0.9334719334719335,13.5,0.04,13.47,0.04,13470.0,40.0,362729.0,1043348.0,161927.0,94.8024948024948,56.34095634095634,?
DatasetClassiRealeseNormalizedShuffled,7,8,weka.classifiers.meta.FilteredClassifier,'-F \"weka.filters.MultiFilter -F \\\"weka.filters.supervised.attribute.AttributeSelection -E \\\\\\\"weka.attributeSelection.WrapperSubsetEval -B weka.classifiers.bayes.NaiveBayes -F 5 -T 0.01 -R 1 -E AUC --\\\\\\\" -S \\\\\\\"weka.attributeSelection.GreedyStepwise -B -T -1.7976931348623157E308 -N -1 -num-slots 1\\\\\\\"\\\" -S 1\" -S 1 -W weka.classifiers.lazy.IBk -- -K 1 -W 0 -A \"weka.core.neighboursearch.LinearNNSearch -A \\\"weka.core.EuclideanDistance -R first-last\\\"\"',-4523450618538717400,2.02604271307E7,4330.0,481.0,465.0,16.0,0.0,96.67359667359668,3.3264033264033266,0.0,0.8518974674774844,0.03709491111686822,0.1855961716502759,16.083693221244776,54.64570830522416,272.1308087156738,202.1056072473083,70.02520146836551,0.565760517080403,0.42017797764513165,0.14558253943527133,216.0224664758861,0.4491111569145241,79.3818485659187,0.84375,54.0,0.014388489208633094,6.0,0.9856115107913669,411.0,0.15625,10.0,0.9,0.84375,0.870967741935484,0.8524820006053738,0.912132793764988,0.7739858987132325,0.9667359667359667,0.13737445594459982,0.8626255440554002,0.033264033264033266,0.9661018957931073,0.9667359667359667,0.9662788391712868,0.8524820006053738,0.912132793764988,0.9496038887110503,0.9259373315882671,0.9667359667359667,11.764,0.041,11.73,0.04,11730.0,40.0,677660.0,1043348.0,161927.0,96.67359667359668,50.62370062370062,?
DatasetClassiRealeseNormalizedShuffled,7,9,weka.classifiers.meta.FilteredClassifier,'-F \"weka.filters.MultiFilter -F \\\"weka.filters.supervised.attribute.AttributeSelection -E \\\\\\\"weka.attributeSelection.WrapperSubsetEval -B weka.classifiers.bayes.NaiveBayes -F 5 -T 0.01 -R 1 -E AUC --\\\\\\\" -S \\\\\\\"weka.attributeSelection.GreedyStepwise -B -T -1.7976931348623157E308 -N -1 -num-slots 1\\\\\\\"\\\" -S 1\" -S 1 -W weka.classifiers.lazy.IBk -- -K 1 -W 0 -A \"weka.core.neighboursearch.LinearNNSearch -A \\\"weka.core.EuclideanDistance -R first-last\\\"\"',-4523450618538717400,2.02604271307E7,4330.0,481.0,461.0,20.0,0.0,95.84199584199584,4.158004158004158,0.0,0.8148718343468555,0.04403472901521955,0.20543349784652848,19.092674742638156,60.48647932564509,272.1308087156738,243.6098568808192,28.52095183485463,0.565760517080403,0.506465398920622,0.05929511815978093,205.13281171294295,0.42647154202275045,75.38022345983937,0.8125,52.0,0.019184652278177457,8.0,0.9808153477218226,409.0,0.1875,12.0,0.8666666666666667,0.8125,0.8387096774193549,0.815430962176605,0.9112709832134293,0.7336106768690692,0.9584199584199584,0.1651046106981359,0.8348953893018641,0.04158004158004158,0.9575481931776468,0.9584199584199584,0.9578485489641084,0.815430962176605,0.9112709832134293,0.9420325648511819,0.9074216644853338,0.9584199584199584,11.293,0.042,11.27,0.04,11270.0,40.0,712462.0,1043348.0,161927.0,95.84199584199584,50.51975051975052,?
DatasetClassiRealeseNormalizedShuffled,7,10,weka.classifiers.meta.FilteredClassifier,'-F \"weka.filters.MultiFilter -F \\\"weka.filters.supervised.attribute.AttributeSelection -E \\\\\\\"weka.attributeSelection.WrapperSubsetEval -B weka.classifiers.bayes.NaiveBayes -F 5 -T 0.01 -R 1 -E AUC --\\\\\\\" -S \\\\\\\"weka.attributeSelection.GreedyStepwise -B -T -1.7976931348623157E308 -N -1 -num-slots 1\\\\\\\"\\\" -S 1\" -S 1 -W weka.classifiers.lazy.IBk -- -K 1 -W 0 -A \"weka.core.neighboursearch.LinearNNSearch -A \\\"weka.core.EuclideanDistance -R first-last\\\"\"',-4523450618538717400,2.02604271307E7,4330.0,481.0,448.0,33.0,0.0,93.13929313929314,6.860706860706861,0.0,0.6924492840673502,0.08495139471972955,0.2587008388156049,36.8334127310441,76.17016261991061,272.1308087156738,361.6970548518257,-89.5662461361519,0.565760517080403,0.7519689290058746,-0.18620841192547175,150.3943162483875,0.31267009615049374,55.265450081957326,0.703125,45.0,0.03357314148681055,14.0,0.9664268585131894,403.0,0.296875,19.0,0.7627118644067796,0.703125,0.7317073170731708,0.693202312844339,0.8843113009592326,0.6400832094328368,0.9313929313929314,0.26184107287974195,0.7381589271202581,0.06860706860706861,0.9293943405518633,0.9313929313929314,0.930202909853481,0.693202312844339,0.8843113009592326,0.9263635263778236,0.8461873891682898,0.9313929313929314,13.51,0.039,13.48,0.04,13480.0,40.0,362728.0,1043348.0,161927.0,94.38669438669439,57.58835758835759,?
DatasetClassiRealeseNormalizedShuffled,8,1,weka.classifiers.meta.FilteredClassifier,'-F \"weka.filters.MultiFilter -F \\\"weka.filters.supervised.attribute.AttributeSelection -E \\\\\\\"weka.attributeSelection.WrapperSubsetEval -B weka.classifiers.bayes.NaiveBayes -F 5 -T 0.01 -R 1 -E AUC --\\\\\\\" -S \\\\\\\"weka.attributeSelection.GreedyStepwise -B -T -1.7976931348623157E308 -N -1 -num-slots 1\\\\\\\"\\\" -S 1\" -S 1 -W weka.classifiers.lazy.IBk -- -K 1 -W 0 -A \"weka.core.neighboursearch.LinearNNSearch -A \\\"weka.core.EuclideanDistance -R first-last\\\"\"',-4523450618538717400,2.0260427130799998E7,4329.0,482.0,448.0,34.0,0.0,92.9460580912863,7.053941908713693,0.0,0.6895976967952119,0.08271473127951401,0.263313418506958,35.8916613103421,77.59644320421269,272.3366817903761,374.4969831357075,-102.16030134533145,0.565013862635635,0.7769646953022977,-0.21195083266666276,150.89680307951076,0.31306390680396423,55.40818155214932,0.71875,46.0,0.03827751196172249,16.0,0.9617224880382775,402.0,0.28125,18.0,0.7419354838709677,0.71875,0.7301587301587302,0.6897126778908366,0.8935593600478469,0.6263668877135953,0.9294605809128631,0.24898809287458556,0.7510119071254144,0.07053941908713693,0.9285676042602826,0.9294605809128631,0.9289849201712065,0.6897126778908366,0.893559360047847,0.9271346703943004,0.844792968897981,0.9294605809128631,13.467,0.04,13.44,0.04,13440.0,40.0,362659.0,1043119.0,162156.0,93.98340248962656,55.49792531120332,?
DatasetClassiRealeseNormalizedShuffled,8,2,weka.classifiers.meta.FilteredClassifier,'-F \"weka.filters.MultiFilter -F \\\"weka.filters.supervised.attribute.AttributeSelection -E \\\\\\\"weka.attributeSelection.WrapperSubsetEval -B weka.classifiers.bayes.NaiveBayes -F 5 -T 0.01 -R 1 -E AUC --\\\\\\\" -S \\\\\\\"weka.attributeSelection.GreedyStepwise -B -T -1.7976931348623157E308 -N -1 -num-slots 1\\\\\\\"\\\" -S 1\" -S 1 -W weka.classifiers.lazy.IBk -- -K 1 -W 0 -A \"weka.core.neighboursearch.LinearNNSearch -A \\\"weka.core.EuclideanDistance -R first-last\\\"\"',-4523450618538717400,2.0260427130799998E7,4330.0,481.0,463.0,18.0,0.0,96.25779625779626,3.7422037422037424,0.0,0.8420015329026607,0.03725024784869807,0.1864848123620947,16.246547561459725,55.27398114688138,269.42867131105754,196.83394226748842,72.59472904356912,0.5601427677984564,0.40921817519228365,0.1509245926061728,211.522488827041,0.4397556940271123,78.50778753343464,0.9047619047619048,57.0,0.028708133971291867,12.0,0.9712918660287081,406.0,0.09523809523809523,6.0,0.8260869565217391,0.9047619047619048,0.8636363636363636,0.8431717076839369,0.9482418166628693,0.7867618479960194,0.9625779625779626,0.08652419178734969,0.9134758082126504,0.037422037422037424,0.9645656956758687,0.9625779625779626,0.9632932030522392,0.8431717076839369,0.9482418166628693,0.9591388830255327,0.920974808324206,0.9625779625779626,12.144,0.041,12.11,0.04,12110.0,40.0,642857.0,1043348.0,161927.0,96.67359667359668,50.51975051975052,?
DatasetClassiRealeseNormalizedShuffled,8,3,weka.classifiers.meta.FilteredClassifier,'-F \"weka.filters.MultiFilter -F \\\"weka.filters.supervised.attribute.AttributeSelection -E \\\\\\\"weka.attributeSelection.WrapperSubsetEval -B weka.classifiers.bayes.NaiveBayes -F 5 -T 0.01 -R 1 -E AUC --\\\\\\\" -S \\\\\\\"weka.attributeSelection.GreedyStepwise -B -T -1.7976931348623157E308 -N -1 -num-slots 1\\\\\\\"\\\" -S 1\" -S 1 -W weka.classifiers.lazy.IBk -- -K 1 -W 0 -A \"weka.core.neighboursearch.LinearNNSearch -A \\\"weka.core.EuclideanDistance -R first-last\\\"\"',-4523450618538717400,2.0260427130799998E7,4330.0,481.0,447.0,34.0,0.0,92.93139293139293,7.0686070686070686,0.0,0.6671957671957671,0.0861521761153114,0.254160897261927,37.354050171890655,74.83345227907164,272.1308087156738,290.6574629867638,-18.526654271089967,0.565760517080403,0.6042774698269517,-0.03851695274654879,144.69085343252817,0.30081258509881115,53.16959667867052,0.640625,41.0,0.026378896882494004,11.0,0.973621103117506,406.0,0.359375,23.0,0.7884615384615384,0.640625,0.7068965517241379,0.6718465734079362,0.896826288968825,0.6704635663182765,0.9293139293139293,0.3150678261964233,0.6849321738035767,0.07068607068607069,0.9253740022970792,0.9293139293139293,0.9261590728942161,0.6718465734079362,0.8968262889688249,0.9341643297664646,0.8333537132143148,0.9293139293139293,13.502,0.039,13.47,0.04,13470.0,40.0,362728.0,1043348.0,161927.0,96.04989604989605,58.523908523908524,?
DatasetClassiRealeseNormalizedShuffled,8,4,weka.classifiers.meta.FilteredClassifier,'-F \"weka.filters.MultiFilter -F \\\"weka.filters.supervised.attribute.AttributeSelection -E \\\\\\\"weka.attributeSelection.WrapperSubsetEval -B weka.classifiers.bayes.NaiveBayes -F 5 -T 0.01 -R 1 -E AUC --\\\\\\\" -S \\\\\\\"weka.attributeSelection.GreedyStepwise -B -T -1.7976931348623157E308 -N -1 -num-slots 1\\\\\\\"\\\" -S 1\" -S 1 -W weka.classifiers.lazy.IBk -- -K 1 -W 0 -A \"weka.core.neighboursearch.LinearNNSearch -A \\\"weka.core.EuclideanDistance -R first-last\\\"\"',-4523450618538717400,2.0260427130799998E7,4330.0,481.0,442.0,39.0,0.0,91.89189189189189,8.108108108108109,0.0,0.6040316622691296,0.0956891144039949,0.2804959581708807,41.48909686931697,82.58737329928927,272.1308087156738,412.2608456199159,-140.1300369042421,0.565760517080403,0.8570911551349604,-0.2913306380545574,129.96428406049867,0.2701960167577935,47.75801926796433,0.5625,36.0,0.026378896882494004,11.0,0.973621103117506,406.0,0.4375,28.0,0.7659574468085106,0.5625,0.6486486486486486,0.6132352672982871,0.8335206834532374,0.5715731092418008,0.918918918918919,0.3827978158014129,0.6172021841985871,0.08108108108108109,0.9129273405182807,0.918918918918919,0.913519865341252,0.6132352672982871,0.8335206834532374,0.9082978741343405,0.8014101057579318,0.918918918918919,13.535,0.039,13.51,0.04,13510.0,40.0,363784.0,1043348.0,161927.0,93.97089397089397,56.86070686070686,?
DatasetClassiRealeseNormalizedShuffled,8,5,weka.classifiers.meta.FilteredClassifier,'-F \"weka.filters.MultiFilter -F \\\"weka.filters.supervised.attribute.AttributeSelection -E \\\\\\\"weka.attributeSelection.WrapperSubsetEval -B weka.classifiers.bayes.NaiveBayes -F 5 -T 0.01 -R 1 -E AUC --\\\\\\\" -S \\\\\\\"weka.attributeSelection.GreedyStepwise -B -T -1.7976931348623157E308 -N -1 -num-slots 1\\\\\\\"\\\" -S 1\" -S 1 -W weka.classifiers.lazy.IBk -- -K 1 -W 0 -A \"weka.core.neighboursearch.LinearNNSearch -A \\\"weka.core.EuclideanDistance -R first-last\\\"\"',-4523450618538717400,2.02604271309E7,4330.0,481.0,464.0,17.0,0.0,96.46569646569647,3.5343035343035343,0.0,0.845783905097788,0.04199593258927233,0.1937239632439234,18.20868890015439,57.038801463573556,272.1308087156738,214.0304908982714,58.10031781740241,0.565760517080403,0.4449698355473418,0.12079068153306115,207.4156190728096,0.4312175032698744,76.2190874497861,0.859375,55.0,0.019184652278177457,8.0,0.9808153477218226,409.0,0.140625,9.0,0.873015873015873,0.859375,0.8661417322834646,0.8458187081863575,0.927158273381295,0.7571816325058364,0.9646569646569647,0.12446661693514212,0.875533383064858,0.035343035343035345,0.9644377275956224,0.9646569646569647,0.964538982342745,0.8458187081863575,0.927158273381295,0.9499677819535681,0.9228912254231695,0.9646569646569647,12.249,0.041,12.22,0.04,12220.0,40.0,642858.0,1043348.0,161927.0,96.46569646569647,51.03950103950104,?
DatasetClassiRealeseNormalizedShuffled,8,6,weka.classifiers.meta.FilteredClassifier,'-F \"weka.filters.MultiFilter -F \\\"weka.filters.supervised.attribute.AttributeSelection -E \\\\\\\"weka.attributeSelection.WrapperSubsetEval -B weka.classifiers.bayes.NaiveBayes -F 5 -T 0.01 -R 1 -E AUC --\\\\\\\" -S \\\\\\\"weka.attributeSelection.GreedyStepwise -B -T -1.7976931348623157E308 -N -1 -num-slots 1\\\\\\\"\\\" -S 1\" -S 1 -W weka.classifiers.lazy.IBk -- -K 1 -W 0 -A \"weka.core.neighboursearch.LinearNNSearch -A \\\"weka.core.EuclideanDistance -R first-last\\\"\"',-4523450618538717400,2.02604271309E7,4330.0,481.0,464.0,17.0,0.0,96.46569646569647,3.5343035343035343,0.0,0.837108308930457,0.03774358535898544,0.18830187617788477,16.364946827106433,55.44235803706479,272.1308087156738,198.97558686098654,73.15522185468728,0.565760517080403,0.41367065875464976,0.1520898583257532,214.16098826397814,0.4452411398419504,78.69781053998065,0.796875,51.0,0.009592326139088728,4.0,0.9904076738609112,413.0,0.203125,13.0,0.9272727272727272,0.796875,0.8571428571428571,0.8402384744839148,0.91130845323741,0.7828769199287562,0.9646569646569647,0.17737429079605338,0.8226257092039466,0.035343035343035345,0.9638671568249033,0.9646569646569647,0.9635091272101947,0.8402384744839148,0.91130845323741,0.9497971235581183,0.9184883917980002,0.9646569646569647,12.144,0.043,12.1,0.05,12100.0,50.0,677660.0,1043348.0,161927.0,96.67359667359668,50.51975051975052,?
DatasetClassiRealeseNormalizedShuffled,8,7,weka.classifiers.meta.FilteredClassifier,'-F \"weka.filters.MultiFilter -F \\\"weka.filters.supervised.attribute.AttributeSelection -E \\\\\\\"weka.attributeSelection.WrapperSubsetEval -B weka.classifiers.bayes.NaiveBayes -F 5 -T 0.01 -R 1 -E AUC --\\\\\\\" -S \\\\\\\"weka.attributeSelection.GreedyStepwise -B -T -1.7976931348623157E308 -N -1 -num-slots 1\\\\\\\"\\\" -S 1\" -S 1 -W weka.classifiers.lazy.IBk -- -K 1 -W 0 -A \"weka.core.neighboursearch.LinearNNSearch -A \\\"weka.core.EuclideanDistance -R first-last\\\"\"',-4523450618538717400,2.02604271309E7,4330.0,481.0,446.0,35.0,0.0,92.72349272349273,7.276507276507276,0.0,0.6646347536803524,0.07771281815356956,0.2545258139051007,33.69489476878735,74.94089592007607,272.1308087156738,325.8394860907485,-53.70867737507467,0.565760517080403,0.6774209690036351,-0.11166045192323217,163.00917268055576,0.33889640889928435,59.90103562690327,0.65625,42.0,0.03117505995203837,13.0,0.9688249400479616,404.0,0.34375,22.0,0.7636363636363637,0.65625,0.7058823529411765,0.6671199957803372,0.8973133992805755,0.659941562668022,0.9272349272349273,0.3021599871869656,0.6978400128130344,0.07276507276507277,0.9237786195532675,0.9272349272349273,0.9248717324915776,0.6671199957803372,0.8973133992805755,0.9317964932320519,0.8321819831135301,0.9272349272349273,13.772,0.039,13.75,0.03,13750.0,30.0,397739.0,1043348.0,161927.0,94.8024948024948,55.71725571725572,?
DatasetClassiRealeseNormalizedShuffled,8,8,weka.classifiers.meta.FilteredClassifier,'-F \"weka.filters.MultiFilter -F \\\"weka.filters.supervised.attribute.AttributeSelection -E \\\\\\\"weka.attributeSelection.WrapperSubsetEval -B weka.classifiers.bayes.NaiveBayes -F 5 -T 0.01 -R 1 -E AUC --\\\\\\\" -S \\\\\\\"weka.attributeSelection.GreedyStepwise -B -T -1.7976931348623157E308 -N -1 -num-slots 1\\\\\\\"\\\" -S 1\" -S 1 -W weka.classifiers.lazy.IBk -- -K 1 -W 0 -A \"weka.core.neighboursearch.LinearNNSearch -A \\\"weka.core.EuclideanDistance -R first-last\\\"\"',-4523450618538717400,2.02604271309E7,4330.0,481.0,451.0,30.0,0.0,93.76299376299376,6.237006237006237,0.0,0.7184829685122321,0.07290794775744192,0.24239057641681366,31.611588485192662,71.36787691810483,272.1308087156738,317.45144124161055,-45.32063252593673,0.565760517080403,0.6599822063235147,-0.09422168924311171,166.66087140722559,0.3464882981439201,61.24292658879181,0.71875,46.0,0.02877697841726619,12.0,0.9712230215827338,405.0,0.28125,18.0,0.7931034482758621,0.71875,0.7540983606557378,0.7196245052280241,0.8865407673860911,0.6818250608556965,0.9376299376299376,0.24765691604720383,0.7523430839527963,0.062370062370062374,0.9355799165043479,0.9376299376299376,0.9363189977944077,0.7196245052280242,0.8865407673860911,0.9321698421540873,0.859192037470726,0.9376299376299376,13.676,0.039,13.64,0.04,13640.0,40.0,398586.0,1043348.0,161927.0,95.01039501039502,56.02910602910603,?
DatasetClassiRealeseNormalizedShuffled,8,9,weka.classifiers.meta.FilteredClassifier,'-F \"weka.filters.MultiFilter -F \\\"weka.filters.supervised.attribute.AttributeSelection -E \\\\\\\"weka.attributeSelection.WrapperSubsetEval -B weka.classifiers.bayes.NaiveBayes -F 5 -T 0.01 -R 1 -E AUC --\\\\\\\" -S \\\\\\\"weka.attributeSelection.GreedyStepwise -B -T -1.7976931348623157E308 -N -1 -num-slots 1\\\\\\\"\\\" -S 1\" -S 1 -W weka.classifiers.lazy.IBk -- -K 1 -W 0 -A \"weka.core.neighboursearch.LinearNNSearch -A \\\"weka.core.EuclideanDistance -R first-last\\\"\"',-4523450618538717400,2.02604271309E7,4330.0,481.0,447.0,34.0,0.0,92.93139293139293,7.0686070686070686,0.0,0.6764915334704857,0.08069480265077027,0.2574956899432776,34.987830171500164,75.8153265629166,272.1308087156738,341.52516578342045,-69.39435706774663,0.565760517080403,0.7100315296952608,-0.14427101261485786,152.257834514578,0.31654435450016216,55.95023776733018,0.671875,43.0,0.03117505995203837,13.0,0.9688249400479616,404.0,0.328125,21.0,0.7678571428571429,0.671875,0.7166666666666668,0.6784599551257596,0.8824003297362111,0.6407622326415046,0.9293139293139293,0.28861398926596765,0.7113860107340323,0.07068607068607069,0.926274742745331,0.9293139293139293,0.9272935277685872,0.6784599551257596,0.8824003297362111,0.9273087584972672,0.8381433095803643,0.9293139293139293,13.796,0.039,13.77,0.03,13770.0,30.0,397698.0,1043348.0,161927.0,94.8024948024948,56.02910602910603,?
DatasetClassiRealeseNormalizedShuffled,8,10,weka.classifiers.meta.FilteredClassifier,'-F \"weka.filters.MultiFilter -F \\\"weka.filters.supervised.attribute.AttributeSelection -E \\\\\\\"weka.attributeSelection.WrapperSubsetEval -B weka.classifiers.bayes.NaiveBayes -F 5 -T 0.01 -R 1 -E AUC --\\\\\\\" -S \\\\\\\"weka.attributeSelection.GreedyStepwise -B -T -1.7976931348623157E308 -N -1 -num-slots 1\\\\\\\"\\\" -S 1\" -S 1 -W weka.classifiers.lazy.IBk -- -K 1 -W 0 -A \"weka.core.neighboursearch.LinearNNSearch -A \\\"weka.core.EuclideanDistance -R first-last\\\"\"',-4523450618538717400,2.0260427130999997E7,4330.0,481.0,447.0,34.0,0.0,92.93139293139293,7.0686070686070686,0.0,0.6573499832383507,0.08086904264427383,0.2552576334276739,35.063377531448104,75.15636801633224,272.1308087156738,302.62177959372826,-30.49097087805444,0.565760517080403,0.62915130892667,-0.06339079184626703,155.92282006023575,0.32416386706909717,57.29701124107052,0.609375,39.0,0.02158273381294964,9.0,0.9784172661870504,408.0,0.390625,25.0,0.8125,0.609375,0.6964285714285714,0.6660660766471853,0.9030463129496403,0.6647950684586261,0.9293139293139293,0.3415216631268789,0.6584783368731211,0.07068607068607069,0.9249974792699966,0.9293139293139293,0.9249302049302048,0.6660660766471853,0.9030463129496403,0.9342790691419339,0.8282142857142857,0.9293139293139293,13.766,0.039,13.73,0.04,13730.0,40.0,362911.0,1043348.0,161927.0,95.63409563409563,56.444906444906444,?
DatasetClassiRealeseNormalizedShuffled,9,1,weka.classifiers.meta.FilteredClassifier,'-F \"weka.filters.MultiFilter -F \\\"weka.filters.supervised.attribute.AttributeSelection -E \\\\\\\"weka.attributeSelection.WrapperSubsetEval -B weka.classifiers.bayes.NaiveBayes -F 5 -T 0.01 -R 1 -E AUC --\\\\\\\" -S \\\\\\\"weka.attributeSelection.GreedyStepwise -B -T -1.7976931348623157E308 -N -1 -num-slots 1\\\\\\\"\\\" -S 1\" -S 1 -W weka.classifiers.lazy.IBk -- -K 1 -W 0 -A \"weka.core.neighboursearch.LinearNNSearch -A \\\"weka.core.EuclideanDistance -R first-last\\\"\"',-4523450618538717400,2.0260427130999997E7,4329.0,482.0,459.0,23.0,0.0,95.22821576763485,4.771784232365145,0.0,0.7886045536020745,0.05129855739069637,0.22041491910311095,22.259522809234216,64.95458472464338,272.3366817903761,280.7304609735986,-8.393779183222534,0.565013862635635,0.5824283422688767,-0.01741447963324177,194.52631722479535,0.4035815710057995,71.42861400306215,0.796875,51.0,0.023923444976076555,10.0,0.9760765550239234,408.0,0.203125,13.0,0.8360655737704918,0.796875,0.816,0.7889045079118663,0.9001943779904307,0.693011353011079,0.9522821576763485,0.1793306026524251,0.8206693973475749,0.04771784232365145,0.9514540109976846,0.9522821576763485,0.951794855563084,0.7889045079118662,0.9001943779904307,0.9341179805034241,0.8942932061978546,0.9522821576763485,12.204,0.046,12.18,0.04,12180.0,40.0,642725.0,1043119.0,162156.0,95.22821576763485,50.726141078838175,?
DatasetClassiRealeseNormalizedShuffled,9,2,weka.classifiers.meta.FilteredClassifier,'-F \"weka.filters.MultiFilter -F \\\"weka.filters.supervised.attribute.AttributeSelection -E \\\\\\\"weka.attributeSelection.WrapperSubsetEval -B weka.classifiers.bayes.NaiveBayes -F 5 -T 0.01 -R 1 -E AUC --\\\\\\\" -S \\\\\\\"weka.attributeSelection.GreedyStepwise -B -T -1.7976931348623157E308 -N -1 -num-slots 1\\\\\\\"\\\" -S 1\" -S 1 -W weka.classifiers.lazy.IBk -- -K 1 -W 0 -A \"weka.core.neighboursearch.LinearNNSearch -A \\\"weka.core.EuclideanDistance -R first-last\\\"\"',-4523450618538717400,2.0260427130999997E7,4330.0,481.0,466.0,15.0,0.0,96.88149688149689,3.1185031185031185,0.0,0.8620801712767383,0.031429905959501896,0.17314598459382588,13.708028577348134,51.32036098207566,269.42867131105754,166.4063481106056,103.02232320045195,0.5601427677984564,0.3459591436810927,0.21418362411736372,222.5884622113732,0.4627618756993206,82.614987160885,0.873015873015873,55.0,0.01674641148325359,7.0,0.9832535885167464,411.0,0.12698412698412698,8.0,0.8870967741935484,0.873015873015873,0.88,0.8621166144426794,0.942545758335232,0.80627650321466,0.9688149688149689,0.11254550728234938,0.8874544927176506,0.031185031185031187,0.9686199373242256,0.9688149688149689,0.9687088577411158,0.8621166144426795,0.9425457583352321,0.9621081928917392,0.9310394265232975,0.9688149688149689,12.252,0.041,12.22,0.04,12220.0,40.0,642858.0,1043348.0,161927.0,97.29729729729729,50.51975051975052,?
DatasetClassiRealeseNormalizedShuffled,9,3,weka.classifiers.meta.FilteredClassifier,'-F \"weka.filters.MultiFilter -F \\\"weka.filters.supervised.attribute.AttributeSelection -E \\\\\\\"weka.attributeSelection.WrapperSubsetEval -B weka.classifiers.bayes.NaiveBayes -F 5 -T 0.01 -R 1 -E AUC --\\\\\\\" -S \\\\\\\"weka.attributeSelection.GreedyStepwise -B -T -1.7976931348623157E308 -N -1 -num-slots 1\\\\\\\"\\\" -S 1\" -S 1 -W weka.classifiers.lazy.IBk -- -K 1 -W 0 -A \"weka.core.neighboursearch.LinearNNSearch -A \\\"weka.core.EuclideanDistance -R first-last\\\"\"',-4523450618538717400,2.0260427130999997E7,4330.0,481.0,441.0,40.0,0.0,91.68399168399168,8.316008316008316,0.0,0.6140111543554145,0.09314257595605253,0.2777021721744296,40.38496312321439,81.76478944278084,272.1308087156738,418.441911457434,-146.31110274176018,0.565760517080403,0.8699416038616091,-0.3041810867812062,139.4938586360963,0.2900080221124663,51.25985524918697,0.609375,39.0,0.03597122302158273,15.0,0.9640287769784173,402.0,0.390625,25.0,0.7222222222222222,0.609375,0.6610169491525424,0.6168900228841213,0.852162020383693,0.5685350931068963,0.9168399168399168,0.34343613986149957,0.6565638601385004,0.08316008316008316,0.9122821253968796,0.9168399168399168,0.9138088390237158,0.6168900228841213,0.852162020383693,0.9088190717072157,0.8068117921118163,0.9168399168399168,13.412,0.039,13.39,0.04,13390.0,40.0,397539.0,1043348.0,161927.0,93.34719334719335,56.54885654885655,?
DatasetClassiRealeseNormalizedShuffled,9,4,weka.classifiers.meta.FilteredClassifier,'-F \"weka.filters.MultiFilter -F \\\"weka.filters.supervised.attribute.AttributeSelection -E \\\\\\\"weka.attributeSelection.WrapperSubsetEval -B weka.classifiers.bayes.NaiveBayes -F 5 -T 0.01 -R 1 -E AUC --\\\\\\\" -S \\\\\\\"weka.attributeSelection.GreedyStepwise -B -T -1.7976931348623157E308 -N -1 -num-slots 1\\\\\\\"\\\" -S 1\" -S 1 -W weka.classifiers.lazy.IBk -- -K 1 -W 0 -A \"weka.core.neighboursearch.LinearNNSearch -A \\\"weka.core.EuclideanDistance -R first-last\\\"\"',-4523450618538717400,2.0260427130999997E7,4330.0,481.0,445.0,36.0,0.0,92.51559251559252,7.484407484407485,0.0,0.6667693018243399,0.08541808308004506,0.2591326940235917,37.035760497658025,76.29731520886706,272.1308087156738,316.2320899378481,-44.10128122217429,0.565760517080403,0.6574471724279587,-0.0916866553475557,150.7967314858052,0.31350671826570725,55.41332574488461,0.6875,44.0,0.03836930455635491,16.0,0.9616306954436451,401.0,0.3125,20.0,0.7333333333333333,0.6875,0.7096774193548386,0.6672268084615296,0.9219499400479616,0.6602694299721629,0.9251559251559252,0.2760252297122801,0.72397477028772,0.07484407484407485,0.9233333827158056,0.9251559251559252,0.9241273881353949,0.6672268084615296,0.9219499400479616,0.9385868488638407,0.8333589960736006,0.9251559251559252,13.47,0.039,13.44,0.04,13440.0,40.0,362921.0,1043348.0,161927.0,95.42619542619542,57.17255717255717,?
DatasetClassiRealeseNormalizedShuffled,9,5,weka.classifiers.meta.FilteredClassifier,'-F \"weka.filters.MultiFilter -F \\\"weka.filters.supervised.attribute.AttributeSelection -E \\\\\\\"weka.attributeSelection.WrapperSubsetEval -B weka.classifiers.bayes.NaiveBayes -F 5 -T 0.01 -R 1 -E AUC --\\\\\\\" -S \\\\\\\"weka.attributeSelection.GreedyStepwise -B -T -1.7976931348623157E308 -N -1 -num-slots 1\\\\\\\"\\\" -S 1\" -S 1 -W weka.classifiers.lazy.IBk -- -K 1 -W 0 -A \"weka.core.neighboursearch.LinearNNSearch -A \\\"weka.core.EuclideanDistance -R first-last\\\"\"',-4523450618538717400,2.02604271311E7,4330.0,481.0,447.0,34.0,0.0,92.93139293139293,7.0686070686070686,0.0,0.6809473643138632,0.08709487756706237,0.2646457787898056,37.762788742564574,77.92055139589459,272.1308087156738,368.2279376193936,-96.09712890371975,0.565760517080403,0.7655466478573671,-0.19978613077696414,145.73812463720776,0.30298986411061907,53.55443778123522,0.6875,44.0,0.03357314148681055,14.0,0.9664268585131894,403.0,0.3125,20.0,0.7586206896551724,0.6875,0.7213114754098361,0.6820292638883174,0.8761241007194245,0.6269314080616237,0.9293139293139293,0.2753870708007398,0.7246129291992601,0.07068607068607069,0.9268927486095498,0.9293139293139293,0.9278281975003286,0.6820292638883174,0.8761241007194245,0.9240034161600662,0.8404176424668228,0.9293139293139293,13.501,0.039,13.47,0.04,13470.0,40.0,362729.0,1043348.0,161927.0,94.38669438669439,57.7962577962578,?
DatasetClassiRealeseNormalizedShuffled,9,6,weka.classifiers.meta.FilteredClassifier,'-F \"weka.filters.MultiFilter -F \\\"weka.filters.supervised.attribute.AttributeSelection -E \\\\\\\"weka.attributeSelection.WrapperSubsetEval -B weka.classifiers.bayes.NaiveBayes -F 5 -T 0.01 -R 1 -E AUC --\\\\\\\" -S \\\\\\\"weka.attributeSelection.GreedyStepwise -B -T -1.7976931348623157E308 -N -1 -num-slots 1\\\\\\\"\\\" -S 1\" -S 1 -W weka.classifiers.lazy.IBk -- -K 1 -W 0 -A \"weka.core.neighboursearch.LinearNNSearch -A \\\"weka.core.EuclideanDistance -R first-last\\\"\"',-4523450618538717400,2.02604271311E7,4330.0,481.0,444.0,37.0,0.0,92.3076923076923,7.6923076923076925,0.0,0.6404137958903281,0.08880465782543973,0.2754745908412099,38.50411903083091,81.10891513956157,272.1308087156738,424.8497255813727,-152.71891686569887,0.565760517080403,0.8832634627471366,-0.31750294566673365,142.8383750397476,0.2969612786689139,52.48886581930059,0.625,40.0,0.03117505995203837,13.0,0.9688249400479616,404.0,0.375,24.0,0.7547169811320755,0.625,0.6837606837606838,0.6441049381155906,0.8354129196642686,0.5686647004622623,0.9230769230769231,0.3292519830289614,0.6707480169710386,0.07692307692307693,0.9187499152232004,0.9230769230769231,0.919961563748546,0.6441049381155906,0.8354129196642686,0.9067913766659477,0.8199868507560815,0.9230769230769231,13.742,0.041,13.71,0.04,13710.0,40.0,397539.0,1043348.0,161927.0,93.13929313929314,56.13305613305613,?
DatasetClassiRealeseNormalizedShuffled,9,7,weka.classifiers.meta.FilteredClassifier,'-F \"weka.filters.MultiFilter -F \\\"weka.filters.supervised.attribute.AttributeSelection -E \\\\\\\"weka.attributeSelection.WrapperSubsetEval -B weka.classifiers.bayes.NaiveBayes -F 5 -T 0.01 -R 1 -E AUC --\\\\\\\" -S \\\\\\\"weka.attributeSelection.GreedyStepwise -B -T -1.7976931348623157E308 -N -1 -num-slots 1\\\\\\\"\\\" -S 1\" -S 1 -W weka.classifiers.lazy.IBk -- -K 1 -W 0 -A \"weka.core.neighboursearch.LinearNNSearch -A \\\"weka.core.EuclideanDistance -R first-last\\\"\"',-4523450618538717400,2.02604271311E7,4330.0,481.0,443.0,38.0,0.0,92.0997920997921,7.9002079002079,0.0,0.6226204732212909,0.0863989080772412,0.26894682780921025,37.46102875908965,79.1869238001904,272.1308087156738,354.6733227307382,-82.5425140150644,0.565760517080403,0.7373665753237801,-0.17160605824337713,148.57907034093088,0.3088961961349914,54.598401056518526,0.59375,38.0,0.02877697841726619,12.0,0.9712230215827338,405.0,0.40625,26.0,0.76,0.59375,0.6666666666666666,0.6287269655335852,0.8980440647482014,0.6296279907867506,0.920997920997921,0.35602489941518717,0.6439751005848129,0.079002079002079,0.915768290153441,0.920997920997921,0.9167990559499993,0.6287269655335852,0.8980440647482014,0.9285263739802337,0.8109276729559748,0.920997920997921,13.589,0.04,13.56,0.04,13560.0,40.0,362728.0,1043348.0,161927.0,94.5945945945946,56.02910602910603,?
DatasetClassiRealeseNormalizedShuffled,9,8,weka.classifiers.meta.FilteredClassifier,'-F \"weka.filters.MultiFilter -F \\\"weka.filters.supervised.attribute.AttributeSelection -E \\\\\\\"weka.attributeSelection.WrapperSubsetEval -B weka.classifiers.bayes.NaiveBayes -F 5 -T 0.01 -R 1 -E AUC --\\\\\\\" -S \\\\\\\"weka.attributeSelection.GreedyStepwise -B -T -1.7976931348623157E308 -N -1 -num-slots 1\\\\\\\"\\\" -S 1\" -S 1 -W weka.classifiers.lazy.IBk -- -K 1 -W 0 -A \"weka.core.neighboursearch.LinearNNSearch -A \\\"weka.core.EuclideanDistance -R first-last\\\"\"',-4523450618538717400,2.02604271311E7,4330.0,481.0,457.0,24.0,0.0,95.01039501039502,4.98960498960499,0.0,0.7808239984811087,0.05053494635599738,0.22355897854608728,21.911053286560456,65.82322588885788,272.1308087156738,296.42996126104947,-24.299152545375648,0.565760517080403,0.6162785057402276,-0.05051798865982463,196.25967567447418,0.4080242737515056,72.11960916910702,0.796875,51.0,0.026378896882494004,11.0,0.973621103117506,406.0,0.203125,13.0,0.8225806451612904,0.796875,0.8095238095238094,0.7809542717590401,0.8881145083932853,0.677284802812746,0.9501039501039501,0.1796078469864441,0.820392153013556,0.0498960498960499,0.9494952469777321,0.9501039501039501,0.9497676339781603,0.7809542717590401,0.8881145083932854,0.9324744681112553,0.8904078377762588,0.9501039501039501,12.216,0.042,12.2,0.04,12200.0,40.0,642857.0,1043348.0,161927.0,95.01039501039502,50.103950103950105,?
DatasetClassiRealeseNormalizedShuffled,9,9,weka.classifiers.meta.FilteredClassifier,'-F \"weka.filters.MultiFilter -F \\\"weka.filters.supervised.attribute.AttributeSelection -E \\\\\\\"weka.attributeSelection.WrapperSubsetEval -B weka.classifiers.bayes.NaiveBayes -F 5 -T 0.01 -R 1 -E AUC --\\\\\\\" -S \\\\\\\"weka.attributeSelection.GreedyStepwise -B -T -1.7976931348623157E308 -N -1 -num-slots 1\\\\\\\"\\\" -S 1\" -S 1 -W weka.classifiers.lazy.IBk -- -K 1 -W 0 -A \"weka.core.neighboursearch.LinearNNSearch -A \\\"weka.core.EuclideanDistance -R first-last\\\"\"',-4523450618538717400,2.02604271312E7,4330.0,481.0,446.0,35.0,0.0,92.72349272349273,7.276507276507276,0.0,0.6446437994722958,0.08106093176274229,0.26251471499896417,35.14657723785037,77.29309507899607,272.1308087156738,376.01346319630136,-103.88265448062754,0.565760517080403,0.7817327717178822,-0.2159722546374793,156.64495146450264,0.32566517975988074,57.56237311158971,0.59375,38.0,0.02158273381294964,9.0,0.9784172661870504,408.0,0.40625,26.0,0.8085106382978723,0.59375,0.6846846846846846,0.6544662099276519,0.8544664268585132,0.6153365674982415,0.9272349272349273,0.35506766104787685,0.6449323389521231,0.07276507276507277,0.9225844366544436,0.9272349272349273,0.9223896227421493,0.6544662099276518,0.8544664268585133,0.917625388863737,0.8217783000391696,0.9272349272349273,13.525,0.039,13.49,0.04,13490.0,40.0,362736.0,1043348.0,161927.0,93.97089397089397,55.92515592515593,?
DatasetClassiRealeseNormalizedShuffled,9,10,weka.classifiers.meta.FilteredClassifier,'-F \"weka.filters.MultiFilter -F \\\"weka.filters.supervised.attribute.AttributeSelection -E \\\\\\\"weka.attributeSelection.WrapperSubsetEval -B weka.classifiers.bayes.NaiveBayes -F 5 -T 0.01 -R 1 -E AUC --\\\\\\\" -S \\\\\\\"weka.attributeSelection.GreedyStepwise -B -T -1.7976931348623157E308 -N -1 -num-slots 1\\\\\\\"\\\" -S 1\" -S 1 -W weka.classifiers.lazy.IBk -- -K 1 -W 0 -A \"weka.core.neighboursearch.LinearNNSearch -A \\\"weka.core.EuclideanDistance -R first-last\\\"\"',-4523450618538717400,2.02604271312E7,4330.0,481.0,448.0,33.0,0.0,93.13929313929314,6.860706860706861,0.0,0.6437117011963819,0.08187484152244887,0.2559274827784738,35.49947402317101,75.35359402539686,272.1308087156738,330.42691946855086,-58.29611075287704,0.565760517080403,0.6869582525333697,-0.12119773545296682,154.2344617582529,0.32065376664917444,56.67658964678243,0.546875,35.0,0.009592326139088728,4.0,0.9904076738609112,413.0,0.453125,29.0,0.8974358974358975,0.546875,0.6796116504854369,0.6685246296464179,0.8542790767386091,0.6525548329225656,0.9313929313929314,0.3941102575320201,0.6058897424679799,0.06860706860706861,0.9294722846759046,0.9313929313929314,0.9240651874782778,0.668524629646418,0.8542790767386091,0.9221364565181136,0.8205974434033704,0.9313929313929314,13.498,0.041,13.47,0.04,13470.0,40.0,362728.0,1043348.0,161927.0,95.01039501039502,57.17255717255717,?
DatasetClassiRealeseNormalizedShuffled,10,1,weka.classifiers.meta.FilteredClassifier,'-F \"weka.filters.MultiFilter -F \\\"weka.filters.supervised.attribute.AttributeSelection -E \\\\\\\"weka.attributeSelection.WrapperSubsetEval -B weka.classifiers.bayes.NaiveBayes -F 5 -T 0.01 -R 1 -E AUC --\\\\\\\" -S \\\\\\\"weka.attributeSelection.GreedyStepwise -B -T -1.7976931348623157E308 -N -1 -num-slots 1\\\\\\\"\\\" -S 1\" -S 1 -W weka.classifiers.lazy.IBk -- -K 1 -W 0 -A \"weka.core.neighboursearch.LinearNNSearch -A \\\"weka.core.EuclideanDistance -R first-last\\\"\"',-4523450618538717400,2.02604271312E7,4329.0,482.0,464.0,18.0,0.0,96.2655601659751,3.7344398340248963,0.0,0.8420247632920613,0.042262940588789356,0.19697443654483546,18.338778668892633,58.046854447067346,272.3366817903761,222.54521694366878,49.7914648467073,0.565013862635635,0.46171206834786055,0.10330179428777447,206.77476299931186,0.42899328423093747,75.92615201152786,0.890625,57.0,0.02631578947368421,11.0,0.9736842105263158,407.0,0.109375,7.0,0.8382352941176471,0.890625,0.8636363636363636,0.8425441005933392,0.9389765251196173,0.7572044263184711,0.9626556016597511,0.09834639113343524,0.9016536088665648,0.03734439834024896,0.9638577302350371,0.9626556016597511,0.9631316556887096,0.8425441005933392,0.9389765251196173,0.9526082798991247,0.9210008741258742,0.9626556016597511,12.111,0.041,12.08,0.04,12080.0,40.0,642725.0,1043119.0,162156.0,96.2655601659751,50.933609958506224,?
DatasetClassiRealeseNormalizedShuffled,10,2,weka.classifiers.meta.FilteredClassifier,'-F \"weka.filters.MultiFilter -F \\\"weka.filters.supervised.attribute.AttributeSelection -E \\\\\\\"weka.attributeSelection.WrapperSubsetEval -B weka.classifiers.bayes.NaiveBayes -F 5 -T 0.01 -R 1 -E AUC --\\\\\\\" -S \\\\\\\"weka.attributeSelection.GreedyStepwise -B -T -1.7976931348623157E308 -N -1 -num-slots 1\\\\\\\"\\\" -S 1\" -S 1 -W weka.classifiers.lazy.IBk -- -K 1 -W 0 -A \"weka.core.neighboursearch.LinearNNSearch -A \\\"weka.core.EuclideanDistance -R first-last\\\"\"',-4523450618538717400,2.02604271312E7,4330.0,481.0,468.0,13.0,0.0,97.29729729729729,2.7027027027027026,0.0,0.8771343799736705,0.02984790294259342,0.1669252963371776,13.018044248627094,49.47655289355974,269.42867131105754,162.88332403439063,106.54534727666692,0.5601427677984564,0.33863476930226744,0.22150799849618902,224.8223495199933,0.46740613205819814,83.44410727558913,0.8571428571428571,54.0,0.009569377990430622,4.0,0.9904306220095693,414.0,0.14285714285714285,9.0,0.9310344827586207,0.8571428571428571,0.8925619834710743,0.8781154010053378,0.9282866256550467,0.8188409568089425,0.972972972972973,0.12539949382054644,0.8746005061794535,0.02702702702702703,0.9724772461382879,0.972972972972973,0.9724949052589307,0.8781154010053378,0.9282866256550467,0.9586962186955009,0.9385520975619343,0.972972972972973,11.753,0.044,11.72,0.04,11720.0,40.0,677658.0,1043348.0,161927.0,97.29729729729729,50.51975051975052,?
DatasetClassiRealeseNormalizedShuffled,10,3,weka.classifiers.meta.FilteredClassifier,'-F \"weka.filters.MultiFilter -F \\\"weka.filters.supervised.attribute.AttributeSelection -E \\\\\\\"weka.attributeSelection.WrapperSubsetEval -B weka.classifiers.bayes.NaiveBayes -F 5 -T 0.01 -R 1 -E AUC --\\\\\\\" -S \\\\\\\"weka.attributeSelection.GreedyStepwise -B -T -1.7976931348623157E308 -N -1 -num-slots 1\\\\\\\"\\\" -S 1\" -S 1 -W weka.classifiers.lazy.IBk -- -K 1 -W 0 -A \"weka.core.neighboursearch.LinearNNSearch -A \\\"weka.core.EuclideanDistance -R first-last\\\"\"',-4523450618538717400,2.02604271312E7,4330.0,481.0,466.0,15.0,0.0,96.88149688149689,3.1185031185031185,0.0,0.8639269750862836,0.03270427664352658,0.17453361610484922,14.179992260933359,51.38852267434358,272.1308087156738,166.13414371423906,105.99666500143476,0.565760517080403,0.3453932301751332,0.22036728690526977,223.0780590614598,0.4637797485685235,81.9745695514156,0.875,56.0,0.016786570743405275,7.0,0.9832134292565947,410.0,0.125,8.0,0.8888888888888888,0.875,0.8818897637795274,0.8639625247424667,0.9498276378896883,0.8041646487814345,0.9688149688149689,0.1106015395583741,0.889398460441626,0.031185031185031187,0.9686237580974424,0.9688149688149689,0.9687108667730102,0.8639625247424667,0.9498276378896883,0.9617093206650986,0.93196284596162,0.9688149688149689,12.124,0.041,12.1,0.04,12100.0,40.0,642859.0,1043348.0,161927.0,97.29729729729729,50.727650727650726,?
DatasetClassiRealeseNormalizedShuffled,10,4,weka.classifiers.meta.FilteredClassifier,'-F \"weka.filters.MultiFilter -F \\\"weka.filters.supervised.attribute.AttributeSelection -E \\\\\\\"weka.attributeSelection.WrapperSubsetEval -B weka.classifiers.bayes.NaiveBayes -F 5 -T 0.01 -R 1 -E AUC --\\\\\\\" -S \\\\\\\"weka.attributeSelection.GreedyStepwise -B -T -1.7976931348623157E308 -N -1 -num-slots 1\\\\\\\"\\\" -S 1\" -S 1 -W weka.classifiers.lazy.IBk -- -K 1 -W 0 -A \"weka.core.neighboursearch.LinearNNSearch -A \\\"weka.core.EuclideanDistance -R first-last\\\"\"',-4523450618538717400,2.02604271313E7,4330.0,481.0,454.0,27.0,0.0,94.38669438669439,5.613305613305613,0.0,0.7412896671248433,0.05954192089707777,0.2305862649262924,25.81631713566088,67.89229357649083,272.1308087156738,285.6958727853542,-13.565064069680375,0.565760517080403,0.5939623134830648,-0.0282017964026619,183.8651094699948,0.382255944844064,67.56497374837838,0.71875,46.0,0.02158273381294964,9.0,0.9784172661870504,408.0,0.28125,18.0,0.8363636363636363,0.71875,0.7731092436974789,0.7440615418708162,0.896507793764988,0.6978729427815118,0.9438669438669439,0.2466996776798935,0.7533003223201065,0.056133056133056136,0.9415957472295499,0.9438669438669439,0.9420439079220742,0.7440615418708162,0.896507793764988,0.9324275583169945,0.8705403869732946,0.9438669438669439,13.29,0.04,13.26,0.05,13260.0,50.0,467157.0,1043348.0,161927.0,95.63409563409563,53.11850311850312,?
DatasetClassiRealeseNormalizedShuffled,10,5,weka.classifiers.meta.FilteredClassifier,'-F \"weka.filters.MultiFilter -F \\\"weka.filters.supervised.attribute.AttributeSelection -E \\\\\\\"weka.attributeSelection.WrapperSubsetEval -B weka.classifiers.bayes.NaiveBayes -F 5 -T 0.01 -R 1 -E AUC --\\\\\\\" -S \\\\\\\"weka.attributeSelection.GreedyStepwise -B -T -1.7976931348623157E308 -N -1 -num-slots 1\\\\\\\"\\\" -S 1\" -S 1 -W weka.classifiers.lazy.IBk -- -K 1 -W 0 -A \"weka.core.neighboursearch.LinearNNSearch -A \\\"weka.core.EuclideanDistance -R first-last\\\"\"',-4523450618538717400,2.02604271313E7,4330.0,481.0,445.0,36.0,0.0,92.51559251559252,7.484407484407485,0.0,0.642482553578065,0.08715813821315414,0.2654864964883106,37.7902174327564,78.16808675026661,272.1308087156738,376.4237485395977,-104.29293982392386,0.565760517080403,0.7825857557995793,-0.21682523871917642,148.55025984581619,0.3088362990557509,54.5878140541682,0.609375,39.0,0.026378896882494004,11.0,0.973621103117506,406.0,0.390625,25.0,0.78,0.609375,0.6842105263157895,0.6487838477740452,0.861304706235012,0.6120893318587504,0.9251559251559252,0.34215982203841916,0.6578401779615809,0.07484407484407485,0.9204408835035286,0.9251559251559252,0.9211780530052626,0.6487838477740452,0.861304706235012,0.9179660397039683,0.8208788480635552,0.9251559251559252,13.437,0.039,13.41,0.03,13410.0,30.0,362728.0,1043348.0,161927.0,94.17879417879418,57.276507276507274,?
DatasetClassiRealeseNormalizedShuffled,10,6,weka.classifiers.meta.FilteredClassifier,'-F \"weka.filters.MultiFilter -F \\\"weka.filters.supervised.attribute.AttributeSelection -E \\\\\\\"weka.attributeSelection.WrapperSubsetEval -B weka.classifiers.bayes.NaiveBayes -F 5 -T 0.01 -R 1 -E AUC --\\\\\\\" -S \\\\\\\"weka.attributeSelection.GreedyStepwise -B -T -1.7976931348623157E308 -N -1 -num-slots 1\\\\\\\"\\\" -S 1\" -S 1 -W weka.classifiers.lazy.IBk -- -K 1 -W 0 -A \"weka.core.neighboursearch.LinearNNSearch -A \\\"weka.core.EuclideanDistance -R first-last\\\"\"',-4523450618538717400,2.02604271313E7,4330.0,481.0,448.0,33.0,0.0,93.13929313929314,6.860706860706861,0.0,0.7006393451898235,0.07977772794299245,0.25320129632643346,34.590202900891775,74.55091373129808,272.1308087156738,315.75778066724297,-43.626971951569146,0.565760517080403,0.6564610824682806,-0.09070056538787764,156.04392239530586,0.32441563907547993,57.34151275695608,0.734375,47.0,0.03836930455635491,16.0,0.9616306954436451,401.0,0.265625,17.0,0.746031746031746,0.734375,0.7401574803149606,0.7006681757374834,0.9193645083932853,0.6708725730901491,0.9313929313929314,0.23538723594928632,0.7646127640507138,0.06860706860706861,0.9309494835810626,0.9313929313929314,0.9311639069006225,0.7006681757374835,0.9193645083932854,0.9380622711468025,0.8503182611155642,0.9313929313929314,13.523,0.04,13.49,0.04,13490.0,40.0,397539.0,1043348.0,161927.0,95.21829521829522,56.96465696465697,?
DatasetClassiRealeseNormalizedShuffled,10,7,weka.classifiers.meta.FilteredClassifier,'-F \"weka.filters.MultiFilter -F \\\"weka.filters.supervised.attribute.AttributeSelection -E \\\\\\\"weka.attributeSelection.WrapperSubsetEval -B weka.classifiers.bayes.NaiveBayes -F 5 -T 0.01 -R 1 -E AUC --\\\\\\\" -S \\\\\\\"weka.attributeSelection.GreedyStepwise -B -T -1.7976931348623157E308 -N -1 -num-slots 1\\\\\\\"\\\" -S 1\" -S 1 -W weka.classifiers.lazy.IBk -- -K 1 -W 0 -A \"weka.core.neighboursearch.LinearNNSearch -A \\\"weka.core.EuclideanDistance -R first-last\\\"\"',-4523450618538717400,2.02604271313E7,4330.0,481.0,447.0,34.0,0.0,92.93139293139293,7.0686070686070686,0.0,0.6764915334704857,0.0862871095033527,0.2606562591072691,37.41255488731434,76.74590362750934,272.1308087156738,352.8155615636251,-80.6847528479513,0.565760517080403,0.7335042859950627,-0.16774376891465967,147.13755400098233,0.3058992806673229,54.06868656121687,0.671875,43.0,0.03117505995203837,13.0,0.9688249400479616,404.0,0.328125,21.0,0.7678571428571429,0.671875,0.7166666666666668,0.6784599551257596,0.8712717326139089,0.6340766569198358,0.9293139293139293,0.28861398926596765,0.7113860107340323,0.07068607068607069,0.926274742745331,0.9293139293139293,0.9272935277685872,0.6784599551257596,0.8712717326139089,0.9223744402045989,0.8381433095803643,0.9293139293139293,13.53,0.04,13.51,0.03,13510.0,30.0,362728.0,1043348.0,161927.0,94.8024948024948,57.276507276507274,?
DatasetClassiRealeseNormalizedShuffled,10,8,weka.classifiers.meta.FilteredClassifier,'-F \"weka.filters.MultiFilter -F \\\"weka.filters.supervised.attribute.AttributeSelection -E \\\\\\\"weka.attributeSelection.WrapperSubsetEval -B weka.classifiers.bayes.NaiveBayes -F 5 -T 0.01 -R 1 -E AUC --\\\\\\\" -S \\\\\\\"weka.attributeSelection.GreedyStepwise -B -T -1.7976931348623157E308 -N -1 -num-slots 1\\\\\\\"\\\" -S 1\" -S 1 -W weka.classifiers.lazy.IBk -- -K 1 -W 0 -A \"weka.core.neighboursearch.LinearNNSearch -A \\\"weka.core.EuclideanDistance -R first-last\\\"\"',-4523450618538717400,2.02604271314E7,4330.0,481.0,440.0,41.0,0.0,91.47609147609148,8.523908523908524,0.0,0.6178915347503441,0.09186083994044755,0.27408203375037415,39.82922520000808,80.6988998471795,272.1308087156738,361.7207465326863,-89.58993781701247,0.565760517080403,0.7520181840596388,-0.1862576669792359,138.72426186434421,0.28840802882400046,50.97705126407988,0.640625,41.0,0.04316546762589928,18.0,0.9568345323741008,399.0,0.359375,23.0,0.6949152542372882,0.640625,0.6666666666666667,0.6185634830322339,0.9050696942446043,0.6194511196920296,0.9147609147609148,0.31730138238681405,0.682698617613186,0.08523908523908524,0.9121561083566064,0.9147609147609148,0.9132824031512947,0.6185634830322339,0.9050696942446043,0.9291716589146763,0.8088994835121177,0.9147609147609148,13.461,0.039,13.43,0.04,13430.0,40.0,362768.0,1043348.0,161927.0,94.5945945945946,56.237006237006234,?
DatasetClassiRealeseNormalizedShuffled,10,9,weka.classifiers.meta.FilteredClassifier,'-F \"weka.filters.MultiFilter -F \\\"weka.filters.supervised.attribute.AttributeSelection -E \\\\\\\"weka.attributeSelection.WrapperSubsetEval -B weka.classifiers.bayes.NaiveBayes -F 5 -T 0.01 -R 1 -E AUC --\\\\\\\" -S \\\\\\\"weka.attributeSelection.GreedyStepwise -B -T -1.7976931348623157E308 -N -1 -num-slots 1\\\\\\\"\\\" -S 1\" -S 1 -W weka.classifiers.lazy.IBk -- -K 1 -W 0 -A \"weka.core.neighboursearch.LinearNNSearch -A \\\"weka.core.EuclideanDistance -R first-last\\\"\"',-4523450618538717400,2.02604271314E7,4330.0,481.0,466.0,15.0,0.0,96.88149688149689,3.1185031185031185,0.0,0.8582653963264908,0.033655263618990676,0.17442370420429726,14.592323287218221,51.356160941860466,272.1308087156738,164.16118429408385,107.96962442158997,0.565760517080403,0.34129144343884377,0.22446907364155919,222.7773902772529,0.46315465754106633,81.86408269194317,0.828125,53.0,0.009592326139088728,4.0,0.9904076738609112,413.0,0.171875,11.0,0.9298245614035088,0.828125,0.8760330578512396,0.8601489795290829,0.9359637290167866,0.8184056776299502,0.9688149688149689,0.15028229495405754,0.8497177050459425,0.031185031185031187,0.9681712592586476,0.9688149688149689,0.9680427055845928,0.8601489795290829,0.9359637290167866,0.9594625674250042,0.9290985741099242,0.9688149688149689,11.784,0.042,11.76,0.04,11760.0,40.0,677661.0,1043348.0,161927.0,97.29729729729729,50.935550935550935,?
DatasetClassiRealeseNormalizedShuffled,10,10,weka.classifiers.meta.FilteredClassifier,'-F \"weka.filters.MultiFilter -F \\\"weka.filters.supervised.attribute.AttributeSelection -E \\\\\\\"weka.attributeSelection.WrapperSubsetEval -B weka.classifiers.bayes.NaiveBayes -F 5 -T 0.01 -R 1 -E AUC --\\\\\\\" -S \\\\\\\"weka.attributeSelection.GreedyStepwise -B -T -1.7976931348623157E308 -N -1 -num-slots 1\\\\\\\"\\\" -S 1\" -S 1 -W weka.classifiers.lazy.IBk -- -K 1 -W 0 -A \"weka.core.neighboursearch.LinearNNSearch -A \\\"weka.core.EuclideanDistance -R first-last\\\"\"',-4523450618538717400,2.02604271314E7,4330.0,481.0,447.0,34.0,0.0,92.93139293139293,7.0686070686070686,0.0,0.6469038777096467,0.08296108641941895,0.25716165851495365,35.9704504768136,75.71697656014088,272.1308087156738,346.52030947357144,-74.38950075789762,0.565760517080403,0.7204164438119989,-0.1546559267315959,155.23246572099717,0.3227286189625721,57.04332649934771,0.578125,37.0,0.016786570743405275,7.0,0.9832134292565947,410.0,0.421875,27.0,0.8409090909090909,0.578125,0.6851851851851852,0.6613262063389064,0.8649018285371702,0.6380160723073667,0.9293139293139293,0.3679755000573346,0.6320244999426654,0.07068607068607069,0.9252679412862479,0.9293139293139293,0.9235966285146613,0.6613262063389064,0.8649018285371702,0.9221197061235291,0.8226862694075809,0.9293139293139293,13.5,0.04,13.46,0.04,13460.0,40.0,362728.0,1043348.0,161927.0,94.5945945945946,57.38045738045738,?
DatasetClassiRealeseNormalizedShuffled,1,1,weka.classifiers.meta.FilteredClassifier,'-F \"weka.filters.MultiFilter -F \\\"weka.filters.supervised.attribute.AttributeSelection -E \\\\\\\"weka.attributeSelection.WrapperSubsetEval -B weka.classifiers.bayes.NaiveBayes -F 5 -T 0.01 -R 1 -E AUC --\\\\\\\" -S \\\\\\\"weka.attributeSelection.GreedyStepwise -B -T -1.7976931348623157E308 -N -1 -num-slots 1\\\\\\\"\\\" -F \\\"weka.filters.supervised.instance.Resample -B 1.0 -S 1 -Z 200.0\\\" -S 1\" -S 1 -W weka.classifiers.lazy.IBk -- -K 1 -W 0 -A \"weka.core.neighboursearch.LinearNNSearch -A \\\"weka.core.EuclideanDistance -R first-last\\\"\"',-4523450618538717400,2.02604271314E7,4329.0,482.0,441.0,41.0,0.0,91.49377593360995,8.506224066390041,0.0,0.6514023637325806,0.10791189976847769,0.28406331276060026,46.825242588983016,83.71127776173685,272.3366817903761,460.58111960815523,-188.24443781777916,0.565013862635635,0.9555624888136001,-0.39054862617796504,90.68827541542446,0.18814994899465654,33.30005889005776,0.75,48.0,0.05980861244019139,25.0,0.9401913875598086,393.0,0.25,16.0,0.6575342465753424,0.75,0.7007299270072993,0.6533179332693614,0.8770185406698564,0.6636626880111635,0.9149377593360996,0.22474637177629098,0.775253628223709,0.08506224066390042,0.9206018953137202,0.9149377593360996,0.9172689207520116,0.6533179332693614,0.8770185406698564,0.9298184768841148,0.8255765717261405,0.9149377593360996,13.417,0.081,13.39,0.08,13390.0,80.0,415236.0,1043119.0,162156.0,94.19087136929461,57.053941908713696,?
DatasetClassiRealeseNormalizedShuffled,1,2,weka.classifiers.meta.FilteredClassifier,'-F \"weka.filters.MultiFilter -F \\\"weka.filters.supervised.attribute.AttributeSelection -E \\\\\\\"weka.attributeSelection.WrapperSubsetEval -B weka.classifiers.bayes.NaiveBayes -F 5 -T 0.01 -R 1 -E AUC --\\\\\\\" -S \\\\\\\"weka.attributeSelection.GreedyStepwise -B -T -1.7976931348623157E308 -N -1 -num-slots 1\\\\\\\"\\\" -F \\\"weka.filters.supervised.instance.Resample -B 1.0 -S 1 -Z 200.0\\\" -S 1\" -S 1 -W weka.classifiers.lazy.IBk -- -K 1 -W 0 -A \"weka.core.neighboursearch.LinearNNSearch -A \\\"weka.core.EuclideanDistance -R first-last\\\"\"',-4523450618538717400,2.02604271314E7,4330.0,481.0,432.0,49.0,0.0,89.81288981288981,10.187110187110187,0.0,0.5726615052671661,0.13804730925569295,0.3150708834477912,60.20878531235176,93.38681177858926,269.42867131105754,562.7674122701491,-293.3387409590915,0.5601427677984564,1.16999462010426,-0.6098518523058036,33.366734564482535,0.06936951052906971,12.384255321498571,0.6666666666666666,42.0,0.06698564593301436,28.0,0.9330143540669856,390.0,0.3333333333333333,21.0,0.6,0.6666666666666666,0.631578947368421,0.5737316239709219,0.8504404951773373,0.5165470727819721,0.8981288981288982,0.2984478773952458,0.7015521226047541,0.10187110187110188,0.9032065192649135,0.8981288981288982,0.9003796214766947,0.5737316239709219,0.8504404951773373,0.9081708305982351,0.7862357945527267,0.8981288981288982,13.514,0.08,13.48,0.08,13480.0,80.0,413921.0,1043348.0,161927.0,93.13929313929314,59.45945945945946,?
DatasetClassiRealeseNormalizedShuffled,1,3,weka.classifiers.meta.FilteredClassifier,'-F \"weka.filters.MultiFilter -F \\\"weka.filters.supervised.attribute.AttributeSelection -E \\\\\\\"weka.attributeSelection.WrapperSubsetEval -B weka.classifiers.bayes.NaiveBayes -F 5 -T 0.01 -R 1 -E AUC --\\\\\\\" -S \\\\\\\"weka.attributeSelection.GreedyStepwise -B -T -1.7976931348623157E308 -N -1 -num-slots 1\\\\\\\"\\\" -F \\\"weka.filters.supervised.instance.Resample -B 1.0 -S 1 -Z 200.0\\\" -S 1\" -S 1 -W weka.classifiers.lazy.IBk -- -K 1 -W 0 -A \"weka.core.neighboursearch.LinearNNSearch -A \\\"weka.core.EuclideanDistance -R first-last\\\"\"',-4523450618538717400,2.02604271315E7,4330.0,481.0,441.0,40.0,0.0,91.68399168399168,8.316008316008316,0.0,0.6576512455516015,0.12322680581279997,0.2949782291483779,53.42894973067413,86.85143730662652,272.1308087156738,477.4713891089217,-205.34058039324788,0.565760517080403,0.9926640106214588,-0.4269034935410559,57.97847013855842,0.12053735995542292,21.305367963366162,0.75,48.0,0.05755395683453238,24.0,0.9424460431654677,393.0,0.25,16.0,0.6666666666666666,0.75,0.7058823529411765,0.6591982567306901,0.8799273081534772,0.6504401471969299,0.9168399168399168,0.2243938736744492,0.7756061263255508,0.08316008316008316,0.9217332811464841,0.9168399168399168,0.9188830893716239,0.6591982567306901,0.8799273081534772,0.9302969086011716,0.8287281014100556,0.9168399168399168,13.487,0.082,13.46,0.08,13460.0,80.0,440339.0,1043348.0,161927.0,94.17879417879418,58.62785862785863,?
DatasetClassiRealeseNormalizedShuffled,1,4,weka.classifiers.meta.FilteredClassifier,'-F \"weka.filters.MultiFilter -F \\\"weka.filters.supervised.attribute.AttributeSelection -E \\\\\\\"weka.attributeSelection.WrapperSubsetEval -B weka.classifiers.bayes.NaiveBayes -F 5 -T 0.01 -R 1 -E AUC --\\\\\\\" -S \\\\\\\"weka.attributeSelection.GreedyStepwise -B -T -1.7976931348623157E308 -N -1 -num-slots 1\\\\\\\"\\\" -F \\\"weka.filters.supervised.instance.Resample -B 1.0 -S 1 -Z 200.0\\\" -S 1\" -S 1 -W weka.classifiers.lazy.IBk -- -K 1 -W 0 -A \"weka.core.neighboursearch.LinearNNSearch -A \\\"weka.core.EuclideanDistance -R first-last\\\"\"',-4523450618538717400,2.02604271315E7,4330.0,481.0,438.0,43.0,0.0,91.06029106029106,8.93970893970894,0.0,0.6516664701820573,0.11547564832930853,0.28855229982342834,50.06818580590651,84.95942920991394,272.1308087156738,449.69193671433544,-177.56112799866162,0.565760517080403,0.9349104713395747,-0.36914995425917174,81.29855891661684,0.16901987300751942,29.8748088466377,0.796875,51.0,0.07194244604316546,30.0,0.9280575539568345,387.0,0.203125,13.0,0.6296296296296297,0.796875,0.7034482758620689,0.6579351848401984,0.9203949340527577,0.6650769019729624,0.9106029106029107,0.18567035664607606,0.814329643353924,0.0893970893970894,0.922544275044275,0.9106029106029107,0.9149133497590849,0.6579351848401984,0.9203949340527577,0.9398522392550296,0.8254083484573502,0.9106029106029107,13.465,0.081,13.43,0.08,13430.0,80.0,415427.0,1043348.0,161927.0,94.8024948024948,58.523908523908524,?
DatasetClassiRealeseNormalizedShuffled,1,5,weka.classifiers.meta.FilteredClassifier,'-F \"weka.filters.MultiFilter -F \\\"weka.filters.supervised.attribute.AttributeSelection -E \\\\\\\"weka.attributeSelection.WrapperSubsetEval -B weka.classifiers.bayes.NaiveBayes -F 5 -T 0.01 -R 1 -E AUC --\\\\\\\" -S \\\\\\\"weka.attributeSelection.GreedyStepwise -B -T -1.7976931348623157E308 -N -1 -num-slots 1\\\\\\\"\\\" -F \\\"weka.filters.supervised.instance.Resample -B 1.0 -S 1 -Z 200.0\\\" -S 1\" -S 1 -W weka.classifiers.lazy.IBk -- -K 1 -W 0 -A \"weka.core.neighboursearch.LinearNNSearch -A \\\"weka.core.EuclideanDistance -R first-last\\\"\"',-4523450618538717400,2.02604271315E7,4330.0,481.0,439.0,42.0,0.0,91.26819126819127,8.731808731808732,0.0,0.6359606443939886,0.12543995910732447,0.2987401254995808,54.388533608057585,87.9590651679904,272.1308087156738,471.12310662725577,-198.99229791158194,0.565760517080403,0.9794659181439829,-0.41370540106357995,58.64511215437815,0.12192331009226226,21.550339129610055,0.71875,46.0,0.05755395683453238,24.0,0.9424460431654677,393.0,0.28125,18.0,0.6571428571428571,0.71875,0.6865671641791045,0.6368223975299188,0.8684427458033573,0.6543260313053804,0.9126819126819127,0.2514858695164451,0.748514130483555,0.08731808731808732,0.9164124098430668,0.9126819126819127,0.9143204253522228,0.6368223975299188,0.8684427458033573,0.9287382021686602,0.8179212632489725,0.9126819126819127,13.471,0.081,13.44,0.08,13440.0,80.0,440549.0,1043348.0,161927.0,94.38669438669439,58.93970893970894,?
DatasetClassiRealeseNormalizedShuffled,1,6,weka.classifiers.meta.FilteredClassifier,'-F \"weka.filters.MultiFilter -F \\\"weka.filters.supervised.attribute.AttributeSelection -E \\\\\\\"weka.attributeSelection.WrapperSubsetEval -B weka.classifiers.bayes.NaiveBayes -F 5 -T 0.01 -R 1 -E AUC --\\\\\\\" -S \\\\\\\"weka.attributeSelection.GreedyStepwise -B -T -1.7976931348623157E308 -N -1 -num-slots 1\\\\\\\"\\\" -F \\\"weka.filters.supervised.instance.Resample -B 1.0 -S 1 -Z 200.0\\\" -S 1\" -S 1 -W weka.classifiers.lazy.IBk -- -K 1 -W 0 -A \"weka.core.neighboursearch.LinearNNSearch -A \\\"weka.core.EuclideanDistance -R first-last\\\"\"',-4523450618538717400,2.02604271315E7,4330.0,481.0,432.0,49.0,0.0,89.81288981288981,10.187110187110187,0.0,0.6122818273042823,0.14310901122227937,0.31840958796365554,62.04952011997549,93.75041150221199,272.1308087156738,579.5127495413377,-307.3819408256639,0.565760517080403,1.2048082111046523,-0.6390476940242492,26.016484006490366,0.05408832433781781,9.560286146679099,0.78125,50.0,0.08393285371702638,35.0,0.9160671462829736,382.0,0.21875,14.0,0.5882352941176471,0.78125,0.6711409395973155,0.6209137864899618,0.879871103117506,0.5629034886031611,0.8981288981288982,0.2008117518459245,0.7991882481540754,0.10187110187110188,0.9145626498567675,0.8981288981288982,0.9039920557293449,0.6209137864899618,0.879871103117506,0.9190047978298433,0.8054351684456442,0.8981288981288982,13.474,0.081,13.45,0.08,13450.0,80.0,413897.0,1043348.0,161927.0,93.13929313929314,60.08316008316008,?
DatasetClassiRealeseNormalizedShuffled,1,7,weka.classifiers.meta.FilteredClassifier,'-F \"weka.filters.MultiFilter -F \\\"weka.filters.supervised.attribute.AttributeSelection -E \\\\\\\"weka.attributeSelection.WrapperSubsetEval -B weka.classifiers.bayes.NaiveBayes -F 5 -T 0.01 -R 1 -E AUC --\\\\\\\" -S \\\\\\\"weka.attributeSelection.GreedyStepwise -B -T -1.7976931348623157E308 -N -1 -num-slots 1\\\\\\\"\\\" -F \\\"weka.filters.supervised.instance.Resample -B 1.0 -S 1 -Z 200.0\\\" -S 1\" -S 1 -W weka.classifiers.lazy.IBk -- -K 1 -W 0 -A \"weka.core.neighboursearch.LinearNNSearch -A \\\"weka.core.EuclideanDistance -R first-last\\\"\"',-4523450618538717400,2.02604271316E7,4330.0,481.0,436.0,45.0,0.0,90.64449064449065,9.355509355509355,0.0,0.6480201642409954,0.12075056625522614,0.2984924002901189,52.35529633221059,87.88612659702886,272.1308087156738,521.6113734159329,-249.4805647002591,0.565760517080403,1.0844311297628544,-0.5186706126824513,69.1694024310734,0.14380333145753305,25.417703624782366,0.828125,53.0,0.0815347721822542,34.0,0.9184652278177458,383.0,0.171875,11.0,0.6091954022988506,0.828125,0.7019867549668874,0.6587681265655597,0.9169289568345323,0.5895926646062923,0.9064449064449065,0.15985467862716063,0.8401453213728393,0.09355509355509356,0.923797034859524,0.9064449064449065,0.9122433497050723,0.6587681265655597,0.9169289568345323,0.9311199325207588,0.8232498509729629,0.9064449064449065,13.46,0.081,13.43,0.09,13430.0,90.0,414429.0,1043348.0,161927.0,93.76299376299376,57.7962577962578,?
DatasetClassiRealeseNormalizedShuffled,1,8,weka.classifiers.meta.FilteredClassifier,'-F \"weka.filters.MultiFilter -F \\\"weka.filters.supervised.attribute.AttributeSelection -E \\\\\\\"weka.attributeSelection.WrapperSubsetEval -B weka.classifiers.bayes.NaiveBayes -F 5 -T 0.01 -R 1 -E AUC --\\\\\\\" -S \\\\\\\"weka.attributeSelection.GreedyStepwise -B -T -1.7976931348623157E308 -N -1 -num-slots 1\\\\\\\"\\\" -F \\\"weka.filters.supervised.instance.Resample -B 1.0 -S 1 -Z 200.0\\\" -S 1\" -S 1 -W weka.classifiers.lazy.IBk -- -K 1 -W 0 -A \"weka.core.neighboursearch.LinearNNSearch -A \\\"weka.core.EuclideanDistance -R first-last\\\"\"',-4523450618538717400,2.02604271316E7,4330.0,481.0,439.0,42.0,0.0,91.26819126819127,8.731808731808732,0.0,0.6577324478178368,0.12058037840512896,0.2957809683387187,52.28150590952101,87.08779052043737,272.1308087156738,473.88060639328376,-201.74979767760993,0.565760517080403,0.9851987658904028,-0.41943824880999986,69.6633453117787,0.14483023973342765,25.5992129816378,0.796875,51.0,0.06954436450839328,29.0,0.9304556354916067,388.0,0.203125,13.0,0.6375,0.796875,0.7083333333333333,0.663395796426196,0.8837492505995204,0.6591296229997597,0.9126819126819127,0.18535127719030597,0.814648722809694,0.08731808731808732,0.9236617396218394,0.9126819126819127,0.9166789509087796,0.663395796426196,0.8837492505995204,0.9325598543455911,0.8284942950285248,0.9126819126819127,13.486,0.08,13.45,0.09,13450.0,90.0,413700.0,1043348.0,161927.0,94.38669438669439,58.62785862785863,?
DatasetClassiRealeseNormalizedShuffled,1,9,weka.classifiers.meta.FilteredClassifier,'-F \"weka.filters.MultiFilter -F \\\"weka.filters.supervised.attribute.AttributeSelection -E \\\\\\\"weka.attributeSelection.WrapperSubsetEval -B weka.classifiers.bayes.NaiveBayes -F 5 -T 0.01 -R 1 -E AUC --\\\\\\\" -S \\\\\\\"weka.attributeSelection.GreedyStepwise -B -T -1.7976931348623157E308 -N -1 -num-slots 1\\\\\\\"\\\" -F \\\"weka.filters.supervised.instance.Resample -B 1.0 -S 1 -Z 200.0\\\" -S 1\" -S 1 -W weka.classifiers.lazy.IBk -- -K 1 -W 0 -A \"weka.core.neighboursearch.LinearNNSearch -A \\\"weka.core.EuclideanDistance -R first-last\\\"\"',-4523450618538717400,2.02604271316E7,4330.0,481.0,441.0,40.0,0.0,91.68399168399168,8.316008316008316,0.0,0.6442439258903148,0.11576356268935972,0.2861180451995321,50.1930203479402,84.24270339097446,272.1308087156738,458.89549230512046,-186.76468358944663,0.565760517080403,0.954044682547028,-0.38828416546662503,77.94209139430735,0.16204177005053505,28.641406594922657,0.703125,45.0,0.050359712230215826,21.0,0.9496402877697842,396.0,0.296875,19.0,0.6818181818181818,0.703125,0.6923076923076923,0.6443458713922129,0.8975756894484412,0.6364228189667923,0.9168399168399168,0.2640746290701327,0.7359253709298674,0.08316008316008316,0.9179725517074915,0.9168399168399168,0.9173796577642732,0.6443458713922129,0.8975756894484412,0.9327096427958472,0.8221153846153846,0.9168399168399168,13.49,0.082,13.46,0.08,13460.0,80.0,439123.0,1043348.0,161927.0,94.38669438669439,58.21205821205821,?
DatasetClassiRealeseNormalizedShuffled,1,10,weka.classifiers.meta.FilteredClassifier,'-F \"weka.filters.MultiFilter -F \\\"weka.filters.supervised.attribute.AttributeSelection -E \\\\\\\"weka.attributeSelection.WrapperSubsetEval -B weka.classifiers.bayes.NaiveBayes -F 5 -T 0.01 -R 1 -E AUC --\\\\\\\" -S \\\\\\\"weka.attributeSelection.GreedyStepwise -B -T -1.7976931348623157E308 -N -1 -num-slots 1\\\\\\\"\\\" -F \\\"weka.filters.supervised.instance.Resample -B 1.0 -S 1 -Z 200.0\\\" -S 1\" -S 1 -W weka.classifiers.lazy.IBk -- -K 1 -W 0 -A \"weka.core.neighboursearch.LinearNNSearch -A \\\"weka.core.EuclideanDistance -R first-last\\\"\"',-4523450618538717400,2.02604271316E7,4330.0,481.0,454.0,27.0,0.0,94.38669438669439,5.613305613305613,0.0,0.767453936648343,0.05697273950876801,0.23304720641702814,24.70236581362858,68.61687689986009,272.1308087156738,374.91129368855223,-102.78048497287841,0.565760517080403,0.7794413590198591,-0.21368084193945616,185.4489010851927,0.3855486509047665,68.14697018702955,0.84375,54.0,0.0407673860911271,17.0,0.9592326139088729,400.0,0.15625,10.0,0.7605633802816901,0.84375,0.8,0.768852540698998,0.913238159472422,0.75374180860306,0.9438669438669439,0.14088432995807096,0.859115670041929,0.056133056133056136,0.9469965169037652,0.9438669438669439,0.9450846809976193,0.7688525406989981,0.913238159472422,0.9486076303283971,0.8836759371221282,0.9438669438669439,11.73,0.089,11.71,0.08,11710.0,80.0,644039.0,1043348.0,161927.0,94.8024948024948,50.727650727650726,?
DatasetClassiRealeseNormalizedShuffled,2,1,weka.classifiers.meta.FilteredClassifier,'-F \"weka.filters.MultiFilter -F \\\"weka.filters.supervised.attribute.AttributeSelection -E \\\\\\\"weka.attributeSelection.WrapperSubsetEval -B weka.classifiers.bayes.NaiveBayes -F 5 -T 0.01 -R 1 -E AUC --\\\\\\\" -S \\\\\\\"weka.attributeSelection.GreedyStepwise -B -T -1.7976931348623157E308 -N -1 -num-slots 1\\\\\\\"\\\" -F \\\"weka.filters.supervised.instance.Resample -B 1.0 -S 1 -Z 200.0\\\" -S 1\" -S 1 -W weka.classifiers.lazy.IBk -- -K 1 -W 0 -A \"weka.core.neighboursearch.LinearNNSearch -A \\\"weka.core.EuclideanDistance -R first-last\\\"\"',-4523450618538717400,2.02604271316E7,4329.0,482.0,442.0,40.0,0.0,91.70124481327801,8.298755186721992,0.0,0.6661587477489956,0.11660909197201161,0.28983204569928345,50.59913717935932,85.41127907718433,272.3366817903761,496.7149881047922,-224.37830631441614,0.565013862635635,1.0305290209642992,-0.4655151583286642,78.86854872565108,0.16362769445155825,28.959943334536938,0.78125,50.0,0.06220095693779904,26.0,0.937799043062201,392.0,0.21875,14.0,0.6578947368421053,0.78125,0.7142857142857143,0.6695250453669546,0.9022689892344498,0.6528863364179169,0.91701244813278,0.19796340507057913,0.8020365949294209,0.08298755186721991,0.9246710996980217,0.91701244813278,0.9199647792082228,0.6695250453669546,0.9022689892344499,0.9362691138503241,0.832871012482663,0.91701244813278,13.523,0.08,13.49,0.08,13490.0,80.0,415673.0,1043119.0,162156.0,93.98340248962656,58.40248962655602,?
DatasetClassiRealeseNormalizedShuffled,2,2,weka.classifiers.meta.FilteredClassifier,'-F \"weka.filters.MultiFilter -F \\\"weka.filters.supervised.attribute.AttributeSelection -E \\\\\\\"weka.attributeSelection.WrapperSubsetEval -B weka.classifiers.bayes.NaiveBayes -F 5 -T 0.01 -R 1 -E AUC --\\\\\\\" -S \\\\\\\"weka.attributeSelection.GreedyStepwise -B -T -1.7976931348623157E308 -N -1 -num-slots 1\\\\\\\"\\\" -F \\\"weka.filters.supervised.instance.Resample -B 1.0 -S 1 -Z 200.0\\\" -S 1\" -S 1 -W weka.classifiers.lazy.IBk -- -K 1 -W 0 -A \"weka.core.neighboursearch.LinearNNSearch -A \\\"weka.core.EuclideanDistance -R first-last\\\"\"',-4523450618538717400,2.0260427131699998E7,4330.0,481.0,456.0,25.0,0.0,94.8024948024948,5.197505197505198,0.0,0.7762082891333075,0.05376576680380081,0.22876797874073598,23.449725518721138,67.80668507938952,269.42867131105754,368.3351468733837,-98.90647556232614,0.5601427677984564,0.7657695361193008,-0.20562676832084437,189.1426928454918,0.3932280516538291,70.2013976185649,0.8253968253968254,52.0,0.03349282296650718,14.0,0.9665071770334929,404.0,0.1746031746031746,11.0,0.7878787878787878,0.8253968253968254,0.8062015503875969,0.7764883379553859,0.8975848712690818,0.6381060840348477,0.9480249480249481,0.1561209455946298,0.8438790544053703,0.05197505197505198,0.949182631110342,0.9480249480249481,0.948535716563858,0.7764883379553859,0.8975848712690818,0.9318001993576789,0.8880947727928381,0.9480249480249481,12.176,0.089,12.14,0.09,12140.0,90.0,622912.0,1043348.0,161927.0,94.8024948024948,50.41580041580042,?
DatasetClassiRealeseNormalizedShuffled,2,3,weka.classifiers.meta.FilteredClassifier,'-F \"weka.filters.MultiFilter -F \\\"weka.filters.supervised.attribute.AttributeSelection -E \\\\\\\"weka.attributeSelection.WrapperSubsetEval -B weka.classifiers.bayes.NaiveBayes -F 5 -T 0.01 -R 1 -E AUC --\\\\\\\" -S \\\\\\\"weka.attributeSelection.GreedyStepwise -B -T -1.7976931348623157E308 -N -1 -num-slots 1\\\\\\\"\\\" -F \\\"weka.filters.supervised.instance.Resample -B 1.0 -S 1 -Z 200.0\\\" -S 1\" -S 1 -W weka.classifiers.lazy.IBk -- -K 1 -W 0 -A \"weka.core.neighboursearch.LinearNNSearch -A \\\"weka.core.EuclideanDistance -R first-last\\\"\"',-4523450618538717400,2.0260427131699998E7,4330.0,481.0,440.0,41.0,0.0,91.47609147609148,8.523908523908524,0.0,0.6717707171745754,0.1166546720910234,0.2872024931354382,50.57938952396467,84.56200106317749,272.1308087156738,459.47838521646213,-187.3475765007883,0.565760517080403,0.9552565181215429,-0.3894960010411399,77.24452037681162,0.16059151845490982,28.385069938008304,0.828125,53.0,0.07194244604316546,30.0,0.9280575539568345,387.0,0.171875,11.0,0.6385542168674698,0.828125,0.7210884353741497,0.6796793661189239,0.9147744304556354,0.6002125975626612,0.9147609147609148,0.15857836080408022,0.8414216391959198,0.08523908523908524,0.9279466616452752,0.9147609147609148,0.9192759786975389,0.6796793661189239,0.9147744304556354,0.9316693025466518,0.8353908434539461,0.9147609147609148,13.412,0.081,13.38,0.08,13380.0,80.0,412732.0,1043348.0,161927.0,94.5945945945946,58.83575883575884,?
DatasetClassiRealeseNormalizedShuffled,2,4,weka.classifiers.meta.FilteredClassifier,'-F \"weka.filters.MultiFilter -F \\\"weka.filters.supervised.attribute.AttributeSelection -E \\\\\\\"weka.attributeSelection.WrapperSubsetEval -B weka.classifiers.bayes.NaiveBayes -F 5 -T 0.01 -R 1 -E AUC --\\\\\\\" -S \\\\\\\"weka.attributeSelection.GreedyStepwise -B -T -1.7976931348623157E308 -N -1 -num-slots 1\\\\\\\"\\\" -F \\\"weka.filters.supervised.instance.Resample -B 1.0 -S 1 -Z 200.0\\\" -S 1\" -S 1 -W weka.classifiers.lazy.IBk -- -K 1 -W 0 -A \"weka.core.neighboursearch.LinearNNSearch -A \\\"weka.core.EuclideanDistance -R first-last\\\"\"',-4523450618538717400,2.0260427131699998E7,4330.0,481.0,438.0,43.0,0.0,91.06029106029106,8.93970893970894,0.0,0.6474749024219804,0.11416652805184685,0.2844091044245255,49.500574554161794,83.7395341807933,272.1308087156738,386.0873413717567,-113.95653265608286,0.565760517080403,0.8026763853882676,-0.23691586830786457,80.02775488342886,0.16637786878051736,29.40782606023965,0.78125,50.0,0.06954436450839328,29.0,0.9304556354916067,388.0,0.21875,14.0,0.6329113924050633,0.78125,0.6993006993006993,0.6524268819885628,0.9197392086330936,0.71192296607163,0.9106029106029107,0.1988972751113039,0.801102724888696,0.0893970893970894,0.9209645344162631,0.9106029106029107,0.9144729144729145,0.6524268819885628,0.9197392086330936,0.9466340853046848,0.8233988233988234,0.9106029106029107,13.46,0.081,13.43,0.08,13430.0,80.0,413831.0,1043348.0,161927.0,95.63409563409563,58.93970893970894,?
DatasetClassiRealeseNormalizedShuffled,2,5,weka.classifiers.meta.FilteredClassifier,'-F \"weka.filters.MultiFilter -F \\\"weka.filters.supervised.attribute.AttributeSelection -E \\\\\\\"weka.attributeSelection.WrapperSubsetEval -B weka.classifiers.bayes.NaiveBayes -F 5 -T 0.01 -R 1 -E AUC --\\\\\\\" -S \\\\\\\"weka.attributeSelection.GreedyStepwise -B -T -1.7976931348623157E308 -N -1 -num-slots 1\\\\\\\"\\\" -F \\\"weka.filters.supervised.instance.Resample -B 1.0 -S 1 -Z 200.0\\\" -S 1\" -S 1 -W weka.classifiers.lazy.IBk -- -K 1 -W 0 -A \"weka.core.neighboursearch.LinearNNSearch -A \\\"weka.core.EuclideanDistance -R first-last\\\"\"',-4523450618538717400,2.0260427131699998E7,4330.0,481.0,435.0,46.0,0.0,90.43659043659044,9.563409563409563,0.0,0.6012902295743684,0.12403588294813296,0.3064866642608359,53.77975117608053,90.2399047659123,272.1308087156738,553.2709481876611,-281.1401394719873,0.565760517080403,1.150251451533599,-0.5844909344531961,71.07234318391593,0.14775954923891046,26.116977904612533,0.6875,44.0,0.06235011990407674,26.0,0.9376498800959233,391.0,0.3125,20.0,0.6285714285714286,0.6875,0.6567164179104478,0.6021050028555573,0.8540167865707434,0.5609123596770375,0.9043659043659044,0.2792160242699811,0.720783975730019,0.09563409563409564,0.9083921010928311,0.9043659043659044,0.9061604658619584,0.6021050028555573,0.8540167865707434,0.9125307754007072,0.800580431177446,0.9043659043659044,13.464,0.081,13.43,0.08,13430.0,80.0,416540.0,1043348.0,161927.0,93.13929313929314,58.316008316008315,?
DatasetClassiRealeseNormalizedShuffled,2,6,weka.classifiers.meta.FilteredClassifier,'-F \"weka.filters.MultiFilter -F \\\"weka.filters.supervised.attribute.AttributeSelection -E \\\\\\\"weka.attributeSelection.WrapperSubsetEval -B weka.classifiers.bayes.NaiveBayes -F 5 -T 0.01 -R 1 -E AUC --\\\\\\\" -S \\\\\\\"weka.attributeSelection.GreedyStepwise -B -T -1.7976931348623157E308 -N -1 -num-slots 1\\\\\\\"\\\" -F \\\"weka.filters.supervised.instance.Resample -B 1.0 -S 1 -Z 200.0\\\" -S 1\" -S 1 -W weka.classifiers.lazy.IBk -- -K 1 -W 0 -A \"weka.core.neighboursearch.LinearNNSearch -A \\\"weka.core.EuclideanDistance -R first-last\\\"\"',-4523450618538717400,2.02604271318E7,4330.0,481.0,434.0,47.0,0.0,90.22869022869023,9.771309771309772,0.0,0.6192633511292253,0.12379164617625563,0.3003642503025849,53.673854458877294,88.43726172477865,272.1308087156738,482.4121231224225,-210.28131440674866,0.565760517080403,1.0029358069073233,-0.4371752898269203,63.96645685965168,0.13298639679761265,23.505775462007595,0.765625,49.0,0.07673860911270983,32.0,0.9232613908872902,385.0,0.234375,15.0,0.6049382716049383,0.765625,0.6758620689655173,0.6252203635337287,0.9031399880095923,0.6909706338144747,0.9022869022869023,0.2134005113996121,0.786599488600388,0.09771309771309772,0.9149242190908858,0.9022869022869023,0.906998312527372,0.6252203635337288,0.9031399880095923,0.9389664553872022,0.8091672645929178,0.9022869022869023,13.473,0.081,13.44,0.08,13440.0,80.0,413820.0,1043348.0,161927.0,94.38669438669439,58.21205821205821,?
DatasetClassiRealeseNormalizedShuffled,2,7,weka.classifiers.meta.FilteredClassifier,'-F \"weka.filters.MultiFilter -F \\\"weka.filters.supervised.attribute.AttributeSelection -E \\\\\\\"weka.attributeSelection.WrapperSubsetEval -B weka.classifiers.bayes.NaiveBayes -F 5 -T 0.01 -R 1 -E AUC --\\\\\\\" -S \\\\\\\"weka.attributeSelection.GreedyStepwise -B -T -1.7976931348623157E308 -N -1 -num-slots 1\\\\\\\"\\\" -F \\\"weka.filters.supervised.instance.Resample -B 1.0 -S 1 -Z 200.0\\\" -S 1\" -S 1 -W weka.classifiers.lazy.IBk -- -K 1 -W 0 -A \"weka.core.neighboursearch.LinearNNSearch -A \\\"weka.core.EuclideanDistance -R first-last\\\"\"',-4523450618538717400,2.02604271318E7,4330.0,481.0,441.0,40.0,0.0,91.68399168399168,8.316008316008316,0.0,0.6618985695708712,0.13208767326026094,0.298071478600227,57.270864144488975,87.76219320077045,272.1308087156738,490.9965321134831,-218.8657233978093,0.565760517080403,1.0207828110467425,-0.4550222939663395,38.92718320621017,0.08092969481540575,14.304585133130532,0.765625,49.0,0.05995203836930456,25.0,0.9400479616306955,392.0,0.234375,15.0,0.6621621621621622,0.765625,0.7101449275362318,0.6642757944139283,0.8918240407673861,0.5930590664477569,0.9168399168399168,0.2111669552092214,0.7888330447907786,0.08316008316008316,0.923097355529788,0.9168399168399168,0.9193483511761266,0.6642757944139283,0.8918240407673861,0.9261001751475797,0.8308006191079218,0.9168399168399168,13.445,0.081,13.42,0.08,13420.0,80.0,414784.0,1043348.0,161927.0,94.17879417879418,60.187110187110186,?
DatasetClassiRealeseNormalizedShuffled,2,8,weka.classifiers.meta.FilteredClassifier,'-F \"weka.filters.MultiFilter -F \\\"weka.filters.supervised.attribute.AttributeSelection -E \\\\\\\"weka.attributeSelection.WrapperSubsetEval -B weka.classifiers.bayes.NaiveBayes -F 5 -T 0.01 -R 1 -E AUC --\\\\\\\" -S \\\\\\\"weka.attributeSelection.GreedyStepwise -B -T -1.7976931348623157E308 -N -1 -num-slots 1\\\\\\\"\\\" -F \\\"weka.filters.supervised.instance.Resample -B 1.0 -S 1 -Z 200.0\\\" -S 1\" -S 1 -W weka.classifiers.lazy.IBk -- -K 1 -W 0 -A \"weka.core.neighboursearch.LinearNNSearch -A \\\"weka.core.EuclideanDistance -R first-last\\\"\"',-4523450618538717400,2.02604271318E7,4330.0,481.0,432.0,49.0,0.0,89.81288981288981,10.187110187110187,0.0,0.5725685061932141,0.1367114074888673,0.31689494891022957,59.275633009824155,93.30445120483483,272.1308087156738,552.8821032881991,-280.7512945725253,0.565760517080403,1.1494430421792081,-0.5836825250988051,44.91286562782944,0.09337394101419842,16.5041458700676,0.65625,42.0,0.06474820143884892,27.0,0.935251798561151,390.0,0.34375,22.0,0.6086956521739131,0.65625,0.6315789473684211,0.5731138853153347,0.889201139088729,0.5546668338919807,0.8981288981288982,0.30662709956774703,0.6933729004322529,0.10187110187110188,0.9016414375215558,0.8981288981288982,0.8997365576630386,0.5731138853153347,0.889201139088729,0.9211195474193001,0.7862357945527269,0.8981288981288982,13.469,0.082,13.43,0.08,13430.0,80.0,416715.0,1043348.0,161927.0,93.13929313929314,58.93970893970894,?
DatasetClassiRealeseNormalizedShuffled,2,9,weka.classifiers.meta.FilteredClassifier,'-F \"weka.filters.MultiFilter -F \\\"weka.filters.supervised.attribute.AttributeSelection -E \\\\\\\"weka.attributeSelection.WrapperSubsetEval -B weka.classifiers.bayes.NaiveBayes -F 5 -T 0.01 -R 1 -E AUC --\\\\\\\" -S \\\\\\\"weka.attributeSelection.GreedyStepwise -B -T -1.7976931348623157E308 -N -1 -num-slots 1\\\\\\\"\\\" -F \\\"weka.filters.supervised.instance.Resample -B 1.0 -S 1 -Z 200.0\\\" -S 1\" -S 1 -W weka.classifiers.lazy.IBk -- -K 1 -W 0 -A \"weka.core.neighboursearch.LinearNNSearch -A \\\"weka.core.EuclideanDistance -R first-last\\\"\"',-4523450618538717400,2.02604271318E7,4330.0,481.0,450.0,31.0,0.0,93.55509355509355,6.444906444906445,0.0,0.7395867898496308,0.06448882961318318,0.24644388616046664,27.96120870670877,72.56130660985383,272.1308087156738,382.35340606325013,-110.22259734757631,0.565760517080403,0.7949135261190231,-0.22915300903862018,172.18194817180972,0.35796662821582065,63.27175852834359,0.84375,54.0,0.050359712230215826,21.0,0.9496402877697842,396.0,0.15625,10.0,0.72,0.84375,0.776978417266187,0.7427646831201355,0.9177345623501199,0.6840396158431996,0.9355509355509356,0.14216064778115137,0.8578393522188487,0.06444906444906445,0.9413909855289165,0.9355509355509356,0.9376703738269164,0.7427646831201355,0.9177345623501199,0.9407731158420428,0.869655672788622,0.9355509355509356,12.14,0.089,12.11,0.09,12110.0,90.0,618411.0,1043348.0,161927.0,95.01039501039502,51.143451143451145,?
DatasetClassiRealeseNormalizedShuffled,2,10,weka.classifiers.meta.FilteredClassifier,'-F \"weka.filters.MultiFilter -F \\\"weka.filters.supervised.attribute.AttributeSelection -E \\\\\\\"weka.attributeSelection.WrapperSubsetEval -B weka.classifiers.bayes.NaiveBayes -F 5 -T 0.01 -R 1 -E AUC --\\\\\\\" -S \\\\\\\"weka.attributeSelection.GreedyStepwise -B -T -1.7976931348623157E308 -N -1 -num-slots 1\\\\\\\"\\\" -F \\\"weka.filters.supervised.instance.Resample -B 1.0 -S 1 -Z 200.0\\\" -S 1\" -S 1 -W weka.classifiers.lazy.IBk -- -K 1 -W 0 -A \"weka.core.neighboursearch.LinearNNSearch -A \\\"weka.core.EuclideanDistance -R first-last\\\"\"',-4523450618538717400,2.02604271318E7,4330.0,481.0,430.0,51.0,0.0,89.3970893970894,10.602910602910603,0.0,0.5868602320763934,0.13671707159021831,0.3190884868765431,59.27808886335665,93.95030200443794,272.1308087156738,576.7823345521798,-304.651525836506,0.565760517080403,1.1991316726656545,-0.6333711555852515,41.429828067934075,0.08613269868593362,15.22423288398064,0.734375,47.0,0.0815347721822542,34.0,0.9184652278177458,383.0,0.265625,17.0,0.5802469135802469,0.734375,0.6482758620689656,0.5925055422272589,0.8825689448441247,0.5897642304532356,0.893970893970894,0.24113066615314815,0.7588693338468517,0.10602910602910603,0.9073041631374965,0.893970893970894,0.8990832752956587,0.5925055422272589,0.8825689448441247,0.9231985082801909,0.7929261807284852,0.893970893970894,13.354,0.083,13.33,0.09,13330.0,90.0,441333.0,1043348.0,161927.0,92.93139293139293,58.83575883575884,?
DatasetClassiRealeseNormalizedShuffled,3,1,weka.classifiers.meta.FilteredClassifier,'-F \"weka.filters.MultiFilter -F \\\"weka.filters.supervised.attribute.AttributeSelection -E \\\\\\\"weka.attributeSelection.WrapperSubsetEval -B weka.classifiers.bayes.NaiveBayes -F 5 -T 0.01 -R 1 -E AUC --\\\\\\\" -S \\\\\\\"weka.attributeSelection.GreedyStepwise -B -T -1.7976931348623157E308 -N -1 -num-slots 1\\\\\\\"\\\" -F \\\"weka.filters.supervised.instance.Resample -B 1.0 -S 1 -Z 200.0\\\" -S 1\" -S 1 -W weka.classifiers.lazy.IBk -- -K 1 -W 0 -A \"weka.core.neighboursearch.LinearNNSearch -A \\\"weka.core.EuclideanDistance -R first-last\\\"\"',-4523450618538717400,2.0260427131899998E7,4329.0,482.0,442.0,40.0,0.0,91.70124481327801,8.298755186721992,0.0,0.6661587477489956,0.12689317508544634,0.30571928329693343,55.06161710627201,90.09312604460466,272.3366817903761,547.8973101965383,-275.56062840616227,0.565013862635635,1.1367164111961376,-0.5717025485605026,56.71676437010032,0.11766963562261477,20.82597320244819,0.78125,50.0,0.06220095693779904,26.0,0.937799043062201,392.0,0.21875,14.0,0.6578947368421053,0.78125,0.7142857142857143,0.6695250453669546,0.888419557416268,0.5930522356342706,0.91701244813278,0.19796340507057913,0.8020365949294209,0.08298755186721991,0.9246710996980217,0.91701244813278,0.9199647792082228,0.6695250453669546,0.8884195574162679,0.9244113269454192,0.832871012482663,0.91701244813278,13.42,0.082,13.39,0.08,13390.0,80.0,440984.0,1043119.0,162156.0,93.3609958506224,58.19502074688797,?
DatasetClassiRealeseNormalizedShuffled,3,2,weka.classifiers.meta.FilteredClassifier,'-F \"weka.filters.MultiFilter -F \\\"weka.filters.supervised.attribute.AttributeSelection -E \\\\\\\"weka.attributeSelection.WrapperSubsetEval -B weka.classifiers.bayes.NaiveBayes -F 5 -T 0.01 -R 1 -E AUC --\\\\\\\" -S \\\\\\\"weka.attributeSelection.GreedyStepwise -B -T -1.7976931348623157E308 -N -1 -num-slots 1\\\\\\\"\\\" -F \\\"weka.filters.supervised.instance.Resample -B 1.0 -S 1 -Z 200.0\\\" -S 1\" -S 1 -W weka.classifiers.lazy.IBk -- -K 1 -W 0 -A \"weka.core.neighboursearch.LinearNNSearch -A \\\"weka.core.EuclideanDistance -R first-last\\\"\"',-4523450618538717400,2.0260427131899998E7,4330.0,481.0,440.0,41.0,0.0,91.47609147609148,8.523908523908524,0.0,0.6230191348230844,0.1138844342042116,0.28226716306171457,49.670243385328824,83.66380967884228,269.42867131105754,413.4133109992744,-143.98463968821687,0.5601427677984564,0.8594871330546245,-0.29934436525616814,75.15781793877413,0.15625325974797116,27.895256125879726,0.6666666666666666,42.0,0.04784688995215311,20.0,0.9521531100478469,398.0,0.3333333333333333,21.0,0.6774193548387096,0.6666666666666666,0.6719999999999999,0.6230454720368045,0.8680413154097365,0.657288095388167,0.9147609147609148,0.29594113804640115,0.7040588619535987,0.08523908523908524,0.9141944671238689,0.9147609147609148,0.9144708778257165,0.6230454720368045,0.8680413154097366,0.9296273744967026,0.8115077658303465,0.9147609147609148,13.426,0.081,13.39,0.08,13390.0,80.0,414813.0,1043348.0,161927.0,95.01039501039502,58.523908523908524,?
DatasetClassiRealeseNormalizedShuffled,3,3,weka.classifiers.meta.FilteredClassifier,'-F \"weka.filters.MultiFilter -F \\\"weka.filters.supervised.attribute.AttributeSelection -E \\\\\\\"weka.attributeSelection.WrapperSubsetEval -B weka.classifiers.bayes.NaiveBayes -F 5 -T 0.01 -R 1 -E AUC --\\\\\\\" -S \\\\\\\"weka.attributeSelection.GreedyStepwise -B -T -1.7976931348623157E308 -N -1 -num-slots 1\\\\\\\"\\\" -F \\\"weka.filters.supervised.instance.Resample -B 1.0 -S 1 -Z 200.0\\\" -S 1\" -S 1 -W weka.classifiers.lazy.IBk -- -K 1 -W 0 -A \"weka.core.neighboursearch.LinearNNSearch -A \\\"weka.core.EuclideanDistance -R first-last\\\"\"',-4523450618538717400,2.0260427131899998E7,4330.0,481.0,452.0,29.0,0.0,93.97089397089397,6.029106029106029,0.0,0.7470303404000656,0.06120327568194482,0.23880177753624768,26.5366510005208,70.31121473024966,272.1308087156738,380.8597959205373,-108.72898720486347,0.565760517080403,0.7918083075271045,-0.22604779044670162,180.05155868232177,0.3743275648281118,66.16360695508101,0.8125,52.0,0.0407673860911271,17.0,0.9592326139088729,400.0,0.1875,12.0,0.7536231884057971,0.8125,0.7819548872180452,0.7477418967410765,0.9096785071942446,0.6462687877826716,0.9397089397089398,0.1679763258000668,0.8320236741999332,0.060291060291060294,0.9419672619334923,0.9397089397089398,0.9406604116781249,0.7477418967410765,0.9096785071942446,0.9337798291208704,0.8734864906536547,0.9397089397089398,11.792,0.088,11.76,0.09,11760.0,90.0,642942.0,1043348.0,161927.0,94.8024948024948,51.143451143451145,?
DatasetClassiRealeseNormalizedShuffled,3,4,weka.classifiers.meta.FilteredClassifier,'-F \"weka.filters.MultiFilter -F \\\"weka.filters.supervised.attribute.AttributeSelection -E \\\\\\\"weka.attributeSelection.WrapperSubsetEval -B weka.classifiers.bayes.NaiveBayes -F 5 -T 0.01 -R 1 -E AUC --\\\\\\\" -S \\\\\\\"weka.attributeSelection.GreedyStepwise -B -T -1.7976931348623157E308 -N -1 -num-slots 1\\\\\\\"\\\" -F \\\"weka.filters.supervised.instance.Resample -B 1.0 -S 1 -Z 200.0\\\" -S 1\" -S 1 -W weka.classifiers.lazy.IBk -- -K 1 -W 0 -A \"weka.core.neighboursearch.LinearNNSearch -A \\\"weka.core.EuclideanDistance -R first-last\\\"\"',-4523450618538717400,2.0260427131899998E7,4330.0,481.0,459.0,22.0,0.0,95.42619542619542,4.573804573804574,0.0,0.8117081850533808,0.047780111766982505,0.214086642991603,20.71660604107721,63.034254106320674,272.1308087156738,313.65299898982477,-41.522190274150944,0.565760517080403,0.6520852369850827,-0.08632471990467971,198.55927452724046,0.41280514454727746,72.96464353460912,0.890625,57.0,0.03597122302158273,15.0,0.9640287769784173,402.0,0.109375,7.0,0.7916666666666666,0.890625,0.8382352941176471,0.8136175886239345,0.9394859112709832,0.7488237839571303,0.9542619542619543,0.09960817728353699,0.900391822716463,0.04573804573804574,0.9574423021855785,0.9542619542619543,0.955385699154393,0.8136175886239345,0.9394859112709832,0.9538718183486407,0.9058004557755306,0.9542619542619543,12.091,0.088,12.06,0.09,12060.0,90.0,620078.0,1043348.0,161927.0,95.63409563409563,50.41580041580042,?
DatasetClassiRealeseNormalizedShuffled,3,5,weka.classifiers.meta.FilteredClassifier,'-F \"weka.filters.MultiFilter -F \\\"weka.filters.supervised.attribute.AttributeSelection -E \\\\\\\"weka.attributeSelection.WrapperSubsetEval -B weka.classifiers.bayes.NaiveBayes -F 5 -T 0.01 -R 1 -E AUC --\\\\\\\" -S \\\\\\\"weka.attributeSelection.GreedyStepwise -B -T -1.7976931348623157E308 -N -1 -num-slots 1\\\\\\\"\\\" -F \\\"weka.filters.supervised.instance.Resample -B 1.0 -S 1 -Z 200.0\\\" -S 1\" -S 1 -W weka.classifiers.lazy.IBk -- -K 1 -W 0 -A \"weka.core.neighboursearch.LinearNNSearch -A \\\"weka.core.EuclideanDistance -R first-last\\\"\"',-4523450618538717400,2.0260427131899998E7,4330.0,481.0,447.0,34.0,0.0,92.93139293139293,7.0686070686070686,0.0,0.722926267281106,0.06741262051017327,0.25252646833357006,29.228912400137293,74.35222184381831,272.1308087156738,422.82031116048563,-150.6895024448118,0.565760517080403,0.8790443059469556,-0.3132837888665526,167.8501708787091,0.3489608542176904,61.67995886642933,0.859375,55.0,0.05995203836930456,25.0,0.9400479616306955,392.0,0.140625,9.0,0.6875,0.859375,0.7638888888888888,0.729150961658487,0.9199640287769785,0.7025031691356386,0.9293139293139293,0.12989096768323385,0.8701090323167662,0.07068607068607069,0.9389623653962806,0.9293139293139293,0.932549626926155,0.729150961658487,0.9199640287769784,0.9438235098096989,0.8611620483564248,0.9293139293139293,11.715,0.089,11.68,0.09,11680.0,90.0,646077.0,1043348.0,161927.0,94.38669438669439,50.935550935550935,?
DatasetClassiRealeseNormalizedShuffled,3,6,weka.classifiers.meta.FilteredClassifier,'-F \"weka.filters.MultiFilter -F \\\"weka.filters.supervised.attribute.AttributeSelection -E \\\\\\\"weka.attributeSelection.WrapperSubsetEval -B weka.classifiers.bayes.NaiveBayes -F 5 -T 0.01 -R 1 -E AUC --\\\\\\\" -S \\\\\\\"weka.attributeSelection.GreedyStepwise -B -T -1.7976931348623157E308 -N -1 -num-slots 1\\\\\\\"\\\" -F \\\"weka.filters.supervised.instance.Resample -B 1.0 -S 1 -Z 200.0\\\" -S 1\" -S 1 -W weka.classifiers.lazy.IBk -- -K 1 -W 0 -A \"weka.core.neighboursearch.LinearNNSearch -A \\\"weka.core.EuclideanDistance -R first-last\\\"\"',-4523450618538717400,2.0260427132E7,4330.0,481.0,467.0,14.0,0.0,97.0893970893971,2.9106029106029108,0.0,0.8786535481313296,0.02855001946245775,0.1617455333866964,12.378780287356722,47.623284244123944,272.1308087156738,159.82482866305557,112.30598005261825,0.565760517080403,0.3322761510666436,0.23348436601375935,227.851131822654,0.4737029767622744,83.72853220772812,0.9375,60.0,0.023980815347721823,10.0,0.9760191846522782,407.0,0.0625,4.0,0.8571428571428571,0.9375,0.8955223880597014,0.8798441602504489,0.9691621702637889,0.8808263928491954,0.9708939708939709,0.05737478624169272,0.9426252137583073,0.029106029106029108,0.9725545710947171,0.9708939708939709,0.9714401417840742,0.8798441602504489,0.9691621702637889,0.9770928444826869,0.9393070877496574,0.9708939708939709,11.762,0.089,11.73,0.09,11730.0,90.0,647017.0,1043348.0,161927.0,97.92099792099792,50.62370062370062,?
DatasetClassiRealeseNormalizedShuffled,3,7,weka.classifiers.meta.FilteredClassifier,'-F \"weka.filters.MultiFilter -F \\\"weka.filters.supervised.attribute.AttributeSelection -E \\\\\\\"weka.attributeSelection.WrapperSubsetEval -B weka.classifiers.bayes.NaiveBayes -F 5 -T 0.01 -R 1 -E AUC --\\\\\\\" -S \\\\\\\"weka.attributeSelection.GreedyStepwise -B -T -1.7976931348623157E308 -N -1 -num-slots 1\\\\\\\"\\\" -F \\\"weka.filters.supervised.instance.Resample -B 1.0 -S 1 -Z 200.0\\\" -S 1\" -S 1 -W weka.classifiers.lazy.IBk -- -K 1 -W 0 -A \"weka.core.neighboursearch.LinearNNSearch -A \\\"weka.core.EuclideanDistance -R first-last\\\"\"',-4523450618538717400,2.0260427132E7,4330.0,481.0,432.0,49.0,0.0,89.81288981288981,10.187110187110187,0.0,0.6030617916028094,0.1265931377650968,0.303025150912923,54.88853134905401,89.22071968777868,272.1308087156738,479.5284885148216,-207.3976797991478,0.565760517080403,0.9969407245630387,-0.43118020748263575,65.74500910848745,0.13668401062055605,24.15934065634545,0.75,48.0,0.07913669064748201,33.0,0.920863309352518,384.0,0.25,16.0,0.5925925925925926,0.75,0.6620689655172414,0.6088629528804937,0.9021470323741008,0.5736937124538205,0.8981288981288982,0.22726558877638015,0.7727344112236199,0.10187110187110188,0.9111141911141911,0.8981288981288982,0.9030407939115153,0.6088629528804937,0.9021470323741008,0.925470012006904,0.8010467226607014,0.8981288981288982,13.439,0.081,13.41,0.08,13410.0,80.0,413602.0,1043348.0,161927.0,94.38669438669439,59.04365904365904,?
DatasetClassiRealeseNormalizedShuffled,3,8,weka.classifiers.meta.FilteredClassifier,'-F \"weka.filters.MultiFilter -F \\\"weka.filters.supervised.attribute.AttributeSelection -E \\\\\\\"weka.attributeSelection.WrapperSubsetEval -B weka.classifiers.bayes.NaiveBayes -F 5 -T 0.01 -R 1 -E AUC --\\\\\\\" -S \\\\\\\"weka.attributeSelection.GreedyStepwise -B -T -1.7976931348623157E308 -N -1 -num-slots 1\\\\\\\"\\\" -F \\\"weka.filters.supervised.instance.Resample -B 1.0 -S 1 -Z 200.0\\\" -S 1\" -S 1 -W weka.classifiers.lazy.IBk -- -K 1 -W 0 -A \"weka.core.neighboursearch.LinearNNSearch -A \\\"weka.core.EuclideanDistance -R first-last\\\"\"',-4523450618538717400,2.0260427132E7,4330.0,481.0,454.0,27.0,0.0,94.38669438669439,5.613305613305613,0.0,0.7703570102381838,0.05556755403359341,0.22827288478092367,24.093102401985576,67.21115723893142,272.1308087156738,354.19108145517464,-82.06027273950082,0.565760517080403,0.7363639947093028,-0.17060347762889982,186.3869761938721,0.3874989110059711,68.49168496339269,0.859375,55.0,0.04316546762589928,18.0,0.9568345323741008,399.0,0.140625,9.0,0.7534246575342466,0.859375,0.8029197080291972,0.7726239482228598,0.9094536870503597,0.7603973929131271,0.9438669438669439,0.12765741149284315,0.8723425885071568,0.056133056133056136,0.9480678766536945,0.9438669438669439,0.9454045500760829,0.7726239482228597,0.9094536870503597,0.949118051590772,0.8850962176509622,0.9438669438669439,11.76,0.089,11.72,0.09,11720.0,90.0,641954.0,1043348.0,161927.0,95.21829521829522,50.727650727650726,?
DatasetClassiRealeseNormalizedShuffled,3,9,weka.classifiers.meta.FilteredClassifier,'-F \"weka.filters.MultiFilter -F \\\"weka.filters.supervised.attribute.AttributeSelection -E \\\\\\\"weka.attributeSelection.WrapperSubsetEval -B weka.classifiers.bayes.NaiveBayes -F 5 -T 0.01 -R 1 -E AUC --\\\\\\\" -S \\\\\\\"weka.attributeSelection.GreedyStepwise -B -T -1.7976931348623157E308 -N -1 -num-slots 1\\\\\\\"\\\" -F \\\"weka.filters.supervised.instance.Resample -B 1.0 -S 1 -Z 200.0\\\" -S 1\" -S 1 -W weka.classifiers.lazy.IBk -- -K 1 -W 0 -A \"weka.core.neighboursearch.LinearNNSearch -A \\\"weka.core.EuclideanDistance -R first-last\\\"\"',-4523450618538717400,2.0260427132E7,4330.0,481.0,438.0,43.0,0.0,91.06029106029106,8.93970893970894,0.0,0.6342722755645148,0.12019059412975402,0.29323325708205855,52.11250238534907,86.33765928152515,272.1308087156738,460.1150999707745,-187.9842912551007,0.565760517080403,0.9565802494194896,-0.3908197323390867,66.81332779247448,0.13890504738560183,24.551916083225258,0.734375,47.0,0.06235011990407674,26.0,0.9376498800959233,391.0,0.265625,17.0,0.6438356164383562,0.734375,0.6861313868613139,0.6361387555147129,0.8831872002398081,0.5871777889144817,0.9106029106029107,0.23857803050698734,0.7614219694930127,0.0893970893970894,0.9164874832683052,0.9106029106029107,0.9130516908619098,0.6361387555147129,0.8831872002398081,0.9232538807118759,0.817005087370051,0.9106029106029107,13.421,0.081,13.4,0.08,13400.0,80.0,415807.0,1043348.0,161927.0,94.38669438669439,58.41995841995842,?
DatasetClassiRealeseNormalizedShuffled,3,10,weka.classifiers.meta.FilteredClassifier,'-F \"weka.filters.MultiFilter -F \\\"weka.filters.supervised.attribute.AttributeSelection -E \\\\\\\"weka.attributeSelection.WrapperSubsetEval -B weka.classifiers.bayes.NaiveBayes -F 5 -T 0.01 -R 1 -E AUC --\\\\\\\" -S \\\\\\\"weka.attributeSelection.GreedyStepwise -B -T -1.7976931348623157E308 -N -1 -num-slots 1\\\\\\\"\\\" -F \\\"weka.filters.supervised.instance.Resample -B 1.0 -S 1 -Z 200.0\\\" -S 1\" -S 1 -W weka.classifiers.lazy.IBk -- -K 1 -W 0 -A \"weka.core.neighboursearch.LinearNNSearch -A \\\"weka.core.EuclideanDistance -R first-last\\\"\"',-4523450618538717400,2.0260427132099997E7,4330.0,481.0,440.0,41.0,0.0,91.47609147609148,8.523908523908524,0.0,0.6468744963919282,0.1105654784721463,0.2844826227615267,47.939223550194605,83.76118043331634,272.1308087156738,476.9896616838958,-204.85885296822198,0.565760517080403,0.9916624983033177,-0.4259019812229147,89.90683417950285,0.1869164951756816,33.03809465889575,0.734375,47.0,0.05755395683453238,24.0,0.9424460431654677,393.0,0.265625,17.0,0.6619718309859155,0.734375,0.6962962962962963,0.6480533570996734,0.8874400479616307,0.6801002676604321,0.9147609147609148,0.23793987159544713,0.762060128404553,0.08523908523908524,0.9190768259473171,0.9147609147609148,0.9166100711445331,0.6480533570996734,0.8874400479616307,0.9351626139274508,0.8233597563706392,0.9147609147609148,13.416,0.081,13.39,0.08,13390.0,80.0,439437.0,1043348.0,161927.0,94.17879417879418,57.9002079002079,?
DatasetClassiRealeseNormalizedShuffled,4,1,weka.classifiers.meta.FilteredClassifier,'-F \"weka.filters.MultiFilter -F \\\"weka.filters.supervised.attribute.AttributeSelection -E \\\\\\\"weka.attributeSelection.WrapperSubsetEval -B weka.classifiers.bayes.NaiveBayes -F 5 -T 0.01 -R 1 -E AUC --\\\\\\\" -S \\\\\\\"weka.attributeSelection.GreedyStepwise -B -T -1.7976931348623157E308 -N -1 -num-slots 1\\\\\\\"\\\" -F \\\"weka.filters.supervised.instance.Resample -B 1.0 -S 1 -Z 200.0\\\" -S 1\" -S 1 -W weka.classifiers.lazy.IBk -- -K 1 -W 0 -A \"weka.core.neighboursearch.LinearNNSearch -A \\\"weka.core.EuclideanDistance -R first-last\\\"\"',-4523450618538717400,2.0260427132099997E7,4329.0,482.0,445.0,37.0,0.0,92.32365145228216,7.676348547717843,0.0,0.6773528241126029,0.10439865100179785,0.27040393288319897,45.30077006900906,79.68596336313348,272.3366817903761,402.98701858690816,-130.6503367965321,0.565013862635635,0.8360726526699339,-0.27105879003429895,100.19057743802728,0.20786426854362505,36.78923337809716,0.75,48.0,0.050239234449760764,21.0,0.9497607655502392,397.0,0.25,16.0,0.6956521739130435,0.75,0.7218045112781954,0.6779975824949419,0.9099132775119617,0.7094045994035367,0.9232365145228216,0.22347574897258235,0.7765242510274177,0.07676348547717843,0.9259917728837148,0.9232365145228216,0.9244485001019108,0.6779975824949419,0.9099132775119617,0.9446841470572463,0.8386399211023949,0.9232365145228216,13.475,0.081,13.45,0.08,13450.0,80.0,440698.0,1043119.0,162156.0,95.22821576763485,58.81742738589212,?
DatasetClassiRealeseNormalizedShuffled,4,2,weka.classifiers.meta.FilteredClassifier,'-F \"weka.filters.MultiFilter -F \\\"weka.filters.supervised.attribute.AttributeSelection -E \\\\\\\"weka.attributeSelection.WrapperSubsetEval -B weka.classifiers.bayes.NaiveBayes -F 5 -T 0.01 -R 1 -E AUC --\\\\\\\" -S \\\\\\\"weka.attributeSelection.GreedyStepwise -B -T -1.7976931348623157E308 -N -1 -num-slots 1\\\\\\\"\\\" -F \\\"weka.filters.supervised.instance.Resample -B 1.0 -S 1 -Z 200.0\\\" -S 1\" -S 1 -W weka.classifiers.lazy.IBk -- -K 1 -W 0 -A \"weka.core.neighboursearch.LinearNNSearch -A \\\"weka.core.EuclideanDistance -R first-last\\\"\"',-4523450618538717400,2.0260427132099997E7,4330.0,481.0,435.0,46.0,0.0,90.43659043659044,9.563409563409563,0.0,0.6298019006826395,0.1349331489341573,0.3104414967897934,58.85055666422726,92.01466448351115,269.42867131105754,487.96699103269697,-218.53831972163943,0.5601427677984564,1.014484388841366,-0.4543416210429094,40.72924606841104,0.0846761872524138,15.11689378499321,0.7936507936507936,50.0,0.07894736842105263,33.0,0.9210526315789473,385.0,0.20634920634920634,13.0,0.6024096385542169,0.7936507936507936,0.6849315068493151,0.6381219693953003,0.887673729778993,0.5865666844942486,0.9043659043659044,0.18966247913616335,0.8103375208638367,0.09563409563409564,0.9195395860649841,0.9043659043659044,0.9097441984226835,0.6381219693953003,0.887673729778993,0.9251283560656476,0.8142794789148535,0.9043659043659044,13.447,0.082,13.42,0.08,13420.0,80.0,414306.0,1043348.0,161927.0,94.5945945945946,59.87525987525988,?
DatasetClassiRealeseNormalizedShuffled,4,3,weka.classifiers.meta.FilteredClassifier,'-F \"weka.filters.MultiFilter -F \\\"weka.filters.supervised.attribute.AttributeSelection -E \\\\\\\"weka.attributeSelection.WrapperSubsetEval -B weka.classifiers.bayes.NaiveBayes -F 5 -T 0.01 -R 1 -E AUC --\\\\\\\" -S \\\\\\\"weka.attributeSelection.GreedyStepwise -B -T -1.7976931348623157E308 -N -1 -num-slots 1\\\\\\\"\\\" -F \\\"weka.filters.supervised.instance.Resample -B 1.0 -S 1 -Z 200.0\\\" -S 1\" -S 1 -W weka.classifiers.lazy.IBk -- -K 1 -W 0 -A \"weka.core.neighboursearch.LinearNNSearch -A \\\"weka.core.EuclideanDistance -R first-last\\\"\"',-4523450618538717400,2.0260427132099997E7,4330.0,481.0,455.0,26.0,0.0,94.5945945945946,5.405405405405405,0.0,0.7717383368620866,0.05461667288982731,0.2323065926285996,23.680817262441302,68.39881547817541,272.1308087156738,382.5084010228621,-110.37759230718825,0.565760517080403,0.7952357609622912,-0.22947524388188825,189.7214818850615,0.39443135527039813,69.71701689362384,0.828125,53.0,0.03597122302158273,15.0,0.9640287769784173,402.0,0.171875,11.0,0.7794117647058824,0.828125,0.8030303030303031,0.7722146375753111,0.8944282074340527,0.6425960167410931,0.9459459459459459,0.15379216896752868,0.8462078310324713,0.05405405405405406,0.9475588677981499,0.9459459459459459,0.9466346960322863,0.7722146375753111,0.8944282074340527,0.9301864436186288,0.8858525009127419,0.9459459459459459,11.722,0.091,11.69,0.09,11690.0,90.0,645046.0,1043348.0,161927.0,94.8024948024948,50.20790020790021,?
DatasetClassiRealeseNormalizedShuffled,4,4,weka.classifiers.meta.FilteredClassifier,'-F \"weka.filters.MultiFilter -F \\\"weka.filters.supervised.attribute.AttributeSelection -E \\\\\\\"weka.attributeSelection.WrapperSubsetEval -B weka.classifiers.bayes.NaiveBayes -F 5 -T 0.01 -R 1 -E AUC --\\\\\\\" -S \\\\\\\"weka.attributeSelection.GreedyStepwise -B -T -1.7976931348623157E308 -N -1 -num-slots 1\\\\\\\"\\\" -F \\\"weka.filters.supervised.instance.Resample -B 1.0 -S 1 -Z 200.0\\\" -S 1\" -S 1 -W weka.classifiers.lazy.IBk -- -K 1 -W 0 -A \"weka.core.neighboursearch.LinearNNSearch -A \\\"weka.core.EuclideanDistance -R first-last\\\"\"',-4523450618538717400,2.0260427132099997E7,4330.0,481.0,435.0,46.0,0.0,90.43659043659044,9.563409563409563,0.0,0.6111833550065019,0.13007471984613045,0.30335557490007875,56.39808337195843,89.31800753945477,272.1308087156738,477.5628106856135,-205.43200196993968,0.565760517080403,0.9928540762694668,-0.4270935591890638,56.57711182456675,0.11762393310720738,20.790410351398076,0.71875,46.0,0.0671462829736211,28.0,0.9328537170263789,389.0,0.28125,18.0,0.6216216216216216,0.71875,0.6666666666666667,0.6133784349205231,0.896507793764988,0.6037028481586867,0.9043659043659044,0.2527621873395255,0.7472378126604746,0.09563409563409564,0.9113129383399653,0.9043659043659044,0.9072506038525456,0.6133784349205231,0.896507793764988,0.9289462717031625,0.8054207119741101,0.9043659043659044,13.441,0.081,13.4,0.09,13400.0,90.0,414862.0,1043348.0,161927.0,94.38669438669439,59.771309771309774,?
DatasetClassiRealeseNormalizedShuffled,4,5,weka.classifiers.meta.FilteredClassifier,'-F \"weka.filters.MultiFilter -F \\\"weka.filters.supervised.attribute.AttributeSelection -E \\\\\\\"weka.attributeSelection.WrapperSubsetEval -B weka.classifiers.bayes.NaiveBayes -F 5 -T 0.01 -R 1 -E AUC --\\\\\\\" -S \\\\\\\"weka.attributeSelection.GreedyStepwise -B -T -1.7976931348623157E308 -N -1 -num-slots 1\\\\\\\"\\\" -F \\\"weka.filters.supervised.instance.Resample -B 1.0 -S 1 -Z 200.0\\\" -S 1\" -S 1 -W weka.classifiers.lazy.IBk -- -K 1 -W 0 -A \"weka.core.neighboursearch.LinearNNSearch -A \\\"weka.core.EuclideanDistance -R first-last\\\"\"',-4523450618538717400,2.02604271322E7,4330.0,481.0,454.0,27.0,0.0,94.38669438669439,5.613305613305613,0.0,0.7614218793055941,0.05515581516397594,0.23154688051691136,23.914579756512026,68.17513087260343,272.1308087156738,378.41182536480426,-106.28101664913044,0.565760517080403,0.7867189716523997,-0.22095845457199675,188.90895860208727,0.3927421176758571,69.41843868896963,0.8125,52.0,0.03597122302158273,15.0,0.9640287769784173,402.0,0.1875,12.0,0.7761194029850746,0.8125,0.7938931297709924,0.7616895498148123,0.891449340527578,0.7108532330903653,0.9438669438669439,0.1673381668885266,0.8326618331114735,0.056133056133056136,0.9450825057573922,0.9438669438669439,0.9444083655784814,0.7616895498148123,0.891449340527578,0.938047952354914,0.8807010775208752,0.9438669438669439,11.34,0.09,11.31,0.09,11310.0,90.0,670934.0,1043348.0,161927.0,94.8024948024948,50.311850311850314,?
DatasetClassiRealeseNormalizedShuffled,4,6,weka.classifiers.meta.FilteredClassifier,'-F \"weka.filters.MultiFilter -F \\\"weka.filters.supervised.attribute.AttributeSelection -E \\\\\\\"weka.attributeSelection.WrapperSubsetEval -B weka.classifiers.bayes.NaiveBayes -F 5 -T 0.01 -R 1 -E AUC --\\\\\\\" -S \\\\\\\"weka.attributeSelection.GreedyStepwise -B -T -1.7976931348623157E308 -N -1 -num-slots 1\\\\\\\"\\\" -F \\\"weka.filters.supervised.instance.Resample -B 1.0 -S 1 -Z 200.0\\\" -S 1\" -S 1 -W weka.classifiers.lazy.IBk -- -K 1 -W 0 -A \"weka.core.neighboursearch.LinearNNSearch -A \\\"weka.core.EuclideanDistance -R first-last\\\"\"',-4523450618538717400,2.02604271322E7,4330.0,481.0,458.0,23.0,0.0,95.21829521829522,4.781704781704781,0.0,0.8091434486327959,0.048059909382550295,0.21463122090966238,20.837921307169914,63.19459602391052,272.1308087156738,316.1361555785136,-44.00534686283976,0.565760517080403,0.6572477246954544,-0.09148720761505147,198.21861871085835,0.4120969203967949,72.8394626269457,0.921875,59.0,0.04316546762589928,18.0,0.9568345323741008,399.0,0.078125,5.0,0.7662337662337663,0.921875,0.8368794326241135,0.8138929883231528,0.949265587529976,0.7274078912395648,0.9521829521829522,0.07347341980885146,0.9265265801911485,0.04781704781704782,0.9581664655922081,0.9521829521829522,0.9540087082782809,0.8138929883231529,0.949265587529976,0.9536023976508881,0.9044324081512771,0.9521829521829522,12.129,0.088,12.1,0.08,12100.0,80.0,619993.0,1043348.0,161927.0,95.84199584199584,50.51975051975052,?
DatasetClassiRealeseNormalizedShuffled,4,7,weka.classifiers.meta.FilteredClassifier,'-F \"weka.filters.MultiFilter -F \\\"weka.filters.supervised.attribute.AttributeSelection -E \\\\\\\"weka.attributeSelection.WrapperSubsetEval -B weka.classifiers.bayes.NaiveBayes -F 5 -T 0.01 -R 1 -E AUC --\\\\\\\" -S \\\\\\\"weka.attributeSelection.GreedyStepwise -B -T -1.7976931348623157E308 -N -1 -num-slots 1\\\\\\\"\\\" -F \\\"weka.filters.supervised.instance.Resample -B 1.0 -S 1 -Z 200.0\\\" -S 1\" -S 1 -W weka.classifiers.lazy.IBk -- -K 1 -W 0 -A \"weka.core.neighboursearch.LinearNNSearch -A \\\"weka.core.EuclideanDistance -R first-last\\\"\"',-4523450618538717400,2.02604271322E7,4330.0,481.0,437.0,44.0,0.0,90.85239085239085,9.147609147609147,0.0,0.645672191528545,0.12601804066754407,0.30538301571893295,54.63917948350229,89.91495379436986,272.1308087156738,557.9331562497807,-285.8023475341069,0.565760517080403,1.159944191787486,-0.594183674707083,58.600170537604605,0.12182987637755635,21.533824418546782,0.796875,51.0,0.07434052757793765,31.0,0.9256594724220624,386.0,0.203125,13.0,0.6219512195121951,0.796875,0.6986301369863013,0.652564152287156,0.9039643285371702,0.599315648166266,0.9085239085239085,0.18598943610184618,0.8140105638981537,0.09147609147609148,0.9214519997575196,0.9085239085239085,0.9131539181901793,0.652564152287156,0.9039643285371702,0.9290813394792096,0.8223542841794251,0.9085239085239085,13.414,0.081,13.38,0.08,13380.0,80.0,414768.0,1043348.0,161927.0,93.13929313929314,58.21205821205821,?
DatasetClassiRealeseNormalizedShuffled,4,8,weka.classifiers.meta.FilteredClassifier,'-F \"weka.filters.MultiFilter -F \\\"weka.filters.supervised.attribute.AttributeSelection -E \\\\\\\"weka.attributeSelection.WrapperSubsetEval -B weka.classifiers.bayes.NaiveBayes -F 5 -T 0.01 -R 1 -E AUC --\\\\\\\" -S \\\\\\\"weka.attributeSelection.GreedyStepwise -B -T -1.7976931348623157E308 -N -1 -num-slots 1\\\\\\\"\\\" -F \\\"weka.filters.supervised.instance.Resample -B 1.0 -S 1 -Z 200.0\\\" -S 1\" -S 1 -W weka.classifiers.lazy.IBk -- -K 1 -W 0 -A \"weka.core.neighboursearch.LinearNNSearch -A \\\"weka.core.EuclideanDistance -R first-last\\\"\"',-4523450618538717400,2.02604271322E7,4330.0,481.0,461.0,20.0,0.0,95.84199584199584,4.158004158004158,0.0,0.8244141052785282,0.04105900200997453,0.19676613420620695,17.802452477062474,57.93451814534231,272.1308087156738,264.13371466113375,7.997094054540071,0.565760517080403,0.549134541915039,0.016625975165363974,209.2723975622866,0.4350777496097435,76.90139846713843,0.875,56.0,0.02877697841726619,12.0,0.9712230215827338,405.0,0.125,8.0,0.8235294117647058,0.875,0.8484848484848485,0.8249229163710716,0.9276828537170264,0.71894423813208,0.9584199584199584,0.1121969368372246,0.8878030631627755,0.04158004158004158,0.9597264043924064,0.9584199584199584,0.9589497661786818,0.8249229163710715,0.9276828537170264,0.9468535009141827,0.9121942314713398,0.9584199584199584,12.188,0.088,12.16,0.09,12160.0,90.0,620974.0,1043348.0,161927.0,96.46569646569647,50.51975051975052,?
DatasetClassiRealeseNormalizedShuffled,4,9,weka.classifiers.meta.FilteredClassifier,'-F \"weka.filters.MultiFilter -F \\\"weka.filters.supervised.attribute.AttributeSelection -E \\\\\\\"weka.attributeSelection.WrapperSubsetEval -B weka.classifiers.bayes.NaiveBayes -F 5 -T 0.01 -R 1 -E AUC --\\\\\\\" -S \\\\\\\"weka.attributeSelection.GreedyStepwise -B -T -1.7976931348623157E308 -N -1 -num-slots 1\\\\\\\"\\\" -F \\\"weka.filters.supervised.instance.Resample -B 1.0 -S 1 -Z 200.0\\\" -S 1\" -S 1 -W weka.classifiers.lazy.IBk -- -K 1 -W 0 -A \"weka.core.neighboursearch.LinearNNSearch -A \\\"weka.core.EuclideanDistance -R first-last\\\"\"',-4523450618538717400,2.02604271322E7,4330.0,481.0,456.0,25.0,0.0,94.8024948024948,5.197505197505198,0.0,0.7732116251438057,0.0664926156634438,0.2284914984600844,28.830014673431965,67.27552440360257,272.1308087156738,298.3127378272503,-26.181929111576494,0.565760517080403,0.6201928021356555,-0.054432285055252584,163.07576300748758,0.339034850327417,59.92550559678506,0.796875,51.0,0.02877697841726619,12.0,0.9712230215827338,405.0,0.203125,13.0,0.8095238095238095,0.796875,0.8031496062992126,0.7732434419619204,0.9283011091127098,0.6821860290314898,0.9480249480249481,0.17992692644221422,0.8200730735577858,0.05197505197505198,0.9476936055883424,0.9480249480249481,0.9478514446216837,0.7732434419619204,0.9283011091127098,0.9439446542178133,0.8866047432693668,0.9480249480249481,13.212,0.085,13.18,0.09,13180.0,90.0,493000.0,1043348.0,161927.0,96.25779625779626,53.43035343035343,?
DatasetClassiRealeseNormalizedShuffled,4,10,weka.classifiers.meta.FilteredClassifier,'-F \"weka.filters.MultiFilter -F \\\"weka.filters.supervised.attribute.AttributeSelection -E \\\\\\\"weka.attributeSelection.WrapperSubsetEval -B weka.classifiers.bayes.NaiveBayes -F 5 -T 0.01 -R 1 -E AUC --\\\\\\\" -S \\\\\\\"weka.attributeSelection.GreedyStepwise -B -T -1.7976931348623157E308 -N -1 -num-slots 1\\\\\\\"\\\" -F \\\"weka.filters.supervised.instance.Resample -B 1.0 -S 1 -Z 200.0\\\" -S 1\" -S 1 -W weka.classifiers.lazy.IBk -- -K 1 -W 0 -A \"weka.core.neighboursearch.LinearNNSearch -A \\\"weka.core.EuclideanDistance -R first-last\\\"\"',-4523450618538717400,2.02604271323E7,4330.0,481.0,420.0,61.0,0.0,87.31808731808732,12.681912681912682,0.0,0.5583635624727187,0.14210870731016692,0.32277694812918334,61.61580614773439,95.03630812145366,272.1308087156738,575.2971579805968,-303.166349264923,0.565760517080403,1.1960439874856483,-0.6302834704052452,30.606080160203838,0.06363010428316807,11.246826592200192,0.8125,52.0,0.11750599520383694,49.0,0.882494004796163,368.0,0.1875,12.0,0.5148514851485149,0.8125,0.6303030303030304,0.5795442316508658,0.8928169964028777,0.6523241657038616,0.8731808731808732,0.1781868683847101,0.8218131316152899,0.12681912681912683,0.9080708399103397,0.8731808731808732,0.8844562560999198,0.5795442316508658,0.8928169964028777,0.9336902853406137,0.7768830082506368,0.8731808731808732,13.457,0.08,13.43,0.08,13430.0,80.0,414379.0,1043348.0,161927.0,93.13929313929314,59.355509355509355,?
DatasetClassiRealeseNormalizedShuffled,5,1,weka.classifiers.meta.FilteredClassifier,'-F \"weka.filters.MultiFilter -F \\\"weka.filters.supervised.attribute.AttributeSelection -E \\\\\\\"weka.attributeSelection.WrapperSubsetEval -B weka.classifiers.bayes.NaiveBayes -F 5 -T 0.01 -R 1 -E AUC --\\\\\\\" -S \\\\\\\"weka.attributeSelection.GreedyStepwise -B -T -1.7976931348623157E308 -N -1 -num-slots 1\\\\\\\"\\\" -F \\\"weka.filters.supervised.instance.Resample -B 1.0 -S 1 -Z 200.0\\\" -S 1\" -S 1 -W weka.classifiers.lazy.IBk -- -K 1 -W 0 -A \"weka.core.neighboursearch.LinearNNSearch -A \\\"weka.core.EuclideanDistance -R first-last\\\"\"',-4523450618538717400,2.02604271323E7,4329.0,482.0,436.0,46.0,0.0,90.45643153526972,9.54356846473029,0.0,0.620732124529593,0.1303200658125309,0.3070501510544991,56.548617056842275,90.48532255683646,272.3366817903761,509.5501157715112,-237.2134339811351,0.565013862635635,1.0571579165384049,-0.4921440539027699,53.10459804443516,0.1101755146150107,19.49961264686004,0.75,48.0,0.07177033492822966,30.0,0.9282296650717703,388.0,0.25,16.0,0.6153846153846154,0.75,0.676056338028169,0.624909210035911,0.8935032894736842,0.6580999435038557,0.9045643153526971,0.22633465028092675,0.7736653497190732,0.0954356846473029,0.9145853940644622,0.9045643153526971,0.9084561787134554,0.624909210035911,0.8935032894736842,0.9347284477079141,0.8100476337342791,0.9045643153526971,13.438,0.081,13.41,0.08,13410.0,80.0,414159.0,1043119.0,162156.0,93.7759336099585,59.232365145228215,?
DatasetClassiRealeseNormalizedShuffled,5,2,weka.classifiers.meta.FilteredClassifier,'-F \"weka.filters.MultiFilter -F \\\"weka.filters.supervised.attribute.AttributeSelection -E \\\\\\\"weka.attributeSelection.WrapperSubsetEval -B weka.classifiers.bayes.NaiveBayes -F 5 -T 0.01 -R 1 -E AUC --\\\\\\\" -S \\\\\\\"weka.attributeSelection.GreedyStepwise -B -T -1.7976931348623157E308 -N -1 -num-slots 1\\\\\\\"\\\" -F \\\"weka.filters.supervised.instance.Resample -B 1.0 -S 1 -Z 200.0\\\" -S 1\" -S 1 -W weka.classifiers.lazy.IBk -- -K 1 -W 0 -A \"weka.core.neighboursearch.LinearNNSearch -A \\\"weka.core.EuclideanDistance -R first-last\\\"\"',-4523450618538717400,2.02604271323E7,4330.0,481.0,446.0,35.0,0.0,92.72349272349273,7.276507276507276,0.0,0.7097063438690878,0.10888288654798901,0.26310415750740357,47.48883825192465,77.9839068797344,269.42867131105754,308.29366313328,-38.864991822222464,0.5601427677984564,0.6409431665972557,-0.0808003987987993,79.90135993863447,0.1661150934275145,29.655849004424525,0.8412698412698413,53.0,0.05980861244019139,25.0,0.9401913875598086,393.0,0.15873015873015872,10.0,0.6794871794871795,0.8412698412698413,0.7517730496453902,0.71526344011593,0.9314194577352473,0.7806045004920804,0.9272349272349273,0.14577369840527732,0.8542263015947227,0.07276507276507277,0.9364563074240494,0.9272349272349273,0.9304406862651866,0.71526344011593,0.9314194577352474,0.9586510812590804,0.8545710558823784,0.9272349272349273,13.578,0.08,13.55,0.08,13550.0,80.0,415570.0,1043348.0,161927.0,96.88149688149689,60.187110187110186,?
DatasetClassiRealeseNormalizedShuffled,5,3,weka.classifiers.meta.FilteredClassifier,'-F \"weka.filters.MultiFilter -F \\\"weka.filters.supervised.attribute.AttributeSelection -E \\\\\\\"weka.attributeSelection.WrapperSubsetEval -B weka.classifiers.bayes.NaiveBayes -F 5 -T 0.01 -R 1 -E AUC --\\\\\\\" -S \\\\\\\"weka.attributeSelection.GreedyStepwise -B -T -1.7976931348623157E308 -N -1 -num-slots 1\\\\\\\"\\\" -F \\\"weka.filters.supervised.instance.Resample -B 1.0 -S 1 -Z 200.0\\\" -S 1\" -S 1 -W weka.classifiers.lazy.IBk -- -K 1 -W 0 -A \"weka.core.neighboursearch.LinearNNSearch -A \\\"weka.core.EuclideanDistance -R first-last\\\"\"',-4523450618538717400,2.02604271323E7,4330.0,481.0,433.0,48.0,0.0,90.02079002079002,9.97920997920998,0.0,0.6088370832203849,0.1338143645506579,0.31698478069361297,58.019526755245614,93.33090068053069,272.1308087156738,615.3815724229343,-343.25076370726043,0.565760517080403,1.2793795684468487,-0.7136190513664458,50.79041381080667,0.10559337590604297,18.6639704818844,0.75,48.0,0.07673860911270983,32.0,0.9232613908872902,385.0,0.25,16.0,0.6,0.75,0.6666666666666665,0.6140794225019778,0.8688174460431655,0.5645762280548263,0.9002079002079002,0.22694650932061003,0.77305349067939,0.0997920997920998,0.9121862702910084,0.9002079002079002,0.9047759438957482,0.6140794225019778,0.8688174460431654,0.9166923062277589,0.8039934800325997,0.9002079002079002,13.747,0.084,13.72,0.08,13720.0,80.0,438439.0,1043348.0,161927.0,92.51559251559252,58.523908523908524,?
DatasetClassiRealeseNormalizedShuffled,5,4,weka.classifiers.meta.FilteredClassifier,'-F \"weka.filters.MultiFilter -F \\\"weka.filters.supervised.attribute.AttributeSelection -E \\\\\\\"weka.attributeSelection.WrapperSubsetEval -B weka.classifiers.bayes.NaiveBayes -F 5 -T 0.01 -R 1 -E AUC --\\\\\\\" -S \\\\\\\"weka.attributeSelection.GreedyStepwise -B -T -1.7976931348623157E308 -N -1 -num-slots 1\\\\\\\"\\\" -F \\\"weka.filters.supervised.instance.Resample -B 1.0 -S 1 -Z 200.0\\\" -S 1\" -S 1 -W weka.classifiers.lazy.IBk -- -K 1 -W 0 -A \"weka.core.neighboursearch.LinearNNSearch -A \\\"weka.core.EuclideanDistance -R first-last\\\"\"',-4523450618538717400,2.02604271324E7,4330.0,481.0,460.0,21.0,0.0,95.63409563409563,4.365904365904366,0.0,0.8144392394599066,0.04437285147069355,0.20737135197466144,19.239278621211273,61.0570482683255,272.1308087156738,301.41360098729876,-29.282792271624942,0.565760517080403,0.6266395030920973,-0.06087898601169427,205.67331094526628,0.42759524105044966,75.57884089491561,0.859375,55.0,0.02877697841726619,12.0,0.9712230215827338,405.0,0.140625,9.0,0.8208955223880597,0.859375,0.8396946564885497,0.81472554771014,0.9135941247002398,0.7578412288331985,0.9563409563409564,0.12574293475822254,0.8742570652417775,0.04365904365904366,0.9573224449927891,0.9563409563409564,0.9567620621165968,0.8147255477101402,0.9135941247002398,0.9501641866085251,0.9072119491829029,0.9563409563409564,11.95,0.095,11.91,0.1,11910.0,100.0,643386.0,1043348.0,161927.0,95.84199584199584,50.311850311850314,?
DatasetClassiRealeseNormalizedShuffled,5,5,weka.classifiers.meta.FilteredClassifier,'-F \"weka.filters.MultiFilter -F \\\"weka.filters.supervised.attribute.AttributeSelection -E \\\\\\\"weka.attributeSelection.WrapperSubsetEval -B weka.classifiers.bayes.NaiveBayes -F 5 -T 0.01 -R 1 -E AUC --\\\\\\\" -S \\\\\\\"weka.attributeSelection.GreedyStepwise -B -T -1.7976931348623157E308 -N -1 -num-slots 1\\\\\\\"\\\" -F \\\"weka.filters.supervised.instance.Resample -B 1.0 -S 1 -Z 200.0\\\" -S 1\" -S 1 -W weka.classifiers.lazy.IBk -- -K 1 -W 0 -A \"weka.core.neighboursearch.LinearNNSearch -A \\\"weka.core.EuclideanDistance -R first-last\\\"\"',-4523450618538717400,2.02604271324E7,4330.0,481.0,435.0,46.0,0.0,90.43659043659044,9.563409563409563,0.0,0.6111833550065019,0.12247150283509543,0.2930313537009005,53.10146380290846,86.27821218639116,272.1308087156738,459.42570439553367,-187.29489567985985,0.565760517080403,0.955146994585309,-0.3893864775049061,64.66600671547216,0.13444076240222902,23.762839283308097,0.71875,46.0,0.0671462829736211,28.0,0.9328537170263789,389.0,0.28125,18.0,0.6216216216216216,0.71875,0.6666666666666667,0.6133784349205231,0.891730365707434,0.6166026686875696,0.9043659043659044,0.2527621873395255,0.7472378126604746,0.09563409563409564,0.9113129383399653,0.9043659043659044,0.9072506038525456,0.6133784349205231,0.891730365707434,0.928575793134886,0.8054207119741101,0.9043659043659044,13.764,0.081,13.73,0.09,13730.0,90.0,414444.0,1043348.0,161927.0,94.5945945945946,59.147609147609145,?
DatasetClassiRealeseNormalizedShuffled,5,6,weka.classifiers.meta.FilteredClassifier,'-F \"weka.filters.MultiFilter -F \\\"weka.filters.supervised.attribute.AttributeSelection -E \\\\\\\"weka.attributeSelection.WrapperSubsetEval -B weka.classifiers.bayes.NaiveBayes -F 5 -T 0.01 -R 1 -E AUC --\\\\\\\" -S \\\\\\\"weka.attributeSelection.GreedyStepwise -B -T -1.7976931348623157E308 -N -1 -num-slots 1\\\\\\\"\\\" -F \\\"weka.filters.supervised.instance.Resample -B 1.0 -S 1 -Z 200.0\\\" -S 1\" -S 1 -W weka.classifiers.lazy.IBk -- -K 1 -W 0 -A \"weka.core.neighboursearch.LinearNNSearch -A \\\"weka.core.EuclideanDistance -R first-last\\\"\"',-4523450618538717400,2.02604271324E7,4330.0,481.0,453.0,28.0,0.0,94.17879417879418,5.8212058212058215,0.0,0.757307096262659,0.05686489634848553,0.23564109737882477,24.655606938791863,69.38060498548563,272.1308087156738,383.12945638724625,-110.99864767157243,0.565760517080403,0.7965269363560213,-0.23076641927561836,185.96035233327567,0.38661195911283924,68.33491334954644,0.828125,53.0,0.0407673860911271,17.0,0.9592326139088729,400.0,0.171875,11.0,0.7571428571428571,0.828125,0.7910447761194029,0.7583332788901838,0.9120016486810552,0.6184304710462385,0.9417879417879418,0.15443032787906888,0.8455696721209311,0.058212058212058215,0.944483490468892,0.9417879417879418,0.9428802835681486,0.7583332788901838,0.9120016486810553,0.9310035221416736,0.8786141754993151,0.9417879417879418,12.06,0.088,12.04,0.08,12040.0,80.0,647005.0,1043348.0,161927.0,94.8024948024948,50.311850311850314,?
DatasetClassiRealeseNormalizedShuffled,5,7,weka.classifiers.meta.FilteredClassifier,'-F \"weka.filters.MultiFilter -F \\\"weka.filters.supervised.attribute.AttributeSelection -E \\\\\\\"weka.attributeSelection.WrapperSubsetEval -B weka.classifiers.bayes.NaiveBayes -F 5 -T 0.01 -R 1 -E AUC --\\\\\\\" -S \\\\\\\"weka.attributeSelection.GreedyStepwise -B -T -1.7976931348623157E308 -N -1 -num-slots 1\\\\\\\"\\\" -F \\\"weka.filters.supervised.instance.Resample -B 1.0 -S 1 -Z 200.0\\\" -S 1\" -S 1 -W weka.classifiers.lazy.IBk -- -K 1 -W 0 -A \"weka.core.neighboursearch.LinearNNSearch -A \\\"weka.core.EuclideanDistance -R first-last\\\"\"',-4523450618538717400,2.02604271324E7,4330.0,481.0,429.0,52.0,0.0,89.1891891891892,10.81081081081081,0.0,0.5604681404421326,0.13505002441204422,0.32202806963894476,58.55528687807567,94.81581329567273,272.1308087156738,608.724113651453,-336.59330493577914,0.565760517080403,1.2655386978200684,-0.6997781807396656,50.958062963456655,0.10594191884294522,18.72557657251457,0.671875,43.0,0.07434052757793765,31.0,0.9256594724220624,386.0,0.328125,21.0,0.581081081081081,0.671875,0.6231884057971013,0.562481075427118,0.8740257793764988,0.5946987182440738,0.8918918918918919,0.2943574194698295,0.7056425805301704,0.10810810810810811,0.8995285211501427,0.8918918918918919,0.8951528565289646,0.5624810754271181,0.8740257793764988,0.9232237731289418,0.7800408048402983,0.8918918918918919,13.765,0.082,13.73,0.08,13730.0,80.0,414788.0,1043348.0,161927.0,92.3076923076923,57.9002079002079,?
DatasetClassiRealeseNormalizedShuffled,5,8,weka.classifiers.meta.FilteredClassifier,'-F \"weka.filters.MultiFilter -F \\\"weka.filters.supervised.attribute.AttributeSelection -E \\\\\\\"weka.attributeSelection.WrapperSubsetEval -B weka.classifiers.bayes.NaiveBayes -F 5 -T 0.01 -R 1 -E AUC --\\\\\\\" -S \\\\\\\"weka.attributeSelection.GreedyStepwise -B -T -1.7976931348623157E308 -N -1 -num-slots 1\\\\\\\"\\\" -F \\\"weka.filters.supervised.instance.Resample -B 1.0 -S 1 -Z 200.0\\\" -S 1\" -S 1 -W weka.classifiers.lazy.IBk -- -K 1 -W 0 -A \"weka.core.neighboursearch.LinearNNSearch -A \\\"weka.core.EuclideanDistance -R first-last\\\"\"',-4523450618538717400,2.02604271324E7,4330.0,481.0,434.0,47.0,0.0,90.22869022869023,9.771309771309772,0.0,0.628107058842883,0.1310643394895331,0.3114219078132641,56.82716483545244,91.69300521072867,272.1308087156738,564.7948871067479,-292.66407839107404,0.565760517080403,1.1742097445046733,-0.6084492274242703,49.954033001119505,0.10385453846386591,18.356625343847853,0.796875,51.0,0.0815347721822542,34.0,0.9184652278177458,383.0,0.203125,13.0,0.6,0.796875,0.6845637583892616,0.6369621224008523,0.879458932853717,0.585630578974515,0.9022869022869023,0.18694667446915647,0.8130533255308434,0.09771309771309772,0.9183172683172682,0.9022869022869023,0.9079107473322287,0.6369621224008523,0.8794589328537171,0.9210447156016697,0.8133765901417402,0.9022869022869023,13.701,0.082,13.67,0.08,13670.0,80.0,415059.0,1043348.0,161927.0,93.13929313929314,58.523908523908524,?
DatasetClassiRealeseNormalizedShuffled,5,9,weka.classifiers.meta.FilteredClassifier,'-F \"weka.filters.MultiFilter -F \\\"weka.filters.supervised.attribute.AttributeSelection -E \\\\\\\"weka.attributeSelection.WrapperSubsetEval -B weka.classifiers.bayes.NaiveBayes -F 5 -T 0.01 -R 1 -E AUC --\\\\\\\" -S \\\\\\\"weka.attributeSelection.GreedyStepwise -B -T -1.7976931348623157E308 -N -1 -num-slots 1\\\\\\\"\\\" -F \\\"weka.filters.supervised.instance.Resample -B 1.0 -S 1 -Z 200.0\\\" -S 1\" -S 1 -W weka.classifiers.lazy.IBk -- -K 1 -W 0 -A \"weka.core.neighboursearch.LinearNNSearch -A \\\"weka.core.EuclideanDistance -R first-last\\\"\"',-4523450618538717400,2.02604271325E7,4330.0,481.0,443.0,38.0,0.0,92.0997920997921,7.9002079002079,0.0,0.6865804725813642,0.10400607188774626,0.2736928466388595,45.09518160372585,80.58431017012487,272.1308087156738,399.9776606832006,-127.84685196752679,0.565760517080403,0.8315543881147622,-0.26579387103435925,91.49734454112225,0.19022316952416268,33.62256003755899,0.8125,52.0,0.06235011990407674,26.0,0.9376498800959233,391.0,0.1875,12.0,0.6666666666666666,0.8125,0.7323943661971831,0.6912039864827018,0.8991681654676259,0.7355650645143047,0.920997920997921,0.17084804090199773,0.8291519590980023,0.079002079002079,0.9298332499325056,0.920997920997921,0.924217981689641,0.6912039864827016,0.8991681654676259,0.9441770441912193,0.8430264513912745,0.920997920997921,13.631,0.081,13.6,0.08,13600.0,80.0,415214.0,1043348.0,161927.0,95.21829521829522,57.06860706860707,?
DatasetClassiRealeseNormalizedShuffled,5,10,weka.classifiers.meta.FilteredClassifier,'-F \"weka.filters.MultiFilter -F \\\"weka.filters.supervised.attribute.AttributeSelection -E \\\\\\\"weka.attributeSelection.WrapperSubsetEval -B weka.classifiers.bayes.NaiveBayes -F 5 -T 0.01 -R 1 -E AUC --\\\\\\\" -S \\\\\\\"weka.attributeSelection.GreedyStepwise -B -T -1.7976931348623157E308 -N -1 -num-slots 1\\\\\\\"\\\" -F \\\"weka.filters.supervised.instance.Resample -B 1.0 -S 1 -Z 200.0\\\" -S 1\" -S 1 -W weka.classifiers.lazy.IBk -- -K 1 -W 0 -A \"weka.core.neighboursearch.LinearNNSearch -A \\\"weka.core.EuclideanDistance -R first-last\\\"\"',-4523450618538717400,2.02604271325E7,4330.0,481.0,432.0,49.0,0.0,89.81288981288981,10.187110187110187,0.0,0.5883791194397389,0.130731923641916,0.3115705097803073,56.6830352404762,91.7367585902969,272.1308087156738,539.1077208565065,-266.97691214083267,0.565760517080403,1.1208060724667495,-0.5550455553863465,54.11477440518726,0.11250472849311281,19.88557438997183,0.703125,45.0,0.07194244604316546,30.0,0.9280575539568345,387.0,0.296875,19.0,0.6,0.703125,0.6474820143884892,0.590907296078147,0.8811825539568345,0.5925858362022153,0.8981288981288982,0.2669463441720636,0.7330536558279365,0.10187110187110188,0.9062062820683511,0.8981288981288982,0.9014789779844807,0.5909072960781471,0.8811825539568346,0.9232728420077032,0.793971869891693,0.8981288981288982,13.542,0.083,13.52,0.08,13520.0,80.0,440649.0,1043348.0,161927.0,93.34719334719335,58.316008316008315,?
DatasetClassiRealeseNormalizedShuffled,6,1,weka.classifiers.meta.FilteredClassifier,'-F \"weka.filters.MultiFilter -F \\\"weka.filters.supervised.attribute.AttributeSelection -E \\\\\\\"weka.attributeSelection.WrapperSubsetEval -B weka.classifiers.bayes.NaiveBayes -F 5 -T 0.01 -R 1 -E AUC --\\\\\\\" -S \\\\\\\"weka.attributeSelection.GreedyStepwise -B -T -1.7976931348623157E308 -N -1 -num-slots 1\\\\\\\"\\\" -F \\\"weka.filters.supervised.instance.Resample -B 1.0 -S 1 -Z 200.0\\\" -S 1\" -S 1 -W weka.classifiers.lazy.IBk -- -K 1 -W 0 -A \"weka.core.neighboursearch.LinearNNSearch -A \\\"weka.core.EuclideanDistance -R first-last\\\"\"',-4523450618538717400,2.02604271325E7,4329.0,482.0,431.0,51.0,0.0,89.41908713692946,10.58091286307054,0.0,0.5717272378828533,0.138658769876612,0.32631524728569905,60.166956104862585,96.16259853465944,272.3366817903761,585.2441103559031,-312.907428565527,0.565013862635635,1.214199399078637,-0.6491855364430021,41.74383178444711,0.08660546013370769,15.328023940813935,0.6875,44.0,0.07416267942583732,31.0,0.9258373205741627,387.0,0.3125,20.0,0.5866666666666667,0.6875,0.6330935251798561,0.5741821447337668,0.8633933911483254,0.5817828864392487,0.8941908713692946,0.2808535507951319,0.719146449204868,0.10580912863070539,0.9025023363612577,0.8941908713692946,0.8976721693184871,0.5741821447337669,0.8633933911483254,0.9182657924116293,0.7856376716808371,0.8941908713692946,13.689,0.082,13.66,0.08,13660.0,80.0,439255.0,1043119.0,162156.0,92.9460580912863,58.40248962655602,?
DatasetClassiRealeseNormalizedShuffled,6,2,weka.classifiers.meta.FilteredClassifier,'-F \"weka.filters.MultiFilter -F \\\"weka.filters.supervised.attribute.AttributeSelection -E \\\\\\\"weka.attributeSelection.WrapperSubsetEval -B weka.classifiers.bayes.NaiveBayes -F 5 -T 0.01 -R 1 -E AUC --\\\\\\\" -S \\\\\\\"weka.attributeSelection.GreedyStepwise -B -T -1.7976931348623157E308 -N -1 -num-slots 1\\\\\\\"\\\" -F \\\"weka.filters.supervised.instance.Resample -B 1.0 -S 1 -Z 200.0\\\" -S 1\" -S 1 -W weka.classifiers.lazy.IBk -- -K 1 -W 0 -A \"weka.core.neighboursearch.LinearNNSearch -A \\\"weka.core.EuclideanDistance -R first-last\\\"\"',-4523450618538717400,2.02604271325E7,4330.0,481.0,426.0,55.0,0.0,88.56548856548856,11.434511434511435,0.0,0.5599853633384896,0.13372549466672143,0.32103776648614846,58.32384305487385,95.15539215996323,269.42867131105754,605.0986629841418,-335.66999167308427,0.5601427677984564,1.2580013783454091,-0.6978586105469528,48.16221231116609,0.10012933952425382,17.875681929768504,0.7301587301587301,46.0,0.09090909090909091,38.0,0.9090909090909091,380.0,0.2698412698412698,17.0,0.5476190476190477,0.7301587301587301,0.6258503401360545,0.5680597401609803,0.8699400015189489,0.533578454323058,0.8856548856548857,0.2464052464052464,0.7535947535947536,0.11434511434511435,0.9035358745686202,0.8856548856548857,0.8923492359075181,0.5680597401609803,0.869940001518949,0.9142258563948021,0.7791828387796838,0.8856548856548857,13.862,0.082,13.83,0.09,13830.0,90.0,415013.0,1043348.0,161927.0,92.51559251559252,57.58835758835759,?
DatasetClassiRealeseNormalizedShuffled,6,3,weka.classifiers.meta.FilteredClassifier,'-F \"weka.filters.MultiFilter -F \\\"weka.filters.supervised.attribute.AttributeSelection -E \\\\\\\"weka.attributeSelection.WrapperSubsetEval -B weka.classifiers.bayes.NaiveBayes -F 5 -T 0.01 -R 1 -E AUC --\\\\\\\" -S \\\\\\\"weka.attributeSelection.GreedyStepwise -B -T -1.7976931348623157E308 -N -1 -num-slots 1\\\\\\\"\\\" -F \\\"weka.filters.supervised.instance.Resample -B 1.0 -S 1 -Z 200.0\\\" -S 1\" -S 1 -W weka.classifiers.lazy.IBk -- -K 1 -W 0 -A \"weka.core.neighboursearch.LinearNNSearch -A \\\"weka.core.EuclideanDistance -R first-last\\\"\"',-4523450618538717400,2.02604271326E7,4330.0,481.0,445.0,36.0,0.0,92.51559251559252,7.484407484407485,0.0,0.6918861209964413,0.11669912640718198,0.28905189744562654,50.59866412422459,85.10652742691849,272.1308087156738,456.75831201134184,-184.62750329566802,0.565760517080403,0.94960148027306,-0.383840963192657,73.19321861826744,0.15216885367623167,26.89633671531133,0.78125,50.0,0.05275779376498801,22.0,0.947242206235012,395.0,0.21875,14.0,0.6944444444444444,0.78125,0.7352941176470588,0.6935136638180778,0.9137252697841727,0.6895403135398107,0.9251559251559252,0.19666371892091314,0.8033362810790868,0.07484407484407485,0.9296686191551716,0.9251559251559252,0.9269947804344615,0.6935136638180778,0.9137252697841727,0.9422049750235427,0.84585529126905,0.9251559251559252,13.667,0.082,13.64,0.08,13640.0,80.0,439091.0,1043348.0,161927.0,94.38669438669439,57.58835758835759,?
DatasetClassiRealeseNormalizedShuffled,6,4,weka.classifiers.meta.FilteredClassifier,'-F \"weka.filters.MultiFilter -F \\\"weka.filters.supervised.attribute.AttributeSelection -E \\\\\\\"weka.attributeSelection.WrapperSubsetEval -B weka.classifiers.bayes.NaiveBayes -F 5 -T 0.01 -R 1 -E AUC --\\\\\\\" -S \\\\\\\"weka.attributeSelection.GreedyStepwise -B -T -1.7976931348623157E308 -N -1 -num-slots 1\\\\\\\"\\\" -F \\\"weka.filters.supervised.instance.Resample -B 1.0 -S 1 -Z 200.0\\\" -S 1\" -S 1 -W weka.classifiers.lazy.IBk -- -K 1 -W 0 -A \"weka.core.neighboursearch.LinearNNSearch -A \\\"weka.core.EuclideanDistance -R first-last\\\"\"',-4523450618538717400,2.02604271326E7,4330.0,481.0,436.0,45.0,0.0,90.64449064449065,9.355509355509355,0.0,0.6172616837303062,0.13497217121673163,0.3169828056723006,58.52153111826925,93.33031916832829,272.1308087156738,575.9144215183597,-303.7836128026859,0.565760517080403,1.1973272796639496,-0.6315667625835466,44.96483984811706,0.09348199552623089,16.52324485431452,0.71875,46.0,0.06474820143884892,27.0,0.935251798561151,390.0,0.28125,18.0,0.6301369863013698,0.71875,0.6715328467153284,0.6190781064261945,0.8516187050359713,0.6430448544915475,0.9064449064449065,0.25244310788375535,0.7475568921162445,0.09355509355509356,0.9125399340951316,0.9064449064449065,0.9090075834601381,0.6190781064261945,0.8516187050359713,0.9231871599429854,0.8084936960849369,0.9064449064449065,13.727,0.081,13.69,0.08,13690.0,80.0,439584.0,1043348.0,161927.0,92.93139293139293,58.83575883575884,?
DatasetClassiRealeseNormalizedShuffled,6,5,weka.classifiers.meta.FilteredClassifier,'-F \"weka.filters.MultiFilter -F \\\"weka.filters.supervised.attribute.AttributeSelection -E \\\\\\\"weka.attributeSelection.WrapperSubsetEval -B weka.classifiers.bayes.NaiveBayes -F 5 -T 0.01 -R 1 -E AUC --\\\\\\\" -S \\\\\\\"weka.attributeSelection.GreedyStepwise -B -T -1.7976931348623157E308 -N -1 -num-slots 1\\\\\\\"\\\" -F \\\"weka.filters.supervised.instance.Resample -B 1.0 -S 1 -Z 200.0\\\" -S 1\" -S 1 -W weka.classifiers.lazy.IBk -- -K 1 -W 0 -A \"weka.core.neighboursearch.LinearNNSearch -A \\\"weka.core.EuclideanDistance -R first-last\\\"\"',-4523450618538717400,2.02604271326E7,4330.0,481.0,463.0,18.0,0.0,96.25779625779626,3.7422037422037424,0.0,0.8356179988608315,0.03847596218652825,0.1900838883013725,16.6824923842163,55.96704189142778,272.1308087156738,232.63318640328222,39.4976223123916,0.565760517080403,0.4836448781773019,0.08211563890310104,212.605310365302,0.4420068822563451,78.12614505821539,0.84375,54.0,0.019184652278177457,8.0,0.9808153477218226,409.0,0.15625,10.0,0.8709677419354839,0.84375,0.8571428571428571,0.8357574140120331,0.9034584832134293,0.7893101873105486,0.9625779625779626,0.13801261485614005,0.86198738514386,0.037422037422037424,0.9621406822884997,0.9625779625779626,0.9623257254836203,0.835757414012033,0.9034584832134293,0.9507138084162343,0.9178058783321941,0.9625779625779626,11.894,0.09,11.86,0.09,11860.0,90.0,647021.0,1043348.0,161927.0,96.88149688149689,50.727650727650726,?
DatasetClassiRealeseNormalizedShuffled,6,6,weka.classifiers.meta.FilteredClassifier,'-F \"weka.filters.MultiFilter -F \\\"weka.filters.supervised.attribute.AttributeSelection -E \\\\\\\"weka.attributeSelection.WrapperSubsetEval -B weka.classifiers.bayes.NaiveBayes -F 5 -T 0.01 -R 1 -E AUC --\\\\\\\" -S \\\\\\\"weka.attributeSelection.GreedyStepwise -B -T -1.7976931348623157E308 -N -1 -num-slots 1\\\\\\\"\\\" -F \\\"weka.filters.supervised.instance.Resample -B 1.0 -S 1 -Z 200.0\\\" -S 1\" -S 1 -W weka.classifiers.lazy.IBk -- -K 1 -W 0 -A \"weka.core.neighboursearch.LinearNNSearch -A \\\"weka.core.EuclideanDistance -R first-last\\\"\"',-4523450618538717400,2.02604271326E7,4330.0,481.0,465.0,16.0,0.0,96.67359667359668,3.3264033264033266,0.0,0.8558153477218226,0.0340503108942121,0.17453105485736056,14.763608754449352,51.387768557586114,272.1308087156738,200.72146431859142,71.4093443970824,0.565760517080403,0.41730034161869317,0.14846017546170978,220.42470302639688,0.45826341585529495,80.99953991490165,0.875,56.0,0.019184652278177457,8.0,0.9808153477218226,409.0,0.125,8.0,0.875,0.875,0.875,0.8558153477218226,0.940347721822542,0.7954404202374401,0.9667359667359667,0.1109206190141442,0.8890793809858558,0.033264033264033266,0.9667359667359667,0.9667359667359667,0.9667359667359667,0.8558153477218226,0.940347721822542,0.9604810111293965,0.9279076738609113,0.9667359667359667,12.458,0.09,12.43,0.09,12430.0,90.0,617692.0,1043348.0,161927.0,97.29729729729729,50.727650727650726,?
DatasetClassiRealeseNormalizedShuffled,6,7,weka.classifiers.meta.FilteredClassifier,'-F \"weka.filters.MultiFilter -F \\\"weka.filters.supervised.attribute.AttributeSelection -E \\\\\\\"weka.attributeSelection.WrapperSubsetEval -B weka.classifiers.bayes.NaiveBayes -F 5 -T 0.01 -R 1 -E AUC --\\\\\\\" -S \\\\\\\"weka.attributeSelection.GreedyStepwise -B -T -1.7976931348623157E308 -N -1 -num-slots 1\\\\\\\"\\\" -F \\\"weka.filters.supervised.instance.Resample -B 1.0 -S 1 -Z 200.0\\\" -S 1\" -S 1 -W weka.classifiers.lazy.IBk -- -K 1 -W 0 -A \"weka.core.neighboursearch.LinearNNSearch -A \\\"weka.core.EuclideanDistance -R first-last\\\"\"',-4523450618538717400,2.02604271326E7,4330.0,481.0,459.0,22.0,0.0,95.42619542619542,4.573804573804574,0.0,0.8117081850533808,0.04187488965340152,0.19791965272971349,18.15620683756064,58.27415250417483,272.1308087156738,238.6978123077612,33.43299640791261,0.565760517080403,0.4962532480410836,0.06950726903931936,206.84547803631366,0.430032178869675,76.00957753093984,0.890625,57.0,0.03597122302158273,15.0,0.9640287769784173,402.0,0.109375,7.0,0.7916666666666666,0.890625,0.8382352941176471,0.8136175886239345,0.9370503597122302,0.7654668387917778,0.9542619542619543,0.09960817728353699,0.900391822716463,0.04573804573804574,0.9574423021855785,0.9542619542619543,0.955385699154393,0.8136175886239345,0.9370503597122302,0.9558516469115145,0.9058004557755306,0.9542619542619543,12.177,0.089,12.15,0.09,12150.0,90.0,618875.0,1043348.0,161927.0,96.88149688149689,50.727650727650726,?
DatasetClassiRealeseNormalizedShuffled,6,8,weka.classifiers.meta.FilteredClassifier,'-F \"weka.filters.MultiFilter -F \\\"weka.filters.supervised.attribute.AttributeSelection -E \\\\\\\"weka.attributeSelection.WrapperSubsetEval -B weka.classifiers.bayes.NaiveBayes -F 5 -T 0.01 -R 1 -E AUC --\\\\\\\" -S \\\\\\\"weka.attributeSelection.GreedyStepwise -B -T -1.7976931348623157E308 -N -1 -num-slots 1\\\\\\\"\\\" -F \\\"weka.filters.supervised.instance.Resample -B 1.0 -S 1 -Z 200.0\\\" -S 1\" -S 1 -W weka.classifiers.lazy.IBk -- -K 1 -W 0 -A \"weka.core.neighboursearch.LinearNNSearch -A \\\"weka.core.EuclideanDistance -R first-last\\\"\"',-4523450618538717400,2.02604271327E7,4330.0,481.0,435.0,46.0,0.0,90.43659043659044,9.563409563409563,0.0,0.6251355380862021,0.1320155539471419,0.31365662135037264,57.23959449394636,92.35097947285234,272.1308087156738,559.1351712963856,-287.00436258071176,0.565760517080403,1.1624431835683693,-0.5966826664879662,48.04857172072164,0.09989308050046079,17.656424844907388,0.765625,49.0,0.07434052757793765,31.0,0.9256594724220624,386.0,0.234375,15.0,0.6125,0.765625,0.6805555555555556,0.6305182138100505,0.8990744904076738,0.5933318098766113,0.9043659043659044,0.21308143194384202,0.7869185680561579,0.09563409563409564,0.9160114267346188,0.9043659043659044,0.9087436129000921,0.6305182138100504,0.899074490407674,0.9275083739979824,0.8121604183645749,0.9043659043659044,13.675,0.081,13.64,0.08,13640.0,80.0,439430.0,1043348.0,161927.0,93.13929313929314,58.00415800415801,?
DatasetClassiRealeseNormalizedShuffled,6,9,weka.classifiers.meta.FilteredClassifier,'-F \"weka.filters.MultiFilter -F \\\"weka.filters.supervised.attribute.AttributeSelection -E \\\\\\\"weka.attributeSelection.WrapperSubsetEval -B weka.classifiers.bayes.NaiveBayes -F 5 -T 0.01 -R 1 -E AUC --\\\\\\\" -S \\\\\\\"weka.attributeSelection.GreedyStepwise -B -T -1.7976931348623157E308 -N -1 -num-slots 1\\\\\\\"\\\" -F \\\"weka.filters.supervised.instance.Resample -B 1.0 -S 1 -Z 200.0\\\" -S 1\" -S 1 -W weka.classifiers.lazy.IBk -- -K 1 -W 0 -A \"weka.core.neighboursearch.LinearNNSearch -A \\\"weka.core.EuclideanDistance -R first-last\\\"\"',-4523450618538717400,2.02604271327E7,4330.0,481.0,434.0,47.0,0.0,90.22869022869023,9.771309771309772,0.0,0.6365492516197491,0.12961410662983178,0.31521152209937003,56.19836967966089,92.80879415737824,272.1308087156738,595.6138229682196,-323.48301425254573,0.565760517080403,1.2382823762333046,-0.6725218591529017,54.6139860048427,0.11354259044665842,20.06901984475568,0.828125,53.0,0.08633093525179857,36.0,0.9136690647482014,381.0,0.171875,11.0,0.5955056179775281,0.828125,0.69281045751634,0.6487887816260718,0.8932291666666666,0.597188226003136,0.9022869022869023,0.16049283753870083,0.8395071624612991,0.09771309771309772,0.9218520352147961,0.9022869022869023,0.9087602164021855,0.6487887816260718,0.8932291666666667,0.9271385666343047,0.8173570210943876,0.9022869022869023,13.614,0.082,13.59,0.08,13590.0,80.0,439751.0,1043348.0,161927.0,92.72349272349273,57.276507276507274,?
DatasetClassiRealeseNormalizedShuffled,6,10,weka.classifiers.meta.FilteredClassifier,'-F \"weka.filters.MultiFilter -F \\\"weka.filters.supervised.attribute.AttributeSelection -E \\\\\\\"weka.attributeSelection.WrapperSubsetEval -B weka.classifiers.bayes.NaiveBayes -F 5 -T 0.01 -R 1 -E AUC --\\\\\\\" -S \\\\\\\"weka.attributeSelection.GreedyStepwise -B -T -1.7976931348623157E308 -N -1 -num-slots 1\\\\\\\"\\\" -F \\\"weka.filters.supervised.instance.Resample -B 1.0 -S 1 -Z 200.0\\\" -S 1\" -S 1 -W weka.classifiers.lazy.IBk -- -K 1 -W 0 -A \"weka.core.neighboursearch.LinearNNSearch -A \\\"weka.core.EuclideanDistance -R first-last\\\"\"',-4523450618538717400,2.02604271327E7,4330.0,481.0,432.0,49.0,0.0,89.81288981288981,10.187110187110187,0.0,0.5982853539227218,0.12524387876250884,0.28980857173006924,54.303516660509324,85.32931759474391,272.1308087156738,385.98804641575373,-113.8572377000799,0.565760517080403,0.802469950968303,-0.2367094338879,59.66620782840059,0.12404617012141494,21.925561501101736,0.734375,47.0,0.07673860911270983,32.0,0.9232613908872902,385.0,0.265625,17.0,0.5949367088607594,0.734375,0.6573426573426573,0.6028611248700255,0.9099220623501199,0.6394796557899076,0.8981288981288982,0.24049250724160795,0.7595074927583921,0.10187110187110188,0.9094420395195002,0.8981288981288982,0.9025389025389026,0.6028611248700255,0.9099220623501199,0.935754880347534,0.7987567987567987,0.8981288981288982,13.54,0.083,13.51,0.08,13510.0,80.0,415022.0,1043348.0,161927.0,95.84199584199584,60.4989604989605,?
DatasetClassiRealeseNormalizedShuffled,7,1,weka.classifiers.meta.FilteredClassifier,'-F \"weka.filters.MultiFilter -F \\\"weka.filters.supervised.attribute.AttributeSelection -E \\\\\\\"weka.attributeSelection.WrapperSubsetEval -B weka.classifiers.bayes.NaiveBayes -F 5 -T 0.01 -R 1 -E AUC --\\\\\\\" -S \\\\\\\"weka.attributeSelection.GreedyStepwise -B -T -1.7976931348623157E308 -N -1 -num-slots 1\\\\\\\"\\\" -F \\\"weka.filters.supervised.instance.Resample -B 1.0 -S 1 -Z 200.0\\\" -S 1\" -S 1 -W weka.classifiers.lazy.IBk -- -K 1 -W 0 -A \"weka.core.neighboursearch.LinearNNSearch -A \\\"weka.core.EuclideanDistance -R first-last\\\"\"',-4523450618538717400,2.02604271327E7,4329.0,482.0,436.0,46.0,0.0,90.45643153526972,9.54356846473029,0.0,0.6160825599113452,0.11697045547315814,0.29408940865101485,50.7559404016202,86.6658912589597,272.3366817903761,470.9263628650754,-198.58968107469934,0.565013862635635,0.9770256490976669,-0.41201178646203185,78.2238178675016,0.16229007856328131,28.72320296819666,0.734375,47.0,0.06937799043062201,29.0,0.930622009569378,389.0,0.265625,17.0,0.618421052631579,0.734375,0.6714285714285715,0.6191958077083657,0.8759158193779905,0.5705371270511166,0.9045643153526971,0.2395673057833191,0.7604326942166809,0.0954356846473029,0.9130217516892818,0.9045643153526971,0.9079594960894561,0.6191958077083657,0.8759158193779905,0.92000134809408,0.8078016643550624,0.9045643153526971,13.707,0.081,13.67,0.09,13670.0,90.0,441457.0,1043119.0,162156.0,94.39834024896265,57.468879668049794,?
DatasetClassiRealeseNormalizedShuffled,7,2,weka.classifiers.meta.FilteredClassifier,'-F \"weka.filters.MultiFilter -F \\\"weka.filters.supervised.attribute.AttributeSelection -E \\\\\\\"weka.attributeSelection.WrapperSubsetEval -B weka.classifiers.bayes.NaiveBayes -F 5 -T 0.01 -R 1 -E AUC --\\\\\\\" -S \\\\\\\"weka.attributeSelection.GreedyStepwise -B -T -1.7976931348623157E308 -N -1 -num-slots 1\\\\\\\"\\\" -F \\\"weka.filters.supervised.instance.Resample -B 1.0 -S 1 -Z 200.0\\\" -S 1\" -S 1 -W weka.classifiers.lazy.IBk -- -K 1 -W 0 -A \"weka.core.neighboursearch.LinearNNSearch -A \\\"weka.core.EuclideanDistance -R first-last\\\"\"',-4523450618538717400,2.0260427132799998E7,4330.0,481.0,440.0,41.0,0.0,91.47609147609148,8.523908523908524,0.0,0.6514061478090256,0.10971510281373985,0.28755161577580124,47.85180606888681,85.23011814112532,269.42867131105754,486.4374180931838,-217.00874678212625,0.5601427677984564,1.0113044035201326,-0.4511616357216762,92.73952831901542,0.19280567218090525,34.42080899101748,0.7619047619047619,48.0,0.06220095693779904,26.0,0.937799043062201,392.0,0.23809523809523808,15.0,0.6486486486486487,0.7619047619047619,0.7007299270072993,0.6542738860954723,0.9093377382851067,0.5831612821582756,0.9147609147609148,0.21505710979395187,0.784942890206048,0.08523908523908524,0.9219531381693544,0.9147609147609148,0.9176146612642962,0.6542738860954722,0.9093377382851067,0.9293320735837178,0.8255164786551648,0.9147609147609148,13.479,0.082,13.45,0.08,13450.0,80.0,442160.0,1043348.0,161927.0,93.97089397089397,57.276507276507274,?
DatasetClassiRealeseNormalizedShuffled,7,3,weka.classifiers.meta.FilteredClassifier,'-F \"weka.filters.MultiFilter -F \\\"weka.filters.supervised.attribute.AttributeSelection -E \\\\\\\"weka.attributeSelection.WrapperSubsetEval -B weka.classifiers.bayes.NaiveBayes -F 5 -T 0.01 -R 1 -E AUC --\\\\\\\" -S \\\\\\\"weka.attributeSelection.GreedyStepwise -B -T -1.7976931348623157E308 -N -1 -num-slots 1\\\\\\\"\\\" -F \\\"weka.filters.supervised.instance.Resample -B 1.0 -S 1 -Z 200.0\\\" -S 1\" -S 1 -W weka.classifiers.lazy.IBk -- -K 1 -W 0 -A \"weka.core.neighboursearch.LinearNNSearch -A \\\"weka.core.EuclideanDistance -R first-last\\\"\"',-4523450618538717400,2.0260427132799998E7,4330.0,481.0,438.0,43.0,0.0,91.06029106029106,8.93970893970894,0.0,0.6387816762430362,0.12748465693676242,0.29362433016297435,55.275078194057976,86.45280425092689,272.1308087156738,463.2218254877367,-191.09101677206286,0.565760517080403,0.9630391382281428,-0.3972786211477398,50.77378222531545,0.10555879880522963,18.657858867558293,0.75,48.0,0.06474820143884892,27.0,0.935251798561151,390.0,0.25,16.0,0.64,0.75,0.6906474820143884,0.6415264250921432,0.8917678357314148,0.6716718804757457,0.9106029106029107,0.22535111204175953,0.7746488879582404,0.0893970893970894,0.9179345165552063,0.9106029106029107,0.913542776598626,0.6415264250921433,0.8917678357314148,0.9357274794871495,0.8191998041906694,0.9106029106029107,13.575,0.085,13.55,0.08,13550.0,80.0,414587.0,1043348.0,161927.0,94.38669438669439,59.87525987525988,?
DatasetClassiRealeseNormalizedShuffled,7,4,weka.classifiers.meta.FilteredClassifier,'-F \"weka.filters.MultiFilter -F \\\"weka.filters.supervised.attribute.AttributeSelection -E \\\\\\\"weka.attributeSelection.WrapperSubsetEval -B weka.classifiers.bayes.NaiveBayes -F 5 -T 0.01 -R 1 -E AUC --\\\\\\\" -S \\\\\\\"weka.attributeSelection.GreedyStepwise -B -T -1.7976931348623157E308 -N -1 -num-slots 1\\\\\\\"\\\" -F \\\"weka.filters.supervised.instance.Resample -B 1.0 -S 1 -Z 200.0\\\" -S 1\" -S 1 -W weka.classifiers.lazy.IBk -- -K 1 -W 0 -A \"weka.core.neighboursearch.LinearNNSearch -A \\\"weka.core.EuclideanDistance -R first-last\\\"\"',-4523450618538717400,2.0260427132799998E7,4330.0,481.0,447.0,34.0,0.0,92.93139293139293,7.0686070686070686,0.0,0.7161355273206971,0.06932215062102268,0.25592652989198506,30.05685066915947,75.35331346380634,272.1308087156738,431.037520753668,-158.90671203799417,0.565760517080403,0.8961279017747775,-0.33036738469437454,165.46484406691167,0.3440017548168642,60.80342201892756,0.828125,53.0,0.05515587529976019,23.0,0.9448441247002398,394.0,0.171875,11.0,0.6973684210526315,0.828125,0.7571428571428572,0.7197569276322628,0.9152240707434053,0.7238238517364075,0.9293139293139293,0.15634480461368952,0.8436551953863105,0.07068607068607069,0.9361863888179679,0.9293139293139293,0.9318273756229961,0.7197569276322628,0.9152240707434053,0.9453385986681379,0.857890163364616,0.9293139293139293,12.284,0.089,12.26,0.09,12260.0,90.0,620009.0,1043348.0,161927.0,94.17879417879418,50.935550935550935,?
DatasetClassiRealeseNormalizedShuffled,7,5,weka.classifiers.meta.FilteredClassifier,'-F \"weka.filters.MultiFilter -F \\\"weka.filters.supervised.attribute.AttributeSelection -E \\\\\\\"weka.attributeSelection.WrapperSubsetEval -B weka.classifiers.bayes.NaiveBayes -F 5 -T 0.01 -R 1 -E AUC --\\\\\\\" -S \\\\\\\"weka.attributeSelection.GreedyStepwise -B -T -1.7976931348623157E308 -N -1 -num-slots 1\\\\\\\"\\\" -F \\\"weka.filters.supervised.instance.Resample -B 1.0 -S 1 -Z 200.0\\\" -S 1\" -S 1 -W weka.classifiers.lazy.IBk -- -K 1 -W 0 -A \"weka.core.neighboursearch.LinearNNSearch -A \\\"weka.core.EuclideanDistance -R first-last\\\"\"',-4523450618538717400,2.0260427132799998E7,4330.0,481.0,459.0,22.0,0.0,95.42619542619542,4.573804573804574,0.0,0.8043341592396731,0.04480860860755943,0.20328651600238856,19.428215159871204,59.854336202496214,272.1308087156738,273.52693693267656,-1.3961282170027403,0.565760517080403,0.5686630705461051,-0.0029025534657021626,203.90108919948855,0.42391078835652507,74.92760197267019,0.84375,54.0,0.02877697841726619,12.0,0.9712230215827338,405.0,0.15625,10.0,0.8181818181818182,0.84375,0.8307692307692308,0.8044614375053459,0.9363196942446043,0.7485831234158477,0.9542619542619543,0.13928893267922046,0.8607110673207796,0.04573804573804574,0.9549177621466779,0.9542619542619543,0.9545588117703503,0.8044614375053459,0.9363196942446043,0.9531958407028444,0.9021634615384616,0.9542619542619543,11.974,0.104,11.95,0.1,11950.0,100.0,644986.0,1043348.0,161927.0,96.25779625779626,50.83160083160083,?
DatasetClassiRealeseNormalizedShuffled,7,6,weka.classifiers.meta.FilteredClassifier,'-F \"weka.filters.MultiFilter -F \\\"weka.filters.supervised.attribute.AttributeSelection -E \\\\\\\"weka.attributeSelection.WrapperSubsetEval -B weka.classifiers.bayes.NaiveBayes -F 5 -T 0.01 -R 1 -E AUC --\\\\\\\" -S \\\\\\\"weka.attributeSelection.GreedyStepwise -B -T -1.7976931348623157E308 -N -1 -num-slots 1\\\\\\\"\\\" -F \\\"weka.filters.supervised.instance.Resample -B 1.0 -S 1 -Z 200.0\\\" -S 1\" -S 1 -W weka.classifiers.lazy.IBk -- -K 1 -W 0 -A \"weka.core.neighboursearch.LinearNNSearch -A \\\"weka.core.EuclideanDistance -R first-last\\\"\"',-4523450618538717400,2.0260427132799998E7,4330.0,481.0,432.0,49.0,0.0,89.81288981288981,10.187110187110187,0.0,0.5982853539227218,0.13683296605858639,0.3212900567669303,59.328338642076936,94.59851767060134,272.1308087156738,611.0808742391054,-338.95006552343153,0.565760517080403,1.270438407981508,-0.7046778909011051,44.20556209837957,0.09190345550598664,16.24423280370514,0.734375,47.0,0.07673860911270983,32.0,0.9232613908872902,385.0,0.265625,17.0,0.5949367088607594,0.734375,0.6573426573426573,0.6028611248700255,0.8785783872901679,0.5505992659438289,0.8981288981288982,0.24049250724160795,0.7595074927583921,0.10187110187110188,0.9094420395195002,0.8981288981288982,0.9025389025389026,0.6028611248700255,0.8785783872901679,0.9182573944416152,0.7987567987567987,0.8981288981288982,13.543,0.081,13.51,0.08,13510.0,80.0,439629.0,1043348.0,161927.0,92.51559251559252,58.316008316008315,?
DatasetClassiRealeseNormalizedShuffled,7,7,weka.classifiers.meta.FilteredClassifier,'-F \"weka.filters.MultiFilter -F \\\"weka.filters.supervised.attribute.AttributeSelection -E \\\\\\\"weka.attributeSelection.WrapperSubsetEval -B weka.classifiers.bayes.NaiveBayes -F 5 -T 0.01 -R 1 -E AUC --\\\\\\\" -S \\\\\\\"weka.attributeSelection.GreedyStepwise -B -T -1.7976931348623157E308 -N -1 -num-slots 1\\\\\\\"\\\" -F \\\"weka.filters.supervised.instance.Resample -B 1.0 -S 1 -Z 200.0\\\" -S 1\" -S 1 -W weka.classifiers.lazy.IBk -- -K 1 -W 0 -A \"weka.core.neighboursearch.LinearNNSearch -A \\\"weka.core.EuclideanDistance -R first-last\\\"\"',-4523450618538717400,2.02604271329E7,4330.0,481.0,438.0,43.0,0.0,91.06029106029106,8.93970893970894,0.0,0.6431812300526181,0.1205903095195501,0.294061771733524,52.28581186397367,86.58160165149978,272.1308087156738,487.5138883116656,-215.38307959599177,0.565760517080403,1.0135423873423401,-0.44778187026193716,67.8870359070457,0.1411372887880368,24.946471965978336,0.765625,49.0,0.0671462829736211,28.0,0.9328537170263789,389.0,0.234375,15.0,0.6363636363636364,0.765625,0.6950354609929078,0.6469565986666621,0.9019034772182254,0.6663351982702352,0.9106029106029107,0.2121241935765317,0.7878758064234683,0.0893970893970894,0.9194274417046695,0.9106029106029107,0.9140162806941774,0.6469565986666621,0.9019034772182255,0.9370843477297324,0.8213301543697791,0.9106029106029107,13.722,0.081,13.69,0.08,13690.0,80.0,415324.0,1043348.0,161927.0,93.97089397089397,58.731808731808734,?
DatasetClassiRealeseNormalizedShuffled,7,8,weka.classifiers.meta.FilteredClassifier,'-F \"weka.filters.MultiFilter -F \\\"weka.filters.supervised.attribute.AttributeSelection -E \\\\\\\"weka.attributeSelection.WrapperSubsetEval -B weka.classifiers.bayes.NaiveBayes -F 5 -T 0.01 -R 1 -E AUC --\\\\\\\" -S \\\\\\\"weka.attributeSelection.GreedyStepwise -B -T -1.7976931348623157E308 -N -1 -num-slots 1\\\\\\\"\\\" -F \\\"weka.filters.supervised.instance.Resample -B 1.0 -S 1 -Z 200.0\\\" -S 1\" -S 1 -W weka.classifiers.lazy.IBk -- -K 1 -W 0 -A \"weka.core.neighboursearch.LinearNNSearch -A \\\"weka.core.EuclideanDistance -R first-last\\\"\"',-4523450618538717400,2.02604271329E7,4330.0,481.0,460.0,21.0,0.0,95.63409563409563,4.365904365904366,0.0,0.8144392394599066,0.04163207261851965,0.19863150769891805,18.050925693049248,58.48374636948407,272.1308087156738,262.6795668277016,9.45124188797223,0.565760517080403,0.5461113655461571,0.0196491515342458,208.45395712566258,0.43337621024046274,76.60064588403816,0.859375,55.0,0.02877697841726619,12.0,0.9712230215827338,405.0,0.140625,9.0,0.8208955223880597,0.859375,0.8396946564885497,0.81472554771014,0.9250037470023981,0.7504497806449208,0.9563409563409564,0.12574293475822254,0.8742570652417775,0.04365904365904366,0.9573224449927891,0.9563409563409564,0.9567620621165968,0.8147255477101402,0.9250037470023981,0.9495001393674628,0.9072119491829029,0.9563409563409564,11.99,0.089,11.96,0.09,11960.0,90.0,645593.0,1043348.0,161927.0,96.46569646569647,50.51975051975052,?
DatasetClassiRealeseNormalizedShuffled,7,9,weka.classifiers.meta.FilteredClassifier,'-F \"weka.filters.MultiFilter -F \\\"weka.filters.supervised.attribute.AttributeSelection -E \\\\\\\"weka.attributeSelection.WrapperSubsetEval -B weka.classifiers.bayes.NaiveBayes -F 5 -T 0.01 -R 1 -E AUC --\\\\\\\" -S \\\\\\\"weka.attributeSelection.GreedyStepwise -B -T -1.7976931348623157E308 -N -1 -num-slots 1\\\\\\\"\\\" -F \\\"weka.filters.supervised.instance.Resample -B 1.0 -S 1 -Z 200.0\\\" -S 1\" -S 1 -W weka.classifiers.lazy.IBk -- -K 1 -W 0 -A \"weka.core.neighboursearch.LinearNNSearch -A \\\"weka.core.EuclideanDistance -R first-last\\\"\"',-4523450618538717400,2.02604271329E7,4330.0,481.0,453.0,28.0,0.0,94.17879417879418,5.8212058212058215,0.0,0.757307096262659,0.05903516318529075,0.23926108276367145,25.596596011428932,70.44644952123532,272.1308087156738,398.23217441070574,-126.10136569503192,0.565760517080403,0.8279255185253758,-0.2621650014449728,181.94258372974753,0.3782590098331549,66.8585025666255,0.828125,53.0,0.0407673860911271,17.0,0.9592326139088729,400.0,0.171875,11.0,0.7571428571428571,0.828125,0.7910447761194029,0.7583332788901838,0.8969574340527577,0.7183958561790147,0.9417879417879418,0.15443032787906888,0.8455696721209311,0.058212058212058215,0.944483490468892,0.9417879417879418,0.9428802835681486,0.7583332788901838,0.8969574340527577,0.9406754120651988,0.8786141754993151,0.9417879417879418,11.41,0.091,11.39,0.09,11390.0,90.0,667430.0,1043348.0,161927.0,94.5945945945946,50.41580041580042,?
DatasetClassiRealeseNormalizedShuffled,7,10,weka.classifiers.meta.FilteredClassifier,'-F \"weka.filters.MultiFilter -F \\\"weka.filters.supervised.attribute.AttributeSelection -E \\\\\\\"weka.attributeSelection.WrapperSubsetEval -B weka.classifiers.bayes.NaiveBayes -F 5 -T 0.01 -R 1 -E AUC --\\\\\\\" -S \\\\\\\"weka.attributeSelection.GreedyStepwise -B -T -1.7976931348623157E308 -N -1 -num-slots 1\\\\\\\"\\\" -F \\\"weka.filters.supervised.instance.Resample -B 1.0 -S 1 -Z 200.0\\\" -S 1\" -S 1 -W weka.classifiers.lazy.IBk -- -K 1 -W 0 -A \"weka.core.neighboursearch.LinearNNSearch -A \\\"weka.core.EuclideanDistance -R first-last\\\"\"',-4523450618538717400,2.02604271329E7,4330.0,481.0,430.0,51.0,0.0,89.3970893970894,10.602910602910603,0.0,0.5964565957656816,0.1473878167380845,0.33203554446612826,63.90473403470261,97.76234794353508,272.1308087156738,609.784169031315,-337.6533603156411,0.565760517080403,1.267742555158659,-0.701982038078256,20.656746709950987,0.04294541935540746,7.59074167582894,0.765625,49.0,0.08633093525179857,36.0,0.9136690647482014,381.0,0.234375,15.0,0.5764705882352941,0.765625,0.6577181208053692,0.6048654505790713,0.8771732613908872,0.6213038368177666,0.893970893970894,0.21467682922269252,0.7853231707773074,0.10602910602910603,0.9108080313962668,0.893970893970894,0.9000733641264611,0.6048654505790714,0.8771732613908874,0.9258535422087837,0.7974937467495481,0.893970893970894,13.844,0.081,13.82,0.08,13820.0,80.0,414740.0,1043348.0,161927.0,92.72349272349273,59.04365904365904,?
DatasetClassiRealeseNormalizedShuffled,8,1,weka.classifiers.meta.FilteredClassifier,'-F \"weka.filters.MultiFilter -F \\\"weka.filters.supervised.attribute.AttributeSelection -E \\\\\\\"weka.attributeSelection.WrapperSubsetEval -B weka.classifiers.bayes.NaiveBayes -F 5 -T 0.01 -R 1 -E AUC --\\\\\\\" -S \\\\\\\"weka.attributeSelection.GreedyStepwise -B -T -1.7976931348623157E308 -N -1 -num-slots 1\\\\\\\"\\\" -F \\\"weka.filters.supervised.instance.Resample -B 1.0 -S 1 -Z 200.0\\\" -S 1\" -S 1 -W weka.classifiers.lazy.IBk -- -K 1 -W 0 -A \"weka.core.neighboursearch.LinearNNSearch -A \\\"weka.core.EuclideanDistance -R first-last\\\"\"',-4523450618538717400,2.0260427132999998E7,4329.0,482.0,438.0,44.0,0.0,90.87136929460581,9.12863070539419,0.0,0.6372220321587411,0.12124669911455235,0.30299464288479844,52.61149244275266,89.29019542986066,272.3366817903761,540.6296643675024,-268.29298257712634,0.565013862635635,1.121638307816395,-0.55662444518076,69.29664576403218,0.14376897461417465,25.445211900382716,0.765625,49.0,0.06937799043062201,29.0,0.930622009569378,389.0,0.234375,15.0,0.6282051282051282,0.765625,0.6901408450704225,0.6415100830097485,0.887653259569378,0.611628729278179,0.9087136929460581,0.2124666833766801,0.7875333166233198,0.0912863070539419,0.918434286773714,0.9087136929460581,0.9124363448563486,0.6415100830097485,0.887653259569378,0.9281555320014694,0.8183064322675713,0.9087136929460581,13.688,0.082,13.66,0.08,13660.0,80.0,412810.0,1043119.0,162156.0,93.3609958506224,57.365145228215766,?
DatasetClassiRealeseNormalizedShuffled,8,2,weka.classifiers.meta.FilteredClassifier,'-F \"weka.filters.MultiFilter -F \\\"weka.filters.supervised.attribute.AttributeSelection -E \\\\\\\"weka.attributeSelection.WrapperSubsetEval -B weka.classifiers.bayes.NaiveBayes -F 5 -T 0.01 -R 1 -E AUC --\\\\\\\" -S \\\\\\\"weka.attributeSelection.GreedyStepwise -B -T -1.7976931348623157E308 -N -1 -num-slots 1\\\\\\\"\\\" -F \\\"weka.filters.supervised.instance.Resample -B 1.0 -S 1 -Z 200.0\\\" -S 1\" -S 1 -W weka.classifiers.lazy.IBk -- -K 1 -W 0 -A \"weka.core.neighboursearch.LinearNNSearch -A \\\"weka.core.EuclideanDistance -R first-last\\\"\"',-4523450618538717400,2.0260427132999998E7,4330.0,481.0,456.0,25.0,0.0,94.8024948024948,5.197505197505198,0.0,0.7951552731546943,0.04901252312915519,0.21641352851281812,21.37661718008664,64.14483379869607,269.42867131105754,320.8024391397662,-51.37376782870865,0.5601427677984564,0.6669489379205118,-0.10680617012205541,194.02359613561816,0.4033754597414099,72.01297292952776,0.9365079365079365,59.0,0.050239234449760764,21.0,0.9497607655502392,397.0,0.06349206349206349,4.0,0.7375,0.9365079365079365,0.8251748251748251,0.8029835503988949,0.9399065846434268,0.7373923885226856,0.9480249480249481,0.06175624596677228,0.9382437540332278,0.05197505197505198,0.9569499458215169,0.9480249480249481,0.9505749505749506,0.8029835503988949,0.9399065846434268,0.9540242351502003,0.8973248973248973,0.9480249480249481,12.543,0.091,12.51,0.09,12510.0,90.0,620276.0,1043348.0,161927.0,95.84199584199584,50.51975051975052,?
DatasetClassiRealeseNormalizedShuffled,8,3,weka.classifiers.meta.FilteredClassifier,'-F \"weka.filters.MultiFilter -F \\\"weka.filters.supervised.attribute.AttributeSelection -E \\\\\\\"weka.attributeSelection.WrapperSubsetEval -B weka.classifiers.bayes.NaiveBayes -F 5 -T 0.01 -R 1 -E AUC --\\\\\\\" -S \\\\\\\"weka.attributeSelection.GreedyStepwise -B -T -1.7976931348623157E308 -N -1 -num-slots 1\\\\\\\"\\\" -F \\\"weka.filters.supervised.instance.Resample -B 1.0 -S 1 -Z 200.0\\\" -S 1\" -S 1 -W weka.classifiers.lazy.IBk -- -K 1 -W 0 -A \"weka.core.neighboursearch.LinearNNSearch -A \\\"weka.core.EuclideanDistance -R first-last\\\"\"',-4523450618538717400,2.0260427132999998E7,4330.0,481.0,428.0,53.0,0.0,88.98128898128898,11.018711018711018,0.0,0.5806313642270807,0.13871560108292386,0.3036702986195806,60.14461568028354,89.41067270824415,272.1308087156738,393.69664934589974,-121.56584063022592,0.565760517080403,0.818496152486278,-0.25273563540587507,32.92199945605018,0.06844490531403363,12.097858236421718,0.75,48.0,0.08872901678657075,37.0,0.9112709832134293,380.0,0.25,16.0,0.5647058823529412,0.75,0.6442953020134228,0.5888171146681809,0.9010978717026379,0.7098620240245256,0.8898128898128899,0.22854190659946055,0.7714580934005394,0.1101871101871102,0.9070534129357658,0.8898128898128899,0.8961546725235772,0.5888171146681809,0.9010978717026379,0.9427762743986954,0.789552325053452,0.8898128898128899,13.811,0.082,13.78,0.08,13780.0,80.0,413766.0,1043348.0,161927.0,96.04989604989605,61.53846153846154,?
DatasetClassiRealeseNormalizedShuffled,8,4,weka.classifiers.meta.FilteredClassifier,'-F \"weka.filters.MultiFilter -F \\\"weka.filters.supervised.attribute.AttributeSelection -E \\\\\\\"weka.attributeSelection.WrapperSubsetEval -B weka.classifiers.bayes.NaiveBayes -F 5 -T 0.01 -R 1 -E AUC --\\\\\\\" -S \\\\\\\"weka.attributeSelection.GreedyStepwise -B -T -1.7976931348623157E308 -N -1 -num-slots 1\\\\\\\"\\\" -F \\\"weka.filters.supervised.instance.Resample -B 1.0 -S 1 -Z 200.0\\\" -S 1\" -S 1 -W weka.classifiers.lazy.IBk -- -K 1 -W 0 -A \"weka.core.neighboursearch.LinearNNSearch -A \\\"weka.core.EuclideanDistance -R first-last\\\"\"',-4523450618538717400,2.0260427132999998E7,4330.0,481.0,423.0,58.0,0.0,87.94178794178794,12.058212058212058,0.0,0.5216228265715559,0.14233858540306377,0.3267538926465452,61.715477197296664,96.20725334144088,272.1308087156738,597.2816617774849,-325.1508530618111,0.565760517080403,1.2417498165852079,-0.6759892995048048,37.34791836121542,0.07764639991936678,13.724252148251638,0.65625,42.0,0.08633093525179857,36.0,0.9136690647482014,381.0,0.34375,22.0,0.5384615384615384,0.65625,0.5915492957746479,0.5251354962238708,0.8252398081534772,0.5085151507719956,0.8794178794178794,0.309498814669678,0.690501185330322,0.12058212058212059,0.8912625165726903,0.8794178794178794,0.884332708894715,0.5251354962238708,0.8252398081534772,0.8990114250647673,0.7604087942287874,0.8794178794178794,13.729,0.08,13.7,0.08,13700.0,80.0,416564.0,1043348.0,161927.0,92.93139293139293,59.147609147609145,?
DatasetClassiRealeseNormalizedShuffled,8,5,weka.classifiers.meta.FilteredClassifier,'-F \"weka.filters.MultiFilter -F \\\"weka.filters.supervised.attribute.AttributeSelection -E \\\\\\\"weka.attributeSelection.WrapperSubsetEval -B weka.classifiers.bayes.NaiveBayes -F 5 -T 0.01 -R 1 -E AUC --\\\\\\\" -S \\\\\\\"weka.attributeSelection.GreedyStepwise -B -T -1.7976931348623157E308 -N -1 -num-slots 1\\\\\\\"\\\" -F \\\"weka.filters.supervised.instance.Resample -B 1.0 -S 1 -Z 200.0\\\" -S 1\" -S 1 -W weka.classifiers.lazy.IBk -- -K 1 -W 0 -A \"weka.core.neighboursearch.LinearNNSearch -A \\\"weka.core.EuclideanDistance -R first-last\\\"\"',-4523450618538717400,2.0260427132999998E7,4330.0,481.0,457.0,24.0,0.0,95.01039501039502,4.98960498960499,0.0,0.7971391417425228,0.046229564651851504,0.2065164943773419,20.044316409588838,60.8053496557396,272.1308087156738,256.067979104683,16.062829610990832,0.565760517080403,0.5323658609244969,0.033394656155906095,200.3616195523817,0.4165522236016252,73.62695186847529,0.890625,57.0,0.0407673860911271,17.0,0.9592326139088729,400.0,0.109375,7.0,0.7702702702702703,0.890625,0.8260869565217391,0.8000020863963418,0.9447504496402878,0.7652052110283992,0.9501039501039501,0.1002463361950772,0.8997536638049228,0.0498960498960499,0.9545224680359815,0.9501039501039501,0.951609010705676,0.8000020863963418,0.9447504496402878,0.9570346224541436,0.8984803714647531,0.9501039501039501,12.362,0.087,12.34,0.08,12340.0,80.0,619929.0,1043348.0,161927.0,96.67359667359668,50.935550935550935,?
DatasetClassiRealeseNormalizedShuffled,8,6,weka.classifiers.meta.FilteredClassifier,'-F \"weka.filters.MultiFilter -F \\\"weka.filters.supervised.attribute.AttributeSelection -E \\\\\\\"weka.attributeSelection.WrapperSubsetEval -B weka.classifiers.bayes.NaiveBayes -F 5 -T 0.01 -R 1 -E AUC --\\\\\\\" -S \\\\\\\"weka.attributeSelection.GreedyStepwise -B -T -1.7976931348623157E308 -N -1 -num-slots 1\\\\\\\"\\\" -F \\\"weka.filters.supervised.instance.Resample -B 1.0 -S 1 -Z 200.0\\\" -S 1\" -S 1 -W weka.classifiers.lazy.IBk -- -K 1 -W 0 -A \"weka.core.neighboursearch.LinearNNSearch -A \\\"weka.core.EuclideanDistance -R first-last\\\"\"',-4523450618538717400,2.02604271331E7,4330.0,481.0,462.0,19.0,0.0,96.04989604989605,3.95010395010395,0.0,0.8321116928446773,0.03769197263649805,0.18894654305753525,16.34256846927225,55.632169486008905,272.1308087156738,235.04474585871284,37.08606285696098,0.565760517080403,0.4886585152987793,0.07710200178162366,214.4883084799507,0.4459216392514567,78.81809101006682,0.875,56.0,0.026378896882494004,11.0,0.973621103117506,406.0,0.125,8.0,0.835820895522388,0.875,0.8549618320610687,0.8324042136752493,0.9123201438848921,0.7855899160241435,0.9604989604989606,0.11187785738145449,0.8881221426185455,0.0395010395010395,0.9614024247379211,0.9604989604989606,0.9608799609626352,0.8324042136752493,0.912320143884892,0.952098778811908,0.9160489064035788,0.9604989604989606,11.876,0.09,11.85,0.09,11850.0,90.0,640352.0,1043348.0,161927.0,96.88149688149689,50.51975051975052,?
DatasetClassiRealeseNormalizedShuffled,8,7,weka.classifiers.meta.FilteredClassifier,'-F \"weka.filters.MultiFilter -F \\\"weka.filters.supervised.attribute.AttributeSelection -E \\\\\\\"weka.attributeSelection.WrapperSubsetEval -B weka.classifiers.bayes.NaiveBayes -F 5 -T 0.01 -R 1 -E AUC --\\\\\\\" -S \\\\\\\"weka.attributeSelection.GreedyStepwise -B -T -1.7976931348623157E308 -N -1 -num-slots 1\\\\\\\"\\\" -F \\\"weka.filters.supervised.instance.Resample -B 1.0 -S 1 -Z 200.0\\\" -S 1\" -S 1 -W weka.classifiers.lazy.IBk -- -K 1 -W 0 -A \"weka.core.neighboursearch.LinearNNSearch -A \\\"weka.core.EuclideanDistance -R first-last\\\"\"',-4523450618538717400,2.02604271331E7,4330.0,481.0,449.0,32.0,0.0,93.34719334719335,6.652806652806653,0.0,0.7261209964412811,0.1051712552622383,0.27228061430544737,45.600384376224284,80.16850182955056,272.1308087156738,438.0335176133446,-165.90270889767078,0.565760517080403,0.9106725937907372,-0.34491207671033425,97.11335356752997,0.20189886396575876,35.68627676735984,0.8125,52.0,0.047961630695443645,20.0,0.9520383693045563,397.0,0.1875,12.0,0.7222222222222222,0.8125,0.7647058823529411,0.7278290709054654,0.9152240707434053,0.7183706897266792,0.9334719334719335,0.16893356416737712,0.831066435832623,0.06652806652806653,0.9376039571638594,0.9334719334719335,0.935106471497299,0.7278290709054654,0.9152240707434053,0.9461902452020109,0.8629824811280444,0.9334719334719335,13.477,0.083,13.45,0.08,13450.0,80.0,439074.0,1043348.0,161927.0,94.5945945945946,57.9002079002079,?
DatasetClassiRealeseNormalizedShuffled,8,8,weka.classifiers.meta.FilteredClassifier,'-F \"weka.filters.MultiFilter -F \\\"weka.filters.supervised.attribute.AttributeSelection -E \\\\\\\"weka.attributeSelection.WrapperSubsetEval -B weka.classifiers.bayes.NaiveBayes -F 5 -T 0.01 -R 1 -E AUC --\\\\\\\" -S \\\\\\\"weka.attributeSelection.GreedyStepwise -B -T -1.7976931348623157E308 -N -1 -num-slots 1\\\\\\\"\\\" -F \\\"weka.filters.supervised.instance.Resample -B 1.0 -S 1 -Z 200.0\\\" -S 1\" -S 1 -W weka.classifiers.lazy.IBk -- -K 1 -W 0 -A \"weka.core.neighboursearch.LinearNNSearch -A \\\"weka.core.EuclideanDistance -R first-last\\\"\"',-4523450618538717400,2.02604271331E7,4330.0,481.0,438.0,43.0,0.0,91.06029106029106,8.93970893970894,0.0,0.6516664701820573,0.11938644290224382,0.30151214992905057,51.763836725900155,88.77524169275837,272.1308087156738,538.8452467177217,-266.71443800204787,0.565760517080403,1.1202603881865316,-0.5544998711061286,71.98544333721057,0.14965788635594712,26.45251512570265,0.796875,51.0,0.07194244604316546,30.0,0.9280575539568345,387.0,0.203125,13.0,0.6296296296296297,0.796875,0.7034482758620689,0.6579351848401984,0.8842925659472423,0.6460817789061362,0.9106029106029107,0.18567035664607606,0.814329643353924,0.0893970893970894,0.922544275044275,0.9106029106029107,0.9149133497590849,0.6579351848401984,0.8842925659472423,0.9303799891432377,0.8254083484573502,0.9106029106029107,13.499,0.082,13.46,0.08,13460.0,80.0,441861.0,1043348.0,161927.0,93.34719334719335,57.484407484407484,?
DatasetClassiRealeseNormalizedShuffled,8,9,weka.classifiers.meta.FilteredClassifier,'-F \"weka.filters.MultiFilter -F \\\"weka.filters.supervised.attribute.AttributeSelection -E \\\\\\\"weka.attributeSelection.WrapperSubsetEval -B weka.classifiers.bayes.NaiveBayes -F 5 -T 0.01 -R 1 -E AUC --\\\\\\\" -S \\\\\\\"weka.attributeSelection.GreedyStepwise -B -T -1.7976931348623157E308 -N -1 -num-slots 1\\\\\\\"\\\" -F \\\"weka.filters.supervised.instance.Resample -B 1.0 -S 1 -Z 200.0\\\" -S 1\" -S 1 -W weka.classifiers.lazy.IBk -- -K 1 -W 0 -A \"weka.core.neighboursearch.LinearNNSearch -A \\\"weka.core.EuclideanDistance -R first-last\\\"\"',-4523450618538717400,2.02604271331E7,4330.0,481.0,432.0,49.0,0.0,89.81288981288981,10.187110187110187,0.0,0.6030617916028094,0.12102377869175232,0.3035911704345982,52.4737563818781,89.38737472921353,272.1308087156738,478.5202448565308,-206.38943614085696,0.565760517080403,0.9948445839013114,-0.42908406682090844,72.31003899519682,0.1503327214037356,26.571794401547304,0.75,48.0,0.07913669064748201,33.0,0.920863309352518,384.0,0.25,16.0,0.5925925925925926,0.75,0.6620689655172414,0.6088629528804937,0.8861473321342925,0.6006945320819135,0.8981288981288982,0.22726558877638015,0.7727344112236199,0.10187110187110188,0.9111141911141911,0.8981288981288982,0.9030407939115153,0.6088629528804937,0.8861473321342926,0.9258361993757699,0.8010467226607014,0.8981288981288982,13.511,0.081,13.47,0.08,13470.0,80.0,440870.0,1043348.0,161927.0,94.38669438669439,57.69230769230769,?
DatasetClassiRealeseNormalizedShuffled,8,10,weka.classifiers.meta.FilteredClassifier,'-F \"weka.filters.MultiFilter -F \\\"weka.filters.supervised.attribute.AttributeSelection -E \\\\\\\"weka.attributeSelection.WrapperSubsetEval -B weka.classifiers.bayes.NaiveBayes -F 5 -T 0.01 -R 1 -E AUC --\\\\\\\" -S \\\\\\\"weka.attributeSelection.GreedyStepwise -B -T -1.7976931348623157E308 -N -1 -num-slots 1\\\\\\\"\\\" -F \\\"weka.filters.supervised.instance.Resample -B 1.0 -S 1 -Z 200.0\\\" -S 1\" -S 1 -W weka.classifiers.lazy.IBk -- -K 1 -W 0 -A \"weka.core.neighboursearch.LinearNNSearch -A \\\"weka.core.EuclideanDistance -R first-last\\\"\"',-4523450618538717400,2.0260427133199997E7,4330.0,481.0,438.0,43.0,0.0,91.06029106029106,8.93970893970894,0.0,0.6249070564552694,0.12147507826308872,0.28833708117585827,52.66943184349022,84.89606165587236,272.1308087156738,434.0580806698227,-161.92727195414886,0.565760517080403,0.9024076521202135,-0.33664713503981053,68.28309807692983,0.14196070286263998,25.092013065037772,0.703125,45.0,0.05755395683453238,24.0,0.9424460431654677,393.0,0.296875,19.0,0.6521739130434783,0.703125,0.6766917293233083,0.6255022887430572,0.899037020383693,0.6912611508844551,0.9106029106029107,0.265031867437443,0.7349681325625571,0.0893970893970894,0.9137391848451368,0.9106029106029107,0.9120137138675645,0.6255022887430572,0.899037020383693,0.9403724467722098,0.8124110033830052,0.9106029106029107,13.523,0.081,13.49,0.08,13490.0,80.0,414285.0,1043348.0,161927.0,94.8024948024948,59.66735966735967,?
DatasetClassiRealeseNormalizedShuffled,9,1,weka.classifiers.meta.FilteredClassifier,'-F \"weka.filters.MultiFilter -F \\\"weka.filters.supervised.attribute.AttributeSelection -E \\\\\\\"weka.attributeSelection.WrapperSubsetEval -B weka.classifiers.bayes.NaiveBayes -F 5 -T 0.01 -R 1 -E AUC --\\\\\\\" -S \\\\\\\"weka.attributeSelection.GreedyStepwise -B -T -1.7976931348623157E308 -N -1 -num-slots 1\\\\\\\"\\\" -F \\\"weka.filters.supervised.instance.Resample -B 1.0 -S 1 -Z 200.0\\\" -S 1\" -S 1 -W weka.classifiers.lazy.IBk -- -K 1 -W 0 -A \"weka.core.neighboursearch.LinearNNSearch -A \\\"weka.core.EuclideanDistance -R first-last\\\"\"',-4523450618538717400,2.0260427133199997E7,4329.0,482.0,452.0,30.0,0.0,93.7759336099585,6.224066390041494,0.0,0.736707938820102,0.05866187347874713,0.23720201213015227,25.4546205030203,69.90161217969207,272.3366817903761,375.5393072847641,-103.20262549438803,0.565013862635635,0.779127193536855,-0.21411333090121998,182.039905695207,0.37767615289462036,66.84369674274264,0.796875,51.0,0.04066985645933014,17.0,0.9593301435406698,401.0,0.203125,13.0,0.75,0.796875,0.7727272727272727,0.7371623196524199,0.8915221291866029,0.697679885066653,0.9377593360995851,0.18155419255891522,0.8184458074410847,0.06224066390041494,0.9395734359652814,0.9377593360995851,0.9385527594811828,0.7371623196524199,0.8915221291866029,0.9362026753390262,0.8683347902097902,0.9377593360995851,12.233,0.088,12.2,0.09,12200.0,90.0,623042.0,1043119.0,162156.0,94.81327800829875,50.518672199170126,?
DatasetClassiRealeseNormalizedShuffled,9,2,weka.classifiers.meta.FilteredClassifier,'-F \"weka.filters.MultiFilter -F \\\"weka.filters.supervised.attribute.AttributeSelection -E \\\\\\\"weka.attributeSelection.WrapperSubsetEval -B weka.classifiers.bayes.NaiveBayes -F 5 -T 0.01 -R 1 -E AUC --\\\\\\\" -S \\\\\\\"weka.attributeSelection.GreedyStepwise -B -T -1.7976931348623157E308 -N -1 -num-slots 1\\\\\\\"\\\" -F \\\"weka.filters.supervised.instance.Resample -B 1.0 -S 1 -Z 200.0\\\" -S 1\" -S 1 -W weka.classifiers.lazy.IBk -- -K 1 -W 0 -A \"weka.core.neighboursearch.LinearNNSearch -A \\\"weka.core.EuclideanDistance -R first-last\\\"\"',-4523450618538717400,2.0260427133199997E7,4330.0,481.0,461.0,20.0,0.0,95.84199584199584,4.158004158004158,0.0,0.8266916480507314,0.04302762990418097,0.20207659047919557,18.766329784825725,59.8953743787206,269.42867131105754,280.6688663953678,-11.240195084310244,0.5601427677984564,0.5835111567471264,-0.023368388948669945,205.01696161837862,0.42623068943529857,76.09322371696845,0.9047619047619048,57.0,0.03349282296650718,14.0,0.9665071770334929,404.0,0.09523809523809523,6.0,0.8028169014084507,0.9047619047619048,0.8507462686567164,0.8286852631090894,0.9437229437229437,0.7414448335310488,0.9584199584199584,0.08715087662456085,0.9128491233754392,0.04158004158004158,0.961456115629939,0.9584199584199584,0.9594602839249173,0.8286852631090894,0.9437229437229437,0.9546997694688732,0.9132958396423678,0.9584199584199584,12.15,0.089,12.12,0.09,12120.0,90.0,619331.0,1043348.0,161927.0,96.25779625779626,50.51975051975052,?
DatasetClassiRealeseNormalizedShuffled,9,3,weka.classifiers.meta.FilteredClassifier,'-F \"weka.filters.MultiFilter -F \\\"weka.filters.supervised.attribute.AttributeSelection -E \\\\\\\"weka.attributeSelection.WrapperSubsetEval -B weka.classifiers.bayes.NaiveBayes -F 5 -T 0.01 -R 1 -E AUC --\\\\\\\" -S \\\\\\\"weka.attributeSelection.GreedyStepwise -B -T -1.7976931348623157E308 -N -1 -num-slots 1\\\\\\\"\\\" -F \\\"weka.filters.supervised.instance.Resample -B 1.0 -S 1 -Z 200.0\\\" -S 1\" -S 1 -W weka.classifiers.lazy.IBk -- -K 1 -W 0 -A \"weka.core.neighboursearch.LinearNNSearch -A \\\"weka.core.EuclideanDistance -R first-last\\\"\"',-4523450618538717400,2.0260427133199997E7,4330.0,481.0,435.0,46.0,0.0,90.43659043659044,9.563409563409563,0.0,0.6251355380862021,0.13229784312996137,0.31154659719777644,57.36199005925289,91.72971792777575,272.1308087156738,584.9506424118283,-312.8198336961545,0.565760517080403,1.2161136016877927,-0.6503530846073898,48.463933628915484,0.10075661877113407,17.809058025308445,0.765625,49.0,0.07434052757793765,31.0,0.9256594724220624,386.0,0.234375,15.0,0.6125,0.765625,0.6805555555555556,0.6305182138100505,0.8633093525179856,0.64167863665396,0.9043659043659044,0.21308143194384202,0.7869185680561579,0.09563409563409564,0.9160114267346188,0.9043659043659044,0.9087436129000921,0.6305182138100504,0.8633093525179856,0.9254208061864423,0.8121604183645749,0.9043659043659044,13.497,0.081,13.46,0.08,13460.0,80.0,439029.0,1043348.0,161927.0,92.72349272349273,58.93970893970894,?
DatasetClassiRealeseNormalizedShuffled,9,4,weka.classifiers.meta.FilteredClassifier,'-F \"weka.filters.MultiFilter -F \\\"weka.filters.supervised.attribute.AttributeSelection -E \\\\\\\"weka.attributeSelection.WrapperSubsetEval -B weka.classifiers.bayes.NaiveBayes -F 5 -T 0.01 -R 1 -E AUC --\\\\\\\" -S \\\\\\\"weka.attributeSelection.GreedyStepwise -B -T -1.7976931348623157E308 -N -1 -num-slots 1\\\\\\\"\\\" -F \\\"weka.filters.supervised.instance.Resample -B 1.0 -S 1 -Z 200.0\\\" -S 1\" -S 1 -W weka.classifiers.lazy.IBk -- -K 1 -W 0 -A \"weka.core.neighboursearch.LinearNNSearch -A \\\"weka.core.EuclideanDistance -R first-last\\\"\"',-4523450618538717400,2.0260427133199997E7,4330.0,481.0,441.0,40.0,0.0,91.68399168399168,8.316008316008316,0.0,0.6853226914395997,0.11909934882865382,0.2882599073620605,51.63935784547607,84.87333910895721,272.1308087156738,432.3831935400515,-160.25238482437766,0.565760517080403,0.8989255582953253,-0.33316504121492235,69.84082819028833,0.14519922700683646,25.664432674824052,0.859375,55.0,0.07434052757793765,31.0,0.9256594724220624,386.0,0.140625,9.0,0.6395348837209303,0.859375,0.7333333333333334,0.6958233027431656,0.9217063848920863,0.6655275549874591,0.9168399168399168,0.1318054444178545,0.8681945555821454,0.08316008316008316,0.9322847541275566,0.9168399168399168,0.9218117700876323,0.6958233027431656,0.9217063848920863,0.9419017952583606,0.8420361247947455,0.9168399168399168,13.496,0.082,13.46,0.08,13460.0,80.0,413774.0,1043348.0,161927.0,95.21829521829522,58.93970893970894,?
DatasetClassiRealeseNormalizedShuffled,9,5,weka.classifiers.meta.FilteredClassifier,'-F \"weka.filters.MultiFilter -F \\\"weka.filters.supervised.attribute.AttributeSelection -E \\\\\\\"weka.attributeSelection.WrapperSubsetEval -B weka.classifiers.bayes.NaiveBayes -F 5 -T 0.01 -R 1 -E AUC --\\\\\\\" -S \\\\\\\"weka.attributeSelection.GreedyStepwise -B -T -1.7976931348623157E308 -N -1 -num-slots 1\\\\\\\"\\\" -F \\\"weka.filters.supervised.instance.Resample -B 1.0 -S 1 -Z 200.0\\\" -S 1\" -S 1 -W weka.classifiers.lazy.IBk -- -K 1 -W 0 -A \"weka.core.neighboursearch.LinearNNSearch -A \\\"weka.core.EuclideanDistance -R first-last\\\"\"',-4523450618538717400,2.02604271333E7,4330.0,481.0,427.0,54.0,0.0,88.77338877338877,11.226611226611226,0.0,0.5751856334434595,0.14197655553315824,0.32242098355156895,61.558507489345544,94.9315002673781,272.1308087156738,591.9040256162308,-319.773216900557,0.565760517080403,1.2305696998258437,-0.6648091827454407,32.45291885744013,0.0674696857743038,11.925485030747623,0.75,48.0,0.09112709832134293,38.0,0.9088729016786571,379.0,0.25,16.0,0.5581395348837209,0.75,0.6399999999999999,0.5839987091516311,0.8776791067146283,0.6215958570149895,0.8877338877338877,0.22886098605523067,0.7711390139447692,0.11226611226611227,0.9060910415635173,0.8877338877338877,0.8944458896183035,0.5839987091516311,0.8776791067146283,0.9259545758526444,0.7867487684729064,0.8877338877338877,13.47,0.081,13.44,0.08,13440.0,80.0,413990.0,1043348.0,161927.0,92.93139293139293,60.08316008316008,?
DatasetClassiRealeseNormalizedShuffled,9,6,weka.classifiers.meta.FilteredClassifier,'-F \"weka.filters.MultiFilter -F \\\"weka.filters.supervised.attribute.AttributeSelection -E \\\\\\\"weka.attributeSelection.WrapperSubsetEval -B weka.classifiers.bayes.NaiveBayes -F 5 -T 0.01 -R 1 -E AUC --\\\\\\\" -S \\\\\\\"weka.attributeSelection.GreedyStepwise -B -T -1.7976931348623157E308 -N -1 -num-slots 1\\\\\\\"\\\" -F \\\"weka.filters.supervised.instance.Resample -B 1.0 -S 1 -Z 200.0\\\" -S 1\" -S 1 -W weka.classifiers.lazy.IBk -- -K 1 -W 0 -A \"weka.core.neighboursearch.LinearNNSearch -A \\\"weka.core.EuclideanDistance -R first-last\\\"\"',-4523450618538717400,2.02604271333E7,4330.0,481.0,438.0,43.0,0.0,91.06029106029106,8.93970893970894,0.0,0.6200422522274275,0.1217959466369582,0.302273764680742,52.808554659378835,88.99948649905917,272.1308087156738,531.0836650120448,-258.95285629637095,0.565760517080403,1.1041240436840847,-0.5383635266036818,67.20482716957129,0.1397189754045141,24.695780491281255,0.6875,44.0,0.05515587529976019,23.0,0.9448441247002398,394.0,0.3125,20.0,0.6567164179104478,0.6875,0.6717557251908397,0.620260222093938,0.8502135791366906,0.5525464023839489,0.9106029106029107,0.27825878590267084,0.7217412140973293,0.0893970893970894,0.9124426677963343,0.9106029106029107,0.9114651748101744,0.620260222093938,0.8502135791366907,0.9120746948860157,0.810005419755468,0.9106029106029107,13.523,0.081,13.49,0.09,13490.0,90.0,439400.0,1043348.0,161927.0,93.34719334719335,58.00415800415801,?
DatasetClassiRealeseNormalizedShuffled,9,7,weka.classifiers.meta.FilteredClassifier,'-F \"weka.filters.MultiFilter -F \\\"weka.filters.supervised.attribute.AttributeSelection -E \\\\\\\"weka.attributeSelection.WrapperSubsetEval -B weka.classifiers.bayes.NaiveBayes -F 5 -T 0.01 -R 1 -E AUC --\\\\\\\" -S \\\\\\\"weka.attributeSelection.GreedyStepwise -B -T -1.7976931348623157E308 -N -1 -num-slots 1\\\\\\\"\\\" -F \\\"weka.filters.supervised.instance.Resample -B 1.0 -S 1 -Z 200.0\\\" -S 1\" -S 1 -W weka.classifiers.lazy.IBk -- -K 1 -W 0 -A \"weka.core.neighboursearch.LinearNNSearch -A \\\"weka.core.EuclideanDistance -R first-last\\\"\"',-4523450618538717400,2.02604271333E7,4330.0,481.0,438.0,43.0,0.0,91.06029106029106,8.93970893970894,0.0,0.6342722755645148,0.12284816042169605,0.3033332340938819,53.2647758284651,89.31142966035371,272.1308087156738,543.297210188434,-271.1664014727601,0.565760517080403,1.1295160294977837,-0.5637555124173808,72.3792890146543,0.15047669233815864,26.597241729537952,0.734375,47.0,0.06235011990407674,26.0,0.9376498800959233,391.0,0.265625,17.0,0.6438356164383562,0.734375,0.6861313868613139,0.6361387555147129,0.8902128297362111,0.6021392959667539,0.9106029106029107,0.23857803050698734,0.7614219694930127,0.0893970893970894,0.9164874832683052,0.9106029106029107,0.9130516908619098,0.6361387555147129,0.8902128297362111,0.9275826910720874,0.817005087370051,0.9106029106029107,13.505,0.08,13.48,0.08,13480.0,80.0,413893.0,1043348.0,161927.0,93.13929313929314,58.00415800415801,?
DatasetClassiRealeseNormalizedShuffled,9,8,weka.classifiers.meta.FilteredClassifier,'-F \"weka.filters.MultiFilter -F \\\"weka.filters.supervised.attribute.AttributeSelection -E \\\\\\\"weka.attributeSelection.WrapperSubsetEval -B weka.classifiers.bayes.NaiveBayes -F 5 -T 0.01 -R 1 -E AUC --\\\\\\\" -S \\\\\\\"weka.attributeSelection.GreedyStepwise -B -T -1.7976931348623157E308 -N -1 -num-slots 1\\\\\\\"\\\" -F \\\"weka.filters.supervised.instance.Resample -B 1.0 -S 1 -Z 200.0\\\" -S 1\" -S 1 -W weka.classifiers.lazy.IBk -- -K 1 -W 0 -A \"weka.core.neighboursearch.LinearNNSearch -A \\\"weka.core.EuclideanDistance -R first-last\\\"\"',-4523450618538717400,2.02604271333E7,4330.0,481.0,458.0,23.0,0.0,95.21829521829522,4.781704781704781,0.0,0.7967667860751357,0.0468857891035478,0.2151853745066833,20.328843651940506,63.357757341031636,272.1308087156738,336.91349820072946,-64.78268948505564,0.565760517080403,0.7004438632031798,-0.1346833461227768,201.3381693481242,0.41858247265722287,73.98580495106131,0.84375,54.0,0.03117505995203837,13.0,0.9688249400479616,404.0,0.15625,10.0,0.8059701492537313,0.84375,0.8244274809160305,0.7970468817450308,0.9087417565947242,0.6521921612105431,0.9521829521829522,0.13960801213499055,0.8603919878650095,0.04781704781704782,0.9532424652476567,0.9521829521829522,0.9526441632705585,0.7970468817450308,0.9087417565947241,0.9353039870959068,0.898374991962227,0.9521829521829522,12.178,0.088,12.15,0.09,12150.0,90.0,613877.0,1043348.0,161927.0,95.42619542619542,50.103950103950105,?
DatasetClassiRealeseNormalizedShuffled,9,9,weka.classifiers.meta.FilteredClassifier,'-F \"weka.filters.MultiFilter -F \\\"weka.filters.supervised.attribute.AttributeSelection -E \\\\\\\"weka.attributeSelection.WrapperSubsetEval -B weka.classifiers.bayes.NaiveBayes -F 5 -T 0.01 -R 1 -E AUC --\\\\\\\" -S \\\\\\\"weka.attributeSelection.GreedyStepwise -B -T -1.7976931348623157E308 -N -1 -num-slots 1\\\\\\\"\\\" -F \\\"weka.filters.supervised.instance.Resample -B 1.0 -S 1 -Z 200.0\\\" -S 1\" -S 1 -W weka.classifiers.lazy.IBk -- -K 1 -W 0 -A \"weka.core.neighboursearch.LinearNNSearch -A \\\"weka.core.EuclideanDistance -R first-last\\\"\"',-4523450618538717400,2.02604271334E7,4330.0,481.0,447.0,34.0,0.0,92.93139293139293,7.0686070686070686,0.0,0.7015039789734979,0.10589330968454322,0.2767483870922215,45.91345432214779,81.48396327635307,272.1308087156738,443.0596449333881,-170.92883621771426,0.565760517080403,0.9211219229384368,-0.35536140585803383,90.8486616179621,0.18887455637829959,33.384188305147795,0.765625,49.0,0.045563549160671464,19.0,0.9544364508393285,398.0,0.234375,15.0,0.7205882352941176,0.765625,0.7424242424242423,0.701936932514297,0.9015662470023981,0.6702946387852508,0.9293139293139293,0.20925247847460077,0.7907475215253993,0.07068607068607069,0.9313354856724747,0.9293139293139293,0.9302146025037591,0.701936932514297,0.9015662470023981,0.937458241397809,0.8507301935012778,0.9293139293139293,13.502,0.081,13.47,0.09,13470.0,90.0,413144.0,1043348.0,161927.0,94.38669438669439,57.38045738045738,?
DatasetClassiRealeseNormalizedShuffled,9,10,weka.classifiers.meta.FilteredClassifier,'-F \"weka.filters.MultiFilter -F \\\"weka.filters.supervised.attribute.AttributeSelection -E \\\\\\\"weka.attributeSelection.WrapperSubsetEval -B weka.classifiers.bayes.NaiveBayes -F 5 -T 0.01 -R 1 -E AUC --\\\\\\\" -S \\\\\\\"weka.attributeSelection.GreedyStepwise -B -T -1.7976931348623157E308 -N -1 -num-slots 1\\\\\\\"\\\" -F \\\"weka.filters.supervised.instance.Resample -B 1.0 -S 1 -Z 200.0\\\" -S 1\" -S 1 -W weka.classifiers.lazy.IBk -- -K 1 -W 0 -A \"weka.core.neighboursearch.LinearNNSearch -A \\\"weka.core.EuclideanDistance -R first-last\\\"\"',-4523450618538717400,2.02604271334E7,4330.0,481.0,433.0,48.0,0.0,90.02079002079002,9.97920997920998,0.0,0.5730927110683777,0.1338068798774272,0.3071401945912879,58.0162815341498,90.43232591064255,272.1308087156738,494.3477233878273,-222.21691467215345,0.565760517080403,1.0277499446732377,-0.4619894275928346,43.71886149206381,0.0908916039336046,16.065384767860632,0.640625,41.0,0.05995203836930456,25.0,0.9400479616306955,392.0,0.359375,23.0,0.6212121212121212,0.640625,0.6307692307692307,0.5731833975641538,0.8441059652278178,0.5906695683616505,0.9002079002079002,0.3195349385772048,0.6804650614227953,0.0997920997920998,0.9015524581789641,0.9002079002079002,0.9008555893171278,0.5731833975641539,0.8441059652278177,0.9153971252407264,0.7865384615384615,0.9002079002079002,13.53,0.081,13.5,0.09,13500.0,90.0,415092.0,1043348.0,161927.0,93.97089397089397,59.355509355509355,?
DatasetClassiRealeseNormalizedShuffled,10,1,weka.classifiers.meta.FilteredClassifier,'-F \"weka.filters.MultiFilter -F \\\"weka.filters.supervised.attribute.AttributeSelection -E \\\\\\\"weka.attributeSelection.WrapperSubsetEval -B weka.classifiers.bayes.NaiveBayes -F 5 -T 0.01 -R 1 -E AUC --\\\\\\\" -S \\\\\\\"weka.attributeSelection.GreedyStepwise -B -T -1.7976931348623157E308 -N -1 -num-slots 1\\\\\\\"\\\" -F \\\"weka.filters.supervised.instance.Resample -B 1.0 -S 1 -Z 200.0\\\" -S 1\" -S 1 -W weka.classifiers.lazy.IBk -- -K 1 -W 0 -A \"weka.core.neighboursearch.LinearNNSearch -A \\\"weka.core.EuclideanDistance -R first-last\\\"\"',-4523450618538717400,2.02604271334E7,4329.0,482.0,456.0,26.0,0.0,94.60580912863071,5.394190871369295,0.0,0.7856312008210742,0.053153328238118164,0.22409991376669808,23.064346883908406,66.04052436547984,272.3366817903761,324.7589700313185,-52.42228824094241,0.565013862635635,0.673773796745474,-0.10875993410983902,189.90423391271136,0.39399218654089496,69.73141945633498,0.90625,58.0,0.04784688995215311,20.0,0.9521531100478469,398.0,0.09375,6.0,0.7435897435897436,0.90625,0.8169014084507042,0.7909179397742868,0.9472188995215312,0.6721800569771842,0.946058091286307,0.08765498123846016,0.9123450187615398,0.05394190871369295,0.95307432115698,0.946058091286307,0.9482578401423879,0.7909179397742868,0.9472188995215312,0.946435268009888,0.8926356190672013,0.946058091286307,12.224,0.089,12.2,0.08,12200.0,80.0,620014.0,1043119.0,162156.0,95.850622406639,50.829875518672196,?
DatasetClassiRealeseNormalizedShuffled,10,2,weka.classifiers.meta.FilteredClassifier,'-F \"weka.filters.MultiFilter -F \\\"weka.filters.supervised.attribute.AttributeSelection -E \\\\\\\"weka.attributeSelection.WrapperSubsetEval -B weka.classifiers.bayes.NaiveBayes -F 5 -T 0.01 -R 1 -E AUC --\\\\\\\" -S \\\\\\\"weka.attributeSelection.GreedyStepwise -B -T -1.7976931348623157E308 -N -1 -num-slots 1\\\\\\\"\\\" -F \\\"weka.filters.supervised.instance.Resample -B 1.0 -S 1 -Z 200.0\\\" -S 1\" -S 1 -W weka.classifiers.lazy.IBk -- -K 1 -W 0 -A \"weka.core.neighboursearch.LinearNNSearch -A \\\"weka.core.EuclideanDistance -R first-last\\\"\"',-4523450618538717400,2.02604271334E7,4330.0,481.0,464.0,17.0,0.0,96.46569646569647,3.5343035343035343,0.0,0.8498062193486768,0.03395302549088093,0.17878543906797958,14.808477133725464,52.99189174286392,269.42867131105754,217.54565970325098,51.883011607806566,0.5601427677984564,0.45227787880093756,0.10786488899751885,217.71920247525762,0.45263867458473517,80.80773342191897,0.9047619047619048,57.0,0.02631578947368421,11.0,0.9736842105263158,407.0,0.09523809523809523,6.0,0.8382352941176471,0.9047619047619048,0.8702290076335878,0.8506365903130795,0.946058327637275,0.8008459694847893,0.9646569646569647,0.0862108493687441,0.913789150631256,0.035343035343035345,0.9661874933559879,0.9646569646569647,0.9652251232431461,0.8506365903130794,0.946058327637275,0.9614763192600537,0.9248858636242547,0.9646569646569647,11.786,0.09,11.76,0.09,11760.0,90.0,643517.0,1043348.0,161927.0,97.0893970893971,50.51975051975052,?
DatasetClassiRealeseNormalizedShuffled,10,3,weka.classifiers.meta.FilteredClassifier,'-F \"weka.filters.MultiFilter -F \\\"weka.filters.supervised.attribute.AttributeSelection -E \\\\\\\"weka.attributeSelection.WrapperSubsetEval -B weka.classifiers.bayes.NaiveBayes -F 5 -T 0.01 -R 1 -E AUC --\\\\\\\" -S \\\\\\\"weka.attributeSelection.GreedyStepwise -B -T -1.7976931348623157E308 -N -1 -num-slots 1\\\\\\\"\\\" -F \\\"weka.filters.supervised.instance.Resample -B 1.0 -S 1 -Z 200.0\\\" -S 1\" -S 1 -W weka.classifiers.lazy.IBk -- -K 1 -W 0 -A \"weka.core.neighboursearch.LinearNNSearch -A \\\"weka.core.EuclideanDistance -R first-last\\\"\"',-4523450618538717400,2.02604271334E7,4330.0,481.0,464.0,17.0,0.0,96.46569646569647,3.5343035343035343,0.0,0.8517074409241765,0.03559997728538157,0.18126747848906533,15.435516519703691,53.37119654279375,272.1308087156738,220.5954126979356,51.535396017738236,0.565760517080403,0.4586183216173297,0.10714219546307326,217.98307548101045,0.45318726711228785,80.10231421785186,0.90625,58.0,0.026378896882494004,11.0,0.973621103117506,406.0,0.09375,6.0,0.8405797101449275,0.90625,0.8721804511278196,0.8525187035965216,0.9613496702637889,0.77383730315304,0.9646569646569647,0.08478586153945865,0.9152141384605413,0.035343035343035345,0.9661627565806544,0.9646569646569647,0.9652147240871768,0.8525187035965216,0.9613496702637889,0.9620918192082463,0.9258369083142115,0.9646569646569647,12.164,0.089,12.14,0.09,12140.0,90.0,618463.0,1043348.0,161927.0,97.0893970893971,50.62370062370062,?
DatasetClassiRealeseNormalizedShuffled,10,4,weka.classifiers.meta.FilteredClassifier,'-F \"weka.filters.MultiFilter -F \\\"weka.filters.supervised.attribute.AttributeSelection -E \\\\\\\"weka.attributeSelection.WrapperSubsetEval -B weka.classifiers.bayes.NaiveBayes -F 5 -T 0.01 -R 1 -E AUC --\\\\\\\" -S \\\\\\\"weka.attributeSelection.GreedyStepwise -B -T -1.7976931348623157E308 -N -1 -num-slots 1\\\\\\\"\\\" -F \\\"weka.filters.supervised.instance.Resample -B 1.0 -S 1 -Z 200.0\\\" -S 1\" -S 1 -W weka.classifiers.lazy.IBk -- -K 1 -W 0 -A \"weka.core.neighboursearch.LinearNNSearch -A \\\"weka.core.EuclideanDistance -R first-last\\\"\"',-4523450618538717400,2.02604271335E7,4330.0,481.0,447.0,34.0,0.0,92.93139293139293,7.0686070686070686,0.0,0.7126137841352405,0.07734339446033979,0.2467588972909758,33.53471923064284,72.6540564020378,272.1308087156738,367.9282521576546,-95.79744344198076,0.565760517080403,0.7649236011593651,-0.19916308407896208,146.2918193910094,0.3041409966549052,53.75790417903663,0.8125,52.0,0.05275779376498801,22.0,0.947242206235012,395.0,0.1875,12.0,0.7027027027027027,0.8125,0.7536231884057971,0.7151731539073334,0.9026341426858513,0.7030672368553401,0.9293139293139293,0.1695717230789173,0.8304282769210827,0.07068607068607069,0.9348817727196106,0.9293139293139293,0.9314460984997076,0.7151731539073334,0.9026341426858513,0.9350209787116948,0.8561805262417335,0.9293139293139293,13.497,0.085,13.46,0.09,13460.0,90.0,492419.0,1043348.0,161927.0,95.42619542619542,53.95010395010395,?
DatasetClassiRealeseNormalizedShuffled,10,5,weka.classifiers.meta.FilteredClassifier,'-F \"weka.filters.MultiFilter -F \\\"weka.filters.supervised.attribute.AttributeSelection -E \\\\\\\"weka.attributeSelection.WrapperSubsetEval -B weka.classifiers.bayes.NaiveBayes -F 5 -T 0.01 -R 1 -E AUC --\\\\\\\" -S \\\\\\\"weka.attributeSelection.GreedyStepwise -B -T -1.7976931348623157E308 -N -1 -num-slots 1\\\\\\\"\\\" -F \\\"weka.filters.supervised.instance.Resample -B 1.0 -S 1 -Z 200.0\\\" -S 1\" -S 1 -W weka.classifiers.lazy.IBk -- -K 1 -W 0 -A \"weka.core.neighboursearch.LinearNNSearch -A \\\"weka.core.EuclideanDistance -R first-last\\\"\"',-4523450618538717400,2.02604271335E7,4330.0,481.0,437.0,44.0,0.0,90.85239085239085,9.147609147609147,0.0,0.6186254369841785,0.12732974485333062,0.3021820304010315,55.20791107190661,88.97247686493753,272.1308087156738,498.73195667453007,-226.60114795885625,0.565760517080403,1.0368647747911228,-0.47110425771071984,59.033900727478084,0.12273160234402929,21.69320739760765,0.703125,45.0,0.05995203836930456,25.0,0.9400479616306955,392.0,0.296875,19.0,0.6428571428571429,0.703125,0.6716417910447762,0.6194637001927381,0.858363309352518,0.6219512412557557,0.9085239085239085,0.2653509468932131,0.734649053106787,0.09147609147609148,0.912402255467949,0.9085239085239085,0.9102404456070907,0.619463700192738,0.8583633093525179,0.9213960374174628,0.8092508472132094,0.9085239085239085,13.503,0.082,13.48,0.08,13480.0,80.0,415476.0,1043348.0,161927.0,93.97089397089397,59.355509355509355,?
DatasetClassiRealeseNormalizedShuffled,10,6,weka.classifiers.meta.FilteredClassifier,'-F \"weka.filters.MultiFilter -F \\\"weka.filters.supervised.attribute.AttributeSelection -E \\\\\\\"weka.attributeSelection.WrapperSubsetEval -B weka.classifiers.bayes.NaiveBayes -F 5 -T 0.01 -R 1 -E AUC --\\\\\\\" -S \\\\\\\"weka.attributeSelection.GreedyStepwise -B -T -1.7976931348623157E308 -N -1 -num-slots 1\\\\\\\"\\\" -F \\\"weka.filters.supervised.instance.Resample -B 1.0 -S 1 -Z 200.0\\\" -S 1\" -S 1 -W weka.classifiers.lazy.IBk -- -K 1 -W 0 -A \"weka.core.neighboursearch.LinearNNSearch -A \\\"weka.core.EuclideanDistance -R first-last\\\"\"',-4523450618538717400,2.02604271335E7,4330.0,481.0,437.0,44.0,0.0,90.85239085239085,9.147609147609147,0.0,0.6498113707062015,0.13040416957691547,0.308349171702915,56.54092691146913,90.78828912907657,272.1308087156738,528.3825278956281,-256.25171917995425,0.565760517080403,1.0985083740033847,-0.5327478569229818,52.03403629760558,0.10817886964159165,19.120964856269357,0.8125,52.0,0.07673860911270983,32.0,0.9232613908872902,385.0,0.1875,12.0,0.6190476190476191,0.8125,0.7027027027027026,0.6582033866493535,0.9153552158273381,0.6161416804560612,0.9085239085239085,0.17276251763661835,0.8272374823633817,0.09147609147609148,0.9231070969106234,0.9085239085239085,0.9135809406079677,0.6582033866493535,0.9153552158273381,0.9334893147398441,0.8243243243243243,0.9085239085239085,13.498,0.082,13.47,0.08,13470.0,80.0,440971.0,1043348.0,161927.0,93.76299376299376,58.93970893970894,?
DatasetClassiRealeseNormalizedShuffled,10,7,weka.classifiers.meta.FilteredClassifier,'-F \"weka.filters.MultiFilter -F \\\"weka.filters.supervised.attribute.AttributeSelection -E \\\\\\\"weka.attributeSelection.WrapperSubsetEval -B weka.classifiers.bayes.NaiveBayes -F 5 -T 0.01 -R 1 -E AUC --\\\\\\\" -S \\\\\\\"weka.attributeSelection.GreedyStepwise -B -T -1.7976931348623157E308 -N -1 -num-slots 1\\\\\\\"\\\" -F \\\"weka.filters.supervised.instance.Resample -B 1.0 -S 1 -Z 200.0\\\" -S 1\" -S 1 -W weka.classifiers.lazy.IBk -- -K 1 -W 0 -A \"weka.core.neighboursearch.LinearNNSearch -A \\\"weka.core.EuclideanDistance -R first-last\\\"\"',-4523450618538717400,2.02604271335E7,4330.0,481.0,431.0,50.0,0.0,89.60498960498961,10.395010395010395,0.0,0.5925386283545676,0.13555106267474926,0.3123117361741669,58.772528150984094,91.95500038346982,272.1308087156738,524.5886363187485,-252.4578276030747,0.565760517080403,1.0906208655275438,-0.5248603484471407,44.18215845280126,0.0918547992781731,16.235632658176314,0.734375,47.0,0.07913669064748201,33.0,0.920863309352518,384.0,0.265625,17.0,0.5875,0.734375,0.6527777777777778,0.597640631193905,0.8549722721822542,0.6164624176286544,0.896049896049896,0.24081158669737807,0.7591884133026219,0.10395010395010396,0.9083611138473983,0.896049896049896,0.9008082748914046,0.597640631193905,0.8549722721822542,0.9187546769557942,0.795826541700625,0.896049896049896,13.573,0.082,13.54,0.09,13540.0,90.0,412570.0,1043348.0,161927.0,93.97089397089397,59.355509355509355,?
DatasetClassiRealeseNormalizedShuffled,10,8,weka.classifiers.meta.FilteredClassifier,'-F \"weka.filters.MultiFilter -F \\\"weka.filters.supervised.attribute.AttributeSelection -E \\\\\\\"weka.attributeSelection.WrapperSubsetEval -B weka.classifiers.bayes.NaiveBayes -F 5 -T 0.01 -R 1 -E AUC --\\\\\\\" -S \\\\\\\"weka.attributeSelection.GreedyStepwise -B -T -1.7976931348623157E308 -N -1 -num-slots 1\\\\\\\"\\\" -F \\\"weka.filters.supervised.instance.Resample -B 1.0 -S 1 -Z 200.0\\\" -S 1\" -S 1 -W weka.classifiers.lazy.IBk -- -K 1 -W 0 -A \"weka.core.neighboursearch.LinearNNSearch -A \\\"weka.core.EuclideanDistance -R first-last\\\"\"',-4523450618538717400,2.02604271335E7,4330.0,481.0,432.0,49.0,0.0,89.81288981288981,10.187110187110187,0.0,0.6122818273042823,0.12760874691067725,0.30988373607479264,55.32888139811447,91.2401161053314,272.1308087156738,551.6227861216732,-279.4919774059994,0.565760517080403,1.1468249191718778,-0.5810644020914749,64.91749222938765,0.13496360130849822,23.855252749869408,0.78125,50.0,0.08393285371702638,35.0,0.9160671462829736,382.0,0.21875,14.0,0.5882352941176471,0.78125,0.6711409395973155,0.6209137864899618,0.8981377398081535,0.5678946887478714,0.8981288981288982,0.2008117518459245,0.7991882481540754,0.10187110187110188,0.9145626498567675,0.8981288981288982,0.9039920557293449,0.6209137864899618,0.8981377398081535,0.9240002779275941,0.8054351684456442,0.8981288981288982,13.478,0.082,13.45,0.08,13450.0,80.0,414344.0,1043348.0,161927.0,93.34719334719335,58.21205821205821,?
DatasetClassiRealeseNormalizedShuffled,10,9,weka.classifiers.meta.FilteredClassifier,'-F \"weka.filters.MultiFilter -F \\\"weka.filters.supervised.attribute.AttributeSelection -E \\\\\\\"weka.attributeSelection.WrapperSubsetEval -B weka.classifiers.bayes.NaiveBayes -F 5 -T 0.01 -R 1 -E AUC --\\\\\\\" -S \\\\\\\"weka.attributeSelection.GreedyStepwise -B -T -1.7976931348623157E308 -N -1 -num-slots 1\\\\\\\"\\\" -F \\\"weka.filters.supervised.instance.Resample -B 1.0 -S 1 -Z 200.0\\\" -S 1\" -S 1 -W weka.classifiers.lazy.IBk -- -K 1 -W 0 -A \"weka.core.neighboursearch.LinearNNSearch -A \\\"weka.core.EuclideanDistance -R first-last\\\"\"',-4523450618538717400,2.02604271336E7,4330.0,481.0,463.0,18.0,0.0,96.25779625779626,3.7422037422037424,0.0,0.8419726947506754,0.03867842559310154,0.18748015032752952,16.770276913732864,55.200414516753455,272.1308087156738,235.4132296635438,36.71757905213002,0.565760517080403,0.48942459389510146,0.0763359231853015,212.71575109262733,0.442236488758061,78.1667287495095,0.890625,57.0,0.026378896882494004,11.0,0.973621103117506,406.0,0.109375,7.0,0.8382352941176471,0.890625,0.8636363636363636,0.8424923426363251,0.9427458033573142,0.7781094597054072,0.9625779625779626,0.09833185946045657,0.9016681405395435,0.037422037422037424,0.9637822499238252,0.9625779625779626,0.9630547895608137,0.842492342636325,0.9427458033573142,0.958753416536241,0.920974808324206,0.9625779625779626,11.894,0.089,11.87,0.09,11870.0,90.0,643398.0,1043348.0,161927.0,96.88149688149689,50.83160083160083,?
DatasetClassiRealeseNormalizedShuffled,10,10,weka.classifiers.meta.FilteredClassifier,'-F \"weka.filters.MultiFilter -F \\\"weka.filters.supervised.attribute.AttributeSelection -E \\\\\\\"weka.attributeSelection.WrapperSubsetEval -B weka.classifiers.bayes.NaiveBayes -F 5 -T 0.01 -R 1 -E AUC --\\\\\\\" -S \\\\\\\"weka.attributeSelection.GreedyStepwise -B -T -1.7976931348623157E308 -N -1 -num-slots 1\\\\\\\"\\\" -F \\\"weka.filters.supervised.instance.Resample -B 1.0 -S 1 -Z 200.0\\\" -S 1\" -S 1 -W weka.classifiers.lazy.IBk -- -K 1 -W 0 -A \"weka.core.neighboursearch.LinearNNSearch -A \\\"weka.core.EuclideanDistance -R first-last\\\"\"',-4523450618538717400,2.02604271336E7,4330.0,481.0,431.0,50.0,0.0,89.60498960498961,10.395010395010395,0.0,0.5876058849754792,0.13221475074695369,0.3039791655407081,57.3259626809123,89.50161344008676,272.1308087156738,495.29002029498406,-223.15921157931024,0.565760517080403,1.0297089819022538,-0.4639484648218508,45.60413790978418,0.09481109752553883,16.758167928509714,0.71875,46.0,0.07673860911270983,32.0,0.9232613908872902,385.0,0.28125,18.0,0.5897435897435898,0.71875,0.6478873239436619,0.5915628923274032,0.8728267386091128,0.6348739870447071,0.896049896049896,0.2540385051626059,0.7459614948373942,0.10395010395010396,0.9066908099166164,0.896049896049896,0.9002868180126855,0.5915628923274032,0.8728267386091126,0.9273354141426886,0.7934558570937822,0.896049896049896,13.532,0.082,13.51,0.08,13510.0,80.0,415391.0,1043348.0,161927.0,93.97089397089397,59.563409563409564,?
DatasetClassiRealeseNormalizedShuffled,1,1,weka.classifiers.meta.FilteredClassifier,'-F \"weka.filters.MultiFilter -F \\\"weka.filters.supervised.instance.Resample -B 1.0 -S 1 -Z 200.0\\\" -S 1\" -S 1 -W weka.classifiers.lazy.IBk -- -K 1 -W 0 -A \"weka.core.neighboursearch.LinearNNSearch -A \\\"weka.core.EuclideanDistance -R first-last\\\"\"',-4523450618538717400,2.02604271336E7,4329.0,482.0,459.0,23.0,0.0,95.22821576763485,4.771784232365145,0.0,0.809210752762193,0.04902411535222512,0.21639876123989105,21.272594579497795,63.77105383092912,272.3366817903761,331.56639396466625,-59.22971217429017,0.565013862635635,0.6878970829142453,-0.12288322027861032,196.56075129453194,0.4078023885778671,72.17564303211617,0.921875,59.0,0.0430622009569378,18.0,0.9569377990430622,400.0,0.078125,5.0,0.7662337662337663,0.921875,0.8368794326241135,0.8139573085219376,0.9499476674641149,0.6707237035513964,0.9522821576763485,0.07346935863328635,0.9265306413667136,0.04771784232365145,0.9582540813522832,0.9522821576763485,0.9541050439772951,0.8139573085219375,0.9499476674641149,0.9469042643299591,0.9044664477822876,0.9522821576763485,0.002,0.097,0.0,0.1,0.0,100.0,913335.0,1043119.0,162156.0,95.64315352697095,50.518672199170126,?
DatasetClassiRealeseNormalizedShuffled,1,2,weka.classifiers.meta.FilteredClassifier,'-F \"weka.filters.MultiFilter -F \\\"weka.filters.supervised.instance.Resample -B 1.0 -S 1 -Z 200.0\\\" -S 1\" -S 1 -W weka.classifiers.lazy.IBk -- -K 1 -W 0 -A \"weka.core.neighboursearch.LinearNNSearch -A \\\"weka.core.EuclideanDistance -R first-last\\\"\"',-4523450618538717400,2.02604271336E7,4330.0,481.0,459.0,22.0,0.0,95.42619542619542,4.573804573804574,0.0,0.8093608128558045,0.04206360954905296,0.19591274901197636,18.345876138089785,58.06841564285364,269.42867131105754,253.0707601927402,16.357911118317332,0.5601427677984564,0.5261346365753434,0.034008131223112956,204.18963689412575,0.42451067961356703,75.78615739020114,0.8888888888888888,56.0,0.03588516746411483,15.0,0.9641148325358851,403.0,0.1111111111111111,7.0,0.7887323943661971,0.8888888888888888,0.835820895522388,0.8113126335956885,0.9340206577048682,0.7742887925744907,0.9542619542619543,0.1012582328371802,0.8987417671628197,0.04573804573804574,0.9574917993330909,0.9542619542619543,0.955406312317409,0.8113126335956884,0.9340206577048682,0.9570024411676399,0.9046254236066047,0.9542619542619543,0.002,0.097,0.0,0.1,0.0,100.0,907060.0,1043348.0,161927.0,96.67359667359668,50.83160083160083,?
DatasetClassiRealeseNormalizedShuffled,1,3,weka.classifiers.meta.FilteredClassifier,'-F \"weka.filters.MultiFilter -F \\\"weka.filters.supervised.instance.Resample -B 1.0 -S 1 -Z 200.0\\\" -S 1\" -S 1 -W weka.classifiers.lazy.IBk -- -K 1 -W 0 -A \"weka.core.neighboursearch.LinearNNSearch -A \\\"weka.core.EuclideanDistance -R first-last\\\"\"',-4523450618538717400,2.02604271336E7,4330.0,481.0,455.0,26.0,0.0,94.5945945945946,5.405405405405405,0.0,0.7717383368620866,0.05278116164490105,0.22294718992056167,22.884972256248133,65.64309489543459,272.1308087156738,304.40373084429905,-32.272922128625225,0.565760517080403,0.6328559892812871,-0.06709547220088405,190.8808608243248,0.39684170649547773,70.14305426320173,0.828125,53.0,0.03597122302158273,15.0,0.9640287769784173,402.0,0.171875,11.0,0.7794117647058824,0.828125,0.8030303030303031,0.7722146375753111,0.9116082134292566,0.7936810488139083,0.9459459459459459,0.15379216896752868,0.8462078310324713,0.05405405405405406,0.9475588677981499,0.9459459459459459,0.9466346960322863,0.7722146375753111,0.9116082134292566,0.9529099966146621,0.8858525009127419,0.9459459459459459,0.001,0.1,0.0,0.1,0.0,100.0,911936.0,1043348.0,161927.0,95.84199584199584,50.83160083160083,?
DatasetClassiRealeseNormalizedShuffled,1,4,weka.classifiers.meta.FilteredClassifier,'-F \"weka.filters.MultiFilter -F \\\"weka.filters.supervised.instance.Resample -B 1.0 -S 1 -Z 200.0\\\" -S 1\" -S 1 -W weka.classifiers.lazy.IBk -- -K 1 -W 0 -A \"weka.core.neighboursearch.LinearNNSearch -A \\\"weka.core.EuclideanDistance -R first-last\\\"\"',-4523450618538717400,2.02604271336E7,4330.0,481.0,460.0,21.0,0.0,95.63409563409563,4.365904365904366,0.0,0.8168150740828062,0.04566347147400923,0.21055137797632564,19.79886848336603,61.99335407541628,272.1308087156738,329.4740352164247,-57.34322650075086,0.565760517080403,0.6849772041921511,-0.11921668711174815,203.85682445449567,0.42381876185965833,74.91133599190829,0.875,56.0,0.03117505995203837,13.0,0.9688249400479616,404.0,0.125,8.0,0.8115942028985508,0.875,0.8421052631578948,0.8175931013113732,0.9002173261390888,0.6250105243027213,0.9563409563409564,0.11251601629299471,0.8874839837070053,0.04365904365904366,0.9580975916982671,0.9563409563409564,0.9570299532841593,0.8175931013113732,0.9002173261390887,0.9295687128316122,0.9083867690940257,0.9563409563409564,0.002,0.097,0.0,0.1,0.0,100.0,910718.0,1043348.0,161927.0,95.63409563409563,50.311850311850314,?
DatasetClassiRealeseNormalizedShuffled,1,5,weka.classifiers.meta.FilteredClassifier,'-F \"weka.filters.MultiFilter -F \\\"weka.filters.supervised.instance.Resample -B 1.0 -S 1 -Z 200.0\\\" -S 1\" -S 1 -W weka.classifiers.lazy.IBk -- -K 1 -W 0 -A \"weka.core.neighboursearch.LinearNNSearch -A \\\"weka.core.EuclideanDistance -R first-last\\\"\"',-4523450618538717400,2.02604271336E7,4330.0,481.0,463.0,18.0,0.0,96.25779625779626,3.7422037422037424,0.0,0.8419726947506754,0.03781919758654745,0.1918379987780702,16.397730943182374,56.48351056959309,272.1308087156738,262.84438750687724,9.286421208796583,0.565760517080403,0.5464540280808259,0.019306488999577095,215.6086258872448,0.44825078147036346,79.22977442532638,0.890625,57.0,0.026378896882494004,11.0,0.973621103117506,406.0,0.109375,7.0,0.8382352941176471,0.890625,0.8636363636363636,0.8424923426363251,0.9340714928057554,0.7690769762043186,0.9625779625779626,0.09833185946045657,0.9016681405395435,0.037422037422037424,0.9637822499238252,0.9625779625779626,0.9630547895608137,0.842492342636325,0.9340714928057554,0.9552053407726272,0.920974808324206,0.9625779625779626,0.002,0.097,0.0,0.1,0.0,100.0,912402.0,1043348.0,161927.0,96.46569646569647,50.20790020790021,?
DatasetClassiRealeseNormalizedShuffled,1,6,weka.classifiers.meta.FilteredClassifier,'-F \"weka.filters.MultiFilter -F \\\"weka.filters.supervised.instance.Resample -B 1.0 -S 1 -Z 200.0\\\" -S 1\" -S 1 -W weka.classifiers.lazy.IBk -- -K 1 -W 0 -A \"weka.core.neighboursearch.LinearNNSearch -A \\\"weka.core.EuclideanDistance -R first-last\\\"\"',-4523450618538717400,2.02604271336E7,4330.0,481.0,460.0,21.0,0.0,95.63409563409563,4.365904365904366,0.0,0.8235910511884597,0.04206889617946758,0.1993105750129777,18.24032461421025,58.68368645463646,272.1308087156738,269.2016636089206,2.9291451067531966,0.565760517080403,0.5596708183137643,0.0060896987666386624,206.87694326970833,0.43009759515531876,76.02114007086067,0.921875,59.0,0.03836930455635491,16.0,0.9616306954436451,401.0,0.078125,5.0,0.7866666666666666,0.921875,0.8489208633093526,0.8271298981434626,0.9535746402877698,0.762063207231334,0.9563409563409564,0.07283526089731125,0.9271647391026888,0.04365904365904366,0.9609380430070085,0.9563409563409564,0.9577767048504917,0.8271298981434626,0.9535746402877698,0.9588968494512036,0.9117022299535827,0.9563409563409564,0.001,0.1,0.0,0.1,0.0,100.0,907044.0,1043348.0,161927.0,96.46569646569647,50.51975051975052,?
DatasetClassiRealeseNormalizedShuffled,1,7,weka.classifiers.meta.FilteredClassifier,'-F \"weka.filters.MultiFilter -F \\\"weka.filters.supervised.instance.Resample -B 1.0 -S 1 -Z 200.0\\\" -S 1\" -S 1 -W weka.classifiers.lazy.IBk -- -K 1 -W 0 -A \"weka.core.neighboursearch.LinearNNSearch -A \\\"weka.core.EuclideanDistance -R first-last\\\"\"',-4523450618538717400,2.02604271336E7,4330.0,481.0,454.0,27.0,0.0,94.38669438669439,5.613305613305613,0.0,0.7614218793055941,0.053874011881702495,0.22848660181378003,23.358812667675522,67.274082667476,272.1308087156738,354.95729716651044,-82.82648845083662,0.565760517080403,0.737956958766134,-0.17219644168573103,191.03272832715294,0.3971574393495903,70.19886106565268,0.8125,52.0,0.03597122302158273,15.0,0.9640287769784173,402.0,0.1875,12.0,0.7761194029850746,0.8125,0.7938931297709924,0.7616895498148123,0.9050134892086331,0.6679804341074761,0.9438669438669439,0.1673381668885266,0.8326618331114735,0.056133056133056136,0.9450825057573922,0.9438669438669439,0.9444083655784814,0.7616895498148123,0.9050134892086331,0.9352576922060981,0.8807010775208752,0.9438669438669439,0.002,0.099,0.0,0.1,0.0,100.0,909480.0,1043348.0,161927.0,95.21829521829522,50.41580041580042,?
DatasetClassiRealeseNormalizedShuffled,1,8,weka.classifiers.meta.FilteredClassifier,'-F \"weka.filters.MultiFilter -F \\\"weka.filters.supervised.instance.Resample -B 1.0 -S 1 -Z 200.0\\\" -S 1\" -S 1 -W weka.classifiers.lazy.IBk -- -K 1 -W 0 -A \"weka.core.neighboursearch.LinearNNSearch -A \\\"weka.core.EuclideanDistance -R first-last\\\"\"',-4523450618538717400,2.02604271336E7,4330.0,481.0,459.0,22.0,0.0,95.42619542619542,4.573804573804574,0.0,0.8068555158063809,0.04385343856310685,0.20393538455305216,19.014070429325876,60.04538476364224,272.1308087156738,276.1137131329081,-3.9829044172342947,0.565760517080403,0.5740409836442997,-0.008280466563896662,205.28055453152587,0.4267786996497419,75.4345145631805,0.859375,55.0,0.03117505995203837,13.0,0.9688249400479616,404.0,0.140625,9.0,0.8088235294117647,0.859375,0.8333333333333333,0.8073534901058181,0.9207134292565947,0.7613058289471842,0.9542619542619543,0.12606201421399263,0.8739379857860073,0.04573804573804574,0.9556705588609876,0.9542619542619543,0.95484474279655,0.8073534901058181,0.9207134292565947,0.9520905231791427,0.9034136546184739,0.9542619542619543,0.001,0.099,0.01,0.1,10.0,100.0,906031.0,1043348.0,161927.0,96.25779625779626,50.51975051975052,?
DatasetClassiRealeseNormalizedShuffled,1,9,weka.classifiers.meta.FilteredClassifier,'-F \"weka.filters.MultiFilter -F \\\"weka.filters.supervised.instance.Resample -B 1.0 -S 1 -Z 200.0\\\" -S 1\" -S 1 -W weka.classifiers.lazy.IBk -- -K 1 -W 0 -A \"weka.core.neighboursearch.LinearNNSearch -A \\\"weka.core.EuclideanDistance -R first-last\\\"\"',-4523450618538717400,2.02604271336E7,4330.0,481.0,465.0,16.0,0.0,96.67359667359668,3.3264033264033266,0.0,0.8538826656540726,0.0338779445002302,0.18010587352426005,14.688873753906474,53.02918126571001,272.1308087156738,226.98073028224738,45.150078433426444,0.565760517080403,0.4718934101502025,0.0938671069302005,221.67419115022088,0.46086110426241345,81.45868973690122,0.859375,55.0,0.016786570743405275,7.0,0.9832134292565947,410.0,0.140625,9.0,0.8870967741935484,0.859375,0.8730158730158729,0.854025128096364,0.932628896882494,0.7521294178045607,0.9667359667359667,0.12414753747937202,0.875852462520628,0.033264033264033266,0.9663558273920888,0.9667359667359667,0.9665117559854401,0.854025128096364,0.932628896882494,0.9506629215134487,0.9269385585175058,0.9667359667359667,0.001,0.099,0.0,0.1,0.0,100.0,907040.0,1043348.0,161927.0,96.88149688149689,50.311850311850314,?
DatasetClassiRealeseNormalizedShuffled,1,10,weka.classifiers.meta.FilteredClassifier,'-F \"weka.filters.MultiFilter -F \\\"weka.filters.supervised.instance.Resample -B 1.0 -S 1 -Z 200.0\\\" -S 1\" -S 1 -W weka.classifiers.lazy.IBk -- -K 1 -W 0 -A \"weka.core.neighboursearch.LinearNNSearch -A \\\"weka.core.EuclideanDistance -R first-last\\\"\"',-4523450618538717400,2.02604271336E7,4330.0,481.0,462.0,19.0,0.0,96.04989604989605,3.95010395010395,0.0,0.8342612575034913,0.03929875302131964,0.19278010587178487,17.039239845622642,56.760898346386384,272.1308087156738,261.7386308916178,10.392177824056034,0.565760517080403,0.5441551577788312,0.021605359301571796,212.24905850489623,0.44126623389791314,77.99523306699797,0.890625,57.0,0.02877697841726619,12.0,0.9712230215827338,405.0,0.109375,7.0,0.8260869565217391,0.890625,0.8571428571428571,0.8350559024539473,0.9269521882494005,0.7515541716412827,0.9604989604989606,0.09865093891622669,0.9013490610837733,0.0395010395010395,0.9621301741394609,0.9604989604989606,0.9611223386856679,0.8350559024539475,0.9269521882494004,0.951427867101392,0.9171118387041185,0.9604989604989606,0.002,0.098,0.0,0.1,0.0,100.0,909994.0,1043348.0,161927.0,96.46569646569647,50.62370062370062,?
DatasetClassiRealeseNormalizedShuffled,2,1,weka.classifiers.meta.FilteredClassifier,'-F \"weka.filters.MultiFilter -F \\\"weka.filters.supervised.instance.Resample -B 1.0 -S 1 -Z 200.0\\\" -S 1\" -S 1 -W weka.classifiers.lazy.IBk -- -K 1 -W 0 -A \"weka.core.neighboursearch.LinearNNSearch -A \\\"weka.core.EuclideanDistance -R first-last\\\"\"',-4523450618538717400,2.02604271336E7,4329.0,482.0,463.0,19.0,0.0,96.05809128630706,3.9419087136929463,0.0,0.8276952022577612,0.03727086143498512,0.18709504339503794,16.172610545619808,55.13547312139407,272.3366817903761,227.65162580016724,44.68505599020884,0.565013862635635,0.47230627759370797,0.09270758504192705,216.99015450865514,0.45018704254907704,79.6771676448924,0.84375,54.0,0.0215311004784689,9.0,0.9784688995215312,409.0,0.15625,10.0,0.8571428571428571,0.84375,0.8503937007874015,0.8277292395316622,0.9402474581339713,0.8120574438962269,0.9605809128630706,0.13836201334153944,0.8616379866584606,0.03941908713692946,0.9603340439950031,0.9605809128630706,0.9604492674484043,0.8277292395316621,0.9402474581339713,0.9619623319951979,0.9138467906565442,0.9605809128630706,0.001,0.099,0.01,0.09,10.0,90.0,915220.0,1043119.0,162156.0,96.88796680497926,50.518672199170126,?
DatasetClassiRealeseNormalizedShuffled,2,2,weka.classifiers.meta.FilteredClassifier,'-F \"weka.filters.MultiFilter -F \\\"weka.filters.supervised.instance.Resample -B 1.0 -S 1 -Z 200.0\\\" -S 1\" -S 1 -W weka.classifiers.lazy.IBk -- -K 1 -W 0 -A \"weka.core.neighboursearch.LinearNNSearch -A \\\"weka.core.EuclideanDistance -R first-last\\\"\"',-4523450618538717400,2.02604271336E7,4330.0,481.0,454.0,27.0,0.0,94.38669438669439,5.613305613305613,0.0,0.7583049522639721,0.057927716590985966,0.23810472878437947,25.264943378225233,70.57409192259898,269.42867131105754,413.1072683062583,-143.67859699520073,0.5601427677984564,0.8588508696595806,-0.2987081018611242,182.81531345208998,0.3800734167403118,67.85295438770444,0.8095238095238095,51.0,0.03588516746411483,15.0,0.9641148325358851,403.0,0.19047619047619047,12.0,0.7727272727272727,0.8095238095238095,0.7906976744186046,0.7585785417265309,0.8794714057871953,0.5913365592349779,0.9438669438669439,0.17022830180724915,0.8297716981927509,0.056133056133056136,0.9451040981161463,0.9438669438669439,0.9444185738889668,0.7585785417265309,0.8794714057871953,0.9220070112837062,0.8791423546162651,0.9438669438669439,0.001,0.102,0.0,0.1,0.0,100.0,917913.0,1043348.0,161927.0,94.38669438669439,50.311850311850314,?
DatasetClassiRealeseNormalizedShuffled,2,3,weka.classifiers.meta.FilteredClassifier,'-F \"weka.filters.MultiFilter -F \\\"weka.filters.supervised.instance.Resample -B 1.0 -S 1 -Z 200.0\\\" -S 1\" -S 1 -W weka.classifiers.lazy.IBk -- -K 1 -W 0 -A \"weka.core.neighboursearch.LinearNNSearch -A \\\"weka.core.EuclideanDistance -R first-last\\\"\"',-4523450618538717400,2.02604271336E7,4330.0,481.0,462.0,19.0,0.0,96.04989604989605,3.95010395010395,0.0,0.8363564739377229,0.03931220619742585,0.19332453217646878,17.045072903334034,56.92119562393749,272.1308087156738,257.0480273577262,15.082781357947624,0.565760517080403,0.5344033832800961,0.03135713380030691,212.00813902246827,0.44076536179307335,77.90670230358865,0.90625,58.0,0.03117505995203837,13.0,0.9688249400479616,404.0,0.09375,6.0,0.8169014084507042,0.90625,0.8592592592592593,0.8378806456128978,0.9635978717026379,0.7926124457707842,0.9604989604989606,0.08542402045099887,0.9145759795490012,0.0395010395010395,0.9629506260217355,0.9604989604989606,0.9613558866279545,0.8378806456128978,0.9635978717026379,0.9647196598022114,0.9181423261229791,0.9604989604989606,0.002,0.101,0.0,0.1,0.0,100.0,901927.0,1043348.0,161927.0,96.46569646569647,50.41580041580042,?
DatasetClassiRealeseNormalizedShuffled,2,4,weka.classifiers.meta.FilteredClassifier,'-F \"weka.filters.MultiFilter -F \\\"weka.filters.supervised.instance.Resample -B 1.0 -S 1 -Z 200.0\\\" -S 1\" -S 1 -W weka.classifiers.lazy.IBk -- -K 1 -W 0 -A \"weka.core.neighboursearch.LinearNNSearch -A \\\"weka.core.EuclideanDistance -R first-last\\\"\"',-4523450618538717400,2.02604271336E7,4330.0,481.0,462.0,19.0,0.0,96.04989604989605,3.95010395010395,0.0,0.8342612575034913,0.03735930719833558,0.18964017961972968,16.198330656277918,55.83639924414712,272.1308087156738,249.71011754930296,22.420691166370858,0.565760517080403,0.5191478535328544,0.04661266354754856,214.8357173623374,0.44664390304020246,78.94575346917108,0.890625,57.0,0.02877697841726619,12.0,0.9712230215827338,405.0,0.109375,7.0,0.8260869565217391,0.890625,0.8571428571428571,0.8350559024539473,0.9283011091127098,0.7962742440669944,0.9604989604989606,0.09865093891622669,0.9013490610837733,0.0395010395010395,0.9621301741394609,0.9604989604989606,0.9611223386856679,0.8350559024539475,0.9283011091127098,0.9566551627340607,0.9171118387041185,0.9604989604989606,0.002,0.098,0.0,0.1,0.0,100.0,906658.0,1043348.0,161927.0,96.67359667359668,50.311850311850314,?
DatasetClassiRealeseNormalizedShuffled,2,5,weka.classifiers.meta.FilteredClassifier,'-F \"weka.filters.MultiFilter -F \\\"weka.filters.supervised.instance.Resample -B 1.0 -S 1 -Z 200.0\\\" -S 1\" -S 1 -W weka.classifiers.lazy.IBk -- -K 1 -W 0 -A \"weka.core.neighboursearch.LinearNNSearch -A \\\"weka.core.EuclideanDistance -R first-last\\\"\"',-4523450618538717400,2.02604271336E7,4330.0,481.0,464.0,17.0,0.0,96.46569646569647,3.5343035343035343,0.0,0.845783905097788,0.038068643491997275,0.18883378812486937,16.505886247987142,55.598970669968416,272.1308087156738,240.87297577921728,31.257832936456538,0.565760517080403,0.5007754174204102,0.0649850996599928,213.40477151293754,0.4436689636443608,78.41992331559412,0.859375,55.0,0.019184652278177457,8.0,0.9808153477218226,409.0,0.140625,9.0,0.873015873015873,0.859375,0.8661417322834646,0.8458187081863575,0.9229241606714629,0.7866164432191967,0.9646569646569647,0.12446661693514212,0.875533383064858,0.035343035343035345,0.9644377275956224,0.9646569646569647,0.964538982342745,0.8458187081863575,0.9229241606714629,0.9555983168498613,0.9228912254231695,0.9646569646569647,0.002,0.097,0.0,0.1,0.0,100.0,919111.0,1043348.0,161927.0,96.67359667359668,50.51975051975052,?
DatasetClassiRealeseNormalizedShuffled,2,6,weka.classifiers.meta.FilteredClassifier,'-F \"weka.filters.MultiFilter -F \\\"weka.filters.supervised.instance.Resample -B 1.0 -S 1 -Z 200.0\\\" -S 1\" -S 1 -W weka.classifiers.lazy.IBk -- -K 1 -W 0 -A \"weka.core.neighboursearch.LinearNNSearch -A \\\"weka.core.EuclideanDistance -R first-last\\\"\"',-4523450618538717400,2.02604271336E7,4330.0,481.0,464.0,17.0,0.0,96.46569646569647,3.5343035343035343,0.0,0.855409969409227,0.03301358046787617,0.17350292922266855,14.314100893983419,51.08505405095087,272.1308087156738,204.48123584153893,67.64957287413489,0.565760517080403,0.42511691443147387,0.14064360264892908,221.37667310352106,0.4602425636247839,81.34936068000245,0.9375,60.0,0.03117505995203837,13.0,0.9688249400479616,404.0,0.0625,4.0,0.821917808219178,0.9375,0.8759124087591241,0.8579271936654517,0.9582583932853717,0.8289353392088602,0.9646569646569647,0.05833202460900303,0.941667975390997,0.035343035343035345,0.9678056225195629,0.9646569646569647,0.965625087084941,0.8579271936654518,0.9582583932853717,0.9684259826343058,0.9276531740765317,0.9646569646569647,0.002,0.098,0.01,0.09,10.0,90.0,906863.0,1043348.0,161927.0,97.29729729729729,50.83160083160083,?
DatasetClassiRealeseNormalizedShuffled,2,7,weka.classifiers.meta.FilteredClassifier,'-F \"weka.filters.MultiFilter -F \\\"weka.filters.supervised.instance.Resample -B 1.0 -S 1 -Z 200.0\\\" -S 1\" -S 1 -W weka.classifiers.lazy.IBk -- -K 1 -W 0 -A \"weka.core.neighboursearch.LinearNNSearch -A \\\"weka.core.EuclideanDistance -R first-last\\\"\"',-4523450618538717400,2.02604271336E7,4330.0,481.0,460.0,21.0,0.0,95.63409563409563,4.365904365904366,0.0,0.8213887857408096,0.042575512916053486,0.20030175513769657,18.45998461410416,58.97552296986041,272.1308087156738,265.88733910444154,6.243469611232285,0.565760517080403,0.5527803307784648,0.012980186301938224,206.6753775651226,0.42967853963642955,75.94707065345916,0.90625,58.0,0.03597122302158273,15.0,0.9640287769784173,402.0,0.09375,6.0,0.7945205479452054,0.90625,0.8467153284671532,0.823805895488415,0.9494342026378897,0.7223874045098129,0.9563409563409564,0.08606217936253907,0.913937820637461,0.04365904365904366,0.9599105241732155,0.9563409563409564,0.9575368722813978,0.8238058954884151,0.9494342026378897,0.9531342020975163,0.9106303915063039,0.9563409563409564,0.002,0.095,0.0,0.1,0.0,100.0,910955.0,1043348.0,161927.0,96.46569646569647,50.62370062370062,?
DatasetClassiRealeseNormalizedShuffled,2,8,weka.classifiers.meta.FilteredClassifier,'-F \"weka.filters.MultiFilter -F \\\"weka.filters.supervised.instance.Resample -B 1.0 -S 1 -Z 200.0\\\" -S 1\" -S 1 -W weka.classifiers.lazy.IBk -- -K 1 -W 0 -A \"weka.core.neighboursearch.LinearNNSearch -A \\\"weka.core.EuclideanDistance -R first-last\\\"\"',-4523450618538717400,2.02604271336E7,4330.0,481.0,461.0,20.0,0.0,95.84199584199584,4.158004158004158,0.0,0.8197691846522782,0.040596146598993264,0.19878693468824807,17.601766609058583,58.52950926343907,272.1308087156738,250.55953992750497,21.57126878816885,0.565760517080403,0.5209138044230872,0.0448467126573157,211.64588163989373,0.440012227941567,77.77358346111572,0.84375,54.0,0.023980815347721823,10.0,0.9760191846522782,407.0,0.15625,10.0,0.84375,0.84375,0.84375,0.8197691846522782,0.9263901378896883,0.737601294122341,0.9584199584199584,0.13865077376768026,0.8613492262323198,0.04158004158004158,0.9584199584199584,0.9584199584199584,0.9584199584199584,0.8197691846522782,0.9263901378896883,0.9492764904894342,0.9098845923261392,0.9584199584199584,0.001,0.099,0.0,0.1,0.0,100.0,919782.0,1043348.0,161927.0,96.67359667359668,50.51975051975052,?
DatasetClassiRealeseNormalizedShuffled,2,9,weka.classifiers.meta.FilteredClassifier,'-F \"weka.filters.MultiFilter -F \\\"weka.filters.supervised.instance.Resample -B 1.0 -S 1 -Z 200.0\\\" -S 1\" -S 1 -W weka.classifiers.lazy.IBk -- -K 1 -W 0 -A \"weka.core.neighboursearch.LinearNNSearch -A \\\"weka.core.EuclideanDistance -R first-last\\\"\"',-4523450618538717400,2.02604271336E7,4330.0,481.0,457.0,24.0,0.0,95.01039501039502,4.98960498960499,0.0,0.7945907473309609,0.04596741062127043,0.2078077407199395,19.930651087914526,61.18553568199415,272.1308087156738,265.9811425529959,6.149666162677931,0.565760517080403,0.5529753483430268,0.012785168737376156,200.7827657289182,0.41742778737820835,73.7817105959138,0.875,56.0,0.03836930455635491,16.0,0.9616306954436451,401.0,0.125,8.0,0.7777777777777778,0.875,0.823529411764706,0.7964598850802407,0.9457621402877698,0.7753416107834562,0.9501039501039501,0.11347325466030501,0.886526745339695,0.0498960498960499,0.9534746331812346,0.9501039501039501,0.9513298536229741,0.7964598850802407,0.9457621402877698,0.9581165197759683,0.8972368608460333,0.9501039501039501,0.002,0.099,0.0,0.1,0.0,100.0,909476.0,1043348.0,161927.0,96.46569646569647,50.727650727650726,?
DatasetClassiRealeseNormalizedShuffled,2,10,weka.classifiers.meta.FilteredClassifier,'-F \"weka.filters.MultiFilter -F \\\"weka.filters.supervised.instance.Resample -B 1.0 -S 1 -Z 200.0\\\" -S 1\" -S 1 -W weka.classifiers.lazy.IBk -- -K 1 -W 0 -A \"weka.core.neighboursearch.LinearNNSearch -A \\\"weka.core.EuclideanDistance -R first-last\\\"\"',-4523450618538717400,2.02604271336E7,4330.0,481.0,453.0,28.0,0.0,94.17879417879418,5.8212058212058215,0.0,0.7509707481232203,0.05944498080622513,0.2400312511712762,25.774285637669113,70.67321280936592,272.1308087156738,411.0696362504567,-138.9388275347829,0.565760517080403,0.8546146283793279,-0.2888541112989249,182.70709471305452,0.3798484297568701,67.13943767533851,0.796875,51.0,0.03597122302158273,15.0,0.9640287769784173,402.0,0.203125,13.0,0.7727272727272727,0.796875,0.7846153846153846,0.7510895821343015,0.8870653477218226,0.6538542573960195,0.9417879417879418,0.18088416480952452,0.8191158351904755,0.058212058212058215,0.9426026920002823,0.9417879417879418,0.9421657604349912,0.7510895821343015,0.8870653477218226,0.9280252867834164,0.8754807692307693,0.9417879417879418,0.002,0.097,0.01,0.09,10.0,90.0,915658.0,1043348.0,161927.0,94.38669438669439,50.41580041580042,?
DatasetClassiRealeseNormalizedShuffled,3,1,weka.classifiers.meta.FilteredClassifier,'-F \"weka.filters.MultiFilter -F \\\"weka.filters.supervised.instance.Resample -B 1.0 -S 1 -Z 200.0\\\" -S 1\" -S 1 -W weka.classifiers.lazy.IBk -- -K 1 -W 0 -A \"weka.core.neighboursearch.LinearNNSearch -A \\\"weka.core.EuclideanDistance -R first-last\\\"\"',-4523450618538717400,2.02604271336E7,4329.0,482.0,468.0,14.0,0.0,97.0954356846473,2.904564315352697,0.0,0.8786941827856475,0.03067522528840135,0.17007551064007695,13.310625321978451,50.119947462766575,272.3366817903761,203.9100327707857,68.42664901959037,0.565013862635635,0.4230498605203023,0.14196400211533272,225.25047723859964,0.46732464157385817,82.71029659235556,0.9375,60.0,0.023923444976076555,10.0,0.9760765550239234,408.0,0.0625,4.0,0.8571428571428571,0.9375,0.8955223880597014,0.8798840510547057,0.9537417763157895,0.7975013887613223,0.970954356846473,0.05737780182254958,0.9426221981774504,0.029045643153526972,0.9726118058712829,0.970954356846473,0.9714996481871003,0.8798840510547057,0.9537417763157895,0.9632625458791574,0.9393274590900917,0.970954356846473,0.002,0.098,0.0,0.1,0.0,100.0,914717.0,1043119.0,162156.0,97.30290456431536,50.4149377593361,?
DatasetClassiRealeseNormalizedShuffled,3,2,weka.classifiers.meta.FilteredClassifier,'-F \"weka.filters.MultiFilter -F \\\"weka.filters.supervised.instance.Resample -B 1.0 -S 1 -Z 200.0\\\" -S 1\" -S 1 -W weka.classifiers.lazy.IBk -- -K 1 -W 0 -A \"weka.core.neighboursearch.LinearNNSearch -A \\\"weka.core.EuclideanDistance -R first-last\\\"\"',-4523450618538717400,2.02604271336E7,4330.0,481.0,464.0,17.0,0.0,96.46569646569647,3.5343035343035343,0.0,0.845783905097788,0.03548078494684155,0.18601004969976714,15.474803348910674,55.13326179223612,269.42867131105754,240.45452633161347,28.974144979444077,0.5601427677984564,0.49990546014888454,0.060237307649571886,216.36583864428238,0.4498250283664914,80.30542465708346,0.873015873015873,55.0,0.0215311004784689,9.0,0.9784688995215312,409.0,0.12698412698412698,8.0,0.859375,0.873015873015873,0.8661417322834646,0.8458187081863575,0.936280094174831,0.7715741087101905,0.9646569646569647,0.11317219211956053,0.8868278078804395,0.035343035343035345,0.9649094393923531,0.9646569646569647,0.9647749469711845,0.8458187081863575,0.936280094174831,0.9563555329120991,0.9228912254231695,0.9646569646569647,0.002,0.099,0.0,0.1,0.0,100.0,911160.0,1043348.0,161927.0,96.67359667359668,50.20790020790021,?
DatasetClassiRealeseNormalizedShuffled,3,3,weka.classifiers.meta.FilteredClassifier,'-F \"weka.filters.MultiFilter -F \\\"weka.filters.supervised.instance.Resample -B 1.0 -S 1 -Z 200.0\\\" -S 1\" -S 1 -W weka.classifiers.lazy.IBk -- -K 1 -W 0 -A \"weka.core.neighboursearch.LinearNNSearch -A \\\"weka.core.EuclideanDistance -R first-last\\\"\"',-4523450618538717400,2.02604271336E7,4330.0,481.0,455.0,26.0,0.0,94.5945945945946,5.405405405405405,0.0,0.777473309608541,0.05459219495483245,0.22484812114028752,23.670204065501526,66.2027925013592,272.1308087156738,339.29138000689693,-67.1605712912231,0.565760517080403,0.7053874844218231,-0.1396269673414202,189.6437202235106,0.3942696886143672,69.6884417896443,0.859375,55.0,0.0407673860911271,17.0,0.9592326139088729,400.0,0.140625,9.0,0.7638888888888888,0.859375,0.8088235294117647,0.779302181536547,0.9359075239808153,0.6596816095574634,0.9459459459459459,0.12733833203707304,0.872661667962927,0.05405405405405406,0.9495069641768906,0.9459459459459459,0.9472740080915555,0.779302181536547,0.9359075239808153,0.9419016590411792,0.8886732659165362,0.9459459459459459,0.002,0.098,0.0,0.1,0.0,100.0,908105.0,1043348.0,161927.0,95.42619542619542,50.83160083160083,?
DatasetClassiRealeseNormalizedShuffled,3,4,weka.classifiers.meta.FilteredClassifier,'-F \"weka.filters.MultiFilter -F \\\"weka.filters.supervised.instance.Resample -B 1.0 -S 1 -Z 200.0\\\" -S 1\" -S 1 -W weka.classifiers.lazy.IBk -- -K 1 -W 0 -A \"weka.core.neighboursearch.LinearNNSearch -A \\\"weka.core.EuclideanDistance -R first-last\\\"\"',-4523450618538717400,2.02604271336E7,4330.0,481.0,460.0,21.0,0.0,95.63409563409563,4.365904365904366,0.0,0.8213887857408096,0.04501364231531514,0.20873809411049915,19.517114126232592,61.459462776229145,272.1308087156738,311.3316247474396,-39.20081603176578,0.565760517080403,0.647259095109022,-0.0814985780286191,203.25876750010863,0.42257540020812606,74.69156780130555,0.90625,58.0,0.03597122302158273,15.0,0.9640287769784173,402.0,0.09375,6.0,0.7945205479452054,0.90625,0.8467153284671532,0.823805895488415,0.9450127398081535,0.7374542527136629,0.9563409563409564,0.08606217936253907,0.913937820637461,0.04365904365904366,0.9599105241732155,0.9563409563409564,0.9575368722813978,0.8238058954884151,0.9450127398081535,0.9533641319394685,0.9106303915063039,0.9563409563409564,0.002,0.098,0.01,0.09,10.0,90.0,912583.0,1043348.0,161927.0,95.84199584199584,50.311850311850314,?
DatasetClassiRealeseNormalizedShuffled,3,5,weka.classifiers.meta.FilteredClassifier,'-F \"weka.filters.MultiFilter -F \\\"weka.filters.supervised.instance.Resample -B 1.0 -S 1 -Z 200.0\\\" -S 1\" -S 1 -W weka.classifiers.lazy.IBk -- -K 1 -W 0 -A \"weka.core.neighboursearch.LinearNNSearch -A \\\"weka.core.EuclideanDistance -R first-last\\\"\"',-4523450618538717400,2.02604271336E7,4330.0,481.0,450.0,31.0,0.0,93.55509355509355,6.444906444906445,0.0,0.7458539994204976,0.0609867298017666,0.24180233088811998,26.44276056109804,71.19467779827913,272.1308087156738,391.01708067036515,-118.88627195469132,0.565760517080403,0.8129253236390128,-0.2471648065586098,178.49050976080835,0.3710821408748614,65.58996778174344,0.875,56.0,0.05515587529976019,23.0,0.9448441247002398,394.0,0.125,8.0,0.7088607594936709,0.875,0.7832167832167832,0.7515583962256372,0.930511840527578,0.7097449480174084,0.9355509355509356,0.11570681085069574,0.8842931891493043,0.06444906444906445,0.9440095242097887,0.9355509355509356,0.9383409383409383,0.7515583962256372,0.930511840527578,0.9463579884117688,0.8726828726828727,0.9355509355509356,0.002,0.099,0.0,0.1,0.0,100.0,913616.0,1043348.0,161927.0,94.8024948024948,50.62370062370062,?
DatasetClassiRealeseNormalizedShuffled,3,6,weka.classifiers.meta.FilteredClassifier,'-F \"weka.filters.MultiFilter -F \\\"weka.filters.supervised.instance.Resample -B 1.0 -S 1 -Z 200.0\\\" -S 1\" -S 1 -W weka.classifiers.lazy.IBk -- -K 1 -W 0 -A \"weka.core.neighboursearch.LinearNNSearch -A \\\"weka.core.EuclideanDistance -R first-last\\\"\"',-4523450618538717400,2.02604271336E7,4330.0,481.0,466.0,15.0,0.0,96.88149688149689,3.1185031185031185,0.0,0.8708077425824129,0.028451567052809695,0.16122764094325037,12.336093074852483,47.47079942104603,272.1308087156738,161.8196896018219,110.31111911385193,0.565760517080403,0.33642347110565884,0.22933704597474414,227.91362891679853,0.4738329083509325,83.75149803597796,0.9375,60.0,0.026378896882494004,11.0,0.973621103117506,406.0,0.0625,4.0,0.8450704225352113,0.9375,0.8888888888888888,0.8723946980698476,0.9574340527577938,0.8763968279486941,0.9688149688149689,0.05769386569746282,0.9423061343025372,0.031185031185031187,0.9709276805807208,0.9688149688149689,0.9694914894431217,0.8723946980698475,0.9574340527577938,0.9742848606150256,0.9353755206234045,0.9688149688149689,0.001,0.097,0.01,0.09,10.0,90.0,915260.0,1043348.0,161927.0,97.92099792099792,50.62370062370062,?
DatasetClassiRealeseNormalizedShuffled,3,7,weka.classifiers.meta.FilteredClassifier,'-F \"weka.filters.MultiFilter -F \\\"weka.filters.supervised.instance.Resample -B 1.0 -S 1 -Z 200.0\\\" -S 1\" -S 1 -W weka.classifiers.lazy.IBk -- -K 1 -W 0 -A \"weka.core.neighboursearch.LinearNNSearch -A \\\"weka.core.EuclideanDistance -R first-last\\\"\"',-4523450618538717400,2.02604271336E7,4330.0,481.0,461.0,20.0,0.0,95.84199584199584,4.158004158004158,0.0,0.8309492847854356,0.04167356042413898,0.19917200600160498,18.068914067139204,58.642887112126935,272.1308087156738,290.704179624468,-18.573370908794175,0.565760517080403,0.6043745938138628,-0.038614076733459825,209.73118772371757,0.4360315753091841,77.06999024239394,0.921875,59.0,0.03597122302158273,15.0,0.9640287769784173,402.0,0.078125,5.0,0.7972972972972973,0.921875,0.8550724637681159,0.8339336593919453,0.9541554256594724,0.6918872592158858,0.9584199584199584,0.07251618144154115,0.9274838185584589,0.04158004158004158,0.9623787461625299,0.9584199584199584,0.9596741755880632,0.8339336593919453,0.9541554256594724,0.950483168913565,0.9154003095539608,0.9584199584199584,0.002,0.098,0.0,0.1,0.0,100.0,905637.0,1043348.0,161927.0,96.25779625779626,50.41580041580042,?
DatasetClassiRealeseNormalizedShuffled,3,8,weka.classifiers.meta.FilteredClassifier,'-F \"weka.filters.MultiFilter -F \\\"weka.filters.supervised.instance.Resample -B 1.0 -S 1 -Z 200.0\\\" -S 1\" -S 1 -W weka.classifiers.lazy.IBk -- -K 1 -W 0 -A \"weka.core.neighboursearch.LinearNNSearch -A \\\"weka.core.EuclideanDistance -R first-last\\\"\"',-4523450618538717400,2.02604271336E7,4330.0,481.0,460.0,21.0,0.0,95.63409563409563,4.365904365904366,0.0,0.8120009678199858,0.044501483790072086,0.20467988960994293,19.29505130541325,60.264591904656335,272.1308087156738,287.3919263081464,-15.261117592472601,0.565760517080403,0.5974884122830487,-0.03172789520264574,203.81426711127347,0.42373028505462257,74.89569743065054,0.84375,54.0,0.026378896882494004,11.0,0.973621103117506,406.0,0.15625,10.0,0.8307692307692308,0.84375,0.8372093023255814,0.8120335084003542,0.918240407673861,0.7772022289683911,0.9563409563409564,0.13896985322345035,0.8610301467765497,0.04365904365904366,0.9566428114505038,0.9563409563409564,0.9564839715318512,0.8120335084003542,0.918240407673861,0.9527648858085871,0.9059996091459841,0.9563409563409564,0.002,0.096,0.0,0.1,0.0,100.0,906413.0,1043348.0,161927.0,96.04989604989605,50.51975051975052,?
DatasetClassiRealeseNormalizedShuffled,3,9,weka.classifiers.meta.FilteredClassifier,'-F \"weka.filters.MultiFilter -F \\\"weka.filters.supervised.instance.Resample -B 1.0 -S 1 -Z 200.0\\\" -S 1\" -S 1 -W weka.classifiers.lazy.IBk -- -K 1 -W 0 -A \"weka.core.neighboursearch.LinearNNSearch -A \\\"weka.core.EuclideanDistance -R first-last\\\"\"',-4523450618538717400,2.02604271336E7,4330.0,481.0,467.0,14.0,0.0,97.0893970893971,2.9106029106029108,0.0,0.8738384292565947,0.02919819914762548,0.16781004538626537,12.659819462127523,49.40887901580083,272.1308087156738,192.42310902026637,79.70769969540746,0.565760517080403,0.40004804370117747,0.16571247337922548,227.45600582539976,0.4728815089925151,83.58333512434052,0.890625,57.0,0.016786570743405275,7.0,0.9832134292565947,410.0,0.109375,7.0,0.890625,0.890625,0.890625,0.8738384292565947,0.9484599820143885,0.8331610194794659,0.9708939708939709,0.09705554163737617,0.9029444583626238,0.029106029106029108,0.9708939708939709,0.9708939708939709,0.9708939708939709,0.8738384292565947,0.9484599820143885,0.9665630493224697,0.9369192146282974,0.9708939708939709,0.002,0.097,0.0,0.09,0.0,90.0,915674.0,1043348.0,161927.0,97.29729729729729,50.20790020790021,?
DatasetClassiRealeseNormalizedShuffled,3,10,weka.classifiers.meta.FilteredClassifier,'-F \"weka.filters.MultiFilter -F \\\"weka.filters.supervised.instance.Resample -B 1.0 -S 1 -Z 200.0\\\" -S 1\" -S 1 -W weka.classifiers.lazy.IBk -- -K 1 -W 0 -A \"weka.core.neighboursearch.LinearNNSearch -A \\\"weka.core.EuclideanDistance -R first-last\\\"\"',-4523450618538717400,2.02604271336E7,4330.0,481.0,461.0,20.0,0.0,95.84199584199584,4.158004158004158,0.0,0.8244141052785282,0.04046397252808318,0.1975256346986548,17.544458284430892,58.15814044314588,272.1308087156738,267.2859275093684,4.844881206305445,0.565760517080403,0.5556879989799758,0.01007251810042712,210.73783257739706,0.4381243920528005,77.43990236606358,0.875,56.0,0.02877697841726619,12.0,0.9712230215827338,405.0,0.125,8.0,0.8235294117647058,0.875,0.8484848484848485,0.8249229163710716,0.9164043764988009,0.7355878899432023,0.9584199584199584,0.1121969368372246,0.8878030631627755,0.04158004158004158,0.9597264043924064,0.9584199584199584,0.9589497661786818,0.8249229163710715,0.916404376498801,0.9461441315209623,0.9121942314713398,0.9584199584199584,0.002,0.099,0.0,0.1,0.0,100.0,906650.0,1043348.0,161927.0,96.46569646569647,50.41580041580042,?
DatasetClassiRealeseNormalizedShuffled,4,1,weka.classifiers.meta.FilteredClassifier,'-F \"weka.filters.MultiFilter -F \\\"weka.filters.supervised.instance.Resample -B 1.0 -S 1 -Z 200.0\\\" -S 1\" -S 1 -W weka.classifiers.lazy.IBk -- -K 1 -W 0 -A \"weka.core.neighboursearch.LinearNNSearch -A \\\"weka.core.EuclideanDistance -R first-last\\\"\"',-4523450618538717400,2.02604271336E7,4329.0,482.0,461.0,21.0,0.0,95.64315352697095,4.356846473029045,0.0,0.816875927199045,0.04394770234338509,0.20652052011886016,19.069832223068225,60.860011999290236,272.3366817903761,310.96606126431067,-38.62937947393459,0.565013862635635,0.6451578034529267,-0.08014394081729169,206.5160446406244,0.428456524150673,75.83115255828248,0.875,56.0,0.03110047846889952,13.0,0.9688995215311005,405.0,0.125,8.0,0.8115942028985508,0.875,0.8421052631578948,0.8176534947866351,0.9058575059808612,0.7054732461423308,0.9564315352697096,0.11253201373860906,0.8874679862613909,0.043568464730290454,0.9581850138698447,0.9564315352697096,0.9571194189767602,0.817653494786635,0.9058575059808612,0.941659215165902,0.9084172525175755,0.9564315352697096,0.002,0.097,0.0,0.09,0.0,90.0,913359.0,1043119.0,162156.0,95.850622406639,50.31120331950208,?
DatasetClassiRealeseNormalizedShuffled,4,2,weka.classifiers.meta.FilteredClassifier,'-F \"weka.filters.MultiFilter -F \\\"weka.filters.supervised.instance.Resample -B 1.0 -S 1 -Z 200.0\\\" -S 1\" -S 1 -W weka.classifiers.lazy.IBk -- -K 1 -W 0 -A \"weka.core.neighboursearch.LinearNNSearch -A \\\"weka.core.EuclideanDistance -R first-last\\\"\"',-4523450618538717400,2.02604271336E7,4330.0,481.0,467.0,14.0,0.0,97.0893970893971,2.9106029106029108,0.0,0.880216300828916,0.02854925167044037,0.16583145047211606,12.45164265730125,49.152337666822625,269.42867131105754,190.982904245003,78.44576706605454,0.5601427677984564,0.3970538549792162,0.1630889128192402,226.28725208419002,0.4704516675346986,83.9878142823707,0.9682539682539683,61.0,0.028708133971291867,12.0,0.9712918660287081,406.0,0.031746031746031744,2.0,0.8356164383561644,0.9682539682539683,0.8970588235294118,0.8834558997940656,0.9806523885471254,0.8640893907339844,0.9708939708939709,0.03134813661129451,0.9686518633887056,0.029106029106029108,0.9742095966914661,0.9708939708939709,0.9717878588765926,0.8834558997940656,0.9806523885471254,0.9787000096718471,0.9400548354935194,0.9708939708939709,0.002,0.098,0.0,0.1,0.0,100.0,908893.0,1043348.0,161927.0,97.5051975051975,50.311850311850314,?
DatasetClassiRealeseNormalizedShuffled,4,3,weka.classifiers.meta.FilteredClassifier,'-F \"weka.filters.MultiFilter -F \\\"weka.filters.supervised.instance.Resample -B 1.0 -S 1 -Z 200.0\\\" -S 1\" -S 1 -W weka.classifiers.lazy.IBk -- -K 1 -W 0 -A \"weka.core.neighboursearch.LinearNNSearch -A \\\"weka.core.EuclideanDistance -R first-last\\\"\"',-4523450618538717400,2.02604271336E7,4330.0,481.0,459.0,22.0,0.0,95.42619542619542,4.573804573804574,0.0,0.8068555158063809,0.04639510466031405,0.21380650519687516,20.116091610870914,62.951772188294846,272.1308087156738,323.7772368757643,-51.646428160090466,0.565760517080403,0.6731335485982626,-0.1073730315178596,201.99462467844353,0.41994724465372874,74.22703281255097,0.859375,55.0,0.03117505995203837,13.0,0.9688249400479616,404.0,0.140625,9.0,0.8088235294117647,0.859375,0.8333333333333333,0.8073534901058181,0.9120765887290168,0.6843037647681789,0.9542619542619543,0.12606201421399263,0.8739379857860073,0.04573804573804574,0.9556705588609876,0.9542619542619543,0.95484474279655,0.8073534901058181,0.9120765887290168,0.9389097256238202,0.9034136546184739,0.9542619542619543,0.002,0.101,0.0,0.1,0.0,100.0,911795.0,1043348.0,161927.0,95.63409563409563,50.20790020790021,?
DatasetClassiRealeseNormalizedShuffled,4,4,weka.classifiers.meta.FilteredClassifier,'-F \"weka.filters.MultiFilter -F \\\"weka.filters.supervised.instance.Resample -B 1.0 -S 1 -Z 200.0\\\" -S 1\" -S 1 -W weka.classifiers.lazy.IBk -- -K 1 -W 0 -A \"weka.core.neighboursearch.LinearNNSearch -A \\\"weka.core.EuclideanDistance -R first-last\\\"\"',-4523450618538717400,2.02604271336E7,4330.0,481.0,456.0,25.0,0.0,94.8024948024948,5.197505197505198,0.0,0.7790943326903649,0.05239319670845614,0.22345399231861857,22.71675756505449,65.792314438954,272.1308087156738,349.7808100783583,-77.65000136268446,0.565760517080403,0.7271950313479382,-0.16143451426753527,192.8685089517093,0.4009740310846347,70.8734559905053,0.828125,53.0,0.03357314148681055,14.0,0.9664268585131894,403.0,0.171875,11.0,0.7910447761194029,0.828125,0.8091603053435115,0.7793682157799215,0.9250786870503597,0.6914270414633893,0.9480249480249481,0.1534730895117586,0.8465269104882415,0.05197505197505198,0.9491624855025244,0.9480249480249481,0.94852626442452,0.7793682157799215,0.9250786870503597,0.9431870625863668,0.8895380347415511,0.9480249480249481,0.001,0.098,0.01,0.09,10.0,90.0,911369.0,1043348.0,161927.0,95.21829521829522,50.51975051975052,?
DatasetClassiRealeseNormalizedShuffled,4,5,weka.classifiers.meta.FilteredClassifier,'-F \"weka.filters.MultiFilter -F \\\"weka.filters.supervised.instance.Resample -B 1.0 -S 1 -Z 200.0\\\" -S 1\" -S 1 -W weka.classifiers.lazy.IBk -- -K 1 -W 0 -A \"weka.core.neighboursearch.LinearNNSearch -A \\\"weka.core.EuclideanDistance -R first-last\\\"\"',-4523450618538717400,2.02604271336E7,4330.0,481.0,452.0,29.0,0.0,93.97089397089397,6.029106029106029,0.0,0.7502283023259981,0.05931314670570405,0.240357720022534,25.717124718151084,70.76933613700757,272.1308087156738,411.04984213667916,-138.91903342100534,0.565760517080403,0.8545734763756323,-0.2888129592952294,182.67596797081114,0.37978371719503357,67.12799952087514,0.828125,53.0,0.04316546762589928,18.0,0.9568345323741008,399.0,0.171875,11.0,0.7464788732394366,0.828125,0.7851851851851853,0.751595514470523,0.9016973920863309,0.6924927624357181,0.9397089397089398,0.154749407334839,0.845250592665161,0.060291060291060294,0.9430079896242727,0.9397089397089398,0.9410168795900357,0.751595514470523,0.9016973920863309,0.9384941923169506,0.8750593398719155,0.9397089397089398,0.002,0.117,0.0,0.12,0.0,120.0,912635.0,1043348.0,161927.0,94.38669438669439,50.311850311850314,?
DatasetClassiRealeseNormalizedShuffled,4,6,weka.classifiers.meta.FilteredClassifier,'-F \"weka.filters.MultiFilter -F \\\"weka.filters.supervised.instance.Resample -B 1.0 -S 1 -Z 200.0\\\" -S 1\" -S 1 -W weka.classifiers.lazy.IBk -- -K 1 -W 0 -A \"weka.core.neighboursearch.LinearNNSearch -A \\\"weka.core.EuclideanDistance -R first-last\\\"\"',-4523450618538717400,2.02604271336E7,4330.0,481.0,461.0,20.0,0.0,95.84199584199584,4.158004158004158,0.0,0.8309492847854356,0.04181365272714477,0.19915252797799093,18.129655596269817,58.63715213178057,272.1308087156738,271.7349712858851,0.3958374297887417,0.565760517080403,0.5649375702409253,8.229468394776334E-4,207.40232036604922,0.43118985523087155,76.21420056953056,0.921875,59.0,0.03597122302158273,15.0,0.9640287769784173,402.0,0.078125,5.0,0.7972972972972973,0.921875,0.8550724637681159,0.8339336593919453,0.9424460431654677,0.7261750173740876,0.9584199584199584,0.07251618144154115,0.9274838185584589,0.04158004158004158,0.9623787461625299,0.9584199584199584,0.9596741755880632,0.8339336593919453,0.9424460431654677,0.9519504024762019,0.9154003095539608,0.9584199584199584,0.002,0.098,0.0,0.1,0.0,100.0,912402.0,1043348.0,161927.0,96.46569646569647,50.51975051975052,?
DatasetClassiRealeseNormalizedShuffled,4,7,weka.classifiers.meta.FilteredClassifier,'-F \"weka.filters.MultiFilter -F \\\"weka.filters.supervised.instance.Resample -B 1.0 -S 1 -Z 200.0\\\" -S 1\" -S 1 -W weka.classifiers.lazy.IBk -- -K 1 -W 0 -A \"weka.core.neighboursearch.LinearNNSearch -A \\\"weka.core.EuclideanDistance -R first-last\\\"\"',-4523450618538717400,2.02604271336E7,4330.0,481.0,454.0,27.0,0.0,94.38669438669439,5.613305613305613,0.0,0.7759510049167603,0.05294864975860098,0.223759637775736,22.95759212128751,65.88230666425662,272.1308087156738,347.2358725883753,-75.10506387270146,0.565760517080403,0.7219041010153332,-0.15614358393493027,190.8033597114798,0.39668058152074803,70.11457490314297,0.890625,57.0,0.047961630695443645,20.0,0.9520383693045563,397.0,0.109375,7.0,0.7402597402597403,0.890625,0.8085106382978724,0.7805057103918547,0.9298935851318945,0.6466539019192746,0.9438669438669439,0.10120357456238752,0.8987964254376125,0.056133056133056136,0.9504186608147004,0.9438669438669439,0.9460102227614602,0.7805057103918547,0.9298935851318946,0.9393457290038342,0.8878119573949776,0.9438669438669439,0.001,0.098,0.0,0.1,0.0,100.0,910963.0,1043348.0,161927.0,95.42619542619542,50.62370062370062,?
DatasetClassiRealeseNormalizedShuffled,4,8,weka.classifiers.meta.FilteredClassifier,'-F \"weka.filters.MultiFilter -F \\\"weka.filters.supervised.instance.Resample -B 1.0 -S 1 -Z 200.0\\\" -S 1\" -S 1 -W weka.classifiers.lazy.IBk -- -K 1 -W 0 -A \"weka.core.neighboursearch.LinearNNSearch -A \\\"weka.core.EuclideanDistance -R first-last\\\"\"',-4523450618538717400,2.02604271336E7,4330.0,481.0,461.0,20.0,0.0,95.84199584199584,4.158004158004158,0.0,0.8221219629451574,0.04134583960567781,0.20006826062557817,17.926820153239845,58.90677439123059,272.1308087156738,277.75357694325885,-5.622768227585027,0.565760517080403,0.5774502639152991,-0.011689746834896106,209.9750478980971,0.436538561118705,77.15960162286586,0.859375,55.0,0.026378896882494004,11.0,0.973621103117506,406.0,0.140625,9.0,0.8333333333333334,0.859375,0.8461538461538461,0.8222520559623607,0.9262027877697842,0.7223849087047683,0.9584199584199584,0.12542385530245242,0.8745761446975476,0.04158004158004158,0.9590227855288096,0.9584199584199584,0.9586898288821365,0.8222520559623607,0.9262027877697843,0.9468437876514032,0.9110576923076923,0.9584199584199584,0.002,0.097,0.0,0.1,0.0,100.0,914247.0,1043348.0,161927.0,96.25779625779626,50.311850311850314,?
DatasetClassiRealeseNormalizedShuffled,4,9,weka.classifiers.meta.FilteredClassifier,'-F \"weka.filters.MultiFilter -F \\\"weka.filters.supervised.instance.Resample -B 1.0 -S 1 -Z 200.0\\\" -S 1\" -S 1 -W weka.classifiers.lazy.IBk -- -K 1 -W 0 -A \"weka.core.neighboursearch.LinearNNSearch -A \\\"weka.core.EuclideanDistance -R first-last\\\"\"',-4523450618538717400,2.02604271336E7,4330.0,481.0,467.0,14.0,0.0,97.0893970893971,2.9106029106029108,0.0,0.8738384292565947,0.03175214370071885,0.1626929917195807,13.767164363604962,47.90224760435807,272.1308087156738,156.81036548775208,115.32044322792174,0.565760517080403,0.32600907585811245,0.23975144122229053,222.8077398800166,0.463217754428309,81.87523527070003,0.890625,57.0,0.016786570743405275,7.0,0.9832134292565947,410.0,0.109375,7.0,0.890625,0.890625,0.890625,0.8738384292565947,0.9549797661870504,0.8511763571247761,0.9708939708939709,0.09705554163737617,0.9029444583626238,0.029106029106029108,0.9708939708939709,0.9708939708939709,0.9708939708939709,0.8738384292565947,0.9549797661870504,0.9705141431560184,0.9369192146282974,0.9708939708939709,0.002,0.096,0.0,0.09,0.0,90.0,917491.0,1043348.0,161927.0,97.92099792099792,51.143451143451145,?
DatasetClassiRealeseNormalizedShuffled,4,10,weka.classifiers.meta.FilteredClassifier,'-F \"weka.filters.MultiFilter -F \\\"weka.filters.supervised.instance.Resample -B 1.0 -S 1 -Z 200.0\\\" -S 1\" -S 1 -W weka.classifiers.lazy.IBk -- -K 1 -W 0 -A \"weka.core.neighboursearch.LinearNNSearch -A \\\"weka.core.EuclideanDistance -R first-last\\\"\"',-4523450618538717400,2.02604271336E7,4330.0,481.0,461.0,20.0,0.0,95.84199584199584,4.158004158004158,0.0,0.8309492847854356,0.03956291923584311,0.19544591810476147,17.153777614440237,57.54580245504568,272.1308087156738,265.10010818146566,7.030700534208165,0.565760517080403,0.5511436760529431,0.014616841027459804,211.58337012508807,0.43988226637232447,77.75061233370066,0.921875,59.0,0.03597122302158273,15.0,0.9640287769784173,402.0,0.078125,5.0,0.7972972972972973,0.921875,0.8550724637681159,0.8339336593919453,0.9505020983213429,0.7648914023642723,0.9584199584199584,0.07251618144154115,0.9274838185584589,0.04158004158004158,0.9623787461625299,0.9584199584199584,0.9596741755880632,0.8339336593919453,0.9505020983213429,0.9591251861138382,0.9154003095539608,0.9584199584199584,0.002,0.098,0.0,0.1,0.0,100.0,909126.0,1043348.0,161927.0,96.46569646569647,50.311850311850314,?
DatasetClassiRealeseNormalizedShuffled,5,1,weka.classifiers.meta.FilteredClassifier,'-F \"weka.filters.MultiFilter -F \\\"weka.filters.supervised.instance.Resample -B 1.0 -S 1 -Z 200.0\\\" -S 1\" -S 1 -W weka.classifiers.lazy.IBk -- -K 1 -W 0 -A \"weka.core.neighboursearch.LinearNNSearch -A \\\"weka.core.EuclideanDistance -R first-last\\\"\"',-4523450618538717400,2.02604271336E7,4329.0,482.0,471.0,11.0,0.0,97.71784232365145,2.2821576763485476,0.0,0.9052909863884819,0.02420410829735682,0.1501927992949122,10.502671578439012,44.2606650517562,272.3366817903761,136.95378014056166,135.38290164981441,0.565013862635635,0.2841364733206673,0.28087738931496764,236.65383018120696,0.49098305016847915,86.89752281088779,0.96875,62.0,0.0215311004784689,9.0,0.9784688995215312,409.0,0.03125,2.0,0.8732394366197183,0.96875,0.9185185185185184,0.9069396674879561,0.9697031997607656,0.8707871325614924,0.9771784232365145,0.02995952371498342,0.9700404762850167,0.022821576763485476,0.9789486736168492,0.9771784232365145,0.9776737420942058,0.9069396674879561,0.9697031997607655,0.9766897699860327,0.9526247598623956,0.9771784232365145,0.002,0.099,0.01,0.09,10.0,90.0,908234.0,1043119.0,162156.0,98.34024896265561,50.518672199170126,?
DatasetClassiRealeseNormalizedShuffled,5,2,weka.classifiers.meta.FilteredClassifier,'-F \"weka.filters.MultiFilter -F \\\"weka.filters.supervised.instance.Resample -B 1.0 -S 1 -Z 200.0\\\" -S 1\" -S 1 -W weka.classifiers.lazy.IBk -- -K 1 -W 0 -A \"weka.core.neighboursearch.LinearNNSearch -A \\\"weka.core.EuclideanDistance -R first-last\\\"\"',-4523450618538717400,2.02604271336E7,4330.0,481.0,459.0,22.0,0.0,95.42619542619542,4.573804573804574,0.0,0.8117684727311537,0.04130628380952511,0.19567741793805998,18.015571526514247,57.9986636604902,269.42867131105754,245.48182343197766,23.946847879079883,0.5601427677984564,0.5103572212723029,0.0497855465261536,205.76145045672666,0.427778483278018,76.36954502855171,0.9047619047619048,57.0,0.03827751196172249,16.0,0.9617224880382775,402.0,0.09523809523809523,6.0,0.7808219178082192,0.9047619047619048,0.8382352941176471,0.8147561523523155,0.9365459102301208,0.7655309368590739,0.9542619542619543,0.08777756146177199,0.912222438538228,0.04573804573804574,0.9585129355475851,0.9542619542619543,0.9556666353775028,0.8147561523523155,0.9365459102301208,0.9561326720609051,0.9058004557755306,0.9542619542619543,0.002,0.098,0.0,0.1,0.0,100.0,914677.0,1043348.0,161927.0,96.88149688149689,50.727650727650726,?
DatasetClassiRealeseNormalizedShuffled,5,3,weka.classifiers.meta.FilteredClassifier,'-F \"weka.filters.MultiFilter -F \\\"weka.filters.supervised.instance.Resample -B 1.0 -S 1 -Z 200.0\\\" -S 1\" -S 1 -W weka.classifiers.lazy.IBk -- -K 1 -W 0 -A \"weka.core.neighboursearch.LinearNNSearch -A \\\"weka.core.EuclideanDistance -R first-last\\\"\"',-4523450618538717400,2.02604271336E7,4330.0,481.0,459.0,22.0,0.0,95.42619542619542,4.573804573804574,0.0,0.8043341592396731,0.04657296510954513,0.2123645574825672,20.193208735983113,62.527214647657985,272.1308087156738,314.1347199141094,-42.00391119843556,0.565760517080403,0.6530867357881692,-0.08732621870776623,202.2100238693153,0.42039506001936655,74.30618562582058,0.84375,54.0,0.02877697841726619,12.0,0.9712230215827338,405.0,0.15625,10.0,0.8181818181818182,0.84375,0.8307692307692308,0.8044614375053459,0.9233738009592326,0.7433164241233311,0.9542619542619543,0.13928893267922046,0.8607110673207796,0.04573804573804574,0.9549177621466779,0.9542619542619543,0.9545588117703503,0.8044614375053459,0.9233738009592326,0.949349859900678,0.9021634615384616,0.9542619542619543,0.002,0.097,0.0,0.09,0.0,90.0,904564.0,1043348.0,161927.0,95.63409563409563,50.311850311850314,?
DatasetClassiRealeseNormalizedShuffled,5,4,weka.classifiers.meta.FilteredClassifier,'-F \"weka.filters.MultiFilter -F \\\"weka.filters.supervised.instance.Resample -B 1.0 -S 1 -Z 200.0\\\" -S 1\" -S 1 -W weka.classifiers.lazy.IBk -- -K 1 -W 0 -A \"weka.core.neighboursearch.LinearNNSearch -A \\\"weka.core.EuclideanDistance -R first-last\\\"\"',-4523450618538717400,2.02604271336E7,4330.0,481.0,464.0,17.0,0.0,96.46569646569647,3.5343035343035343,0.0,0.8478103072828457,0.036056735136773856,0.18624499788211288,15.633558594398076,54.836744406295,272.1308087156738,239.37833172183358,32.75247699384025,0.565760517080403,0.49766804931774133,0.06809246776266163,218.1403007644545,0.4535141388034397,80.16008984575157,0.875,56.0,0.02158273381294964,9.0,0.9784172661870504,408.0,0.125,8.0,0.8615384615384616,0.875,0.8682170542635659,0.8478442829066868,0.933865407673861,0.8102653414331311,0.9646569646569647,0.1112396984699143,0.8887603015300857,0.035343035343035345,0.9649048456740764,0.9646569646569647,0.9647727388591175,0.8478442829066868,0.933865407673861,0.9607820674519093,0.9239044454991299,0.9646569646569647,0.002,0.099,0.0,0.1,0.0,100.0,908909.0,1043348.0,161927.0,96.67359667359668,50.311850311850314,?
DatasetClassiRealeseNormalizedShuffled,5,5,weka.classifiers.meta.FilteredClassifier,'-F \"weka.filters.MultiFilter -F \\\"weka.filters.supervised.instance.Resample -B 1.0 -S 1 -Z 200.0\\\" -S 1\" -S 1 -W weka.classifiers.lazy.IBk -- -K 1 -W 0 -A \"weka.core.neighboursearch.LinearNNSearch -A \\\"weka.core.EuclideanDistance -R first-last\\\"\"',-4523450618538717400,2.02604271336E7,4330.0,481.0,456.0,25.0,0.0,94.8024948024948,5.197505197505198,0.0,0.7899893466529281,0.05272936966360145,0.22340013659113403,22.862516174983543,65.7764575150287,272.1308087156738,340.1319593010611,-68.00115058538728,0.565760517080403,0.7071350505219566,-0.1413745334415536,190.35071340018303,0.3957395288985094,69.94824081056701,0.890625,57.0,0.04316546762589928,18.0,0.9568345323741008,399.0,0.109375,7.0,0.76,0.890625,0.8201438848920863,0.7933838121341318,0.9212567446043165,0.6659576181108233,0.9480249480249481,0.1005654156508473,0.8994345843491527,0.05197505197505198,0.9531192200157718,0.9480249480249481,0.9497341724410616,0.7933838121341318,0.9212567446043165,0.9399193548207369,0.8948836070875985,0.9480249480249481,0.002,0.097,0.0,0.09,0.0,90.0,909415.0,1043348.0,161927.0,95.63409563409563,50.727650727650726,?
DatasetClassiRealeseNormalizedShuffled,5,6,weka.classifiers.meta.FilteredClassifier,'-F \"weka.filters.MultiFilter -F \\\"weka.filters.supervised.instance.Resample -B 1.0 -S 1 -Z 200.0\\\" -S 1\" -S 1 -W weka.classifiers.lazy.IBk -- -K 1 -W 0 -A \"weka.core.neighboursearch.LinearNNSearch -A \\\"weka.core.EuclideanDistance -R first-last\\\"\"',-4523450618538717400,2.02604271336E7,4330.0,481.0,455.0,26.0,0.0,94.5945945945946,5.405405405405405,0.0,0.7687585518287046,0.05284588699176253,0.22709020761188922,22.91303601462402,66.862937601513,272.1308087156738,351.36434253519906,-79.23353381952523,0.565760517080403,0.7304871986178775,-0.1647266815374745,192.06169395942987,0.39929666103831574,70.57697541335669,0.8125,52.0,0.03357314148681055,14.0,0.9664268585131894,403.0,0.1875,12.0,0.7878787878787878,0.8125,0.8,0.7688802005913163,0.8919364508393285,0.6616496133437275,0.9459459459459459,0.1670190874327565,0.8329809125672435,0.05405405405405406,0.9467077153824142,0.9459459459459459,0.9462967775467774,0.7688802005913163,0.8919364508393286,0.9313290198463317,0.8843749999999999,0.9459459459459459,0.002,0.1,0.0,0.1,0.0,100.0,915256.0,1043348.0,161927.0,95.21829521829522,50.311850311850314,?
DatasetClassiRealeseNormalizedShuffled,5,7,weka.classifiers.meta.FilteredClassifier,'-F \"weka.filters.MultiFilter -F \\\"weka.filters.supervised.instance.Resample -B 1.0 -S 1 -Z 200.0\\\" -S 1\" -S 1 -W weka.classifiers.lazy.IBk -- -K 1 -W 0 -A \"weka.core.neighboursearch.LinearNNSearch -A \\\"weka.core.EuclideanDistance -R first-last\\\"\"',-4523450618538717400,2.02604271336E7,4330.0,481.0,460.0,21.0,0.0,95.63409563409563,4.365904365904366,0.0,0.819130839615378,0.0440776217138935,0.20700443507554278,19.11127225335141,60.94901568520047,272.1308087156738,308.93205770337755,-36.80124898770373,0.565760517080403,0.6422703902357122,-0.07650987315530922,206.3724168457117,0.4290486836709183,75.83574157578481,0.890625,57.0,0.03357314148681055,14.0,0.9664268585131894,403.0,0.109375,7.0,0.8028169014084507,0.890625,0.8444444444444446,0.8206236193844227,0.9314485911270983,0.756871201854725,0.9563409563409564,0.09928909782776689,0.9007109021722332,0.04365904365904366,0.958962098742243,0.9563409563409564,0.9572880852203706,0.8206236193844227,0.9314485911270983,0.9527389504514501,0.9095257288727664,0.9563409563409564,0.002,0.099,0.0,0.1,0.0,100.0,910967.0,1043348.0,161927.0,95.84199584199584,50.311850311850314,?
DatasetClassiRealeseNormalizedShuffled,5,8,weka.classifiers.meta.FilteredClassifier,'-F \"weka.filters.MultiFilter -F \\\"weka.filters.supervised.instance.Resample -B 1.0 -S 1 -Z 200.0\\\" -S 1\" -S 1 -W weka.classifiers.lazy.IBk -- -K 1 -W 0 -A \"weka.core.neighboursearch.LinearNNSearch -A \\\"weka.core.EuclideanDistance -R first-last\\\"\"',-4523450618538717400,2.02604271336E7,4330.0,481.0,459.0,22.0,0.0,95.42619542619542,4.573804573804574,0.0,0.8140442132639791,0.046111651768497186,0.20937380860268465,19.99319148205556,61.646638343464616,272.1308087156738,303.1834544271758,-31.052645711501953,0.565760517080403,0.6303190320731306,-0.06455851499272755,200.8242620868497,0.4175140583926189,73.79695927654916,0.90625,58.0,0.03836930455635491,16.0,0.9616306954436451,401.0,0.09375,6.0,0.7837837837837838,0.90625,0.8405797101449275,0.8169678728941436,0.9243667565947242,0.7169285283702674,0.9542619542619543,0.08638125881830917,0.9136187411816908,0.04573804573804574,0.9584506070992557,0.9542619542619543,0.9556415931468697,0.8169678728941436,0.9243667565947241,0.9462761884621742,0.906940340509357,0.9542619542619543,0.001,0.099,0.0,0.1,0.0,100.0,912366.0,1043348.0,161927.0,96.04989604989605,50.51975051975052,?
DatasetClassiRealeseNormalizedShuffled,5,9,weka.classifiers.meta.FilteredClassifier,'-F \"weka.filters.MultiFilter -F \\\"weka.filters.supervised.instance.Resample -B 1.0 -S 1 -Z 200.0\\\" -S 1\" -S 1 -W weka.classifiers.lazy.IBk -- -K 1 -W 0 -A \"weka.core.neighboursearch.LinearNNSearch -A \\\"weka.core.EuclideanDistance -R first-last\\\"\"',-4523450618538717400,2.02604271336E7,4330.0,481.0,465.0,16.0,0.0,96.67359667359668,3.3264033264033266,0.0,0.8647594278283485,0.03150017854048782,0.17359652188892233,13.65791675476638,51.1126108561055,272.1308087156738,190.2045360276262,81.92627268804762,0.565760517080403,0.3954356258370607,0.17032489124334224,223.73674165326798,0.4651491510462952,82.21661586543526,0.953125,61.0,0.03117505995203837,13.0,0.9688249400479616,404.0,0.046875,3.0,0.8243243243243243,0.953125,0.8840579710144927,0.8678652323875488,0.9738646582733813,0.9077853546767494,0.9667359667359667,0.04478602668800511,0.9552139733119949,0.033264033264033266,0.9702350242890784,0.9667359667359667,0.9677393404704507,0.8678652323875488,0.9738646582733813,0.981819195702386,0.9323202476431687,0.9667359667359667,0.002,0.098,0.0,0.1,0.0,100.0,913009.0,1043348.0,161927.0,97.5051975051975,50.41580041580042,?
DatasetClassiRealeseNormalizedShuffled,5,10,weka.classifiers.meta.FilteredClassifier,'-F \"weka.filters.MultiFilter -F \\\"weka.filters.supervised.instance.Resample -B 1.0 -S 1 -Z 200.0\\\" -S 1\" -S 1 -W weka.classifiers.lazy.IBk -- -K 1 -W 0 -A \"weka.core.neighboursearch.LinearNNSearch -A \\\"weka.core.EuclideanDistance -R first-last\\\"\"',-4523450618538717400,2.02604271336E7,4330.0,481.0,454.0,27.0,0.0,94.38669438669439,5.613305613305613,0.0,0.7731884943851624,0.055806113307691696,0.23207629981624228,24.19653745720356,68.33100958683094,272.1308087156738,389.0690384536361,-116.93822973796227,0.565760517080403,0.8088753398204492,-0.2431148227400463,187.3229101229215,0.38944471959027344,68.83561291975552,0.875,56.0,0.045563549160671464,19.0,0.9544364508393285,398.0,0.125,8.0,0.7466666666666667,0.875,0.8057553956834532,0.7765107691294664,0.9185776378896883,0.6196441315236776,0.9438669438669439,0.11443049302761533,0.8855695069723847,0.056133056133056136,0.9492098085201535,0.9438669438669439,0.9457129062363466,0.7765107691294664,0.9185776378896883,0.9333796741855311,0.8864742956546063,0.9438669438669439,0.002,0.101,0.0,0.1,0.0,100.0,913222.0,1043348.0,161927.0,94.8024948024948,50.41580041580042,?
DatasetClassiRealeseNormalizedShuffled,6,1,weka.classifiers.meta.FilteredClassifier,'-F \"weka.filters.MultiFilter -F \\\"weka.filters.supervised.instance.Resample -B 1.0 -S 1 -Z 200.0\\\" -S 1\" -S 1 -W weka.classifiers.lazy.IBk -- -K 1 -W 0 -A \"weka.core.neighboursearch.LinearNNSearch -A \\\"weka.core.EuclideanDistance -R first-last\\\"\"',-4523450618538717400,2.02604271336E7,4329.0,482.0,447.0,35.0,0.0,92.73858921161826,7.261410788381743,0.0,0.7096685368120333,0.06912213667652736,0.2570474656699794,29.993548673421653,75.74991500146544,272.3366817903761,464.5397855182078,-192.20310372783172,0.565013862635635,0.9637754886269871,-0.3987616259913521,167.56362295819002,0.34764237128255193,61.528113604309716,0.828125,53.0,0.05741626794258373,24.0,0.9425837320574163,394.0,0.171875,11.0,0.6883116883116883,0.828125,0.7517730496453902,0.7138312117016296,0.9023811303827751,0.6149696758948411,0.9273858921161826,0.1566771600587663,0.8433228399412337,0.07261410788381743,0.9350598789049688,0.9273858921161826,0.9301598495306664,0.7138312117016296,0.9023811303827751,0.9286592282327393,0.8546228553208725,0.9273858921161826,0.002,0.099,0.0,0.1,0.0,100.0,907812.0,1043119.0,162156.0,93.7759336099585,50.62240663900415,?
DatasetClassiRealeseNormalizedShuffled,6,2,weka.classifiers.meta.FilteredClassifier,'-F \"weka.filters.MultiFilter -F \\\"weka.filters.supervised.instance.Resample -B 1.0 -S 1 -Z 200.0\\\" -S 1\" -S 1 -W weka.classifiers.lazy.IBk -- -K 1 -W 0 -A \"weka.core.neighboursearch.LinearNNSearch -A \\\"weka.core.EuclideanDistance -R first-last\\\"\"',-4523450618538717400,2.02604271336E7,4330.0,481.0,463.0,18.0,0.0,96.25779625779626,3.7422037422037424,0.0,0.8399275255139772,0.03542576275644126,0.1843907248815931,15.45080563923355,54.65329493414885,269.42867131105754,231.88768589864148,37.54098541241606,0.5601427677984564,0.4820949810782567,0.07804778672019971,215.07152406055087,0.44713414565603093,79.82503235977032,0.8888888888888888,56.0,0.02631578947368421,11.0,0.9736842105263158,407.0,0.1111111111111111,7.0,0.835820895522388,0.8888888888888888,0.8615384615384615,0.8404594285823407,0.9385015569226095,0.7457162573442185,0.9625779625779626,0.10000486316275789,0.8999951368372421,0.037422037422037424,0.9638026685398522,0.9625779625779626,0.9630637294098833,0.8404594285823407,0.9385015569226095,0.9537609710836041,0.9199519230769231,0.9625779625779626,0.002,0.103,0.0,0.1,0.0,100.0,911936.0,1043348.0,161927.0,96.88149688149689,50.311850311850314,?
DatasetClassiRealeseNormalizedShuffled,6,3,weka.classifiers.meta.FilteredClassifier,'-F \"weka.filters.MultiFilter -F \\\"weka.filters.supervised.instance.Resample -B 1.0 -S 1 -Z 200.0\\\" -S 1\" -S 1 -W weka.classifiers.lazy.IBk -- -K 1 -W 0 -A \"weka.core.neighboursearch.LinearNNSearch -A \\\"weka.core.EuclideanDistance -R first-last\\\"\"',-4523450618538717400,2.02604271336E7,4330.0,481.0,464.0,17.0,0.0,96.46569646569647,3.5343035343035343,0.0,0.845783905097788,0.033562909714199674,0.17772285126898804,14.552280277874896,52.327539966277214,272.1308087156738,209.3893854824456,62.74142323322823,0.565760517080403,0.4353209677389721,0.13043954934143084,220.7799361166967,0.4590019461885586,81.13007753832487,0.859375,55.0,0.019184652278177457,8.0,0.9808153477218226,409.0,0.140625,9.0,0.873015873015873,0.859375,0.8661417322834646,0.8458187081863575,0.91912095323741,0.8145396919862817,0.9646569646569647,0.12446661693514212,0.875533383064858,0.035343035343035345,0.9644377275956224,0.9646569646569647,0.964538982342745,0.8458187081863575,0.91912095323741,0.9577194343610461,0.9228912254231695,0.9646569646569647,0.002,0.099,0.0,0.1,0.0,100.0,907040.0,1043348.0,161927.0,97.0893970893971,50.41580041580042,?
DatasetClassiRealeseNormalizedShuffled,6,4,weka.classifiers.meta.FilteredClassifier,'-F \"weka.filters.MultiFilter -F \\\"weka.filters.supervised.instance.Resample -B 1.0 -S 1 -Z 200.0\\\" -S 1\" -S 1 -W weka.classifiers.lazy.IBk -- -K 1 -W 0 -A \"weka.core.neighboursearch.LinearNNSearch -A \\\"weka.core.EuclideanDistance -R first-last\\\"\"',-4523450618538717400,2.02604271336E7,4330.0,481.0,462.0,19.0,0.0,96.04989604989605,3.95010395010395,0.0,0.8342612575034913,0.03890148073809604,0.1932586193242749,16.866989654523888,56.90178868001981,272.1308087156738,262.36730457074805,9.763504144925776,0.565760517080403,0.5454621716647569,0.020298345415646103,213.42251985654772,0.4437058624876252,78.42644530540261,0.890625,57.0,0.02877697841726619,12.0,0.9712230215827338,405.0,0.109375,7.0,0.8260869565217391,0.890625,0.8571428571428571,0.8350559024539473,0.9345023980815348,0.7556274851759318,0.9604989604989606,0.09865093891622669,0.9013490610837733,0.0395010395010395,0.9621301741394609,0.9604989604989606,0.9611223386856679,0.8350559024539475,0.9345023980815348,0.9536837138041784,0.9171118387041185,0.9604989604989606,0.002,0.098,0.0,0.1,0.0,100.0,908901.0,1043348.0,161927.0,96.46569646569647,50.311850311850314,?
DatasetClassiRealeseNormalizedShuffled,6,5,weka.classifiers.meta.FilteredClassifier,'-F \"weka.filters.MultiFilter -F \\\"weka.filters.supervised.instance.Resample -B 1.0 -S 1 -Z 200.0\\\" -S 1\" -S 1 -W weka.classifiers.lazy.IBk -- -K 1 -W 0 -A \"weka.core.neighboursearch.LinearNNSearch -A \\\"weka.core.EuclideanDistance -R first-last\\\"\"',-4523450618538717400,2.02604271336E7,4330.0,481.0,462.0,19.0,0.0,96.04989604989605,3.95010395010395,0.0,0.8276408351092924,0.04024190456678663,0.19559658081263942,17.448173568920772,57.590162585505084,272.1308087156738,255.6024668175183,16.52834189815553,0.565760517080403,0.5313980599116804,0.03436245716872252,210.14506857736987,0.4368920344643864,77.22207917918344,0.84375,54.0,0.02158273381294964,9.0,0.9784172661870504,408.0,0.15625,10.0,0.8571428571428571,0.84375,0.8503937007874015,0.8276748916302482,0.9081047661870504,0.8101669620642113,0.9604989604989606,0.13833169431191014,0.8616683056880898,0.0395010395010395,0.9602516970938022,0.9604989604989606,0.9603670979124797,0.8276748916302481,0.9081047661870504,0.953981456245629,0.9138196048847187,0.9604989604989606,0.002,0.097,0.0,0.1,0.0,100.0,915264.0,1043348.0,161927.0,96.46569646569647,50.51975051975052,?
DatasetClassiRealeseNormalizedShuffled,6,6,weka.classifiers.meta.FilteredClassifier,'-F \"weka.filters.MultiFilter -F \\\"weka.filters.supervised.instance.Resample -B 1.0 -S 1 -Z 200.0\\\" -S 1\" -S 1 -W weka.classifiers.lazy.IBk -- -K 1 -W 0 -A \"weka.core.neighboursearch.LinearNNSearch -A \\\"weka.core.EuclideanDistance -R first-last\\\"\"',-4523450618538717400,2.02604271336E7,4330.0,481.0,466.0,15.0,0.0,96.88149688149689,3.1185031185031185,0.0,0.8639269750862836,0.030733190722858135,0.1665756532861418,13.325364488383448,49.04543277637768,272.1308087156738,178.06306231396525,94.06774640170858,0.565760517080403,0.3701934767442105,0.19556704033619246,225.94842151293977,0.46974723807263985,83.02934260891199,0.875,56.0,0.016786570743405275,7.0,0.9832134292565947,410.0,0.125,8.0,0.8888888888888888,0.875,0.8818897637795274,0.8639625247424667,0.9540242805755396,0.8617704592743897,0.9688149688149689,0.1106015395583741,0.889398460441626,0.031185031185031187,0.9686237580974424,0.9688149688149689,0.9687108667730102,0.8639625247424667,0.9540242805755396,0.9715021870490249,0.93196284596162,0.9688149688149689,0.002,0.098,0.01,0.09,10.0,90.0,908085.0,1043348.0,161927.0,97.5051975051975,50.62370062370062,?
DatasetClassiRealeseNormalizedShuffled,6,7,weka.classifiers.meta.FilteredClassifier,'-F \"weka.filters.MultiFilter -F \\\"weka.filters.supervised.instance.Resample -B 1.0 -S 1 -Z 200.0\\\" -S 1\" -S 1 -W weka.classifiers.lazy.IBk -- -K 1 -W 0 -A \"weka.core.neighboursearch.LinearNNSearch -A \\\"weka.core.EuclideanDistance -R first-last\\\"\"',-4523450618538717400,2.02604271336E7,4330.0,481.0,463.0,18.0,0.0,96.25779625779626,3.7422037422037424,0.0,0.8439831333117094,0.03540852426903692,0.18408866878106456,15.352505899420278,54.20184913869222,272.1308087156738,221.87188462519632,50.25892409047751,0.565760517080403,0.46127210940789254,0.10448840767251041,217.71141040655442,0.4526224748577015,80.00248536137724,0.90625,58.0,0.02877697841726619,12.0,0.9712230215827338,405.0,0.09375,6.0,0.8285714285714286,0.90625,0.8656716417910447,0.8451267655760873,0.9425209832134293,0.7461570562916429,0.9625779625779626,0.08510494099522876,0.9148950590047713,0.037422037422037424,0.9645342623444814,0.9625779625779626,0.96328018229381,0.8451267655760873,0.9425209832134293,0.954532300921044,0.9219662556781311,0.9625779625779626,0.002,0.097,0.0,0.1,0.0,100.0,910324.0,1043348.0,161927.0,97.0893970893971,50.41580041580042,?
DatasetClassiRealeseNormalizedShuffled,6,8,weka.classifiers.meta.FilteredClassifier,'-F \"weka.filters.MultiFilter -F \\\"weka.filters.supervised.instance.Resample -B 1.0 -S 1 -Z 200.0\\\" -S 1\" -S 1 -W weka.classifiers.lazy.IBk -- -K 1 -W 0 -A \"weka.core.neighboursearch.LinearNNSearch -A \\\"weka.core.EuclideanDistance -R first-last\\\"\"',-4523450618538717400,2.02604271336E7,4330.0,481.0,461.0,20.0,0.0,95.84199584199584,4.158004158004158,0.0,0.8266479259018993,0.039891510757862736,0.19607881279093306,17.296249049905203,57.73214777726293,272.1308087156738,264.25074415057657,7.880064565097257,0.565760517080403,0.5493778464668951,0.01638267061350781,211.22258278934993,0.43913218875124727,77.61803368983418,0.890625,57.0,0.03117505995203837,13.0,0.9688249400479616,404.0,0.109375,7.0,0.8142857142857143,0.890625,0.8507462686567163,0.8277680682389067,0.934464928057554,0.7263902953047854,0.9584199584199584,0.09897001837199679,0.9010299816280032,0.04158004158004158,0.9605241079693635,0.9584199584199584,0.9592002025486777,0.8277680682389067,0.9344649280575539,0.9490235325098668,0.9132958396423678,0.9584199584199584,0.001,0.097,0.0,0.1,0.0,100.0,908491.0,1043348.0,161927.0,96.46569646569647,50.311850311850314,?
DatasetClassiRealeseNormalizedShuffled,6,9,weka.classifiers.meta.FilteredClassifier,'-F \"weka.filters.MultiFilter -F \\\"weka.filters.supervised.instance.Resample -B 1.0 -S 1 -Z 200.0\\\" -S 1\" -S 1 -W weka.classifiers.lazy.IBk -- -K 1 -W 0 -A \"weka.core.neighboursearch.LinearNNSearch -A \\\"weka.core.EuclideanDistance -R first-last\\\"\"',-4523450618538717400,2.02604271336E7,4330.0,481.0,454.0,27.0,0.0,94.38669438669439,5.613305613305613,0.0,0.7812789463933848,0.055259540677637935,0.22833669064796297,23.95955329306262,67.22994381608648,272.1308087156738,372.18985674762075,-100.05904803194693,0.565760517080403,0.7737834859617895,-0.20802296888138655,187.0291212839151,0.38883393198319144,68.72765423606475,0.921875,59.0,0.05275779376498801,22.0,0.947242206235012,395.0,0.078125,5.0,0.7283950617283951,0.921875,0.8137931034482758,0.7887944700660776,0.9203949340527577,0.7052777591813741,0.9438669438669439,0.07474973763193188,0.9252502623680682,0.056133056133056136,0.9530244988578322,0.9438669438669439,0.946573498685937,0.7887944700660776,0.9203949340527577,0.9448379375310771,0.8903726839150803,0.9438669438669439,0.002,0.097,0.0,0.09,0.0,90.0,909564.0,1043348.0,161927.0,95.21829521829522,50.727650727650726,?
DatasetClassiRealeseNormalizedShuffled,6,10,weka.classifiers.meta.FilteredClassifier,'-F \"weka.filters.MultiFilter -F \\\"weka.filters.supervised.instance.Resample -B 1.0 -S 1 -Z 200.0\\\" -S 1\" -S 1 -W weka.classifiers.lazy.IBk -- -K 1 -W 0 -A \"weka.core.neighboursearch.LinearNNSearch -A \\\"weka.core.EuclideanDistance -R first-last\\\"\"',-4523450618538717400,2.02604271336E7,4330.0,481.0,458.0,23.0,0.0,95.21829521829522,4.781704781704781,0.0,0.8067901989206939,0.046059810575547006,0.20839667901407277,19.970714063495176,61.35893877509042,272.1308087156738,300.3996949161831,-28.268886200509257,0.565760517080403,0.6245315902623348,-0.05877107318193193,202.04053136542905,0.42004268475141177,74.24390215829031,0.90625,58.0,0.0407673860911271,17.0,0.9592326139088729,400.0,0.09375,6.0,0.7733333333333333,0.90625,0.8345323741007193,0.8102568551387972,0.9290692446043165,0.7716960500565146,0.9521829521829522,0.08670033827407927,0.9132996617259207,0.04781704781704782,0.9570286315113902,0.9521829521829522,0.9537554386457767,0.8102568551387971,0.9290692446043165,0.9541767154396772,0.9032929185205906,0.9521829521829522,0.002,0.096,0.0,0.1,0.0,100.0,912169.0,1043348.0,161927.0,96.04989604989605,50.62370062370062,?
DatasetClassiRealeseNormalizedShuffled,7,1,weka.classifiers.meta.FilteredClassifier,'-F \"weka.filters.MultiFilter -F \\\"weka.filters.supervised.instance.Resample -B 1.0 -S 1 -Z 200.0\\\" -S 1\" -S 1 -W weka.classifiers.lazy.IBk -- -K 1 -W 0 -A \"weka.core.neighboursearch.LinearNNSearch -A \\\"weka.core.EuclideanDistance -R first-last\\\"\"',-4523450618538717400,2.02604271336E7,4329.0,482.0,460.0,22.0,0.0,95.4356846473029,4.564315352697095,0.0,0.8117722238000571,0.04765069088214403,0.21340204266321697,20.676636820185152,62.88794386960463,272.3366817903761,324.07025376069237,-51.73357197031629,0.565013862635635,0.6723449248147144,-0.10733106217907944,200.79080537430204,0.41657843438651876,73.72888736628414,0.890625,57.0,0.03588516746411483,15.0,0.9641148325358851,403.0,0.109375,7.0,0.7916666666666666,0.890625,0.8382352941176471,0.8136804747558055,0.93122009569378,0.7291138988295593,0.9543568464730291,0.09961701393714388,0.900382986062856,0.04564315352697095,0.9575312890058362,0.9543568464730291,0.9554787938387814,0.8136804747558055,0.9312200956937798,0.9492260523383219,0.9058326229042342,0.9543568464730291,0.002,0.098,0.01,0.09,10.0,90.0,916398.0,1043119.0,162156.0,95.64315352697095,50.4149377593361,?
DatasetClassiRealeseNormalizedShuffled,7,2,weka.classifiers.meta.FilteredClassifier,'-F \"weka.filters.MultiFilter -F \\\"weka.filters.supervised.instance.Resample -B 1.0 -S 1 -Z 200.0\\\" -S 1\" -S 1 -W weka.classifiers.lazy.IBk -- -K 1 -W 0 -A \"weka.core.neighboursearch.LinearNNSearch -A \\\"weka.core.EuclideanDistance -R first-last\\\"\"',-4523450618538717400,2.02604271336E7,4330.0,481.0,453.0,28.0,0.0,94.17879417879418,5.8212058212058215,0.0,0.7509983730217423,0.05344204159479046,0.2232148873129353,23.308534055341013,66.16075227124651,269.42867131105754,334.24475538069396,-64.81608406963642,0.5601427677984564,0.694895541332004,-0.13475277353354764,186.6748542809177,0.3880974101474381,69.28544515049036,0.8095238095238095,51.0,0.03827751196172249,16.0,0.9617224880382775,402.0,0.19047619047619047,12.0,0.7611940298507462,0.8095238095238095,0.7846153846153846,0.7514739596965591,0.8975848712690818,0.6720517426963899,0.9417879417879418,0.17054164422585474,0.8294583557741453,0.058212058212058215,0.9435328105023109,0.9417879417879418,0.9425435790820406,0.7514739596965591,0.8975848712690818,0.9356441874940282,0.8754807692307692,0.9417879417879418,0.002,0.104,0.01,0.1,10.0,100.0,918773.0,1043348.0,161927.0,95.42619542619542,50.727650727650726,?
DatasetClassiRealeseNormalizedShuffled,7,3,weka.classifiers.meta.FilteredClassifier,'-F \"weka.filters.MultiFilter -F \\\"weka.filters.supervised.instance.Resample -B 1.0 -S 1 -Z 200.0\\\" -S 1\" -S 1 -W weka.classifiers.lazy.IBk -- -K 1 -W 0 -A \"weka.core.neighboursearch.LinearNNSearch -A \\\"weka.core.EuclideanDistance -R first-last\\\"\"',-4523450618538717400,2.02604271336E7,4330.0,481.0,465.0,16.0,0.0,96.67359667359668,3.3264033264033266,0.0,0.8595312842228225,0.033589657816022356,0.17975984123120645,14.563877778745335,52.927297807757945,272.1308087156738,230.1160008534791,42.014807862194715,0.565760517080403,0.4784116441860273,0.0873488728943757,222.05390302248136,0.46165052603426476,81.59822258658204,0.90625,58.0,0.023980815347721823,10.0,0.9760191846522782,407.0,0.09375,6.0,0.8529411764705882,0.90625,0.8787878787878787,0.8600617689015787,0.9454623800959233,0.7398326877977108,0.9667359667359667,0.08446678208368856,0.9155332179163115,0.033264033264033266,0.9678380954552439,0.9667359667359667,0.9671598129429455,0.8600617689015787,0.9454623800959233,0.9542291441017556,0.9297553851770719,0.9667359667359667,0.002,0.099,0.0,0.1,0.0,100.0,909974.0,1043348.0,161927.0,96.88149688149689,50.311850311850314,?
DatasetClassiRealeseNormalizedShuffled,7,4,weka.classifiers.meta.FilteredClassifier,'-F \"weka.filters.MultiFilter -F \\\"weka.filters.supervised.instance.Resample -B 1.0 -S 1 -Z 200.0\\\" -S 1\" -S 1 -W weka.classifiers.lazy.IBk -- -K 1 -W 0 -A \"weka.core.neighboursearch.LinearNNSearch -A \\\"weka.core.EuclideanDistance -R first-last\\\"\"',-4523450618538717400,2.02604271336E7,4330.0,481.0,451.0,30.0,0.0,93.76299376299376,6.237006237006237,0.0,0.7495313476359091,0.06314136283786288,0.24714065221181727,27.37697109600813,72.76645779406486,272.1308087156738,416.2781998676446,-144.1473911519708,0.565760517080403,0.8654432429680762,-0.2996827258876732,176.63194976603907,0.367218190781786,64.90700211404094,0.859375,55.0,0.050359712230215826,21.0,0.9496402877697842,396.0,0.140625,9.0,0.7236842105263158,0.859375,0.7857142857142857,0.7533216260850351,0.9203199940047961,0.6990341590878204,0.9376299376299376,0.12861464986015347,0.8713853501398466,0.062370062370062374,0.9439690702848597,0.9376299376299376,0.9398476843732317,0.7533216260850351,0.9203199940047961,0.9428876311757195,0.8746089676746611,0.9376299376299376,0.001,0.098,0.0,0.1,0.0,100.0,912418.0,1043348.0,161927.0,94.38669438669439,50.51975051975052,?
DatasetClassiRealeseNormalizedShuffled,7,5,weka.classifiers.meta.FilteredClassifier,'-F \"weka.filters.MultiFilter -F \\\"weka.filters.supervised.instance.Resample -B 1.0 -S 1 -Z 200.0\\\" -S 1\" -S 1 -W weka.classifiers.lazy.IBk -- -K 1 -W 0 -A \"weka.core.neighboursearch.LinearNNSearch -A \\\"weka.core.EuclideanDistance -R first-last\\\"\"',-4523450618538717400,2.02604271336E7,4330.0,481.0,458.0,23.0,0.0,95.21829521829522,4.781704781704781,0.0,0.7967667860751357,0.04705758270484698,0.20856760360218451,20.40333029977109,61.40926467945091,272.1308087156738,290.25762379508075,-18.126815079406924,0.565760517080403,0.6034462033161762,-0.03768568623577323,200.37371328862082,0.4165773665044092,73.63139595780724,0.84375,54.0,0.03117505995203837,13.0,0.9688249400479616,404.0,0.15625,10.0,0.8059701492537313,0.84375,0.8244274809160305,0.7970468817450308,0.9355890287769785,0.7065991223581596,0.9521829521829522,0.13960801213499055,0.8603919878650095,0.04781704781704782,0.9532424652476567,0.9521829521829522,0.9526441632705585,0.7970468817450308,0.9355890287769784,0.9475138291529819,0.898374991962227,0.9521829521829522,0.002,0.098,0.0,0.1,0.0,100.0,911735.0,1043348.0,161927.0,96.04989604989605,50.83160083160083,?
DatasetClassiRealeseNormalizedShuffled,7,6,weka.classifiers.meta.FilteredClassifier,'-F \"weka.filters.MultiFilter -F \\\"weka.filters.supervised.instance.Resample -B 1.0 -S 1 -Z 200.0\\\" -S 1\" -S 1 -W weka.classifiers.lazy.IBk -- -K 1 -W 0 -A \"weka.core.neighboursearch.LinearNNSearch -A \\\"weka.core.EuclideanDistance -R first-last\\\"\"',-4523450618538717400,2.02604271336E7,4330.0,481.0,465.0,16.0,0.0,96.67359667359668,3.3264033264033266,0.0,0.8576975703561259,0.034382413178508424,0.17973581804063946,14.907602393950695,52.92022457853877,272.1308087156738,217.9946959926062,54.13611272306761,0.565760517080403,0.4532114261800545,0.11254909090034847,219.95049782089052,0.45727754224717365,80.82528356820413,0.890625,57.0,0.02158273381294964,9.0,0.9784172661870504,408.0,0.109375,7.0,0.8636363636363636,0.890625,0.8769230769230768,0.8578332928763902,0.9421462829736211,0.7848628449025982,0.9667359667359667,0.09769370054891638,0.9023062994510836,0.033264033264033266,0.9672328322930732,0.9667359667359667,0.9669518631057094,0.8578332928763902,0.942146282973621,0.9594051003766948,0.9288461538461539,0.9667359667359667,0.002,0.098,0.0,0.1,0.0,100.0,909106.0,1043348.0,161927.0,97.0893970893971,50.51975051975052,?
DatasetClassiRealeseNormalizedShuffled,7,7,weka.classifiers.meta.FilteredClassifier,'-F \"weka.filters.MultiFilter -F \\\"weka.filters.supervised.instance.Resample -B 1.0 -S 1 -Z 200.0\\\" -S 1\" -S 1 -W weka.classifiers.lazy.IBk -- -K 1 -W 0 -A \"weka.core.neighboursearch.LinearNNSearch -A \\\"weka.core.EuclideanDistance -R first-last\\\"\"',-4523450618538717400,2.02604271336E7,4330.0,481.0,455.0,26.0,0.0,94.5945945945946,5.405405405405405,0.0,0.7881200867443752,0.05183269702010834,0.2223300120386467,22.473734876319973,65.4613771250319,272.1308087156738,341.6776803558052,-69.54687164013137,0.565760517080403,0.7103486078083268,-0.14458809072792386,192.11559056196393,0.39940871218703516,70.59678081605564,0.921875,59.0,0.050359712230215826,21.0,0.9496402877697842,396.0,0.078125,5.0,0.7375,0.921875,0.8194444444444445,0.7949061268907781,0.9594949040767387,0.723443183544997,0.9459459459459459,0.07443065817616178,0.9255693418238383,0.05405405405405406,0.9542629911707218,0.9459459459459459,0.9484203029435303,0.7949061268907781,0.9594949040767385,0.9551334065977403,0.8938298016843249,0.9459459459459459,0.001,0.098,0.0,0.1,0.0,100.0,913455.0,1043348.0,161927.0,95.42619542619542,50.51975051975052,?
DatasetClassiRealeseNormalizedShuffled,7,8,weka.classifiers.meta.FilteredClassifier,'-F \"weka.filters.MultiFilter -F \\\"weka.filters.supervised.instance.Resample -B 1.0 -S 1 -Z 200.0\\\" -S 1\" -S 1 -W weka.classifiers.lazy.IBk -- -K 1 -W 0 -A \"weka.core.neighboursearch.LinearNNSearch -A \\\"weka.core.EuclideanDistance -R first-last\\\"\"',-4523450618538717400,2.02604271336E7,4330.0,481.0,458.0,23.0,0.0,95.21829521829522,4.781704781704781,0.0,0.799368890662121,0.045971156518676635,0.2110451761779944,19.93227524235797,62.13874474942696,272.1308087156738,307.14037340250525,-35.009564686831425,0.565760517080403,0.6385454748492833,-0.0727849577688803,202.0006734808474,0.4199598201265019,74.22925556800907,0.859375,55.0,0.03357314148681055,14.0,0.9664268585131894,403.0,0.140625,9.0,0.7971014492753623,0.859375,0.8270676691729324,0.800130300168799,0.9270645983213429,0.7197787153140007,0.9521829521829522,0.12638109366976275,0.8736189063302373,0.04781704781704782,0.9540650092570734,0.9521829521829522,0.9529375678826508,0.800130300168799,0.9270645983213429,0.9465932330725937,0.899661699483933,0.9521829521829522,0.002,0.098,0.0,0.1,0.0,100.0,912780.0,1043348.0,161927.0,95.84199584199584,50.311850311850314,?
DatasetClassiRealeseNormalizedShuffled,7,9,weka.classifiers.meta.FilteredClassifier,'-F \"weka.filters.MultiFilter -F \\\"weka.filters.supervised.instance.Resample -B 1.0 -S 1 -Z 200.0\\\" -S 1\" -S 1 -W weka.classifiers.lazy.IBk -- -K 1 -W 0 -A \"weka.core.neighboursearch.LinearNNSearch -A \\\"weka.core.EuclideanDistance -R first-last\\\"\"',-4523450618538717400,2.02604271336E7,4330.0,481.0,459.0,22.0,0.0,95.42619542619542,4.573804573804574,0.0,0.8093127184920893,0.045737478174475606,0.2112589391218676,19.83095647146951,62.201683695707445,272.1308087156738,319.7296978691537,-47.59888915347989,0.565760517080403,0.6647187065886772,-0.0989581895082742,202.5520830856697,0.42110620184130915,74.43188224134484,0.875,56.0,0.03357314148681055,14.0,0.9664268585131894,403.0,0.125,8.0,0.8,0.875,0.8358208955223881,0.8104093709017259,0.9272706834532374,0.7702676345530742,0.9542619542619543,0.11283509574876481,0.8871649042512352,0.04573804573804574,0.9565139535942456,0.9542619542619543,0.9551202228035452,0.8104093709017259,0.9272706834532374,0.9542316066223714,0.9046254236066047,0.9542619542619543,0.002,0.098,0.01,0.09,10.0,90.0,906883.0,1043348.0,161927.0,95.63409563409563,50.20790020790021,?
DatasetClassiRealeseNormalizedShuffled,7,10,weka.classifiers.meta.FilteredClassifier,'-F \"weka.filters.MultiFilter -F \\\"weka.filters.supervised.instance.Resample -B 1.0 -S 1 -Z 200.0\\\" -S 1\" -S 1 -W weka.classifiers.lazy.IBk -- -K 1 -W 0 -A \"weka.core.neighboursearch.LinearNNSearch -A \\\"weka.core.EuclideanDistance -R first-last\\\"\"',-4523450618538717400,2.02604271336E7,4330.0,481.0,464.0,17.0,0.0,96.46569646569647,3.5343035343035343,0.0,0.853582108260068,0.033419916003450185,0.17533057353824205,14.490280749987733,51.62317354590857,272.1308087156738,188.55149236939738,83.57931634627644,0.565760517080403,0.3919989446349218,0.17376157244548118,220.6180086537112,0.45866529865636424,81.07057399892419,0.921875,59.0,0.02877697841726619,12.0,0.9712230215827338,405.0,0.078125,5.0,0.8309859154929577,0.921875,0.874074074074074,0.8551376718413727,0.9717101318944844,0.8420977326779475,0.9646569646569647,0.07155894307423084,0.9284410569257692,0.035343035343035345,0.9669391533012283,0.9646569646569647,0.9654236880355381,0.8551376718413727,0.9717101318944844,0.9729153710267855,0.9267589233731918,0.9646569646569647,0.002,0.097,0.0,0.1,0.0,100.0,910943.0,1043348.0,161927.0,97.5051975051975,50.62370062370062,?
DatasetClassiRealeseNormalizedShuffled,8,1,weka.classifiers.meta.FilteredClassifier,'-F \"weka.filters.MultiFilter -F \\\"weka.filters.supervised.instance.Resample -B 1.0 -S 1 -Z 200.0\\\" -S 1\" -S 1 -W weka.classifiers.lazy.IBk -- -K 1 -W 0 -A \"weka.core.neighboursearch.LinearNNSearch -A \\\"weka.core.EuclideanDistance -R first-last\\\"\"',-4523450618538717400,2.02604271336E7,4329.0,482.0,464.0,18.0,0.0,96.2655601659751,3.7344398340248963,0.0,0.8440353778672612,0.03588112067714966,0.1865025610598358,15.569572805935314,54.96087312518537,272.3366817903761,244.41108896228067,27.925592828095404,0.565013862635635,0.5070769480545242,0.0579369145811108,217.54258192702665,0.45133315752495157,79.88001487602551,0.90625,58.0,0.028708133971291867,12.0,0.9712918660287081,406.0,0.09375,6.0,0.8285714285714286,0.90625,0.8656716417910447,0.8451783135253793,0.9474992523923444,0.8029610764528936,0.9626556016597511,0.08511373563104291,0.9148862643689571,0.03734439834024896,0.9646082837921052,0.9626556016597511,0.9633566905262718,0.8451783135253794,0.9474992523923444,0.9624978431894691,0.9219924474015464,0.9626556016597511,0.001,0.099,0.0,0.1,0.0,100.0,902293.0,1043119.0,162156.0,96.6804979253112,50.20746887966805,?
DatasetClassiRealeseNormalizedShuffled,8,2,weka.classifiers.meta.FilteredClassifier,'-F \"weka.filters.MultiFilter -F \\\"weka.filters.supervised.instance.Resample -B 1.0 -S 1 -Z 200.0\\\" -S 1\" -S 1 -W weka.classifiers.lazy.IBk -- -K 1 -W 0 -A \"weka.core.neighboursearch.LinearNNSearch -A \\\"weka.core.EuclideanDistance -R first-last\\\"\"',-4523450618538717400,2.02604271336E7,4330.0,481.0,459.0,22.0,0.0,95.42619542619542,4.573804573804574,0.0,0.8117684727311537,0.04438879839035996,0.2083606902018259,19.359998010596737,61.757977585888774,269.42867131105754,312.66967895484083,-43.24100764378329,0.5601427677984564,0.6500409125880267,-0.08989814478957026,202.08254899454965,0.42013003948970823,75.0040996049911,0.9047619047619048,57.0,0.03827751196172249,16.0,0.9617224880382775,402.0,0.09523809523809523,6.0,0.7808219178082192,0.9047619047619048,0.8382352941176471,0.8147561523523155,0.9254955570745045,0.72472373671699,0.9542619542619543,0.08777756146177199,0.912222438538228,0.04573804573804574,0.9585129355475851,0.9542619542619543,0.9556666353775028,0.8147561523523155,0.9254955570745045,0.9489217044110436,0.9058004557755306,0.9542619542619543,0.002,0.096,0.0,0.1,0.0,100.0,912973.0,1043348.0,161927.0,95.84199584199584,50.20790020790021,?
DatasetClassiRealeseNormalizedShuffled,8,3,weka.classifiers.meta.FilteredClassifier,'-F \"weka.filters.MultiFilter -F \\\"weka.filters.supervised.instance.Resample -B 1.0 -S 1 -Z 200.0\\\" -S 1\" -S 1 -W weka.classifiers.lazy.IBk -- -K 1 -W 0 -A \"weka.core.neighboursearch.LinearNNSearch -A \\\"weka.core.EuclideanDistance -R first-last\\\"\"',-4523450618538717400,2.02604271336E7,4330.0,481.0,458.0,23.0,0.0,95.21829521829522,4.781704781704781,0.0,0.7967667860751357,0.04662223688790232,0.20879535708399963,20.214572102108065,61.47632290711856,272.1308087156738,289.21470826395426,-17.083899548280442,0.565760517080403,0.6012779797587406,-0.03551746267833772,201.44393433336634,0.4188023582814269,74.02467044583616,0.84375,54.0,0.03117505995203837,13.0,0.9688249400479616,404.0,0.15625,10.0,0.8059701492537313,0.84375,0.8244274809160305,0.7970468817450308,0.9329286570743405,0.7519681740559996,0.9521829521829522,0.13960801213499055,0.8603919878650095,0.04781704781704782,0.9532424652476567,0.9521829521829522,0.9526441632705585,0.7970468817450308,0.9329286570743405,0.9530009822589536,0.898374991962227,0.9521829521829522,0.002,0.093,0.0,0.1,0.0,100.0,906433.0,1043348.0,161927.0,96.04989604989605,50.62370062370062,?
DatasetClassiRealeseNormalizedShuffled,8,4,weka.classifiers.meta.FilteredClassifier,'-F \"weka.filters.MultiFilter -F \\\"weka.filters.supervised.instance.Resample -B 1.0 -S 1 -Z 200.0\\\" -S 1\" -S 1 -W weka.classifiers.lazy.IBk -- -K 1 -W 0 -A \"weka.core.neighboursearch.LinearNNSearch -A \\\"weka.core.EuclideanDistance -R first-last\\\"\"',-4523450618538717400,2.02604271336E7,4330.0,481.0,466.0,15.0,0.0,96.88149688149689,3.1185031185031185,0.0,0.8639269750862836,0.03150384114490864,0.17488394611721664,13.659504794853861,51.49167152432346,272.1308087156738,208.28104331042243,63.84976540525139,0.565760517080403,0.4330167220590903,0.13274379502131267,225.14467736867635,0.46807625232573047,82.73399047731884,0.875,56.0,0.016786570743405275,7.0,0.9832134292565947,410.0,0.125,8.0,0.8888888888888888,0.875,0.8818897637795274,0.8639625247424667,0.9316359412470024,0.8519309065570724,0.9688149688149689,0.1106015395583741,0.889398460441626,0.031185031185031187,0.9686237580974424,0.9688149688149689,0.9687108667730102,0.8639625247424667,0.9316359412470023,0.9649544274685744,0.93196284596162,0.9688149688149689,0.001,0.096,0.0,0.1,0.0,100.0,910959.0,1043348.0,161927.0,97.0893970893971,50.311850311850314,?
DatasetClassiRealeseNormalizedShuffled,8,5,weka.classifiers.meta.FilteredClassifier,'-F \"weka.filters.MultiFilter -F \\\"weka.filters.supervised.instance.Resample -B 1.0 -S 1 -Z 200.0\\\" -S 1\" -S 1 -W weka.classifiers.lazy.IBk -- -K 1 -W 0 -A \"weka.core.neighboursearch.LinearNNSearch -A \\\"weka.core.EuclideanDistance -R first-last\\\"\"',-4523450618538717400,2.02604271336E7,4330.0,481.0,462.0,19.0,0.0,96.04989604989605,3.95010395010395,0.0,0.8383993775750183,0.036937511099705285,0.18556009227453585,16.015447375309424,54.635085332643456,272.1308087156738,221.7371820380359,50.39362667763791,0.565760517080403,0.4609920624491391,0.10476845463126384,215.1048162187851,0.44720336012221434,79.04463931664927,0.921875,59.0,0.03357314148681055,14.0,0.9664268585131894,403.0,0.078125,5.0,0.8082191780821918,0.921875,0.8613138686131386,0.8408665445769333,0.9525816846522782,0.7890673048807486,0.9604989604989606,0.07219710198577105,0.927802898014229,0.0395010395010395,0.9638580733463893,0.9604989604989606,0.9615809796831695,0.8408665445769333,0.9525816846522782,0.9620417698387007,0.9191417827914178,0.9604989604989606,0.001,0.095,0.0,0.1,0.0,100.0,912346.0,1043348.0,161927.0,97.0893970893971,50.62370062370062,?
DatasetClassiRealeseNormalizedShuffled,8,6,weka.classifiers.meta.FilteredClassifier,'-F \"weka.filters.MultiFilter -F \\\"weka.filters.supervised.instance.Resample -B 1.0 -S 1 -Z 200.0\\\" -S 1\" -S 1 -W weka.classifiers.lazy.IBk -- -K 1 -W 0 -A \"weka.core.neighboursearch.LinearNNSearch -A \\\"weka.core.EuclideanDistance -R first-last\\\"\"',-4523450618538717400,2.02604271336E7,4330.0,481.0,462.0,19.0,0.0,96.04989604989605,3.95010395010395,0.0,0.8299056375514157,0.03898725236911758,0.193788773764768,16.904178707116305,57.05788384434517,272.1308087156738,260.99304050064507,11.137768215028757,0.565760517080403,0.5426050738059149,0.02315544327448806,213.33823500513054,0.4435306341063005,78.39547312264426,0.859375,55.0,0.023980815347721823,10.0,0.9760191846522782,407.0,0.140625,9.0,0.8461538461538461,0.859375,0.8527131782945736,0.8299388956535205,0.9044889088729017,0.7115696704554972,0.9604989604989606,0.1251047758466823,0.8748952241533177,0.0395010395010395,0.96077382856229,0.9604989604989606,0.9606283551954843,0.8299388956535205,0.9044889088729017,0.9415779217456863,0.9149520273225569,0.9604989604989606,0.002,0.096,0.0,0.1,0.0,100.0,903579.0,1043348.0,161927.0,96.46569646569647,50.311850311850314,?
DatasetClassiRealeseNormalizedShuffled,8,7,weka.classifiers.meta.FilteredClassifier,'-F \"weka.filters.MultiFilter -F \\\"weka.filters.supervised.instance.Resample -B 1.0 -S 1 -Z 200.0\\\" -S 1\" -S 1 -W weka.classifiers.lazy.IBk -- -K 1 -W 0 -A \"weka.core.neighboursearch.LinearNNSearch -A \\\"weka.core.EuclideanDistance -R first-last\\\"\"',-4523450618538717400,2.02604271336E7,4330.0,481.0,463.0,18.0,0.0,96.25779625779626,3.7422037422037424,0.0,0.8439831333117094,0.03649618300018199,0.18925899620936373,15.824095366396808,55.72416612388159,272.1308087156738,247.5577697175919,24.573038998081927,0.565760517080403,0.5146731179159915,0.05108739916441149,216.85742444911176,0.4508470362767396,79.68867085376118,0.90625,58.0,0.02877697841726619,12.0,0.9712230215827338,405.0,0.09375,6.0,0.8285714285714286,0.90625,0.8656716417910447,0.8451267655760873,0.9529001798561151,0.8126579309927134,0.9625779625779626,0.08510494099522876,0.9148950590047713,0.037422037422037424,0.9645342623444814,0.9625779625779626,0.96328018229381,0.8451267655760873,0.9529001798561152,0.9650110630271894,0.9219662556781311,0.9625779625779626,0.001,0.094,0.01,0.09,10.0,90.0,905207.0,1043348.0,161927.0,96.67359667359668,50.20790020790021,?
DatasetClassiRealeseNormalizedShuffled,8,8,weka.classifiers.meta.FilteredClassifier,'-F \"weka.filters.MultiFilter -F \\\"weka.filters.supervised.instance.Resample -B 1.0 -S 1 -Z 200.0\\\" -S 1\" -S 1 -W weka.classifiers.lazy.IBk -- -K 1 -W 0 -A \"weka.core.neighboursearch.LinearNNSearch -A \\\"weka.core.EuclideanDistance -R first-last\\\"\"',-4523450618538717400,2.02604271336E7,4330.0,481.0,456.0,25.0,0.0,94.8024948024948,5.197505197505198,0.0,0.7899893466529281,0.04805202655407491,0.21347965063050736,20.834503453046622,62.85553529324928,272.1308087156738,313.9262324903933,-41.795423774719495,0.565760517080403,0.6526532900008177,-0.08689277292041475,197.74556383185728,0.41111343831986963,72.6656289911168,0.890625,57.0,0.04316546762589928,18.0,0.9568345323741008,399.0,0.109375,7.0,0.76,0.890625,0.8201438848920863,0.7933838121341318,0.9235986211031175,0.6978429846419371,0.9480249480249481,0.1005654156508473,0.8994345843491527,0.05197505197505198,0.9531192200157718,0.9480249480249481,0.9497341724410616,0.7933838121341318,0.9235986211031175,0.9443807391609591,0.8948836070875985,0.9480249480249481,0.001,0.095,0.01,0.09,10.0,90.0,910778.0,1043348.0,161927.0,95.84199584199584,50.51975051975052,?
DatasetClassiRealeseNormalizedShuffled,8,9,weka.classifiers.meta.FilteredClassifier,'-F \"weka.filters.MultiFilter -F \\\"weka.filters.supervised.instance.Resample -B 1.0 -S 1 -Z 200.0\\\" -S 1\" -S 1 -W weka.classifiers.lazy.IBk -- -K 1 -W 0 -A \"weka.core.neighboursearch.LinearNNSearch -A \\\"weka.core.EuclideanDistance -R first-last\\\"\"',-4523450618538717400,2.02604271336E7,4330.0,481.0,459.0,22.0,0.0,95.42619542619542,4.573804573804574,0.0,0.8068555158063809,0.047870769666984114,0.21079389961170858,20.75591369293043,62.064760540468875,272.1308087156738,293.15963436848955,-21.028825652815726,0.565760517080403,0.6094794893315791,-0.043718972251176144,198.03645546366562,0.41171820262716347,72.77252303710196,0.859375,55.0,0.03117505995203837,13.0,0.9688249400479616,404.0,0.140625,9.0,0.8088235294117647,0.859375,0.8333333333333333,0.8073534901058181,0.9249288069544365,0.7259727058997654,0.9542619542619543,0.12606201421399263,0.8739379857860073,0.04573804573804574,0.9556705588609876,0.9542619542619543,0.95484474279655,0.8073534901058181,0.9249288069544364,0.9483978883631028,0.9034136546184739,0.9542619542619543,0.001,0.094,0.0,0.09,0.0,90.0,911755.0,1043348.0,161927.0,96.04989604989605,50.727650727650726,?
DatasetClassiRealeseNormalizedShuffled,8,10,weka.classifiers.meta.FilteredClassifier,'-F \"weka.filters.MultiFilter -F \\\"weka.filters.supervised.instance.Resample -B 1.0 -S 1 -Z 200.0\\\" -S 1\" -S 1 -W weka.classifiers.lazy.IBk -- -K 1 -W 0 -A \"weka.core.neighboursearch.LinearNNSearch -A \\\"weka.core.EuclideanDistance -R first-last\\\"\"',-4523450618538717400,2.02604271336E7,4330.0,481.0,449.0,32.0,0.0,93.34719334719335,6.652806652806653,0.0,0.7116306954436451,0.06474969111889638,0.24841277596811953,28.074313612605557,73.1410134925845,272.1308087156738,425.28270090931585,-153.15189219364203,0.565760517080403,0.884163619354087,-0.31840310227368407,175.1481396518289,0.36413334646949874,64.3617459112563,0.75,48.0,0.03836930455635491,16.0,0.9616306954436451,401.0,0.25,16.0,0.75,0.75,0.75,0.7116306954436451,0.8731827038369304,0.662360357191497,0.9334719334719335,0.2218412380282884,0.7781587619717116,0.06652806652806653,0.9334719334719335,0.9334719334719335,0.9334719334719335,0.7116306954436451,0.8731827038369304,0.9279347874057122,0.8558153477218226,0.9334719334719335,0.002,0.094,0.01,0.09,10.0,90.0,906224.0,1043348.0,161927.0,94.17879417879418,50.62370062370062,?
DatasetClassiRealeseNormalizedShuffled,9,1,weka.classifiers.meta.FilteredClassifier,'-F \"weka.filters.MultiFilter -F \\\"weka.filters.supervised.instance.Resample -B 1.0 -S 1 -Z 200.0\\\" -S 1\" -S 1 -W weka.classifiers.lazy.IBk -- -K 1 -W 0 -A \"weka.core.neighboursearch.LinearNNSearch -A \\\"weka.core.EuclideanDistance -R first-last\\\"\"',-4523450618538717400,2.02604271336E7,4329.0,482.0,458.0,24.0,0.0,95.02074688796681,4.979253112033195,0.0,0.7866155094812954,0.0457963306721779,0.208363105912055,19.87199092973827,61.40300788860438,272.3366817903761,285.1204104258382,-12.783728635462126,0.565013862635635,0.591536121215432,-0.02652225857979694,201.22043179608028,0.41746977551054,73.88664298662651,0.828125,53.0,0.03110047846889952,13.0,0.9688995215311005,405.0,0.171875,11.0,0.803030303030303,0.828125,0.8153846153846153,0.7867399032787533,0.9160062799043063,0.745663039971673,0.950207468879668,0.15318294734856758,0.8468170526514325,0.04979253112033195,0.9509150514077899,0.950207468879668,0.9505307850750999,0.7867399032787532,0.9160062799043063,0.9476150079777478,0.8933038184836746,0.950207468879668,0.001,0.096,0.01,0.09,10.0,90.0,918235.0,1043119.0,162156.0,96.05809128630706,50.518672199170126,?
DatasetClassiRealeseNormalizedShuffled,9,2,weka.classifiers.meta.FilteredClassifier,'-F \"weka.filters.MultiFilter -F \\\"weka.filters.supervised.instance.Resample -B 1.0 -S 1 -Z 200.0\\\" -S 1\" -S 1 -W weka.classifiers.lazy.IBk -- -K 1 -W 0 -A \"weka.core.neighboursearch.LinearNNSearch -A \\\"weka.core.EuclideanDistance -R first-last\\\"\"',-4523450618538717400,2.02604271336E7,4330.0,481.0,458.0,23.0,0.0,95.21829521829522,4.781704781704781,0.0,0.7967966497070332,0.04744776808321582,0.2141861796072512,20.694155485357904,63.484648983351505,269.42867131105754,318.7490913474156,-49.32042003635803,0.5601427677984564,0.6626800235913005,-0.10253725579284413,198.9682826342419,0.41365547325206214,73.84822174494245,0.8571428571428571,54.0,0.03349282296650718,14.0,0.9665071770334929,404.0,0.14285714285714285,9.0,0.7941176470588235,0.8571428571428571,0.8244274809160305,0.7975752234422986,0.9324827219564061,0.7333915533093105,0.9521829521829522,0.12853291800660221,0.8714670819933978,0.04781704781704782,0.9540965757316704,0.9521829521829522,0.9529516373289627,0.7975752234422986,0.9324827219564062,0.9507887817926655,0.898374991962227,0.9521829521829522,0.002,0.093,0.0,0.09,0.0,90.0,911164.0,1043348.0,161927.0,95.63409563409563,50.311850311850314,?
DatasetClassiRealeseNormalizedShuffled,9,3,weka.classifiers.meta.FilteredClassifier,'-F \"weka.filters.MultiFilter -F \\\"weka.filters.supervised.instance.Resample -B 1.0 -S 1 -Z 200.0\\\" -S 1\" -S 1 -W weka.classifiers.lazy.IBk -- -K 1 -W 0 -A \"weka.core.neighboursearch.LinearNNSearch -A \\\"weka.core.EuclideanDistance -R first-last\\\"\"',-4523450618538717400,2.02604271336E7,4330.0,481.0,463.0,18.0,0.0,96.25779625779626,3.7422037422037424,0.0,0.8497188085815455,0.03750317741585746,0.18887313114803772,16.26071022190096,55.61055456929558,272.1308087156738,256.4418356122229,15.688973103450905,0.565760517080403,0.5331431093809208,0.03261740769948213,214.8570451523254,0.4466882435599281,78.95359079934647,0.953125,61.0,0.03597122302158273,15.0,0.9640287769784173,402.0,0.046875,3.0,0.8026315789473685,0.953125,0.8714285714285714,0.8540157214433515,0.9591764088729017,0.7705251262445083,0.9625779625779626,0.04542418559954531,0.9545758144004547,0.037422037422037424,0.9673171146855357,0.9625779625779626,0.9639086106239391,0.8540157214433515,0.9591764088729017,0.9620893765439072,0.9247653806047966,0.9625779625779626,0.002,0.091,0.0,0.09,0.0,90.0,906658.0,1043348.0,161927.0,96.67359667359668,50.41580041580042,?
DatasetClassiRealeseNormalizedShuffled,9,4,weka.classifiers.meta.FilteredClassifier,'-F \"weka.filters.MultiFilter -F \\\"weka.filters.supervised.instance.Resample -B 1.0 -S 1 -Z 200.0\\\" -S 1\" -S 1 -W weka.classifiers.lazy.IBk -- -K 1 -W 0 -A \"weka.core.neighboursearch.LinearNNSearch -A \\\"weka.core.EuclideanDistance -R first-last\\\"\"',-4523450618538717400,2.02604271336E7,4330.0,481.0,456.0,25.0,0.0,94.8024948024948,5.197505197505198,0.0,0.7899893466529281,0.04850376610929173,0.2077226486908046,21.030369683838185,61.160481748166426,272.1308087156738,256.9709523708784,15.1598563447954,0.565760517080403,0.5342431442222004,0.0315173728582025,197.08706177876866,0.40974441118247124,72.42364901972127,0.890625,57.0,0.04316546762589928,18.0,0.9568345323741008,399.0,0.109375,7.0,0.76,0.890625,0.8201438848920863,0.7933838121341318,0.9522819244604317,0.7752968459554542,0.9480249480249481,0.1005654156508473,0.8994345843491527,0.05197505197505198,0.9531192200157718,0.9480249480249481,0.9497341724410616,0.7933838121341318,0.9522819244604317,0.9602597468998528,0.8948836070875985,0.9480249480249481,0.002,0.094,0.01,0.09,10.0,90.0,903937.0,1043348.0,161927.0,96.67359667359668,51.24740124740125,?
DatasetClassiRealeseNormalizedShuffled,9,5,weka.classifiers.meta.FilteredClassifier,'-F \"weka.filters.MultiFilter -F \\\"weka.filters.supervised.instance.Resample -B 1.0 -S 1 -Z 200.0\\\" -S 1\" -S 1 -W weka.classifiers.lazy.IBk -- -K 1 -W 0 -A \"weka.core.neighboursearch.LinearNNSearch -A \\\"weka.core.EuclideanDistance -R first-last\\\"\"',-4523450618538717400,2.02604271336E7,4330.0,481.0,459.0,22.0,0.0,95.42619542619542,4.573804573804574,0.0,0.8140442132639791,0.04158548093391273,0.19444285261385003,18.030724367872384,57.25046649127014,272.1308087156738,249.92659195587376,22.20421675980006,0.565760517080403,0.5195979042741659,0.04616261280623713,207.52254075481576,0.43143979366905566,76.2583779963107,0.90625,58.0,0.03836930455635491,16.0,0.9616306954436451,401.0,0.09375,6.0,0.7837837837837838,0.90625,0.8405797101449275,0.8169678728941436,0.9495278776978417,0.7901063515729826,0.9542619542619543,0.08638125881830917,0.9136187411816908,0.04573804573804574,0.9584506070992557,0.9542619542619543,0.9556415931468697,0.8169678728941436,0.9495278776978416,0.961146351771285,0.906940340509357,0.9542619542619543,0.002,0.093,0.0,0.09,0.0,90.0,907249.0,1043348.0,161927.0,96.67359667359668,50.83160083160083,?
DatasetClassiRealeseNormalizedShuffled,9,6,weka.classifiers.meta.FilteredClassifier,'-F \"weka.filters.MultiFilter -F \\\"weka.filters.supervised.instance.Resample -B 1.0 -S 1 -Z 200.0\\\" -S 1\" -S 1 -W weka.classifiers.lazy.IBk -- -K 1 -W 0 -A \"weka.core.neighboursearch.LinearNNSearch -A \\\"weka.core.EuclideanDistance -R first-last\\\"\"',-4523450618538717400,2.02604271336E7,4330.0,481.0,456.0,25.0,0.0,94.8024948024948,5.197505197505198,0.0,0.7873676020723924,0.04918665256085538,0.21726391954594232,21.32645709478496,63.96975038433992,272.1308087156738,320.6434488866014,-48.51264017092757,0.565760517080403,0.6666183968536411,-0.1008578797732382,196.6089796385401,0.4087504774190023,72.24796801451465,0.875,56.0,0.0407673860911271,17.0,0.9592326139088729,400.0,0.125,8.0,0.7671232876712328,0.875,0.8175182481751825,0.7896845973113783,0.9461555755395683,0.7080519480164982,0.9480249480249481,0.11379233411607512,0.8862076658839249,0.05197505197505198,0.9520154258268683,0.9480249480249481,0.9494486574778546,0.7896845973113783,0.9461555755395683,0.9499579922334989,0.893607608936076,0.9480249480249481,0.002,0.094,0.0,0.09,0.0,90.0,908109.0,1043348.0,161927.0,95.63409563409563,50.41580041580042,?
DatasetClassiRealeseNormalizedShuffled,9,7,weka.classifiers.meta.FilteredClassifier,'-F \"weka.filters.MultiFilter -F \\\"weka.filters.supervised.instance.Resample -B 1.0 -S 1 -Z 200.0\\\" -S 1\" -S 1 -W weka.classifiers.lazy.IBk -- -K 1 -W 0 -A \"weka.core.neighboursearch.LinearNNSearch -A \\\"weka.core.EuclideanDistance -R first-last\\\"\"',-4523450618538717400,2.02604271336E7,4330.0,481.0,464.0,17.0,0.0,96.46569646569647,3.5343035343035343,0.0,0.8497841462294482,0.0357552098279122,0.18687328120275773,15.502822587216578,55.02173198856954,272.1308087156738,240.82477577679998,31.30603293887384,0.565760517080403,0.5006752095151766,0.06508530756522628,218.8209299692598,0.4549291683352594,80.41020088904635,0.890625,57.0,0.023980815347721823,10.0,0.9760191846522782,407.0,0.109375,7.0,0.8507462686567164,0.890625,0.8702290076335878,0.8500828796403587,0.9490032973621103,0.7764907190818968,0.9646569646569647,0.09801278000468648,0.9019872199953135,0.035343035343035345,0.9654824044830534,0.9646569646569647,0.9649978598086736,0.8500828796403587,0.9490032973621103,0.9582184819439467,0.9248858636242547,0.9646569646569647,0.002,0.094,0.0,0.09,0.0,90.0,907048.0,1043348.0,161927.0,96.67359667359668,50.20790020790021,?
DatasetClassiRealeseNormalizedShuffled,9,8,weka.classifiers.meta.FilteredClassifier,'-F \"weka.filters.MultiFilter -F \\\"weka.filters.supervised.instance.Resample -B 1.0 -S 1 -Z 200.0\\\" -S 1\" -S 1 -W weka.classifiers.lazy.IBk -- -K 1 -W 0 -A \"weka.core.neighboursearch.LinearNNSearch -A \\\"weka.core.EuclideanDistance -R first-last\\\"\"',-4523450618538717400,2.02604271336E7,4330.0,481.0,462.0,19.0,0.0,96.04989604989605,3.95010395010395,0.0,0.8321116928446773,0.03857271981716948,0.19490811104133685,16.724444770707947,57.38745410307767,272.1308087156738,274.20216298622347,-2.071354270549648,0.565760517080403,0.5700668669152255,-0.004306349834822553,213.80304456683416,0.44449697415142236,78.56627684894681,0.875,56.0,0.026378896882494004,11.0,0.973621103117506,406.0,0.125,8.0,0.835820895522388,0.875,0.8549618320610687,0.8324042136752493,0.9308116007194245,0.7117710236990045,0.9604989604989606,0.11187785738145449,0.8881221426185455,0.0395010395010395,0.9614024247379211,0.9604989604989606,0.9608799609626352,0.8324042136752493,0.9308116007194245,0.9474513158748615,0.9160489064035788,0.9604989604989606,0.001,0.094,0.0,0.09,0.0,90.0,900910.0,1043348.0,161927.0,96.25779625779626,50.103950103950105,?
DatasetClassiRealeseNormalizedShuffled,9,9,weka.classifiers.meta.FilteredClassifier,'-F \"weka.filters.MultiFilter -F \\\"weka.filters.supervised.instance.Resample -B 1.0 -S 1 -Z 200.0\\\" -S 1\" -S 1 -W weka.classifiers.lazy.IBk -- -K 1 -W 0 -A \"weka.core.neighboursearch.LinearNNSearch -A \\\"weka.core.EuclideanDistance -R first-last\\\"\"',-4523450618538717400,2.02604271336E7,4330.0,481.0,455.0,26.0,0.0,94.5945945945946,5.405405405405405,0.0,0.777473309608541,0.053452963684591306,0.2298857404678484,23.17625366349408,67.68603579177241,272.1308087156738,368.5649724216531,-96.4341637059793,0.565760517080403,0.7662473439119608,-0.2004868268315578,191.56396676947668,0.3982618851756272,70.39407543510646,0.859375,55.0,0.0407673860911271,17.0,0.9592326139088729,400.0,0.140625,9.0,0.7638888888888888,0.859375,0.8088235294117647,0.779302181536547,0.909285071942446,0.708667531527678,0.9459459459459459,0.12733833203707304,0.872661667962927,0.05405405405405406,0.9495069641768906,0.9459459459459459,0.9472740080915555,0.779302181536547,0.9092850719424461,0.9428008406465859,0.8886732659165362,0.9459459459459459,0.001,0.096,0.0,0.09,0.0,90.0,903587.0,1043348.0,161927.0,95.01039501039502,50.20790020790021,?
DatasetClassiRealeseNormalizedShuffled,9,10,weka.classifiers.meta.FilteredClassifier,'-F \"weka.filters.MultiFilter -F \\\"weka.filters.supervised.instance.Resample -B 1.0 -S 1 -Z 200.0\\\" -S 1\" -S 1 -W weka.classifiers.lazy.IBk -- -K 1 -W 0 -A \"weka.core.neighboursearch.LinearNNSearch -A \\\"weka.core.EuclideanDistance -R first-last\\\"\"',-4523450618538717400,2.02604271336E7,4330.0,481.0,461.0,20.0,0.0,95.84199584199584,4.158004158004158,0.0,0.8266479259018993,0.038597782912252694,0.19087559430296944,16.73531168264698,56.200146566174446,272.1308087156738,245.78584955496208,26.34495916071174,0.565760517080403,0.5109892922140584,0.05477122486634457,212.5486792657513,0.44188914608264307,78.10533480897608,0.890625,57.0,0.03117505995203837,13.0,0.9688249400479616,404.0,0.109375,7.0,0.8142857142857143,0.890625,0.8507462686567163,0.8277680682389067,0.9407224220623501,0.7710952696344255,0.9584199584199584,0.09897001837199679,0.9010299816280032,0.04158004158004158,0.9605241079693635,0.9584199584199584,0.9592002025486777,0.8277680682389067,0.9407224220623501,0.9567816970693629,0.9132958396423678,0.9584199584199584,0.002,0.094,0.0,0.09,0.0,90.0,912599.0,1043348.0,161927.0,96.67359667359668,50.62370062370062,?
DatasetClassiRealeseNormalizedShuffled,10,1,weka.classifiers.meta.FilteredClassifier,'-F \"weka.filters.MultiFilter -F \\\"weka.filters.supervised.instance.Resample -B 1.0 -S 1 -Z 200.0\\\" -S 1\" -S 1 -W weka.classifiers.lazy.IBk -- -K 1 -W 0 -A \"weka.core.neighboursearch.LinearNNSearch -A \\\"weka.core.EuclideanDistance -R first-last\\\"\"',-4523450618538717400,2.02604271336E7,4329.0,482.0,457.0,25.0,0.0,94.81327800829875,5.186721991701245,0.0,0.7900623715112024,0.049025874110814556,0.21679524599370606,21.27335774183469,63.88789484440725,272.3366817903761,318.41962222802067,-46.082940437644595,0.565013862635635,0.6606216228797109,-0.09560776024407593,196.89100524686128,0.4084875627528242,72.2969098222372,0.890625,57.0,0.0430622009569378,18.0,0.9569377990430622,400.0,0.109375,7.0,0.76,0.890625,0.8201438848920863,0.7934547750910184,0.9266409988038278,0.69658912091415,0.9481327800829875,0.10056998103992536,0.8994300189600746,0.05186721991701245,0.9532174498149603,0.9481327800829875,0.949839298685533,0.7934547750910185,0.9266409988038278,0.9439810688787407,0.894920427294528,0.9481327800829875,0.002,0.094,0.0,0.1,0.0,100.0,912519.0,1043119.0,162156.0,95.850622406639,50.518672199170126,?
DatasetClassiRealeseNormalizedShuffled,10,2,weka.classifiers.meta.FilteredClassifier,'-F \"weka.filters.MultiFilter -F \\\"weka.filters.supervised.instance.Resample -B 1.0 -S 1 -Z 200.0\\\" -S 1\" -S 1 -W weka.classifiers.lazy.IBk -- -K 1 -W 0 -A \"weka.core.neighboursearch.LinearNNSearch -A \\\"weka.core.EuclideanDistance -R first-last\\\"\"',-4523450618538717400,2.02604271336E7,4330.0,481.0,459.0,22.0,0.0,95.42619542619542,4.573804573804574,0.0,0.8068907624365853,0.044347793610036344,0.20581197220115713,19.342113938617384,61.002539172790854,269.42867131105754,294.14334878503854,-24.714677473981,0.5601427677984564,0.6115246336487288,-0.051381865850272344,202.14631882144718,0.42026261709240575,75.02776814278523,0.873015873015873,55.0,0.03349282296650718,14.0,0.9665071770334929,404.0,0.12698412698412698,8.0,0.7971014492753623,0.873015873015873,0.8333333333333334,0.8080121418932154,0.9219640009113693,0.7085652654960435,0.9542619542619543,0.11473890421258842,0.8852610957874116,0.04573804573804574,0.9565506994802055,0.9542619542619543,0.9551361370638479,0.8080121418932155,0.9219640009113693,0.94503947862935,0.9034136546184739,0.9542619542619543,0.002,0.094,0.0,0.1,0.0,100.0,909122.0,1043348.0,161927.0,96.04989604989605,50.51975051975052,?
DatasetClassiRealeseNormalizedShuffled,10,3,weka.classifiers.meta.FilteredClassifier,'-F \"weka.filters.MultiFilter -F \\\"weka.filters.supervised.instance.Resample -B 1.0 -S 1 -Z 200.0\\\" -S 1\" -S 1 -W weka.classifiers.lazy.IBk -- -K 1 -W 0 -A \"weka.core.neighboursearch.LinearNNSearch -A \\\"weka.core.EuclideanDistance -R first-last\\\"\"',-4523450618538717400,2.02604271336E7,4330.0,481.0,463.0,18.0,0.0,96.25779625779626,3.7422037422037424,0.0,0.8439831333117094,0.03751464368790718,0.1883902276859368,16.265681793377656,55.468371670290125,272.1308087156738,255.21357433052577,16.91723438514805,0.565760517080403,0.5305895516227147,0.035170965457688254,215.9653042319506,0.4489923164905418,79.36084313687329,0.90625,58.0,0.02877697841726619,12.0,0.9712230215827338,405.0,0.09375,6.0,0.8285714285714286,0.90625,0.8656716417910447,0.8451267655760873,0.9438511690647482,0.7422981719077626,0.9625779625779626,0.08510494099522876,0.9148950590047713,0.037422037422037424,0.9645342623444814,0.9625779625779626,0.96328018229381,0.8451267655760873,0.9438511690647482,0.9544366625549602,0.9219662556781311,0.9625779625779626,0.002,0.094,0.0,0.1,0.0,100.0,909528.0,1043348.0,161927.0,96.67359667359668,50.41580041580042,?
DatasetClassiRealeseNormalizedShuffled,10,4,weka.classifiers.meta.FilteredClassifier,'-F \"weka.filters.MultiFilter -F \\\"weka.filters.supervised.instance.Resample -B 1.0 -S 1 -Z 200.0\\\" -S 1\" -S 1 -W weka.classifiers.lazy.IBk -- -K 1 -W 0 -A \"weka.core.neighboursearch.LinearNNSearch -A \\\"weka.core.EuclideanDistance -R first-last\\\"\"',-4523450618538717400,2.02604271336E7,4330.0,481.0,458.0,23.0,0.0,95.21829521829522,4.781704781704781,0.0,0.799368890662121,0.04601147384925295,0.20820696730899718,19.949756119302144,61.303081316364484,272.1308087156738,294.20661783729946,-22.07580912162564,0.565760517080403,0.6116561701399157,-0.045895653059512764,202.23064891290505,0.4204379395278691,74.31376471754014,0.859375,55.0,0.03357314148681055,14.0,0.9664268585131894,403.0,0.140625,9.0,0.7971014492753623,0.859375,0.8270676691729324,0.800130300168799,0.917003896882494,0.7595111552151569,0.9521829521829522,0.12638109366976275,0.8736189063302373,0.04781704781704782,0.9540650092570734,0.9521829521829522,0.9529375678826508,0.800130300168799,0.917003896882494,0.9498426059410576,0.899661699483933,0.9521829521829522,0.002,0.096,0.0,0.1,0.0,100.0,915686.0,1043348.0,161927.0,96.04989604989605,50.62370062370062,?
DatasetClassiRealeseNormalizedShuffled,10,5,weka.classifiers.meta.FilteredClassifier,'-F \"weka.filters.MultiFilter -F \\\"weka.filters.supervised.instance.Resample -B 1.0 -S 1 -Z 200.0\\\" -S 1\" -S 1 -W weka.classifiers.lazy.IBk -- -K 1 -W 0 -A \"weka.core.neighboursearch.LinearNNSearch -A \\\"weka.core.EuclideanDistance -R first-last\\\"\"',-4523450618538717400,2.02604271336E7,4330.0,481.0,461.0,20.0,0.0,95.84199584199584,4.158004158004158,0.0,0.8244141052785282,0.03922258458347223,0.19361641633007276,17.00621456666673,57.00713606212076,272.1308087156738,245.98805530127012,26.1427534144037,0.565760517080403,0.5114096783810189,0.054350838699383994,211.77267631338847,0.44027583433136896,77.82017674252076,0.875,56.0,0.02877697841726619,12.0,0.9712230215827338,405.0,0.125,8.0,0.8235294117647058,0.875,0.8484848484848485,0.8249229163710716,0.9282074340527577,0.8107216806228543,0.9584199584199584,0.1121969368372246,0.8878030631627755,0.04158004158004158,0.9597264043924064,0.9584199584199584,0.9589497661786818,0.8249229163710715,0.9282074340527577,0.959461250804935,0.9121942314713398,0.9584199584199584,0.002,0.095,0.0,0.09,0.0,90.0,914239.0,1043348.0,161927.0,96.67359667359668,50.41580041580042,?
DatasetClassiRealeseNormalizedShuffled,10,6,weka.classifiers.meta.FilteredClassifier,'-F \"weka.filters.MultiFilter -F \\\"weka.filters.supervised.instance.Resample -B 1.0 -S 1 -Z 200.0\\\" -S 1\" -S 1 -W weka.classifiers.lazy.IBk -- -K 1 -W 0 -A \"weka.core.neighboursearch.LinearNNSearch -A \\\"weka.core.EuclideanDistance -R first-last\\\"\"',-4523450618538717400,2.02604271336E7,4330.0,481.0,465.0,16.0,0.0,96.67359667359668,3.3264033264033266,0.0,0.8576975703561259,0.03346619900241201,0.1799537382519554,14.510348234563068,52.98438756312782,272.1308087156738,229.63570715713925,42.49510155853457,0.565760517080403,0.4774131125928051,0.08834740448759786,222.0491121173999,0.4616405657326401,81.596462071077,0.890625,57.0,0.02158273381294964,9.0,0.9784172661870504,408.0,0.109375,7.0,0.8636363636363636,0.890625,0.8769230769230768,0.8578332928763902,0.9406100119904077,0.7603669763830395,0.9667359667359667,0.09769370054891638,0.9023062994510836,0.033264033264033266,0.9672328322930732,0.9667359667359667,0.9669518631057094,0.8578332928763902,0.9406100119904077,0.9558422141137309,0.9288461538461539,0.9667359667359667,0.001,0.093,0.0,0.09,0.0,90.0,914448.0,1043348.0,161927.0,96.88149688149689,50.20790020790021,?
DatasetClassiRealeseNormalizedShuffled,10,7,weka.classifiers.meta.FilteredClassifier,'-F \"weka.filters.MultiFilter -F \\\"weka.filters.supervised.instance.Resample -B 1.0 -S 1 -Z 200.0\\\" -S 1\" -S 1 -W weka.classifiers.lazy.IBk -- -K 1 -W 0 -A \"weka.core.neighboursearch.LinearNNSearch -A \\\"weka.core.EuclideanDistance -R first-last\\\"\"',-4523450618538717400,2.02604271336E7,4330.0,481.0,455.0,26.0,0.0,94.5945945945946,5.405405405405405,0.0,0.777473309608541,0.05330532279747548,0.22639458839865267,23.112239202647896,66.65812408472526,272.1308087156738,355.3121068726567,-83.1812981569829,0.565760517080403,0.7386946088828622,-0.17293409180245925,190.642485843803,0.39634612441539085,70.05545852876547,0.859375,55.0,0.0407673860911271,17.0,0.9592326139088729,400.0,0.140625,9.0,0.7638888888888888,0.859375,0.8088235294117647,0.779302181536547,0.9201888489208633,0.7009906744700538,0.9459459459459459,0.12733833203707304,0.872661667962927,0.05405405405405406,0.9495069641768906,0.9459459459459459,0.9472740080915555,0.779302181536547,0.9201888489208633,0.9427377404172467,0.8886732659165362,0.9459459459459459,0.001,0.093,0.0,0.09,0.0,90.0,900709.0,1043348.0,161927.0,95.21829521829522,50.62370062370062,?
DatasetClassiRealeseNormalizedShuffled,10,8,weka.classifiers.meta.FilteredClassifier,'-F \"weka.filters.MultiFilter -F \\\"weka.filters.supervised.instance.Resample -B 1.0 -S 1 -Z 200.0\\\" -S 1\" -S 1 -W weka.classifiers.lazy.IBk -- -K 1 -W 0 -A \"weka.core.neighboursearch.LinearNNSearch -A \\\"weka.core.EuclideanDistance -R first-last\\\"\"',-4523450618538717400,2.02604271336E7,4330.0,481.0,469.0,12.0,0.0,97.5051975051975,2.494802494802495,0.0,0.8946484631671169,0.02518672417585991,0.15482502135939016,10.920515313175404,45.58565449021081,272.1308087156738,166.4172803268524,105.71352838882143,0.565760517080403,0.3459818717813979,0.21977864529900507,233.58473182237464,0.48562314308185994,85.83546013212613,0.9375,60.0,0.019184652278177457,8.0,0.9808153477218226,409.0,0.0625,4.0,0.8823529411764706,0.9375,0.9090909090909091,0.8952006214320857,0.9718787470023981,0.8853563745905425,0.975051975051975,0.05673662733015251,0.9432633726698475,0.02494802494802495,0.9759497865180816,0.975051975051975,0.9753698597072091,0.8952006214320857,0.9718787470023981,0.9785893802700314,0.947316538882804,0.975051975051975,0.002,0.093,0.01,0.09,10.0,90.0,908507.0,1043348.0,161927.0,97.71309771309771,50.311850311850314,?
DatasetClassiRealeseNormalizedShuffled,10,9,weka.classifiers.meta.FilteredClassifier,'-F \"weka.filters.MultiFilter -F \\\"weka.filters.supervised.instance.Resample -B 1.0 -S 1 -Z 200.0\\\" -S 1\" -S 1 -W weka.classifiers.lazy.IBk -- -K 1 -W 0 -A \"weka.core.neighboursearch.LinearNNSearch -A \\\"weka.core.EuclideanDistance -R first-last\\\"\"',-4523450618538717400,2.02604271336E7,4330.0,481.0,466.0,15.0,0.0,96.88149688149689,3.1185031185031185,0.0,0.8691536243448617,0.03311701517887104,0.1732857986601543,14.358948343673442,51.02112356532824,272.1308087156738,205.8361053537389,66.29470336193492,0.565760517080403,0.42793369096411416,0.13782682611628883,221.38784857865656,0.46026579746082447,81.35346733561718,0.921875,59.0,0.023980815347721823,10.0,0.9760191846522782,407.0,0.078125,5.0,0.855072463768116,0.921875,0.887218045112782,0.8699815047390957,0.9567221223021583,0.8151091718447813,0.9688149688149689,0.07092078416269064,0.9290792158373093,0.031185031185031187,0.9701953390218482,0.9688149688149689,0.9693071094886853,0.8699815047390959,0.9567221223021584,0.9664290346344537,0.9345619779243042,0.9688149688149689,0.002,0.092,0.01,0.09,10.0,90.0,908913.0,1043348.0,161927.0,97.29729729729729,50.62370062370062,?
DatasetClassiRealeseNormalizedShuffled,10,10,weka.classifiers.meta.FilteredClassifier,'-F \"weka.filters.MultiFilter -F \\\"weka.filters.supervised.instance.Resample -B 1.0 -S 1 -Z 200.0\\\" -S 1\" -S 1 -W weka.classifiers.lazy.IBk -- -K 1 -W 0 -A \"weka.core.neighboursearch.LinearNNSearch -A \\\"weka.core.EuclideanDistance -R first-last\\\"\"',-4523450618538717400,2.02604271336E7,4330.0,481.0,460.0,21.0,0.0,95.63409563409563,4.365904365904366,0.0,0.8235910511884597,0.041858380001993066,0.19839965663684403,18.149048546559303,58.415481677407186,272.1308087156738,256.19578108666536,15.93502762900846,0.565760517080403,0.5326315615107388,0.03312895556966416,208.12121149942666,0.4326844313917394,76.47837173661387,0.921875,59.0,0.03836930455635491,16.0,0.9616306954436451,401.0,0.078125,5.0,0.7866666666666666,0.921875,0.8489208633093526,0.8271298981434626,0.9467176258992805,0.7556286610819611,0.9563409563409564,0.07283526089731125,0.9271647391026888,0.04365904365904366,0.9609380430070085,0.9563409563409564,0.9577767048504917,0.8271298981434626,0.9467176258992805,0.956338839403027,0.9117022299535827,0.9563409563409564,0.002,0.093,0.0,0.1,0.0,100.0,914010.0,1043348.0,161927.0,96.67359667359668,50.62370062370062,?
DatasetClassiRealeseNormalizedShuffled,1,1,weka.classifiers.lazy.IBk,'-K 1 -W 0 -A \"weka.core.neighboursearch.LinearNNSearch -A \\\"weka.core.EuclideanDistance -R first-last\\\"\"',-3080186098777067172,2.02604271336E7,4329.0,482.0,468.0,14.0,0.0,97.0954356846473,2.904564315352697,0.0,0.8755257138640891,0.031120555223462344,0.1715899665423777,13.503863345645037,50.56624599200412,272.3366817903761,170.74872645575962,101.58795533461645,0.565013862635635,0.35425046982522745,0.21076339281040757,225.66990495754652,0.46819482356337455,82.86430732502275,0.90625,58.0,0.019138755980861243,8.0,0.9808612440191388,410.0,0.09375,6.0,0.8787878787878788,0.90625,0.8923076923076922,0.8756641677427714,0.9503588516746412,0.8145092030086063,0.970954356846473,0.08384311282733427,0.9161568871726657,0.029045643153526972,0.9713974649140625,0.970954356846473,0.9711429579604749,0.8756641677427714,0.9503588516746412,0.9627182484650882,0.9377605607821435,0.970954356846473,0.0,0.052,0.0,0.05,0.0,50.0,1045444.0,1043119.0,162156.0,97.0954356846473,50.518672199170126,?
DatasetClassiRealeseNormalizedShuffled,1,2,weka.classifiers.lazy.IBk,'-K 1 -W 0 -A \"weka.core.neighboursearch.LinearNNSearch -A \\\"weka.core.EuclideanDistance -R first-last\\\"\"',-3080186098777067172,2.02604271336E7,4330.0,481.0,466.0,15.0,0.0,96.88149688149689,3.1185031185031185,0.0,0.8601825475263069,0.03449354513751184,0.17811308391344854,15.044222629502062,52.79260609774985,269.42867131105754,175.11039051633605,94.31828079472149,0.5601427677984564,0.3640548659383286,0.19608790186012784,217.81858891284065,0.4528452991950949,80.84462126948894,0.8571428571428571,54.0,0.014354066985645933,6.0,0.9856459330143541,412.0,0.14285714285714285,9.0,0.9,0.8571428571428571,0.8780487804878048,0.8605190576878977,0.9371724766461609,0.8024360790695989,0.9688149688149689,0.1260261786577576,0.8739738213422423,0.031185031185031187,0.9683246008661686,0.9688149688149689,0.9684904174860277,0.8605190576878977,0.9371724766461608,0.958331377137945,0.9300851768946771,0.9688149688149689,0.001,0.051,0.0,0.05,0.0,50.0,1045673.0,1043348.0,161927.0,97.0893970893971,50.83160083160083,?
DatasetClassiRealeseNormalizedShuffled,1,3,weka.classifiers.lazy.IBk,'-K 1 -W 0 -A \"weka.core.neighboursearch.LinearNNSearch -A \\\"weka.core.EuclideanDistance -R first-last\\\"\"',-3080186098777067172,2.02604271336E7,4330.0,481.0,461.0,20.0,0.0,95.84199584199584,4.158004158004158,0.0,0.8148718343468555,0.04592292509564207,0.20444619939169117,19.911362955783996,60.195785703608,272.1308087156738,235.15334907801858,36.977459637655244,0.565760517080403,0.48888430161750224,0.07687621546290072,202.54417805543872,0.42108976726702435,74.42897737722147,0.8125,52.0,0.019184652278177457,8.0,0.9808153477218226,409.0,0.1875,12.0,0.8666666666666667,0.8125,0.8387096774193549,0.815430962176605,0.9109150179856115,0.7396968559305873,0.9584199584199584,0.1651046106981359,0.8348953893018641,0.04158004158004158,0.9575481931776468,0.9584199584199584,0.9578485489641084,0.815430962176605,0.9109150179856115,0.9428040565883844,0.9074216644853338,0.9584199584199584,0.001,0.051,0.0,0.05,0.0,50.0,1045673.0,1043348.0,161927.0,96.04989604989605,51.03950103950104,?
DatasetClassiRealeseNormalizedShuffled,1,4,weka.classifiers.lazy.IBk,'-K 1 -W 0 -A \"weka.core.neighboursearch.LinearNNSearch -A \\\"weka.core.EuclideanDistance -R first-last\\\"\"',-3080186098777067172,2.02604271336E7,4330.0,481.0,465.0,16.0,0.0,96.67359667359668,3.3264033264033266,0.0,0.8538826656540726,0.03560399226248755,0.18368204652424797,15.437257342315704,54.08212597285946,272.1308087156738,190.83977988480558,81.29102883086824,0.565760517080403,0.39675629913680993,0.16900421794359302,219.86720737253233,0.45710438123187597,80.79467679907303,0.859375,55.0,0.016786570743405275,7.0,0.9832134292565947,410.0,0.140625,9.0,0.8870967741935484,0.859375,0.8730158730158729,0.854025128096364,0.9276828537170264,0.7817186299923194,0.9667359667359667,0.12414753747937202,0.875852462520628,0.033264033264033266,0.9663558273920888,0.9667359667359667,0.9665117559854401,0.854025128096364,0.9276828537170264,0.954605552611242,0.9269385585175058,0.9667359667359667,0.001,0.051,0.0,0.05,0.0,50.0,1045673.0,1043348.0,161927.0,96.88149688149689,50.41580041580042,?
DatasetClassiRealeseNormalizedShuffled,1,5,weka.classifiers.lazy.IBk,'-K 1 -W 0 -A \"weka.core.neighboursearch.LinearNNSearch -A \\\"weka.core.EuclideanDistance -R first-last\\\"\"',-3080186098777067172,2.02604271336E7,4330.0,481.0,465.0,16.0,0.0,96.67359667359668,3.3264033264033266,0.0,0.8558153477218226,0.03370495574741394,0.18154507484218113,14.613868909650161,53.45293017557332,272.1308087156738,189.19971771833482,82.931090997339,0.565760517080403,0.3933466064830246,0.17241391059737837,221.3386224312097,0.4601634561979412,81.33537818662327,0.875,56.0,0.019184652278177457,8.0,0.9808153477218226,409.0,0.125,8.0,0.875,0.875,0.875,0.8558153477218226,0.9431767086330936,0.7817811076072462,0.9667359667359667,0.1109206190141442,0.8890793809858558,0.033264033264033266,0.9667359667359667,0.9667359667359667,0.9667359667359667,0.8558153477218226,0.9431767086330936,0.9569934483381195,0.9279076738609113,0.9667359667359667,0.0,0.051,0.0,0.05,0.0,50.0,1045673.0,1043348.0,161927.0,96.88149688149689,50.20790020790021,?
DatasetClassiRealeseNormalizedShuffled,1,6,weka.classifiers.lazy.IBk,'-K 1 -W 0 -A \"weka.core.neighboursearch.LinearNNSearch -A \\\"weka.core.EuclideanDistance -R first-last\\\"\"',-3080186098777067172,2.02604271336E7,4330.0,481.0,469.0,12.0,0.0,97.5051975051975,2.494802494802495,0.0,0.8918615107913669,0.02941176191969006,0.1627831830131207,12.75241647896748,47.9288029318448,272.1308087156738,151.82985081623127,120.30095789944255,0.565760517080403,0.3156545755015203,0.25010594157888266,227.2256706807223,0.4724026417478634,83.49869379109181,0.90625,58.0,0.014388489208633094,6.0,0.9856115107913669,411.0,0.09375,6.0,0.90625,0.90625,0.90625,0.8918615107913669,0.9439823141486811,0.823945579095822,0.975051975051975,0.08319046426060815,0.9168095357393918,0.02494802494802495,0.975051975051975,0.975051975051975,0.975051975051975,0.8918615107913669,0.9439823141486811,0.964108922965919,0.9459307553956835,0.975051975051975,0.0,0.052,0.0,0.05,0.0,50.0,1045673.0,1043348.0,161927.0,97.5051975051975,50.727650727650726,?
DatasetClassiRealeseNormalizedShuffled,1,7,weka.classifiers.lazy.IBk,'-K 1 -W 0 -A \"weka.core.neighboursearch.LinearNNSearch -A \\\"weka.core.EuclideanDistance -R first-last\\\"\"',-3080186098777067172,2.02604271336E7,4330.0,481.0,458.0,23.0,0.0,95.21829521829522,4.781704781704781,0.0,0.7885390981898811,0.04978033571083399,0.21892353095882183,21.583867541862055,64.45839538365125,272.1308087156738,274.7250070104995,-2.5941982948256737,0.565760517080403,0.5711538607286892,-0.005393343648286223,196.4773414379103,0.40847680132621683,72.19959488056078,0.796875,51.0,0.023980815347721823,10.0,0.9760191846522782,407.0,0.203125,13.0,0.8360655737704918,0.796875,0.816,0.7888392134750568,0.8971073141486811,0.7046959100790015,0.9521829521829522,0.17928876753067402,0.820711232469326,0.04781704781704782,0.951353542337149,0.9521829521829522,0.9516948412432282,0.7888392134750568,0.8971073141486811,0.936696993773819,0.8942604540023895,0.9521829521829522,0.0,0.052,0.0,0.05,0.0,50.0,1045673.0,1043348.0,161927.0,95.42619542619542,50.51975051975052,?
DatasetClassiRealeseNormalizedShuffled,1,8,weka.classifiers.lazy.IBk,'-K 1 -W 0 -A \"weka.core.neighboursearch.LinearNNSearch -A \\\"weka.core.EuclideanDistance -R first-last\\\"\"',-3080186098777067172,2.02604271336E7,4330.0,481.0,462.0,19.0,0.0,96.04989604989605,3.95010395010395,0.0,0.8253149072003366,0.039598619019703386,0.1936959077937936,17.169256405314393,57.030541002538534,272.1308087156738,211.0842078956016,61.04660082007223,0.565760517080403,0.43884450705946276,0.1269160100209402,212.2672974984197,0.4413041528033674,78.00193535609546,0.828125,53.0,0.019184652278177457,8.0,0.9808153477218226,409.0,0.171875,11.0,0.8688524590163934,0.828125,0.8480000000000001,0.8256290192327047,0.9159547362110312,0.7698799835662599,0.9604989604989606,0.15155861277713797,0.8484413872228621,0.0395010395010395,0.9598443426312279,0.9604989604989606,0.9600957384183191,0.8256290192327047,0.9159547362110312,0.9493146683664647,0.9126499402628435,0.9604989604989606,0.001,0.051,0.0,0.05,0.0,50.0,1045673.0,1043348.0,161927.0,96.46569646569647,50.62370062370062,?
DatasetClassiRealeseNormalizedShuffled,1,9,weka.classifiers.lazy.IBk,'-K 1 -W 0 -A \"weka.core.neighboursearch.LinearNNSearch -A \\\"weka.core.EuclideanDistance -R first-last\\\"\"',-3080186098777067172,2.02604271336E7,4330.0,481.0,466.0,15.0,0.0,96.88149688149689,3.1185031185031185,0.0,0.8582653963264908,0.03344874794126762,0.17747487277058616,14.502781765056044,52.25452681859672,272.1308087156738,177.6995605992739,94.43124811639993,0.565760517080403,0.36943775592364636,0.19632276115675662,222.87485723521294,0.4633572915492993,81.89989890783583,0.828125,53.0,0.009592326139088728,4.0,0.9904076738609112,413.0,0.171875,11.0,0.9298245614035088,0.828125,0.8760330578512396,0.8601489795290829,0.9205260791366906,0.8048303774748231,0.9688149688149689,0.15028229495405754,0.8497177050459425,0.031185031185031187,0.9681712592586476,0.9688149688149689,0.9680427055845928,0.8601489795290829,0.9205260791366907,0.9541754451556943,0.9290985741099242,0.9688149688149689,0.001,0.05,0.0,0.05,0.0,50.0,1045673.0,1043348.0,161927.0,97.0893970893971,50.62370062370062,?
DatasetClassiRealeseNormalizedShuffled,1,10,weka.classifiers.lazy.IBk,'-K 1 -W 0 -A \"weka.core.neighboursearch.LinearNNSearch -A \\\"weka.core.EuclideanDistance -R first-last\\\"\"',-3080186098777067172,2.02604271336E7,4330.0,481.0,467.0,14.0,0.0,97.0893970893971,2.9106029106029108,0.0,0.8721473324473135,0.032118985250255555,0.17320140972533216,13.926220330202803,50.99627664593613,272.1308087156738,171.67003820204317,100.46077051363065,0.565760517080403,0.3569023663244141,0.20885815075598888,224.5428980592937,0.46682515189042345,82.51285443167126,0.875,56.0,0.014388489208633094,6.0,0.9856115107913669,411.0,0.125,8.0,0.9032258064516129,0.875,0.8888888888888888,0.872292842180695,0.9373875899280576,0.8079806483035736,0.9708939708939709,0.110282460102604,0.889717539897396,0.029106029106029108,0.9705709724956781,0.9708939708939709,0.9706977864872602,0.872292842180695,0.9373875899280576,0.9584435393658112,0.9360712387028176,0.9708939708939709,0.001,0.052,0.0,0.05,0.0,50.0,1045673.0,1043348.0,161927.0,97.0893970893971,50.62370062370062,?
DatasetClassiRealeseNormalizedShuffled,2,1,weka.classifiers.lazy.IBk,'-K 1 -W 0 -A \"weka.core.neighboursearch.LinearNNSearch -A \\\"weka.core.EuclideanDistance -R first-last\\\"\"',-3080186098777067172,2.02604271336E7,4329.0,482.0,466.0,16.0,0.0,96.6804979253112,3.319502074688797,0.0,0.8519428659192136,0.03488256296231396,0.18101192767523838,15.136277614796988,53.34282561359679,272.3366817903761,176.74297275404672,95.59370903632936,0.565013862635635,0.3666866654648272,0.1983271971708078,220.3953907058413,0.45725184793743007,80.92754499942272,0.84375,54.0,0.014354066985645933,6.0,0.9856459330143541,412.0,0.15625,10.0,0.9,0.84375,0.870967741935484,0.8525270715062174,0.9395746112440191,0.8047530285711744,0.966804979253112,0.13740904623875796,0.862590953761242,0.03319502074688797,0.9661717567009498,0.966804979253112,0.9663486114563613,0.8525270715062174,0.9395746112440192,0.9587267387752519,0.9259600614439325,0.966804979253112,0.0,0.053,0.0,0.05,0.0,50.0,1045444.0,1043119.0,162156.0,97.0954356846473,50.62240663900415,?
DatasetClassiRealeseNormalizedShuffled,2,2,weka.classifiers.lazy.IBk,'-K 1 -W 0 -A \"weka.core.neighboursearch.LinearNNSearch -A \\\"weka.core.EuclideanDistance -R first-last\\\"\"',-3080186098777067172,2.02604271336E7,4330.0,481.0,455.0,26.0,0.0,94.5945945945946,5.405405405405405,0.0,0.7593055929789445,0.05525403084656814,0.23267156755132065,24.09882596640245,68.96370634878106,269.42867131105754,311.6459076896877,-42.21723637863016,0.5601427677984564,0.6479124899993507,-0.08776972220089431,187.3393202709269,0.38947883632209335,69.53206552195114,0.7777777777777778,49.0,0.028708133971291867,12.0,0.9712918660287081,406.0,0.2222222222222222,14.0,0.8032786885245902,0.7777777777777778,0.7903225806451613,0.7594357727705306,0.8930849851902484,0.6544804049634194,0.9459459459459459,0.19687630213946003,0.80312369786054,0.05405405405405406,0.9452665780534633,0.9459459459459459,0.9455745297996434,0.7594357727705306,0.8930849851902483,0.9288417061719861,0.8796481638309338,0.9459459459459459,0.0,0.052,0.0,0.05,0.0,50.0,1045673.0,1043348.0,161927.0,94.8024948024948,50.311850311850314,?
DatasetClassiRealeseNormalizedShuffled,2,3,weka.classifiers.lazy.IBk,'-K 1 -W 0 -A \"weka.core.neighboursearch.LinearNNSearch -A \\\"weka.core.EuclideanDistance -R first-last\\\"\"',-3080186098777067172,2.02604271336E7,4330.0,481.0,467.0,14.0,0.0,97.0893970893971,2.9106029106029108,0.0,0.8721473324473135,0.031795184789144025,0.1729577105404162,13.78582621347321,50.92452347099331,272.1308087156738,172.40459388981063,99.7262148258632,0.565760517080403,0.3584295091264254,0.20733100795397755,224.82412827338862,0.46740983009020504,82.6161981932329,0.875,56.0,0.014388489208633094,6.0,0.9856115107913669,411.0,0.125,8.0,0.9032258064516129,0.875,0.8888888888888888,0.872292842180695,0.9362634892086331,0.8061806691426956,0.9708939708939709,0.110282460102604,0.889717539897396,0.029106029106029108,0.9705709724956781,0.9708939708939709,0.9706977864872602,0.872292842180695,0.9362634892086331,0.9581561010399771,0.9360712387028176,0.9708939708939709,0.0,0.052,0.0,0.05,0.0,50.0,1045673.0,1043348.0,161927.0,97.0893970893971,50.51975051975052,?
DatasetClassiRealeseNormalizedShuffled,2,4,weka.classifiers.lazy.IBk,'-K 1 -W 0 -A \"weka.core.neighboursearch.LinearNNSearch -A \\\"weka.core.EuclideanDistance -R first-last\\\"\"',-3080186098777067172,2.02604271336E7,4330.0,481.0,469.0,12.0,0.0,97.5051975051975,2.494802494802495,0.0,0.8889231006081133,0.026709972530407414,0.1592318208322139,11.580968687955625,46.88316335804087,272.1308087156738,150.5444926046451,121.58631611102874,0.565760517080403,0.31298231310737024,0.2527782039730327,231.323809585136,0.48092268105017877,85.00463827556784,0.875,56.0,0.009592326139088728,4.0,0.9904076738609112,413.0,0.125,8.0,0.9333333333333333,0.875,0.9032258064516129,0.8895330390341427,0.9284884592326139,0.8374420922985952,0.975051975051975,0.10964430119106379,0.8903556988089363,0.02494802494802495,0.9746555984085676,0.975051975051975,0.974709129378465,0.8895330390341426,0.9284884592326139,0.96216901091341,0.9444529986912003,0.975051975051975,0.0,0.051,0.0,0.05,0.0,50.0,1045673.0,1043348.0,161927.0,97.5051975051975,50.311850311850314,?
DatasetClassiRealeseNormalizedShuffled,2,5,weka.classifiers.lazy.IBk,'-K 1 -W 0 -A \"weka.core.neighboursearch.LinearNNSearch -A \\\"weka.core.EuclideanDistance -R first-last\\\"\"',-3080186098777067172,2.02604271336E7,4330.0,481.0,466.0,15.0,0.0,96.88149688149689,3.1185031185031185,0.0,0.8620907162107921,0.03568386602478291,0.180897751873649,15.471889184002505,53.26233668539976,272.1308087156738,186.10880994049157,86.02199877518225,0.565760517080403,0.3869206027868848,0.1788399142935182,218.79828765577648,0.4548820949184542,80.40188051047909,0.859375,55.0,0.014388489208633094,6.0,0.9856115107913669,411.0,0.140625,9.0,0.9016393442622951,0.859375,0.88,0.8624188249903527,0.9240295263788969,0.7914994029062951,0.9688149688149689,0.12382845802360191,0.8761715419763981,0.031185031185031187,0.9683351429253069,0.9688149688149689,0.9684966355934097,0.8624188249903527,0.9240295263788969,0.9543271765575526,0.9310394265232975,0.9688149688149689,0.0,0.052,0.0,0.05,0.0,50.0,1045673.0,1043348.0,161927.0,96.88149688149689,50.727650727650726,?
DatasetClassiRealeseNormalizedShuffled,2,6,weka.classifiers.lazy.IBk,'-K 1 -W 0 -A \"weka.core.neighboursearch.LinearNNSearch -A \\\"weka.core.EuclideanDistance -R first-last\\\"\"',-3080186098777067172,2.02604271336E7,4330.0,481.0,470.0,11.0,0.0,97.71309771309771,2.286902286902287,0.0,0.9002131150632746,0.024878872867506712,0.15087095740918546,10.78703646520857,44.4214460729691,272.1308087156738,125.78804014624698,146.34276856942682,0.565760517080403,0.2615135969776445,0.30424692010275844,235.75965334856986,0.4901448094564862,86.6346792784109,0.90625,58.0,0.011990407673860911,5.0,0.988009592326139,412.0,0.09375,6.0,0.9206349206349206,0.90625,0.9133858267716536,0.9002501578546853,0.958914118705036,0.8561271755205578,0.9771309771309772,0.08287138480483805,0.917128615195162,0.02286902286902287,0.9769958191010824,0.9771309771309772,0.9770546356335407,0.9002501578546853,0.958914118705036,0.970393787261224,0.9501060870385214,0.9771309771309772,0.0,0.052,0.0,0.05,0.0,50.0,1045673.0,1043348.0,161927.0,97.92099792099792,50.83160083160083,?
DatasetClassiRealeseNormalizedShuffled,2,7,weka.classifiers.lazy.IBk,'-K 1 -W 0 -A \"weka.core.neighboursearch.LinearNNSearch -A \\\"weka.core.EuclideanDistance -R first-last\\\"\"',-3080186098777067172,2.02604271336E7,4330.0,481.0,466.0,15.0,0.0,96.88149688149689,3.1185031185031185,0.0,0.8657149770142756,0.03520081655917319,0.18003174498148783,15.262447533338456,53.00735534823875,272.1308087156738,185.59054434279395,86.54026437287988,0.565760517080403,0.38584312753179617,0.1799173895486068,218.71013401550735,0.45469882331706307,80.36948666257734,0.890625,57.0,0.019184652278177457,8.0,0.9808153477218226,409.0,0.109375,7.0,0.8769230769230769,0.890625,0.883720930232558,0.8657496701598532,0.9433078537170264,0.7947786766950371,0.9688149688149689,0.09737462109314628,0.9026253789068538,0.031185031185031187,0.9690358627858626,0.9688149688149689,0.9689171225227509,0.8657496701598532,0.9433078537170264,0.9585814517092484,0.9328568636757029,0.9688149688149689,0.0,0.051,0.0,0.05,0.0,50.0,1045673.0,1043348.0,161927.0,96.88149688149689,50.727650727650726,?
DatasetClassiRealeseNormalizedShuffled,2,8,weka.classifiers.lazy.IBk,'-K 1 -W 0 -A \"weka.core.neighboursearch.LinearNNSearch -A \\\"weka.core.EuclideanDistance -R first-last\\\"\"',-3080186098777067172,2.02604271336E7,4330.0,481.0,462.0,19.0,0.0,96.04989604989605,3.95010395010395,0.0,0.8276408351092924,0.03737767393006164,0.1867947423562802,16.206294144251462,54.998607530467424,272.1308087156738,188.51648229858344,83.61432641709038,0.565760517080403,0.3919261586249136,0.17383435845548936,214.9533632596599,0.44688848910532203,78.98898484671254,0.84375,54.0,0.02158273381294964,9.0,0.9784172661870504,408.0,0.15625,10.0,0.8571428571428571,0.84375,0.8503937007874015,0.8276748916302482,0.9332284172661871,0.7956992234791163,0.9604989604989606,0.13833169431191014,0.8616683056880898,0.0395010395010395,0.9602516970938022,0.9604989604989606,0.9603670979124797,0.8276748916302481,0.9333258704886404,0.955797804459098,0.9138196048847187,0.9604989604989606,0.0,0.052,0.0,0.05,0.0,50.0,1045673.0,1043348.0,161927.0,96.88149688149689,50.51975051975052,?
DatasetClassiRealeseNormalizedShuffled,2,9,weka.classifiers.lazy.IBk,'-K 1 -W 0 -A \"weka.core.neighboursearch.LinearNNSearch -A \\\"weka.core.EuclideanDistance -R first-last\\\"\"',-3080186098777067172,2.02604271336E7,4330.0,481.0,467.0,14.0,0.0,97.0893970893971,2.9106029106029108,0.0,0.8721473324473135,0.029621651229474338,0.16290981121072853,12.843420747945334,47.96608650018658,272.1308087156738,150.0136362800254,122.11717243564843,0.565760517080403,0.3118786617048345,0.25388185537556845,226.10595322017622,0.4700747468194932,83.08723083846598,0.875,56.0,0.014388489208633094,6.0,0.9856115107913669,411.0,0.125,8.0,0.9032258064516129,0.875,0.8888888888888888,0.872292842180695,0.9396170563549161,0.8279448187997368,0.9708939708939709,0.110282460102604,0.889717539897396,0.029106029106029108,0.9705709724956781,0.9708939708939709,0.9706977864872602,0.872292842180695,0.9396170563549161,0.9618316279150406,0.9360712387028176,0.9708939708939709,0.0,0.051,0.0,0.05,0.0,50.0,1045673.0,1043348.0,161927.0,97.5051975051975,50.83160083160083,?
DatasetClassiRealeseNormalizedShuffled,2,10,weka.classifiers.lazy.IBk,'-K 1 -W 0 -A \"weka.core.neighboursearch.LinearNNSearch -A \\\"weka.core.EuclideanDistance -R first-last\\\"\"',-3080186098777067172,2.02604271336E7,4330.0,481.0,456.0,25.0,0.0,94.8024948024948,5.197505197505198,0.0,0.7701511936846533,0.052645756074745295,0.22450743613629345,22.826262811063817,66.1024834638037,272.1308087156738,284.7902944146663,-12.659485698992455,0.565760517080403,0.5920796141677054,-0.0263190970873024,193.51683800369267,0.4023219085315856,71.11169768575591,0.78125,50.0,0.026378896882494004,11.0,0.973621103117506,406.0,0.21875,14.0,0.819672131147541,0.78125,0.8,0.7704443105962328,0.8914680755395683,0.6892293974832145,0.9480249480249481,0.19315384490744203,0.806846155092558,0.05197505197505198,0.9471081421901095,0.9480249480249481,0.9474943926556829,0.7704443105962328,0.8914680755395683,0.9323578978889601,0.8850657108721625,0.9480249480249481,0.0,0.052,0.0,0.05,0.0,50.0,1045673.0,1043348.0,161927.0,95.21829521829522,50.62370062370062,?
DatasetClassiRealeseNormalizedShuffled,3,1,weka.classifiers.lazy.IBk,'-K 1 -W 0 -A \"weka.core.neighboursearch.LinearNNSearch -A \\\"weka.core.EuclideanDistance -R first-last\\\"\"',-3080186098777067172,2.02604271336E7,4329.0,482.0,469.0,13.0,0.0,97.30290456431536,2.6970954356846475,0.0,0.8836570240261428,0.029286436990880467,0.16623565310520663,12.708000874853742,48.98837092251153,272.3366817903761,163.58262080516704,108.75406098520904,0.565013862635635,0.3393830307161142,0.22563083191952082,229.40101411005986,0.47593571392128603,84.23434280022373,0.90625,58.0,0.01674641148325359,7.0,0.9832535885167464,411.0,0.09375,6.0,0.8923076923076924,0.90625,0.8992248062015504,0.883692413447335,0.9349207535885168,0.8053953379637476,0.9730290456431535,0.08352545712640712,0.9164745428735929,0.026970954356846474,0.9732226220300491,0.9730290456431535,0.973117433953862,0.883692413447335,0.9349207535885168,0.9607512978346912,0.9418279719630507,0.9730290456431535,0.001,0.051,0.0,0.05,0.0,50.0,1045452.0,1043119.0,162156.0,97.30290456431536,50.518672199170126,?
DatasetClassiRealeseNormalizedShuffled,3,2,weka.classifiers.lazy.IBk,'-K 1 -W 0 -A \"weka.core.neighboursearch.LinearNNSearch -A \\\"weka.core.EuclideanDistance -R first-last\\\"\"',-3080186098777067172,2.02604271336E7,4330.0,481.0,466.0,15.0,0.0,96.88149688149689,3.1185031185031185,0.0,0.8582319768926967,0.03310478762127537,0.1757367459594875,14.438521557914182,52.08826102212609,269.42867131105754,173.85054734751506,95.57812396354248,0.5601427677984564,0.3614356493711332,0.19870711842732325,220.04983657829192,0.4574840677303366,81.67276166545864,0.8412698412698413,53.0,0.011961722488038277,5.0,0.9880382775119617,413.0,0.15873015873015872,10.0,0.9137931034482759,0.8412698412698413,0.8760330578512397,0.8591918567453214,0.9276790461000988,0.7972074489819267,0.9688149688149689,0.1395068500331658,0.8604931499668342,0.031185031185031187,0.9681645921557881,0.9688149688149689,0.9682633522218431,0.8591918567453214,0.9276790461000987,0.9554027195405035,0.9290985741099242,0.9688149688149689,0.0,0.052,0.0,0.05,0.0,50.0,1045673.0,1043348.0,161927.0,97.0893970893971,50.41580041580042,?
DatasetClassiRealeseNormalizedShuffled,3,3,weka.classifiers.lazy.IBk,'-K 1 -W 0 -A \"weka.core.neighboursearch.LinearNNSearch -A \\\"weka.core.EuclideanDistance -R first-last\\\"\"',-3080186098777067172,2.02604271336E7,4330.0,481.0,458.0,23.0,0.0,95.21829521829522,4.781704781704781,0.0,0.7885390981898811,0.05009439897169835,0.21464083554600905,21.72003978187341,63.197426893796404,272.1308087156738,251.22165123877198,20.90915747690184,0.565760517080403,0.5222903352157422,0.04347018186466079,197.2637397074074,0.41011172496342496,72.48857291770716,0.796875,51.0,0.023980815347721823,10.0,0.9760191846522782,407.0,0.203125,13.0,0.8360655737704918,0.796875,0.816,0.7888392134750568,0.9145496103117506,0.7207639827259662,0.9521829521829522,0.17928876753067402,0.820711232469326,0.04781704781704782,0.951353542337149,0.9521829521829522,0.9516948412432282,0.7888392134750568,0.9145496103117506,0.9414335225929145,0.8942604540023895,0.9521829521829522,0.0,0.051,0.0,0.05,0.0,50.0,1045673.0,1043348.0,161927.0,95.84199584199584,51.24740124740125,?
DatasetClassiRealeseNormalizedShuffled,3,4,weka.classifiers.lazy.IBk,'-K 1 -W 0 -A \"weka.core.neighboursearch.LinearNNSearch -A \\\"weka.core.EuclideanDistance -R first-last\\\"\"',-3080186098777067172,2.02604271336E7,4330.0,481.0,467.0,14.0,0.0,97.0893970893971,2.9106029106029108,0.0,0.8754853740616102,0.030456505226949773,0.17139393070726536,13.205398581983568,50.46409448770061,272.1308087156738,173.36564594819347,98.76516276748035,0.565760517080403,0.36042753835383257,0.20533297872657036,226.48924680566083,0.47087161498058383,83.2280798615125,0.90625,58.0,0.019184652278177457,8.0,0.9808153477218226,409.0,0.09375,6.0,0.8787878787878788,0.90625,0.8923076923076922,0.875623911333405,0.9481227517985612,0.8011220489781535,0.9708939708939709,0.08382862317214836,0.9161713768278517,0.029106029106029108,0.971337855675205,0.9708939708939709,0.9710828802174954,0.875623911333405,0.9481227517985611,0.9605352577121781,0.9377403846153846,0.9708939708939709,0.0,0.051,0.0,0.05,0.0,50.0,1045673.0,1043348.0,161927.0,97.0893970893971,50.311850311850314,?
DatasetClassiRealeseNormalizedShuffled,3,5,weka.classifiers.lazy.IBk,'-K 1 -W 0 -A \"weka.core.neighboursearch.LinearNNSearch -A \\\"weka.core.EuclideanDistance -R first-last\\\"\"',-3080186098777067172,2.02604271336E7,4330.0,481.0,460.0,21.0,0.0,95.63409563409563,4.365904365904366,0.0,0.8168150740828062,0.04691484566187902,0.2105164383341229,20.341442058465656,61.983066678434305,272.1308087156738,259.24672295819244,12.884085757481387,0.565760517080403,0.5389744760045581,0.02678604107584488,201.31217435252864,0.41852842900733606,73.97625256126824,0.875,56.0,0.03117505995203837,13.0,0.9688249400479616,404.0,0.125,8.0,0.8115942028985508,0.875,0.8421052631578948,0.8175931013113732,0.9157299160671463,0.7239681108239084,0.9563409563409564,0.11251601629299471,0.8874839837070053,0.04365904365904366,0.9580975916982671,0.9563409563409564,0.9570299532841593,0.8175931013113732,0.9157299160671463,0.9448167168397281,0.9083867690940257,0.9563409563409564,0.0,0.052,0.0,0.05,0.0,50.0,1045673.0,1043348.0,161927.0,95.63409563409563,50.83160083160083,?
DatasetClassiRealeseNormalizedShuffled,3,6,weka.classifiers.lazy.IBk,'-K 1 -W 0 -A \"weka.core.neighboursearch.LinearNNSearch -A \\\"weka.core.EuclideanDistance -R first-last\\\"\"',-3080186098777067172,2.02604271336E7,4330.0,481.0,472.0,9.0,0.0,98.12889812889813,1.8711018711018712,0.0,0.9194289862085655,0.022995317572079656,0.14211097196587455,9.970360413837094,41.84221394206503,272.1308087156738,112.42777793887873,159.7030307767951,0.565760517080403,0.23373758407251297,0.33202293300789,236.51423638066083,0.491713589148983,86.91196615954435,0.9375,60.0,0.011990407673860911,5.0,0.988009592326139,412.0,0.0625,4.0,0.9230769230769231,0.9375,0.9302325581395349,0.9194658319193522,0.9667078836930456,0.8737552655338588,0.9812889812889813,0.0557793889628422,0.9442206110371578,0.018711018711018712,0.9814289141212219,0.9812889812889813,0.9813502735136505,0.919465831919352,0.9667078836930455,0.9746777104751363,0.9597141182054216,0.9812889812889813,0.0,0.051,0.0,0.05,0.0,50.0,1045673.0,1043348.0,161927.0,98.12889812889813,50.62370062370062,?
DatasetClassiRealeseNormalizedShuffled,3,7,weka.classifiers.lazy.IBk,'-K 1 -W 0 -A \"weka.core.neighboursearch.LinearNNSearch -A \\\"weka.core.EuclideanDistance -R first-last\\\"\"',-3080186098777067172,2.02604271336E7,4330.0,481.0,465.0,16.0,0.0,96.67359667359668,3.3264033264033266,0.0,0.8576975703561259,0.034702826532724905,0.18145811748271937,15.046527921416496,53.42732702623092,272.1308087156738,179.95149884560206,92.17930987007176,0.565760517080403,0.3741195402195469,0.19164097686085604,220.9783144233773,0.4594143751005765,81.20297568154386,0.890625,57.0,0.02158273381294964,9.0,0.9784172661870504,408.0,0.109375,7.0,0.8636363636363636,0.890625,0.8769230769230768,0.8578332928763902,0.9520008992805755,0.7943613735376143,0.9667359667359667,0.09769370054891638,0.9023062994510836,0.033264033264033266,0.9672328322930732,0.9667359667359667,0.9669518631057094,0.8578332928763902,0.9520008992805755,0.9613701269649972,0.9288461538461539,0.9667359667359667,0.0,0.052,0.0,0.05,0.0,50.0,1045673.0,1043348.0,161927.0,97.0893970893971,50.62370062370062,?
DatasetClassiRealeseNormalizedShuffled,3,8,weka.classifiers.lazy.IBk,'-K 1 -W 0 -A \"weka.core.neighboursearch.LinearNNSearch -A \\\"weka.core.EuclideanDistance -R first-last\\\"\"',-3080186098777067172,2.02604271336E7,4330.0,481.0,460.0,21.0,0.0,95.63409563409563,4.365904365904366,0.0,0.8042859080428593,0.0460213627399151,0.20947927244937245,19.954043766284432,61.677690420409974,272.1308087156738,246.80317171456736,25.327637001106467,0.565760517080403,0.5131043070988927,0.05265620998151033,204.10747732998502,0.4243398697089086,75.00344348854651,0.796875,51.0,0.019184652278177457,8.0,0.9808153477218226,409.0,0.203125,13.0,0.864406779661017,0.796875,0.8292682926829269,0.8051605575624968,0.9085731414868106,0.7307966278028802,0.9563409563409564,0.17865060861913382,0.8213493913808663,0.04365904365904366,0.9552516888447485,0.9563409563409564,0.9555836699067607,0.8051605575624968,0.9085731414868106,0.9410158222916319,0.9021192476525481,0.9563409563409564,0.0,0.052,0.0,0.05,0.0,50.0,1045673.0,1043348.0,161927.0,95.84199584199584,50.727650727650726,?
DatasetClassiRealeseNormalizedShuffled,3,9,weka.classifiers.lazy.IBk,'-K 1 -W 0 -A \"weka.core.neighboursearch.LinearNNSearch -A \\\"weka.core.EuclideanDistance -R first-last\\\"\"',-3080186098777067172,2.02604271336E7,4330.0,481.0,469.0,12.0,0.0,97.5051975051975,2.494802494802495,0.0,0.8889231006081133,0.026018693379897845,0.15836927919355062,11.281242352124542,46.629202307182986,272.1308087156738,145.77424819254526,126.35656052312856,0.565760517080403,0.30306496505726666,0.2626955520231363,233.34532350046186,0.4851254126828729,85.74748467538066,0.875,56.0,0.009592326139088728,4.0,0.9904076738609112,413.0,0.125,8.0,0.9333333333333333,0.875,0.9032258064516129,0.8895330390341427,0.9418465227817746,0.835893699483686,0.975051975051975,0.10964430119106379,0.8903556988089363,0.02494802494802495,0.9746555984085676,0.975051975051975,0.974709129378465,0.8895330390341426,0.9418465227817745,0.9631803645831534,0.9444529986912003,0.975051975051975,0.001,0.051,0.0,0.05,0.0,50.0,1045673.0,1043348.0,161927.0,97.5051975051975,50.311850311850314,?
DatasetClassiRealeseNormalizedShuffled,3,10,weka.classifiers.lazy.IBk,'-K 1 -W 0 -A \"weka.core.neighboursearch.LinearNNSearch -A \\\"weka.core.EuclideanDistance -R first-last\\\"\"',-3080186098777067172,2.02604271336E7,4330.0,481.0,464.0,17.0,0.0,96.46569646569647,3.5343035343035343,0.0,0.845783905097788,0.0374464507227223,0.1880685723965768,16.236114537415638,55.37366561595232,272.1308087156738,202.9238279563889,69.20698075928493,0.565760517080403,0.42187906020039273,0.14388145688001025,216.27549902486064,0.4496372121098974,79.4748305219746,0.859375,55.0,0.019184652278177457,8.0,0.9808153477218226,409.0,0.140625,9.0,0.873015873015873,0.859375,0.8661417322834646,0.8458187081863575,0.9285071942446043,0.7693056687178782,0.9646569646569647,0.12446661693514212,0.875533383064858,0.035343035343035345,0.9644377275956224,0.9646569646569647,0.964538982342745,0.8458187081863575,0.9285071942446043,0.9521349338140697,0.9228912254231695,0.9646569646569647,0.0,0.051,0.0,0.05,0.0,50.0,1045673.0,1043348.0,161927.0,96.67359667359668,50.51975051975052,?
DatasetClassiRealeseNormalizedShuffled,4,1,weka.classifiers.lazy.IBk,'-K 1 -W 0 -A \"weka.core.neighboursearch.LinearNNSearch -A \\\"weka.core.EuclideanDistance -R first-last\\\"\"',-3080186098777067172,2.02604271336E7,4329.0,482.0,464.0,18.0,0.0,96.2655601659751,3.7344398340248963,0.0,0.8356693688915828,0.03792101801217161,0.19234837672251376,16.454727156604292,56.68359012769659,272.3366817903761,213.89934052435166,58.43734126602442,0.565013862635635,0.4437745654032192,0.1212392972324158,215.3354900851824,0.44675412880743237,79.06958719976296,0.84375,54.0,0.019138755980861243,8.0,0.9808612440191388,410.0,0.15625,10.0,0.8709677419354839,0.84375,0.8571428571428571,0.8358087054642855,0.9240430622009569,0.7608839990034557,0.9626556016597511,0.1380443576406123,0.8619556423593878,0.03734439834024896,0.9622189928039212,0.9626556016597511,0.9624037812671091,0.8358087054642855,0.9240430622009569,0.9505304695454332,0.9178315717695191,0.9626556016597511,0.001,0.051,0.0,0.05,0.0,50.0,1045444.0,1043119.0,162156.0,96.47302904564316,50.31120331950208,?
DatasetClassiRealeseNormalizedShuffled,4,2,weka.classifiers.lazy.IBk,'-K 1 -W 0 -A \"weka.core.neighboursearch.LinearNNSearch -A \\\"weka.core.EuclideanDistance -R first-last\\\"\"',-3080186098777067172,2.02604271336E7,4330.0,481.0,471.0,10.0,0.0,97.92099792099792,2.079002079002079,0.0,0.9110708475077651,0.02334072808936327,0.14709237156553298,10.17996579682336,43.598086459591705,269.42867131105754,125.004407040293,144.42426427076452,0.5601427677984564,0.2598844221211913,0.3002583456772651,234.6731253177837,0.4878859154215877,87.10027933398807,0.9523809523809523,60.0,0.01674641148325359,7.0,0.9832535885167464,411.0,0.047619047619047616,3.0,0.8955223880597015,0.9523809523809523,0.923076923076923,0.911647803690966,0.9689944558365611,0.8571226924220989,0.9792099792099792,0.043575438312280425,0.9564245616877195,0.02079002079002079,0.9800185549698852,0.9792099792099792,0.9794798496721573,0.911647803690966,0.9689944558365611,0.974151917264076,0.9555288461538461,0.9792099792099792,0.0,0.051,0.0,0.05,0.0,50.0,1045673.0,1043348.0,161927.0,97.92099792099792,50.41580041580042,?
DatasetClassiRealeseNormalizedShuffled,4,3,weka.classifiers.lazy.IBk,'-K 1 -W 0 -A \"weka.core.neighboursearch.LinearNNSearch -A \\\"weka.core.EuclideanDistance -R first-last\\\"\"',-3080186098777067172,2.02604271336E7,4330.0,481.0,462.0,19.0,0.0,96.04989604989605,3.95010395010395,0.0,0.8276408351092924,0.03990164909658765,0.19612645571124582,17.300644853127668,57.746175443367626,272.1308087156738,220.74596050825457,51.38484820741925,0.565760517080403,0.45893131082797206,0.10682920625243088,212.6272139808405,0.44205241991858735,78.13419398719991,0.84375,54.0,0.02158273381294964,9.0,0.9784172661870504,408.0,0.15625,10.0,0.8571428571428571,0.84375,0.8503937007874015,0.8276748916302482,0.9201139088729017,0.7561131559142998,0.9604989604989606,0.13833169431191014,0.8616683056880898,0.0395010395010395,0.9602516970938022,0.9604989604989606,0.9603670979124797,0.8276748916302481,0.9201139088729017,0.9474294958665748,0.9138196048847187,0.9604989604989606,0.0,0.052,0.01,0.05,10.0,50.0,1045673.0,1043348.0,161927.0,96.25779625779626,50.311850311850314,?
DatasetClassiRealeseNormalizedShuffled,4,4,weka.classifiers.lazy.IBk,'-K 1 -W 0 -A \"weka.core.neighboursearch.LinearNNSearch -A \\\"weka.core.EuclideanDistance -R first-last\\\"\"',-3080186098777067172,2.02604271336E7,4330.0,481.0,459.0,22.0,0.0,95.42619542619542,4.573804573804574,0.0,0.7990886652743497,0.04700360647806093,0.2081903988225928,20.379927168540174,61.29820300089567,272.1308087156738,241.6709155882818,30.459893127392036,0.565760517080403,0.5024343359423737,0.06332618113802918,202.1512080950877,0.42027278190246925,74.2845725734414,0.8125,52.0,0.023980815347721823,10.0,0.9760191846522782,407.0,0.1875,12.0,0.8387096774193549,0.8125,0.8253968253968254,0.799221985843371,0.8971260491606715,0.7286381275858954,0.9542619542619543,0.1657427696096761,0.834257230390324,0.04573804573804574,0.9537103920813212,0.9542619542619543,0.9539536644799803,0.799221985843371,0.8971260491606714,0.9420558374591131,0.8995405179615705,0.9542619542619543,0.0,0.051,0.0,0.05,0.0,50.0,1045673.0,1043348.0,161927.0,96.04989604989605,51.03950103950104,?
DatasetClassiRealeseNormalizedShuffled,4,5,weka.classifiers.lazy.IBk,'-K 1 -W 0 -A \"weka.core.neighboursearch.LinearNNSearch -A \\\"weka.core.EuclideanDistance -R first-last\\\"\"',-3080186098777067172,2.02604271336E7,4330.0,481.0,459.0,22.0,0.0,95.42619542619542,4.573804573804574,0.0,0.7990886652743497,0.049030743755015226,0.21585483233343405,21.258857811537627,63.55486807234676,272.1308087156738,270.4884703214504,1.6423383942234295,0.565760517080403,0.5623460921443875,0.003414424936015446,199.80137366186335,0.41538747123048514,73.42107812225653,0.8125,52.0,0.023980815347721823,10.0,0.9760191846522782,407.0,0.1875,12.0,0.8387096774193549,0.8125,0.8253968253968254,0.799221985843371,0.9022781774580336,0.6884672997784893,0.9542619542619543,0.1657427696096761,0.834257230390324,0.04573804573804574,0.9537103920813212,0.9542619542619543,0.9539536644799803,0.799221985843371,0.9022781774580336,0.9343559949844532,0.8995405179615705,0.9542619542619543,0.0,0.052,0.0,0.05,0.0,50.0,1045673.0,1043348.0,161927.0,95.42619542619542,50.727650727650726,?
DatasetClassiRealeseNormalizedShuffled,4,6,weka.classifiers.lazy.IBk,'-K 1 -W 0 -A \"weka.core.neighboursearch.LinearNNSearch -A \\\"weka.core.EuclideanDistance -R first-last\\\"\"',-3080186098777067172,2.02604271336E7,4330.0,481.0,470.0,11.0,0.0,97.71309771309771,2.286902286902287,0.0,0.9002131150632746,0.025097825627926687,0.15273248671139367,10.881970485064954,44.96954243910417,272.1308087156738,135.6375224182407,136.49328629743312,0.565760517080403,0.2819906910982135,0.2837698259821894,234.09734886303096,0.4866888749751163,86.02383168883286,0.90625,58.0,0.011990407673860911,5.0,0.988009592326139,412.0,0.09375,6.0,0.9206349206349206,0.90625,0.9133858267716536,0.9002501578546853,0.9520758393285371,0.8405398322851153,0.9771309771309772,0.08287138480483805,0.917128615195162,0.02286902286902287,0.9769958191010824,0.9771309771309772,0.9770546356335407,0.9002501578546853,0.9520758393285371,0.9667065231243838,0.9501060870385214,0.9771309771309772,0.0,0.052,0.01,0.05,10.0,50.0,1045673.0,1043348.0,161927.0,97.71309771309771,50.51975051975052,?
DatasetClassiRealeseNormalizedShuffled,4,7,weka.classifiers.lazy.IBk,'-K 1 -W 0 -A \"weka.core.neighboursearch.LinearNNSearch -A \\\"weka.core.EuclideanDistance -R first-last\\\"\"',-3080186098777067172,2.02604271336E7,4330.0,481.0,463.0,18.0,0.0,96.25779625779626,3.7422037422037424,0.0,0.8377922661870504,0.03996097638392157,0.19322599509797245,17.32636810897053,56.89218301876961,272.1308087156738,212.03809824604878,60.09271046962505,0.565760517080403,0.4408276470811825,0.12493286999922047,211.19056089700408,0.43906561517048665,77.60626659426093,0.859375,55.0,0.02158273381294964,9.0,0.9784172661870504,408.0,0.140625,9.0,0.859375,0.859375,0.859375,0.8377922661870504,0.9342963129496403,0.7584658226484451,0.9625779625779626,0.12478569639091222,0.8752143036090878,0.037422037422037424,0.9625779625779626,0.9625779625779626,0.9625779625779626,0.8377922661870504,0.9342963129496403,0.9516748592376494,0.9188961330935252,0.9625779625779626,0.0,0.051,0.0,0.05,0.0,50.0,1045673.0,1043348.0,161927.0,96.46569646569647,50.727650727650726,?
DatasetClassiRealeseNormalizedShuffled,4,8,weka.classifiers.lazy.IBk,'-K 1 -W 0 -A \"weka.core.neighboursearch.LinearNNSearch -A \\\"weka.core.EuclideanDistance -R first-last\\\"\"',-3080186098777067172,2.02604271336E7,4330.0,481.0,466.0,15.0,0.0,96.88149688149689,3.1185031185031185,0.0,0.8620907162107921,0.033111439387958866,0.17751769029267256,14.356530779975428,52.26713372638733,272.1308087156738,177.36431417304627,94.76649454262756,0.565760517080403,0.3687407779065411,0.19701973917386187,222.71350091638743,0.4630218314270009,81.84060524697212,0.859375,55.0,0.014388489208633094,6.0,0.9856115107913669,411.0,0.140625,9.0,0.9016393442622951,0.859375,0.88,0.8624188249903527,0.9308678057553957,0.8056709905335256,0.9688149688149689,0.12382845802360191,0.8761715419763981,0.031185031185031187,0.9683351429253069,0.9688149688149689,0.9684966355934097,0.8624188249903527,0.9308678057553957,0.9570677046793359,0.9310394265232975,0.9688149688149689,0.0,0.053,0.0,0.05,0.0,50.0,1045673.0,1043348.0,161927.0,97.0893970893971,50.41580041580042,?
DatasetClassiRealeseNormalizedShuffled,4,9,weka.classifiers.lazy.IBk,'-K 1 -W 0 -A \"weka.core.neighboursearch.LinearNNSearch -A \\\"weka.core.EuclideanDistance -R first-last\\\"\"',-3080186098777067172,2.02604271336E7,4330.0,481.0,471.0,10.0,0.0,97.92099792099792,2.079002079002079,0.0,0.9048504510207311,0.025287202187477008,0.14524735656974078,10.964080790640457,42.76567026485398,272.1308087156738,106.32299036709217,165.80781834858163,0.565760517080403,0.22104571801890266,0.34471479906150027,235.72237981477406,0.490067317702233,86.62098236038396,0.859375,55.0,0.002398081534772182,1.0,0.9976019184652278,416.0,0.140625,9.0,0.9821428571428571,0.859375,0.9166666666666665,0.9074833401766915,0.9503334832134293,0.8884438941779742,0.9792099792099792,0.12223306074475139,0.8777669392552486,0.02079002079002079,0.9792651863240098,0.9792099792099792,0.9786157434613489,0.9074833401766915,0.9503334832134293,0.9722888881368646,0.9523950910530482,0.9792099792099792,0.0,0.053,0.0,0.05,0.0,50.0,1045673.0,1043348.0,161927.0,98.33679833679834,51.351351351351354,?
DatasetClassiRealeseNormalizedShuffled,4,10,weka.classifiers.lazy.IBk,'-K 1 -W 0 -A \"weka.core.neighboursearch.LinearNNSearch -A \\\"weka.core.EuclideanDistance -R first-last\\\"\"',-3080186098777067172,2.02604271336E7,4330.0,481.0,469.0,12.0,0.0,97.5051975051975,2.494802494802495,0.0,0.8918615107913669,0.024771714872067793,0.15330276901607842,10.740574665653012,45.137452586152655,272.1308087156738,134.54138490913743,137.5894238065364,0.565760517080403,0.2797118189379157,0.2860486981424873,234.49703618572096,0.48751982574993963,86.17070492401572,0.90625,58.0,0.014388489208633094,6.0,0.9856115107913669,411.0,0.09375,6.0,0.90625,0.90625,0.90625,0.8918615107913669,0.9541928956834532,0.849988553113553,0.975051975051975,0.08319046426060815,0.9168095357393918,0.02494802494802495,0.975051975051975,0.975051975051975,0.975051975051975,0.8918615107913669,0.9541928956834533,0.9682460660919885,0.9459307553956835,0.975051975051975,0.0,0.052,0.0,0.06,0.0,60.0,1045673.0,1043348.0,161927.0,97.71309771309771,50.311850311850314,?
DatasetClassiRealeseNormalizedShuffled,5,1,weka.classifiers.lazy.IBk,'-K 1 -W 0 -A \"weka.core.neighboursearch.LinearNNSearch -A \\\"weka.core.EuclideanDistance -R first-last\\\"\"',-3080186098777067172,2.02604271336E7,4329.0,482.0,471.0,11.0,0.0,97.71784232365145,2.2821576763485476,0.0,0.9015559434067361,0.021887015645071263,0.13890910942016058,9.49723635046877,40.93544826081253,272.3366817903761,93.97037324478904,178.36630854558703,0.565013862635635,0.19495928059084863,0.37005458204478636,238.65724105514835,0.4951395042637933,87.63316035364211,0.921875,59.0,0.014354066985645933,6.0,0.9856459330143541,412.0,0.078125,5.0,0.9076923076923077,0.921875,0.9147286821705427,0.9015920496585307,0.974861692583732,0.8991671943283693,0.9771784232365145,0.06965749022216045,0.9303425097778395,0.022821576763485476,0.9773450566071241,0.9771784232365145,0.9772532133455755,0.9015920496585307,0.9748616925837321,0.9802385460175945,0.9507775147379659,0.9771784232365145,0.0,0.053,0.0,0.05,0.0,50.0,1045444.0,1043119.0,162156.0,98.54771784232365,50.62240663900415,?
DatasetClassiRealeseNormalizedShuffled,5,2,weka.classifiers.lazy.IBk,'-K 1 -W 0 -A \"weka.core.neighboursearch.LinearNNSearch -A \\\"weka.core.EuclideanDistance -R first-last\\\"\"',-3080186098777067172,2.02604271336E7,4330.0,481.0,465.0,16.0,0.0,96.67359667359668,3.3264033264033266,0.0,0.8538771170350118,0.03705838481237628,0.18453566005031524,16.1628672606588,54.696253627041834,269.42867131105754,189.86336091443755,79.56531039661999,0.5601427677984564,0.39472632206743774,0.16541644573101869,211.96604567090034,0.44067784962765144,78.67241620554327,0.873015873015873,55.0,0.019138755980861243,8.0,0.9808612440191388,410.0,0.12698412698412698,8.0,0.873015873015873,0.873015873015873,0.8730158730158731,0.8538771170350118,0.9395648211437685,0.7765986777028613,0.9667359667359667,0.11285884970095496,0.8871411502990452,0.033264033264033266,0.9667359667359667,0.9667359667359667,0.9667359667359667,0.8538771170350119,0.9395648211437685,0.9560832827818145,0.926938558517506,0.9667359667359667,0.001,0.05,0.0,0.05,0.0,50.0,1045673.0,1043348.0,161927.0,96.88149688149689,50.83160083160083,?
DatasetClassiRealeseNormalizedShuffled,5,3,weka.classifiers.lazy.IBk,'-K 1 -W 0 -A \"weka.core.neighboursearch.LinearNNSearch -A \\\"weka.core.EuclideanDistance -R first-last\\\"\"',-3080186098777067172,2.02604271336E7,4330.0,481.0,462.0,19.0,0.0,96.04989604989605,3.95010395010395,0.0,0.8179445805693343,0.0415095315573942,0.19885433966115762,17.997794070009682,58.54935553750381,272.1308087156738,222.02734173402786,50.103466981645965,0.565760517080403,0.46159530506034896,0.10416521202005398,210.87876131115095,0.438417383183266,77.49168949535593,0.78125,50.0,0.011990407673860911,5.0,0.988009592326139,412.0,0.21875,14.0,0.9090909090909091,0.78125,0.8403361344537814,0.8210030879612951,0.9078050059952039,0.7546334182218178,0.9604989604989606,0.1912393681728214,0.8087606318271786,0.0395010395010395,0.9594128749058326,0.9604989604989606,0.9592160833525708,0.8210030879612951,0.9078050059952039,0.943895486261471,0.9088987908330592,0.9604989604989606,0.0,0.052,0.01,0.05,10.0,50.0,1045673.0,1043348.0,161927.0,96.25779625779626,50.62370062370062,?
DatasetClassiRealeseNormalizedShuffled,5,4,weka.classifiers.lazy.IBk,'-K 1 -W 0 -A \"weka.core.neighboursearch.LinearNNSearch -A \\\"weka.core.EuclideanDistance -R first-last\\\"\"',-3080186098777067172,2.02604271336E7,4330.0,481.0,465.0,16.0,0.0,96.67359667359668,3.3264033264033266,0.0,0.8518974674774844,0.03384890088274265,0.1814324224737959,14.676280958300815,53.41976155788076,272.1308087156738,185.9937601200407,86.13704859563313,0.565760517080403,0.38668141397097855,0.1790791031094244,221.35282450355578,0.4601929823358748,81.34059702693507,0.84375,54.0,0.014388489208633094,6.0,0.9856115107913669,411.0,0.15625,10.0,0.9,0.84375,0.870967741935484,0.8524820006053738,0.9254346522781774,0.7989119553025031,0.9667359667359667,0.13737445594459982,0.8626255440554002,0.033264033264033266,0.9661018957931073,0.9667359667359667,0.9662788391712868,0.8524820006053738,0.9254346522781774,0.9553365701578699,0.9259373315882671,0.9667359667359667,0.0,0.052,0.0,0.05,0.0,50.0,1045673.0,1043348.0,161927.0,96.88149688149689,50.311850311850314,?
DatasetClassiRealeseNormalizedShuffled,5,5,weka.classifiers.lazy.IBk,'-K 1 -W 0 -A \"weka.core.neighboursearch.LinearNNSearch -A \\\"weka.core.EuclideanDistance -R first-last\\\"\"',-3080186098777067172,2.02604271336E7,4330.0,481.0,463.0,18.0,0.0,96.25779625779626,3.7422037422037424,0.0,0.8399097666506417,0.03977307013693338,0.19176572732510305,17.2448953047524,56.46223144135182,272.1308087156738,215.49344086789594,56.63736784777788,0.565760517080403,0.44801131157566726,0.11774920550473572,212.48244215363982,0.44175143898885616,78.08099463506336,0.875,56.0,0.023980815347721823,10.0,0.9760191846522782,407.0,0.125,8.0,0.8484848484848485,0.875,0.8615384615384615,0.8400426744193754,0.9261653177458034,0.7613118813640898,0.9625779625779626,0.1115587779256844,0.8884412220743156,0.037422037422037424,0.9631278089109414,0.9625779625779626,0.9628208459939228,0.8400426744193753,0.9261653177458034,0.9514226487458102,0.9199519230769231,0.9625779625779626,0.001,0.051,0.0,0.05,0.0,50.0,1045681.0,1043348.0,161927.0,96.46569646569647,50.83160083160083,?
DatasetClassiRealeseNormalizedShuffled,5,6,weka.classifiers.lazy.IBk,'-K 1 -W 0 -A \"weka.core.neighboursearch.LinearNNSearch -A \\\"weka.core.EuclideanDistance -R first-last\\\"\"',-3080186098777067172,2.02604271336E7,4330.0,481.0,462.0,19.0,0.0,96.04989604989605,3.95010395010395,0.0,0.8179445805693343,0.04222443406334329,0.20070665742608057,18.307763072295707,59.09473971957249,272.1308087156738,232.80368372080815,39.32712499486567,0.565760517080403,0.4839993424549026,0.08176117462550035,208.06200164703353,0.43256133398551666,76.45661387219839,0.78125,50.0,0.011990407673860911,5.0,0.988009592326139,412.0,0.21875,14.0,0.9090909090909091,0.78125,0.8403361344537814,0.8210030879612951,0.8960956235011991,0.744314794681764,0.9604989604989606,0.1912393681728214,0.8087606318271786,0.0395010395010395,0.9594128749058326,0.9604989604989606,0.9592160833525708,0.8210030879612951,0.896095623501199,0.9407560865880584,0.9088987908330592,0.9604989604989606,0.001,0.051,0.0,0.05,0.0,50.0,1045673.0,1043348.0,161927.0,96.04989604989605,50.51975051975052,?
DatasetClassiRealeseNormalizedShuffled,5,7,weka.classifiers.lazy.IBk,'-K 1 -W 0 -A \"weka.core.neighboursearch.LinearNNSearch -A \\\"weka.core.EuclideanDistance -R first-last\\\"\"',-3080186098777067172,2.02604271336E7,4330.0,481.0,463.0,18.0,0.0,96.25779625779626,3.7422037422037424,0.0,0.8377922661870504,0.039112190966368504,0.19370945404548215,16.95834985914699,57.03452947122203,272.1308087156738,214.21131287554545,57.91949584012838,0.565760517080403,0.44534576481402377,0.12041475226637917,214.55890741451486,0.44606841458319096,78.84403402434639,0.859375,55.0,0.02158273381294964,9.0,0.9784172661870504,408.0,0.140625,9.0,0.859375,0.859375,0.859375,0.8377922661870504,0.9264088729016786,0.7646884270152027,0.9625779625779626,0.12478569639091222,0.8752143036090878,0.037422037422037424,0.9625779625779626,0.9625779625779626,0.9625779625779626,0.8377922661870504,0.9264088729016786,0.951077231007892,0.9188961330935252,0.9625779625779626,0.0,0.052,0.0,0.05,0.0,50.0,1045673.0,1043348.0,161927.0,96.46569646569647,50.51975051975052,?
DatasetClassiRealeseNormalizedShuffled,5,8,weka.classifiers.lazy.IBk,'-K 1 -W 0 -A \"weka.core.neighboursearch.LinearNNSearch -A \\\"weka.core.EuclideanDistance -R first-last\\\"\"',-3080186098777067172,2.02604271336E7,4330.0,481.0,469.0,12.0,0.0,97.5051975051975,2.494802494802495,0.0,0.8918615107913669,0.027172148922928536,0.15939176108421343,11.781360145640802,46.930255107182646,272.1308087156738,148.714926278961,123.41588243671282,0.565760517080403,0.30917864091260083,0.25658187616780215,230.98386731736815,0.48021594036874876,84.8797195758542,0.90625,58.0,0.014388489208633094,6.0,0.9856115107913669,411.0,0.09375,6.0,0.90625,0.90625,0.90625,0.8918615107913669,0.9508393285371702,0.8268299932065217,0.975051975051975,0.08319046426060815,0.9168095357393918,0.02494802494802495,0.975051975051975,0.975051975051975,0.975051975051975,0.8918615107913669,0.9508393285371702,0.9648953483114316,0.9459307553956835,0.975051975051975,0.0,0.051,0.0,0.05,0.0,50.0,1045673.0,1043348.0,161927.0,97.5051975051975,50.51975051975052,?
DatasetClassiRealeseNormalizedShuffled,5,9,weka.classifiers.lazy.IBk,'-K 1 -W 0 -A \"weka.core.neighboursearch.LinearNNSearch -A \\\"weka.core.EuclideanDistance -R first-last\\\"\"',-3080186098777067172,2.02604271336E7,4330.0,481.0,469.0,12.0,0.0,97.5051975051975,2.494802494802495,0.0,0.8932731777670944,0.025953526162172585,0.15407028901311814,11.252987006406824,45.36343609380653,272.1308087156738,135.45696288203047,136.67384583364336,0.565760517080403,0.28161530744704877,0.28414520963335416,232.4128587588115,0.4831868165463856,85.40483154248065,0.921875,59.0,0.016786570743405275,7.0,0.9832134292565947,410.0,0.078125,5.0,0.8939393939393939,0.921875,0.9076923076923077,0.8934145297904198,0.9582209232613909,0.8473392942727055,0.975051975051975,0.06996354579538033,0.9300364542046197,0.02494802494802495,0.9754428790573368,0.975051975051975,0.975213897329282,0.8934145297904198,0.9582209232613909,0.9690185748846493,0.9466346153846154,0.975051975051975,0.0,0.051,0.0,0.06,0.0,60.0,1045673.0,1043348.0,161927.0,97.71309771309771,50.62370062370062,?
DatasetClassiRealeseNormalizedShuffled,5,10,weka.classifiers.lazy.IBk,'-K 1 -W 0 -A \"weka.core.neighboursearch.LinearNNSearch -A \\\"weka.core.EuclideanDistance -R first-last\\\"\"',-3080186098777067172,2.02604271336E7,4330.0,481.0,459.0,22.0,0.0,95.42619542619542,4.573804573804574,0.0,0.8043341592396731,0.04934497332070044,0.2168053335063152,21.395102158359308,63.83472734624875,272.1308087156738,271.5288350222626,0.6019736934111961,0.565760517080403,0.5645090125202965,0.0012515045601064368,199.23445265523804,0.4142088412790812,73.21275146887211,0.84375,54.0,0.02877697841726619,12.0,0.9712230215827338,405.0,0.15625,10.0,0.8181818181818182,0.84375,0.8307692307692308,0.8044614375053459,0.9075801858513189,0.7016062810077172,0.9542619542619543,0.13928893267922046,0.8607110673207796,0.04573804573804574,0.9549177621466779,0.9542619542619543,0.9545588117703503,0.8044614375053459,0.9075801858513189,0.9385912479034917,0.9021634615384616,0.9542619542619543,0.0,0.051,0.0,0.05,0.0,50.0,1045673.0,1043348.0,161927.0,95.42619542619542,50.62370062370062,?
DatasetClassiRealeseNormalizedShuffled,6,1,weka.classifiers.lazy.IBk,'-K 1 -W 0 -A \"weka.core.neighboursearch.LinearNNSearch -A \\\"weka.core.EuclideanDistance -R first-last\\\"\"',-3080186098777067172,2.02604271336E7,4329.0,482.0,455.0,27.0,0.0,94.39834024896265,5.601659751037344,0.0,0.7583645883619888,0.058778867055172074,0.23542314144943136,25.50538647608911,69.37739264493807,272.3366817903761,309.7143874803278,-37.37770568995171,0.565013862635635,0.6425609698761987,-0.07754710724056371,184.4190812146714,0.3826122016901896,67.71731226299624,0.796875,51.0,0.03349282296650718,14.0,0.9665071770334929,404.0,0.203125,13.0,0.7846153846153846,0.796875,0.7906976744186046,0.7583949599689642,0.9014466208133971,0.6702043105256177,0.9439834024896265,0.18060122545613375,0.8193987745438662,0.056016597510373446,0.9443655799905241,0.9439834024896265,0.9441669782118671,0.7583949599689641,0.9014466208133971,0.9316167883002591,0.8791811725386436,0.9439834024896265,0.0,0.052,0.0,0.05,0.0,50.0,1045444.0,1043119.0,162156.0,94.81327800829875,50.933609958506224,?
DatasetClassiRealeseNormalizedShuffled,6,2,weka.classifiers.lazy.IBk,'-K 1 -W 0 -A \"weka.core.neighboursearch.LinearNNSearch -A \\\"weka.core.EuclideanDistance -R first-last\\\"\"',-3080186098777067172,2.02604271336E7,4330.0,481.0,472.0,9.0,0.0,98.12889812889813,1.8711018711018712,0.0,0.9149391861356181,0.020526348424212186,0.13834480363837276,8.952485290610293,41.00531282530728,269.42867131105754,111.17762214497557,158.25104916608197,0.5601427677984564,0.2311385075779118,0.32900426022054463,237.84033592006386,0.4944705528483656,88.27580775376177,0.8888888888888888,56.0,0.004784688995215311,2.0,0.9952153110047847,416.0,0.1111111111111111,7.0,0.9655172413793104,0.8888888888888888,0.9256198347107438,0.9159624895253707,0.942222981696666,0.8760994872462464,0.9812889812889813,0.09718478139530771,0.9028152186046923,0.018711018711018712,0.9811025541032877,0.9812889812889813,0.9809580113331058,0.9159624895253707,0.9422229816966661,0.9703752918845351,0.9574591444659546,0.9812889812889813,0.001,0.051,0.0,0.05,0.0,50.0,1045673.0,1043348.0,161927.0,98.12889812889813,50.311850311850314,?
DatasetClassiRealeseNormalizedShuffled,6,3,weka.classifiers.lazy.IBk,'-K 1 -W 0 -A \"weka.core.neighboursearch.LinearNNSearch -A \\\"weka.core.EuclideanDistance -R first-last\\\"\"',-3080186098777067172,2.02604271336E7,4330.0,481.0,466.0,15.0,0.0,96.88149688149689,3.1185031185031185,0.0,0.8602042200306138,0.03239640308645218,0.17277810422203504,14.046503766317013,50.87164137543734,272.1308087156738,162.87461095047823,109.2561977651956,0.565760517080403,0.33861665478269903,0.22714386229770395,223.14579470666186,0.4639205711157211,81.99946039178819,0.84375,54.0,0.011990407673860911,5.0,0.988009592326139,412.0,0.15625,10.0,0.9152542372881356,0.84375,0.8780487804878049,0.8611396799215758,0.933134742206235,0.8182318124129823,0.9688149688149689,0.1370553764888297,0.8629446235111703,0.031185031185031187,0.9681803629911913,0.9688149688149689,0.9682740499334005,0.8611396799215757,0.933134742206235,0.9586578801900931,0.9300851768946772,0.9688149688149689,0.0,0.052,0.0,0.05,0.0,50.0,1045673.0,1043348.0,161927.0,97.29729729729729,50.62370062370062,?
DatasetClassiRealeseNormalizedShuffled,6,4,weka.classifiers.lazy.IBk,'-K 1 -W 0 -A \"weka.core.neighboursearch.LinearNNSearch -A \\\"weka.core.EuclideanDistance -R first-last\\\"\"',-3080186098777067172,2.02604271336E7,4330.0,481.0,465.0,16.0,0.0,96.67359667359668,3.3264033264033266,0.0,0.8538826656540726,0.03391265100026202,0.1815032826355573,14.703921874591718,53.44062515488087,272.1308087156738,190.21701091494558,81.91379780072825,0.565760517080403,0.395461561153733,0.17029895592666996,221.1867586522654,0.45984773108579086,81.27957275258917,0.859375,55.0,0.016786570743405275,7.0,0.9832134292565947,410.0,0.140625,9.0,0.8870967741935484,0.859375,0.8730158730158729,0.854025128096364,0.9369754196642686,0.7745728378199915,0.9667359667359667,0.12414753747937202,0.875852462520628,0.033264033264033266,0.9663558273920888,0.9667359667359667,0.9665117559854401,0.854025128096364,0.9369754196642686,0.95464638222538,0.9269385585175058,0.9667359667359667,0.001,0.052,0.0,0.05,0.0,50.0,1045673.0,1043348.0,161927.0,96.88149688149689,50.311850311850314,?
DatasetClassiRealeseNormalizedShuffled,6,5,weka.classifiers.lazy.IBk,'-K 1 -W 0 -A \"weka.core.neighboursearch.LinearNNSearch -A \\\"weka.core.EuclideanDistance -R first-last\\\"\"',-3080186098777067172,2.02604271336E7,4330.0,481.0,468.0,13.0,0.0,97.29729729729729,2.7027027027027026,0.0,0.8771633434829587,0.029598928696393995,0.16665133970223248,12.833568662031922,49.067717383757156,272.1308087156738,161.79678767192905,110.33402104374477,0.565760517080403,0.33637585794579844,0.2293846591346045,228.3980552282853,0.4748400316596368,83.92951033593512,0.84375,54.0,0.007194244604316547,3.0,0.9928057553956835,414.0,0.15625,10.0,0.9473684210526315,0.84375,0.8925619834710744,0.8790884008682217,0.9147931654676259,0.8215978663462505,0.972972972972973,0.1364172175772895,0.8635827824227105,0.02702702702702703,0.9725502563139107,0.972972972972973,0.9723036781733139,0.8790884008682217,0.9147931654676259,0.9573568727837486,0.9385520975619344,0.972972972972973,0.001,0.051,0.0,0.05,0.0,50.0,1045673.0,1043348.0,161927.0,97.29729729729729,50.51975051975052,?
DatasetClassiRealeseNormalizedShuffled,6,6,weka.classifiers.lazy.IBk,'-K 1 -W 0 -A \"weka.core.neighboursearch.LinearNNSearch -A \\\"weka.core.EuclideanDistance -R first-last\\\"\"',-3080186098777067172,2.02604271336E7,4330.0,481.0,469.0,12.0,0.0,97.5051975051975,2.494802494802495,0.0,0.8889231006081133,0.028138593592237908,0.160215431884022,12.200393352851021,47.17277128553725,272.1308087156738,139.04216757072348,133.08864114495034,0.565760517080403,0.28906895544848954,0.2766915616319134,231.9201765377674,0.4821625291845476,85.22378544065583,0.875,56.0,0.009592326139088728,4.0,0.9904076738609112,413.0,0.125,8.0,0.9333333333333333,0.875,0.9032258064516129,0.8895330390341427,0.9491531774580336,0.8459471091810095,0.975051975051975,0.10964430119106379,0.8903556988089363,0.02494802494802495,0.9746555984085676,0.975051975051975,0.974709129378465,0.8895330390341426,0.9491531774580336,0.96647653862155,0.9444529986912003,0.975051975051975,0.0,0.052,0.0,0.05,0.0,50.0,1045673.0,1043348.0,161927.0,97.71309771309771,50.83160083160083,?
DatasetClassiRealeseNormalizedShuffled,6,7,weka.classifiers.lazy.IBk,'-K 1 -W 0 -A \"weka.core.neighboursearch.LinearNNSearch -A \\\"weka.core.EuclideanDistance -R first-last\\\"\"',-3080186098777067172,2.02604271336E7,4330.0,481.0,468.0,13.0,0.0,97.29729729729729,2.7027027027027026,0.0,0.8820700450747792,0.028720853073096613,0.16530533186168136,12.452850700323522,48.671407744515776,272.1308087156738,158.35837997159436,113.77242874407946,0.565760517080403,0.32922740118834587,0.23653311589205708,228.90641987654757,0.47589692282026524,84.11631926457555,0.890625,57.0,0.014388489208633094,6.0,0.9856115107913669,411.0,0.109375,7.0,0.9047619047619048,0.890625,0.8976377952755906,0.882106341298576,0.9455560551558753,0.8253674396298804,0.972972972972973,0.09673646218160607,0.903263537818394,0.02702702702702703,0.9728097885992624,0.972972972972973,0.9728827512032754,0.8821063412985761,0.9455560551558753,0.9627769096509491,0.9410344665000707,0.972972972972973,0.0,0.052,0.01,0.05,10.0,50.0,1045673.0,1043348.0,161927.0,97.29729729729729,50.41580041580042,?
DatasetClassiRealeseNormalizedShuffled,6,8,weka.classifiers.lazy.IBk,'-K 1 -W 0 -A \"weka.core.neighboursearch.LinearNNSearch -A \\\"weka.core.EuclideanDistance -R first-last\\\"\"',-3080186098777067172,2.02604271336E7,4330.0,481.0,466.0,15.0,0.0,96.88149688149689,3.1185031185031185,0.0,0.8657149770142756,0.03315765220748117,0.17778871704989901,14.376567835994882,52.34693305083792,272.1308087156738,183.77282913490575,88.35797958076807,0.565760517080403,0.3820640938355629,0.18369642324484006,221.81972971448042,0.461163679240084,81.5121708421632,0.890625,57.0,0.019184652278177457,8.0,0.9808153477218226,409.0,0.109375,7.0,0.8769230769230769,0.890625,0.883720930232558,0.8657496701598532,0.9412095323741008,0.7957203656998739,0.9688149688149689,0.09737462109314628,0.9026253789068538,0.031185031185031187,0.9690358627858626,0.9688149688149689,0.9689171225227509,0.8657496701598532,0.9412095323741008,0.9580935751309155,0.9328568636757029,0.9688149688149689,0.001,0.051,0.0,0.05,0.0,50.0,1045673.0,1043348.0,161927.0,96.88149688149689,50.41580041580042,?
DatasetClassiRealeseNormalizedShuffled,6,9,weka.classifiers.lazy.IBk,'-K 1 -W 0 -A \"weka.core.neighboursearch.LinearNNSearch -A \\\"weka.core.EuclideanDistance -R first-last\\\"\"',-3080186098777067172,2.02604271336E7,4330.0,481.0,462.0,19.0,0.0,96.04989604989605,3.95010395010395,0.0,0.8321116928446773,0.042053995884378706,0.197843761247238,18.23386411146473,58.251807518406366,272.1308087156738,221.82408929521677,50.30671942045706,0.565760517080403,0.4611727428174985,0.10458777426290448,209.0941095323376,0.4347070884248183,76.83588290468138,0.875,56.0,0.026378896882494004,11.0,0.973621103117506,406.0,0.125,8.0,0.835820895522388,0.875,0.8549618320610687,0.8324042136752493,0.9384929556354916,0.7589968498585322,0.9604989604989606,0.11187785738145449,0.8881221426185455,0.0395010395010395,0.9614024247379211,0.9604989604989606,0.9608799609626352,0.8324042136752493,0.9384929556354916,0.9524803411157912,0.9160489064035788,0.9604989604989606,0.0,0.051,0.0,0.05,0.0,50.0,1045673.0,1043348.0,161927.0,96.25779625779626,50.935550935550935,?
DatasetClassiRealeseNormalizedShuffled,6,10,weka.classifiers.lazy.IBk,'-K 1 -W 0 -A \"weka.core.neighboursearch.LinearNNSearch -A \\\"weka.core.EuclideanDistance -R first-last\\\"\"',-3080186098777067172,2.02604271336E7,4330.0,481.0,465.0,16.0,0.0,96.67359667359668,3.3264033264033266,0.0,0.8576975703561259,0.033174633139561774,0.17389299400505479,14.383930465907511,51.19990214360757,272.1308087156738,168.09991768076208,104.03089103491175,0.565760517080403,0.3494800783383827,0.21628043874202027,222.48108809265725,0.4625386446832791,81.75520042830162,0.890625,57.0,0.02158273381294964,9.0,0.9784172661870504,408.0,0.109375,7.0,0.8636363636363636,0.890625,0.8769230769230768,0.8578332928763902,0.9419214628297362,0.8092391717444563,0.9667359667359667,0.09769370054891638,0.9023062994510836,0.033264033264033266,0.9672328322930732,0.9667359667359667,0.9669518631057094,0.8578332928763902,0.9419214628297362,0.9606456012828664,0.9288461538461539,0.9667359667359667,0.001,0.051,0.0,0.06,0.0,60.0,1045673.0,1043348.0,161927.0,97.29729729729729,50.83160083160083,?
DatasetClassiRealeseNormalizedShuffled,7,1,weka.classifiers.lazy.IBk,'-K 1 -W 0 -A \"weka.core.neighboursearch.LinearNNSearch -A \\\"weka.core.EuclideanDistance -R first-last\\\"\"',-3080186098777067172,2.02604271336E7,4329.0,482.0,461.0,21.0,0.0,95.64315352697095,4.356846473029045,0.0,0.8120613465037694,0.04362027248114713,0.20611757148270546,18.927753520320298,60.74126612930425,272.3366817903761,239.5955952749291,32.741086515446966,0.565013862635635,0.49708629725089026,0.06792756538474475,207.13874322523657,0.4297484299278767,76.05980283797248,0.84375,54.0,0.02631578947368421,11.0,0.9736842105263158,407.0,0.15625,10.0,0.8307692307692308,0.84375,0.8372093023255814,0.8120938686025517,0.9240991327751196,0.7400787411901006,0.9564315352697096,0.13899732474339377,0.8610026752566062,0.043568464730290454,0.956732883721749,0.9564315352697096,0.9565743163870079,0.8120938686025517,0.9240991327751197,0.9477578352971088,0.9060298008633896,0.9564315352697096,0.001,0.053,0.0,0.05,0.0,50.0,1045444.0,1043119.0,162156.0,96.05809128630706,50.4149377593361,?
DatasetClassiRealeseNormalizedShuffled,7,2,weka.classifiers.lazy.IBk,'-K 1 -W 0 -A \"weka.core.neighboursearch.LinearNNSearch -A \\\"weka.core.EuclideanDistance -R first-last\\\"\"',-3080186098777067172,2.02604271336E7,4330.0,481.0,463.0,18.0,0.0,96.25779625779626,3.7422037422037424,0.0,0.8237306079237754,0.04172567750617075,0.1962310986134045,18.198488420576414,58.16277426458037,269.42867131105754,222.54972716626014,46.8789441447974,0.5601427677984564,0.4626813454600003,0.09746142233845613,208.10517745588916,0.43265109658189016,77.23943277574573,0.7777777777777778,49.0,0.009569377990430622,4.0,0.9904306220095693,414.0,0.2222222222222222,14.0,0.9245283018867925,0.7777777777777778,0.8448275862068966,0.8277089435350989,0.8895344421660211,0.749504056936658,0.9625779625779626,0.19436956279061543,0.8056304372093847,0.037422037422037424,0.9616889518141503,0.9625779625779626,0.9611861141575009,0.8277089435350989,0.8895344421660211,0.9407960043148965,0.9117754952311079,0.9625779625779626,0.0,0.052,0.0,0.05,0.0,50.0,1045673.0,1043348.0,161927.0,96.25779625779626,51.03950103950104,?
DatasetClassiRealeseNormalizedShuffled,7,3,weka.classifiers.lazy.IBk,'-K 1 -W 0 -A \"weka.core.neighboursearch.LinearNNSearch -A \\\"weka.core.EuclideanDistance -R first-last\\\"\"',-3080186098777067172,2.02604271336E7,4330.0,481.0,466.0,15.0,0.0,96.88149688149689,3.1185031185031185,0.0,0.8639269750862836,0.03412461272128723,0.17981695833161918,14.795824704197537,52.94411498874095,272.1308087156738,184.86367532949902,87.2671333861748,0.565760517080403,0.3843319653419938,0.18142855173840916,222.14866246262272,0.46184753110732374,81.63304386998931,0.875,56.0,0.016786570743405275,7.0,0.9832134292565947,410.0,0.125,8.0,0.8888888888888888,0.875,0.8818897637795274,0.8639625247424667,0.9368442745803357,0.7861781973718449,0.9688149688149689,0.1106015395583741,0.889398460441626,0.031185031185031187,0.9686237580974424,0.9688149688149689,0.9687108667730102,0.8639625247424667,0.9368442745803358,0.9557126958416858,0.93196284596162,0.9688149688149689,0.0,0.054,0.0,0.05,0.0,50.0,1045673.0,1043348.0,161927.0,96.88149688149689,50.41580041580042,?
DatasetClassiRealeseNormalizedShuffled,7,4,weka.classifiers.lazy.IBk,'-K 1 -W 0 -A \"weka.core.neighboursearch.LinearNNSearch -A \\\"weka.core.EuclideanDistance -R first-last\\\"\"',-3080186098777067172,2.02604271336E7,4330.0,481.0,458.0,23.0,0.0,95.21829521829522,4.781704781704781,0.0,0.7967667860751357,0.04984389884223139,0.21905914271318067,21.611427384298572,64.49832401097993,272.1308087156738,271.91516045578425,0.21564825988957637,0.565760517080403,0.5653121838997593,4.483331806436099E-4,196.3114054779304,0.4081318201204374,72.13861833741852,0.84375,54.0,0.03117505995203837,13.0,0.9688249400479616,404.0,0.15625,10.0,0.8059701492537313,0.84375,0.8244274809160305,0.7970468817450308,0.9250224820143885,0.7142503050444969,0.9521829521829522,0.13960801213499055,0.8603919878650095,0.04781704781704782,0.9532424652476567,0.9521829521829522,0.9526441632705585,0.7970468817450308,0.9250224820143885,0.9433979491026049,0.898374991962227,0.9521829521829522,0.001,0.056,0.0,0.06,0.0,60.0,1045673.0,1043348.0,161927.0,95.42619542619542,50.51975051975052,?
DatasetClassiRealeseNormalizedShuffled,7,5,weka.classifiers.lazy.IBk,'-K 1 -W 0 -A \"weka.core.neighboursearch.LinearNNSearch -A \\\"weka.core.EuclideanDistance -R first-last\\\"\"',-3080186098777067172,2.02604271336E7,4330.0,481.0,462.0,19.0,0.0,96.04989604989605,3.95010395010395,0.0,0.8204695020135548,0.04209101327412888,0.1979400695403212,18.249914192801153,58.28016389474971,272.1308087156738,213.54015362272457,58.59065509294925,0.565760517080403,0.44395042333206775,0.12181009374833524,209.5670999624718,0.43569043651241535,77.00969285746345,0.796875,51.0,0.014388489208633094,6.0,0.9856115107913669,411.0,0.203125,13.0,0.8947368421052632,0.796875,0.8429752066115702,0.8222701368508051,0.9173036570743405,0.7623589047093583,0.9604989604989606,0.17801244970759358,0.8219875502924064,0.0395010395010395,0.9594132651481211,0.9604989604989606,0.9595207604071513,0.8222701368508051,0.9173036570743405,0.9473802215920438,0.910191527205904,0.9604989604989606,0.0,0.051,0.0,0.05,0.0,50.0,1045673.0,1043348.0,161927.0,96.46569646569647,50.935550935550935,?
DatasetClassiRealeseNormalizedShuffled,7,6,weka.classifiers.lazy.IBk,'-K 1 -W 0 -A \"weka.core.neighboursearch.LinearNNSearch -A \\\"weka.core.EuclideanDistance -R first-last\\\"\"',-3080186098777067172,2.02604271336E7,4330.0,481.0,467.0,14.0,0.0,97.0893970893971,2.9106029106029108,0.0,0.8721473324473135,0.0319292287605977,0.17240184734506236,13.843945293694913,50.760858791055014,272.1308087156738,163.98183327545695,108.14897544021687,0.565760517080403,0.3409185722982473,0.22484194478215566,224.14923535700837,0.4660067263139467,82.36819506577908,0.875,56.0,0.014388489208633094,6.0,0.9856115107913669,411.0,0.125,8.0,0.9032258064516129,0.875,0.8888888888888888,0.872292842180695,0.944806654676259,0.8178972592386462,0.9708939708939709,0.110282460102604,0.889717539897396,0.029106029106029108,0.9705709724956781,0.9708939708939709,0.9706977864872602,0.872292842180695,0.944806654676259,0.9619599649394135,0.9360712387028176,0.9708939708939709,0.0,0.051,0.0,0.05,0.0,50.0,1045673.0,1043348.0,161927.0,97.29729729729729,50.62370062370062,?
DatasetClassiRealeseNormalizedShuffled,7,7,weka.classifiers.lazy.IBk,'-K 1 -W 0 -A \"weka.core.neighboursearch.LinearNNSearch -A \\\"weka.core.EuclideanDistance -R first-last\\\"\"',-3080186098777067172,2.02604271336E7,4330.0,481.0,463.0,18.0,0.0,96.25779625779626,3.7422037422037424,0.0,0.8459430604982207,0.04001323086233818,0.19230285282623336,17.349024720753235,56.62037911862919,272.1308087156738,211.43753862680302,60.693270088870804,0.565760517080403,0.43957908238420584,0.1261814346961971,211.02579754663438,0.4387230718225247,77.54572095036735,0.921875,59.0,0.03117505995203837,13.0,0.9688249400479616,404.0,0.078125,5.0,0.8194444444444444,0.921875,0.8676470588235294,0.8479329957113222,0.9502023381294964,0.7654770122155289,0.9625779625779626,0.07187802253000095,0.928121977469999,0.037422037422037424,0.9653776401942661,0.9625779625779626,0.9634973902172307,0.8479329957113222,0.9502023381294965,0.9568137312346243,0.922927645634525,0.9625779625779626,0.0,0.052,0.0,0.05,0.0,50.0,1045673.0,1043348.0,161927.0,96.46569646569647,50.727650727650726,?
DatasetClassiRealeseNormalizedShuffled,7,8,weka.classifiers.lazy.IBk,'-K 1 -W 0 -A \"weka.core.neighboursearch.LinearNNSearch -A \\\"weka.core.EuclideanDistance -R first-last\\\"\"',-3080186098777067172,2.02604271336E7,4330.0,481.0,465.0,16.0,0.0,96.67359667359668,3.3264033264033266,0.0,0.8538826656540726,0.03504549153922977,0.18324547111717154,15.195101369265355,53.95358359972643,272.1308087156738,198.98883980560728,73.14196891006654,0.565760517080403,0.4136982116540692,0.15206230542633375,219.1403491839628,0.4555932415467002,80.527577975533,0.859375,55.0,0.016786570743405275,7.0,0.9832134292565947,410.0,0.140625,9.0,0.8870967741935484,0.859375,0.8730158730158729,0.854025128096364,0.9177532973621103,0.783542988880073,0.9667359667359667,0.12414753747937202,0.875852462520628,0.033264033264033266,0.9663558273920888,0.9667359667359667,0.9665117559854401,0.854025128096364,0.9177532973621103,0.952115933791976,0.9269385585175058,0.9667359667359667,0.0,0.052,0.0,0.06,0.0,60.0,1045673.0,1043348.0,161927.0,96.67359667359668,50.41580041580042,?
DatasetClassiRealeseNormalizedShuffled,7,9,weka.classifiers.lazy.IBk,'-K 1 -W 0 -A \"weka.core.neighboursearch.LinearNNSearch -A \\\"weka.core.EuclideanDistance -R first-last\\\"\"',-3080186098777067172,2.02604271336E7,4330.0,481.0,465.0,16.0,0.0,96.67359667359668,3.3264033264033266,0.0,0.8518974674774844,0.03477325916761356,0.18325863730472455,15.07706625829899,53.957460164841514,272.1308087156738,194.4909446569727,77.63986405870114,0.565760517080403,0.4043470782889245,0.16141343879147846,219.65080763334473,0.4566544857242094,80.71515631397658,0.84375,54.0,0.014388489208633094,6.0,0.9856115107913669,411.0,0.15625,10.0,0.9,0.84375,0.870967741935484,0.8524820006053738,0.9247976618705036,0.7830897931206381,0.9667359667359667,0.13737445594459982,0.8626255440554002,0.033264033264033266,0.9661018957931073,0.9667359667359667,0.9662788391712868,0.8524820006053738,0.9247976618705035,0.9518874496141445,0.9259373315882671,0.9667359667359667,0.0,0.052,0.0,0.05,0.0,50.0,1045673.0,1043348.0,161927.0,96.67359667359668,50.311850311850314,?
DatasetClassiRealeseNormalizedShuffled,7,10,weka.classifiers.lazy.IBk,'-K 1 -W 0 -A \"weka.core.neighboursearch.LinearNNSearch -A \\\"weka.core.EuclideanDistance -R first-last\\\"\"',-3080186098777067172,2.02604271336E7,4330.0,481.0,470.0,11.0,0.0,97.71309771309771,2.286902286902287,0.0,0.9002131150632746,0.025139938545601218,0.14953095511051623,10.900229896615903,44.02690466572828,272.1308087156738,125.61689688844855,146.5139118272253,0.565760517080403,0.26115778978887433,0.30460272729152865,233.34117181669524,0.48511678132369074,85.74595905474762,0.90625,58.0,0.011990407673860911,5.0,0.988009592326139,412.0,0.09375,6.0,0.9206349206349206,0.90625,0.9133858267716536,0.9002501578546853,0.9543240407673861,0.8543482164909124,0.9771309771309772,0.08287138480483805,0.917128615195162,0.02286902286902287,0.9769958191010824,0.9771309771309772,0.9770546356335407,0.9002501578546853,0.9543240407673861,0.9691246055387688,0.9501060870385214,0.9771309771309772,0.001,0.05,0.0,0.05,0.0,50.0,1045673.0,1043348.0,161927.0,97.92099792099792,50.62370062370062,?
DatasetClassiRealeseNormalizedShuffled,8,1,weka.classifiers.lazy.IBk,'-K 1 -W 0 -A \"weka.core.neighboursearch.LinearNNSearch -A \\\"weka.core.EuclideanDistance -R first-last\\\"\"',-3080186098777067172,2.02604271336E7,4329.0,482.0,470.0,12.0,0.0,97.5103734439834,2.4896265560165975,0.0,0.8874270144024912,0.02617698925731289,0.15840150515243348,11.35874611467949,46.679707656819666,272.3366817903761,145.9435229297219,126.39315886065418,0.565013862635635,0.30278739197037735,0.2622264706652576,232.90892620744532,0.48321353984947163,85.52242198012856,0.859375,55.0,0.007177033492822967,3.0,0.992822966507177,415.0,0.140625,9.0,0.9482758620689655,0.859375,0.9016393442622951,0.8888361230077112,0.9343413576555024,0.8358629545626808,0.975103734439834,0.12290576793265699,0.8770942320673429,0.024896265560165973,0.9747240947364727,0.975103734439834,0.9745802352224169,0.8888361230077111,0.9343413576555024,0.96128509448407,0.9436937813948054,0.975103734439834,0.001,0.05,0.0,0.06,0.0,60.0,1045444.0,1043119.0,162156.0,97.5103734439834,50.31120331950208,?
DatasetClassiRealeseNormalizedShuffled,8,2,weka.classifiers.lazy.IBk,'-K 1 -W 0 -A \"weka.core.neighboursearch.LinearNNSearch -A \\\"weka.core.EuclideanDistance -R first-last\\\"\"',-3080186098777067172,2.02604271336E7,4330.0,481.0,466.0,15.0,0.0,96.88149688149689,3.1185031185031185,0.0,0.8639269750862836,0.03225589198617011,0.17707775781962434,14.06827910029426,52.48573609441791,269.42867131105754,182.0357545045459,87.39291680651164,0.5601427677984564,0.378452712067663,0.18169005573079341,220.83800996706165,0.459122681844203,81.96529674902432,0.8888888888888888,56.0,0.019138755980861243,8.0,0.9808612440191388,410.0,0.1111111111111111,7.0,0.875,0.8888888888888888,0.8818897637795274,0.8639625247424667,0.9423369028632187,0.7962713387241688,0.9688149688149689,0.09906483590694116,0.9009351640930588,0.031185031185031187,0.9690399447593692,0.9688149688149689,0.9689190708569273,0.8639625247424667,0.9423369028632187,0.9587893255400376,0.93196284596162,0.9688149688149689,0.0,0.051,0.0,0.05,0.0,50.0,1045673.0,1043348.0,161927.0,96.88149688149689,50.20790020790021,?
DatasetClassiRealeseNormalizedShuffled,8,3,weka.classifiers.lazy.IBk,'-K 1 -W 0 -A \"weka.core.neighboursearch.LinearNNSearch -A \\\"weka.core.EuclideanDistance -R first-last\\\"\"',-3080186098777067172,2.02604271336E7,4330.0,481.0,463.0,18.0,0.0,96.25779625779626,3.7422037422037424,0.0,0.83338465091217,0.038797064063736106,0.1916915073530858,16.821716442996387,56.44037860405882,272.1308087156738,200.5786743420155,71.55213437365833,0.565760517080403,0.41700348096053114,0.1487570361198718,213.1005390307642,0.44303646368142247,78.30812690282882,0.828125,53.0,0.016786570743405275,7.0,0.9832134292565947,410.0,0.171875,11.0,0.8833333333333333,0.828125,0.8548387096774193,0.8339564813909894,0.931935701438849,0.7798129744817985,0.9625779625779626,0.15123953332136783,0.8487604666786321,0.037422037422037424,0.961825044485377,0.9625779625779626,0.9620636940676974,0.8339564813909894,0.931935701438849,0.9534092952889941,0.9166794980368003,0.9625779625779626,0.0,0.051,0.0,0.05,0.0,50.0,1045673.0,1043348.0,161927.0,96.67359667359668,50.62370062370062,?
DatasetClassiRealeseNormalizedShuffled,8,4,weka.classifiers.lazy.IBk,'-K 1 -W 0 -A \"weka.core.neighboursearch.LinearNNSearch -A \\\"weka.core.EuclideanDistance -R first-last\\\"\"',-3080186098777067172,2.02604271336E7,4330.0,481.0,467.0,14.0,0.0,97.0893970893971,2.9106029106029108,0.0,0.8704102840427989,0.03227300089266388,0.1743126869605923,13.992998771481831,51.323473759455744,272.1308087156738,174.00191554033927,98.12889317533455,0.565760517080403,0.3617503441587095,0.20401017292169346,224.68296904309233,0.4671163597569487,82.56432636329843,0.859375,55.0,0.011990407673860911,5.0,0.988009592326139,412.0,0.140625,9.0,0.9166666666666666,0.859375,0.8870967741935484,0.8710075198197583,0.9222871702637889,0.8081398716208336,0.9708939708939709,0.12350937856783181,0.8764906214321682,0.029106029106029108,0.9703787471008374,0.9708939708939709,0.9704939842748758,0.8710075198197583,0.9222871702637889,0.9572503700991284,0.9351951651397337,0.9708939708939709,0.001,0.05,0.0,0.05,0.0,50.0,1045673.0,1043348.0,161927.0,97.0893970893971,50.41580041580042,?
DatasetClassiRealeseNormalizedShuffled,8,5,weka.classifiers.lazy.IBk,'-K 1 -W 0 -A \"weka.core.neighboursearch.LinearNNSearch -A \\\"weka.core.EuclideanDistance -R first-last\\\"\"',-3080186098777067172,2.02604271336E7,4330.0,481.0,466.0,15.0,0.0,96.88149688149689,3.1185031185031185,0.0,0.8657149770142756,0.03611044034728177,0.18117786815250145,15.656844217794514,53.34481226843366,272.1308087156738,188.4308529299525,83.69995578572133,0.565760517080403,0.3917481349895062,0.17401238209089673,217.04498676704958,0.4512369787256748,79.75759444195137,0.890625,57.0,0.019184652278177457,8.0,0.9808153477218226,409.0,0.109375,7.0,0.8769230769230769,0.890625,0.883720930232558,0.8657496701598532,0.9398606115107914,0.7829285282813269,0.9688149688149689,0.09737462109314628,0.9026253789068538,0.031185031185031187,0.9690358627858626,0.9688149688149689,0.9689171225227509,0.8657496701598532,0.9398606115107914,0.9566290250136779,0.9328568636757029,0.9688149688149689,0.0,0.052,0.0,0.05,0.0,50.0,1045673.0,1043348.0,161927.0,96.88149688149689,50.83160083160083,?
DatasetClassiRealeseNormalizedShuffled,8,6,weka.classifiers.lazy.IBk,'-K 1 -W 0 -A \"weka.core.neighboursearch.LinearNNSearch -A \\\"weka.core.EuclideanDistance -R first-last\\\"\"',-3080186098777067172,2.02604271336E7,4330.0,481.0,464.0,17.0,0.0,96.46569646569647,3.5343035343035343,0.0,0.837108308930457,0.03622535035787833,0.18748058572624637,15.706667153147082,55.200542712669694,272.1308087156738,199.35339239947726,72.77741631619656,0.565760517080403,0.4144561172546305,0.15130439982577248,217.48323054851477,0.45214808845845067,79.91863603203575,0.796875,51.0,0.009592326139088728,4.0,0.9904076738609112,413.0,0.203125,13.0,0.9272727272727272,0.796875,0.8571428571428571,0.8402384744839148,0.9078050059952039,0.7746542751635237,0.9646569646569647,0.17737429079605338,0.8226257092039466,0.035343035343035345,0.9638671568249033,0.9646569646569647,0.9635091272101947,0.8402384744839148,0.9078050059952039,0.9478502332446632,0.9184883917980002,0.9646569646569647,0.0,0.051,0.01,0.05,10.0,50.0,1045673.0,1043348.0,161927.0,96.67359667359668,50.311850311850314,?
DatasetClassiRealeseNormalizedShuffled,8,7,weka.classifiers.lazy.IBk,'-K 1 -W 0 -A \"weka.core.neighboursearch.LinearNNSearch -A \\\"weka.core.EuclideanDistance -R first-last\\\"\"',-3080186098777067172,2.02604271336E7,4330.0,481.0,467.0,14.0,0.0,97.0893970893971,2.9106029106029108,0.0,0.8738384292565947,0.031230725312497234,0.17182497572684502,13.541086631011101,50.59100853014517,272.1308087156738,170.79351553746287,101.33729317821096,0.565760517080403,0.35508007388245916,0.21068044319794377,225.30806847290302,0.46841594277110815,82.79403186145973,0.890625,57.0,0.016786570743405275,7.0,0.9832134292565947,410.0,0.109375,7.0,0.890625,0.890625,0.890625,0.8738384292565947,0.9450502098321343,0.8108399454872577,0.9708939708939709,0.09705554163737617,0.9029444583626238,0.029106029106029108,0.9708939708939709,0.9708939708939709,0.9708939708939709,0.8738384292565947,0.9450502098321343,0.960840806526984,0.9369192146282974,0.9708939708939709,0.001,0.052,0.0,0.05,0.0,50.0,1045673.0,1043348.0,161927.0,97.0893970893971,50.51975051975052,?
DatasetClassiRealeseNormalizedShuffled,8,8,weka.classifiers.lazy.IBk,'-K 1 -W 0 -A \"weka.core.neighboursearch.LinearNNSearch -A \\\"weka.core.EuclideanDistance -R first-last\\\"\"',-3080186098777067172,2.02604271336E7,4330.0,481.0,464.0,17.0,0.0,96.46569646569647,3.5343035343035343,0.0,0.8497841462294482,0.035893221789183465,0.18431062904989698,15.562662117198359,54.26720165107497,272.1308087156738,196.47913508610438,75.65167362956944,0.565760517080403,0.40848053032454135,0.15727998675586163,218.49224814289687,0.45424583813492075,80.2894200675311,0.890625,57.0,0.023980815347721823,10.0,0.9760191846522782,407.0,0.109375,7.0,0.8507462686567164,0.890625,0.8702290076335878,0.8500828796403587,0.9415654976019184,0.7842896245703449,0.9646569646569647,0.09801278000468648,0.9019872199953135,0.035343035343035345,0.9654824044830534,0.9646569646569647,0.9649978598086736,0.8500828796403587,0.9415654976019184,0.9567373759617261,0.9248858636242547,0.9646569646569647,0.0,0.053,0.0,0.05,0.0,50.0,1045673.0,1043348.0,161927.0,96.67359667359668,50.62370062370062,?
DatasetClassiRealeseNormalizedShuffled,8,9,weka.classifiers.lazy.IBk,'-K 1 -W 0 -A \"weka.core.neighboursearch.LinearNNSearch -A \\\"weka.core.EuclideanDistance -R first-last\\\"\"',-3080186098777067172,2.02604271336E7,4330.0,481.0,466.0,15.0,0.0,96.88149688149689,3.1185031185031185,0.0,0.8620907162107921,0.03373196179438143,0.17715552853880565,14.625578250944317,52.16050121675555,272.1308087156738,177.625261830715,94.50554688495882,0.565760517080403,0.3692832886293451,0.19647722845105783,220.89157524058024,0.4592340441592105,81.17110160480614,0.859375,55.0,0.014388489208633094,6.0,0.9856115107913669,411.0,0.140625,9.0,0.9016393442622951,0.859375,0.88,0.8624188249903527,0.9360574040767387,0.7990190810073886,0.9688149688149689,0.12382845802360191,0.8761715419763981,0.031185031185031187,0.9683351429253069,0.9688149688149689,0.9684966355934097,0.8624188249903527,0.9360574040767385,0.9571493205275347,0.9310394265232975,0.9688149688149689,0.001,0.05,0.0,0.05,0.0,50.0,1045673.0,1043348.0,161927.0,97.0893970893971,50.727650727650726,?
DatasetClassiRealeseNormalizedShuffled,8,10,weka.classifiers.lazy.IBk,'-K 1 -W 0 -A \"weka.core.neighboursearch.LinearNNSearch -A \\\"weka.core.EuclideanDistance -R first-last\\\"\"',-3080186098777067172,2.02604271336E7,4330.0,481.0,456.0,25.0,0.0,94.8024948024948,5.197505197505198,0.0,0.760453395485966,0.05243303567899913,0.22344820529494808,22.73403103360237,65.79061054600922,272.1308087156738,277.1610526755702,-5.0302439598963815,0.565760517080403,0.5762184047309152,-0.010457887650512228,193.67218934986647,0.4026448843032567,71.16878469729532,0.734375,47.0,0.019184652278177457,8.0,0.9808153477218226,409.0,0.265625,17.0,0.8545454545454545,0.734375,0.7899159663865547,0.7632969283934359,0.8839553357314148,0.6990851897885626,0.9480249480249481,0.2328346003031255,0.7671653996968746,0.05197505197505198,0.9460500291486207,0.9480249480249481,0.9463369517796981,0.763296928393436,0.8839553357314148,0.9314615786111047,0.8801299879382358,0.9480249480249481,0.0,0.052,0.0,0.05,0.0,50.0,1045673.0,1043348.0,161927.0,95.42619542619542,50.727650727650726,?
DatasetClassiRealeseNormalizedShuffled,9,1,weka.classifiers.lazy.IBk,'-K 1 -W 0 -A \"weka.core.neighboursearch.LinearNNSearch -A \\\"weka.core.EuclideanDistance -R first-last\\\"\"',-3080186098777067172,2.02604271336E7,4329.0,482.0,465.0,17.0,0.0,96.47302904564316,3.5269709543568464,0.0,0.841612865813585,0.038204286035093106,0.18937636852938675,16.57764310859345,55.807762126723134,272.3366817903761,207.6715567182586,64.66512507211746,0.565013862635635,0.4308538521125697,0.13416001052306528,214.36082734740387,0.4447320069448213,78.71169830599699,0.828125,53.0,0.014354066985645933,6.0,0.9856459330143541,412.0,0.171875,11.0,0.8983050847457628,0.828125,0.8617886178861789,0.842527551519842,0.9163240131578947,0.7666468502997739,0.9647302904564315,0.15095935744207747,0.8490406425579224,0.035269709543568464,0.9639451225402298,0.9647302904564315,0.964118271000009,0.8425275515198419,0.9163240131578947,0.9477098670011279,0.9207872934853011,0.9647302904564315,0.0,0.051,0.0,0.05,0.0,50.0,1045444.0,1043119.0,162156.0,96.47302904564316,50.726141078838175,?
DatasetClassiRealeseNormalizedShuffled,9,2,weka.classifiers.lazy.IBk,'-K 1 -W 0 -A \"weka.core.neighboursearch.LinearNNSearch -A \\\"weka.core.EuclideanDistance -R first-last\\\"\"',-3080186098777067172,2.02604271336E7,4330.0,481.0,463.0,18.0,0.0,96.25779625779626,3.7422037422037424,0.0,0.8333654105238847,0.03772723742273079,0.19105084366695685,16.454584668550112,56.62734995511963,269.42867131105754,201.43540820671134,67.9932631043462,0.5601427677984564,0.4187846324463853,0.1413581353520711,212.81910593896575,0.4424513636984735,78.98903442732137,0.8412698412698413,53.0,0.019138755980861243,8.0,0.9808612440191388,410.0,0.15873015873015872,10.0,0.8688524590163934,0.8412698412698413,0.8548387096774194,0.8335082875637224,0.928343586238323,0.7750984706268663,0.9625779625779626,0.14044687728898256,0.8595531227110176,0.037422037422037424,0.9621316506562407,0.9625779625779626,0.96232082832283,0.8335082875637224,0.928343586238323,0.9540137030424435,0.9166794980368003,0.9625779625779626,0.0,0.051,0.0,0.05,0.0,50.0,1045673.0,1043348.0,161927.0,96.67359667359668,50.41580041580042,?
DatasetClassiRealeseNormalizedShuffled,9,3,weka.classifiers.lazy.IBk,'-K 1 -W 0 -A \"weka.core.neighboursearch.LinearNNSearch -A \\\"weka.core.EuclideanDistance -R first-last\\\"\"',-3080186098777067172,2.02604271336E7,4330.0,481.0,470.0,11.0,0.0,97.71309771309771,2.286902286902287,0.0,0.9028015063837607,0.026086348648206085,0.15439152721707727,11.31057647229112,45.45801934427962,272.1308087156738,135.59887018116927,136.53193853450455,0.565760517080403,0.2819103330169839,0.283850184063419,233.13647292199732,0.48469121189604436,85.67073828291954,0.9375,60.0,0.016786570743405275,7.0,0.9832134292565947,410.0,0.0625,4.0,0.8955223880597015,0.9375,0.9160305343511451,0.9031188775356864,0.9648531175059952,0.8495718972520554,0.9771309771309772,0.056417547874382405,0.9435824521256176,0.02286902286902287,0.9777223437184501,0.9771309771309772,0.9773515563467887,0.9031188775356864,0.9648531175059951,0.9710835210286778,0.9513967352862825,0.9771309771309772,0.0,0.051,0.0,0.05,0.0,50.0,1045673.0,1043348.0,161927.0,97.71309771309771,50.62370062370062,?
DatasetClassiRealeseNormalizedShuffled,9,4,weka.classifiers.lazy.IBk,'-K 1 -W 0 -A \"weka.core.neighboursearch.LinearNNSearch -A \\\"weka.core.EuclideanDistance -R first-last\\\"\"',-3080186098777067172,2.02604271336E7,4330.0,481.0,467.0,14.0,0.0,97.0893970893971,2.9106029106029108,0.0,0.8686253853057083,0.03150877995051253,0.16660991533157293,13.661646173059678,49.05552066625128,272.1308087156738,143.4877344790836,128.64307423659022,0.565760517080403,0.2983112982933131,0.2674492187870899,225.54792721224527,0.4689146095888675,82.88217283324983,0.84375,54.0,0.009592326139088728,4.0,0.9904076738609112,413.0,0.15625,10.0,0.9310344827586207,0.84375,0.8852459016393444,0.8700054705868508,0.9468300359712231,0.8420802575153441,0.9708939708939709,0.13673629703305962,0.8632637029669404,0.029106029106029108,0.9703285880835404,0.9708939708939709,0.9702821989707237,0.870005470586851,0.946830035971223,0.965416065239932,0.9342896174863389,0.9708939708939709,0.0,0.051,0.0,0.05,0.0,50.0,1045673.0,1043348.0,161927.0,97.71309771309771,51.351351351351354,?
DatasetClassiRealeseNormalizedShuffled,9,5,weka.classifiers.lazy.IBk,'-K 1 -W 0 -A \"weka.core.neighboursearch.LinearNNSearch -A \\\"weka.core.EuclideanDistance -R first-last\\\"\"',-3080186098777067172,2.02604271336E7,4330.0,481.0,467.0,14.0,0.0,97.0893970893971,2.9106029106029108,0.0,0.8704102840427989,0.03267380531597334,0.17265214433651427,14.166780435654514,50.83455458048287,272.1308087156738,163.41277954552726,108.71802917014656,0.565760517080403,0.3397355084106596,0.22602500866974337,223.2359990408499,0.464108106114033,82.03260780887548,0.859375,55.0,0.011990407673860911,5.0,0.988009592326139,412.0,0.140625,9.0,0.9166666666666666,0.859375,0.8870967741935484,0.8710075198197583,0.9417153776978417,0.8233052719957239,0.9708939708939709,0.12350937856783181,0.8764906214321682,0.029106029106029108,0.9703787471008374,0.9708939708939709,0.9704939842748758,0.8710075198197583,0.9417153776978416,0.9615979245949388,0.9351951651397337,0.9708939708939709,0.0,0.051,0.0,0.05,0.0,50.0,1045673.0,1043348.0,161927.0,97.29729729729729,50.83160083160083,?
DatasetClassiRealeseNormalizedShuffled,9,6,weka.classifiers.lazy.IBk,'-K 1 -W 0 -A \"weka.core.neighboursearch.LinearNNSearch -A \\\"weka.core.EuclideanDistance -R first-last\\\"\"',-3080186098777067172,2.02604271336E7,4330.0,481.0,461.0,20.0,0.0,95.84199584199584,4.158004158004158,0.0,0.8173533320675906,0.04399568861882252,0.20512120001210626,19.07574752162643,60.39452841840145,272.1308087156738,244.51165788057295,27.619150835100868,0.565760517080403,0.5083402450739563,0.05742027200644671,205.21754917583831,0.42664771138427926,75.41136196389014,0.828125,53.0,0.02158273381294964,9.0,0.9784172661870504,408.0,0.171875,11.0,0.8548387096774194,0.828125,0.8412698412698412,0.817489699927702,0.9136690647482014,0.7321080716916358,0.9584199584199584,0.15187769223290806,0.848122307767092,0.04158004158004158,0.9579255371849105,0.9584199584199584,0.9581396949818003,0.8174896999277019,0.9136690647482014,0.9426859048686326,0.9086731981468823,0.9584199584199584,0.0,0.052,0.0,0.05,0.0,50.0,1045673.0,1043348.0,161927.0,95.84199584199584,50.51975051975052,?
DatasetClassiRealeseNormalizedShuffled,9,7,weka.classifiers.lazy.IBk,'-K 1 -W 0 -A \"weka.core.neighboursearch.LinearNNSearch -A \\\"weka.core.EuclideanDistance -R first-last\\\"\"',-3080186098777067172,2.02604271336E7,4330.0,481.0,468.0,13.0,0.0,97.29729729729729,2.7027027027027026,0.0,0.8820700450747792,0.02768493079444831,0.16133428112210643,12.00369323831101,47.50219784944878,272.1308087156738,151.77015344875855,120.36065526691527,0.565760517080403,0.3155304645504336,0.2502300525299694,231.1375184476013,0.4805353813879445,84.93618180846885,0.890625,57.0,0.014388489208633094,6.0,0.9856115107913669,411.0,0.109375,7.0,0.9047619047619048,0.890625,0.8976377952755906,0.882106341298576,0.9374250599520384,0.8246499243978304,0.972972972972973,0.09673646218160607,0.903263537818394,0.02702702702702703,0.9728097885992624,0.972972972972973,0.9728827512032754,0.8821063412985761,0.9374250599520384,0.9615057412367832,0.9410344665000707,0.972972972972973,0.0,0.052,0.0,0.05,0.0,50.0,1045673.0,1043348.0,161927.0,97.5051975051975,50.41580041580042,?
DatasetClassiRealeseNormalizedShuffled,9,8,weka.classifiers.lazy.IBk,'-K 1 -W 0 -A \"weka.core.neighboursearch.LinearNNSearch -A \\\"weka.core.EuclideanDistance -R first-last\\\"\"',-3080186098777067172,2.02604271336E7,4330.0,481.0,464.0,17.0,0.0,96.46569646569647,3.5343035343035343,0.0,0.8437028117055644,0.03599310687483208,0.18822965700857475,15.605970512516754,55.421094302877435,272.1308087156738,207.87166111097005,64.25914760470377,0.565760517080403,0.43216561561532235,0.1335949014650806,218.06902088823776,0.4533659477925941,80.13389660561343,0.84375,54.0,0.016786570743405275,7.0,0.9832134292565947,410.0,0.15625,10.0,0.8852459016393442,0.84375,0.864,0.8440239221115288,0.9180343225419664,0.7706786272064065,0.9646569646569647,0.1376935354003699,0.8623064645996301,0.035343035343035345,0.9640897427782673,0.9646569646569647,0.9642961870058645,0.8440239221115287,0.9180343225419664,0.9501687219024973,0.9218446833930705,0.9646569646569647,0.0,0.052,0.0,0.05,0.0,50.0,1045673.0,1043348.0,161927.0,96.46569646569647,50.103950103950105,?
DatasetClassiRealeseNormalizedShuffled,9,9,weka.classifiers.lazy.IBk,'-K 1 -W 0 -A \"weka.core.neighboursearch.LinearNNSearch -A \\\"weka.core.EuclideanDistance -R first-last\\\"\"',-3080186098777067172,2.02604271336E7,4330.0,481.0,462.0,19.0,0.0,96.04989604989605,3.95010395010395,0.0,0.8276408351092924,0.04015316364332537,0.19896329709427668,17.40969708397586,58.58143624291367,272.1308087156738,233.3574147994875,38.773393916186336,0.565760517080403,0.485150550518685,0.08060996656171796,211.83413889715544,0.44040361517080134,77.84276241889349,0.84375,54.0,0.02158273381294964,9.0,0.9784172661870504,408.0,0.15625,10.0,0.8571428571428571,0.84375,0.8503937007874015,0.8276748916302482,0.9203012589928058,0.7406811085089774,0.9604989604989606,0.13833169431191014,0.8616683056880898,0.0395010395010395,0.9602516970938022,0.9604989604989606,0.9603670979124797,0.8276748916302481,0.9203012589928058,0.9454131531081722,0.9138196048847187,0.9604989604989606,0.0,0.052,0.0,0.05,0.0,50.0,1045673.0,1043348.0,161927.0,96.04989604989605,50.103950103950105,?
DatasetClassiRealeseNormalizedShuffled,9,10,weka.classifiers.lazy.IBk,'-K 1 -W 0 -A \"weka.core.neighboursearch.LinearNNSearch -A \\\"weka.core.EuclideanDistance -R first-last\\\"\"',-3080186098777067172,2.02604271336E7,4330.0,481.0,469.0,12.0,0.0,97.5051975051975,2.494802494802495,0.0,0.8904119992405544,0.027912657112060445,0.16017427462588485,12.102431316408515,47.16065321487444,272.1308087156738,148.3419571063475,123.78885160932631,0.565760517080403,0.3084032372273337,0.2573572798530693,229.2991245942069,0.4767133567447129,84.2606265995343,0.890625,57.0,0.011990407673860911,5.0,0.988009592326139,412.0,0.109375,7.0,0.9193548387096774,0.890625,0.9047619047619047,0.8905605562650261,0.9401603717026379,0.8355283541974436,0.975051975051975,0.09641738272583597,0.903582617274164,0.02494802494802495,0.9747861175992671,0.975051975051975,0.97488381698908,0.8905605562650261,0.9401603717026379,0.9640028424676742,0.9452039188881294,0.975051975051975,0.0,0.051,0.0,0.06,0.0,60.0,1045673.0,1043348.0,161927.0,97.5051975051975,50.62370062370062,?
DatasetClassiRealeseNormalizedShuffled,10,1,weka.classifiers.lazy.IBk,'-K 1 -W 0 -A \"weka.core.neighboursearch.LinearNNSearch -A \\\"weka.core.EuclideanDistance -R first-last\\\"\"',-3080186098777067172,2.02604271336E7,4329.0,482.0,463.0,19.0,0.0,96.05809128630706,3.9419087136929463,0.0,0.8299602658843627,0.042557487151647415,0.20072945857022634,18.466588616536686,59.15343061388777,272.3366817903761,233.12806424425946,39.20861754611661,0.565013862635635,0.4836681830793765,0.08134567955625853,207.35935311335228,0.4302061267911873,76.1408091448223,0.859375,55.0,0.023923444976076555,10.0,0.9760765550239234,408.0,0.140625,9.0,0.8461538461538461,0.859375,0.8527131782945736,0.8299935048137475,0.9257064892344498,0.7453494516459981,0.9605809128630706,0.1251293578391471,0.874870642160853,0.03941908713692946,0.9608553182988241,0.9605809128630706,0.9607100957787214,0.8299935048137475,0.9257064892344499,0.9475557449865121,0.9149793436383048,0.9605809128630706,0.0,0.052,0.0,0.05,0.0,50.0,1045444.0,1043119.0,162156.0,96.05809128630706,50.62240663900415,?
DatasetClassiRealeseNormalizedShuffled,10,2,weka.classifiers.lazy.IBk,'-K 1 -W 0 -A \"weka.core.neighboursearch.LinearNNSearch -A \\\"weka.core.EuclideanDistance -R first-last\\\"\"',-3080186098777067172,2.02604271336E7,4330.0,481.0,465.0,16.0,0.0,96.67359667359668,3.3264033264033266,0.0,0.849828285981892,0.036084949837495495,0.18465687832190067,15.738307464932724,54.732182646533566,269.42867131105754,198.83731767097026,70.59135364008728,0.5601427677984564,0.413383196821144,0.14675957097731243,215.47849019014438,0.44798022908553925,79.97608017796026,0.8412698412698413,53.0,0.014354066985645933,6.0,0.9856459330143541,412.0,0.15873015873015872,10.0,0.8983050847457628,0.8412698412698413,0.8688524590163935,0.8504278241966867,0.918242576137313,0.7782420581645636,0.9667359667359667,0.13982019245177138,0.8601798075482286,0.033264033264033266,0.9660873327834528,0.9667359667359667,0.9662698547944448,0.8504278241966868,0.9182425761373129,0.9513595755385928,0.9249024199843872,0.9667359667359667,0.001,0.051,0.0,0.05,0.0,50.0,1045673.0,1043348.0,161927.0,96.67359667359668,50.51975051975052,?
DatasetClassiRealeseNormalizedShuffled,10,3,weka.classifiers.lazy.IBk,'-K 1 -W 0 -A \"weka.core.neighboursearch.LinearNNSearch -A \\\"weka.core.EuclideanDistance -R first-last\\\"\"',-3080186098777067172,2.02604271336E7,4330.0,481.0,467.0,14.0,0.0,97.0893970893971,2.9106029106029108,0.0,0.8738384292565947,0.029509153937779534,0.16807954735916325,12.794643924565447,49.48822939284638,272.1308087156738,153.79235713175814,118.33845158391568,0.565760517080403,0.3197346302115554,0.24602588686884758,228.20911193013575,0.4744472181499704,83.86007927848107,0.890625,57.0,0.016786570743405275,7.0,0.9832134292565947,410.0,0.109375,7.0,0.890625,0.890625,0.890625,0.8738384292565947,0.9552045863309353,0.8185661507270561,0.9708939708939709,0.09705554163737617,0.9029444583626238,0.029106029106029108,0.9708939708939709,0.9708939708939709,0.9708939708939709,0.8738384292565947,0.9552045863309352,0.9650049356589805,0.9369192146282974,0.9708939708939709,0.001,0.051,0.0,0.06,0.0,60.0,1045673.0,1043348.0,161927.0,97.5051975051975,50.51975051975052,?
DatasetClassiRealeseNormalizedShuffled,10,4,weka.classifiers.lazy.IBk,'-K 1 -W 0 -A \"weka.core.neighboursearch.LinearNNSearch -A \\\"weka.core.EuclideanDistance -R first-last\\\"\"',-3080186098777067172,2.02604271336E7,4330.0,481.0,463.0,18.0,0.0,96.25779625779626,3.7422037422037424,0.0,0.8356179988608315,0.03851313644480547,0.1902860728336785,16.698610480954002,56.026571766844825,272.1308087156738,200.5065114672091,71.62429724846473,0.565760517080403,0.4168534541937819,0.14890706288662106,214.21388235163403,0.4453511067601539,78.71724754819941,0.84375,54.0,0.019184652278177457,8.0,0.9808153477218226,409.0,0.15625,10.0,0.8709677419354839,0.84375,0.8571428571428571,0.8357574140120331,0.9231115107913669,0.7792563133318707,0.9625779625779626,0.13801261485614005,0.86198738514386,0.037422037422037424,0.9621406822884997,0.9625779625779626,0.9623257254836203,0.835757414012033,0.9231115107913669,0.952364092673171,0.9178058783321941,0.9625779625779626,0.0,0.052,0.0,0.05,0.0,50.0,1045673.0,1043348.0,161927.0,96.67359667359668,50.62370062370062,?
DatasetClassiRealeseNormalizedShuffled,10,5,weka.classifiers.lazy.IBk,'-K 1 -W 0 -A \"weka.core.neighboursearch.LinearNNSearch -A \\\"weka.core.EuclideanDistance -R first-last\\\"\"',-3080186098777067172,2.02604271336E7,4330.0,481.0,466.0,15.0,0.0,96.88149688149689,3.1185031185031185,0.0,0.8620907162107921,0.033660546537936244,0.17813206499263273,14.594613866844238,52.44802614644972,272.1308087156738,184.17237457606663,87.95843413960719,0.565760517080403,0.38289474963839215,0.1828657674420108,220.72450454026375,0.4588867038259122,81.10970807824992,0.859375,55.0,0.014388489208633094,6.0,0.9856115107913669,411.0,0.140625,9.0,0.9016393442622951,0.859375,0.88,0.8624188249903527,0.9262027877697842,0.794821302482664,0.9688149688149689,0.12382845802360191,0.8761715419763981,0.031185031185031187,0.9683351429253069,0.9688149688149689,0.9684966355934097,0.8624188249903527,0.9262027877697843,0.9551204265102153,0.9310394265232975,0.9688149688149689,0.0,0.056,0.0,0.05,0.0,50.0,1045673.0,1043348.0,161927.0,96.88149688149689,50.51975051975052,?
DatasetClassiRealeseNormalizedShuffled,10,6,weka.classifiers.lazy.IBk,'-K 1 -W 0 -A \"weka.core.neighboursearch.LinearNNSearch -A \\\"weka.core.EuclideanDistance -R first-last\\\"\"',-3080186098777067172,2.02604271336E7,4330.0,481.0,467.0,14.0,0.0,97.0893970893971,2.9106029106029108,0.0,0.8721473324473135,0.02941222252614213,0.16900229943520495,12.752616189726929,49.75991840634839,272.1308087156738,163.13378077484597,108.99702794082785,0.565760517080403,0.33915546938637414,0.22660504769402878,227.949338462168,0.47390714856999583,83.76462023465072,0.875,56.0,0.014388489208633094,6.0,0.9856115107913669,411.0,0.125,8.0,0.9032258064516129,0.875,0.8888888888888888,0.872292842180695,0.9457996103117506,0.8137543357122682,0.9708939708939709,0.110282460102604,0.889717539897396,0.029106029106029108,0.9705709724956781,0.9708939708939709,0.9706977864872602,0.872292842180695,0.9457996103117506,0.9615837815882089,0.9360712387028176,0.9708939708939709,0.0,0.052,0.0,0.05,0.0,50.0,1045673.0,1043348.0,161927.0,97.29729729729729,50.20790020790021,?
DatasetClassiRealeseNormalizedShuffled,10,7,weka.classifiers.lazy.IBk,'-K 1 -W 0 -A \"weka.core.neighboursearch.LinearNNSearch -A \\\"weka.core.EuclideanDistance -R first-last\\\"\"',-3080186098777067172,2.02604271336E7,4330.0,481.0,464.0,17.0,0.0,96.46569646569647,3.5343035343035343,0.0,0.8437028117055644,0.03880856841909236,0.19061881715483375,16.826704526716963,56.124542802305264,272.1308087156738,208.26952585317736,63.861282862496466,0.565760517080403,0.43299277724153296,0.13276773983887,214.252376357237,0.4454311358778316,78.7313929534127,0.84375,54.0,0.016786570743405275,7.0,0.9832134292565947,410.0,0.15625,10.0,0.8852459016393442,0.84375,0.864,0.8440239221115288,0.9244604316546763,0.7680031561240549,0.9646569646569647,0.1376935354003699,0.8623064645996301,0.035343035343035345,0.9640897427782673,0.9646569646569647,0.9642961870058645,0.8440239221115287,0.9244604316546763,0.9499308066802571,0.9218446833930705,0.9646569646569647,0.0,0.051,0.0,0.05,0.0,50.0,1045673.0,1043348.0,161927.0,96.46569646569647,50.727650727650726,?
DatasetClassiRealeseNormalizedShuffled,10,8,weka.classifiers.lazy.IBk,'-K 1 -W 0 -A \"weka.core.neighboursearch.LinearNNSearch -A \\\"weka.core.EuclideanDistance -R first-last\\\"\"',-3080186098777067172,2.02604271336E7,4330.0,481.0,472.0,9.0,0.0,98.12889812889813,1.8711018711018712,0.0,0.9172544297264754,0.02082732577291975,0.13916685156436603,9.03035775703045,40.975366618406596,272.1308087156738,112.53405688902738,159.59675182664643,0.565760517080403,0.23395853823082616,0.3318019788495768,241.69124997395173,0.5024766111724568,88.81436508957506,0.90625,58.0,0.007194244604316547,3.0,0.9928057553956835,414.0,0.09375,6.0,0.9508196721311475,0.90625,0.9279999999999999,0.9176035336268247,0.947523231414868,0.8741000827308684,0.9812889812889813,0.08223322589329783,0.9177667741067022,0.018711018711018712,0.9810713433664253,0.9812889812889813,0.9810979813560459,0.9176035336268247,0.947523231414868,0.9712597899155289,0.9586236559139785,0.9812889812889813,0.0,0.051,0.0,0.05,0.0,50.0,1045673.0,1043348.0,161927.0,98.12889812889813,50.41580041580042,?
DatasetClassiRealeseNormalizedShuffled,10,9,weka.classifiers.lazy.IBk,'-K 1 -W 0 -A \"weka.core.neighboursearch.LinearNNSearch -A \\\"weka.core.EuclideanDistance -R first-last\\\"\"',-3080186098777067172,2.02604271336E7,4330.0,481.0,470.0,11.0,0.0,97.71309771309771,2.286902286902287,0.0,0.9002131150632746,0.026198758904307347,0.15318318599210068,11.359315558586763,45.10224335210198,272.1308087156738,126.58274616171677,145.54806255395704,0.565760517080403,0.2631657924360016,0.30259472464440135,234.71933399820486,0.48798198336425125,86.2523927760943,0.90625,58.0,0.011990407673860911,5.0,0.988009592326139,412.0,0.09375,6.0,0.9206349206349206,0.90625,0.9133858267716536,0.9002501578546853,0.9597759292565947,0.8569336970998523,0.9771309771309772,0.08287138480483805,0.917128615195162,0.02286902286902287,0.9769958191010824,0.9771309771309772,0.9770546356335407,0.9002501578546853,0.9597759292565947,0.9707172331170143,0.9501060870385214,0.9771309771309772,0.0,0.052,0.0,0.05,0.0,50.0,1045673.0,1043348.0,161927.0,97.92099792099792,50.83160083160083,?
DatasetClassiRealeseNormalizedShuffled,10,10,weka.classifiers.lazy.IBk,'-K 1 -W 0 -A \"weka.core.neighboursearch.LinearNNSearch -A \\\"weka.core.EuclideanDistance -R first-last\\\"\"',-3080186098777067172,2.02604271336E7,4330.0,481.0,465.0,16.0,0.0,96.67359667359668,3.3264033264033266,0.0,0.8558153477218226,0.034260805146933845,0.17818649154189842,14.854875315917733,52.46405113936195,272.1308087156738,175.96851260128616,96.16229611438766,0.565760517080403,0.36583890353697746,0.1999216135434255,219.7289858465376,0.45681701839197003,80.7438844883284,0.875,56.0,0.019184652278177457,8.0,0.9808153477218226,409.0,0.125,8.0,0.875,0.875,0.875,0.8558153477218226,0.9434764688249401,0.8016257384364002,0.9667359667359667,0.1109206190141442,0.8890793809858558,0.033264033264033266,0.9667359667359667,0.9667359667359667,0.9667359667359667,0.8558153477218226,0.9434764688249401,0.9594540433638743,0.9279076738609113,0.9667359667359667,0.001,0.051,0.0,0.05,0.0,50.0,1045673.0,1043348.0,161927.0,97.0893970893971,50.727650727650726,?
