release,className,loc,commentLines,nRevisions,nAuth,nFix,locAdded,maxLocAdded,avgLocAdded,churn,maxChurn,avgChurn,locTouched,changeSetSize,maxChangeSet,avgChangeSet,age,weightedAge,cyclomaticComplexity,duplication,nBranches,maxNestingDepth,nSmells,buggy
3.0.1,src/java/jmx/org/apache/zookeeper/jmx/CommonNames.java,6,21,0,0,0,0,0,0.0,0,0,0.0,0,0,0,0.0,0.0,0.0,0,0,2,1,0,no
3.0.1,src/java/jmx/org/apache/zookeeper/jmx/ZKMBeanInfo.java,5,29,0,0,0,0,0,0.0,0,0,0.0,0,0,0,0.0,0.0,0.0,0,0,5,1,0,no
3.0.1,src/java/jmx/org/apache/zookeeper/jmx/server/ConnectionMXBean.java,13,52,0,0,0,0,0,0.0,0,0,0.0,0,0,0,0.0,0.0,0.0,0,0,2,1,0,no
3.0.1,src/java/jmx/org/apache/zookeeper/jmx/server/DataTreeBean.java,34,40,0,0,0,0,0,0.0,0,0,0.0,0,0,0,0.0,0.0,0.0,0,0,3,2,0,no
3.0.1,src/java/jmx/org/apache/zookeeper/jmx/server/DataTreeMXBean.java,8,36,0,0,0,0,0,0.0,0,0,0.0,0,0,0,0.0,0.0,0.0,0,0,2,1,0,no
3.0.1,src/java/jmx/org/apache/zookeeper/jmx/server/ZooKeeperServerMXBean.java,15,56,0,0,0,0,0,0.0,0,0,0.0,0,0,0,0.0,0.0,0.0,0,0,2,1,0,no
3.0.1,src/java/jmx/org/apache/zookeeper/jmx/server/quorum/FollowerBean.java,6,20,0,0,0,0,0,0.0,0,0,0.0,0,0,0,0.0,0.0,0.0,0,0,2,2,0,no
3.0.1,src/java/jmx/org/apache/zookeeper/jmx/server/quorum/FollowerMXBean.java,3,20,0,0,0,0,0,0.0,0,0,0.0,0,0,0,0.0,0.0,0.0,0,0,2,1,0,no
3.0.1,src/java/jmx/org/apache/zookeeper/jmx/server/quorum/LeaderBean.java,6,20,0,0,0,0,0,0.0,0,0,0.0,0,0,0,0.0,0.0,0.0,0,0,2,2,0,no
3.0.1,src/java/jmx/org/apache/zookeeper/jmx/server/quorum/LeaderElectionBean.java,15,20,0,0,0,0,0,0.0,0,0,0.0,0,0,0,0.0,0.0,0.0,0,0,2,2,0,no
3.0.1,src/java/jmx/org/apache/zookeeper/jmx/server/quorum/LeaderElectionMXBean.java,5,27,0,0,0,0,0,0.0,0,0,0.0,0,0,0,0.0,0.0,0.0,0,0,2,1,0,no
3.0.1,src/java/jmx/org/apache/zookeeper/jmx/server/quorum/LeaderMXBean.java,3,20,0,0,0,0,0,0.0,0,0,0.0,0,0,0,0.0,0.0,0.0,0,0,2,1,0,no
3.0.1,src/java/jmx/org/apache/zookeeper/jmx/server/quorum/LocalPeerMXBean.java,5,26,0,0,0,0,0,0.0,0,0,0.0,0,0,0,0.0,0.0,0.0,0,0,3,1,0,no
3.0.1,src/java/jmx/org/apache/zookeeper/jmx/server/quorum/QuorumMXBean.java,5,26,0,0,0,0,0,0.0,0,0,0.0,0,0,0,0.0,0.0,0.0,0,0,2,1,0,no
3.0.1,src/java/jmx/org/apache/zookeeper/jmx/server/quorum/RemotePeerMXBean.java,5,26,0,0,0,0,0,0.0,0,0,0.0,0,0,0,0.0,0.0,0.0,0,0,3,1,0,no
3.0.1,src/java/jmx/org/apache/zookeeper/jmx/server/quorum/ServerBean.java,12,20,0,0,0,0,0,0.0,0,0,0.0,0,0,0,0.0,0.0,0.0,0,0,3,2,0,no
3.0.1,src/java/jmx/org/apache/zookeeper/jmx/server/quorum/ServerMXBean.java,5,26,0,0,0,0,0,0.0,0,0,0.0,0,0,0,0.0,0.0,0.0,0,0,2,1,0,no
3.0.1,src/java/jmx/org/apache/zookeeper/server/ManagedZooKeeperServerMain.java,35,44,2,1,0,16,8,8.0,14,7,7.0,18,12,6,6.0,2.0,2.0,0,0,4,4,0,no
3.0.1,src/java/jmx/org/apache/zookeeper/server/quorum/ObservableFollowerZooKeeperServer.java,22,25,0,0,0,0,0,0.0,0,0,0.0,0,0,0,0.0,0.0,0.0,0,0,2,2,0,no
3.0.1,src/java/jmx/org/apache/zookeeper/server/quorum/ObservableLeaderZooKeeperServer.java,22,25,0,0,0,0,0,0.0,0,0,0.0,0,0,0,0.0,0.0,0.0,0,0,2,2,0,no
3.0.1,src/java/jmx/org/apache/zookeeper/server/util/ConnectionObserver.java,6,29,0,0,0,0,0,0.0,0,0,0.0,0,0,0,0.0,0.0,0.0,0,0,2,1,0,no
3.0.1,src/java/jmx/org/apache/zookeeper/server/util/DataTreeObserver.java,9,41,0,0,0,0,0,0.0,0,0,0.0,0,0,0,0.0,0.0,0.0,0,0,2,1,0,no
3.0.1,src/java/jmx/org/apache/zookeeper/server/util/EventInfo.java,4,24,0,0,0,0,0,0.0,0,0,0.0,0,0,0,0.0,0.0,0.0,0,0,2,1,0,no
3.0.1,src/java/jmx/org/apache/zookeeper/server/util/ObservableComponent.java,4,28,0,0,0,0,0,0.0,0,0,0.0,0,0,0,0.0,0.0,0.0,0,0,4,1,0,no
3.0.1,src/java/jmx/org/apache/zookeeper/server/util/QuorumPeerObserver.java,13,53,0,0,0,0,0,0.0,0,0,0.0,0,0,0,0.0,0.0,0.0,0,0,2,1,0,no
3.0.1,src/java/jmx/org/apache/zookeeper/server/util/ServerObserver.java,6,29,0,0,0,0,0,0.0,0,0,0.0,0,0,0,0.0,0.0,0.0,0,0,2,1,0,no
3.0.1,src/java/main/org/apache/jute/Index.java,5,32,0,0,0,0,0,0.0,0,0,0.0,0,0,0,0.0,0.0,0.0,0,0,4,1,0,no
3.0.1,src/java/main/org/apache/jute/Record.java,8,22,0,0,0,0,0,0.0,0,0,0.0,0,0,0,0.0,0.0,0.0,0,0,2,1,0,no
3.0.1,src/java/main/org/apache/jute/compiler/JBoolean.java,15,22,0,0,0,0,0,0.0,0,0,0.0,0,0,0,0.0,0.0,0.0,0,0,2,2,0,no
3.0.1,src/java/main/org/apache/jute/compiler/JByte.java,9,22,0,0,0,0,0,0.0,0,0,0.0,0,0,0,0.0,0.0,0.0,0,0,2,2,0,no
3.0.1,src/java/main/org/apache/jute/compiler/JCompType.java,24,24,0,0,0,0,0,0.0,0,0,0.0,0,0,0,0.0,0.0,0.0,0,0,3,2,0,no
3.0.1,src/java/main/org/apache/jute/compiler/JDouble.java,13,22,0,0,0,0,0,0.0,0,0,0.0,0,0,0,0.0,0.0,0.0,0,0,2,2,0,no
3.0.1,src/java/main/org/apache/jute/compiler/JFloat.java,12,22,0,0,0,0,0,0.0,0,0,0.0,0,0,0,0.0,0.0,0.0,0,0,2,2,0,no
3.0.1,src/java/main/org/apache/jute/compiler/JInt.java,9,22,0,0,0,0,0,0.0,0,0,0.0,0,0,0,0.0,0.0,0.0,0,0,2,2,0,no
3.0.1,src/java/main/org/apache/jute/compiler/JLong.java,12,22,0,0,0,0,0,0.0,0,0,0.0,0,0,0,0.0,0.0,0.0,0,0,2,2,0,no
3.0.1,src/java/main/org/apache/jute/compiler/JString.java,19,22,0,0,0,0,0,0.0,0,0,0.0,0,0,0,0.0,0.0,0.0,0,0,3,3,0,no
3.0.1,src/java/main/org/apache/zookeeper/AsyncCallback.java,27,17,0,0,0,0,0,0.0,0,0,0.0,0,0,0,0.0,0.0,0.0,0,0,2,2,0,no
3.0.1,src/java/main/org/apache/zookeeper/ClientWatchManager.java,5,31,0,0,0,0,0,0.0,0,0,0.0,0,0,0,0.0,0.0,0.0,0,0,4,1,0,no
3.0.1,src/java/main/org/apache/zookeeper/server/RequestProcessor.java,5,29,0,0,0,0,0,0.0,0,0,0.0,0,0,0,0.0,0.0,0.0,0,0,2,1,0,no
3.0.1,src/java/main/org/apache/zookeeper/server/SessionTracker.java,14,34,0,0,0,0,0,0.0,0,0,0.0,0,0,0,0.0,0.0,0.0,0,0,3,2,0,no
3.0.1,src/java/main/org/apache/zookeeper/server/auth/AuthenticationProvider.java,9,65,0,0,0,0,0,0.0,0,0,0.0,0,0,0,0.0,0.0,0.0,0,0,9,1,0,no
3.0.1,src/java/main/org/apache/zookeeper/server/auth/HostAuthenticationProvider.java,40,18,0,0,0,0,0,0.0,0,0,0.0,0,0,0,0.0,0.0,0.0,0,0,8,4,0,no
3.0.1,src/java/main/org/apache/zookeeper/server/persistence/SnapShot.java,13,41,0,0,0,0,0,0.0,0,0,0.0,0,0,0,0.0,0.0,0.0,0,0,4,1,0,no
3.0.1,src/java/main/org/apache/zookeeper/server/persistence/TxnLog.java,19,81,0,0,0,0,0,0.0,0,0,0.0,0,0,0,0.0,0.0,0.0,0,0,6,2,0,no
3.0.1,src/java/main/org/apache/zookeeper/server/quorum/AckRequestProcessor.java,14,25,0,0,0,0,0,0.0,0,0,0.0,0,0,0,0.0,0.0,0.0,0,0,3,2,0,no
3.0.1,src/java/main/org/apache/zookeeper/server/quorum/Election.java,5,17,0,0,0,0,0,0.0,0,0,0.0,0,0,0,0.0,0.0,0.0,0,0,2,1,0,no
3.0.1,src/java/main/org/apache/zookeeper/server/quorum/FollowerSyncRequest.java,13,17,0,0,0,0,0,0.0,0,0,0.0,0,0,0,0.0,0.0,0.0,0,0,2,2,0,no
3.0.1,src/java/main/org/apache/zookeeper/server/quorum/ProposalRequestProcessor.java,32,32,0,0,0,0,0,0.0,0,0,0.0,0,0,0,0.0,0.0,0.0,0,0,6,4,0,no
3.1.0,src/contrib/bookkeeper/benchmark/org/apache/bookkeeper/benchmark/MySqlClient.java,87,34,1,1,0,137,137,137.0,137,137,137.0,137,28,28,28.0,2.0,2.0,0,0,5,3,0,no
3.1.0,src/contrib/bookkeeper/benchmark/org/apache/bookkeeper/benchmark/TestClient.java,192,51,1,1,0,269,269,269.0,269,269,269.0,269,28,28,28.0,2.0,2.0,0,0,19,4,0,yes
3.1.0,src/contrib/bookkeeper/src/java/org/apache/bookkeeper/bookie/Bookie.java,274,33,1,1,0,343,343,343.0,343,343,343.0,343,28,28,28.0,2.0,2.0,0,0,32,7,0,yes
3.1.0,src/contrib/bookkeeper/src/java/org/apache/bookkeeper/bookie/LedgerDescriptor.java,91,49,1,1,0,154,154,154.0,154,154,154.0,154,28,28,28.0,2.0,2.0,0,0,8,3,0,no
3.1.0,src/contrib/bookkeeper/src/java/org/apache/bookkeeper/client/AddCallback.java,4,31,1,1,0,37,37,37.0,37,37,37.0,37,28,28,28.0,2.0,2.0,0,0,3,1,0,no
3.1.0,src/contrib/bookkeeper/src/java/org/apache/bookkeeper/client/BKException.java,88,24,1,1,0,130,130,130.0,130,130,130.0,130,28,28,28.0,2.0,2.0,0,0,14,3,0,no
3.1.0,src/contrib/bookkeeper/src/java/org/apache/bookkeeper/client/BookKeeper.java,368,237,1,1,0,701,701,701.0,701,701,701.0,701,28,28,28.0,2.0,2.0,0,0,43,5,0,no
3.1.0,src/contrib/bookkeeper/src/java/org/apache/bookkeeper/client/BookieHandle.java,133,85,1,1,0,250,250,250.0,250,250,250.0,250,28,28,28.0,2.0,2.0,0,0,12,7,0,yes
3.1.0,src/contrib/bookkeeper/src/java/org/apache/bookkeeper/client/ClientCBWorker.java,70,26,1,1,0,112,112,112.0,112,112,112.0,112,28,28,28.0,2.0,2.0,0,0,10,7,0,yes
3.1.0,src/contrib/bookkeeper/src/java/org/apache/bookkeeper/client/ErrorCodes.java,5,20,1,1,0,29,29,29.0,29,29,29.0,29,28,28,28.0,2.0,2.0,0,0,2,1,0,no
3.1.0,src/contrib/bookkeeper/src/java/org/apache/bookkeeper/client/LedgerEntry.java,26,26,1,1,0,63,63,63.0,63,63,63.0,63,28,28,28.0,2.0,2.0,0,0,3,2,0,no
3.1.0,src/contrib/bookkeeper/src/java/org/apache/bookkeeper/client/LedgerHandle.java,192,98,1,1,0,349,349,349.0,349,349,349.0,349,28,28,28.0,2.0,2.0,0,0,12,5,0,yes
3.1.0,src/contrib/bookkeeper/src/java/org/apache/bookkeeper/client/LedgerRecoveryMonitor.java,133,46,1,1,0,213,213,213.0,213,213,213.0,213,28,28,28.0,2.0,2.0,0,0,21,6,0,yes
3.1.0,src/contrib/bookkeeper/src/java/org/apache/bookkeeper/client/LedgerSequence.java,29,25,1,1,0,65,65,65.0,65,65,65.0,65,28,28,28.0,2.0,2.0,0,0,3,2,0,no
3.1.0,src/contrib/bookkeeper/src/java/org/apache/bookkeeper/client/LedgerStream.java,50,41,1,1,0,104,104,104.0,104,104,104.0,104,28,28,28.0,2.0,2.0,0,0,9,7,0,no
3.1.0,src/contrib/bookkeeper/src/java/org/apache/bookkeeper/client/QuorumEngine.java,181,39,1,1,0,265,265,265.0,265,265,265.0,265,28,28,28.0,2.0,2.0,0,0,8,6,0,no
3.1.0,src/contrib/bookkeeper/src/java/org/apache/bookkeeper/client/QuorumOpMonitor.java,265,153,1,1,0,496,496,496.0,496,496,496.0,496,28,28,28.0,2.0,2.0,0,0,55,10,0,no
3.1.0,src/contrib/bookkeeper/src/java/org/apache/bookkeeper/client/ReadCallback.java,4,31,1,1,0,38,38,38.0,38,38,38.0,38,28,28,28.0,2.0,2.0,0,0,2,1,0,no
3.1.0,src/contrib/bookkeeper/src/java/org/apache/bookkeeper/proto/BookieClient.java,226,74,1,1,0,342,342,342.0,342,342,342.0,342,28,28,28.0,2.0,2.0,0,0,19,7,0,yes
3.1.0,src/contrib/bookkeeper/src/java/org/apache/bookkeeper/proto/BookieProtocol.java,10,57,1,1,0,70,70,70.0,70,70,70.0,70,28,28,28.0,2.0,2.0,0,0,3,1,0,no
3.1.0,src/contrib/bookkeeper/src/java/org/apache/bookkeeper/proto/BookieServer.java,136,31,1,1,0,179,179,179.0,179,179,179.0,179,28,28,28.0,2.0,2.0,0,0,17,5,0,no
3.1.0,src/contrib/bookkeeper/src/java/org/apache/bookkeeper/proto/NIOServerFactory.java,366,106,1,1,0,532,532,532.0,532,532,532.0,532,28,28,28.0,2.0,2.0,0,0,47,8,0,yes
3.1.0,src/contrib/bookkeeper/src/java/org/apache/bookkeeper/proto/ReadEntryCallback.java,5,26,1,1,0,35,35,35.0,35,35,35.0,35,28,28,28.0,2.0,2.0,0,0,4,1,0,no
3.1.0,src/contrib/bookkeeper/src/java/org/apache/bookkeeper/proto/ServerStats.java,105,15,1,1,0,133,133,133.0,133,133,133.0,133,28,28,28.0,2.0,2.0,0,0,5,3,0,no
3.1.0,src/contrib/bookkeeper/src/java/org/apache/bookkeeper/proto/WriteCallback.java,4,26,1,1,0,32,32,32.0,32,32,32.0,32,28,28,28.0,2.0,2.0,0,0,4,1,0,no
3.1.0,src/contrib/bookkeeper/src/java/org/apache/bookkeeper/util/ClientBase.java,245,51,1,1,0,343,343,343.0,343,343,343.0,343,28,28,28.0,2.0,2.0,0,0,26,6,0,no
3.1.0,src/contrib/bookkeeper/src/java/org/apache/bookkeeper/util/LocalBookKeeper.java,112,33,1,1,0,164,164,164.0,164,164,164.0,164,28,28,28.0,2.0,2.0,0,0,8,4,0,yes
3.1.0,src/contrib/bookkeeper/src/java/org/apache/bookkeeper/util/Main.java,23,25,1,1,0,55,55,55.0,55,55,55.0,55,28,28,28.0,2.0,2.0,0,0,4,3,0,no
3.1.0,src/contrib/fatjar/src/java/org/apache/zookeeper/util/FatJarMain.java,79,41,1,1,0,126,126,126.0,126,126,126.0,126,1,1,1.0,5.0,5.0,0,0,12,4,0,no
3.1.0,src/java/main/org/apache/jute/Index.java,5,32,0,0,0,0,0,0.0,0,0,0.0,0,0,0,0.0,0.0,0.0,0,0,4,1,0,no
3.1.0,src/java/main/org/apache/jute/Record.java,8,22,0,0,0,0,0,0.0,0,0,0.0,0,0,0,0.0,0.0,0.0,0,0,2,1,0,no
3.1.0,src/java/main/org/apache/jute/compiler/JBoolean.java,15,22,0,0,0,0,0,0.0,0,0,0.0,0,0,0,0.0,0.0,0.0,0,0,2,2,0,no
3.1.0,src/java/main/org/apache/jute/compiler/JByte.java,9,22,0,0,0,0,0,0.0,0,0,0.0,0,0,0,0.0,0.0,0.0,0,0,2,2,0,no
3.1.0,src/java/main/org/apache/jute/compiler/JCompType.java,24,24,0,0,0,0,0,0.0,0,0,0.0,0,0,0,0.0,0.0,0.0,0,0,3,2,0,no
3.1.0,src/java/main/org/apache/jute/compiler/JDouble.java,13,22,0,0,0,0,0,0.0,0,0,0.0,0,0,0,0.0,0.0,0.0,0,0,2,2,0,no
3.1.0,src/java/main/org/apache/jute/compiler/JFloat.java,12,22,0,0,0,0,0,0.0,0,0,0.0,0,0,0,0.0,0.0,0.0,0,0,2,2,0,no
3.1.0,src/java/main/org/apache/jute/compiler/JInt.java,9,22,0,0,0,0,0,0.0,0,0,0.0,0,0,0,0.0,0.0,0.0,0,0,2,2,0,no
3.1.0,src/java/main/org/apache/jute/compiler/JLong.java,12,22,0,0,0,0,0,0.0,0,0,0.0,0,0,0,0.0,0.0,0.0,0,0,2,2,0,no
3.1.0,src/java/main/org/apache/jute/compiler/JString.java,19,22,0,0,0,0,0,0.0,0,0,0.0,0,0,0,0.0,0.0,0.0,0,0,3,3,0,no
3.1.0,src/java/main/org/apache/zookeeper/AsyncCallback.java,27,17,0,0,0,0,0,0.0,0,0,0.0,0,0,0,0.0,0.0,0.0,0,0,2,2,0,no
3.1.0,src/java/main/org/apache/zookeeper/ClientWatchManager.java,5,31,0,0,0,0,0,0.0,0,0,0.0,0,0,0,0.0,0.0,0.0,0,0,4,1,0,no
3.1.0,src/java/main/org/apache/zookeeper/Environment.java,68,21,1,1,0,100,100,100.0,100,100,100.0,100,5,5,5.0,10.0,10.0,0,0,3,3,0,no
3.1.0,src/java/main/org/apache/zookeeper/Quotas.java,15,45,1,1,0,68,68,68.0,68,68,68.0,68,7,7,7.0,1.0,1.0,0,0,4,2,0,no
3.1.0,src/java/main/org/apache/zookeeper/StatsTrack.java,37,55,1,1,0,101,101,101.0,101,101,101.0,101,7,7,7.0,1.0,1.0,0,0,8,3,0,no
3.1.0,src/java/main/org/apache/zookeeper/common/PathTrie.java,154,108,1,1,0,280,280,280.0,280,280,280.0,280,7,7,7.0,1.0,1.0,0,0,28,5,0,no
3.1.0,src/java/main/org/apache/zookeeper/jmx/CommonNames.java,6,21,0,0,0,0,0,0.0,0,0,0.0,0,0,0,0.0,0.0,0.0,0,0,2,1,0,no
3.1.0,src/java/main/org/apache/zookeeper/jmx/MBeanRegistry.java,123,57,2,1,0,68,34,34.0,28,14,14.0,108,16,8,8.0,1.0,1.0,0,0,17,4,0,no
3.1.0,src/java/main/org/apache/zookeeper/jmx/ManagedUtil.java,30,30,0,0,0,0,0,0.0,0,0,0.0,0,0,0,0.0,0.0,0.0,0,0,5,3,0,no
3.1.0,src/java/main/org/apache/zookeeper/jmx/ZKMBeanInfo.java,5,29,0,0,0,0,0,0.0,0,0,0.0,0,0,0,0.0,0.0,0.0,0,0,5,1,0,no
3.1.0,src/java/main/org/apache/zookeeper/server/ConnectionBean.java,81,20,2,1,0,42,21,21.0,24,12,12.0,60,16,8,8.0,1.0,1.0,0,0,5,3,0,no
3.1.0,src/java/main/org/apache/zookeeper/server/ConnectionMXBean.java,13,52,0,0,0,0,0,0.0,0,0,0.0,0,0,0,0.0,0.0,0.0,0,0,2,1,0,no
3.1.0,src/java/main/org/apache/zookeeper/server/DataTreeBean.java,37,20,0,0,0,0,0,0.0,0,0,0.0,0,0,0,0.0,0.0,0.0,0,0,3,3,0,no
3.1.0,src/java/main/org/apache/zookeeper/server/DataTreeMXBean.java,8,36,0,0,0,0,0,0.0,0,0,0.0,0,0,0,0.0,0.0,0.0,0,0,2,1,0,no
3.1.0,src/java/main/org/apache/zookeeper/server/RequestProcessor.java,5,29,0,0,0,0,0,0.0,0,0,0.0,0,0,0,0.0,0.0,0.0,0,0,2,1,0,no
3.1.0,src/java/main/org/apache/zookeeper/server/SessionTracker.java,14,34,0,0,0,0,0,0.0,0,0,0.0,0,0,0,0.0,0.0,0.0,0,0,3,2,0,yes
3.1.0,src/java/main/org/apache/zookeeper/server/ZooKeeperServerBean.java,71,20,2,1,0,2,1,1.0,4,2,2.0,8,16,8,8.0,1.0,1.0,0,0,2,3,0,no
3.1.0,src/java/main/org/apache/zookeeper/server/ZooKeeperServerMXBean.java,17,62,0,0,0,0,0,0.0,0,0,0.0,0,0,0,0.0,0.0,0.0,0,0,2,1,0,no
3.1.0,src/java/main/org/apache/zookeeper/server/auth/AuthenticationProvider.java,10,65,1,1,0,2,2,2.0,1,1,1.0,3,12,12,12.0,7.0,7.0,0,0,9,1,0,no
3.1.0,src/java/main/org/apache/zookeeper/server/auth/HostAuthenticationProvider.java,42,18,1,1,0,4,4,4.0,2,2,2.0,6,12,12,12.0,7.0,7.0,0,0,8,4,0,yes
3.1.0,src/java/main/org/apache/zookeeper/server/persistence/SnapShot.java,13,41,0,0,0,0,0,0.0,0,0,0.0,0,0,0,0.0,0.0,0.0,0,0,4,1,0,no
3.1.0,src/java/main/org/apache/zookeeper/server/persistence/TxnLog.java,19,81,0,0,0,0,0,0.0,0,0,0.0,0,0,0,0.0,0.0,0.0,0,0,6,2,0,no
3.1.0,src/java/main/org/apache/zookeeper/server/quorum/AckRequestProcessor.java,14,25,0,0,0,0,0,0.0,0,0,0.0,0,0,0,0.0,0.0,0.0,0,0,3,2,0,no
3.1.0,src/java/main/org/apache/zookeeper/server/quorum/Election.java,5,17,0,0,0,0,0,0.0,0,0,0.0,0,0,0,0.0,0.0,0.0,0,0,2,1,0,no
3.1.0,src/java/main/org/apache/zookeeper/server/quorum/FollowerBean.java,22,20,0,0,0,0,0,0.0,0,0,0.0,0,0,0,0.0,0.0,0.0,0,0,2,2,0,no
3.1.0,src/java/main/org/apache/zookeeper/server/quorum/FollowerMXBean.java,7,29,0,0,0,0,0,0.0,0,0,0.0,0,0,0,0.0,0.0,0.0,0,0,2,1,0,no
3.1.0,src/java/main/org/apache/zookeeper/server/quorum/FollowerSyncRequest.java,13,17,0,0,0,0,0,0.0,0,0,0.0,0,0,0,0.0,0.0,0.0,0,0,2,2,0,no
3.1.0,src/java/main/org/apache/zookeeper/server/quorum/LeaderBean.java,25,20,0,0,0,0,0,0.0,0,0,0.0,0,0,0,0.0,0.0,0.0,0,0,3,3,0,no
3.1.0,src/java/main/org/apache/zookeeper/server/quorum/LeaderElectionBean.java,15,20,0,0,0,0,0,0.0,0,0,0.0,0,0,0,0.0,0.0,0.0,0,0,2,2,0,no
3.1.0,src/java/main/org/apache/zookeeper/server/quorum/LeaderElectionMXBean.java,4,24,0,0,0,0,0,0.0,0,0,0.0,0,0,0,0.0,0.0,0.0,0,0,2,1,0,no
3.1.0,src/java/main/org/apache/zookeeper/server/quorum/LeaderMXBean.java,6,26,0,0,0,0,0,0.0,0,0,0.0,0,0,0,0.0,0.0,0.0,0,0,2,1,0,no
3.1.0,src/java/main/org/apache/zookeeper/server/quorum/LocalPeerBean.java,35,20,1,1,0,68,68,68.0,68,68,68.0,68,66,66,66.0,4.0,4.0,0,0,2,2,0,no
3.1.0,src/java/main/org/apache/zookeeper/server/quorum/LocalPeerMXBean.java,10,44,1,1,0,64,64,64.0,64,64,64.0,64,66,66,66.0,4.0,4.0,0,0,2,1,0,no
3.1.0,src/java/main/org/apache/zookeeper/server/quorum/ProposalRequestProcessor.java,31,32,1,1,0,0,0,0.0,1,1,1.0,1,66,66,66.0,4.0,4.0,0,0,6,4,0,no
3.1.0,src/java/main/org/apache/zookeeper/server/quorum/QuorumBean.java,20,17,0,0,0,0,0,0.0,0,0,0.0,0,0,0,0.0,0.0,0.0,0,0,2,2,0,no
3.1.0,src/java/main/org/apache/zookeeper/server/quorum/QuorumMXBean.java,5,26,0,0,0,0,0,0.0,0,0,0.0,0,0,0,0.0,0.0,0.0,0,0,2,1,0,no
3.1.0,src/java/main/org/apache/zookeeper/server/quorum/RemotePeerBean.java,18,21,0,0,0,0,0,0.0,0,0,0.0,0,0,0,0.0,0.0,0.0,0,0,2,2,0,no
3.1.0,src/java/main/org/apache/zookeeper/server/quorum/RemotePeerMXBean.java,5,26,0,0,0,0,0,0.0,0,0,0.0,0,0,0,0.0,0.0,0.0,0,0,3,1,0,no
3.1.0,src/java/main/org/apache/zookeeper/server/quorum/ServerBean.java,12,20,0,0,0,0,0,0.0,0,0,0.0,0,0,0,0.0,0.0,0.0,0,0,3,2,0,no
3.1.0,src/java/main/org/apache/zookeeper/server/quorum/ServerMXBean.java,5,26,0,0,0,0,0,0.0,0,0,0.0,0,0,0,0.0,0.0,0.0,0,0,2,1,0,no
3.1.1,src/contrib/bookkeeper/src/java/org/apache/bookkeeper/client/AddCallback.java,4,31,1,1,0,37,37,37.0,37,37,37.0,37,28,28,28.0,8.0,8.0,0,0,3,1,0,no
3.1.1,src/contrib/bookkeeper/src/java/org/apache/bookkeeper/client/ErrorCodes.java,5,20,1,1,0,29,29,29.0,29,29,29.0,29,28,28,28.0,8.0,8.0,0,0,2,1,0,no
3.1.1,src/contrib/bookkeeper/src/java/org/apache/bookkeeper/client/ReadCallback.java,4,31,1,1,0,38,38,38.0,38,38,38.0,38,28,28,28.0,8.0,8.0,0,0,2,1,0,no
3.1.1,src/contrib/bookkeeper/src/java/org/apache/bookkeeper/proto/ReadEntryCallback.java,5,26,1,1,0,35,35,35.0,35,35,35.0,35,28,28,28.0,8.0,8.0,0,0,4,1,0,no
3.1.1,src/contrib/bookkeeper/src/java/org/apache/bookkeeper/proto/WriteCallback.java,4,26,1,1,0,32,32,32.0,32,32,32.0,32,28,28,28.0,8.0,8.0,0,0,4,1,0,no
3.1.1,src/java/main/org/apache/jute/Index.java,5,32,0,0,0,0,0,0.0,0,0,0.0,0,0,0,0.0,0.0,0.0,0,0,4,1,0,no
3.1.1,src/java/main/org/apache/jute/Record.java,8,22,0,0,0,0,0,0.0,0,0,0.0,0,0,0,0.0,0.0,0.0,0,0,2,1,0,no
3.1.1,src/java/main/org/apache/jute/compiler/JBoolean.java,15,22,0,0,0,0,0,0.0,0,0,0.0,0,0,0,0.0,0.0,0.0,0,0,2,2,0,no
3.1.1,src/java/main/org/apache/jute/compiler/JByte.java,9,22,0,0,0,0,0,0.0,0,0,0.0,0,0,0,0.0,0.0,0.0,0,0,2,2,0,no
3.1.1,src/java/main/org/apache/jute/compiler/JCompType.java,24,24,0,0,0,0,0,0.0,0,0,0.0,0,0,0,0.0,0.0,0.0,0,0,3,2,0,no
3.1.1,src/java/main/org/apache/jute/compiler/JDouble.java,13,22,0,0,0,0,0,0.0,0,0,0.0,0,0,0,0.0,0.0,0.0,0,0,2,2,0,no
3.1.1,src/java/main/org/apache/jute/compiler/JFloat.java,12,22,0,0,0,0,0,0.0,0,0,0.0,0,0,0,0.0,0.0,0.0,0,0,2,2,0,no
3.1.1,src/java/main/org/apache/jute/compiler/JInt.java,9,22,0,0,0,0,0,0.0,0,0,0.0,0,0,0,0.0,0.0,0.0,0,0,2,2,0,no
3.1.1,src/java/main/org/apache/jute/compiler/JLong.java,12,22,0,0,0,0,0,0.0,0,0,0.0,0,0,0,0.0,0.0,0.0,0,0,2,2,0,no
3.1.1,src/java/main/org/apache/jute/compiler/JString.java,19,22,0,0,0,0,0,0.0,0,0,0.0,0,0,0,0.0,0.0,0.0,0,0,3,3,0,no
3.1.1,src/java/main/org/apache/zookeeper/AsyncCallback.java,27,17,0,0,0,0,0,0.0,0,0,0.0,0,0,0,0.0,0.0,0.0,0,0,2,2,0,no
3.1.1,src/java/main/org/apache/zookeeper/ClientWatchManager.java,5,31,0,0,0,0,0,0.0,0,0,0.0,0,0,0,0.0,0.0,0.0,0,0,4,1,0,no
3.1.1,src/java/main/org/apache/zookeeper/jmx/CommonNames.java,6,21,0,0,0,0,0,0.0,0,0,0.0,0,0,0,0.0,0.0,0.0,0,0,2,1,0,no
3.1.1,src/java/main/org/apache/zookeeper/jmx/ZKMBeanInfo.java,5,29,0,0,0,0,0,0.0,0,0,0.0,0,0,0,0.0,0.0,0.0,0,0,5,1,0,no
3.1.1,src/java/main/org/apache/zookeeper/server/ConnectionMXBean.java,13,52,0,0,0,0,0,0.0,0,0,0.0,0,0,0,0.0,0.0,0.0,0,0,2,1,0,no
3.1.1,src/java/main/org/apache/zookeeper/server/DataTreeMXBean.java,8,36,0,0,0,0,0,0.0,0,0,0.0,0,0,0,0.0,0.0,0.0,0,0,2,1,0,no
3.1.1,src/java/main/org/apache/zookeeper/server/RequestProcessor.java,5,29,0,0,0,0,0,0.0,0,0,0.0,0,0,0,0.0,0.0,0.0,0,0,2,1,0,no
3.1.1,src/java/main/org/apache/zookeeper/server/ServerStats.java,93,22,3,2,0,32,25,10.666666666666666,20,14,6.666666666666667,72,77,66,25.666666666666668,13.0,10.083333333333334,0,0,6,3,0,no
3.1.1,src/java/main/org/apache/zookeeper/server/SessionTracker.java,14,34,0,0,0,0,0,0.0,0,0,0.0,0,0,0,0.0,0.0,0.0,0,0,3,2,0,yes
3.1.1,src/java/main/org/apache/zookeeper/server/ZooKeeperServerBean.java,71,20,2,1,0,2,1,1.0,4,2,2.0,8,16,8,8.0,7.0,7.0,0,0,2,3,0,no
3.1.1,src/java/main/org/apache/zookeeper/server/ZooKeeperServerMXBean.java,17,62,0,0,0,0,0,0.0,0,0,0.0,0,0,0,0.0,0.0,0.0,0,0,2,1,0,no
3.1.1,src/java/main/org/apache/zookeeper/server/auth/AuthenticationProvider.java,10,65,1,1,0,2,2,2.0,1,1,1.0,3,12,12,12.0,13.0,13.0,0,0,9,1,0,no
3.1.1,src/java/main/org/apache/zookeeper/server/auth/HostAuthenticationProvider.java,42,18,1,1,0,4,4,4.0,2,2,2.0,6,12,12,12.0,13.0,13.0,0,0,8,4,0,yes
3.1.1,src/java/main/org/apache/zookeeper/server/persistence/SnapShot.java,13,41,0,0,0,0,0,0.0,0,0,0.0,0,0,0,0.0,0.0,0.0,0,0,4,1,0,no
3.1.1,src/java/main/org/apache/zookeeper/server/persistence/TxnLog.java,19,82,1,1,0,2,2,2.0,1,1,1.0,3,14,14,14.0,5.0,5.0,0,0,6,2,0,no
3.1.1,src/java/main/org/apache/zookeeper/server/quorum/AckRequestProcessor.java,14,25,0,0,0,0,0,0.0,0,0,0.0,0,0,0,0.0,0.0,0.0,0,0,3,2,0,no
3.1.1,src/java/main/org/apache/zookeeper/server/quorum/Election.java,5,17,0,0,0,0,0,0.0,0,0,0.0,0,0,0,0.0,0.0,0.0,0,0,2,1,0,no
3.1.1,src/java/main/org/apache/zookeeper/server/quorum/FollowerMXBean.java,7,29,0,0,0,0,0,0.0,0,0,0.0,0,0,0,0.0,0.0,0.0,0,0,2,1,0,no
3.1.1,src/java/main/org/apache/zookeeper/server/quorum/FollowerSyncRequest.java,13,17,0,0,0,0,0,0.0,0,0,0.0,0,0,0,0.0,0.0,0.0,0,0,2,2,0,no
3.1.1,src/java/main/org/apache/zookeeper/server/quorum/LeaderElectionBean.java,15,20,0,0,0,0,0,0.0,0,0,0.0,0,0,0,0.0,0.0,0.0,0,0,2,2,0,no
3.1.1,src/java/main/org/apache/zookeeper/server/quorum/LeaderElectionMXBean.java,4,24,0,0,0,0,0,0.0,0,0,0.0,0,0,0,0.0,0.0,0.0,0,0,2,1,0,no
3.1.1,src/java/main/org/apache/zookeeper/server/quorum/LeaderMXBean.java,6,26,0,0,0,0,0,0.0,0,0,0.0,0,0,0,0.0,0.0,0.0,0,0,2,1,0,no
3.1.1,src/java/main/org/apache/zookeeper/server/quorum/LocalPeerBean.java,35,20,1,1,0,68,68,68.0,68,68,68.0,68,66,66,66.0,10.0,10.0,0,0,2,2,0,no
3.1.1,src/java/main/org/apache/zookeeper/server/quorum/LocalPeerMXBean.java,10,44,1,1,0,64,64,64.0,64,64,64.0,64,66,66,66.0,10.0,10.0,0,0,2,1,0,no
3.1.1,src/java/main/org/apache/zookeeper/server/quorum/ProposalRequestProcessor.java,31,32,1,1,0,0,0,0.0,1,1,1.0,1,66,66,66.0,10.0,10.0,0,0,6,4,0,no
3.1.1,src/java/main/org/apache/zookeeper/server/quorum/QuorumBean.java,20,17,0,0,0,0,0,0.0,0,0,0.0,0,0,0,0.0,0.0,0.0,0,0,2,2,0,no
3.1.1,src/java/main/org/apache/zookeeper/server/quorum/QuorumMXBean.java,5,26,0,0,0,0,0,0.0,0,0,0.0,0,0,0,0.0,0.0,0.0,0,0,2,1,0,no
3.1.1,src/java/main/org/apache/zookeeper/server/quorum/RemotePeerMXBean.java,5,26,0,0,0,0,0,0.0,0,0,0.0,0,0,0,0.0,0.0,0.0,0,0,3,1,0,no
3.1.1,src/java/main/org/apache/zookeeper/server/quorum/ServerBean.java,12,20,0,0,0,0,0,0.0,0,0,0.0,0,0,0,0.0,0.0,0.0,0,0,3,2,0,no
3.1.1,src/java/main/org/apache/zookeeper/server/quorum/ServerMXBean.java,5,26,0,0,0,0,0,0.0,0,0,0.0,0,0,0,0.0,0.0,0.0,0,0,2,1,0,no
3.2.0,src/contrib/bookkeeper/src/java/org/apache/bookkeeper/bookie/BookieException.java,48,20,1,1,0,81,81,81.0,81,81,81.0,81,14,14,14.0,14.0,14.0,0,0,6,3,0,no
3.2.0,src/contrib/bookkeeper/src/java/org/apache/bookkeeper/client/AsyncCallback.java,18,54,2,2,0,82,82,41.0,83,82,41.5,83,28,15,14.0,5.0,4.963855421686747,0,0,3,2,0,no
3.2.0,src/contrib/bookkeeper/src/java/org/apache/bookkeeper/client/BKDefs.java,18,70,2,2,0,107,69,53.5,107,69,53.5,107,28,15,14.0,5.0,3.934579439252337,0,0,4,1,0,no
3.2.0,src/contrib/bookkeeper/src/java/org/apache/bookkeeper/client/LedgerManagementProcessor.java,736,402,2,2,0,1286,1144,643.0,1272,1144,636.0,1300,28,15,14.0,5.0,4.64,0,0,104,7,0,no
3.2.0,src/contrib/bookkeeper/src/java/org/apache/bookkeeper/proto/ReadEntryCallback.java,5,26,1,1,0,35,35,35.0,35,35,35.0,35,28,28,28.0,22.0,22.0,0,0,4,1,0,no
3.2.0,src/contrib/bookkeeper/src/java/org/apache/bookkeeper/proto/WriteCallback.java,4,26,1,1,0,32,32,32.0,32,32,32.0,32,28,28,28.0,22.0,22.0,0,0,4,1,0,no
3.2.0,src/contrib/bookkeeper/src/java/org/apache/bookkeeper/streaming/LedgerInputStream.java,103,50,1,1,0,164,164,164.0,164,164,164.0,164,12,12,12.0,9.0,9.0,0,0,13,4,0,no
3.2.0,src/contrib/bookkeeper/src/java/org/apache/bookkeeper/streaming/LedgerOutputStream.java,84,52,2,2,0,148,143,74.0,148,143,74.0,148,27,15,13.5,9.0,8.763513513513514,0,0,13,4,0,no
3.2.0,src/contrib/rest/src/java/org/apache/zookeeper/server/jersey/RestMain.java,36,26,1,1,0,78,78,78.0,78,78,78.0,78,12,12,12.0,8.0,8.0,0,0,3,2,0,no
3.2.0,src/contrib/rest/src/java/org/apache/zookeeper/server/jersey/ZooKeeperService.java,56,43,1,1,0,110,110,110.0,110,110,110.0,110,12,12,12.0,8.0,8.0,0,0,14,4,0,no
3.2.0,src/contrib/rest/src/java/org/apache/zookeeper/server/jersey/jaxb/ZChildren.java,46,23,1,1,0,80,80,80.0,80,80,80.0,80,12,12,12.0,8.0,8.0,0,0,4,3,0,no
3.2.0,src/contrib/rest/src/java/org/apache/zookeeper/server/jersey/jaxb/ZChildrenJSON.java,42,23,1,1,0,76,76,76.0,76,76,76.0,76,12,12,12.0,8.0,8.0,0,0,4,3,0,no
3.2.0,src/contrib/rest/src/java/org/apache/zookeeper/server/jersey/jaxb/ZError.java,13,21,1,1,0,41,41,41.0,41,41,41.0,41,12,12,12.0,8.0,8.0,0,0,2,2,0,no
3.2.0,src/contrib/rest/src/java/org/apache/zookeeper/server/jersey/jaxb/ZPath.java,32,21,1,1,0,63,63,63.0,63,63,63.0,63,12,12,12.0,8.0,8.0,0,0,3,3,0,no
3.2.0,src/contrib/rest/src/java/org/apache/zookeeper/server/jersey/jaxb/ZStat.java,67,26,1,1,0,106,106,106.0,106,106,106.0,106,12,12,12.0,8.0,8.0,0,0,4,3,0,no
3.2.0,src/contrib/rest/src/java/org/apache/zookeeper/server/jersey/resources/JAXBContextResolver.java,42,21,1,1,0,72,72,72.0,72,72,72.0,72,12,12,12.0,8.0,8.0,0,0,2,3,0,no
3.2.0,src/contrib/rest/src/java/org/apache/zookeeper/server/jersey/resources/KeeperExceptionMapper.java,56,20,1,1,0,86,86,86.0,86,86,86.0,86,12,12,12.0,8.0,8.0,0,0,10,3,0,no
3.2.0,src/contrib/rest/src/java/org/apache/zookeeper/server/jersey/resources/RuntimeExceptionMapper.java,22,20,1,1,0,48,48,48.0,48,48,48.0,48,12,12,12.0,8.0,8.0,0,0,2,2,0,no
3.2.0,src/contrib/rest/src/java/org/apache/zookeeper/server/jersey/resources/ZErrorWriter.java,35,20,1,1,0,63,63,63.0,63,63,63.0,63,12,12,12.0,8.0,8.0,0,0,2,2,0,no
3.2.0,src/contrib/rest/src/java/org/apache/zookeeper/server/jersey/resources/ZNodeResource.java,301,28,1,1,0,375,375,375.0,375,375,375.0,375,12,12,12.0,8.0,8.0,0,0,21,4,0,no
3.2.0,src/java/main/org/apache/jute/Index.java,5,31,1,1,0,0,0,0.0,1,1,1.0,1,31,31,31.0,6.0,6.0,0,0,4,1,0,no
3.2.0,src/java/main/org/apache/jute/Record.java,8,21,1,1,0,0,0,0.0,1,1,1.0,1,31,31,31.0,6.0,6.0,0,0,2,1,0,no
3.2.0,src/java/main/org/apache/jute/compiler/JBoolean.java,15,21,1,1,0,0,0,0.0,1,1,1.0,1,31,31,31.0,6.0,6.0,0,0,2,2,0,no
3.2.0,src/java/main/org/apache/jute/compiler/JByte.java,9,21,1,1,0,0,0,0.0,1,1,1.0,1,31,31,31.0,6.0,6.0,0,0,2,2,0,no
3.2.0,src/java/main/org/apache/jute/compiler/JCompType.java,24,22,1,1,0,0,0,0.0,2,2,2.0,2,31,31,31.0,6.0,6.0,0,0,3,2,0,no
3.2.0,src/java/main/org/apache/jute/compiler/JDouble.java,13,21,1,1,0,0,0,0.0,1,1,1.0,1,31,31,31.0,6.0,6.0,0,0,2,2,0,no
3.2.0,src/java/main/org/apache/jute/compiler/JFloat.java,12,21,1,1,0,0,0,0.0,1,1,1.0,1,31,31,31.0,6.0,6.0,0,0,2,2,0,no
3.2.0,src/java/main/org/apache/jute/compiler/JInt.java,9,21,1,1,0,0,0,0.0,1,1,1.0,1,31,31,31.0,6.0,6.0,0,0,2,2,0,no
3.2.0,src/java/main/org/apache/jute/compiler/JLong.java,12,21,1,1,0,0,0,0.0,1,1,1.0,1,31,31,31.0,6.0,6.0,0,0,2,2,0,no
3.2.0,src/java/main/org/apache/jute/compiler/JString.java,19,21,1,1,0,0,0,0.0,1,1,1.0,1,31,31,31.0,6.0,6.0,0,0,3,3,0,no
3.2.0,src/java/main/org/apache/zookeeper/AsyncCallback.java,27,17,0,0,0,0,0,0.0,0,0,0.0,0,0,0,0.0,0.0,0.0,0,0,2,2,0,no
3.2.0,src/java/main/org/apache/zookeeper/ClientWatchManager.java,5,31,0,0,0,0,0,0.0,0,0,0.0,0,0,0,0.0,0.0,0.0,0,0,4,1,0,no
3.2.0,src/java/main/org/apache/zookeeper/JLineZNodeCompletor.java,56,19,1,1,0,84,84,84.0,84,84,84.0,84,2,2,2.0,8.0,8.0,0,0,9,5,0,no
3.2.0,src/java/main/org/apache/zookeeper/common/PathUtils.java,64,31,1,1,1,103,103,103.0,103,103,103.0,103,1,1,1.0,12.0,12.0,0,0,23,5,0,no
3.2.0,src/java/main/org/apache/zookeeper/jmx/CommonNames.java,6,21,0,0,0,0,0,0.0,0,0,0.0,0,0,0,0.0,0.0,0.0,0,0,2,1,0,no
3.2.0,src/java/main/org/apache/zookeeper/jmx/ZKMBeanInfo.java,5,29,0,0,0,0,0,0.0,0,0,0.0,0,0,0,0.0,0.0,0.0,0,0,5,1,0,no
3.2.0,src/java/main/org/apache/zookeeper/server/ConnectionMXBean.java,13,52,0,0,0,0,0,0.0,0,0,0.0,0,0,0,0.0,0.0,0.0,0,0,2,1,0,no
3.2.0,src/java/main/org/apache/zookeeper/server/DataTreeMXBean.java,8,36,0,0,0,0,0,0.0,0,0,0.0,0,0,0,0.0,0.0,0.0,0,0,2,1,0,no
3.2.0,src/java/main/org/apache/zookeeper/server/RequestProcessor.java,5,29,0,0,0,0,0,0.0,0,0,0.0,0,0,0,0.0,0.0,0.0,0,0,2,1,0,no
3.2.0,src/java/main/org/apache/zookeeper/server/ServerStats.java,93,22,3,2,0,32,25,10.666666666666666,20,14,6.666666666666667,72,77,66,25.666666666666668,28.0,24.194444444444443,0,0,6,3,0,no
3.2.0,src/java/main/org/apache/zookeeper/server/SessionTracker.java,17,34,1,1,1,5,5,5.0,4,4,4.0,6,11,11,11.0,1.0,1.0,0,0,3,2,0,no
3.2.0,src/java/main/org/apache/zookeeper/server/ZooKeeperServerBean.java,71,20,2,1,0,2,1,1.0,4,2,2.0,8,16,8,8.0,21.0,21.0,0,0,2,3,0,no
3.2.0,src/java/main/org/apache/zookeeper/server/ZooKeeperServerMXBean.java,17,62,0,0,0,0,0,0.0,0,0,0.0,0,0,0,0.0,0.0,0.0,0,0,2,1,0,no
3.2.0,src/java/main/org/apache/zookeeper/server/auth/AuthenticationProvider.java,10,65,1,1,0,2,2,2.0,1,1,1.0,3,12,12,12.0,28.0,28.0,0,0,9,1,0,no
3.2.0,src/java/main/org/apache/zookeeper/server/persistence/SnapShot.java,13,41,0,0,0,0,0,0.0,0,0,0.0,0,0,0,0.0,0.0,0.0,0,0,4,1,0,no
3.2.0,src/java/main/org/apache/zookeeper/server/persistence/TxnLog.java,19,82,1,1,0,2,2,2.0,1,1,1.0,3,14,14,14.0,19.0,19.0,0,0,6,2,0,no
3.2.0,src/java/main/org/apache/zookeeper/server/quorum/AckRequestProcessor.java,20,25,2,2,0,10,9,5.0,8,8,4.0,12,25,13,12.5,10.0,7.5,0,0,4,2,0,no
3.2.0,src/java/main/org/apache/zookeeper/server/quorum/Election.java,5,17,0,0,0,0,0,0.0,0,0,0.0,0,0,0,0.0,0.0,0.0,0,0,2,1,0,no
3.2.0,src/java/main/org/apache/zookeeper/server/quorum/FollowerMXBean.java,7,29,0,0,0,0,0,0.0,0,0,0.0,0,0,0,0.0,0.0,0.0,0,0,2,1,0,no
3.2.0,src/java/main/org/apache/zookeeper/server/quorum/FollowerSyncRequest.java,13,17,0,0,0,0,0,0.0,0,0,0.0,0,0,0,0.0,0.0,0.0,0,0,2,2,0,no
3.2.0,src/java/main/org/apache/zookeeper/server/quorum/LeaderElectionBean.java,15,20,0,0,0,0,0,0.0,0,0,0.0,0,0,0,0.0,0.0,0.0,0,0,2,2,0,no
3.2.0,src/java/main/org/apache/zookeeper/server/quorum/LeaderElectionMXBean.java,4,24,0,0,0,0,0,0.0,0,0,0.0,0,0,0,0.0,0.0,0.0,0,0,2,1,0,no
3.2.0,src/java/main/org/apache/zookeeper/server/quorum/LeaderMXBean.java,6,26,0,0,0,0,0,0.0,0,0,0.0,0,0,0,0.0,0.0,0.0,0,0,2,1,0,no
3.2.0,src/java/main/org/apache/zookeeper/server/quorum/LocalPeerBean.java,35,20,1,1,0,68,68,68.0,68,68,68.0,68,66,66,66.0,24.0,24.0,0,0,2,2,0,no
3.2.0,src/java/main/org/apache/zookeeper/server/quorum/LocalPeerMXBean.java,10,44,1,1,0,64,64,64.0,64,64,64.0,64,66,66,66.0,24.0,24.0,0,0,2,1,0,no
3.2.0,src/java/main/org/apache/zookeeper/server/quorum/ProposalRequestProcessor.java,34,35,6,3,0,17,7,2.833333333333333,20,6,3.333333333333333,28,143,66,23.83333333333333,24.0,5.035714285714286,0,0,6,4,0,no
3.2.0,src/java/main/org/apache/zookeeper/server/quorum/QuorumBean.java,20,17,0,0,0,0,0,0.0,0,0,0.0,0,0,0,0.0,0.0,0.0,0,0,2,2,0,no
3.2.0,src/java/main/org/apache/zookeeper/server/quorum/QuorumMXBean.java,5,26,0,0,0,0,0,0.0,0,0,0.0,0,0,0,0.0,0.0,0.0,0,0,2,1,0,no
3.2.0,src/java/main/org/apache/zookeeper/server/quorum/RemotePeerMXBean.java,5,26,0,0,0,0,0,0.0,0,0,0.0,0,0,0,0.0,0.0,0.0,0,0,3,1,0,no
3.2.0,src/java/main/org/apache/zookeeper/server/quorum/ServerBean.java,12,20,0,0,0,0,0,0.0,0,0,0.0,0,0,0,0.0,0.0,0.0,0,0,3,2,0,no
3.2.0,src/java/main/org/apache/zookeeper/server/quorum/ServerMXBean.java,5,26,0,0,0,0,0,0.0,0,0,0.0,0,0,0,0.0,0.0,0.0,0,0,2,1,0,no
3.2.0,src/java/main/org/apache/zookeeper/server/quorum/flexible/QuorumHierarchical.java,129,81,1,1,0,249,249,249.0,249,249,249.0,249,12,12,12.0,10.0,10.0,0,0,23,5,0,yes
3.2.0,src/java/main/org/apache/zookeeper/server/quorum/flexible/QuorumMaj.java,11,28,1,1,0,46,46,46.0,46,46,46.0,46,12,12,12.0,10.0,10.0,0,0,4,2,0,no
3.2.0,src/java/main/org/apache/zookeeper/server/quorum/flexible/QuorumVerifier.java,5,23,1,1,0,32,32,32.0,32,32,32.0,32,12,12,12.0,10.0,10.0,0,0,3,1,0,no
3.2.0,src/recipes/lock/src/java/org/apache/zookeeper/recipes/lock/LockListener.java,5,31,1,1,0,38,38,38.0,38,38,38.0,38,5,5,5.0,10.0,10.0,0,0,2,1,0,no
3.2.0,src/recipes/lock/src/java/org/apache/zookeeper/recipes/lock/ProtocolSupport.java,98,76,1,1,0,192,192,192.0,192,192,192.0,192,5,5,5.0,10.0,10.0,0,0,15,6,0,no
3.2.0,src/recipes/lock/src/java/org/apache/zookeeper/recipes/lock/WriteLock.java,167,105,1,1,0,295,295,295.0,295,295,295.0,295,5,5,5.0,10.0,10.0,0,0,53,9,0,no
3.2.0,src/recipes/lock/src/java/org/apache/zookeeper/recipes/lock/ZNodeName.java,63,33,1,1,0,109,109,109.0,109,109,109.0,109,5,5,5.0,10.0,10.0,0,0,11,4,0,no
3.2.0,src/recipes/lock/src/java/org/apache/zookeeper/recipes/lock/ZooKeeperOperation.java,5,30,1,1,0,38,38,38.0,38,38,38.0,38,5,5,5.0,10.0,10.0,0,0,4,1,0,no
3.2.1,src/contrib/bookkeeper/src/java/org/apache/bookkeeper/client/AsyncCallback.java,18,54,2,2,0,82,82,41.0,83,82,41.5,83,28,15,14.0,14.0,13.951807228915662,0,0,3,2,0,no
3.2.1,src/contrib/bookkeeper/src/java/org/apache/bookkeeper/proto/ReadEntryCallback.java,5,26,1,1,0,35,35,35.0,35,35,35.0,35,28,28,28.0,31.0,31.0,0,0,4,1,0,no
3.2.1,src/contrib/bookkeeper/src/java/org/apache/bookkeeper/proto/WriteCallback.java,4,26,1,1,0,32,32,32.0,32,32,32.0,32,28,28,28.0,31.0,31.0,0,0,4,1,0,no
3.2.1,src/contrib/rest/src/java/org/apache/zookeeper/server/jersey/jaxb/ZChildren.java,46,23,1,1,0,80,80,80.0,80,80,80.0,80,12,12,12.0,17.0,17.0,0,0,4,3,0,no
3.2.1,src/contrib/rest/src/java/org/apache/zookeeper/server/jersey/jaxb/ZChildrenJSON.java,42,23,1,1,0,76,76,76.0,76,76,76.0,76,12,12,12.0,17.0,17.0,0,0,4,3,0,no
3.2.1,src/contrib/rest/src/java/org/apache/zookeeper/server/jersey/jaxb/ZError.java,13,21,1,1,0,41,41,41.0,41,41,41.0,41,12,12,12.0,17.0,17.0,0,0,2,2,0,no
3.2.1,src/contrib/rest/src/java/org/apache/zookeeper/server/jersey/jaxb/ZPath.java,32,21,1,1,0,63,63,63.0,63,63,63.0,63,12,12,12.0,17.0,17.0,0,0,3,3,0,no
3.2.1,src/java/main/org/apache/jute/Index.java,5,31,1,1,0,0,0,0.0,1,1,1.0,1,31,31,31.0,15.0,15.0,0,0,4,1,0,no
3.2.1,src/java/main/org/apache/jute/Record.java,8,21,1,1,0,0,0,0.0,1,1,1.0,1,31,31,31.0,15.0,15.0,0,0,2,1,0,no
3.2.1,src/java/main/org/apache/jute/compiler/JBoolean.java,15,21,1,1,0,0,0,0.0,1,1,1.0,1,31,31,31.0,15.0,15.0,0,0,2,2,0,no
3.2.1,src/java/main/org/apache/jute/compiler/JByte.java,9,21,1,1,0,0,0,0.0,1,1,1.0,1,31,31,31.0,15.0,15.0,0,0,2,2,0,no
3.2.1,src/java/main/org/apache/jute/compiler/JCompType.java,24,22,1,1,0,0,0,0.0,2,2,2.0,2,31,31,31.0,15.0,15.0,0,0,3,2,0,no
3.2.1,src/java/main/org/apache/jute/compiler/JDouble.java,13,21,1,1,0,0,0,0.0,1,1,1.0,1,31,31,31.0,15.0,15.0,0,0,2,2,0,no
3.2.1,src/java/main/org/apache/jute/compiler/JFloat.java,12,21,1,1,0,0,0,0.0,1,1,1.0,1,31,31,31.0,15.0,15.0,0,0,2,2,0,no
3.2.1,src/java/main/org/apache/jute/compiler/JInt.java,9,21,1,1,0,0,0,0.0,1,1,1.0,1,31,31,31.0,15.0,15.0,0,0,2,2,0,no
3.2.1,src/java/main/org/apache/jute/compiler/JLong.java,12,21,1,1,0,0,0,0.0,1,1,1.0,1,31,31,31.0,15.0,15.0,0,0,2,2,0,no
3.2.1,src/java/main/org/apache/jute/compiler/JString.java,19,21,1,1,0,0,0,0.0,1,1,1.0,1,31,31,31.0,15.0,15.0,0,0,3,3,0,no
3.2.1,src/java/main/org/apache/zookeeper/AsyncCallback.java,27,17,0,0,0,0,0,0.0,0,0,0.0,0,0,0,0.0,0.0,0.0,0,0,2,2,0,no
3.2.1,src/java/main/org/apache/zookeeper/ClientWatchManager.java,5,31,0,0,0,0,0,0.0,0,0,0.0,0,0,0,0.0,0.0,0.0,0,0,4,1,0,no
3.2.1,src/java/main/org/apache/zookeeper/jmx/CommonNames.java,6,21,0,0,0,0,0,0.0,0,0,0.0,0,0,0,0.0,0.0,0.0,0,0,2,1,0,no
3.2.1,src/java/main/org/apache/zookeeper/jmx/ZKMBeanInfo.java,5,29,0,0,0,0,0,0.0,0,0,0.0,0,0,0,0.0,0.0,0.0,0,0,5,1,0,no
3.2.1,src/java/main/org/apache/zookeeper/server/ConnectionMXBean.java,13,52,0,0,0,0,0,0.0,0,0,0.0,0,0,0,0.0,0.0,0.0,0,0,2,1,0,yes
3.2.1,src/java/main/org/apache/zookeeper/server/DataTreeMXBean.java,8,36,0,0,0,0,0,0.0,0,0,0.0,0,0,0,0.0,0.0,0.0,0,0,2,1,0,no
3.2.1,src/java/main/org/apache/zookeeper/server/RequestProcessor.java,5,29,0,0,0,0,0,0.0,0,0,0.0,0,0,0,0.0,0.0,0.0,0,0,2,1,0,no
3.2.1,src/java/main/org/apache/zookeeper/server/ServerStats.java,93,22,3,2,0,32,25,10.666666666666666,20,14,6.666666666666667,72,77,66,25.666666666666668,36.0,33.083333333333336,0,0,6,3,0,no
3.2.1,src/java/main/org/apache/zookeeper/server/SessionTracker.java,17,34,1,1,1,5,5,5.0,4,4,4.0,6,11,11,11.0,10.0,10.0,0,0,3,2,0,yes
3.2.1,src/java/main/org/apache/zookeeper/server/ZooKeeperServerBean.java,71,20,2,1,0,2,1,1.0,4,2,2.0,8,16,8,8.0,30.0,30.0,0,0,2,3,0,no
3.2.1,src/java/main/org/apache/zookeeper/server/ZooKeeperServerMXBean.java,17,62,0,0,0,0,0,0.0,0,0,0.0,0,0,0,0.0,0.0,0.0,0,0,2,1,0,no
3.2.1,src/java/main/org/apache/zookeeper/server/auth/AuthenticationProvider.java,10,65,1,1,0,2,2,2.0,1,1,1.0,3,12,12,12.0,36.0,36.0,0,0,9,1,0,no
3.2.1,src/java/main/org/apache/zookeeper/server/persistence/SnapShot.java,13,41,0,0,0,0,0,0.0,0,0,0.0,0,0,0,0.0,0.0,0.0,0,0,4,1,0,no
3.2.1,src/java/main/org/apache/zookeeper/server/persistence/TxnLog.java,19,82,1,1,0,2,2,2.0,1,1,1.0,3,14,14,14.0,28.0,28.0,0,0,6,2,0,yes
3.2.1,src/java/main/org/apache/zookeeper/server/quorum/Election.java,5,17,0,0,0,0,0,0.0,0,0,0.0,0,0,0,0.0,0.0,0.0,0,0,2,1,0,no
3.2.1,src/java/main/org/apache/zookeeper/server/quorum/FollowerMXBean.java,7,29,0,0,0,0,0,0.0,0,0,0.0,0,0,0,0.0,0.0,0.0,0,0,2,1,0,no
3.2.1,src/java/main/org/apache/zookeeper/server/quorum/FollowerSyncRequest.java,13,17,0,0,0,0,0,0.0,0,0,0.0,0,0,0,0.0,0.0,0.0,0,0,2,2,0,no
3.2.1,src/java/main/org/apache/zookeeper/server/quorum/LeaderElectionBean.java,15,20,0,0,0,0,0,0.0,0,0,0.0,0,0,0,0.0,0.0,0.0,0,0,2,2,0,no
3.2.1,src/java/main/org/apache/zookeeper/server/quorum/LeaderElectionMXBean.java,4,24,0,0,0,0,0,0.0,0,0,0.0,0,0,0,0.0,0.0,0.0,0,0,2,1,0,no
3.2.1,src/java/main/org/apache/zookeeper/server/quorum/LeaderMXBean.java,6,26,0,0,0,0,0,0.0,0,0,0.0,0,0,0,0.0,0.0,0.0,0,0,2,1,0,no
3.2.1,src/java/main/org/apache/zookeeper/server/quorum/LocalPeerBean.java,35,20,1,1,0,68,68,68.0,68,68,68.0,68,66,66,66.0,33.0,33.0,0,0,2,2,0,no
3.2.1,src/java/main/org/apache/zookeeper/server/quorum/LocalPeerMXBean.java,10,44,1,1,0,64,64,64.0,64,64,64.0,64,66,66,66.0,33.0,33.0,0,0,2,1,0,no
3.2.1,src/java/main/org/apache/zookeeper/server/quorum/ProposalRequestProcessor.java,34,35,6,3,0,17,7,2.833333333333333,20,6,3.333333333333333,28,143,66,23.83333333333333,33.0,13.357142857142858,0,0,6,4,0,no
3.2.1,src/java/main/org/apache/zookeeper/server/quorum/QuorumBean.java,20,17,0,0,0,0,0,0.0,0,0,0.0,0,0,0,0.0,0.0,0.0,0,0,2,2,0,no
3.2.1,src/java/main/org/apache/zookeeper/server/quorum/QuorumMXBean.java,5,26,0,0,0,0,0,0.0,0,0,0.0,0,0,0,0.0,0.0,0.0,0,0,2,1,0,no
3.2.1,src/java/main/org/apache/zookeeper/server/quorum/RemotePeerMXBean.java,5,26,0,0,0,0,0,0.0,0,0,0.0,0,0,0,0.0,0.0,0.0,0,0,3,1,0,no
3.2.1,src/java/main/org/apache/zookeeper/server/quorum/ServerBean.java,12,20,0,0,0,0,0,0.0,0,0,0.0,0,0,0,0.0,0.0,0.0,0,0,3,2,0,no
3.2.1,src/java/main/org/apache/zookeeper/server/quorum/ServerMXBean.java,5,26,0,0,0,0,0,0.0,0,0,0.0,0,0,0,0.0,0.0,0.0,0,0,2,1,0,no
3.2.1,src/recipes/lock/src/java/org/apache/zookeeper/recipes/lock/LockListener.java,5,31,1,1,0,38,38,38.0,38,38,38.0,38,5,5,5.0,19.0,19.0,0,0,2,1,0,no
3.2.1,src/recipes/lock/src/java/org/apache/zookeeper/recipes/lock/ZooKeeperOperation.java,5,30,1,1,0,38,38,38.0,38,38,38.0,38,5,5,5.0,19.0,19.0,0,0,4,1,0,no
3.1.2,src/contrib/bookkeeper/src/java/org/apache/bookkeeper/client/AsyncCallback.java,18,54,2,2,0,82,82,41.0,83,82,41.5,83,28,15,14.0,28.0,27.951807228915666,0,0,3,2,0,no
3.1.2,src/contrib/bookkeeper/src/java/org/apache/bookkeeper/proto/ReadEntryCallback.java,5,26,1,1,0,35,35,35.0,35,35,35.0,35,28,28,28.0,45.0,45.0,0,0,4,1,0,no
3.1.2,src/contrib/bookkeeper/src/java/org/apache/bookkeeper/proto/WriteCallback.java,4,26,1,1,0,32,32,32.0,32,32,32.0,32,28,28,28.0,45.0,45.0,0,0,4,1,0,no
3.1.2,src/contrib/rest/src/java/org/apache/zookeeper/server/jersey/jaxb/ZChildren.java,46,23,1,1,0,80,80,80.0,80,80,80.0,80,12,12,12.0,31.0,31.0,0,0,4,3,0,no
3.1.2,src/contrib/rest/src/java/org/apache/zookeeper/server/jersey/jaxb/ZChildrenJSON.java,42,23,1,1,0,76,76,76.0,76,76,76.0,76,12,12,12.0,31.0,31.0,0,0,4,3,0,no
3.1.2,src/contrib/rest/src/java/org/apache/zookeeper/server/jersey/jaxb/ZError.java,13,21,1,1,0,41,41,41.0,41,41,41.0,41,12,12,12.0,31.0,31.0,0,0,2,2,0,no
3.1.2,src/contrib/rest/src/java/org/apache/zookeeper/server/jersey/jaxb/ZPath.java,32,21,1,1,0,63,63,63.0,63,63,63.0,63,12,12,12.0,31.0,31.0,0,0,3,3,0,no
3.1.2,src/java/main/org/apache/jute/Index.java,5,31,1,1,0,0,0,0.0,1,1,1.0,1,31,31,31.0,29.0,29.0,0,0,4,1,0,no
3.1.2,src/java/main/org/apache/jute/Record.java,8,21,1,1,0,0,0,0.0,1,1,1.0,1,31,31,31.0,29.0,29.0,0,0,2,1,0,no
3.1.2,src/java/main/org/apache/jute/compiler/JBoolean.java,15,21,1,1,0,0,0,0.0,1,1,1.0,1,31,31,31.0,29.0,29.0,0,0,2,2,0,no
3.1.2,src/java/main/org/apache/jute/compiler/JByte.java,9,21,1,1,0,0,0,0.0,1,1,1.0,1,31,31,31.0,29.0,29.0,0,0,2,2,0,no
3.1.2,src/java/main/org/apache/jute/compiler/JCompType.java,24,22,1,1,0,0,0,0.0,2,2,2.0,2,31,31,31.0,29.0,29.0,0,0,3,2,0,no
3.1.2,src/java/main/org/apache/jute/compiler/JDouble.java,13,21,1,1,0,0,0,0.0,1,1,1.0,1,31,31,31.0,29.0,29.0,0,0,2,2,0,no
3.1.2,src/java/main/org/apache/jute/compiler/JFloat.java,12,21,1,1,0,0,0,0.0,1,1,1.0,1,31,31,31.0,29.0,29.0,0,0,2,2,0,no
3.1.2,src/java/main/org/apache/jute/compiler/JInt.java,9,21,1,1,0,0,0,0.0,1,1,1.0,1,31,31,31.0,29.0,29.0,0,0,2,2,0,no
3.1.2,src/java/main/org/apache/jute/compiler/JLong.java,12,21,1,1,0,0,0,0.0,1,1,1.0,1,31,31,31.0,29.0,29.0,0,0,2,2,0,no
3.1.2,src/java/main/org/apache/jute/compiler/JString.java,19,21,1,1,0,0,0,0.0,1,1,1.0,1,31,31,31.0,29.0,29.0,0,0,3,3,0,no
3.1.2,src/java/main/org/apache/zookeeper/AsyncCallback.java,27,17,1,1,0,5,5,5.0,5,5,5.0,5,10,10,10.0,6.0,6.0,0,0,2,2,0,no
3.1.2,src/java/main/org/apache/zookeeper/ClientWatchManager.java,5,31,0,0,0,0,0,0.0,0,0,0.0,0,0,0,0.0,0.0,0.0,0,0,4,1,0,no
3.1.2,src/java/main/org/apache/zookeeper/jmx/CommonNames.java,6,21,0,0,0,0,0,0.0,0,0,0.0,0,0,0,0.0,0.0,0.0,0,0,2,1,0,no
3.1.2,src/java/main/org/apache/zookeeper/jmx/ZKMBeanInfo.java,5,29,0,0,0,0,0,0.0,0,0,0.0,0,0,0,0.0,0.0,0.0,0,0,5,1,0,no
3.1.2,src/java/main/org/apache/zookeeper/server/ConnectionMXBean.java,13,52,1,1,1,30,30,30.0,30,30,30.0,30,6,6,6.0,4.0,4.0,0,0,2,1,0,yes
3.1.2,src/java/main/org/apache/zookeeper/server/DataTreeMXBean.java,8,36,0,0,0,0,0,0.0,0,0,0.0,0,0,0,0.0,0.0,0.0,0,0,2,1,0,no
3.1.2,src/java/main/org/apache/zookeeper/server/RequestProcessor.java,5,29,0,0,0,0,0,0.0,0,0,0.0,0,0,0,0.0,0.0,0.0,0,0,2,1,0,no
3.1.2,src/java/main/org/apache/zookeeper/server/ServerStats.java,93,22,3,2,0,32,25,10.666666666666666,20,14,6.666666666666667,72,77,66,25.666666666666668,50.0,47.125,0,0,6,3,0,no
3.1.2,src/java/main/org/apache/zookeeper/server/SessionTracker.java,17,34,2,2,2,11,6,5.5,8,4,4.0,14,21,11,10.5,24.0,13.142857142857142,0,0,3,2,0,yes
3.1.2,src/java/main/org/apache/zookeeper/server/ZooKeeperServerBean.java,71,20,2,1,0,2,1,1.0,4,2,2.0,8,16,8,8.0,44.0,44.0,0,0,2,3,0,no
3.1.2,src/java/main/org/apache/zookeeper/server/ZooKeeperServerMXBean.java,17,62,0,0,0,0,0,0.0,0,0,0.0,0,0,0,0.0,0.0,0.0,0,0,2,1,0,no
3.1.2,src/java/main/org/apache/zookeeper/server/auth/AuthenticationProvider.java,10,65,1,1,0,2,2,2.0,1,1,1.0,3,12,12,12.0,51.0,51.0,0,0,9,1,0,no
3.1.2,src/java/main/org/apache/zookeeper/server/persistence/SnapShot.java,13,41,0,0,0,0,0,0.0,0,0,0.0,0,0,0,0.0,0.0,0.0,0,0,4,1,0,no
3.1.2,src/java/main/org/apache/zookeeper/server/persistence/TxnLog.java,19,82,2,2,1,4,2,2.0,2,1,1.0,6,18,14,9.0,42.0,23.5,0,0,6,2,0,yes
3.1.2,src/java/main/org/apache/zookeeper/server/quorum/Election.java,5,17,0,0,0,0,0,0.0,0,0,0.0,0,0,0,0.0,0.0,0.0,0,0,2,1,0,no
3.1.2,src/java/main/org/apache/zookeeper/server/quorum/FollowerMXBean.java,7,29,0,0,0,0,0,0.0,0,0,0.0,0,0,0,0.0,0.0,0.0,0,0,2,1,0,no
3.1.2,src/java/main/org/apache/zookeeper/server/quorum/FollowerSyncRequest.java,13,17,0,0,0,0,0,0.0,0,0,0.0,0,0,0,0.0,0.0,0.0,0,0,2,2,0,no
3.1.2,src/java/main/org/apache/zookeeper/server/quorum/LeaderElectionBean.java,15,20,0,0,0,0,0,0.0,0,0,0.0,0,0,0,0.0,0.0,0.0,0,0,2,2,0,no
3.1.2,src/java/main/org/apache/zookeeper/server/quorum/LeaderElectionMXBean.java,4,24,0,0,0,0,0,0.0,0,0,0.0,0,0,0,0.0,0.0,0.0,0,0,2,1,0,no
3.1.2,src/java/main/org/apache/zookeeper/server/quorum/LeaderMXBean.java,6,26,0,0,0,0,0,0.0,0,0,0.0,0,0,0,0.0,0.0,0.0,0,0,2,1,0,no
3.1.2,src/java/main/org/apache/zookeeper/server/quorum/LocalPeerBean.java,35,20,1,1,0,68,68,68.0,68,68,68.0,68,66,66,66.0,47.0,47.0,0,0,2,2,0,no
3.1.2,src/java/main/org/apache/zookeeper/server/quorum/LocalPeerMXBean.java,10,44,1,1,0,64,64,64.0,64,64,64.0,64,66,66,66.0,47.0,47.0,0,0,2,1,0,no
3.1.2,src/java/main/org/apache/zookeeper/server/quorum/ProposalRequestProcessor.java,34,35,7,3,0,19,7,2.7142857142857144,20,6,2.857142857142857,32,152,66,21.714285714285715,47.0,24.6875,0,0,6,4,0,no
3.1.2,src/java/main/org/apache/zookeeper/server/quorum/QuorumBean.java,20,17,0,0,0,0,0,0.0,0,0,0.0,0,0,0,0.0,0.0,0.0,0,0,2,2,0,no
3.1.2,src/java/main/org/apache/zookeeper/server/quorum/QuorumMXBean.java,5,26,0,0,0,0,0,0.0,0,0,0.0,0,0,0,0.0,0.0,0.0,0,0,2,1,0,no
3.1.2,src/java/main/org/apache/zookeeper/server/quorum/RemotePeerMXBean.java,5,26,0,0,0,0,0,0.0,0,0,0.0,0,0,0,0.0,0.0,0.0,0,0,3,1,0,no
3.1.2,src/java/main/org/apache/zookeeper/server/quorum/ServerBean.java,12,20,0,0,0,0,0,0.0,0,0,0.0,0,0,0,0.0,0.0,0.0,0,0,3,2,0,no
3.1.2,src/java/main/org/apache/zookeeper/server/quorum/ServerMXBean.java,5,26,0,0,0,0,0,0.0,0,0,0.0,0,0,0,0.0,0.0,0.0,0,0,2,1,0,no
3.1.2,src/recipes/lock/src/java/org/apache/zookeeper/recipes/lock/LockListener.java,5,31,1,1,0,38,38,38.0,38,38,38.0,38,5,5,5.0,33.0,33.0,0,0,2,1,0,no
3.1.2,src/recipes/lock/src/java/org/apache/zookeeper/recipes/lock/ZooKeeperOperation.java,5,30,1,1,0,38,38,38.0,38,38,38.0,38,5,5,5.0,33.0,33.0,0,0,4,1,0,no
3.2.2,src/contrib/bookkeeper/src/java/org/apache/bookkeeper/client/AsyncCallback.java,18,54,2,2,0,82,82,41.0,83,82,41.5,83,28,15,14.0,28.0,27.951807228915666,0,0,3,2,0,no
3.2.2,src/contrib/bookkeeper/src/java/org/apache/bookkeeper/proto/ReadEntryCallback.java,5,26,1,1,0,35,35,35.0,35,35,35.0,35,28,28,28.0,45.0,45.0,0,0,4,1,0,no
3.2.2,src/contrib/bookkeeper/src/java/org/apache/bookkeeper/proto/WriteCallback.java,4,26,1,1,0,32,32,32.0,32,32,32.0,32,28,28,28.0,45.0,45.0,0,0,4,1,0,no
3.2.2,src/contrib/rest/src/java/org/apache/zookeeper/server/jersey/jaxb/ZChildren.java,46,23,1,1,0,80,80,80.0,80,80,80.0,80,12,12,12.0,31.0,31.0,0,0,4,3,0,no
3.2.2,src/contrib/rest/src/java/org/apache/zookeeper/server/jersey/jaxb/ZChildrenJSON.java,42,23,1,1,0,76,76,76.0,76,76,76.0,76,12,12,12.0,31.0,31.0,0,0,4,3,0,no
3.2.2,src/contrib/rest/src/java/org/apache/zookeeper/server/jersey/jaxb/ZError.java,13,21,1,1,0,41,41,41.0,41,41,41.0,41,12,12,12.0,31.0,31.0,0,0,2,2,0,no
3.2.2,src/contrib/rest/src/java/org/apache/zookeeper/server/jersey/jaxb/ZPath.java,32,21,1,1,0,63,63,63.0,63,63,63.0,63,12,12,12.0,31.0,31.0,0,0,3,3,0,no
3.2.2,src/java/main/org/apache/jute/Index.java,5,31,1,1,0,0,0,0.0,1,1,1.0,1,31,31,31.0,29.0,29.0,0,0,4,1,0,no
3.2.2,src/java/main/org/apache/jute/Record.java,8,21,1,1,0,0,0,0.0,1,1,1.0,1,31,31,31.0,29.0,29.0,0,0,2,1,0,no
3.2.2,src/java/main/org/apache/jute/compiler/JBoolean.java,15,21,1,1,0,0,0,0.0,1,1,1.0,1,31,31,31.0,29.0,29.0,0,0,2,2,0,no
3.2.2,src/java/main/org/apache/jute/compiler/JByte.java,9,21,1,1,0,0,0,0.0,1,1,1.0,1,31,31,31.0,29.0,29.0,0,0,2,2,0,no
3.2.2,src/java/main/org/apache/jute/compiler/JCompType.java,24,22,1,1,0,0,0,0.0,2,2,2.0,2,31,31,31.0,29.0,29.0,0,0,3,2,0,no
3.2.2,src/java/main/org/apache/jute/compiler/JDouble.java,13,21,1,1,0,0,0,0.0,1,1,1.0,1,31,31,31.0,29.0,29.0,0,0,2,2,0,no
3.2.2,src/java/main/org/apache/jute/compiler/JFloat.java,12,21,1,1,0,0,0,0.0,1,1,1.0,1,31,31,31.0,29.0,29.0,0,0,2,2,0,no
3.2.2,src/java/main/org/apache/jute/compiler/JInt.java,9,21,1,1,0,0,0,0.0,1,1,1.0,1,31,31,31.0,29.0,29.0,0,0,2,2,0,no
3.2.2,src/java/main/org/apache/jute/compiler/JLong.java,12,21,1,1,0,0,0,0.0,1,1,1.0,1,31,31,31.0,29.0,29.0,0,0,2,2,0,no
3.2.2,src/java/main/org/apache/jute/compiler/JString.java,19,21,1,1,0,0,0,0.0,1,1,1.0,1,31,31,31.0,29.0,29.0,0,0,3,3,0,no
3.2.2,src/java/main/org/apache/zookeeper/AsyncCallback.java,27,17,1,1,0,5,5,5.0,5,5,5.0,5,10,10,10.0,6.0,6.0,0,0,2,2,0,no
3.2.2,src/java/main/org/apache/zookeeper/ClientWatchManager.java,5,31,0,0,0,0,0,0.0,0,0,0.0,0,0,0,0.0,0.0,0.0,0,0,4,1,0,no
3.2.2,src/java/main/org/apache/zookeeper/jmx/CommonNames.java,6,21,0,0,0,0,0,0.0,0,0,0.0,0,0,0,0.0,0.0,0.0,0,0,2,1,0,no
3.2.2,src/java/main/org/apache/zookeeper/jmx/ZKMBeanInfo.java,5,29,0,0,0,0,0,0.0,0,0,0.0,0,0,0,0.0,0.0,0.0,0,0,5,1,0,no
3.2.2,src/java/main/org/apache/zookeeper/server/ConnectionMXBean.java,13,52,1,1,1,30,30,30.0,30,30,30.0,30,6,6,6.0,4.0,4.0,0,0,2,1,0,yes
3.2.2,src/java/main/org/apache/zookeeper/server/DataTreeMXBean.java,8,36,0,0,0,0,0,0.0,0,0,0.0,0,0,0,0.0,0.0,0.0,0,0,2,1,0,no
3.2.2,src/java/main/org/apache/zookeeper/server/RequestProcessor.java,5,29,0,0,0,0,0,0.0,0,0,0.0,0,0,0,0.0,0.0,0.0,0,0,2,1,0,no
3.2.2,src/java/main/org/apache/zookeeper/server/ServerStats.java,93,22,3,2,0,32,25,10.666666666666666,20,14,6.666666666666667,72,77,66,25.666666666666668,50.0,47.125,0,0,6,3,0,no
3.2.2,src/java/main/org/apache/zookeeper/server/SessionTracker.java,17,34,2,2,2,11,6,5.5,8,4,4.0,14,21,11,10.5,24.0,13.142857142857142,0,0,3,2,0,yes
3.2.2,src/java/main/org/apache/zookeeper/server/ZooKeeperServerBean.java,71,20,2,1,0,2,1,1.0,4,2,2.0,8,16,8,8.0,44.0,44.0,0,0,2,3,0,no
3.2.2,src/java/main/org/apache/zookeeper/server/ZooKeeperServerMXBean.java,17,62,0,0,0,0,0,0.0,0,0,0.0,0,0,0,0.0,0.0,0.0,0,0,2,1,0,no
3.2.2,src/java/main/org/apache/zookeeper/server/auth/AuthenticationProvider.java,10,65,1,1,0,2,2,2.0,1,1,1.0,3,12,12,12.0,51.0,51.0,0,0,9,1,0,no
3.2.2,src/java/main/org/apache/zookeeper/server/persistence/SnapShot.java,13,41,0,0,0,0,0,0.0,0,0,0.0,0,0,0,0.0,0.0,0.0,0,0,4,1,0,no
3.2.2,src/java/main/org/apache/zookeeper/server/persistence/TxnLog.java,19,82,2,2,1,4,2,2.0,2,1,1.0,6,18,14,9.0,42.0,23.5,0,0,6,2,0,yes
3.2.2,src/java/main/org/apache/zookeeper/server/quorum/Election.java,5,17,0,0,0,0,0,0.0,0,0,0.0,0,0,0,0.0,0.0,0.0,0,0,2,1,0,no
3.2.2,src/java/main/org/apache/zookeeper/server/quorum/FollowerMXBean.java,7,29,0,0,0,0,0,0.0,0,0,0.0,0,0,0,0.0,0.0,0.0,0,0,2,1,0,no
3.2.2,src/java/main/org/apache/zookeeper/server/quorum/FollowerSyncRequest.java,13,17,0,0,0,0,0,0.0,0,0,0.0,0,0,0,0.0,0.0,0.0,0,0,2,2,0,no
3.2.2,src/java/main/org/apache/zookeeper/server/quorum/LeaderElectionBean.java,15,20,0,0,0,0,0,0.0,0,0,0.0,0,0,0,0.0,0.0,0.0,0,0,2,2,0,no
3.2.2,src/java/main/org/apache/zookeeper/server/quorum/LeaderElectionMXBean.java,4,24,0,0,0,0,0,0.0,0,0,0.0,0,0,0,0.0,0.0,0.0,0,0,2,1,0,no
3.2.2,src/java/main/org/apache/zookeeper/server/quorum/LeaderMXBean.java,6,26,0,0,0,0,0,0.0,0,0,0.0,0,0,0,0.0,0.0,0.0,0,0,2,1,0,no
3.2.2,src/java/main/org/apache/zookeeper/server/quorum/LocalPeerBean.java,35,20,1,1,0,68,68,68.0,68,68,68.0,68,66,66,66.0,47.0,47.0,0,0,2,2,0,no
3.2.2,src/java/main/org/apache/zookeeper/server/quorum/LocalPeerMXBean.java,10,44,1,1,0,64,64,64.0,64,64,64.0,64,66,66,66.0,47.0,47.0,0,0,2,1,0,no
3.2.2,src/java/main/org/apache/zookeeper/server/quorum/ProposalRequestProcessor.java,34,35,7,3,0,19,7,2.7142857142857144,20,6,2.857142857142857,32,152,66,21.714285714285715,47.0,24.6875,0,0,6,4,0,no
3.2.2,src/java/main/org/apache/zookeeper/server/quorum/QuorumBean.java,20,17,0,0,0,0,0,0.0,0,0,0.0,0,0,0,0.0,0.0,0.0,0,0,2,2,0,no
3.2.2,src/java/main/org/apache/zookeeper/server/quorum/QuorumMXBean.java,5,26,0,0,0,0,0,0.0,0,0,0.0,0,0,0,0.0,0.0,0.0,0,0,2,1,0,no
3.2.2,src/java/main/org/apache/zookeeper/server/quorum/RemotePeerMXBean.java,5,26,0,0,0,0,0,0.0,0,0,0.0,0,0,0,0.0,0.0,0.0,0,0,3,1,0,no
3.2.2,src/java/main/org/apache/zookeeper/server/quorum/ServerBean.java,12,20,0,0,0,0,0,0.0,0,0,0.0,0,0,0,0.0,0.0,0.0,0,0,3,2,0,no
3.2.2,src/java/main/org/apache/zookeeper/server/quorum/ServerMXBean.java,5,26,0,0,0,0,0,0.0,0,0,0.0,0,0,0,0.0,0.0,0.0,0,0,2,1,0,no
3.2.2,src/recipes/lock/src/java/org/apache/zookeeper/recipes/lock/LockListener.java,5,31,1,1,0,38,38,38.0,38,38,38.0,38,5,5,5.0,33.0,33.0,0,0,2,1,0,no
3.2.2,src/recipes/lock/src/java/org/apache/zookeeper/recipes/lock/ZooKeeperOperation.java,5,30,1,1,0,38,38,38.0,38,38,38.0,38,5,5,5.0,33.0,33.0,0,0,4,1,0,no
3.3.0,src/contrib/bookkeeper/src/java/org/apache/bookkeeper/bookie/BufferedChannel.java,113,37,1,1,0,157,157,157.0,157,157,157.0,157,51,51,51.0,8.0,8.0,0,0,22,6,0,no
3.3.0,src/contrib/bookkeeper/src/java/org/apache/bookkeeper/bookie/EntryLogger.java,187,58,1,1,0,264,264,264.0,264,264,264.0,264,51,51,51.0,8.0,8.0,0,0,21,4,0,no
3.3.0,src/contrib/bookkeeper/src/java/org/apache/bookkeeper/bookie/FileInfo.java,77,27,1,1,0,113,113,113.0,113,113,113.0,113,51,51,51.0,8.0,8.0,0,0,12,5,0,no
3.3.0,src/contrib/bookkeeper/src/java/org/apache/bookkeeper/bookie/LedgerCache.java,379,48,1,1,0,454,454,454.0,454,454,454.0,454,51,51,51.0,8.0,8.0,0,0,68,8,0,no
3.3.0,src/contrib/bookkeeper/src/java/org/apache/bookkeeper/bookie/LedgerEntryPage.java,123,24,1,1,0,151,151,151.0,151,151,151.0,151,51,51,51.0,8.0,8.0,0,0,10,4,0,no
3.3.0,src/contrib/bookkeeper/src/java/org/apache/bookkeeper/bookie/MarkerFileChannel.java,83,41,1,1,0,147,147,147.0,147,147,147.0,147,51,51,51.0,8.0,8.0,0,0,2,2,0,no
3.3.0,src/contrib/bookkeeper/src/java/org/apache/bookkeeper/client/AsyncCallback.java,20,70,3,2,0,175,93,58.333333333333336,103,82,34.333333333333336,249,79,51,26.33333333333333,43.0,19.650602409638555,0,0,3,2,0,no
3.3.0,src/contrib/bookkeeper/src/java/org/apache/bookkeeper/client/BookieWatcher.java,122,51,1,1,0,204,204,204.0,204,204,204.0,204,51,51,51.0,8.0,8.0,0,0,12,5,0,no
3.3.0,src/contrib/bookkeeper/src/java/org/apache/bookkeeper/client/CRC32DigestManager.java,25,17,1,1,0,50,50,50.0,50,50,50.0,50,51,51,51.0,8.0,8.0,0,0,2,2,0,no
3.3.0,src/contrib/bookkeeper/src/java/org/apache/bookkeeper/client/DigestManager.java,104,23,1,1,0,162,162,162.0,162,162,162.0,162,51,51,51.0,8.0,8.0,0,0,10,4,0,no
3.3.0,src/contrib/bookkeeper/src/java/org/apache/bookkeeper/client/DistributionSchedule.java,6,49,1,1,0,61,61,61.0,61,61,61.0,61,51,51,51.0,8.0,8.0,0,0,6,1,0,no
3.3.0,src/contrib/bookkeeper/src/java/org/apache/bookkeeper/client/LedgerCreateOp.java,73,69,1,1,0,163,163,163.0,163,163,163.0,163,51,51,51.0,8.0,8.0,0,0,5,3,0,no
3.3.0,src/contrib/bookkeeper/src/java/org/apache/bookkeeper/client/LedgerMetadata.java,99,49,1,1,0,179,179,179.0,179,179,179.0,179,51,51,51.0,8.0,8.0,0,0,17,5,0,no
3.3.0,src/contrib/bookkeeper/src/java/org/apache/bookkeeper/client/LedgerOpenOp.java,76,45,1,1,0,136,136,136.0,136,136,136.0,136,51,51,51.0,8.0,8.0,0,0,10,5,0,no
3.3.0,src/contrib/bookkeeper/src/java/org/apache/bookkeeper/client/LedgerRecoveryOp.java,94,45,1,1,0,167,167,167.0,167,167,167.0,167,51,51,51.0,8.0,8.0,0,0,19,4,0,no
3.3.0,src/contrib/bookkeeper/src/java/org/apache/bookkeeper/client/MacDigestManager.java,36,17,1,1,0,67,67,67.0,67,67,67.0,67,51,51,51.0,8.0,8.0,0,0,2,2,0,no
3.3.0,src/contrib/bookkeeper/src/java/org/apache/bookkeeper/client/PendingAddOp.java,81,35,1,1,0,137,137,137.0,137,137,137.0,137,51,51,51.0,8.0,8.0,0,0,18,4,0,no
3.3.0,src/contrib/bookkeeper/src/java/org/apache/bookkeeper/client/PendingReadOp.java,92,29,1,1,0,145,145,145.0,145,145,145.0,145,51,51,51.0,8.0,8.0,0,0,10,4,0,no
3.3.0,src/contrib/bookkeeper/src/java/org/apache/bookkeeper/client/RoundRobinDistributionSchedule.java,41,28,1,1,0,87,87,87.0,87,87,87.0,87,51,51,51.0,8.0,8.0,0,0,8,5,0,no
3.3.0,src/contrib/bookkeeper/src/java/org/apache/bookkeeper/client/SyncCounter.java,47,24,1,1,0,85,85,85.0,85,85,85.0,85,51,51,51.0,8.0,8.0,0,0,4,4,0,no
3.3.0,src/contrib/bookkeeper/src/java/org/apache/bookkeeper/proto/BookkeeperInternalCallbacks.java,14,35,1,1,0,57,57,57.0,57,57,57.0,57,51,51,51.0,8.0,8.0,0,0,6,2,0,no
3.3.0,src/contrib/bookkeeper/src/java/org/apache/bookkeeper/proto/PerChannelBookieClient.java,359,113,1,1,0,570,570,570.0,570,570,570.0,570,51,51,51.0,8.0,8.0,0,0,67,6,0,no
3.3.0,src/contrib/bookkeeper/src/java/org/apache/bookkeeper/util/MathUtils.java,10,20,1,1,0,38,38,38.0,38,38,38.0,38,51,51,51.0,8.0,8.0,0,0,3,3,0,no
3.3.0,src/contrib/bookkeeper/src/java/org/apache/bookkeeper/util/OrderedSafeExecutor.java,41,42,1,1,0,98,98,98.0,98,98,98.0,98,51,51,51.0,8.0,8.0,0,0,10,3,0,no
3.3.0,src/contrib/bookkeeper/src/java/org/apache/bookkeeper/util/SafeRunnable.java,14,17,1,1,0,38,38,38.0,38,38,38.0,38,51,51,51.0,8.0,8.0,0,0,2,3,0,no
3.3.0,src/contrib/bookkeeper/src/java/org/apache/bookkeeper/util/StringUtils.java,39,42,1,1,0,94,94,94.0,94,94,94.0,94,51,51,51.0,8.0,8.0,0,0,5,3,0,no
3.3.0,src/contrib/rest/src/java/org/apache/zookeeper/server/jersey/jaxb/ZChildren.java,46,23,1,1,0,80,80,80.0,80,80,80.0,80,12,12,12.0,45.0,45.0,0,0,4,3,0,no
3.3.0,src/contrib/rest/src/java/org/apache/zookeeper/server/jersey/jaxb/ZChildrenJSON.java,42,23,1,1,0,76,76,76.0,76,76,76.0,76,12,12,12.0,45.0,45.0,0,0,4,3,0,no
3.3.0,src/contrib/rest/src/java/org/apache/zookeeper/server/jersey/jaxb/ZError.java,13,21,1,1,0,41,41,41.0,41,41,41.0,41,12,12,12.0,45.0,45.0,0,0,2,2,0,no
3.3.0,src/contrib/rest/src/java/org/apache/zookeeper/server/jersey/jaxb/ZPath.java,32,21,1,1,0,63,63,63.0,63,63,63.0,63,12,12,12.0,45.0,45.0,0,0,3,3,0,no
3.3.0,src/contrib/zooinspector/src/java/org/apache/zookeeper/inspector/ZooInspector.java,36,25,1,1,0,66,66,66.0,66,66,66.0,66,24,24,24.0,2.0,2.0,0,0,2,5,0,no
3.3.0,src/contrib/zooinspector/src/java/org/apache/zookeeper/inspector/encryption/BasicDataEncryptionManager.java,12,34,1,1,0,50,50,50.0,50,50,50.0,50,24,24,24.0,2.0,2.0,0,0,3,3,0,no
3.3.0,src/contrib/zooinspector/src/java/org/apache/zookeeper/inspector/encryption/DataEncryptionManager.java,5,32,1,1,0,39,39,39.0,39,39,39.0,39,24,24,24.0,2.0,2.0,0,0,2,1,0,no
3.3.0,src/contrib/zooinspector/src/java/org/apache/zookeeper/inspector/gui/NodeViewersChangeListener.java,6,28,1,1,0,37,37,37.0,37,37,37.0,37,24,24,24.0,2.0,2.0,0,0,3,1,0,no
3.3.0,src/contrib/zooinspector/src/java/org/apache/zookeeper/inspector/gui/ZooInspectorAboutDialog.java,52,24,1,1,0,80,80,80.0,80,80,80.0,80,24,24,24.0,2.0,2.0,0,0,3,4,0,no
3.3.0,src/contrib/zooinspector/src/java/org/apache/zookeeper/inspector/gui/ZooInspectorConnectionPropertiesDialog.java,276,31,1,1,0,321,321,321.0,321,321,321.0,321,24,24,24.0,2.0,2.0,0,0,19,7,0,no
3.3.0,src/contrib/zooinspector/src/java/org/apache/zookeeper/inspector/gui/ZooInspectorIconResources.java,43,60,1,1,0,118,118,118.0,118,118,118.0,118,24,24,24.0,2.0,2.0,0,0,3,2,0,no
3.3.0,src/contrib/zooinspector/src/java/org/apache/zookeeper/inspector/gui/ZooInspectorNodeViewersDialog.java,542,42,1,1,0,605,605,605.0,605,605,605.0,605,24,24,24.0,2.0,2.0,0,0,32,7,0,no
3.3.0,src/contrib/zooinspector/src/java/org/apache/zookeeper/inspector/gui/ZooInspectorNodeViewersPanel.java,86,44,1,1,0,140,140,140.0,140,140,140.0,140,24,24,24.0,2.0,2.0,0,0,12,7,0,no
3.3.0,src/contrib/zooinspector/src/java/org/apache/zookeeper/inspector/gui/ZooInspectorPanel.java,293,47,1,1,0,361,361,361.0,361,361,361.0,361,24,24,24.0,2.0,2.0,0,0,23,9,0,no
3.3.0,src/contrib/zooinspector/src/java/org/apache/zookeeper/inspector/gui/ZooInspectorTreeViewer.java,245,90,1,1,0,362,362,362.0,362,362,362.0,362,24,24,24.0,2.0,2.0,0,0,32,6,0,no
3.3.0,src/contrib/zooinspector/src/java/org/apache/zookeeper/inspector/gui/nodeviewer/NodeViewerACL.java,131,45,1,1,0,187,187,187.0,187,187,187.0,187,24,24,24.0,2.0,2.0,0,0,8,7,0,no
3.3.0,src/contrib/zooinspector/src/java/org/apache/zookeeper/inspector/gui/nodeviewer/NodeViewerData.java,88,45,1,1,0,146,146,146.0,146,146,146.0,146,24,24,24.0,2.0,2.0,0,0,9,6,0,no
3.3.0,src/contrib/zooinspector/src/java/org/apache/zookeeper/inspector/gui/nodeviewer/NodeViewerMetaData.java,128,47,1,1,0,186,186,186.0,186,186,186.0,186,24,24,24.0,2.0,2.0,0,0,9,6,0,no
3.3.0,src/contrib/zooinspector/src/java/org/apache/zookeeper/inspector/gui/nodeviewer/ZooInspectorNodeViewer.java,59,67,1,1,0,138,138,138.0,138,138,138.0,138,24,24,24.0,2.0,2.0,0,0,14,3,0,no
3.3.0,src/contrib/zooinspector/src/java/org/apache/zookeeper/inspector/logger/LoggerFactory.java,10,24,1,1,0,38,38,38.0,38,38,38.0,38,24,24,24.0,2.0,2.0,0,0,4,2,0,no
3.3.0,src/contrib/zooinspector/src/java/org/apache/zookeeper/inspector/manager/NodeListener.java,6,29,1,1,0,37,37,37.0,37,37,37.0,37,24,24,24.0,2.0,2.0,0,0,3,1,0,no
3.3.0,src/contrib/zooinspector/src/java/org/apache/zookeeper/inspector/manager/Pair.java,56,53,1,1,0,120,120,120.0,120,120,120.0,120,24,24,24.0,2.0,2.0,0,0,14,3,0,no
3.3.0,src/contrib/zooinspector/src/java/org/apache/zookeeper/inspector/manager/ZooInspectorManager.java,28,95,1,1,0,139,139,139.0,139,139,139.0,139,24,24,24.0,2.0,2.0,0,0,12,1,0,no
3.3.0,src/contrib/zooinspector/src/java/org/apache/zookeeper/inspector/manager/ZooInspectorManagerImpl.java,597,210,1,1,0,852,852,852.0,852,852,852.0,852,24,24,24.0,2.0,2.0,0,0,84,7,0,no
3.3.0,src/contrib/zooinspector/src/java/org/apache/zookeeper/inspector/manager/ZooInspectorNodeManager.java,4,28,1,1,0,33,33,33.0,33,33,33.0,33,24,24,24.0,2.0,2.0,0,0,5,1,0,no
3.3.0,src/contrib/zooinspector/src/java/org/apache/zookeeper/inspector/manager/ZooInspectorNodeTreeManager.java,6,33,1,1,0,43,43,43.0,43,43,43.0,43,24,24,24.0,2.0,2.0,0,0,6,1,0,no
3.3.0,src/contrib/zooinspector/src/java/org/apache/zookeeper/inspector/manager/ZooInspectorReadOnlyManager.java,15,71,1,1,0,99,99,99.0,99,99,99.0,99,24,24,24.0,2.0,2.0,0,0,9,1,0,no
3.3.0,src/contrib/zooinspector/src/java/org/apache/zookeeper/retry/ZooKeeperRetry.java,226,41,1,1,0,288,288,288.0,288,288,288.0,288,24,24,24.0,2.0,2.0,0,0,34,6,0,no
3.3.0,src/java/main/org/apache/jute/Index.java,5,31,1,1,0,0,0,0.0,1,1,1.0,1,31,31,31.0,43.0,43.0,0,0,4,1,0,no
3.3.0,src/java/main/org/apache/jute/Record.java,8,21,1,1,0,0,0,0.0,1,1,1.0,1,31,31,31.0,43.0,43.0,0,0,2,1,0,no
3.3.0,src/java/main/org/apache/jute/compiler/JBoolean.java,15,21,1,1,0,0,0,0.0,1,1,1.0,1,31,31,31.0,43.0,43.0,0,0,2,2,0,no
3.3.0,src/java/main/org/apache/jute/compiler/JByte.java,9,21,1,1,0,0,0,0.0,1,1,1.0,1,31,31,31.0,43.0,43.0,0,0,2,2,0,no
3.3.0,src/java/main/org/apache/jute/compiler/JCompType.java,24,22,1,1,0,0,0,0.0,2,2,2.0,2,31,31,31.0,43.0,43.0,0,0,3,2,0,no
3.3.0,src/java/main/org/apache/jute/compiler/JDouble.java,13,21,1,1,0,0,0,0.0,1,1,1.0,1,31,31,31.0,43.0,43.0,0,0,2,2,0,no
3.3.0,src/java/main/org/apache/jute/compiler/JFloat.java,12,21,1,1,0,0,0,0.0,1,1,1.0,1,31,31,31.0,43.0,43.0,0,0,2,2,0,no
3.3.0,src/java/main/org/apache/jute/compiler/JInt.java,9,21,1,1,0,0,0,0.0,1,1,1.0,1,31,31,31.0,43.0,43.0,0,0,2,2,0,no
3.3.0,src/java/main/org/apache/jute/compiler/JLong.java,12,21,1,1,0,0,0,0.0,1,1,1.0,1,31,31,31.0,43.0,43.0,0,0,2,2,0,no
3.3.0,src/java/main/org/apache/jute/compiler/JString.java,19,21,1,1,0,0,0,0.0,1,1,1.0,1,31,31,31.0,43.0,43.0,0,0,3,3,0,no
3.3.0,src/java/main/org/apache/zookeeper/AsyncCallback.java,31,17,1,1,0,5,5,5.0,5,5,5.0,5,10,10,10.0,20.0,20.0,0,0,2,2,0,no
3.3.0,src/java/main/org/apache/zookeeper/ClientWatchManager.java,5,31,0,0,0,0,0,0.0,0,0,0.0,0,0,0,0.0,0.0,0.0,0,0,4,1,0,no
3.3.0,src/java/main/org/apache/zookeeper/jmx/CommonNames.java,6,21,0,0,0,0,0,0.0,0,0,0.0,0,0,0,0.0,0.0,0.0,0,0,2,1,0,no
3.3.0,src/java/main/org/apache/zookeeper/jmx/ZKMBeanInfo.java,5,29,0,0,0,0,0,0.0,0,0,0.0,0,0,0,0.0,0.0,0.0,0,0,5,1,0,no
3.3.0,src/java/main/org/apache/zookeeper/server/ConnectionMXBean.java,22,70,1,1,1,30,30,30.0,30,30,30.0,30,6,6,6.0,19.0,19.0,0,0,2,1,0,no
3.3.0,src/java/main/org/apache/zookeeper/server/DataTreeMXBean.java,8,36,0,0,0,0,0,0.0,0,0,0.0,0,0,0,0.0,0.0,0.0,0,0,2,1,0,no
3.3.0,src/java/main/org/apache/zookeeper/server/ObserverBean.java,16,21,1,1,0,45,45,45.0,45,45,45.0,45,15,15,15.0,18.0,18.0,0,0,2,2,0,no
3.3.0,src/java/main/org/apache/zookeeper/server/RequestProcessor.java,5,29,0,0,0,0,0,0.0,0,0,0.0,0,0,0,0.0,0.0,0.0,0,0,2,1,0,no
3.3.0,src/java/main/org/apache/zookeeper/server/ServerStats.java,93,22,3,2,0,32,25,10.666666666666666,20,14,6.666666666666667,72,77,66,25.666666666666668,65.0,62.083333333333336,0,0,6,3,0,no
3.3.0,src/java/main/org/apache/zookeeper/server/SessionTracker.java,23,38,3,2,2,19,8,6.333333333333333,16,8,5.333333333333333,22,32,11,10.666666666666666,38.0,20.181818181818183,0,0,4,2,0,no
3.3.0,src/java/main/org/apache/zookeeper/server/ZKDatabase.java,201,212,3,1,1,466,454,155.33333333333334,461,454,153.66666666666666,471,35,17,11.666666666666666,13.0,12.715498938428874,0,0,37,5,0,no
3.3.0,src/java/main/org/apache/zookeeper/server/ZooKeeperServerBean.java,93,21,3,1,0,31,29,10.333333333333334,33,29,11.0,37,32,16,10.666666666666666,58.0,13.324324324324325,0,0,4,3,0,no
3.3.0,src/java/main/org/apache/zookeeper/server/ZooKeeperServerMXBean.java,23,76,1,1,0,26,26,26.0,24,24,24.0,28,16,16,16.0,1.0,1.0,0,0,2,1,0,no
3.3.0,src/java/main/org/apache/zookeeper/server/auth/AuthenticationProvider.java,10,65,1,1,0,2,2,2.0,1,1,1.0,3,12,12,12.0,65.0,65.0,0,0,9,1,0,no
3.3.0,src/java/main/org/apache/zookeeper/server/persistence/SnapShot.java,14,45,1,1,0,6,6,6.0,6,6,6.0,6,7,7,7.0,1.0,1.0,0,0,4,1,0,no
3.3.0,src/java/main/org/apache/zookeeper/server/persistence/TxnLog.java,20,86,3,2,1,8,4,2.6666666666666665,6,4,2.0,10,25,14,8.333333333333334,56.0,22.9,0,0,6,2,0,no
3.3.0,src/java/main/org/apache/zookeeper/server/quorum/Election.java,6,17,1,1,0,1,1,1.0,1,1,1.0,1,4,4,4.0,2.0,2.0,0,0,2,1,0,no
3.3.0,src/java/main/org/apache/zookeeper/server/quorum/FollowerMXBean.java,7,29,0,0,0,0,0,0.0,0,0,0.0,0,0,0,0.0,0.0,0.0,0,0,2,1,0,no
3.3.0,src/java/main/org/apache/zookeeper/server/quorum/LeaderElectionBean.java,15,20,0,0,0,0,0,0.0,0,0,0.0,0,0,0,0.0,0.0,0.0,0,0,2,2,0,no
3.3.0,src/java/main/org/apache/zookeeper/server/quorum/LeaderElectionMXBean.java,4,24,0,0,0,0,0,0.0,0,0,0.0,0,0,0,0.0,0.0,0.0,0,0,2,1,0,no
3.3.0,src/java/main/org/apache/zookeeper/server/quorum/LeaderMXBean.java,6,26,0,0,0,0,0,0.0,0,0,0.0,0,0,0,0.0,0.0,0.0,0,0,2,1,0,no
3.3.0,src/java/main/org/apache/zookeeper/server/quorum/Learner.java,245,100,2,1,1,380,375,190.0,375,375,187.5,385,26,17,13.0,20.0,19.818181818181817,0,0,30,5,0,yes
3.3.0,src/java/main/org/apache/zookeeper/server/quorum/LearnerHandler.java,373,83,7,4,3,49,16,7.0,30,11,4.285714285714286,68,61,25,8.714285714285714,18.0,13.147058823529411,0,0,56,8,0,yes
3.3.0,src/java/main/org/apache/zookeeper/server/quorum/LearnerSessionTracker.java,49,25,1,1,0,7,7,7.0,3,3,3.0,11,11,11,11.0,8.0,8.0,0,0,4,2,0,no
3.3.0,src/java/main/org/apache/zookeeper/server/quorum/LearnerSyncRequest.java,13,17,0,0,0,0,0,0.0,0,0,0.0,0,0,0,0.0,0.0,0.0,0,0,2,2,0,no
3.3.0,src/java/main/org/apache/zookeeper/server/quorum/LearnerZooKeeperServer.java,90,39,3,1,1,162,149,54.0,156,149,52.0,182,42,17,14.0,20.0,17.675824175824175,0,0,10,4,0,no
3.3.0,src/java/main/org/apache/zookeeper/server/quorum/LocalPeerBean.java,49,20,2,2,0,85,68,42.5,85,68,42.5,85,82,66,41.0,62.0,49.8,0,0,3,3,0,no
3.3.0,src/java/main/org/apache/zookeeper/server/quorum/LocalPeerMXBean.java,13,51,2,2,0,77,64,38.5,77,64,38.5,77,82,66,41.0,62.0,51.701298701298704,0,0,4,1,0,no
3.3.0,src/java/main/org/apache/zookeeper/server/quorum/Observer.java,94,40,3,3,1,149,147,49.66666666666666,147,147,49.0,151,44,25,14.666666666666666,18.0,17.655629139072847,0,0,14,5,0,no
3.3.0,src/java/main/org/apache/zookeeper/server/quorum/ObserverMXBean.java,6,27,1,1,0,37,37,37.0,37,37,37.0,37,15,15,15.0,18.0,18.0,0,0,2,1,0,no
3.3.0,src/java/main/org/apache/zookeeper/server/quorum/ObserverRequestProcessor.java,65,43,1,1,0,123,123,123.0,123,123,123.0,123,15,15,15.0,18.0,18.0,0,0,13,5,0,no
3.3.0,src/java/main/org/apache/zookeeper/server/quorum/ObserverZooKeeperServer.java,57,46,3,1,1,121,114,40.333333333333336,116,114,38.66666666666666,126,48,17,16.0,18.0,16.857142857142858,0,0,6,3,0,no
3.3.0,src/java/main/org/apache/zookeeper/server/quorum/ProposalRequestProcessor.java,34,35,7,3,0,19,7,2.7142857142857144,20,6,2.857142857142857,32,152,66,21.714285714285715,62.0,39.5625,0,0,6,4,0,no
3.3.0,src/java/main/org/apache/zookeeper/server/quorum/QuorumBean.java,20,17,0,0,0,0,0,0.0,0,0,0.0,0,0,0,0.0,0.0,0.0,0,0,2,2,0,no
3.3.0,src/java/main/org/apache/zookeeper/server/quorum/QuorumMXBean.java,5,26,0,0,0,0,0,0.0,0,0,0.0,0,0,0,0.0,0.0,0.0,0,0,2,1,0,no
3.3.0,src/java/main/org/apache/zookeeper/server/quorum/QuorumZooKeeperServer.java,35,21,1,1,0,62,62,62.0,62,62,62.0,62,16,16,16.0,1.0,1.0,0,0,3,2,0,no
3.3.0,src/java/main/org/apache/zookeeper/server/quorum/RemotePeerMXBean.java,5,26,0,0,0,0,0,0.0,0,0,0.0,0,0,0,0.0,0.0,0.0,0,0,3,1,0,no
3.3.0,src/java/main/org/apache/zookeeper/server/quorum/ServerBean.java,12,20,0,0,0,0,0,0.0,0,0,0.0,0,0,0,0.0,0.0,0.0,0,0,3,2,0,no
3.3.0,src/java/main/org/apache/zookeeper/server/quorum/ServerMXBean.java,5,26,0,0,0,0,0,0.0,0,0,0.0,0,0,0,0.0,0.0,0.0,0,0,2,1,0,no
3.3.0,src/recipes/lock/src/java/org/apache/zookeeper/recipes/lock/LockListener.java,5,31,1,1,0,38,38,38.0,38,38,38.0,38,5,5,5.0,48.0,48.0,0,0,2,1,0,no
3.3.0,src/recipes/lock/src/java/org/apache/zookeeper/recipes/lock/ZooKeeperOperation.java,5,30,1,1,0,38,38,38.0,38,38,38.0,38,5,5,5.0,48.0,48.0,0,0,4,1,0,no
3.3.0,src/recipes/queue/src/java/org/apache/zookeeper/recipes/queue/DistributedQueue.java,185,81,1,1,0,312,312,312.0,312,312,312.0,312,1,1,1.0,19.0,19.0,0,0,26,6,0,no
3.3.1,src/contrib/bookkeeper/src/java/org/apache/bookkeeper/client/AsyncCallback.java,23,78,4,3,0,188,93,47.0,116,82,29.0,262,86,51,21.5,50.0,25.32824427480916,0,0,4,2,0,no
3.3.1,src/contrib/bookkeeper/src/java/org/apache/bookkeeper/client/CRC32DigestManager.java,25,17,1,1,0,50,50,50.0,50,50,50.0,50,51,51,51.0,15.0,15.0,0,0,2,2,0,no
3.3.1,src/contrib/bookkeeper/src/java/org/apache/bookkeeper/client/DistributionSchedule.java,6,49,1,1,0,61,61,61.0,61,61,61.0,61,51,51,51.0,15.0,15.0,0,0,6,1,0,no
3.3.1,src/contrib/bookkeeper/src/java/org/apache/bookkeeper/client/LedgerDeleteOp.java,24,47,1,1,0,80,80,80.0,80,80,80.0,80,1,1,1.0,0.0,0.0,0,0,2,2,0,no
3.3.1,src/contrib/bookkeeper/src/java/org/apache/bookkeeper/client/LedgerEntry.java,35,31,3,1,0,109,63,36.333333333333336,88,63,29.33333333333333,140,93,51,31.0,67.0,39.93571428571428,0,0,3,3,0,no
3.3.1,src/contrib/bookkeeper/src/java/org/apache/bookkeeper/client/RoundRobinDistributionSchedule.java,41,28,1,1,0,87,87,87.0,87,87,87.0,87,51,51,51.0,15.0,15.0,0,0,8,5,0,no
3.3.1,src/contrib/bookkeeper/src/java/org/apache/bookkeeper/proto/BookkeeperInternalCallbacks.java,14,35,1,1,0,57,57,57.0,57,57,57.0,57,51,51,51.0,15.0,15.0,0,0,6,2,0,no
3.3.1,src/contrib/rest/src/java/org/apache/zookeeper/server/jersey/jaxb/ZChildren.java,46,23,1,1,0,80,80,80.0,80,80,80.0,80,12,12,12.0,53.0,53.0,0,0,4,3,0,no
3.3.1,src/contrib/rest/src/java/org/apache/zookeeper/server/jersey/jaxb/ZChildrenJSON.java,42,23,1,1,0,76,76,76.0,76,76,76.0,76,12,12,12.0,53.0,53.0,0,0,4,3,0,no
3.3.1,src/contrib/rest/src/java/org/apache/zookeeper/server/jersey/jaxb/ZError.java,13,21,1,1,0,41,41,41.0,41,41,41.0,41,12,12,12.0,53.0,53.0,0,0,2,2,0,no
3.3.1,src/contrib/rest/src/java/org/apache/zookeeper/server/jersey/jaxb/ZPath.java,32,21,1,1,0,63,63,63.0,63,63,63.0,63,12,12,12.0,53.0,53.0,0,0,3,3,0,no
3.3.1,src/contrib/zooinspector/src/java/org/apache/zookeeper/inspector/gui/NodeViewersChangeListener.java,6,28,1,1,0,37,37,37.0,37,37,37.0,37,24,24,24.0,9.0,9.0,0,0,3,1,0,no
3.3.1,src/contrib/zooinspector/src/java/org/apache/zookeeper/inspector/manager/NodeListener.java,6,29,1,1,0,37,37,37.0,37,37,37.0,37,24,24,24.0,9.0,9.0,0,0,3,1,0,no
3.3.1,src/contrib/zooinspector/src/java/org/apache/zookeeper/inspector/manager/ZooInspectorManager.java,28,95,1,1,0,139,139,139.0,139,139,139.0,139,24,24,24.0,9.0,9.0,0,0,12,1,0,no
3.3.1,src/contrib/zooinspector/src/java/org/apache/zookeeper/inspector/manager/ZooInspectorNodeManager.java,4,28,1,1,0,33,33,33.0,33,33,33.0,33,24,24,24.0,9.0,9.0,0,0,5,1,0,no
3.3.1,src/contrib/zooinspector/src/java/org/apache/zookeeper/inspector/manager/ZooInspectorNodeTreeManager.java,6,33,1,1,0,43,43,43.0,43,43,43.0,43,24,24,24.0,9.0,9.0,0,0,6,1,0,no
3.3.1,src/contrib/zooinspector/src/java/org/apache/zookeeper/inspector/manager/ZooInspectorReadOnlyManager.java,15,71,1,1,0,99,99,99.0,99,99,99.0,99,24,24,24.0,9.0,9.0,0,0,9,1,0,no
3.3.1,src/java/main/org/apache/jute/Index.java,5,31,1,1,0,0,0,0.0,1,1,1.0,1,31,31,31.0,51.0,51.0,0,0,4,1,0,no
3.3.1,src/java/main/org/apache/jute/Record.java,8,21,1,1,0,0,0,0.0,1,1,1.0,1,31,31,31.0,51.0,51.0,0,0,2,1,0,no
3.3.1,src/java/main/org/apache/jute/compiler/CSharpGenerator.java,19,29,1,1,0,53,53,53.0,53,53,53.0,53,16,16,16.0,2.0,2.0,0,0,3,3,0,no
3.3.1,src/java/main/org/apache/jute/compiler/JBoolean.java,21,21,2,2,0,9,9,4.5,9,8,4.5,11,47,31,23.5,51.0,6.454545454545454,0,0,2,2,0,no
3.3.1,src/java/main/org/apache/jute/compiler/JByte.java,9,21,2,2,0,1,1,0.5,1,1,0.5,3,47,31,23.5,51.0,18.33333333333333,0,0,2,2,0,no
3.3.1,src/java/main/org/apache/jute/compiler/JCompType.java,34,22,2,2,0,15,15,7.5,15,13,7.5,19,47,31,23.5,51.0,7.157894736842105,0,0,3,2,0,no
3.3.1,src/java/main/org/apache/jute/compiler/JDouble.java,13,21,2,2,0,1,1,0.5,1,1,0.5,3,47,31,23.5,51.0,18.33333333333333,0,0,2,2,0,no
3.3.1,src/java/main/org/apache/jute/compiler/JFloat.java,12,21,2,2,0,1,1,0.5,1,1,0.5,3,47,31,23.5,51.0,18.33333333333333,0,0,2,2,0,no
3.3.1,src/java/main/org/apache/jute/compiler/JInt.java,9,21,2,2,0,1,1,0.5,1,1,0.5,3,47,31,23.5,51.0,18.33333333333333,0,0,2,2,0,no
3.3.1,src/java/main/org/apache/jute/compiler/JLong.java,12,21,2,2,0,1,1,0.5,1,1,0.5,3,47,31,23.5,51.0,18.33333333333333,0,0,2,2,0,no
3.3.1,src/java/main/org/apache/jute/compiler/JString.java,19,21,2,2,0,1,1,0.5,1,1,0.5,3,47,31,23.5,51.0,18.33333333333333,0,0,3,3,0,no
3.3.1,src/java/main/org/apache/zookeeper/AsyncCallback.java,31,17,1,1,0,5,5,5.0,5,5,5.0,5,10,10,10.0,28.0,28.0,0,0,2,2,0,no
3.3.1,src/java/main/org/apache/zookeeper/ClientWatchManager.java,5,31,0,0,0,0,0,0.0,0,0,0.0,0,0,0,0.0,0.0,0.0,0,0,4,1,0,no
3.3.1,src/java/main/org/apache/zookeeper/jmx/CommonNames.java,6,21,0,0,0,0,0,0.0,0,0,0.0,0,0,0,0.0,0.0,0.0,0,0,2,1,0,no
3.3.1,src/java/main/org/apache/zookeeper/jmx/ZKMBeanInfo.java,5,29,0,0,0,0,0,0.0,0,0,0.0,0,0,0,0.0,0.0,0.0,0,0,5,1,0,no
3.3.1,src/java/main/org/apache/zookeeper/server/ConnectionMXBean.java,22,70,1,1,1,30,30,30.0,30,30,30.0,30,6,6,6.0,26.0,26.0,0,0,2,1,0,no
3.3.1,src/java/main/org/apache/zookeeper/server/DataTreeMXBean.java,8,36,0,0,0,0,0,0.0,0,0,0.0,0,0,0,0.0,0.0,0.0,0,0,2,1,0,no
3.3.1,src/java/main/org/apache/zookeeper/server/RequestProcessor.java,5,29,0,0,0,0,0,0.0,0,0,0.0,0,0,0,0.0,0.0,0.0,0,0,2,1,0,no
3.3.1,src/java/main/org/apache/zookeeper/server/ServerStats.java,93,22,3,2,0,32,25,10.666666666666666,20,14,6.666666666666667,72,77,66,25.666666666666668,72.0,69.125,0,0,6,3,0,no
3.3.1,src/java/main/org/apache/zookeeper/server/SessionTracker.java,23,38,3,2,2,19,8,6.333333333333333,16,8,5.333333333333333,22,32,11,10.666666666666666,46.0,27.818181818181817,0,0,4,2,0,no
3.3.1,src/java/main/org/apache/zookeeper/server/ZooKeeperServerMXBean.java,23,76,1,1,0,26,26,26.0,24,24,24.0,28,16,16,16.0,9.0,9.0,0,0,2,1,0,no
3.3.1,src/java/main/org/apache/zookeeper/server/auth/AuthenticationProvider.java,10,65,1,1,0,2,2,2.0,1,1,1.0,3,12,12,12.0,73.0,73.0,0,0,9,1,0,no
3.3.1,src/java/main/org/apache/zookeeper/server/persistence/SnapShot.java,14,45,1,1,0,6,6,6.0,6,6,6.0,6,7,7,7.0,9.0,9.0,0,0,4,1,0,no
3.3.1,src/java/main/org/apache/zookeeper/server/persistence/TxnLog.java,20,86,3,2,1,8,4,2.6666666666666665,6,4,2.0,10,25,14,8.333333333333334,64.0,30.9,0,0,6,2,0,no
3.3.1,src/java/main/org/apache/zookeeper/server/quorum/Election.java,6,17,1,1,0,1,1,1.0,1,1,1.0,1,4,4,4.0,9.0,9.0,0,0,2,1,0,no
3.3.1,src/java/main/org/apache/zookeeper/server/quorum/FollowerMXBean.java,7,29,0,0,0,0,0,0.0,0,0,0.0,0,0,0,0.0,0.0,0.0,0,0,2,1,0,no
3.3.1,src/java/main/org/apache/zookeeper/server/quorum/LeaderElectionBean.java,15,20,0,0,0,0,0,0.0,0,0,0.0,0,0,0,0.0,0.0,0.0,0,0,2,2,0,no
3.3.1,src/java/main/org/apache/zookeeper/server/quorum/LeaderElectionMXBean.java,4,24,0,0,0,0,0,0.0,0,0,0.0,0,0,0,0.0,0.0,0.0,0,0,2,1,0,no
3.3.1,src/java/main/org/apache/zookeeper/server/quorum/LeaderMXBean.java,6,26,0,0,0,0,0,0.0,0,0,0.0,0,0,0,0.0,0.0,0.0,0,0,2,1,0,no
3.3.1,src/java/main/org/apache/zookeeper/server/quorum/LearnerSyncRequest.java,13,17,0,0,0,0,0,0.0,0,0,0.0,0,0,0,0.0,0.0,0.0,0,0,2,2,0,no
3.3.1,src/java/main/org/apache/zookeeper/server/quorum/LocalPeerBean.java,49,20,2,2,0,85,68,42.5,85,68,42.5,85,82,66,41.0,69.0,57.0,0,0,3,3,0,no
3.3.1,src/java/main/org/apache/zookeeper/server/quorum/LocalPeerMXBean.java,13,51,2,2,0,77,64,38.5,77,64,38.5,77,82,66,41.0,69.0,58.87012987012987,0,0,4,1,0,no
3.3.1,src/java/main/org/apache/zookeeper/server/quorum/ObserverMXBean.java,6,27,1,1,0,37,37,37.0,37,37,37.0,37,15,15,15.0,25.0,25.0,0,0,2,1,0,no
3.3.1,src/java/main/org/apache/zookeeper/server/quorum/ProposalRequestProcessor.java,34,35,7,3,0,19,7,2.7142857142857144,20,6,2.857142857142857,32,152,66,21.714285714285715,69.0,46.6875,0,0,6,4,0,no
3.3.1,src/java/main/org/apache/zookeeper/server/quorum/QuorumBean.java,20,17,0,0,0,0,0,0.0,0,0,0.0,0,0,0,0.0,0.0,0.0,0,0,2,2,0,no
3.3.1,src/java/main/org/apache/zookeeper/server/quorum/QuorumMXBean.java,5,26,0,0,0,0,0,0.0,0,0,0.0,0,0,0,0.0,0.0,0.0,0,0,2,1,0,no
3.3.1,src/java/main/org/apache/zookeeper/server/quorum/RemotePeerMXBean.java,5,26,0,0,0,0,0,0.0,0,0,0.0,0,0,0,0.0,0.0,0.0,0,0,3,1,0,no
3.3.1,src/java/main/org/apache/zookeeper/server/quorum/ServerBean.java,12,20,0,0,0,0,0,0.0,0,0,0.0,0,0,0,0.0,0.0,0.0,0,0,3,2,0,no
3.3.1,src/java/main/org/apache/zookeeper/server/quorum/ServerMXBean.java,5,26,0,0,0,0,0,0.0,0,0,0.0,0,0,0,0.0,0.0,0.0,0,0,2,1,0,no
3.3.1,src/recipes/lock/src/java/org/apache/zookeeper/recipes/lock/LockListener.java,5,31,1,1,0,38,38,38.0,38,38,38.0,38,5,5,5.0,55.0,55.0,0,0,2,1,0,no
3.3.1,src/recipes/lock/src/java/org/apache/zookeeper/recipes/lock/ZooKeeperOperation.java,5,30,1,1,0,38,38,38.0,38,38,38.0,38,5,5,5.0,55.0,55.0,0,0,4,1,0,no
3.3.2,src/contrib/bookkeeper/src/java/org/apache/bookkeeper/client/AsyncCallback.java,26,86,5,3,0,200,93,40.0,128,82,25.6,274,93,51,18.6,76.0,49.824817518248175,0,0,5,2,0,no
3.3.2,src/contrib/bookkeeper/src/java/org/apache/bookkeeper/client/CRC32DigestManager.java,25,17,1,1,0,50,50,50.0,50,50,50.0,50,51,51,51.0,41.0,41.0,0,0,2,2,0,no
3.3.2,src/contrib/bookkeeper/src/java/org/apache/bookkeeper/client/DistributionSchedule.java,6,49,2,2,0,62,61,31.0,61,61,30.5,63,58,51,29.0,41.0,40.23809523809524,0,0,6,1,0,no
3.3.2,src/contrib/bookkeeper/src/java/org/apache/bookkeeper/client/LedgerDeleteOp.java,24,47,1,1,0,80,80,80.0,80,80,80.0,80,1,1,1.0,25.0,25.0,0,0,2,2,0,no
3.3.2,src/contrib/bookkeeper/src/java/org/apache/bookkeeper/client/LedgerEntry.java,35,31,3,1,0,109,63,36.333333333333336,88,63,29.33333333333333,140,93,51,31.0,92.0,65.48571428571428,0,0,3,3,0,no
3.3.2,src/contrib/bookkeeper/src/java/org/apache/bookkeeper/client/RoundRobinDistributionSchedule.java,41,28,1,1,0,87,87,87.0,87,87,87.0,87,51,51,51.0,41.0,41.0,0,0,8,5,0,no
3.3.2,src/contrib/bookkeeper/src/java/org/apache/bookkeeper/proto/BookkeeperInternalCallbacks.java,14,35,1,1,0,57,57,57.0,57,57,57.0,57,51,51,51.0,41.0,41.0,0,0,6,2,0,no
3.3.2,src/contrib/bookkeeper/src/java/org/apache/bookkeeper/tools/BookKeeperTools.java,375,348,1,1,0,762,762,762.0,762,762,762.0,762,7,7,7.0,17.0,17.0,0,0,93,9,0,no
3.3.2,src/contrib/hedwig/client/src/main/java/org/apache/hedwig/client/api/MessageHandler.java,7,37,1,1,0,48,48,48.0,48,48,48.0,48,114,114,114.0,12.0,12.0,0,0,2,1,0,no
3.3.2,src/contrib/hedwig/client/src/main/java/org/apache/hedwig/client/api/Publisher.java,10,48,1,1,0,63,63,63.0,63,63,63.0,63,114,114,114.0,12.0,12.0,0,0,2,1,0,no
3.3.2,src/contrib/hedwig/client/src/main/java/org/apache/hedwig/client/api/Subscriber.java,33,189,1,1,0,237,237,237.0,237,237,237.0,237,114,114,114.0,12.0,12.0,0,0,20,1,0,no
3.3.2,src/contrib/hedwig/client/src/main/java/org/apache/hedwig/client/benchmark/BenchmarkPublisher.java,92,21,1,1,0,133,133,133.0,133,133,133.0,133,114,114,114.0,12.0,12.0,0,0,13,4,0,no
3.3.2,src/contrib/hedwig/client/src/main/java/org/apache/hedwig/client/benchmark/BenchmarkSubscriber.java,91,23,1,1,0,136,136,136.0,136,136,136.0,136,114,114,114.0,12.0,12.0,0,0,14,6,0,no
3.3.2,src/contrib/hedwig/client/src/main/java/org/apache/hedwig/client/benchmark/BenchmarkUtils.java,124,28,1,1,0,176,176,176.0,176,176,176.0,176,114,114,114.0,12.0,12.0,0,0,15,9,0,no
3.3.2,src/contrib/hedwig/client/src/main/java/org/apache/hedwig/client/benchmark/BenchmarkWorker.java,24,17,1,1,0,46,46,46.0,46,46,46.0,46,114,114,114.0,12.0,12.0,0,0,4,3,0,no
3.3.2,src/contrib/hedwig/client/src/main/java/org/apache/hedwig/client/benchmark/HedwigBenchmark.java,76,24,1,1,0,127,127,127.0,127,127,127.0,127,114,114,114.0,12.0,12.0,0,0,8,4,0,no
3.3.2,src/contrib/hedwig/client/src/main/java/org/apache/hedwig/client/conf/ClientConfiguration.java,67,61,1,1,0,148,148,148.0,148,148,148.0,148,114,114,114.0,12.0,12.0,0,0,19,3,0,no
3.3.2,src/contrib/hedwig/client/src/main/java/org/apache/hedwig/client/data/MessageConsumeData.java,24,29,1,1,0,58,58,58.0,58,58,58.0,58,114,114,114.0,12.0,12.0,0,0,10,2,0,no
3.3.2,src/contrib/hedwig/client/src/main/java/org/apache/hedwig/client/data/PubSubData.java,82,58,1,1,0,149,149,149.0,149,149,149.0,149,114,114,114.0,12.0,12.0,0,0,35,4,0,no
3.3.2,src/contrib/hedwig/client/src/main/java/org/apache/hedwig/client/data/TopicSubscriber.java,41,23,1,1,0,74,74,74.0,74,74,74.0,74,114,114,114.0,12.0,12.0,0,0,7,2,0,no
3.3.2,src/contrib/hedwig/client/src/main/java/org/apache/hedwig/client/exceptions/InvalidSubscriberIdException.java,10,22,1,1,0,37,37,37.0,37,37,37.0,37,114,114,114.0,12.0,12.0,0,0,3,2,0,no
3.3.2,src/contrib/hedwig/client/src/main/java/org/apache/hedwig/client/exceptions/ServerRedirectLoopException.java,10,23,1,1,0,38,38,38.0,38,38,38.0,38,114,114,114.0,12.0,12.0,0,0,3,2,0,no
3.3.2,src/contrib/hedwig/client/src/main/java/org/apache/hedwig/client/exceptions/TooManyServerRedirectsException.java,10,24,1,1,0,39,39,39.0,39,39,39.0,39,114,114,114.0,12.0,12.0,0,0,2,2,0,no
3.3.2,src/contrib/hedwig/client/src/main/java/org/apache/hedwig/client/handlers/MessageConsumeCallback.java,44,37,1,1,0,95,95,95.0,95,95,95.0,95,114,114,114.0,12.0,12.0,0,0,4,3,0,no
3.3.2,src/contrib/hedwig/client/src/main/java/org/apache/hedwig/client/handlers/PubSubCallback.java,39,37,1,1,0,87,87,87.0,87,87,87.0,87,114,114,114.0,12.0,12.0,0,0,9,3,0,no
3.3.2,src/contrib/hedwig/client/src/main/java/org/apache/hedwig/client/handlers/PublishResponseHandler.java,37,26,1,1,0,70,70,70.0,70,70,70.0,70,114,114,114.0,12.0,12.0,0,0,7,3,0,no
3.3.2,src/contrib/hedwig/client/src/main/java/org/apache/hedwig/client/handlers/SubscribeReconnectCallback.java,59,42,1,1,0,113,113,113.0,113,113,113.0,113,114,114,114.0,12.0,12.0,0,0,18,4,0,no
3.3.2,src/contrib/hedwig/client/src/main/java/org/apache/hedwig/client/handlers/SubscribeResponseHandler.java,161,150,1,1,0,329,329,329.0,329,329,329.0,329,114,114,114.0,12.0,12.0,0,0,69,4,0,no
3.3.2,src/contrib/hedwig/client/src/main/java/org/apache/hedwig/client/handlers/UnsubscribeResponseHandler.java,45,30,1,1,0,83,83,83.0,83,83,83.0,83,114,114,114.0,12.0,12.0,0,0,9,3,0,no
3.3.2,src/contrib/hedwig/client/src/main/java/org/apache/hedwig/client/netty/ClientChannelPipelineFactory.java,29,20,1,1,0,58,58,58.0,58,58,58.0,58,114,114,114.0,12.0,12.0,0,0,3,3,0,no
3.3.2,src/contrib/hedwig/client/src/main/java/org/apache/hedwig/client/netty/ConnectCallback.java,62,49,1,1,0,122,122,122.0,122,122,122.0,122,114,114,114.0,12.0,12.0,0,0,21,4,0,no
3.3.2,src/contrib/hedwig/client/src/main/java/org/apache/hedwig/client/netty/HedwigClient.java,178,146,1,1,0,359,359,359.0,359,359,359.0,359,114,114,114.0,12.0,12.0,0,0,57,5,0,no
3.3.2,src/contrib/hedwig/client/src/main/java/org/apache/hedwig/client/netty/HedwigPublisher.java,115,89,1,1,0,224,224,224.0,224,224,224.0,224,114,114,114.0,12.0,12.0,0,0,49,5,0,no
3.3.2,src/contrib/hedwig/client/src/main/java/org/apache/hedwig/client/netty/HedwigSubscriber.java,365,175,1,1,0,585,585,585.0,585,585,585.0,585,114,114,114.0,12.0,12.0,0,0,97,6,0,no
3.3.2,src/contrib/hedwig/client/src/main/java/org/apache/hedwig/client/netty/ResponseHandler.java,201,131,1,1,0,365,365,365.0,365,365,365.0,365,114,114,114.0,12.0,12.0,0,0,80,4,0,no
3.3.2,src/contrib/hedwig/client/src/main/java/org/apache/hedwig/client/netty/WriteCallback.java,49,38,1,1,0,98,98,98.0,98,98,98.0,98,114,114,114.0,12.0,12.0,0,0,15,4,0,no
3.3.2,src/contrib/hedwig/client/src/main/java/org/apache/hedwig/client/ssl/SslClientContextFactory.java,17,18,1,1,0,41,41,41.0,41,41,41.0,41,114,114,114.0,12.0,12.0,0,0,2,3,0,no
3.3.2,src/contrib/hedwig/client/src/main/java/org/apache/hedwig/client/ssl/SslContextFactory.java,33,20,1,1,0,65,65,65.0,65,65,65.0,65,114,114,114.0,12.0,12.0,0,0,3,5,0,no
3.3.2,src/contrib/hedwig/client/src/main/java/org/apache/hedwig/conf/AbstractConfiguration.java,16,23,1,1,0,45,45,45.0,45,45,45.0,45,114,114,114.0,12.0,12.0,0,0,2,2,0,no
3.3.2,src/contrib/hedwig/client/src/main/java/org/apache/hedwig/util/Callback.java,6,36,1,1,0,47,47,47.0,47,47,47.0,47,114,114,114.0,12.0,12.0,0,0,7,1,0,no
3.3.2,src/contrib/hedwig/client/src/main/java/org/apache/hedwig/util/CallbackUtils.java,93,65,1,1,0,185,185,185.0,185,185,185.0,185,114,114,114.0,12.0,12.0,0,0,14,7,0,no
3.3.2,src/contrib/hedwig/client/src/main/java/org/apache/hedwig/util/ConcurrencyUtils.java,26,17,1,1,0,49,49,49.0,49,49,49.0,49,114,114,114.0,12.0,12.0,0,0,2,3,0,no
3.3.2,src/contrib/hedwig/client/src/main/java/org/apache/hedwig/util/Either.java,24,17,1,1,0,50,50,50.0,50,50,50.0,50,114,114,114.0,12.0,12.0,0,0,2,2,0,no
3.3.2,src/contrib/hedwig/client/src/main/java/org/apache/hedwig/util/FileUtils.java,60,17,1,1,0,97,97,97.0,97,97,97.0,97,114,114,114.0,12.0,12.0,0,0,10,5,0,no
3.3.2,src/contrib/hedwig/client/src/main/java/org/apache/hedwig/util/HedwigSocketAddress.java,72,48,1,1,0,138,138,138.0,138,138,138.0,138,114,114,114.0,12.0,12.0,0,0,12,2,0,no
3.3.2,src/contrib/hedwig/client/src/main/java/org/apache/hedwig/util/Option.java,18,17,1,1,0,43,43,43.0,43,43,43.0,43,114,114,114.0,12.0,12.0,0,0,2,2,0,no
3.3.2,src/contrib/hedwig/client/src/main/java/org/apache/hedwig/util/Pair.java,18,17,1,1,0,42,42,42.0,42,42,42.0,42,114,114,114.0,12.0,12.0,0,0,2,2,0,no
3.3.2,src/contrib/hedwig/client/src/main/java/org/apache/hedwig/util/PathUtils.java,29,21,1,1,0,56,56,56.0,56,56,56.0,56,114,114,114.0,12.0,12.0,0,0,8,4,0,no
3.3.2,src/contrib/hedwig/protocol/src/main/java/org/apache/hedwig/exceptions/PubSubException.java,114,27,1,1,0,162,162,162.0,162,162,162.0,162,114,114,114.0,12.0,12.0,0,0,21,3,0,no
3.3.2,src/contrib/hedwig/protocol/src/main/java/org/apache/hedwig/protoextensions/MessageIdUtils.java,90,33,1,1,0,153,153,153.0,153,153,153.0,153,114,114,114.0,12.0,12.0,0,0,19,4,0,no
3.3.2,src/contrib/hedwig/protocol/src/main/java/org/apache/hedwig/protoextensions/PubSubResponseUtils.java,17,20,1,1,0,43,43,43.0,43,43,43.0,43,114,114,114.0,12.0,12.0,0,0,3,2,0,no
3.3.2,src/contrib/hedwig/protocol/src/main/java/org/apache/hedwig/protoextensions/SubscriptionStateUtils.java,14,21,1,1,0,41,41,41.0,41,41,41.0,41,114,114,114.0,12.0,12.0,0,0,2,2,0,no
3.3.2,src/contrib/hedwig/server/src/main/java/org/apache/hedwig/server/benchmark/AbstractBenchmark.java,60,18,1,1,0,104,104,104.0,104,104,104.0,104,114,114,114.0,12.0,12.0,0,0,7,4,0,no
3.3.2,src/contrib/hedwig/server/src/main/java/org/apache/hedwig/server/benchmark/BookieBenchmark.java,65,17,1,1,0,103,103,103.0,103,103,103.0,103,114,114,114.0,12.0,12.0,0,0,3,4,0,no
3.3.2,src/contrib/hedwig/server/src/main/java/org/apache/hedwig/server/benchmark/BookkeeperBenchmark.java,52,17,1,1,0,91,91,91.0,91,91,91.0,91,114,114,114.0,12.0,12.0,0,0,4,4,0,no
3.3.2,src/contrib/hedwig/server/src/main/java/org/apache/hedwig/server/benchmark/FakeBookie.java,68,18,1,1,0,100,100,100.0,100,100,100.0,100,114,114,114.0,12.0,12.0,0,0,3,3,0,no
3.3.2,src/contrib/hedwig/server/src/main/java/org/apache/hedwig/server/common/ByteStringInterner.java,18,19,1,1,0,45,45,45.0,45,45,45.0,45,114,114,114.0,12.0,12.0,0,0,4,3,0,no
3.3.2,src/contrib/hedwig/server/src/main/java/org/apache/hedwig/server/common/ServerConfiguration.java,197,49,2,2,1,289,268,144.5,289,268,144.5,289,118,114,59.0,12.0,11.200692041522492,0,0,20,4,0,yes
3.3.2,src/contrib/hedwig/server/src/main/java/org/apache/hedwig/server/common/TerminateJVMExceptionHandler.java,10,17,1,1,0,31,31,31.0,31,31,31.0,31,114,114,114.0,12.0,12.0,0,0,2,2,0,no
3.3.2,src/contrib/hedwig/server/src/main/java/org/apache/hedwig/server/common/TopicOpQueuer.java,74,20,1,1,0,111,111,111.0,111,111,111.0,111,114,114,114.0,12.0,12.0,0,0,7,5,0,no
3.3.2,src/contrib/hedwig/server/src/main/java/org/apache/hedwig/server/common/UnexpectedError.java,10,20,1,1,0,35,35,35.0,35,35,35.0,35,114,114,114.0,12.0,12.0,0,0,2,2,0,no
3.3.2,src/contrib/hedwig/server/src/main/java/org/apache/hedwig/server/delivery/ChannelEndPoint.java,47,18,1,1,0,81,81,81.0,81,81,81.0,81,114,114,114.0,12.0,12.0,0,0,6,3,0,no
3.3.2,src/contrib/hedwig/server/src/main/java/org/apache/hedwig/server/delivery/DeliveryCallback.java,6,17,1,1,0,27,27,27.0,27,27,27.0,27,114,114,114.0,12.0,12.0,0,0,2,1,0,no
3.3.2,src/contrib/hedwig/server/src/main/java/org/apache/hedwig/server/delivery/DeliveryEndPoint.java,6,17,1,1,0,28,28,28.0,28,28,28.0,28,114,114,114.0,12.0,12.0,0,0,2,1,0,no
3.3.2,src/contrib/hedwig/server/src/main/java/org/apache/hedwig/server/delivery/DeliveryManager.java,9,17,1,1,0,29,29,29.0,29,29,29.0,29,114,114,114.0,12.0,12.0,0,0,2,1,0,no
3.3.2,src/contrib/hedwig/server/src/main/java/org/apache/hedwig/server/delivery/FIFODeliveryManager.java,304,151,1,1,0,561,561,561.0,561,561,561.0,561,114,114,114.0,12.0,12.0,0,0,35,4,0,no
3.3.2,src/contrib/hedwig/server/src/main/java/org/apache/hedwig/server/handlers/BaseHandler.java,37,17,1,1,0,64,64,64.0,64,64,64.0,64,114,114,114.0,12.0,12.0,0,0,3,5,0,no
3.3.2,src/contrib/hedwig/server/src/main/java/org/apache/hedwig/server/handlers/ChannelDisconnectListener.java,5,21,1,1,0,29,29,29.0,29,29,29.0,29,114,114,114.0,12.0,12.0,0,0,2,1,0,no
3.3.2,src/contrib/hedwig/server/src/main/java/org/apache/hedwig/server/handlers/ConsumeHandler.java,36,17,1,1,0,64,64,64.0,64,64,64.0,64,114,114,114.0,12.0,12.0,0,0,3,3,0,no
3.3.2,src/contrib/hedwig/server/src/main/java/org/apache/hedwig/server/handlers/Handler.java,6,27,1,1,0,37,37,37.0,37,37,37.0,37,114,114,114.0,12.0,12.0,0,0,2,1,0,no
3.3.2,src/contrib/hedwig/server/src/main/java/org/apache/hedwig/server/handlers/PublishHandler.java,41,17,1,1,0,68,68,68.0,68,68,68.0,68,114,114,114.0,12.0,12.0,0,0,3,4,0,no
3.3.2,src/contrib/hedwig/server/src/main/java/org/apache/hedwig/server/handlers/SubscribeHandler.java,99,32,1,1,0,153,153,153.0,153,153,153.0,153,114,114,114.0,12.0,12.0,0,0,11,6,0,no
3.3.2,src/contrib/hedwig/server/src/main/java/org/apache/hedwig/server/handlers/UnsubscribeHandler.java,45,17,1,1,0,72,72,72.0,72,72,72.0,72,114,114,114.0,12.0,12.0,0,0,3,4,0,no
3.3.2,src/contrib/hedwig/server/src/main/java/org/apache/hedwig/server/netty/PubSubServer.java,252,63,1,1,0,364,364,364.0,364,364,364.0,364,114,114,114.0,12.0,12.0,0,0,26,6,0,no
3.3.2,src/contrib/hedwig/server/src/main/java/org/apache/hedwig/server/netty/PubSubServerPipelineFactory.java,37,30,1,1,0,76,76,76.0,76,76,76.0,76,114,114,114.0,12.0,12.0,0,0,4,3,0,no
3.3.2,src/contrib/hedwig/server/src/main/java/org/apache/hedwig/server/netty/UmbrellaHandler.java,107,31,1,1,0,158,158,158.0,158,158,158.0,158,114,114,114.0,12.0,12.0,0,0,13,7,0,no
3.3.2,src/contrib/hedwig/server/src/main/java/org/apache/hedwig/server/persistence/BookkeeperPersistenceManager.java,492,126,2,2,1,740,739,370.0,742,739,371.0,744,118,114,59.0,12.0,11.926075268817204,0,0,66,9,0,yes
3.3.2,src/contrib/hedwig/server/src/main/java/org/apache/hedwig/server/persistence/CacheKey.java,47,17,1,1,0,74,74,74.0,74,74,74.0,74,114,114,114.0,12.0,12.0,0,0,10,3,0,no
3.3.2,src/contrib/hedwig/server/src/main/java/org/apache/hedwig/server/persistence/CacheValue.java,53,24,1,1,0,93,93,93.0,93,93,93.0,93,114,114,114.0,12.0,12.0,0,0,10,3,0,no
3.3.2,src/contrib/hedwig/server/src/main/java/org/apache/hedwig/server/persistence/Factory.java,4,17,1,1,0,22,22,22.0,22,22,22.0,22,114,114,114.0,12.0,12.0,0,0,2,1,0,no
3.3.2,src/contrib/hedwig/server/src/main/java/org/apache/hedwig/server/persistence/LocalDBPersistenceManager.java,292,64,1,1,0,426,426,426.0,426,426,426.0,426,114,114,114.0,12.0,12.0,0,0,35,6,0,no
3.3.2,src/contrib/hedwig/server/src/main/java/org/apache/hedwig/server/persistence/MapMethods.java,32,17,1,1,0,62,62,62.0,62,62,62.0,62,114,114,114.0,12.0,12.0,0,0,6,4,0,no
3.3.2,src/contrib/hedwig/server/src/main/java/org/apache/hedwig/server/persistence/PersistRequest.java,28,22,1,1,0,58,58,58.0,58,58,58.0,58,114,114,114.0,12.0,12.0,0,0,2,2,0,no
3.3.2,src/contrib/hedwig/server/src/main/java/org/apache/hedwig/server/persistence/PersistenceManager.java,12,70,1,1,0,91,91,91.0,91,91,91.0,91,114,114,114.0,12.0,12.0,0,0,5,1,0,no
3.3.2,src/contrib/hedwig/server/src/main/java/org/apache/hedwig/server/persistence/PersistenceManagerWithRangeScan.java,4,22,1,1,0,27,27,27.0,27,27,27.0,27,114,114,114.0,12.0,12.0,0,0,2,1,0,no
3.3.2,src/contrib/hedwig/server/src/main/java/org/apache/hedwig/server/persistence/RangeScanRequest.java,37,30,1,1,0,77,77,77.0,77,77,77.0,77,114,114,114.0,12.0,12.0,0,0,2,2,0,no
3.3.2,src/contrib/hedwig/server/src/main/java/org/apache/hedwig/server/persistence/ReadAheadCache.java,336,246,1,1,0,703,703,703.0,703,703,703.0,703,114,114,114.0,12.0,12.0,0,0,56,5,0,no
3.3.2,src/contrib/hedwig/server/src/main/java/org/apache/hedwig/server/persistence/ScanCallback.java,10,45,1,1,0,63,63,63.0,63,63,63.0,63,114,114,114.0,12.0,12.0,0,0,7,2,0,no
3.3.2,src/contrib/hedwig/server/src/main/java/org/apache/hedwig/server/persistence/ScanCallbackWithContext.java,15,17,1,1,0,37,37,37.0,37,37,37.0,37,114,114,114.0,12.0,12.0,0,0,2,2,0,no
3.3.2,src/contrib/hedwig/server/src/main/java/org/apache/hedwig/server/persistence/ScanRequest.java,27,29,1,1,0,64,64,64.0,64,64,64.0,64,114,114,114.0,12.0,12.0,0,0,4,2,0,no
3.3.2,src/contrib/hedwig/server/src/main/java/org/apache/hedwig/server/proxy/ChannelTracker.java,79,19,1,1,0,124,124,124.0,124,124,124.0,124,114,114,114.0,12.0,12.0,0,0,15,4,0,no
3.3.2,src/contrib/hedwig/server/src/main/java/org/apache/hedwig/server/proxy/HedwigProxy.java,113,23,1,1,0,159,159,159.0,159,159,159.0,159,114,114,114.0,12.0,12.0,0,0,4,4,0,no
3.3.2,src/contrib/hedwig/server/src/main/java/org/apache/hedwig/server/proxy/ProxyConfiguration.java,13,17,1,1,0,36,36,36.0,36,36,36.0,36,114,114,114.0,12.0,12.0,0,0,2,2,0,no
3.3.2,src/contrib/hedwig/server/src/main/java/org/apache/hedwig/server/proxy/ProxyConsumeHandler.java,30,18,1,1,0,57,57,57.0,57,57,57.0,57,114,114,114.0,12.0,12.0,0,0,3,3,0,no
3.3.2,src/contrib/hedwig/server/src/main/java/org/apache/hedwig/server/proxy/ProxyPublishHander.java,35,17,1,1,0,62,62,62.0,62,62,62.0,62,114,114,114.0,12.0,12.0,0,0,3,4,0,no
3.3.2,src/contrib/hedwig/server/src/main/java/org/apache/hedwig/server/proxy/ProxyStartDeliveryHandler.java,73,32,1,1,0,129,129,129.0,129,129,129.0,129,114,114,114.0,12.0,12.0,0,0,5,8,0,no
3.3.2,src/contrib/hedwig/server/src/main/java/org/apache/hedwig/server/proxy/ProxyStopDeliveryHandler.java,41,21,1,1,0,73,73,73.0,73,73,73.0,73,114,114,114.0,12.0,12.0,0,0,3,4,0,no
3.3.2,src/contrib/hedwig/server/src/main/java/org/apache/hedwig/server/proxy/ProxySubscribeHandler.java,54,17,1,1,0,82,82,82.0,82,82,82.0,82,114,114,114.0,12.0,12.0,0,0,3,5,0,no
3.3.2,src/contrib/hedwig/server/src/main/java/org/apache/hedwig/server/proxy/ProxyUnsubscribeHandler.java,41,20,1,1,0,74,74,74.0,74,74,74.0,74,114,114,114.0,12.0,12.0,0,0,4,5,0,no
3.3.2,src/contrib/hedwig/server/src/main/java/org/apache/hedwig/server/regions/HedwigHubClient.java,14,28,1,1,0,48,48,48.0,48,48,48.0,48,114,114,114.0,12.0,12.0,0,0,3,2,0,no
3.3.2,src/contrib/hedwig/server/src/main/java/org/apache/hedwig/server/regions/HedwigHubClientFactory.java,25,27,1,1,0,60,60,60.0,60,60,60.0,60,114,114,114.0,12.0,12.0,0,0,3,4,0,no
3.3.2,src/contrib/hedwig/server/src/main/java/org/apache/hedwig/server/regions/HedwigHubSubscriber.java,37,25,1,1,0,70,70,70.0,70,70,70.0,70,114,114,114.0,12.0,12.0,0,0,4,2,0,no
3.3.2,src/contrib/hedwig/server/src/main/java/org/apache/hedwig/server/regions/RegionManager.java,137,26,1,1,0,180,180,180.0,180,180,180.0,180,114,114,114.0,12.0,12.0,0,0,24,12,0,no
3.3.2,src/contrib/hedwig/server/src/main/java/org/apache/hedwig/server/ssl/SslServerContextFactory.java,24,20,1,1,0,53,53,53.0,53,53,53.0,53,114,114,114.0,12.0,12.0,0,0,2,3,0,no
3.3.2,src/contrib/hedwig/server/src/main/java/org/apache/hedwig/server/subscriptions/AbstractSubscriptionManager.java,303,81,1,1,0,450,450,450.0,450,450,450.0,450,114,114,114.0,12.0,12.0,0,0,49,7,0,no
3.3.2,src/contrib/hedwig/server/src/main/java/org/apache/hedwig/server/subscriptions/AllToAllTopologyFilter.java,16,17,1,1,0,39,39,39.0,39,39,39.0,39,114,114,114.0,12.0,12.0,0,0,3,3,0,no
3.3.2,src/contrib/hedwig/server/src/main/java/org/apache/hedwig/server/subscriptions/InMemorySubscriptionManager.java,43,23,1,1,0,78,78,78.0,78,78,78.0,78,114,114,114.0,12.0,12.0,0,0,7,3,0,no
3.3.2,src/contrib/hedwig/server/src/main/java/org/apache/hedwig/server/subscriptions/InMemorySubscriptionState.java,28,26,1,1,0,64,64,64.0,64,64,64.0,64,114,114,114.0,12.0,12.0,0,0,4,3,0,no
3.3.2,src/contrib/hedwig/server/src/main/java/org/apache/hedwig/server/subscriptions/MessageFilter.java,5,23,1,1,0,31,31,31.0,31,31,31.0,31,114,114,114.0,12.0,12.0,0,0,2,1,0,no
3.3.2,src/contrib/hedwig/server/src/main/java/org/apache/hedwig/server/subscriptions/SubscriptionEventListener.java,7,45,1,1,0,57,57,57.0,57,57,57.0,57,114,114,114.0,12.0,12.0,0,0,4,1,0,no
3.3.2,src/contrib/hedwig/server/src/main/java/org/apache/hedwig/server/subscriptions/SubscriptionManager.java,13,83,1,1,0,104,104,104.0,104,104,104.0,104,114,114,114.0,12.0,12.0,0,0,7,1,0,no
3.3.2,src/contrib/hedwig/server/src/main/java/org/apache/hedwig/server/subscriptions/TrueFilter.java,11,17,1,1,0,32,32,32.0,32,32,32.0,32,114,114,114.0,12.0,12.0,0,0,2,2,0,no
3.3.2,src/contrib/hedwig/server/src/main/java/org/apache/hedwig/server/subscriptions/ZkSubscriptionManager.java,177,17,1,1,0,226,226,226.0,226,226,226.0,226,114,114,114.0,12.0,12.0,0,0,26,8,0,no
3.3.2,src/contrib/hedwig/server/src/main/java/org/apache/hedwig/server/topics/AbstractTopicManager.java,116,42,1,1,0,187,187,187.0,187,187,187.0,187,114,114,114.0,12.0,12.0,0,0,10,9,0,no
3.3.2,src/contrib/hedwig/server/src/main/java/org/apache/hedwig/server/topics/TopicManager.java,12,57,1,1,0,75,75,75.0,75,75,75.0,75,114,114,114.0,12.0,12.0,0,0,11,1,0,no
3.3.2,src/contrib/hedwig/server/src/main/java/org/apache/hedwig/server/topics/TopicOwnershipChangeListener.java,7,17,1,1,0,28,28,28.0,28,28,28.0,28,114,114,114.0,12.0,12.0,0,0,2,1,0,no
3.3.2,src/contrib/hedwig/server/src/main/java/org/apache/hedwig/server/topics/TrivialOwnAllTopicManager.java,26,18,1,1,0,52,52,52.0,52,52,52.0,52,114,114,114.0,12.0,12.0,0,0,4,3,0,no
3.3.2,src/contrib/hedwig/server/src/main/java/org/apache/hedwig/server/topics/ZkTopicManager.java,324,49,2,2,0,433,423,216.5,428,423,214.0,438,115,114,57.5,12.0,11.726027397260276,0,0,51,9,0,no
3.3.2,src/contrib/hedwig/server/src/main/java/org/apache/hedwig/zookeeper/SafeAsynBKCallback.java,62,17,1,1,0,104,104,104.0,104,104,104.0,104,114,114,114.0,12.0,12.0,0,0,2,4,0,no
3.3.2,src/contrib/hedwig/server/src/main/java/org/apache/hedwig/zookeeper/SafeAsyncCallback.java,13,17,1,1,0,35,35,35.0,35,35,35.0,35,114,114,114.0,12.0,12.0,0,0,2,2,0,no
3.3.2,src/contrib/hedwig/server/src/main/java/org/apache/hedwig/zookeeper/SafeAsyncZKCallback.java,67,17,1,1,0,98,98,98.0,98,98,98.0,98,114,114,114.0,12.0,12.0,0,0,2,4,0,no
3.3.2,src/contrib/hedwig/server/src/main/java/org/apache/hedwig/zookeeper/ZkUtils.java,43,22,1,1,0,78,78,78.0,78,78,78.0,78,114,114,114.0,12.0,12.0,0,0,4,7,0,no
3.3.2,src/contrib/loggraph/src/java/org/apache/zookeeper/graph/FilterException.java,4,17,1,1,0,22,22,22.0,22,22,22.0,22,34,34,34.0,22.0,22.0,0,0,2,2,0,no
3.3.2,src/contrib/loggraph/src/java/org/apache/zookeeper/graph/FilterOp.java,48,17,1,1,0,75,75,75.0,75,75,75.0,75,34,34,34.0,22.0,22.0,0,0,11,3,0,no
3.3.2,src/contrib/loggraph/src/java/org/apache/zookeeper/graph/FilterParser.java,98,17,1,1,0,131,131,131.0,131,131,131.0,131,34,34,34.0,22.0,22.0,0,0,22,4,0,no
3.3.2,src/contrib/loggraph/src/java/org/apache/zookeeper/graph/JsonGenerator.java,170,22,2,1,0,230,226,115.0,229,226,114.5,237,35,34,17.5,22.0,21.814345991561183,0,0,20,7,0,no
3.3.2,src/contrib/loggraph/src/java/org/apache/zookeeper/graph/Log4JEntry.java,18,17,1,1,0,40,40,40.0,40,40,40.0,40,34,34,34.0,22.0,22.0,0,0,2,2,0,no
3.3.2,src/contrib/loggraph/src/java/org/apache/zookeeper/graph/Log4JSource.java,290,32,2,1,0,381,380,190.5,380,380,190.0,382,36,34,18.0,22.0,21.98429319371728,0,0,33,8,0,no
3.3.2,src/contrib/loggraph/src/java/org/apache/zookeeper/graph/LogEntry.java,21,17,1,1,0,46,46,46.0,46,46,46.0,46,34,34,34.0,22.0,22.0,0,0,2,2,0,no
3.3.2,src/contrib/loggraph/src/java/org/apache/zookeeper/graph/LogIterator.java,7,17,1,1,0,26,26,26.0,26,26,26.0,26,34,34,34.0,22.0,22.0,0,0,2,1,0,no
3.3.2,src/contrib/loggraph/src/java/org/apache/zookeeper/graph/LogServer.java,36,18,1,1,0,66,66,66.0,66,66,66.0,66,34,34,34.0,22.0,22.0,0,0,2,3,0,no
3.3.2,src/contrib/loggraph/src/java/org/apache/zookeeper/graph/LogSkipList.java,53,25,1,1,0,94,94,94.0,94,94,94.0,94,34,34,34.0,22.0,22.0,0,0,9,4,0,no
3.3.2,src/contrib/loggraph/src/java/org/apache/zookeeper/graph/LogSource.java,11,17,1,1,0,33,33,33.0,33,33,33.0,33,34,34,34.0,22.0,22.0,0,0,2,1,0,no
3.3.2,src/contrib/loggraph/src/java/org/apache/zookeeper/graph/MeasureThroughput.java,67,17,1,1,0,103,103,103.0,103,103,103.0,103,34,34,34.0,22.0,22.0,0,0,7,4,0,no
3.3.2,src/contrib/loggraph/src/java/org/apache/zookeeper/graph/MergedLogSource.java,168,21,1,1,0,218,218,218.0,218,218,218.0,218,34,34,34.0,22.0,22.0,0,0,22,6,0,no
3.3.2,src/contrib/loggraph/src/java/org/apache/zookeeper/graph/RandomAccessFileReader.java,240,41,1,1,0,327,327,327.0,327,327,327.0,327,34,34,34.0,22.0,22.0,0,0,32,7,0,no
3.3.2,src/contrib/loggraph/src/java/org/apache/zookeeper/graph/TransactionEntry.java,33,17,1,1,0,59,59,59.0,59,59,59.0,59,34,34,34.0,22.0,22.0,0,0,2,2,0,no
3.3.2,src/contrib/loggraph/src/java/org/apache/zookeeper/graph/TxnLogSource.java,303,20,1,1,0,377,377,377.0,377,377,377.0,377,34,34,34.0,22.0,22.0,0,0,35,6,0,no
3.3.2,src/contrib/loggraph/src/java/org/apache/zookeeper/graph/filterops/AndOp.java,14,17,1,1,0,33,33,33.0,33,33,33.0,33,34,34,34.0,22.0,22.0,0,0,4,4,0,no
3.3.2,src/contrib/loggraph/src/java/org/apache/zookeeper/graph/filterops/Arg.java,14,17,1,1,0,36,36,36.0,36,36,36.0,36,34,34,34.0,22.0,22.0,0,0,2,2,0,no
3.3.2,src/contrib/loggraph/src/java/org/apache/zookeeper/graph/filterops/EqualsOp.java,22,17,1,1,0,44,44,44.0,44,44,44.0,44,34,34,34.0,22.0,22.0,0,0,5,4,0,no
3.3.2,src/contrib/loggraph/src/java/org/apache/zookeeper/graph/filterops/GreaterThanOp.java,46,18,1,1,0,70,70,70.0,70,70,70.0,70,34,34,34.0,22.0,22.0,0,0,15,7,0,no
3.3.2,src/contrib/loggraph/src/java/org/apache/zookeeper/graph/filterops/LessThanOp.java,46,17,1,1,0,69,69,69.0,69,69,69.0,69,34,34,34.0,22.0,22.0,0,0,15,7,0,no
3.3.2,src/contrib/loggraph/src/java/org/apache/zookeeper/graph/filterops/NotOp.java,12,17,1,1,0,31,31,31.0,31,31,31.0,31,34,34,34.0,22.0,22.0,0,0,3,3,0,no
3.3.2,src/contrib/loggraph/src/java/org/apache/zookeeper/graph/filterops/NumberArg.java,8,17,1,1,0,28,28,28.0,28,28,28.0,28,34,34,34.0,22.0,22.0,0,0,2,2,0,no
3.3.2,src/contrib/loggraph/src/java/org/apache/zookeeper/graph/filterops/OrOp.java,14,17,1,1,0,33,33,33.0,33,33,33.0,33,34,34,34.0,22.0,22.0,0,0,4,4,0,no
3.3.2,src/contrib/loggraph/src/java/org/apache/zookeeper/graph/filterops/StringArg.java,8,17,1,1,0,28,28,28.0,28,28,28.0,28,34,34,34.0,22.0,22.0,0,0,2,2,0,no
3.3.2,src/contrib/loggraph/src/java/org/apache/zookeeper/graph/filterops/SymbolArg.java,8,17,1,1,0,27,27,27.0,27,27,27.0,27,34,34,34.0,22.0,22.0,0,0,2,2,0,no
3.3.2,src/contrib/loggraph/src/java/org/apache/zookeeper/graph/filterops/XorOp.java,21,17,1,1,0,40,40,40.0,40,40,40.0,40,34,34,34.0,22.0,22.0,0,0,6,5,0,no
3.3.2,src/contrib/loggraph/src/java/org/apache/zookeeper/graph/servlets/FileLoader.java,33,17,1,1,0,60,60,60.0,60,60,60.0,60,34,34,34.0,22.0,22.0,0,0,2,3,0,no
3.3.2,src/contrib/loggraph/src/java/org/apache/zookeeper/graph/servlets/Fs.java,46,17,1,1,0,69,69,69.0,69,69,69.0,69,34,34,34.0,22.0,22.0,0,0,6,6,0,no
3.3.2,src/contrib/loggraph/src/java/org/apache/zookeeper/graph/servlets/GraphData.java,51,17,1,1,0,84,84,84.0,84,84,84.0,84,34,34,34.0,22.0,22.0,0,0,7,4,0,no
3.3.2,src/contrib/loggraph/src/java/org/apache/zookeeper/graph/servlets/JsonServlet.java,55,17,1,1,0,85,85,85.0,85,85,85.0,85,34,34,34.0,22.0,22.0,0,0,4,4,0,no
3.3.2,src/contrib/loggraph/src/java/org/apache/zookeeper/graph/servlets/NumEvents.java,52,17,1,1,0,86,86,86.0,86,86,86.0,86,34,34,34.0,22.0,22.0,0,0,6,4,0,no
3.3.2,src/contrib/loggraph/src/java/org/apache/zookeeper/graph/servlets/StaticContent.java,25,18,1,1,0,50,50,50.0,50,50,50.0,50,34,34,34.0,22.0,22.0,0,0,4,3,0,no
3.3.2,src/contrib/loggraph/src/java/org/apache/zookeeper/graph/servlets/Throughput.java,83,17,1,1,0,124,124,124.0,124,124,124.0,124,34,34,34.0,22.0,22.0,0,0,12,4,0,no
3.3.2,src/contrib/rest/src/java/org/apache/zookeeper/server/jersey/cfg/Credentials.java,23,17,1,1,0,47,47,47.0,47,47,47.0,47,11,11,11.0,12.0,12.0,0,0,4,4,0,no
3.3.2,src/contrib/rest/src/java/org/apache/zookeeper/server/jersey/cfg/Endpoint.java,42,17,1,1,0,72,72,72.0,72,72,72.0,72,11,11,11.0,12.0,12.0,0,0,2,2,0,no
3.3.2,src/contrib/rest/src/java/org/apache/zookeeper/server/jersey/cfg/HostPort.java,25,17,1,1,0,51,51,51.0,51,51,51.0,51,11,11,11.0,12.0,12.0,0,0,2,2,0,no
3.3.2,src/contrib/rest/src/java/org/apache/zookeeper/server/jersey/cfg/HostPortSet.java,25,17,1,1,0,51,51,51.0,51,51,51.0,51,11,11,11.0,12.0,12.0,0,0,4,3,0,no
3.3.2,src/contrib/rest/src/java/org/apache/zookeeper/server/jersey/cfg/RestCfg.java,69,17,1,1,0,106,106,106.0,106,106,106.0,106,11,11,11.0,12.0,12.0,0,0,6,4,0,no
3.3.2,src/contrib/rest/src/java/org/apache/zookeeper/server/jersey/filters/HTTPBasicAuth.java,53,17,1,1,0,87,87,87.0,87,87,87.0,87,11,11,11.0,12.0,12.0,0,0,6,5,0,no
3.3.2,src/contrib/rest/src/java/org/apache/zookeeper/server/jersey/jaxb/ZChildren.java,46,23,1,1,0,80,80,80.0,80,80,80.0,80,12,12,12.0,78.0,78.0,0,0,4,3,0,no
3.3.2,src/contrib/rest/src/java/org/apache/zookeeper/server/jersey/jaxb/ZChildrenJSON.java,42,23,1,1,0,76,76,76.0,76,76,76.0,76,12,12,12.0,78.0,78.0,0,0,4,3,0,no
3.3.2,src/contrib/rest/src/java/org/apache/zookeeper/server/jersey/jaxb/ZError.java,13,21,1,1,0,41,41,41.0,41,41,41.0,41,12,12,12.0,78.0,78.0,0,0,2,2,0,no
3.3.2,src/contrib/rest/src/java/org/apache/zookeeper/server/jersey/jaxb/ZPath.java,32,21,1,1,0,63,63,63.0,63,63,63.0,63,12,12,12.0,78.0,78.0,0,0,3,3,0,no
3.3.2,src/contrib/rest/src/java/org/apache/zookeeper/server/jersey/jaxb/ZSession.java,29,18,1,1,0,55,55,55.0,55,55,55.0,55,11,11,11.0,12.0,12.0,0,0,3,3,0,no
3.3.2,src/contrib/rest/src/java/org/apache/zookeeper/server/jersey/resources/SessionsResource.java,95,18,1,1,0,134,134,134.0,134,134,134.0,134,11,11,11.0,12.0,12.0,0,0,7,3,0,no
3.3.2,src/contrib/zooinspector/src/java/org/apache/zookeeper/inspector/gui/NodeViewersChangeListener.java,6,28,1,1,0,37,37,37.0,37,37,37.0,37,24,24,24.0,35.0,35.0,0,0,3,1,0,no
3.3.2,src/contrib/zooinspector/src/java/org/apache/zookeeper/inspector/manager/NodeListener.java,6,29,1,1,0,37,37,37.0,37,37,37.0,37,24,24,24.0,35.0,35.0,0,0,3,1,0,no
3.3.2,src/contrib/zooinspector/src/java/org/apache/zookeeper/inspector/manager/ZooInspectorManager.java,28,95,1,1,0,139,139,139.0,139,139,139.0,139,24,24,24.0,35.0,35.0,0,0,12,1,0,no
3.3.2,src/contrib/zooinspector/src/java/org/apache/zookeeper/inspector/manager/ZooInspectorNodeManager.java,4,28,1,1,0,33,33,33.0,33,33,33.0,33,24,24,24.0,35.0,35.0,0,0,5,1,0,no
3.3.2,src/contrib/zooinspector/src/java/org/apache/zookeeper/inspector/manager/ZooInspectorNodeTreeManager.java,6,33,1,1,0,43,43,43.0,43,43,43.0,43,24,24,24.0,35.0,35.0,0,0,6,1,0,no
3.3.2,src/contrib/zooinspector/src/java/org/apache/zookeeper/inspector/manager/ZooInspectorReadOnlyManager.java,15,71,1,1,0,99,99,99.0,99,99,99.0,99,24,24,24.0,35.0,35.0,0,0,9,1,0,no
3.3.2,src/java/main/org/apache/jute/Index.java,5,31,1,1,0,0,0,0.0,1,1,1.0,1,31,31,31.0,76.0,76.0,0,0,4,1,0,no
3.3.2,src/java/main/org/apache/jute/Record.java,8,21,1,1,0,0,0,0.0,1,1,1.0,1,31,31,31.0,76.0,76.0,0,0,2,1,0,no
3.3.2,src/java/main/org/apache/jute/compiler/JBoolean.java,21,21,2,2,0,9,9,4.5,9,8,4.5,11,47,31,23.5,76.0,31.454545454545453,0,0,2,2,0,no
3.3.2,src/java/main/org/apache/jute/compiler/JByte.java,9,21,2,2,0,1,1,0.5,1,1,0.5,3,47,31,23.5,76.0,43.333333333333336,0,0,2,2,0,no
3.3.2,src/java/main/org/apache/jute/compiler/JInt.java,9,21,2,2,0,1,1,0.5,1,1,0.5,3,47,31,23.5,76.0,43.333333333333336,0,0,2,2,0,no
3.3.2,src/java/main/org/apache/jute/compiler/JLong.java,12,21,2,2,0,1,1,0.5,1,1,0.5,3,47,31,23.5,76.0,43.333333333333336,0,0,2,2,0,no
3.3.2,src/java/main/org/apache/jute/compiler/JString.java,19,21,2,2,0,1,1,0.5,1,1,0.5,3,47,31,23.5,76.0,43.333333333333336,0,0,3,3,0,no
3.3.2,src/java/main/org/apache/zookeeper/AsyncCallback.java,31,17,1,1,0,5,5,5.0,5,5,5.0,5,10,10,10.0,53.0,53.0,0,0,2,2,0,no
3.3.2,src/java/main/org/apache/zookeeper/ClientCnxnSocket.java,92,36,2,1,0,158,154,79.0,158,154,79.0,158,9,6,4.5,0.0,0.0,0,0,6,4,0,no
3.3.2,src/java/main/org/apache/zookeeper/ClientCnxnSocketNIO.java,247,49,2,1,0,322,318,161.0,318,318,159.0,326,9,6,4.5,0.0,0.0,0,0,46,7,0,yes
3.3.2,src/java/main/org/apache/zookeeper/ClientWatchManager.java,5,31,0,0,0,0,0,0.0,0,0,0.0,0,0,0,0.0,0.0,0.0,0,0,4,1,0,no
3.3.2,src/java/main/org/apache/zookeeper/jmx/CommonNames.java,6,21,0,0,0,0,0,0.0,0,0,0.0,0,0,0,0.0,0.0,0.0,0,0,2,1,0,no
3.3.2,src/java/main/org/apache/zookeeper/jmx/ZKMBeanInfo.java,5,29,0,0,0,0,0,0.0,0,0,0.0,0,0,0,0.0,0.0,0.0,0,0,5,1,0,no
3.3.2,src/java/main/org/apache/zookeeper/server/ConnectionMXBean.java,22,70,1,1,1,30,30,30.0,30,30,30.0,30,6,6,6.0,52.0,52.0,0,0,2,1,0,no
3.3.2,src/java/main/org/apache/zookeeper/server/DataTreeMXBean.java,8,36,0,0,0,0,0,0.0,0,0,0.0,0,0,0,0.0,0.0,0.0,0,0,2,1,0,no
3.3.2,src/java/main/org/apache/zookeeper/server/NIOServerCnxnFactory.java,225,50,1,1,0,306,306,306.0,306,306,306.0,306,34,34,34.0,12.0,12.0,0,0,19,7,0,no
3.3.2,src/java/main/org/apache/zookeeper/server/NettyServerCnxn.java,666,58,1,1,0,820,820,820.0,820,820,820.0,820,34,34,34.0,12.0,12.0,0,0,97,8,0,no
3.3.2,src/java/main/org/apache/zookeeper/server/NettyServerCnxnFactory.java,328,29,2,1,0,398,396,199.0,396,396,198.0,400,40,34,20.0,12.0,11.88,0,0,39,8,0,no
3.3.2,src/java/main/org/apache/zookeeper/server/RequestProcessor.java,5,29,0,0,0,0,0,0.0,0,0,0.0,0,0,0,0.0,0.0,0.0,0,0,2,1,0,no
3.3.2,src/java/main/org/apache/zookeeper/server/ServerCnxnFactory.java,83,22,1,1,0,134,134,134.0,134,134,134.0,134,34,34,34.0,12.0,12.0,0,0,7,4,0,no
3.3.2,src/java/main/org/apache/zookeeper/server/ServerStats.java,93,22,3,2,0,32,25,10.666666666666666,20,14,6.666666666666667,72,77,66,25.666666666666668,98.0,95.08333333333331,0,0,6,3,0,no
3.3.2,src/java/main/org/apache/zookeeper/server/SessionTracker.java,23,38,3,2,2,19,8,6.333333333333333,16,8,5.333333333333333,22,32,11,10.666666666666666,71.0,53.18181818181818,0,0,4,2,0,no
3.3.2,src/java/main/org/apache/zookeeper/server/Stats.java,17,46,1,1,0,68,68,68.0,68,68,68.0,68,34,34,34.0,12.0,12.0,0,0,2,1,0,no
3.3.2,src/java/main/org/apache/zookeeper/server/ZooKeeperServerMXBean.java,23,76,1,1,0,26,26,26.0,24,24,24.0,28,16,16,16.0,34.0,34.0,0,0,2,1,0,no
3.3.2,src/java/main/org/apache/zookeeper/server/auth/AuthenticationProvider.java,10,65,1,1,0,2,2,2.0,1,1,1.0,3,12,12,12.0,98.0,98.0,0,0,9,1,0,no
3.3.2,src/java/main/org/apache/zookeeper/server/persistence/SnapShot.java,14,45,1,1,0,6,6,6.0,6,6,6.0,6,7,7,7.0,34.0,34.0,0,0,4,1,0,no
3.3.2,src/java/main/org/apache/zookeeper/server/persistence/TxnLog.java,20,86,3,2,1,8,4,2.6666666666666665,6,4,2.0,10,25,14,8.333333333333334,89.0,55.9,0,0,6,2,0,no
3.3.2,src/java/main/org/apache/zookeeper/server/quorum/Election.java,6,17,1,1,0,1,1,1.0,1,1,1.0,1,4,4,4.0,35.0,35.0,0,0,2,1,0,no
3.3.2,src/java/main/org/apache/zookeeper/server/quorum/FollowerMXBean.java,7,29,0,0,0,0,0,0.0,0,0,0.0,0,0,0,0.0,0.0,0.0,0,0,2,1,0,no
3.3.2,src/java/main/org/apache/zookeeper/server/quorum/LeaderElectionBean.java,15,20,0,0,0,0,0,0.0,0,0,0.0,0,0,0,0.0,0.0,0.0,0,0,2,2,0,no
3.3.2,src/java/main/org/apache/zookeeper/server/quorum/LeaderElectionMXBean.java,4,24,0,0,0,0,0,0.0,0,0,0.0,0,0,0,0.0,0.0,0.0,0,0,2,1,0,no
3.3.2,src/java/main/org/apache/zookeeper/server/quorum/LeaderMXBean.java,6,26,0,0,0,0,0,0.0,0,0,0.0,0,0,0,0.0,0.0,0.0,0,0,2,1,0,no
3.3.2,src/java/main/org/apache/zookeeper/server/quorum/LearnerSyncRequest.java,13,17,0,0,0,0,0,0.0,0,0,0.0,0,0,0,0.0,0.0,0.0,0,0,2,2,0,no
3.3.2,src/java/main/org/apache/zookeeper/server/quorum/LocalPeerBean.java,43,20,3,2,0,86,68,28.666666666666668,91,68,30.33333333333333,93,116,66,38.66666666666666,95.0,76.70967741935483,0,0,2,2,0,no
3.3.2,src/java/main/org/apache/zookeeper/server/quorum/LocalPeerMXBean.java,13,51,2,2,0,77,64,38.5,77,64,38.5,77,82,66,41.0,95.0,84.7012987012987,0,0,4,1,0,no
3.3.2,src/java/main/org/apache/zookeeper/server/quorum/ObserverMXBean.java,6,27,1,1,0,37,37,37.0,37,37,37.0,37,15,15,15.0,51.0,51.0,0,0,2,1,0,no
3.3.2,src/java/main/org/apache/zookeeper/server/quorum/ProposalRequestProcessor.java,39,35,8,3,0,25,7,3.125,26,6,3.25,38,186,66,23.25,95.0,63.0,0,0,6,4,0,no
3.3.2,src/java/main/org/apache/zookeeper/server/quorum/QuorumBean.java,20,17,0,0,0,0,0,0.0,0,0,0.0,0,0,0,0.0,0.0,0.0,0,0,2,2,0,no
3.3.2,src/java/main/org/apache/zookeeper/server/quorum/QuorumMXBean.java,5,26,0,0,0,0,0,0.0,0,0,0.0,0,0,0,0.0,0.0,0.0,0,0,2,1,0,no
3.3.2,src/java/main/org/apache/zookeeper/server/quorum/RemotePeerMXBean.java,5,26,0,0,0,0,0,0.0,0,0,0.0,0,0,0,0.0,0.0,0.0,0,0,3,1,0,no
3.3.2,src/java/main/org/apache/zookeeper/server/quorum/ServerBean.java,12,20,0,0,0,0,0,0.0,0,0,0.0,0,0,0,0.0,0.0,0.0,0,0,3,2,0,no
3.3.2,src/java/main/org/apache/zookeeper/server/quorum/ServerMXBean.java,5,26,0,0,0,0,0,0.0,0,0,0.0,0,0,0,0.0,0.0,0.0,0,0,2,1,0,no
3.3.2,src/recipes/lock/src/java/org/apache/zookeeper/recipes/lock/LockListener.java,5,31,1,1,0,38,38,38.0,38,38,38.0,38,5,5,5.0,81.0,81.0,0,0,2,1,0,no
3.3.2,src/recipes/lock/src/java/org/apache/zookeeper/recipes/lock/ZooKeeperOperation.java,5,30,1,1,0,38,38,38.0,38,38,38.0,38,5,5,5.0,81.0,81.0,0,0,4,1,0,no
3.3.3,src/contrib/bookkeeper/src/java/org/apache/bookkeeper/client/AsyncCallback.java,23,78,6,3,0,212,93,35.333333333333336,140,82,23.33333333333333,286,100,51,16.666666666666668,91.0,62.18881118881119,0,0,4,2,0,no
3.3.3,src/contrib/bookkeeper/src/java/org/apache/bookkeeper/client/CRC32DigestManager.java,25,17,1,1,0,50,50,50.0,50,50,50.0,50,51,51,51.0,56.0,56.0,0,0,2,2,0,no
3.3.3,src/contrib/bookkeeper/src/java/org/apache/bookkeeper/client/DistributionSchedule.java,6,49,3,2,0,63,61,21.0,61,61,20.33333333333333,65,65,51,21.666666666666668,56.0,53.6,0,0,6,1,0,no
3.3.3,src/contrib/bookkeeper/src/java/org/apache/bookkeeper/client/LedgerEntry.java,39,31,5,1,0,119,63,23.8,98,63,19.6,150,107,51,21.4,108.0,75.64,0,0,3,3,0,no
3.3.3,src/contrib/bookkeeper/src/java/org/apache/bookkeeper/client/RoundRobinDistributionSchedule.java,41,28,1,1,0,87,87,87.0,87,87,87.0,87,51,51,51.0,56.0,56.0,0,0,8,5,0,no
3.3.3,src/contrib/bookkeeper/src/java/org/apache/bookkeeper/proto/BookkeeperInternalCallbacks.java,14,35,1,1,0,57,57,57.0,57,57,57.0,57,51,51,51.0,56.0,56.0,0,0,6,2,0,no
3.3.3,src/contrib/rest/src/java/org/apache/zookeeper/server/jersey/jaxb/ZChildren.java,46,23,1,1,0,80,80,80.0,80,80,80.0,80,12,12,12.0,94.0,94.0,0,0,4,3,0,no
3.3.3,src/contrib/rest/src/java/org/apache/zookeeper/server/jersey/jaxb/ZChildrenJSON.java,42,23,1,1,0,76,76,76.0,76,76,76.0,76,12,12,12.0,94.0,94.0,0,0,4,3,0,no
3.3.3,src/contrib/rest/src/java/org/apache/zookeeper/server/jersey/jaxb/ZError.java,13,21,1,1,0,41,41,41.0,41,41,41.0,41,12,12,12.0,94.0,94.0,0,0,2,2,0,no
3.3.3,src/contrib/rest/src/java/org/apache/zookeeper/server/jersey/jaxb/ZPath.java,32,21,1,1,0,63,63,63.0,63,63,63.0,63,12,12,12.0,94.0,94.0,0,0,3,3,0,no
3.3.3,src/contrib/zooinspector/src/java/org/apache/zookeeper/inspector/gui/NodeViewersChangeListener.java,6,28,1,1,0,37,37,37.0,37,37,37.0,37,24,24,24.0,50.0,50.0,0,0,3,1,0,no
3.3.3,src/contrib/zooinspector/src/java/org/apache/zookeeper/inspector/manager/NodeListener.java,6,29,1,1,0,37,37,37.0,37,37,37.0,37,24,24,24.0,50.0,50.0,0,0,3,1,0,no
3.3.3,src/contrib/zooinspector/src/java/org/apache/zookeeper/inspector/manager/ZooInspectorManager.java,28,95,1,1,0,139,139,139.0,139,139,139.0,139,24,24,24.0,50.0,50.0,0,0,12,1,0,no
3.3.3,src/contrib/zooinspector/src/java/org/apache/zookeeper/inspector/manager/ZooInspectorNodeManager.java,4,28,1,1,0,33,33,33.0,33,33,33.0,33,24,24,24.0,50.0,50.0,0,0,5,1,0,no
3.3.3,src/contrib/zooinspector/src/java/org/apache/zookeeper/inspector/manager/ZooInspectorNodeTreeManager.java,6,33,1,1,0,43,43,43.0,43,43,43.0,43,24,24,24.0,50.0,50.0,0,0,6,1,0,no
3.3.3,src/contrib/zooinspector/src/java/org/apache/zookeeper/inspector/manager/ZooInspectorReadOnlyManager.java,15,71,1,1,0,99,99,99.0,99,99,99.0,99,24,24,24.0,50.0,50.0,0,0,9,1,0,no
3.3.3,src/java/main/org/apache/jute/Index.java,5,31,1,1,0,0,0,0.0,1,1,1.0,1,31,31,31.0,92.0,92.0,0,0,4,1,0,no
3.3.3,src/java/main/org/apache/jute/Record.java,8,21,1,1,0,0,0,0.0,1,1,1.0,1,31,31,31.0,92.0,92.0,0,0,2,1,0,no
3.3.3,src/java/main/org/apache/jute/compiler/JBoolean.java,15,21,2,2,0,9,9,4.5,9,8,4.5,11,47,31,23.5,92.0,46.54545454545455,0,0,2,2,0,no
3.3.3,src/java/main/org/apache/jute/compiler/JByte.java,9,21,2,2,0,1,1,0.5,1,1,0.5,3,47,31,23.5,92.0,58.66666666666666,0,0,2,2,0,no
3.3.3,src/java/main/org/apache/jute/compiler/JInt.java,9,21,2,2,0,1,1,0.5,1,1,0.5,3,47,31,23.5,92.0,58.66666666666666,0,0,2,2,0,no
3.3.3,src/java/main/org/apache/jute/compiler/JLong.java,12,21,2,2,0,1,1,0.5,1,1,0.5,3,47,31,23.5,92.0,58.66666666666666,0,0,2,2,0,no
3.3.3,src/java/main/org/apache/jute/compiler/JString.java,19,21,2,2,0,1,1,0.5,1,1,0.5,3,47,31,23.5,92.0,58.66666666666666,0,0,3,3,0,no
3.3.3,src/java/main/org/apache/zookeeper/AsyncCallback.java,31,17,1,1,0,5,5,5.0,5,5,5.0,5,10,10,10.0,69.0,69.0,0,0,2,2,0,no
3.3.3,src/java/main/org/apache/zookeeper/ClientWatchManager.java,5,31,0,0,0,0,0,0.0,0,0,0.0,0,0,0,0.0,0.0,0.0,0,0,4,1,0,no
3.3.3,src/java/main/org/apache/zookeeper/jmx/CommonNames.java,6,21,0,0,0,0,0,0.0,0,0,0.0,0,0,0,0.0,0.0,0.0,0,0,2,1,0,no
3.3.3,src/java/main/org/apache/zookeeper/jmx/ZKMBeanInfo.java,5,29,0,0,0,0,0,0.0,0,0,0.0,0,0,0,0.0,0.0,0.0,0,0,5,1,0,no
3.3.3,src/java/main/org/apache/zookeeper/server/ConnectionMXBean.java,22,70,1,1,1,30,30,30.0,30,30,30.0,30,6,6,6.0,67.0,67.0,0,0,2,1,0,no
3.3.3,src/java/main/org/apache/zookeeper/server/DataTreeBean.java,37,20,1,1,0,1,1,1.0,9,9,9.0,11,4,4,4.0,33.0,33.0,0,0,3,3,0,no
3.3.3,src/java/main/org/apache/zookeeper/server/DataTreeMXBean.java,8,36,0,0,0,0,0,0.0,0,0,0.0,0,0,0,0.0,0.0,0.0,0,0,2,1,0,no
3.3.3,src/java/main/org/apache/zookeeper/server/RequestProcessor.java,5,29,0,0,0,0,0,0.0,0,0,0.0,0,0,0,0.0,0.0,0.0,0,0,2,1,0,yes
3.3.3,src/java/main/org/apache/zookeeper/server/ServerStats.java,93,22,3,2,0,32,25,10.666666666666666,20,14,6.666666666666667,72,77,66,25.666666666666668,113.0,110.08333333333331,0,0,6,3,0,no
3.3.3,src/java/main/org/apache/zookeeper/server/SessionTracker.java,23,38,3,2,2,19,8,6.333333333333333,16,8,5.333333333333333,22,32,11,10.666666666666666,87.0,68.81818181818181,0,0,4,2,0,yes
3.3.3,src/java/main/org/apache/zookeeper/server/ZooKeeperServerBean.java,93,21,4,2,0,34,29,8.5,33,29,8.25,43,66,34,16.5,107.0,57.395348837209305,0,0,4,3,0,no
3.3.3,src/java/main/org/apache/zookeeper/server/ZooKeeperServerMXBean.java,23,76,1,1,0,26,26,26.0,24,24,24.0,28,16,16,16.0,50.0,50.0,0,0,2,1,0,no
3.3.3,src/java/main/org/apache/zookeeper/server/auth/AuthenticationProvider.java,10,65,1,1,0,2,2,2.0,1,1,1.0,3,12,12,12.0,113.0,113.0,0,0,9,1,0,no
3.3.3,src/java/main/org/apache/zookeeper/server/persistence/SnapShot.java,14,45,1,1,0,6,6,6.0,6,6,6.0,6,7,7,7.0,50.0,50.0,0,0,4,1,0,no
3.3.3,src/java/main/org/apache/zookeeper/server/persistence/TxnLog.java,20,86,3,2,1,8,4,2.6666666666666665,6,4,2.0,10,25,14,8.333333333333334,105.0,71.9,0,0,6,2,0,no
3.3.3,src/java/main/org/apache/zookeeper/server/quorum/Election.java,6,17,1,1,0,1,1,1.0,1,1,1.0,1,4,4,4.0,50.0,50.0,0,0,2,1,0,no
3.3.3,src/java/main/org/apache/zookeeper/server/quorum/FollowerMXBean.java,7,29,0,0,0,0,0,0.0,0,0,0.0,0,0,0,0.0,0.0,0.0,0,0,2,1,0,no
3.3.3,src/java/main/org/apache/zookeeper/server/quorum/LeaderElectionBean.java,15,20,0,0,0,0,0,0.0,0,0,0.0,0,0,0,0.0,0.0,0.0,0,0,2,2,0,no
3.3.3,src/java/main/org/apache/zookeeper/server/quorum/LeaderElectionMXBean.java,4,24,0,0,0,0,0,0.0,0,0,0.0,0,0,0,0.0,0.0,0.0,0,0,2,1,0,no
3.3.3,src/java/main/org/apache/zookeeper/server/quorum/LeaderMXBean.java,6,26,0,0,0,0,0,0.0,0,0,0.0,0,0,0,0.0,0.0,0.0,0,0,2,1,0,no
3.3.3,src/java/main/org/apache/zookeeper/server/quorum/LearnerSyncRequest.java,13,17,0,0,0,0,0,0.0,0,0,0.0,0,0,0,0.0,0.0,0.0,0,0,2,2,0,no
3.3.3,src/java/main/org/apache/zookeeper/server/quorum/LocalPeerBean.java,49,20,3,2,0,86,68,28.666666666666668,91,68,30.33333333333333,93,116,66,38.66666666666666,110.0,91.89247311827955,0,0,3,3,0,no
3.3.3,src/java/main/org/apache/zookeeper/server/quorum/LocalPeerMXBean.java,13,51,2,2,0,77,64,38.5,77,64,38.5,77,82,66,41.0,110.0,99.87012987012989,0,0,4,1,0,no
3.3.3,src/java/main/org/apache/zookeeper/server/quorum/ObserverMXBean.java,6,27,1,1,0,37,37,37.0,37,37,37.0,37,15,15,15.0,66.0,66.0,0,0,2,1,0,no
3.3.3,src/java/main/org/apache/zookeeper/server/quorum/ProposalRequestProcessor.java,34,35,8,3,0,25,7,3.125,26,6,3.25,38,186,66,23.25,110.0,78.10526315789474,0,0,6,4,0,yes
3.3.3,src/java/main/org/apache/zookeeper/server/quorum/QuorumBean.java,20,17,0,0,0,0,0,0.0,0,0,0.0,0,0,0,0.0,0.0,0.0,0,0,2,2,0,no
3.3.3,src/java/main/org/apache/zookeeper/server/quorum/QuorumMXBean.java,5,26,0,0,0,0,0,0.0,0,0,0.0,0,0,0,0.0,0.0,0.0,0,0,2,1,0,no
3.3.3,src/java/main/org/apache/zookeeper/server/quorum/RemotePeerMXBean.java,5,26,0,0,0,0,0,0.0,0,0,0.0,0,0,0,0.0,0.0,0.0,0,0,3,1,0,no
3.3.3,src/java/main/org/apache/zookeeper/server/quorum/ServerBean.java,12,20,0,0,0,0,0,0.0,0,0,0.0,0,0,0,0.0,0.0,0.0,0,0,3,2,0,no
3.3.3,src/java/main/org/apache/zookeeper/server/quorum/ServerMXBean.java,5,26,0,0,0,0,0,0.0,0,0,0.0,0,0,0,0.0,0.0,0.0,0,0,2,1,0,no
3.3.3,src/recipes/lock/src/java/org/apache/zookeeper/recipes/lock/LockListener.java,5,31,1,1,0,38,38,38.0,38,38,38.0,38,5,5,5.0,96.0,96.0,0,0,2,1,0,no
3.3.3,src/recipes/lock/src/java/org/apache/zookeeper/recipes/lock/ZooKeeperOperation.java,5,30,1,1,0,38,38,38.0,38,38,38.0,38,5,5,5.0,96.0,96.0,0,0,4,1,0,no
3.4.0,src/contrib/bookkeeper/src/java/org/apache/bookkeeper/client/AsyncCallback.java,23,78,7,3,0,212,93,30.285714285714285,266,126,38.0,412,260,160,37.142857142857146,129.0,80.04368932038835,0,0,4,2,0,no
3.4.0,src/contrib/bookkeeper/src/java/org/apache/bookkeeper/client/CRC32DigestManager.java,25,17,2,2,0,50,50,25.0,100,50,50.0,100,211,160,105.5,95.0,64.0,0,0,2,2,0,no
3.4.0,src/contrib/bookkeeper/src/java/org/apache/bookkeeper/client/DistributionSchedule.java,6,49,4,2,0,63,61,15.75,122,61,30.5,126,225,160,56.25,95.0,63.71428571428572,0,0,6,1,0,no
3.4.0,src/contrib/bookkeeper/src/java/org/apache/bookkeeper/client/LedgerEntry.java,39,31,6,2,0,119,63,19.83333333333333,181,83,30.166666666666668,233,267,160,44.5,146.0,85.22317596566523,0,0,3,3,0,no
3.4.0,src/contrib/bookkeeper/src/java/org/apache/bookkeeper/client/RoundRobinDistributionSchedule.java,41,28,2,2,0,87,87,43.5,174,87,87.0,174,211,160,105.5,95.0,64.0,0,0,8,5,0,no
3.4.0,src/contrib/bookkeeper/src/java/org/apache/bookkeeper/proto/BookkeeperInternalCallbacks.java,14,35,2,2,0,57,57,28.5,114,57,57.0,114,211,160,105.5,95.0,64.0,0,0,6,2,0,no
3.4.0,src/contrib/rest/src/java/org/apache/zookeeper/server/jersey/jaxb/ZChildren.java,46,23,1,1,0,80,80,80.0,80,80,80.0,80,12,12,12.0,132.0,132.0,0,0,4,3,0,no
3.4.0,src/contrib/rest/src/java/org/apache/zookeeper/server/jersey/jaxb/ZChildrenJSON.java,42,23,1,1,0,76,76,76.0,76,76,76.0,76,12,12,12.0,132.0,132.0,0,0,4,3,0,no
3.4.0,src/contrib/rest/src/java/org/apache/zookeeper/server/jersey/jaxb/ZError.java,13,21,1,1,0,41,41,41.0,41,41,41.0,41,12,12,12.0,132.0,132.0,0,0,2,2,0,no
3.4.0,src/contrib/rest/src/java/org/apache/zookeeper/server/jersey/jaxb/ZPath.java,32,21,1,1,0,63,63,63.0,63,63,63.0,63,12,12,12.0,132.0,132.0,0,0,3,3,0,no
3.4.0,src/contrib/zooinspector/src/java/org/apache/zookeeper/inspector/gui/NodeViewersChangeListener.java,6,28,1,1,0,37,37,37.0,37,37,37.0,37,24,24,24.0,89.0,89.0,0,0,3,1,0,no
3.4.0,src/contrib/zooinspector/src/java/org/apache/zookeeper/inspector/manager/NodeListener.java,6,29,1,1,0,37,37,37.0,37,37,37.0,37,24,24,24.0,89.0,89.0,0,0,3,1,0,no
3.4.0,src/contrib/zooinspector/src/java/org/apache/zookeeper/inspector/manager/ZooInspectorManager.java,28,95,1,1,0,139,139,139.0,139,139,139.0,139,24,24,24.0,89.0,89.0,0,0,12,1,0,no
3.4.0,src/contrib/zooinspector/src/java/org/apache/zookeeper/inspector/manager/ZooInspectorNodeManager.java,4,28,1,1,0,33,33,33.0,33,33,33.0,33,24,24,24.0,89.0,89.0,0,0,5,1,0,no
3.4.0,src/contrib/zooinspector/src/java/org/apache/zookeeper/inspector/manager/ZooInspectorNodeTreeManager.java,6,33,2,2,0,86,43,43.0,43,43,21.5,129,120,96,60.0,89.0,51.0,0,0,6,1,0,no
3.4.0,src/contrib/zooinspector/src/java/org/apache/zookeeper/inspector/manager/ZooInspectorReadOnlyManager.java,15,71,2,2,0,198,99,99.0,99,99,49.5,297,120,96,60.0,89.0,51.0,0,0,9,1,0,no
3.4.0,src/java/main/org/apache/jute/Index.java,5,31,1,1,0,0,0,0.0,1,1,1.0,1,31,31,31.0,130.0,130.0,0,0,4,1,0,no
3.4.0,src/java/main/org/apache/jute/Record.java,8,21,1,1,0,0,0,0.0,1,1,1.0,1,31,31,31.0,130.0,130.0,0,0,2,1,0,no
3.4.0,src/java/main/org/apache/jute/compiler/JBoolean.java,15,21,2,2,0,9,9,4.5,9,8,4.5,11,47,31,23.5,130.0,85.45454545454545,0,0,2,2,0,no
3.4.0,src/java/main/org/apache/jute/compiler/JByte.java,9,21,2,2,0,1,1,0.5,1,1,0.5,3,47,31,23.5,130.0,97.33333333333331,0,0,2,2,0,no
3.4.0,src/java/main/org/apache/jute/compiler/JCompType.java,24,22,2,2,0,15,15,7.5,15,13,7.5,19,47,31,23.5,130.0,86.15789473684211,0,0,3,2,0,no
3.4.0,src/java/main/org/apache/jute/compiler/JDouble.java,13,21,2,2,0,1,1,0.5,1,1,0.5,3,47,31,23.5,130.0,97.33333333333331,0,0,2,2,0,no
3.4.0,src/java/main/org/apache/jute/compiler/JFloat.java,12,21,2,2,0,1,1,0.5,1,1,0.5,3,47,31,23.5,130.0,97.33333333333331,0,0,2,2,0,no
3.4.0,src/java/main/org/apache/jute/compiler/JInt.java,9,21,2,2,0,1,1,0.5,1,1,0.5,3,47,31,23.5,130.0,97.33333333333331,0,0,2,2,0,no
3.4.0,src/java/main/org/apache/jute/compiler/JLong.java,12,21,2,2,0,1,1,0.5,1,1,0.5,3,47,31,23.5,130.0,97.33333333333331,0,0,2,2,0,no
3.4.0,src/java/main/org/apache/jute/compiler/JString.java,19,21,2,2,0,1,1,0.5,1,1,0.5,3,47,31,23.5,130.0,97.33333333333331,0,0,3,3,0,no
3.4.0,src/java/main/org/apache/zookeeper/AsyncCallback.java,31,17,1,1,0,5,5,5.0,5,5,5.0,5,10,10,10.0,107.0,107.0,0,0,2,2,0,no
3.4.0,src/java/main/org/apache/zookeeper/ClientWatchManager.java,5,31,1,1,0,3,3,3.0,1,1,1.0,5,2,2,2.0,16.0,16.0,0,0,4,1,0,no
3.4.0,src/java/main/org/apache/zookeeper/jmx/CommonNames.java,6,21,0,0,0,0,0,0.0,0,0,0.0,0,0,0,0.0,0.0,0.0,0,0,2,1,0,no
3.4.0,src/java/main/org/apache/zookeeper/jmx/ZKMBeanInfo.java,5,29,0,0,0,0,0,0.0,0,0,0.0,0,0,0,0.0,0.0,0.0,0,0,5,1,0,no
3.4.0,src/java/main/org/apache/zookeeper/server/ConnectionMXBean.java,22,70,1,1,1,30,30,30.0,30,30,30.0,30,6,6,6.0,105.0,105.0,0,0,2,1,0,no
3.4.0,src/java/main/org/apache/zookeeper/server/DataTreeMXBean.java,8,36,0,0,0,0,0,0.0,0,0,0.0,0,0,0,0.0,0.0,0.0,0,0,2,1,0,no
3.4.0,src/java/main/org/apache/zookeeper/server/RequestProcessor.java,5,29,1,1,0,1,1,1.0,0,0,0.0,2,16,16,16.0,20.0,20.0,0,0,2,1,0,yes
3.4.0,src/java/main/org/apache/zookeeper/server/ServerStats.java,93,22,3,2,0,32,25,10.666666666666666,20,14,6.666666666666667,72,77,66,25.666666666666668,152.0,148.19444444444446,0,0,6,3,0,no
3.4.0,src/java/main/org/apache/zookeeper/server/SessionTracker.java,25,42,6,3,5,40,8,6.666666666666667,37,8,6.166666666666667,43,45,11,7.5,125.0,55.325581395348834,0,0,4,2,0,yes
3.4.0,src/java/main/org/apache/zookeeper/server/ZooKeeperServerMXBean.java,23,76,1,1,0,26,26,26.0,24,24,24.0,28,16,16,16.0,88.0,88.0,0,0,2,1,0,no
3.4.0,src/java/main/org/apache/zookeeper/server/auth/AuthenticationProvider.java,10,65,1,1,0,2,2,2.0,1,1,1.0,3,12,12,12.0,152.0,152.0,0,0,9,1,0,no
3.4.0,src/java/main/org/apache/zookeeper/server/persistence/SnapShot.java,14,45,2,2,0,7,6,3.5,6,6,3.0,8,103,96,51.5,88.0,74.0,0,0,4,1,0,no
3.4.0,src/java/main/org/apache/zookeeper/server/persistence/TxnLog.java,20,86,3,2,1,8,4,2.6666666666666665,6,4,2.0,10,25,14,8.333333333333334,143.0,109.9,0,0,6,2,0,no
3.4.0,src/java/main/org/apache/zookeeper/server/quorum/Election.java,6,17,2,2,0,2,1,1.0,1,1,0.5,3,100,96,50.0,88.0,50.66666666666666,0,0,2,1,0,no
3.4.0,src/java/main/org/apache/zookeeper/server/quorum/FollowerMXBean.java,7,29,0,0,0,0,0,0.0,0,0,0.0,0,0,0,0.0,0.0,0.0,0,0,2,1,0,no
3.4.0,src/java/main/org/apache/zookeeper/server/quorum/LeaderElectionBean.java,15,20,0,0,0,0,0,0.0,0,0,0.0,0,0,0,0.0,0.0,0.0,0,0,2,2,0,no
3.4.0,src/java/main/org/apache/zookeeper/server/quorum/LeaderElectionMXBean.java,4,24,0,0,0,0,0,0.0,0,0,0.0,0,0,0,0.0,0.0,0.0,0,0,2,1,0,no
3.4.0,src/java/main/org/apache/zookeeper/server/quorum/LeaderMXBean.java,6,26,0,0,0,0,0,0.0,0,0,0.0,0,0,0,0.0,0.0,0.0,0,0,2,1,0,no
3.4.0,src/java/main/org/apache/zookeeper/server/quorum/LearnerSyncRequest.java,13,17,0,0,0,0,0,0.0,0,0,0.0,0,0,0,0.0,0.0,0.0,0,0,2,2,0,no
3.4.0,src/java/main/org/apache/zookeeper/server/quorum/LocalPeerBean.java,49,20,3,2,0,86,68,28.666666666666668,91,68,30.33333333333333,93,116,66,38.66666666666666,148.0,129.89247311827958,0,0,3,3,0,no
3.4.0,src/java/main/org/apache/zookeeper/server/quorum/LocalPeerMXBean.java,13,51,2,2,0,77,64,38.5,77,64,38.5,77,82,66,41.0,148.0,137.87012987012986,0,0,4,1,0,no
3.4.0,src/java/main/org/apache/zookeeper/server/quorum/ObserverMXBean.java,6,27,1,1,0,37,37,37.0,37,37,37.0,37,15,15,15.0,104.0,104.0,0,0,2,1,0,no
3.4.0,src/java/main/org/apache/zookeeper/server/quorum/ProposalRequestProcessor.java,34,35,11,4,0,38,10,3.4545454545454546,28,6,2.5454545454545454,64,327,96,29.727272727272727,148.0,72.828125,0,0,6,4,0,yes
3.4.0,src/java/main/org/apache/zookeeper/server/quorum/QuorumBean.java,20,17,0,0,0,0,0,0.0,0,0,0.0,0,0,0,0.0,0.0,0.0,0,0,2,2,0,no
3.4.0,src/java/main/org/apache/zookeeper/server/quorum/QuorumMXBean.java,5,26,0,0,0,0,0,0.0,0,0,0.0,0,0,0,0.0,0.0,0.0,0,0,2,1,0,no
3.4.0,src/java/main/org/apache/zookeeper/server/quorum/RemotePeerMXBean.java,5,26,0,0,0,0,0,0.0,0,0,0.0,0,0,0,0.0,0.0,0.0,0,0,3,1,0,no
3.4.0,src/java/main/org/apache/zookeeper/server/quorum/ServerBean.java,12,20,0,0,0,0,0,0.0,0,0,0.0,0,0,0,0.0,0.0,0.0,0,0,3,2,0,no
3.4.0,src/java/main/org/apache/zookeeper/server/quorum/ServerMXBean.java,5,26,0,0,0,0,0,0.0,0,0,0.0,0,0,0,0.0,0.0,0.0,0,0,2,1,0,no
3.4.0,src/recipes/lock/src/java/org/apache/zookeeper/recipes/lock/LockListener.java,5,31,2,2,0,39,38,19.5,38,38,19.0,40,101,96,50.5,134.0,128.9,0,0,2,1,0,no
3.4.0,src/recipes/lock/src/java/org/apache/zookeeper/recipes/lock/ZooKeeperOperation.java,5,30,1,1,0,38,38,38.0,38,38,38.0,38,5,5,5.0,134.0,134.0,0,0,4,1,0,no
3.3.4,src/contrib/bookkeeper/src/java/org/apache/bookkeeper/client/AsyncCallback.java,23,78,7,3,0,212,93,30.285714285714285,266,126,38.0,412,260,160,37.142857142857146,130.0,80.64077669902913,0,0,4,2,0,no
3.3.4,src/contrib/bookkeeper/src/java/org/apache/bookkeeper/client/CRC32DigestManager.java,25,17,2,2,0,50,50,25.0,100,50,50.0,100,211,160,105.5,95.0,64.5,0,0,2,2,0,no
3.3.4,src/contrib/bookkeeper/src/java/org/apache/bookkeeper/client/DistributionSchedule.java,6,49,4,2,0,63,61,15.75,122,61,30.5,126,225,160,56.25,95.0,64.23015873015873,0,0,6,1,0,no
3.3.4,src/contrib/bookkeeper/src/java/org/apache/bookkeeper/client/LedgerEntry.java,39,31,6,2,0,119,63,19.83333333333333,181,83,30.166666666666668,233,267,160,44.5,147.0,85.91416309012875,0,0,3,3,0,no
3.3.4,src/contrib/bookkeeper/src/java/org/apache/bookkeeper/client/RoundRobinDistributionSchedule.java,41,28,2,2,0,87,87,43.5,174,87,87.0,174,211,160,105.5,95.0,64.5,0,0,8,5,0,no
3.3.4,src/contrib/bookkeeper/src/java/org/apache/bookkeeper/proto/BookkeeperInternalCallbacks.java,14,35,2,2,0,57,57,28.5,114,57,57.0,114,211,160,105.5,95.0,64.5,0,0,6,2,0,no
3.3.4,src/contrib/rest/src/java/org/apache/zookeeper/server/jersey/jaxb/ZChildren.java,46,23,1,1,0,80,80,80.0,80,80,80.0,80,12,12,12.0,133.0,133.0,0,0,4,3,0,no
3.3.4,src/contrib/rest/src/java/org/apache/zookeeper/server/jersey/jaxb/ZChildrenJSON.java,42,23,1,1,0,76,76,76.0,76,76,76.0,76,12,12,12.0,133.0,133.0,0,0,4,3,0,no
3.3.4,src/contrib/rest/src/java/org/apache/zookeeper/server/jersey/jaxb/ZError.java,13,21,1,1,0,41,41,41.0,41,41,41.0,41,12,12,12.0,133.0,133.0,0,0,2,2,0,no
3.3.4,src/contrib/rest/src/java/org/apache/zookeeper/server/jersey/jaxb/ZPath.java,32,21,1,1,0,63,63,63.0,63,63,63.0,63,12,12,12.0,133.0,133.0,0,0,3,3,0,no
3.3.4,src/contrib/zooinspector/src/java/org/apache/zookeeper/inspector/gui/NodeViewersChangeListener.java,6,28,1,1,0,37,37,37.0,37,37,37.0,37,24,24,24.0,89.0,89.0,0,0,3,1,0,no
3.3.4,src/contrib/zooinspector/src/java/org/apache/zookeeper/inspector/manager/NodeListener.java,6,29,1,1,0,37,37,37.0,37,37,37.0,37,24,24,24.0,89.0,89.0,0,0,3,1,0,no
3.3.4,src/contrib/zooinspector/src/java/org/apache/zookeeper/inspector/manager/ZooInspectorManager.java,28,95,1,1,0,139,139,139.0,139,139,139.0,139,24,24,24.0,89.0,89.0,0,0,12,1,0,no
3.3.4,src/contrib/zooinspector/src/java/org/apache/zookeeper/inspector/manager/ZooInspectorNodeManager.java,4,28,1,1,0,33,33,33.0,33,33,33.0,33,24,24,24.0,89.0,89.0,0,0,5,1,0,no
3.3.4,src/contrib/zooinspector/src/java/org/apache/zookeeper/inspector/manager/ZooInspectorNodeTreeManager.java,6,33,2,2,0,86,43,43.0,43,43,21.5,129,120,96,60.0,89.0,51.0,0,0,6,1,0,no
3.3.4,src/contrib/zooinspector/src/java/org/apache/zookeeper/inspector/manager/ZooInspectorReadOnlyManager.java,15,71,2,2,0,198,99,99.0,99,99,49.5,297,120,96,60.0,89.0,51.0,0,0,9,1,0,no
3.3.4,src/java/main/org/apache/jute/Index.java,5,31,1,1,0,0,0,0.0,1,1,1.0,1,31,31,31.0,131.0,131.0,0,0,4,1,0,no
3.3.4,src/java/main/org/apache/jute/Record.java,8,21,1,1,0,0,0,0.0,1,1,1.0,1,31,31,31.0,131.0,131.0,0,0,2,1,0,no
3.3.4,src/java/main/org/apache/jute/compiler/JBoolean.java,15,21,2,2,0,9,9,4.5,9,8,4.5,11,47,31,23.5,131.0,85.54545454545455,0,0,2,2,0,no
3.3.4,src/java/main/org/apache/jute/compiler/JByte.java,9,21,2,2,0,1,1,0.5,1,1,0.5,3,47,31,23.5,131.0,97.66666666666669,0,0,2,2,0,no
3.3.4,src/java/main/org/apache/jute/compiler/JCompType.java,24,22,2,2,0,15,15,7.5,15,13,7.5,19,47,31,23.5,131.0,86.26315789473684,0,0,3,2,0,no
3.3.4,src/java/main/org/apache/jute/compiler/JDouble.java,13,21,2,2,0,1,1,0.5,1,1,0.5,3,47,31,23.5,131.0,97.66666666666669,0,0,2,2,0,no
3.3.4,src/java/main/org/apache/jute/compiler/JFloat.java,12,21,2,2,0,1,1,0.5,1,1,0.5,3,47,31,23.5,131.0,97.66666666666669,0,0,2,2,0,no
3.3.4,src/java/main/org/apache/jute/compiler/JInt.java,9,21,2,2,0,1,1,0.5,1,1,0.5,3,47,31,23.5,131.0,97.66666666666669,0,0,2,2,0,no
3.3.4,src/java/main/org/apache/jute/compiler/JLong.java,12,21,2,2,0,1,1,0.5,1,1,0.5,3,47,31,23.5,131.0,97.66666666666669,0,0,2,2,0,no
3.3.4,src/java/main/org/apache/jute/compiler/JString.java,19,21,2,2,0,1,1,0.5,1,1,0.5,3,47,31,23.5,131.0,97.66666666666669,0,0,3,3,0,no
3.3.4,src/java/main/org/apache/zookeeper/AsyncCallback.java,31,17,1,1,0,5,5,5.0,5,5,5.0,5,10,10,10.0,108.0,108.0,0,0,2,2,0,no
3.3.4,src/java/main/org/apache/zookeeper/ClientWatchManager.java,5,31,1,1,0,3,3,3.0,1,1,1.0,5,2,2,2.0,17.0,17.0,0,0,4,1,0,no
3.3.4,src/java/main/org/apache/zookeeper/jmx/CommonNames.java,6,21,0,0,0,0,0,0.0,0,0,0.0,0,0,0,0.0,0.0,0.0,0,0,2,1,0,no
3.3.4,src/java/main/org/apache/zookeeper/jmx/ZKMBeanInfo.java,5,29,0,0,0,0,0,0.0,0,0,0.0,0,0,0,0.0,0.0,0.0,0,0,5,1,0,no
3.3.4,src/java/main/org/apache/zookeeper/server/ConnectionMXBean.java,22,70,1,1,1,30,30,30.0,30,30,30.0,30,6,6,6.0,106.0,106.0,0,0,2,1,0,no
3.3.4,src/java/main/org/apache/zookeeper/server/DataTreeMXBean.java,8,36,0,0,0,0,0,0.0,0,0,0.0,0,0,0,0.0,0.0,0.0,0,0,2,1,0,no
3.3.4,src/java/main/org/apache/zookeeper/server/RequestProcessor.java,5,29,1,1,0,1,1,1.0,0,0,0.0,2,16,16,16.0,21.0,21.0,0,0,2,1,0,yes
3.3.4,src/java/main/org/apache/zookeeper/server/ServerStats.java,93,22,3,2,0,32,25,10.666666666666666,20,14,6.666666666666667,72,77,66,25.666666666666668,152.0,149.08333333333334,0,0,6,3,0,no
3.3.4,src/java/main/org/apache/zookeeper/server/SessionTracker.java,25,42,6,3,5,40,8,6.666666666666667,37,8,6.166666666666667,43,45,11,7.5,126.0,55.65116279069768,0,0,4,2,0,yes
3.3.4,src/java/main/org/apache/zookeeper/server/ZooKeeperServerMXBean.java,23,76,1,1,0,26,26,26.0,24,24,24.0,28,16,16,16.0,89.0,89.0,0,0,2,1,0,no
3.3.4,src/java/main/org/apache/zookeeper/server/auth/AuthenticationProvider.java,10,65,1,1,0,2,2,2.0,1,1,1.0,3,12,12,12.0,152.0,152.0,0,0,9,1,0,no
3.3.4,src/java/main/org/apache/zookeeper/server/persistence/SnapShot.java,14,45,2,2,0,7,6,3.5,6,6,3.0,8,103,96,51.5,89.0,74.75,0,0,4,1,0,no
3.3.4,src/java/main/org/apache/zookeeper/server/persistence/TxnLog.java,20,86,3,2,1,8,4,2.6666666666666665,6,4,2.0,10,25,14,8.333333333333334,144.0,110.9,0,0,6,2,0,no
3.3.4,src/java/main/org/apache/zookeeper/server/quorum/Election.java,6,17,2,2,0,2,1,1.0,1,1,0.5,3,100,96,50.0,89.0,51.0,0,0,2,1,0,no
3.3.4,src/java/main/org/apache/zookeeper/server/quorum/FollowerMXBean.java,7,29,0,0,0,0,0,0.0,0,0,0.0,0,0,0,0.0,0.0,0.0,0,0,2,1,0,no
3.3.4,src/java/main/org/apache/zookeeper/server/quorum/LeaderElectionBean.java,15,20,0,0,0,0,0,0.0,0,0,0.0,0,0,0,0.0,0.0,0.0,0,0,2,2,0,no
3.3.4,src/java/main/org/apache/zookeeper/server/quorum/LeaderElectionMXBean.java,4,24,0,0,0,0,0,0.0,0,0,0.0,0,0,0,0.0,0.0,0.0,0,0,2,1,0,no
3.3.4,src/java/main/org/apache/zookeeper/server/quorum/LeaderMXBean.java,6,26,0,0,0,0,0,0.0,0,0,0.0,0,0,0,0.0,0.0,0.0,0,0,2,1,0,no
3.3.4,src/java/main/org/apache/zookeeper/server/quorum/LearnerSyncRequest.java,13,17,0,0,0,0,0,0.0,0,0,0.0,0,0,0,0.0,0.0,0.0,0,0,2,2,0,no
3.3.4,src/java/main/org/apache/zookeeper/server/quorum/LocalPeerBean.java,49,20,3,2,0,86,68,28.666666666666668,91,68,30.33333333333333,93,116,66,38.66666666666666,149.0,130.89247311827958,0,0,3,3,0,no
3.3.4,src/java/main/org/apache/zookeeper/server/quorum/LocalPeerMXBean.java,13,51,2,2,0,77,64,38.5,77,64,38.5,77,82,66,41.0,149.0,138.87012987012986,0,0,4,1,0,no
3.3.4,src/java/main/org/apache/zookeeper/server/quorum/ObserverMXBean.java,6,27,1,1,0,37,37,37.0,37,37,37.0,37,15,15,15.0,105.0,105.0,0,0,2,1,0,no
3.3.4,src/java/main/org/apache/zookeeper/server/quorum/ProposalRequestProcessor.java,34,35,11,4,0,38,10,3.4545454545454546,28,6,2.5454545454545454,64,327,96,29.727272727272727,149.0,73.75,0,0,6,4,0,yes
3.3.4,src/java/main/org/apache/zookeeper/server/quorum/QuorumBean.java,20,17,0,0,0,0,0,0.0,0,0,0.0,0,0,0,0.0,0.0,0.0,0,0,2,2,0,no
3.3.4,src/java/main/org/apache/zookeeper/server/quorum/QuorumMXBean.java,5,26,0,0,0,0,0,0.0,0,0,0.0,0,0,0,0.0,0.0,0.0,0,0,2,1,0,no
3.3.4,src/java/main/org/apache/zookeeper/server/quorum/RemotePeerMXBean.java,5,26,0,0,0,0,0,0.0,0,0,0.0,0,0,0,0.0,0.0,0.0,0,0,3,1,0,no
3.3.4,src/java/main/org/apache/zookeeper/server/quorum/ServerBean.java,12,20,0,0,0,0,0,0.0,0,0,0.0,0,0,0,0.0,0.0,0.0,0,0,3,2,0,no
3.3.4,src/java/main/org/apache/zookeeper/server/quorum/ServerMXBean.java,5,26,0,0,0,0,0,0.0,0,0,0.0,0,0,0,0.0,0.0,0.0,0,0,2,1,0,no
3.3.4,src/recipes/lock/src/java/org/apache/zookeeper/recipes/lock/LockListener.java,5,31,2,2,0,39,38,19.5,38,38,19.0,40,101,96,50.5,135.0,129.85,0,0,2,1,0,no
3.3.4,src/recipes/lock/src/java/org/apache/zookeeper/recipes/lock/ZooKeeperOperation.java,5,30,1,1,0,38,38,38.0,38,38,38.0,38,5,5,5.0,135.0,135.0,0,0,4,1,0,no
3.4.1,src/contrib/loggraph/src/java/org/apache/zookeeper/graph/FilterException.java,4,17,1,1,0,22,22,22.0,22,22,22.0,22,34,34,34.0,79.0,79.0,0,0,2,2,0,no
3.4.1,src/contrib/loggraph/src/java/org/apache/zookeeper/graph/FilterOp.java,48,17,2,2,0,76,75,38.0,75,75,37.5,77,130,96,65.0,79.0,77.85714285714286,0,0,11,3,0,no
3.4.1,src/contrib/loggraph/src/java/org/apache/zookeeper/graph/FilterParser.java,98,17,2,2,0,132,131,66.0,131,131,65.5,133,130,96,65.0,79.0,78.33834586466165,0,0,22,4,0,no
3.4.1,src/contrib/loggraph/src/java/org/apache/zookeeper/graph/JsonGenerator.java,170,22,2,1,0,230,226,115.0,229,226,114.5,237,35,34,17.5,79.0,78.81434599156118,0,0,20,7,0,no
3.4.1,src/contrib/loggraph/src/java/org/apache/zookeeper/graph/Log4JEntry.java,18,17,2,2,0,41,40,20.5,40,40,20.0,42,130,96,65.0,79.0,76.9047619047619,0,0,2,2,0,no
3.4.1,src/contrib/loggraph/src/java/org/apache/zookeeper/graph/Log4JSource.java,291,32,3,2,0,385,380,128.33333333333334,381,380,127.0,389,132,96,44.0,79.0,78.19794344473007,0,0,33,8,0,no
3.4.1,src/contrib/loggraph/src/java/org/apache/zookeeper/graph/LogEntry.java,21,17,1,1,0,46,46,46.0,46,46,46.0,46,34,34,34.0,79.0,79.0,0,0,2,2,0,no
3.4.1,src/contrib/loggraph/src/java/org/apache/zookeeper/graph/LogIterator.java,7,17,2,2,0,27,26,13.5,26,26,13.0,28,130,96,65.0,79.0,75.85714285714286,0,0,2,1,0,no
3.4.1,src/contrib/loggraph/src/java/org/apache/zookeeper/graph/LogServer.java,36,18,2,2,0,67,66,33.5,66,66,33.0,68,130,96,65.0,79.0,77.70588235294117,0,0,2,3,0,no
3.4.1,src/contrib/loggraph/src/java/org/apache/zookeeper/graph/LogSkipList.java,54,25,2,2,0,98,94,49.0,95,94,47.5,101,130,96,65.0,79.0,75.95049504950495,0,0,9,4,0,no
3.4.1,src/contrib/loggraph/src/java/org/apache/zookeeper/graph/LogSource.java,11,17,1,1,0,33,33,33.0,33,33,33.0,33,34,34,34.0,79.0,79.0,0,0,2,1,0,no
3.4.1,src/contrib/loggraph/src/java/org/apache/zookeeper/graph/MeasureThroughput.java,67,17,2,2,0,104,103,52.0,103,103,51.5,105,130,96,65.0,79.0,78.16190476190476,0,0,7,4,0,no
3.4.1,src/contrib/loggraph/src/java/org/apache/zookeeper/graph/MergedLogSource.java,169,21,2,2,0,221,218,110.5,219,218,109.5,223,130,96,65.0,79.0,78.01345291479821,0,0,22,6,0,no
3.4.1,src/contrib/loggraph/src/java/org/apache/zookeeper/graph/RandomAccessFileReader.java,241,41,2,2,0,331,327,165.5,328,327,164.0,334,130,96,65.0,79.0,78.07784431137725,0,0,32,7,0,no
3.4.1,src/contrib/loggraph/src/java/org/apache/zookeeper/graph/TransactionEntry.java,33,17,2,2,0,60,59,30.0,59,59,29.5,61,130,96,65.0,79.0,77.55737704918033,0,0,2,2,0,no
3.4.1,src/contrib/loggraph/src/java/org/apache/zookeeper/graph/TxnLogSource.java,302,20,3,3,0,382,377,127.33333333333331,380,377,126.66666666666669,388,143,96,47.66666666666666,79.0,77.5979381443299,0,0,35,6,0,no
3.4.1,src/contrib/loggraph/src/java/org/apache/zookeeper/graph/filterops/AndOp.java,14,17,1,1,0,33,33,33.0,33,33,33.0,33,34,34,34.0,79.0,79.0,0,0,4,4,0,no
3.4.1,src/contrib/loggraph/src/java/org/apache/zookeeper/graph/filterops/Arg.java,14,17,1,1,0,36,36,36.0,36,36,36.0,36,34,34,34.0,79.0,79.0,0,0,2,2,0,no
3.4.1,src/contrib/loggraph/src/java/org/apache/zookeeper/graph/filterops/EqualsOp.java,22,17,1,1,0,44,44,44.0,44,44,44.0,44,34,34,34.0,79.0,79.0,0,0,5,4,0,no
3.4.1,src/contrib/loggraph/src/java/org/apache/zookeeper/graph/filterops/GreaterThanOp.java,46,18,1,1,0,70,70,70.0,70,70,70.0,70,34,34,34.0,79.0,79.0,0,0,15,7,0,no
3.4.1,src/contrib/loggraph/src/java/org/apache/zookeeper/graph/filterops/LessThanOp.java,46,17,1,1,0,69,69,69.0,69,69,69.0,69,34,34,34.0,79.0,79.0,0,0,15,7,0,no
3.4.1,src/contrib/loggraph/src/java/org/apache/zookeeper/graph/filterops/NotOp.java,12,17,1,1,0,31,31,31.0,31,31,31.0,31,34,34,34.0,79.0,79.0,0,0,3,3,0,no
3.4.1,src/contrib/loggraph/src/java/org/apache/zookeeper/graph/filterops/NumberArg.java,8,17,1,1,0,28,28,28.0,28,28,28.0,28,34,34,34.0,79.0,79.0,0,0,2,2,0,no
3.4.1,src/contrib/loggraph/src/java/org/apache/zookeeper/graph/filterops/OrOp.java,14,17,1,1,0,33,33,33.0,33,33,33.0,33,34,34,34.0,79.0,79.0,0,0,4,4,0,no
3.4.1,src/contrib/loggraph/src/java/org/apache/zookeeper/graph/filterops/StringArg.java,8,17,1,1,0,28,28,28.0,28,28,28.0,28,34,34,34.0,79.0,79.0,0,0,2,2,0,no
3.4.1,src/contrib/loggraph/src/java/org/apache/zookeeper/graph/filterops/SymbolArg.java,8,17,1,1,0,27,27,27.0,27,27,27.0,27,34,34,34.0,79.0,79.0,0,0,2,2,0,no
3.4.1,src/contrib/loggraph/src/java/org/apache/zookeeper/graph/filterops/XorOp.java,21,17,1,1,0,40,40,40.0,40,40,40.0,40,34,34,34.0,79.0,79.0,0,0,6,5,0,no
3.4.1,src/contrib/loggraph/src/java/org/apache/zookeeper/graph/servlets/FileLoader.java,33,17,2,2,0,61,60,30.5,60,60,30.0,62,130,96,65.0,79.0,77.58064516129032,0,0,2,3,0,no
3.4.1,src/contrib/loggraph/src/java/org/apache/zookeeper/graph/servlets/Fs.java,46,17,2,2,0,70,69,35.0,69,69,34.5,71,130,96,65.0,79.0,77.7605633802817,0,0,6,6,0,no
3.4.1,src/contrib/loggraph/src/java/org/apache/zookeeper/graph/servlets/GraphData.java,52,17,2,2,0,88,84,44.0,85,84,42.5,91,130,96,65.0,79.0,75.61538461538461,0,0,7,4,0,no
3.4.1,src/contrib/loggraph/src/java/org/apache/zookeeper/graph/servlets/JsonServlet.java,55,17,1,1,0,85,85,85.0,85,85,85.0,85,34,34,34.0,79.0,79.0,0,0,4,4,0,no
3.4.1,src/contrib/loggraph/src/java/org/apache/zookeeper/graph/servlets/NumEvents.java,53,17,2,2,0,89,86,44.5,87,86,43.5,91,130,96,65.0,79.0,76.58241758241758,0,0,6,4,0,no
3.4.1,src/contrib/loggraph/src/java/org/apache/zookeeper/graph/servlets/StaticContent.java,25,18,1,1,0,50,50,50.0,50,50,50.0,50,34,34,34.0,79.0,79.0,0,0,4,3,0,no
3.4.1,src/contrib/loggraph/src/java/org/apache/zookeeper/graph/servlets/Throughput.java,84,17,2,2,0,126,124,63.0,125,124,62.5,127,130,96,65.0,79.0,77.96062992125984,0,0,12,4,0,no
3.4.1,src/contrib/rest/src/java/org/apache/zookeeper/server/jersey/cfg/Credentials.java,23,17,1,1,0,47,47,47.0,47,47,47.0,47,11,11,11.0,69.0,69.0,0,0,4,4,0,no
3.4.1,src/contrib/rest/src/java/org/apache/zookeeper/server/jersey/cfg/Endpoint.java,42,17,1,1,0,72,72,72.0,72,72,72.0,72,11,11,11.0,69.0,69.0,0,0,2,2,0,no
3.4.1,src/contrib/rest/src/java/org/apache/zookeeper/server/jersey/cfg/HostPort.java,25,17,1,1,0,51,51,51.0,51,51,51.0,51,11,11,11.0,69.0,69.0,0,0,2,2,0,no
3.4.1,src/contrib/rest/src/java/org/apache/zookeeper/server/jersey/cfg/HostPortSet.java,25,17,1,1,0,51,51,51.0,51,51,51.0,51,11,11,11.0,69.0,69.0,0,0,4,3,0,no
3.4.1,src/contrib/rest/src/java/org/apache/zookeeper/server/jersey/cfg/RestCfg.java,69,17,1,1,0,106,106,106.0,106,106,106.0,106,11,11,11.0,69.0,69.0,0,0,6,4,0,no
3.4.1,src/contrib/rest/src/java/org/apache/zookeeper/server/jersey/filters/HTTPBasicAuth.java,53,17,1,1,0,87,87,87.0,87,87,87.0,87,11,11,11.0,69.0,69.0,0,0,6,5,0,no
3.4.1,src/contrib/rest/src/java/org/apache/zookeeper/server/jersey/jaxb/ZChildren.java,46,23,1,1,0,80,80,80.0,80,80,80.0,80,12,12,12.0,136.0,136.0,0,0,4,3,0,no
3.4.1,src/contrib/rest/src/java/org/apache/zookeeper/server/jersey/jaxb/ZChildrenJSON.java,42,23,1,1,0,76,76,76.0,76,76,76.0,76,12,12,12.0,136.0,136.0,0,0,4,3,0,no
3.4.1,src/contrib/rest/src/java/org/apache/zookeeper/server/jersey/jaxb/ZError.java,13,21,1,1,0,41,41,41.0,41,41,41.0,41,12,12,12.0,136.0,136.0,0,0,2,2,0,no
3.4.1,src/contrib/rest/src/java/org/apache/zookeeper/server/jersey/jaxb/ZPath.java,32,21,1,1,0,63,63,63.0,63,63,63.0,63,12,12,12.0,136.0,136.0,0,0,3,3,0,no
3.4.1,src/contrib/rest/src/java/org/apache/zookeeper/server/jersey/jaxb/ZSession.java,29,18,1,1,0,55,55,55.0,55,55,55.0,55,11,11,11.0,69.0,69.0,0,0,3,3,0,no
3.4.1,src/contrib/rest/src/java/org/apache/zookeeper/server/jersey/resources/SessionsResource.java,96,18,2,2,0,137,134,68.5,135,134,67.5,139,107,96,53.5,69.0,67.77697841726619,0,0,7,3,0,no
3.4.1,src/contrib/zooinspector/src/java/org/apache/zookeeper/inspector/gui/NodeViewersChangeListener.java,6,28,1,1,0,37,37,37.0,37,37,37.0,37,24,24,24.0,92.0,92.0,0,0,3,1,0,no
3.4.1,src/contrib/zooinspector/src/java/org/apache/zookeeper/inspector/manager/NodeListener.java,6,29,1,1,0,37,37,37.0,37,37,37.0,37,24,24,24.0,92.0,92.0,0,0,3,1,0,no
3.4.1,src/contrib/zooinspector/src/java/org/apache/zookeeper/inspector/manager/ZooInspectorManager.java,28,95,1,1,0,139,139,139.0,139,139,139.0,139,24,24,24.0,92.0,92.0,0,0,12,1,0,no
3.4.1,src/contrib/zooinspector/src/java/org/apache/zookeeper/inspector/manager/ZooInspectorNodeManager.java,4,28,1,1,0,33,33,33.0,33,33,33.0,33,24,24,24.0,92.0,92.0,0,0,5,1,0,no
3.4.1,src/contrib/zooinspector/src/java/org/apache/zookeeper/inspector/manager/ZooInspectorNodeTreeManager.java,6,33,2,2,0,86,43,43.0,43,43,21.5,129,120,96,60.0,92.0,54.0,0,0,6,1,0,no
3.4.1,src/contrib/zooinspector/src/java/org/apache/zookeeper/inspector/manager/ZooInspectorReadOnlyManager.java,15,71,2,2,0,198,99,99.0,99,99,49.5,297,120,96,60.0,92.0,54.0,0,0,9,1,0,no
3.4.1,src/java/main/org/apache/jute/Index.java,5,31,1,1,0,0,0,0.0,1,1,1.0,1,31,31,31.0,134.0,134.0,0,0,4,1,0,no
3.4.1,src/java/main/org/apache/jute/Record.java,8,21,1,1,0,0,0,0.0,1,1,1.0,1,31,31,31.0,134.0,134.0,0,0,2,1,0,no
3.4.1,src/java/main/org/apache/jute/compiler/CSharpGenerator.java,19,29,1,1,0,53,53,53.0,53,53,53.0,53,16,16,16.0,84.0,84.0,0,0,3,3,0,no
3.4.1,src/java/main/org/apache/jute/compiler/JBoolean.java,21,21,2,2,0,9,9,4.5,9,8,4.5,11,47,31,23.5,134.0,88.54545454545455,0,0,2,2,0,no
3.4.1,src/java/main/org/apache/jute/compiler/JByte.java,9,21,2,2,0,1,1,0.5,1,1,0.5,3,47,31,23.5,134.0,100.66666666666669,0,0,2,2,0,no
3.4.1,src/java/main/org/apache/jute/compiler/JCompType.java,34,22,2,2,0,15,15,7.5,15,13,7.5,19,47,31,23.5,134.0,89.26315789473684,0,0,3,2,0,no
3.4.1,src/java/main/org/apache/jute/compiler/JDouble.java,13,21,2,2,0,1,1,0.5,1,1,0.5,3,47,31,23.5,134.0,100.66666666666669,0,0,2,2,0,no
3.4.1,src/java/main/org/apache/jute/compiler/JFloat.java,12,21,2,2,0,1,1,0.5,1,1,0.5,3,47,31,23.5,134.0,100.66666666666669,0,0,2,2,0,no
3.4.1,src/java/main/org/apache/jute/compiler/JInt.java,9,21,2,2,0,1,1,0.5,1,1,0.5,3,47,31,23.5,134.0,100.66666666666669,0,0,2,2,0,no
3.4.1,src/java/main/org/apache/jute/compiler/JLong.java,12,21,2,2,0,1,1,0.5,1,1,0.5,3,47,31,23.5,134.0,100.66666666666669,0,0,2,2,0,no
3.4.1,src/java/main/org/apache/jute/compiler/JString.java,19,21,2,2,0,1,1,0.5,1,1,0.5,3,47,31,23.5,134.0,100.66666666666669,0,0,3,3,0,no
3.4.1,src/java/main/org/apache/zookeeper/AsyncCallback.java,31,17,1,1,0,5,5,5.0,5,5,5.0,5,10,10,10.0,111.0,111.0,0,0,2,2,0,no
3.4.1,src/java/main/org/apache/zookeeper/ClientCnxnSocket.java,99,39,5,4,0,177,154,35.4,170,154,34.0,184,123,96,24.6,57.0,52.88586956521739,0,0,6,4,0,no
3.4.1,src/java/main/org/apache/zookeeper/ClientCnxnSocketNIO.java,260,58,13,5,6,449,318,34.53846153846154,398,318,30.615384615384617,528,164,96,12.615384615384617,57.0,39.895833333333336,0,0,41,7,0,yes
3.4.1,src/java/main/org/apache/zookeeper/ClientWatchManager.java,6,31,1,1,0,3,3,3.0,1,1,1.0,5,2,2,2.0,20.0,20.0,0,0,4,1,0,no
3.4.1,src/java/main/org/apache/zookeeper/Login.java,278,89,4,2,0,798,313,199.5,483,313,120.75,1125,29,18,7.25,17.0,9.782222222222222,0,0,54,10,0,no
3.4.1,src/java/main/org/apache/zookeeper/MultiResponse.java,119,24,2,2,0,166,166,83.0,167,166,83.5,167,49,33,24.5,24.0,23.934131736526947,0,0,21,6,0,no
3.4.1,src/java/main/org/apache/zookeeper/MultiTransactionRecord.java,120,23,2,2,0,160,160,80.0,161,160,80.5,161,49,33,24.5,24.0,23.93167701863354,0,0,21,5,0,no
3.4.1,src/java/main/org/apache/zookeeper/Op.java,156,106,2,2,0,306,306,153.0,307,306,153.5,307,18,16,9.0,24.0,23.98697068403909,0,0,28,5,0,yes
3.4.1,src/java/main/org/apache/zookeeper/OpResult.java,106,47,1,1,0,185,185,185.0,185,185,185.0,185,16,16,16.0,24.0,24.0,0,0,13,3,0,yes
3.4.1,src/java/main/org/apache/zookeeper/Shell.java,258,164,2,2,0,476,475,238.0,476,475,238.0,476,51,33,25.5,17.0,16.991596638655462,0,0,37,6,0,no
3.4.1,src/java/main/org/apache/zookeeper/Transaction.java,30,20,1,1,0,60,60,60.0,60,60,60.0,60,16,16,16.0,24.0,24.0,0,0,3,2,0,yes
3.4.1,src/java/main/org/apache/zookeeper/ZKUtil.java,55,60,1,1,0,124,124,124.0,124,124,124.0,124,3,3,3.0,17.0,17.0,0,0,11,4,0,no
3.4.1,src/java/main/org/apache/zookeeper/client/ConnectStringParser.java,42,35,1,1,0,87,87,87.0,87,87,87.0,87,5,5,5.0,54.0,54.0,0,0,10,5,0,no
3.4.1,src/java/main/org/apache/zookeeper/client/HostProvider.java,7,49,1,1,0,61,61,61.0,61,61,61.0,61,5,5,5.0,54.0,54.0,0,0,4,1,0,no
3.4.1,src/java/main/org/apache/zookeeper/client/StaticHostProvider.java,56,31,2,2,0,104,98,52.0,101,98,50.5,107,101,96,50.5,54.0,52.401869158878505,0,0,10,4,0,no
3.4.1,src/java/main/org/apache/zookeeper/client/ZooKeeperSaslClient.java,286,44,3,1,0,368,348,122.66666666666669,362,348,120.66666666666669,374,22,18,7.333333333333333,17.0,16.58288770053476,0,0,36,9,0,no
3.4.1,src/java/main/org/apache/zookeeper/jmx/CommonNames.java,6,21,0,0,0,0,0,0.0,0,0,0.0,0,0,0,0.0,0.0,0.0,0,0,2,1,0,no
3.4.1,src/java/main/org/apache/zookeeper/jmx/ZKMBeanInfo.java,5,29,0,0,0,0,0,0.0,0,0,0.0,0,0,0,0.0,0.0,0.0,0,0,5,1,0,no
3.4.1,src/java/main/org/apache/zookeeper/server/ByteBufferOutputStream.java,31,17,2,2,1,52,52,26.0,53,52,26.5,53,18,9,9.0,13.0,12.88679245283019,0,0,2,2,0,no
3.4.1,src/java/main/org/apache/zookeeper/server/ConnectionMXBean.java,22,70,1,1,1,30,30,30.0,30,30,30.0,30,6,6,6.0,109.0,109.0,0,0,2,1,0,no
3.4.1,src/java/main/org/apache/zookeeper/server/DataTreeMXBean.java,8,36,0,0,0,0,0,0.0,0,0,0.0,0,0,0,0.0,0.0,0.0,0,0,2,1,0,no
3.4.1,src/java/main/org/apache/zookeeper/server/DatadirCleanupManager.java,86,81,2,1,0,201,192,100.5,192,192,96.0,210,9,6,4.5,15.0,14.742857142857142,0,0,7,4,0,no
3.4.1,src/java/main/org/apache/zookeeper/server/NIOServerCnxnFactory.java,244,50,4,3,0,330,306,82.5,326,306,81.5,334,151,96,37.75,69.0,65.1377245508982,0,0,21,7,0,no
3.4.1,src/java/main/org/apache/zookeeper/server/NettyServerCnxn.java,695,58,6,4,0,855,820,142.5,851,820,141.83333333333334,859,169,96,28.166666666666668,69.0,67.16181606519208,0,0,104,8,0,no
3.4.1,src/java/main/org/apache/zookeeper/server/NettyServerCnxnFactory.java,347,29,5,3,0,421,396,84.2,415,396,83.0,427,157,96,31.4,69.0,65.89929742388759,0,0,41,8,0,no
3.4.1,src/java/main/org/apache/zookeeper/server/RequestProcessor.java,5,29,1,1,0,1,1,1.0,0,0,0.0,2,16,16,16.0,24.0,24.0,0,0,2,1,0,yes
3.4.1,src/java/main/org/apache/zookeeper/server/ServerCnxnFactory.java,88,22,3,3,0,144,134,48.0,139,134,46.333333333333336,149,148,96,49.333333333333336,69.0,64.36912751677852,0,0,7,4,0,no
3.4.1,src/java/main/org/apache/zookeeper/server/ServerStats.java,93,22,3,2,0,32,25,10.666666666666666,20,14,6.666666666666667,72,77,66,25.666666666666668,155.0,152.08333333333334,0,0,6,3,0,no
3.4.1,src/java/main/org/apache/zookeeper/server/SessionTracker.java,25,42,6,3,5,40,8,6.666666666666667,37,8,6.166666666666667,43,45,11,7.5,129.0,58.46511627906977,0,0,4,2,0,yes
3.4.1,src/java/main/org/apache/zookeeper/server/Stats.java,17,46,2,2,0,69,68,34.5,68,68,34.0,70,130,96,65.0,69.0,68.02857142857142,0,0,2,1,0,no
3.4.1,src/java/main/org/apache/zookeeper/server/ZooKeeperSaslServer.java,85,25,1,1,0,131,131,131.0,131,131,131.0,131,18,18,18.0,17.0,17.0,0,0,7,10,0,no
3.4.1,src/java/main/org/apache/zookeeper/server/ZooKeeperServerMXBean.java,23,76,1,1,0,26,26,26.0,24,24,24.0,28,16,16,16.0,92.0,92.0,0,0,2,1,0,no
3.4.1,src/java/main/org/apache/zookeeper/server/auth/AuthenticationProvider.java,10,65,1,1,0,2,2,2.0,1,1,1.0,3,12,12,12.0,155.0,155.0,0,0,9,1,0,no
3.4.1,src/java/main/org/apache/zookeeper/server/auth/DigestLoginModule.java,30,20,1,1,0,61,61,61.0,61,61,61.0,61,18,18,18.0,17.0,17.0,0,0,5,3,0,no
3.4.1,src/java/main/org/apache/zookeeper/server/auth/KerberosName.java,269,117,1,1,0,418,418,418.0,418,418,418.0,418,18,18,18.0,17.0,17.0,0,0,38,7,0,no
3.4.1,src/java/main/org/apache/zookeeper/server/auth/SASLAuthenticationProvider.java,31,28,1,1,0,70,70,70.0,70,70,70.0,70,18,18,18.0,17.0,17.0,0,0,5,3,0,no
3.4.1,src/java/main/org/apache/zookeeper/server/auth/SaslServerCallbackHandler.java,107,24,3,1,0,334,160,111.33333333333331,184,160,61.333333333333336,532,20,18,6.666666666666667,17.0,12.80451127819549,0,0,24,5,0,no
3.4.1,src/java/main/org/apache/zookeeper/server/persistence/SnapShot.java,14,45,2,2,0,7,6,3.5,6,6,3.0,8,103,96,51.5,92.0,77.75,0,0,4,1,0,no
3.4.1,src/java/main/org/apache/zookeeper/server/persistence/TxnLog.java,20,86,3,2,1,8,4,2.6666666666666665,6,4,2.0,10,25,14,8.333333333333334,147.0,113.6,0,0,6,2,0,no
3.4.1,src/java/main/org/apache/zookeeper/server/quorum/Election.java,6,17,2,2,0,2,1,1.0,1,1,0.5,3,100,96,50.0,92.0,54.0,0,0,2,1,0,no
3.4.1,src/java/main/org/apache/zookeeper/server/quorum/FollowerMXBean.java,7,29,0,0,0,0,0,0.0,0,0,0.0,0,0,0,0.0,0.0,0.0,0,0,2,1,0,no
3.4.1,src/java/main/org/apache/zookeeper/server/quorum/LeaderElectionBean.java,15,20,0,0,0,0,0,0.0,0,0,0.0,0,0,0,0.0,0.0,0.0,0,0,2,2,0,no
3.4.1,src/java/main/org/apache/zookeeper/server/quorum/LeaderElectionMXBean.java,4,24,0,0,0,0,0,0.0,0,0,0.0,0,0,0,0.0,0.0,0.0,0,0,2,1,0,no
3.4.1,src/java/main/org/apache/zookeeper/server/quorum/LeaderMXBean.java,6,26,0,0,0,0,0,0.0,0,0,0.0,0,0,0,0.0,0.0,0.0,0,0,2,1,0,no
3.4.1,src/java/main/org/apache/zookeeper/server/quorum/LearnerSyncRequest.java,13,17,0,0,0,0,0,0.0,0,0,0.0,0,0,0,0.0,0.0,0.0,0,0,2,2,0,no
3.4.1,src/java/main/org/apache/zookeeper/server/quorum/LocalPeerBean.java,43,20,3,2,0,86,68,28.666666666666668,91,68,30.33333333333333,93,116,66,38.66666666666666,152.0,133.89247311827958,0,0,2,2,0,no
3.4.1,src/java/main/org/apache/zookeeper/server/quorum/LocalPeerMXBean.java,13,51,2,2,0,77,64,38.5,77,64,38.5,77,82,66,41.0,152.0,141.87012987012986,0,0,4,1,0,no
3.4.1,src/java/main/org/apache/zookeeper/server/quorum/ObserverMXBean.java,6,27,1,1,0,37,37,37.0,37,37,37.0,37,15,15,15.0,108.0,108.0,0,0,2,1,0,no
3.4.1,src/java/main/org/apache/zookeeper/server/quorum/ProposalRequestProcessor.java,40,35,11,4,0,38,10,3.4545454545454546,28,6,2.5454545454545454,64,327,96,29.727272727272727,152.0,76.75,0,0,6,4,0,yes
3.4.1,src/java/main/org/apache/zookeeper/server/quorum/QuorumBean.java,20,17,0,0,0,0,0,0.0,0,0,0.0,0,0,0,0.0,0.0,0.0,0,0,2,2,0,no
3.4.1,src/java/main/org/apache/zookeeper/server/quorum/QuorumMXBean.java,5,26,0,0,0,0,0,0.0,0,0,0.0,0,0,0,0.0,0.0,0.0,0,0,2,1,0,no
3.4.1,src/java/main/org/apache/zookeeper/server/quorum/ReadOnlyBean.java,11,21,1,1,0,38,38,38.0,38,38,38.0,38,3,3,3.0,30.0,30.0,0,0,2,2,0,no
3.4.1,src/java/main/org/apache/zookeeper/server/quorum/ReadOnlyRequestProcessor.java,75,26,2,2,0,124,119,62.0,120,119,60.0,128,7,4,3.5,30.0,28.3828125,0,0,14,6,0,yes
3.4.1,src/java/main/org/apache/zookeeper/server/quorum/ReadOnlyZooKeeperServer.java,93,37,3,3,0,151,139,50.333333333333336,148,139,49.333333333333336,158,15,9,5.0,30.0,27.89240506329114,0,0,7,4,0,no
3.4.1,src/java/main/org/apache/zookeeper/server/quorum/RemotePeerMXBean.java,5,26,0,0,0,0,0,0.0,0,0,0.0,0,0,0,0.0,0.0,0.0,0,0,3,1,0,no
3.4.1,src/java/main/org/apache/zookeeper/server/quorum/ServerBean.java,12,20,0,0,0,0,0,0.0,0,0,0.0,0,0,0,0.0,0.0,0.0,0,0,3,2,0,no
3.4.1,src/java/main/org/apache/zookeeper/server/quorum/ServerMXBean.java,5,26,0,0,0,0,0,0.0,0,0,0.0,0,0,0,0.0,0.0,0.0,0,0,2,1,0,no
3.4.1,src/java/main/org/apache/zookeeper/server/quorum/StateSummary.java,30,21,1,1,1,57,57,57.0,57,57,57.0,57,10,10,10.0,26.0,26.0,0,0,3,3,0,no
3.4.1,src/java/main/org/apache/zookeeper/server/util/ZxidUtils.java,15,17,1,1,1,34,34,34.0,34,34,34.0,34,10,10,10.0,26.0,26.0,0,0,2,2,0,no
3.4.1,src/recipes/election/src/java/org/apache/zookeeper/recipes/leader/LeaderElectionAware.java,5,28,1,1,0,37,37,37.0,37,37,37.0,37,3,3,3.0,23.0,23.0,0,0,2,1,0,no
3.4.1,src/recipes/election/src/java/org/apache/zookeeper/recipes/leader/LeaderElectionSupport.java,219,176,1,1,0,461,461,461.0,461,461,461.0,461,3,3,3.0,23.0,23.0,0,0,35,5,0,no
3.4.1,src/recipes/election/src/java/org/apache/zookeeper/recipes/leader/LeaderOffer.java,43,25,1,1,0,84,84,84.0,84,84,84.0,84,3,3,3.0,23.0,23.0,0,0,2,3,0,no
3.4.1,src/recipes/lock/src/java/org/apache/zookeeper/recipes/lock/LockListener.java,5,31,2,2,0,39,38,19.5,38,38,19.0,40,101,96,50.5,138.0,132.85,0,0,2,1,0,no
3.4.1,src/recipes/lock/src/java/org/apache/zookeeper/recipes/lock/ZooKeeperOperation.java,5,30,1,1,0,38,38,38.0,38,38,38.0,38,5,5,5.0,138.0,138.0,0,0,4,1,0,no
3.4.2,src/contrib/loggraph/src/java/org/apache/zookeeper/graph/LogIterator.java,7,17,2,2,0,27,26,13.5,26,26,13.0,28,130,96,65.0,81.0,77.85714285714286,0,0,2,1,0,no
3.4.2,src/contrib/loggraph/src/java/org/apache/zookeeper/graph/filterops/AndOp.java,14,17,1,1,0,33,33,33.0,33,33,33.0,33,34,34,34.0,81.0,81.0,0,0,4,4,0,no
3.4.2,src/contrib/loggraph/src/java/org/apache/zookeeper/graph/filterops/NumberArg.java,8,17,1,1,0,28,28,28.0,28,28,28.0,28,34,34,34.0,81.0,81.0,0,0,2,2,0,no
3.4.2,src/contrib/loggraph/src/java/org/apache/zookeeper/graph/filterops/OrOp.java,14,17,1,1,0,33,33,33.0,33,33,33.0,33,34,34,34.0,81.0,81.0,0,0,4,4,0,no
3.4.2,src/contrib/loggraph/src/java/org/apache/zookeeper/graph/filterops/StringArg.java,8,17,1,1,0,28,28,28.0,28,28,28.0,28,34,34,34.0,81.0,81.0,0,0,2,2,0,no
3.4.2,src/contrib/loggraph/src/java/org/apache/zookeeper/graph/filterops/SymbolArg.java,8,17,1,1,0,27,27,27.0,27,27,27.0,27,34,34,34.0,81.0,81.0,0,0,2,2,0,no
3.4.2,src/contrib/rest/src/java/org/apache/zookeeper/server/jersey/jaxb/ZChildren.java,46,23,1,1,0,80,80,80.0,80,80,80.0,80,12,12,12.0,137.0,137.0,0,0,4,3,0,no
3.4.2,src/contrib/rest/src/java/org/apache/zookeeper/server/jersey/jaxb/ZChildrenJSON.java,42,23,1,1,0,76,76,76.0,76,76,76.0,76,12,12,12.0,137.0,137.0,0,0,4,3,0,no
3.4.2,src/contrib/rest/src/java/org/apache/zookeeper/server/jersey/jaxb/ZError.java,13,21,1,1,0,41,41,41.0,41,41,41.0,41,12,12,12.0,137.0,137.0,0,0,2,2,0,no
3.4.2,src/contrib/rest/src/java/org/apache/zookeeper/server/jersey/jaxb/ZPath.java,32,21,1,1,0,63,63,63.0,63,63,63.0,63,12,12,12.0,137.0,137.0,0,0,3,3,0,no
3.4.2,src/contrib/rest/src/java/org/apache/zookeeper/server/jersey/jaxb/ZSession.java,29,18,1,1,0,55,55,55.0,55,55,55.0,55,11,11,11.0,71.0,71.0,0,0,3,3,0,no
3.4.2,src/contrib/zooinspector/src/java/org/apache/zookeeper/inspector/gui/NodeViewersChangeListener.java,6,28,1,1,0,37,37,37.0,37,37,37.0,37,24,24,24.0,94.0,94.0,0,0,3,1,0,no
3.4.2,src/contrib/zooinspector/src/java/org/apache/zookeeper/inspector/manager/NodeListener.java,6,29,1,1,0,37,37,37.0,37,37,37.0,37,24,24,24.0,94.0,94.0,0,0,3,1,0,no
3.4.2,src/contrib/zooinspector/src/java/org/apache/zookeeper/inspector/manager/ZooInspectorManager.java,28,95,1,1,0,139,139,139.0,139,139,139.0,139,24,24,24.0,94.0,94.0,0,0,12,1,0,no
3.4.2,src/contrib/zooinspector/src/java/org/apache/zookeeper/inspector/manager/ZooInspectorNodeManager.java,4,28,1,1,0,33,33,33.0,33,33,33.0,33,24,24,24.0,94.0,94.0,0,0,5,1,0,no
3.4.2,src/contrib/zooinspector/src/java/org/apache/zookeeper/inspector/manager/ZooInspectorNodeTreeManager.java,6,33,2,2,0,86,43,43.0,43,43,21.5,129,120,96,60.0,94.0,56.0,0,0,6,1,0,no
3.4.2,src/contrib/zooinspector/src/java/org/apache/zookeeper/inspector/manager/ZooInspectorReadOnlyManager.java,15,71,2,2,0,198,99,99.0,99,99,49.5,297,120,96,60.0,94.0,56.0,0,0,9,1,0,no
3.4.2,src/java/main/org/apache/jute/Index.java,5,31,1,1,0,0,0,0.0,1,1,1.0,1,31,31,31.0,135.0,135.0,0,0,4,1,0,no
3.4.2,src/java/main/org/apache/jute/Record.java,8,21,1,1,0,0,0,0.0,1,1,1.0,1,31,31,31.0,135.0,135.0,0,0,2,1,0,no
3.4.2,src/java/main/org/apache/jute/compiler/JBoolean.java,21,21,2,2,0,9,9,4.5,9,8,4.5,11,47,31,23.5,135.0,90.45454545454544,0,0,2,2,0,no
3.4.2,src/java/main/org/apache/jute/compiler/JByte.java,9,21,2,2,0,1,1,0.5,1,1,0.5,3,47,31,23.5,135.0,102.33333333333331,0,0,2,2,0,no
3.4.2,src/java/main/org/apache/jute/compiler/JInt.java,9,21,2,2,0,1,1,0.5,1,1,0.5,3,47,31,23.5,135.0,102.33333333333331,0,0,2,2,0,no
3.4.2,src/java/main/org/apache/jute/compiler/JLong.java,12,21,2,2,0,1,1,0.5,1,1,0.5,3,47,31,23.5,135.0,102.33333333333331,0,0,2,2,0,no
3.4.2,src/java/main/org/apache/jute/compiler/JString.java,19,21,2,2,0,1,1,0.5,1,1,0.5,3,47,31,23.5,135.0,102.33333333333331,0,0,3,3,0,no
3.4.2,src/java/main/org/apache/zookeeper/AsyncCallback.java,31,17,1,1,0,5,5,5.0,5,5,5.0,5,10,10,10.0,112.0,112.0,0,0,2,2,0,no
3.4.2,src/java/main/org/apache/zookeeper/ClientWatchManager.java,6,31,1,1,0,3,3,3.0,1,1,1.0,5,2,2,2.0,22.0,22.0,0,0,4,1,0,no
3.4.2,src/java/main/org/apache/zookeeper/client/HostProvider.java,7,49,1,1,0,61,61,61.0,61,61,61.0,61,5,5,5.0,56.0,56.0,0,0,4,1,0,no
3.4.2,src/java/main/org/apache/zookeeper/client/StaticHostProvider.java,56,31,2,2,0,104,98,52.0,101,98,50.5,107,101,96,50.5,56.0,54.401869158878505,0,0,10,4,0,no
3.4.2,src/java/main/org/apache/zookeeper/jmx/CommonNames.java,6,21,0,0,0,0,0,0.0,0,0,0.0,0,0,0,0.0,0.0,0.0,0,0,2,1,0,no
3.4.2,src/java/main/org/apache/zookeeper/jmx/ZKMBeanInfo.java,5,29,0,0,0,0,0,0.0,0,0,0.0,0,0,0,0.0,0.0,0.0,0,0,5,1,0,no
3.4.2,src/java/main/org/apache/zookeeper/server/ByteBufferOutputStream.java,31,17,2,2,1,52,52,26.0,53,52,26.5,53,18,9,9.0,15.0,14.88679245283019,0,0,2,2,0,no
3.4.2,src/java/main/org/apache/zookeeper/server/ConnectionMXBean.java,22,70,1,1,1,30,30,30.0,30,30,30.0,30,6,6,6.0,111.0,111.0,0,0,2,1,0,no
3.4.2,src/java/main/org/apache/zookeeper/server/DataTreeBean.java,29,20,1,1,0,1,1,1.0,9,9,9.0,11,4,4,4.0,77.0,77.0,0,0,2,2,0,no
3.4.2,src/java/main/org/apache/zookeeper/server/DataTreeMXBean.java,8,36,0,0,0,0,0,0.0,0,0,0.0,0,0,0,0.0,0.0,0.0,0,0,2,1,0,no
3.4.2,src/java/main/org/apache/zookeeper/server/RequestProcessor.java,5,29,1,1,0,1,1,1.0,0,0,0.0,2,16,16,16.0,26.0,26.0,0,0,2,1,0,yes
3.4.2,src/java/main/org/apache/zookeeper/server/ServerStats.java,93,22,5,3,0,48,25,9.6,36,14,7.2,104,95,66,19.0,157.0,106.67307692307692,0,0,6,3,0,no
3.4.2,src/java/main/org/apache/zookeeper/server/SessionTracker.java,25,42,6,3,5,40,8,6.666666666666667,37,8,6.166666666666667,43,45,11,7.5,130.0,60.325581395348834,0,0,4,2,0,yes
3.4.2,src/java/main/org/apache/zookeeper/server/Stats.java,17,46,2,2,0,69,68,34.5,68,68,34.0,70,130,96,65.0,71.0,70.02857142857142,0,0,2,1,0,no
3.4.2,src/java/main/org/apache/zookeeper/server/ZooKeeperServerBean.java,93,21,6,3,0,38,29,6.333333333333333,41,29,6.833333333333333,51,84,34,14.0,150.0,84.76470588235294,0,0,4,3,0,no
3.4.2,src/java/main/org/apache/zookeeper/server/ZooKeeperServerMXBean.java,23,76,3,2,0,30,26,10.0,32,24,10.666666666666666,36,34,16,11.333333333333334,93.0,72.33333333333333,0,0,2,1,0,no
3.4.2,src/java/main/org/apache/zookeeper/server/auth/AuthenticationProvider.java,10,65,1,1,0,2,2,2.0,1,1,1.0,3,12,12,12.0,157.0,157.0,0,0,9,1,0,no
3.4.2,src/java/main/org/apache/zookeeper/server/persistence/SnapShot.java,14,45,2,2,0,7,6,3.5,6,6,3.0,8,103,96,51.5,93.0,79.0,0,0,4,1,0,no
3.4.2,src/java/main/org/apache/zookeeper/server/persistence/TxnLog.java,20,86,3,2,1,8,4,2.6666666666666665,6,4,2.0,10,25,14,8.333333333333334,148.0,114.9,0,0,6,2,0,no
3.4.2,src/java/main/org/apache/zookeeper/server/quorum/Election.java,6,17,2,2,0,2,1,1.0,1,1,0.5,3,100,96,50.0,94.0,56.0,0,0,2,1,0,no
3.4.2,src/java/main/org/apache/zookeeper/server/quorum/FollowerMXBean.java,7,29,0,0,0,0,0,0.0,0,0,0.0,0,0,0,0.0,0.0,0.0,0,0,2,1,0,no
3.4.2,src/java/main/org/apache/zookeeper/server/quorum/LeaderElectionBean.java,15,20,0,0,0,0,0,0.0,0,0,0.0,0,0,0,0.0,0.0,0.0,0,0,2,2,0,no
3.4.2,src/java/main/org/apache/zookeeper/server/quorum/LeaderElectionMXBean.java,4,24,0,0,0,0,0,0.0,0,0,0.0,0,0,0,0.0,0.0,0.0,0,0,2,1,0,no
3.4.2,src/java/main/org/apache/zookeeper/server/quorum/LeaderMXBean.java,6,26,0,0,0,0,0,0.0,0,0,0.0,0,0,0,0.0,0.0,0.0,0,0,2,1,0,no
3.4.2,src/java/main/org/apache/zookeeper/server/quorum/LearnerSyncRequest.java,13,17,0,0,0,0,0,0.0,0,0,0.0,0,0,0,0.0,0.0,0.0,0,0,2,2,0,no
3.4.2,src/java/main/org/apache/zookeeper/server/quorum/LocalPeerBean.java,43,20,3,2,0,86,68,28.666666666666668,91,68,30.33333333333333,93,116,66,38.66666666666666,154.0,135.70967741935485,0,0,2,2,0,no
3.4.2,src/java/main/org/apache/zookeeper/server/quorum/LocalPeerMXBean.java,13,51,2,2,0,77,64,38.5,77,64,38.5,77,82,66,41.0,154.0,143.7012987012987,0,0,4,1,0,no
3.4.2,src/java/main/org/apache/zookeeper/server/quorum/ObserverMXBean.java,6,27,1,1,0,37,37,37.0,37,37,37.0,37,15,15,15.0,110.0,110.0,0,0,2,1,0,no
3.4.2,src/java/main/org/apache/zookeeper/server/quorum/ProposalRequestProcessor.java,40,35,11,4,0,38,10,3.4545454545454546,28,6,2.5454545454545454,64,327,96,29.727272727272727,154.0,78.6875,0,0,6,4,0,yes
3.4.2,src/java/main/org/apache/zookeeper/server/quorum/QuorumBean.java,20,17,0,0,0,0,0,0.0,0,0,0.0,0,0,0,0.0,0.0,0.0,0,0,2,2,0,no
3.4.2,src/java/main/org/apache/zookeeper/server/quorum/QuorumMXBean.java,5,26,0,0,0,0,0,0.0,0,0,0.0,0,0,0,0.0,0.0,0.0,0,0,2,1,0,no
3.4.2,src/java/main/org/apache/zookeeper/server/quorum/ReadOnlyBean.java,11,21,1,1,0,38,38,38.0,38,38,38.0,38,3,3,3.0,32.0,32.0,0,0,2,2,0,no
3.4.2,src/java/main/org/apache/zookeeper/server/quorum/RemotePeerMXBean.java,5,26,0,0,0,0,0,0.0,0,0,0.0,0,0,0,0.0,0.0,0.0,0,0,3,1,0,no
3.4.2,src/java/main/org/apache/zookeeper/server/quorum/ServerBean.java,12,20,0,0,0,0,0,0.0,0,0,0.0,0,0,0,0.0,0.0,0.0,0,0,3,2,0,no
3.4.2,src/java/main/org/apache/zookeeper/server/quorum/ServerMXBean.java,5,26,0,0,0,0,0,0.0,0,0,0.0,0,0,0,0.0,0.0,0.0,0,0,2,1,0,no
3.4.2,src/recipes/election/src/java/org/apache/zookeeper/recipes/leader/LeaderElectionAware.java,5,28,1,1,0,37,37,37.0,37,37,37.0,37,3,3,3.0,25.0,25.0,0,0,2,1,0,no
3.4.2,src/recipes/lock/src/java/org/apache/zookeeper/recipes/lock/LockListener.java,5,31,2,2,0,39,38,19.5,38,38,19.0,40,101,96,50.5,140.0,134.85,0,0,2,1,0,no
3.4.2,src/recipes/lock/src/java/org/apache/zookeeper/recipes/lock/ZooKeeperOperation.java,5,30,1,1,0,38,38,38.0,38,38,38.0,38,5,5,5.0,140.0,140.0,0,0,4,1,0,no
3.4.3,src/contrib/loggraph/src/java/org/apache/zookeeper/graph/LogIterator.java,7,17,2,2,0,27,26,13.5,26,26,13.0,28,130,96,65.0,87.0,83.85714285714286,0,0,2,1,0,no
3.4.3,src/contrib/loggraph/src/java/org/apache/zookeeper/graph/filterops/AndOp.java,14,17,1,1,0,33,33,33.0,33,33,33.0,33,34,34,34.0,87.0,87.0,0,0,4,4,0,no
3.4.3,src/contrib/loggraph/src/java/org/apache/zookeeper/graph/filterops/NumberArg.java,8,17,1,1,0,28,28,28.0,28,28,28.0,28,34,34,34.0,87.0,87.0,0,0,2,2,0,no
3.4.3,src/contrib/loggraph/src/java/org/apache/zookeeper/graph/filterops/OrOp.java,14,17,1,1,0,33,33,33.0,33,33,33.0,33,34,34,34.0,87.0,87.0,0,0,4,4,0,no
3.4.3,src/contrib/loggraph/src/java/org/apache/zookeeper/graph/filterops/StringArg.java,8,17,1,1,0,28,28,28.0,28,28,28.0,28,34,34,34.0,87.0,87.0,0,0,2,2,0,no
3.4.3,src/contrib/loggraph/src/java/org/apache/zookeeper/graph/filterops/SymbolArg.java,8,17,1,1,0,27,27,27.0,27,27,27.0,27,34,34,34.0,87.0,87.0,0,0,2,2,0,no
3.4.3,src/contrib/rest/src/java/org/apache/zookeeper/server/jersey/jaxb/ZChildren.java,46,23,1,1,0,80,80,80.0,80,80,80.0,80,12,12,12.0,144.0,144.0,0,0,4,3,0,no
3.4.3,src/contrib/rest/src/java/org/apache/zookeeper/server/jersey/jaxb/ZChildrenJSON.java,42,23,1,1,0,76,76,76.0,76,76,76.0,76,12,12,12.0,144.0,144.0,0,0,4,3,0,no
3.4.3,src/contrib/rest/src/java/org/apache/zookeeper/server/jersey/jaxb/ZError.java,13,21,1,1,0,41,41,41.0,41,41,41.0,41,12,12,12.0,144.0,144.0,0,0,2,2,0,no
3.4.3,src/contrib/rest/src/java/org/apache/zookeeper/server/jersey/jaxb/ZPath.java,32,21,1,1,0,63,63,63.0,63,63,63.0,63,12,12,12.0,144.0,144.0,0,0,3,3,0,no
3.4.3,src/contrib/rest/src/java/org/apache/zookeeper/server/jersey/jaxb/ZSession.java,29,18,1,1,0,55,55,55.0,55,55,55.0,55,11,11,11.0,77.0,77.0,0,0,3,3,0,no
3.4.3,src/contrib/zooinspector/src/java/org/apache/zookeeper/inspector/gui/NodeViewersChangeListener.java,6,28,1,1,0,37,37,37.0,37,37,37.0,37,24,24,24.0,100.0,100.0,0,0,3,1,0,no
3.4.3,src/contrib/zooinspector/src/java/org/apache/zookeeper/inspector/manager/NodeListener.java,6,29,1,1,0,37,37,37.0,37,37,37.0,37,24,24,24.0,100.0,100.0,0,0,3,1,0,no
3.4.3,src/contrib/zooinspector/src/java/org/apache/zookeeper/inspector/manager/ZooInspectorManager.java,28,95,1,1,0,139,139,139.0,139,139,139.0,139,24,24,24.0,100.0,100.0,0,0,12,1,0,no
3.4.3,src/contrib/zooinspector/src/java/org/apache/zookeeper/inspector/manager/ZooInspectorNodeManager.java,4,28,1,1,0,33,33,33.0,33,33,33.0,33,24,24,24.0,100.0,100.0,0,0,5,1,0,no
3.4.3,src/contrib/zooinspector/src/java/org/apache/zookeeper/inspector/manager/ZooInspectorNodeTreeManager.java,6,33,2,2,0,86,43,43.0,43,43,21.5,129,120,96,60.0,100.0,62.0,0,0,6,1,0,no
3.4.3,src/contrib/zooinspector/src/java/org/apache/zookeeper/inspector/manager/ZooInspectorReadOnlyManager.java,15,71,2,2,0,198,99,99.0,99,99,49.5,297,120,96,60.0,100.0,62.0,0,0,9,1,0,no
3.4.3,src/java/main/org/apache/jute/Index.java,5,31,1,1,0,0,0,0.0,1,1,1.0,1,31,31,31.0,142.0,142.0,0,0,4,1,0,no
3.4.3,src/java/main/org/apache/jute/Record.java,8,21,1,1,0,0,0,0.0,1,1,1.0,1,31,31,31.0,142.0,142.0,0,0,2,1,0,no
3.4.3,src/java/main/org/apache/jute/compiler/JBoolean.java,21,21,2,2,0,9,9,4.5,9,8,4.5,11,47,31,23.5,142.0,97.45454545454544,0,0,2,2,0,no
3.4.3,src/java/main/org/apache/jute/compiler/JByte.java,9,21,2,2,0,1,1,0.5,1,1,0.5,3,47,31,23.5,142.0,109.33333333333331,0,0,2,2,0,no
3.4.3,src/java/main/org/apache/jute/compiler/JInt.java,9,21,2,2,0,1,1,0.5,1,1,0.5,3,47,31,23.5,142.0,109.33333333333331,0,0,2,2,0,no
3.4.3,src/java/main/org/apache/jute/compiler/JLong.java,12,21,2,2,0,1,1,0.5,1,1,0.5,3,47,31,23.5,142.0,109.33333333333331,0,0,2,2,0,no
3.4.3,src/java/main/org/apache/jute/compiler/JString.java,19,21,2,2,0,1,1,0.5,1,1,0.5,3,47,31,23.5,142.0,109.33333333333331,0,0,3,3,0,no
3.4.3,src/java/main/org/apache/zookeeper/AsyncCallback.java,31,17,1,1,0,5,5,5.0,5,5,5.0,5,10,10,10.0,119.0,119.0,0,0,2,2,0,no
3.4.3,src/java/main/org/apache/zookeeper/ClientWatchManager.java,6,31,1,1,0,3,3,3.0,1,1,1.0,5,2,2,2.0,28.0,28.0,0,0,4,1,0,no
3.4.3,src/java/main/org/apache/zookeeper/client/FourLetterWordMain.java,46,26,3,1,0,237,79,79.0,237,79,79.0,237,3,1,1.0,6.0,6.0,0,0,5,4,0,no
3.4.3,src/java/main/org/apache/zookeeper/client/HostProvider.java,7,49,1,1,0,61,61,61.0,61,61,61.0,61,5,5,5.0,62.0,62.0,0,0,4,1,0,no
3.4.3,src/java/main/org/apache/zookeeper/client/StaticHostProvider.java,56,31,2,2,0,104,98,52.0,101,98,50.5,107,101,96,50.5,62.0,60.401869158878505,0,0,10,4,0,no
3.4.3,src/java/main/org/apache/zookeeper/jmx/CommonNames.java,6,21,0,0,0,0,0,0.0,0,0,0.0,0,0,0,0.0,0.0,0.0,0,0,2,1,0,no
3.4.3,src/java/main/org/apache/zookeeper/jmx/ZKMBeanInfo.java,5,29,0,0,0,0,0,0.0,0,0,0.0,0,0,0,0.0,0.0,0.0,0,0,5,1,0,no
3.4.3,src/java/main/org/apache/zookeeper/server/ByteBufferOutputStream.java,31,17,2,2,1,52,52,26.0,53,52,26.5,53,18,9,9.0,21.0,20.88679245283019,0,0,2,2,0,no
3.4.3,src/java/main/org/apache/zookeeper/server/ConnectionMXBean.java,22,70,1,1,1,30,30,30.0,30,30,30.0,30,6,6,6.0,117.0,117.0,0,0,2,1,0,no
3.4.3,src/java/main/org/apache/zookeeper/server/DataTreeBean.java,29,20,1,1,0,1,1,1.0,9,9,9.0,11,4,4,4.0,84.0,84.0,0,0,2,2,0,no
3.4.3,src/java/main/org/apache/zookeeper/server/DataTreeMXBean.java,8,36,0,0,0,0,0,0.0,0,0,0.0,0,0,0,0.0,0.0,0.0,0,0,2,1,0,no
3.4.3,src/java/main/org/apache/zookeeper/server/RequestProcessor.java,5,29,1,1,0,1,1,1.0,0,0,0.0,2,16,16,16.0,32.0,32.0,0,0,2,1,0,yes
3.4.3,src/java/main/org/apache/zookeeper/server/ServerStats.java,93,22,7,3,0,65,25,9.285714285714286,51,14,7.285714285714286,123,113,66,16.142857142857142,163.0,95.29268292682929,0,0,6,3,0,no
3.4.3,src/java/main/org/apache/zookeeper/server/SessionTracker.java,25,42,6,3,5,40,8,6.666666666666667,37,8,6.166666666666667,43,45,11,7.5,137.0,67.13953488372093,0,0,4,2,0,yes
3.4.3,src/java/main/org/apache/zookeeper/server/Stats.java,17,46,2,2,0,69,68,34.5,68,68,34.0,70,130,96,65.0,77.0,76.02857142857142,0,0,2,1,0,no
3.4.3,src/java/main/org/apache/zookeeper/server/ZooKeeperServerBean.java,93,21,8,3,0,46,29,5.75,49,29,6.125,59,102,34,12.75,157.0,79.08474576271186,0,0,4,3,0,no
3.4.3,src/java/main/org/apache/zookeeper/server/ZooKeeperServerMXBean.java,23,76,5,2,0,38,26,7.6,40,24,8.0,44,52,16,10.4,100.0,64.72727272727273,0,0,2,1,0,no
3.4.3,src/java/main/org/apache/zookeeper/server/auth/AuthenticationProvider.java,10,65,1,1,0,2,2,2.0,1,1,1.0,3,12,12,12.0,164.0,164.0,0,0,9,1,0,no
3.4.3,src/java/main/org/apache/zookeeper/server/persistence/SnapShot.java,14,45,2,2,0,7,6,3.5,6,6,3.0,8,103,96,51.5,100.0,85.75,0,0,4,1,0,no
3.4.3,src/java/main/org/apache/zookeeper/server/persistence/TxnLog.java,20,86,3,2,1,8,4,2.6666666666666665,6,4,2.0,10,25,14,8.333333333333334,155.0,121.9,0,0,6,2,0,no
3.4.3,src/java/main/org/apache/zookeeper/server/quorum/Election.java,6,17,2,2,0,2,1,1.0,1,1,0.5,3,100,96,50.0,100.0,62.0,0,0,2,1,0,no
3.4.3,src/java/main/org/apache/zookeeper/server/quorum/FollowerMXBean.java,7,29,0,0,0,0,0,0.0,0,0,0.0,0,0,0,0.0,0.0,0.0,0,0,2,1,0,no
3.4.3,src/java/main/org/apache/zookeeper/server/quorum/LeaderElectionBean.java,15,20,0,0,0,0,0,0.0,0,0,0.0,0,0,0,0.0,0.0,0.0,0,0,2,2,0,no
3.4.3,src/java/main/org/apache/zookeeper/server/quorum/LeaderElectionMXBean.java,4,24,0,0,0,0,0,0.0,0,0,0.0,0,0,0,0.0,0.0,0.0,0,0,2,1,0,no
3.4.3,src/java/main/org/apache/zookeeper/server/quorum/LeaderMXBean.java,6,26,0,0,0,0,0,0.0,0,0,0.0,0,0,0,0.0,0.0,0.0,0,0,2,1,0,no
3.4.3,src/java/main/org/apache/zookeeper/server/quorum/LearnerSyncRequest.java,13,17,0,0,0,0,0,0.0,0,0,0.0,0,0,0,0.0,0.0,0.0,0,0,2,2,0,no
3.4.3,src/java/main/org/apache/zookeeper/server/quorum/LocalPeerBean.java,43,20,3,2,0,86,68,28.666666666666668,91,68,30.33333333333333,93,116,66,38.66666666666666,160.0,141.89247311827958,0,0,2,2,0,no
3.4.3,src/java/main/org/apache/zookeeper/server/quorum/LocalPeerMXBean.java,13,51,2,2,0,77,64,38.5,77,64,38.5,77,82,66,41.0,160.0,149.87012987012986,0,0,4,1,0,no
3.4.3,src/java/main/org/apache/zookeeper/server/quorum/ObserverMXBean.java,6,27,1,1,0,37,37,37.0,37,37,37.0,37,15,15,15.0,116.0,116.0,0,0,2,1,0,no
3.4.3,src/java/main/org/apache/zookeeper/server/quorum/ProposalRequestProcessor.java,40,35,11,4,0,38,10,3.4545454545454546,28,6,2.5454545454545454,64,327,96,29.727272727272727,160.0,84.75,0,0,6,4,0,yes
3.4.3,src/java/main/org/apache/zookeeper/server/quorum/QuorumBean.java,20,17,0,0,0,0,0,0.0,0,0,0.0,0,0,0,0.0,0.0,0.0,0,0,2,2,0,no
3.4.3,src/java/main/org/apache/zookeeper/server/quorum/QuorumMXBean.java,5,26,0,0,0,0,0,0.0,0,0,0.0,0,0,0,0.0,0.0,0.0,0,0,2,1,0,no
3.4.3,src/java/main/org/apache/zookeeper/server/quorum/ReadOnlyBean.java,11,21,1,1,0,38,38,38.0,38,38,38.0,38,3,3,3.0,38.0,38.0,0,0,2,2,0,no
3.4.3,src/java/main/org/apache/zookeeper/server/quorum/RemotePeerMXBean.java,5,26,0,0,0,0,0,0.0,0,0,0.0,0,0,0,0.0,0.0,0.0,0,0,3,1,0,no
3.4.3,src/java/main/org/apache/zookeeper/server/quorum/ServerBean.java,12,20,0,0,0,0,0,0.0,0,0,0.0,0,0,0,0.0,0.0,0.0,0,0,3,2,0,no
3.4.3,src/java/main/org/apache/zookeeper/server/quorum/ServerMXBean.java,5,26,0,0,0,0,0,0.0,0,0,0.0,0,0,0,0.0,0.0,0.0,0,0,2,1,0,no
3.4.3,src/recipes/election/src/java/org/apache/zookeeper/recipes/leader/LeaderElectionAware.java,5,28,1,1,0,37,37,37.0,37,37,37.0,37,3,3,3.0,31.0,31.0,0,0,2,1,0,no
3.4.3,src/recipes/lock/src/java/org/apache/zookeeper/recipes/lock/LockListener.java,5,31,2,2,0,39,38,19.5,38,38,19.0,40,101,96,50.5,146.0,140.85,0,0,2,1,0,no
3.4.3,src/recipes/lock/src/java/org/apache/zookeeper/recipes/lock/ZooKeeperOperation.java,5,30,1,1,0,38,38,38.0,38,38,38.0,38,5,5,5.0,146.0,146.0,0,0,4,1,0,no
3.3.5,src/contrib/loggraph/src/java/org/apache/zookeeper/graph/LogIterator.java,7,17,2,2,0,27,26,13.5,26,26,13.0,28,130,96,65.0,92.0,88.92857142857143,0,0,2,1,0,no
3.3.5,src/contrib/loggraph/src/java/org/apache/zookeeper/graph/filterops/AndOp.java,14,17,1,1,0,33,33,33.0,33,33,33.0,33,34,34,34.0,92.0,92.0,0,0,4,4,0,no
3.3.5,src/contrib/loggraph/src/java/org/apache/zookeeper/graph/filterops/NumberArg.java,8,17,1,1,0,28,28,28.0,28,28,28.0,28,34,34,34.0,92.0,92.0,0,0,2,2,0,no
3.3.5,src/contrib/loggraph/src/java/org/apache/zookeeper/graph/filterops/OrOp.java,14,17,1,1,0,33,33,33.0,33,33,33.0,33,34,34,34.0,92.0,92.0,0,0,4,4,0,no
3.3.5,src/contrib/loggraph/src/java/org/apache/zookeeper/graph/filterops/StringArg.java,8,17,1,1,0,28,28,28.0,28,28,28.0,28,34,34,34.0,92.0,92.0,0,0,2,2,0,no
3.3.5,src/contrib/loggraph/src/java/org/apache/zookeeper/graph/filterops/SymbolArg.java,8,17,1,1,0,27,27,27.0,27,27,27.0,27,34,34,34.0,92.0,92.0,0,0,2,2,0,no
3.3.5,src/contrib/rest/src/java/org/apache/zookeeper/server/jersey/jaxb/ZChildren.java,46,23,1,1,0,80,80,80.0,80,80,80.0,80,12,12,12.0,149.0,149.0,0,0,4,3,0,no
3.3.5,src/contrib/rest/src/java/org/apache/zookeeper/server/jersey/jaxb/ZChildrenJSON.java,42,23,1,1,0,76,76,76.0,76,76,76.0,76,12,12,12.0,149.0,149.0,0,0,4,3,0,no
3.3.5,src/contrib/rest/src/java/org/apache/zookeeper/server/jersey/jaxb/ZError.java,13,21,1,1,0,41,41,41.0,41,41,41.0,41,12,12,12.0,149.0,149.0,0,0,2,2,0,no
3.3.5,src/contrib/rest/src/java/org/apache/zookeeper/server/jersey/jaxb/ZPath.java,32,21,1,1,0,63,63,63.0,63,63,63.0,63,12,12,12.0,149.0,149.0,0,0,3,3,0,no
3.3.5,src/contrib/rest/src/java/org/apache/zookeeper/server/jersey/jaxb/ZSession.java,29,18,1,1,0,55,55,55.0,55,55,55.0,55,11,11,11.0,83.0,83.0,0,0,3,3,0,no
3.3.5,src/contrib/zooinspector/src/java/org/apache/zookeeper/inspector/gui/NodeViewersChangeListener.java,6,28,1,1,0,37,37,37.0,37,37,37.0,37,24,24,24.0,106.0,106.0,0,0,3,1,0,no
3.3.5,src/contrib/zooinspector/src/java/org/apache/zookeeper/inspector/manager/NodeListener.java,6,29,1,1,0,37,37,37.0,37,37,37.0,37,24,24,24.0,106.0,106.0,0,0,3,1,0,no
3.3.5,src/contrib/zooinspector/src/java/org/apache/zookeeper/inspector/manager/ZooInspectorManager.java,28,95,1,1,0,139,139,139.0,139,139,139.0,139,24,24,24.0,106.0,106.0,0,0,12,1,0,no
3.3.5,src/contrib/zooinspector/src/java/org/apache/zookeeper/inspector/manager/ZooInspectorNodeManager.java,4,28,1,1,0,33,33,33.0,33,33,33.0,33,24,24,24.0,106.0,106.0,0,0,5,1,0,no
3.3.5,src/contrib/zooinspector/src/java/org/apache/zookeeper/inspector/manager/ZooInspectorNodeTreeManager.java,6,33,2,2,0,86,43,43.0,43,43,21.5,129,120,96,60.0,106.0,68.0,0,0,6,1,0,no
3.3.5,src/contrib/zooinspector/src/java/org/apache/zookeeper/inspector/manager/ZooInspectorReadOnlyManager.java,15,71,2,2,0,198,99,99.0,99,99,49.5,297,120,96,60.0,106.0,68.0,0,0,9,1,0,no
3.3.5,src/java/main/org/apache/jute/Index.java,5,31,1,1,0,0,0,0.0,1,1,1.0,1,31,31,31.0,147.0,147.0,0,0,4,1,0,no
3.3.5,src/java/main/org/apache/jute/Record.java,8,21,1,1,0,0,0,0.0,1,1,1.0,1,31,31,31.0,147.0,147.0,0,0,2,1,0,no
3.3.5,src/java/main/org/apache/jute/compiler/JBoolean.java,21,21,2,2,0,9,9,4.5,9,8,4.5,11,47,31,23.5,147.0,102.45454545454544,0,0,2,2,0,no
3.3.5,src/java/main/org/apache/jute/compiler/JByte.java,9,21,2,2,0,1,1,0.5,1,1,0.5,3,47,31,23.5,147.0,114.33333333333331,0,0,2,2,0,no
3.3.5,src/java/main/org/apache/jute/compiler/JInt.java,9,21,2,2,0,1,1,0.5,1,1,0.5,3,47,31,23.5,147.0,114.33333333333331,0,0,2,2,0,no
3.3.5,src/java/main/org/apache/jute/compiler/JLong.java,12,21,2,2,0,1,1,0.5,1,1,0.5,3,47,31,23.5,147.0,114.33333333333331,0,0,2,2,0,no
3.3.5,src/java/main/org/apache/jute/compiler/JString.java,19,21,2,2,0,1,1,0.5,1,1,0.5,3,47,31,23.5,147.0,114.33333333333331,0,0,3,3,0,no
3.3.5,src/java/main/org/apache/zookeeper/AsyncCallback.java,31,17,1,1,0,5,5,5.0,5,5,5.0,5,10,10,10.0,124.0,124.0,0,0,2,2,0,no
3.3.5,src/java/main/org/apache/zookeeper/ClientWatchManager.java,6,31,1,1,0,3,3,3.0,1,1,1.0,5,2,2,2.0,33.0,33.0,0,0,4,1,0,no
3.3.5,src/java/main/org/apache/zookeeper/client/HostProvider.java,7,49,1,1,0,61,61,61.0,61,61,61.0,61,5,5,5.0,68.0,68.0,0,0,4,1,0,no
3.3.5,src/java/main/org/apache/zookeeper/client/StaticHostProvider.java,56,31,2,2,0,104,98,52.0,101,98,50.5,107,101,96,50.5,68.0,66.40186915887851,0,0,10,4,0,no
3.3.5,src/java/main/org/apache/zookeeper/jmx/CommonNames.java,6,21,0,0,0,0,0,0.0,0,0,0.0,0,0,0,0.0,0.0,0.0,0,0,2,1,0,no
3.3.5,src/java/main/org/apache/zookeeper/jmx/ZKMBeanInfo.java,5,29,0,0,0,0,0,0.0,0,0,0.0,0,0,0,0.0,0.0,0.0,0,0,5,1,0,no
3.3.5,src/java/main/org/apache/zookeeper/server/ByteBufferOutputStream.java,31,17,2,2,1,52,52,26.0,53,52,26.5,53,18,9,9.0,26.0,25.90566037735849,0,0,2,2,0,no
3.3.5,src/java/main/org/apache/zookeeper/server/ConnectionMXBean.java,22,70,1,1,1,30,30,30.0,30,30,30.0,30,6,6,6.0,122.0,122.0,0,0,2,1,0,no
3.3.5,src/java/main/org/apache/zookeeper/server/DataTreeBean.java,29,20,1,1,0,1,1,1.0,9,9,9.0,11,4,4,4.0,89.0,89.0,0,0,2,2,0,no
3.3.5,src/java/main/org/apache/zookeeper/server/DataTreeMXBean.java,8,36,0,0,0,0,0,0.0,0,0,0.0,0,0,0,0.0,0.0,0.0,0,0,2,1,0,no
3.3.5,src/java/main/org/apache/zookeeper/server/RequestProcessor.java,11,29,4,2,3,25,8,6.25,21,7,5.25,29,36,16,9.0,37.0,2.5517241379310347,0,0,2,3,0,yes
3.3.5,src/java/main/org/apache/zookeeper/server/ServerStats.java,98,23,7,3,0,65,25,9.285714285714286,51,14,7.285714285714286,123,113,66,16.142857142857142,169.0,100.33333333333331,0,0,6,3,0,no
3.3.5,src/java/main/org/apache/zookeeper/server/SessionTracker.java,25,42,6,3,5,40,8,6.666666666666667,37,8,6.166666666666667,43,45,11,7.5,142.0,72.32558139534883,0,0,4,2,0,yes
3.3.5,src/java/main/org/apache/zookeeper/server/SnapshotFormatter.java,83,23,2,1,0,248,124,124.0,248,124,124.0,248,2,1,1.0,0.0,0.0,0,0,6,4,0,no
3.3.5,src/java/main/org/apache/zookeeper/server/Stats.java,17,46,2,2,0,69,68,34.5,68,68,34.0,70,130,96,65.0,82.0,81.05714285714286,0,0,2,1,0,no
3.3.5,src/java/main/org/apache/zookeeper/server/ZooKeeperServerBean.java,96,21,8,3,0,46,29,5.75,49,29,6.125,59,102,34,12.75,162.0,84.08474576271186,0,0,4,3,0,no
3.3.5,src/java/main/org/apache/zookeeper/server/ZooKeeperServerMXBean.java,24,79,5,2,0,38,26,7.6,40,24,8.0,44,52,16,10.4,105.0,69.72727272727273,0,0,2,1,0,no
3.3.5,src/java/main/org/apache/zookeeper/server/auth/AuthenticationProvider.java,10,65,1,1,0,2,2,2.0,1,1,1.0,3,12,12,12.0,169.0,169.0,0,0,9,1,0,no
3.3.5,src/java/main/org/apache/zookeeper/server/persistence/SnapShot.java,14,45,2,2,0,7,6,3.5,6,6,3.0,8,103,96,51.5,105.0,91.0,0,0,4,1,0,no
3.3.5,src/java/main/org/apache/zookeeper/server/persistence/TxnLog.java,20,86,3,2,1,8,4,2.6666666666666665,6,4,2.0,10,25,14,8.333333333333334,160.0,126.9,0,0,6,2,0,no
3.3.5,src/java/main/org/apache/zookeeper/server/quorum/Election.java,6,17,2,2,0,2,1,1.0,1,1,0.5,3,100,96,50.0,105.0,67.66666666666667,0,0,2,1,0,no
3.3.5,src/java/main/org/apache/zookeeper/server/quorum/FollowerMXBean.java,7,29,0,0,0,0,0,0.0,0,0,0.0,0,0,0,0.0,0.0,0.0,0,0,2,1,0,no
3.3.5,src/java/main/org/apache/zookeeper/server/quorum/LeaderElectionBean.java,15,20,0,0,0,0,0,0.0,0,0,0.0,0,0,0,0.0,0.0,0.0,0,0,2,2,0,no
3.3.5,src/java/main/org/apache/zookeeper/server/quorum/LeaderElectionMXBean.java,4,24,0,0,0,0,0,0.0,0,0,0.0,0,0,0,0.0,0.0,0.0,0,0,2,1,0,no
3.3.5,src/java/main/org/apache/zookeeper/server/quorum/LeaderMXBean.java,6,26,0,0,0,0,0,0.0,0,0,0.0,0,0,0,0.0,0.0,0.0,0,0,2,1,0,no
3.3.5,src/java/main/org/apache/zookeeper/server/quorum/LearnerSyncRequest.java,13,17,0,0,0,0,0,0.0,0,0,0.0,0,0,0,0.0,0.0,0.0,0,0,2,2,0,no
3.3.5,src/java/main/org/apache/zookeeper/server/quorum/LocalPeerBean.java,43,20,3,2,0,86,68,28.666666666666668,91,68,30.33333333333333,93,116,66,38.66666666666666,165.0,146.89247311827958,0,0,2,2,0,no
3.3.5,src/java/main/org/apache/zookeeper/server/quorum/LocalPeerMXBean.java,13,51,2,2,0,77,64,38.5,77,64,38.5,77,82,66,41.0,165.0,154.87012987012986,0,0,4,1,0,no
3.3.5,src/java/main/org/apache/zookeeper/server/quorum/ObserverMXBean.java,6,27,1,1,0,37,37,37.0,37,37,37.0,37,15,15,15.0,121.0,121.0,0,0,2,1,0,no
3.3.5,src/java/main/org/apache/zookeeper/server/quorum/ProposalRequestProcessor.java,44,35,14,4,3,63,10,4.5,42,6,3.0,100,347,96,24.785714285714285,165.0,57.49,0,0,6,5,0,yes
3.3.5,src/java/main/org/apache/zookeeper/server/quorum/QuorumBean.java,20,17,0,0,0,0,0,0.0,0,0,0.0,0,0,0,0.0,0.0,0.0,0,0,2,2,0,no
3.3.5,src/java/main/org/apache/zookeeper/server/quorum/QuorumMXBean.java,5,26,0,0,0,0,0,0.0,0,0,0.0,0,0,0,0.0,0.0,0.0,0,0,2,1,0,no
3.3.5,src/java/main/org/apache/zookeeper/server/quorum/ReadOnlyBean.java,11,21,1,1,0,38,38,38.0,38,38,38.0,38,3,3,3.0,43.0,43.0,0,0,2,2,0,no
3.3.5,src/java/main/org/apache/zookeeper/server/quorum/RemotePeerMXBean.java,5,26,0,0,0,0,0,0.0,0,0,0.0,0,0,0,0.0,0.0,0.0,0,0,3,1,0,no
3.3.5,src/java/main/org/apache/zookeeper/server/quorum/ServerBean.java,12,20,0,0,0,0,0,0.0,0,0,0.0,0,0,0,0.0,0.0,0.0,0,0,3,2,0,no
3.3.5,src/java/main/org/apache/zookeeper/server/quorum/ServerMXBean.java,5,26,0,0,0,0,0,0.0,0,0,0.0,0,0,0,0.0,0.0,0.0,0,0,2,1,0,no
3.3.5,src/recipes/election/src/java/org/apache/zookeeper/recipes/leader/LeaderElectionAware.java,5,28,1,1,0,37,37,37.0,37,37,37.0,37,3,3,3.0,36.0,36.0,0,0,2,1,0,no
3.3.5,src/recipes/lock/src/java/org/apache/zookeeper/recipes/lock/LockListener.java,5,31,2,2,0,39,38,19.5,38,38,19.0,40,101,96,50.5,151.0,145.9,0,0,2,1,0,no
3.3.5,src/recipes/lock/src/java/org/apache/zookeeper/recipes/lock/ZooKeeperOperation.java,5,30,1,1,0,38,38,38.0,38,38,38.0,38,5,5,5.0,151.0,151.0,0,0,4,1,0,no
3.3.6,src/contrib/loggraph/src/java/org/apache/zookeeper/graph/LogIterator.java,7,17,2,2,0,27,26,13.5,26,26,13.0,28,130,96,65.0,112.0,108.85714285714286,0,0,2,1,0,no
3.3.6,src/contrib/loggraph/src/java/org/apache/zookeeper/graph/filterops/AndOp.java,14,17,1,1,0,33,33,33.0,33,33,33.0,33,34,34,34.0,112.0,112.0,0,0,4,4,0,no
3.3.6,src/contrib/loggraph/src/java/org/apache/zookeeper/graph/filterops/NumberArg.java,8,17,1,1,0,28,28,28.0,28,28,28.0,28,34,34,34.0,112.0,112.0,0,0,2,2,0,no
3.3.6,src/contrib/loggraph/src/java/org/apache/zookeeper/graph/filterops/OrOp.java,14,17,1,1,0,33,33,33.0,33,33,33.0,33,34,34,34.0,112.0,112.0,0,0,4,4,0,no
3.3.6,src/contrib/loggraph/src/java/org/apache/zookeeper/graph/filterops/StringArg.java,8,17,1,1,0,28,28,28.0,28,28,28.0,28,34,34,34.0,112.0,112.0,0,0,2,2,0,no
3.3.6,src/contrib/loggraph/src/java/org/apache/zookeeper/graph/filterops/SymbolArg.java,8,17,1,1,0,27,27,27.0,27,27,27.0,27,34,34,34.0,112.0,112.0,0,0,2,2,0,no
3.3.6,src/contrib/rest/src/java/org/apache/zookeeper/server/jersey/jaxb/ZChildren.java,46,23,1,1,0,80,80,80.0,80,80,80.0,80,12,12,12.0,168.0,168.0,0,0,4,3,0,no
3.3.6,src/contrib/rest/src/java/org/apache/zookeeper/server/jersey/jaxb/ZChildrenJSON.java,42,23,1,1,0,76,76,76.0,76,76,76.0,76,12,12,12.0,168.0,168.0,0,0,4,3,0,no
3.3.6,src/contrib/rest/src/java/org/apache/zookeeper/server/jersey/jaxb/ZError.java,13,21,1,1,0,41,41,41.0,41,41,41.0,41,12,12,12.0,168.0,168.0,0,0,2,2,0,no
3.3.6,src/contrib/rest/src/java/org/apache/zookeeper/server/jersey/jaxb/ZPath.java,32,21,1,1,0,63,63,63.0,63,63,63.0,63,12,12,12.0,168.0,168.0,0,0,3,3,0,no
3.3.6,src/contrib/rest/src/java/org/apache/zookeeper/server/jersey/jaxb/ZSession.java,29,18,1,1,0,55,55,55.0,55,55,55.0,55,11,11,11.0,102.0,102.0,0,0,3,3,0,no
3.3.6,src/contrib/zooinspector/src/java/org/apache/zookeeper/inspector/gui/NodeViewersChangeListener.java,6,28,1,1,0,37,37,37.0,37,37,37.0,37,24,24,24.0,125.0,125.0,0,0,3,1,0,no
3.3.6,src/contrib/zooinspector/src/java/org/apache/zookeeper/inspector/manager/NodeListener.java,6,29,1,1,0,37,37,37.0,37,37,37.0,37,24,24,24.0,125.0,125.0,0,0,3,1,0,no
3.3.6,src/contrib/zooinspector/src/java/org/apache/zookeeper/inspector/manager/ZooInspectorManager.java,28,95,1,1,0,139,139,139.0,139,139,139.0,139,24,24,24.0,125.0,125.0,0,0,12,1,0,no
3.3.6,src/contrib/zooinspector/src/java/org/apache/zookeeper/inspector/manager/ZooInspectorNodeManager.java,4,28,1,1,0,33,33,33.0,33,33,33.0,33,24,24,24.0,125.0,125.0,0,0,5,1,0,no
3.3.6,src/contrib/zooinspector/src/java/org/apache/zookeeper/inspector/manager/ZooInspectorNodeTreeManager.java,6,33,2,2,0,86,43,43.0,43,43,21.5,129,120,96,60.0,125.0,87.0,0,0,6,1,0,no
3.3.6,src/contrib/zooinspector/src/java/org/apache/zookeeper/inspector/manager/ZooInspectorReadOnlyManager.java,15,71,2,2,0,198,99,99.0,99,99,49.5,297,120,96,60.0,125.0,87.0,0,0,9,1,0,no
3.3.6,src/java/main/org/apache/jute/Index.java,5,31,1,1,0,0,0,0.0,1,1,1.0,1,31,31,31.0,166.0,166.0,0,0,4,1,0,no
3.3.6,src/java/main/org/apache/jute/Record.java,8,21,1,1,0,0,0,0.0,1,1,1.0,1,31,31,31.0,166.0,166.0,0,0,2,1,0,no
3.3.6,src/java/main/org/apache/jute/compiler/JBoolean.java,21,21,2,2,0,9,9,4.5,9,8,4.5,11,47,31,23.5,166.0,121.45454545454544,0,0,2,2,0,no
3.3.6,src/java/main/org/apache/jute/compiler/JByte.java,9,21,2,2,0,1,1,0.5,1,1,0.5,3,47,31,23.5,166.0,133.33333333333334,0,0,2,2,0,no
3.3.6,src/java/main/org/apache/jute/compiler/JInt.java,9,21,2,2,0,1,1,0.5,1,1,0.5,3,47,31,23.5,166.0,133.33333333333334,0,0,2,2,0,no
3.3.6,src/java/main/org/apache/jute/compiler/JLong.java,12,21,2,2,0,1,1,0.5,1,1,0.5,3,47,31,23.5,166.0,133.33333333333334,0,0,2,2,0,no
3.3.6,src/java/main/org/apache/jute/compiler/JString.java,19,21,2,2,0,1,1,0.5,1,1,0.5,3,47,31,23.5,166.0,133.33333333333334,0,0,3,3,0,no
3.3.6,src/java/main/org/apache/zookeeper/AsyncCallback.java,31,17,1,1,0,5,5,5.0,5,5,5.0,5,10,10,10.0,143.0,143.0,0,0,2,2,0,no
3.3.6,src/java/main/org/apache/zookeeper/ClientWatchManager.java,6,31,1,1,0,3,3,3.0,1,1,1.0,5,2,2,2.0,53.0,53.0,0,0,4,1,0,no
3.3.6,src/java/main/org/apache/zookeeper/client/HostProvider.java,7,49,1,1,0,61,61,61.0,61,61,61.0,61,5,5,5.0,87.0,87.0,0,0,4,1,0,no
3.3.6,src/java/main/org/apache/zookeeper/client/StaticHostProvider.java,56,31,2,2,0,104,98,52.0,101,98,50.5,107,101,96,50.5,87.0,85.40186915887851,0,0,10,4,0,no
3.3.6,src/java/main/org/apache/zookeeper/common/AtomicFileOutputStream.java,61,44,2,1,2,230,115,115.0,230,115,115.0,230,6,3,3.0,2.0,2.0,0,0,11,6,0,yes
3.3.6,src/java/main/org/apache/zookeeper/common/IOUtils.java,55,60,2,1,2,246,123,123.0,246,123,123.0,246,6,3,3.0,2.0,2.0,0,0,11,6,0,yes
3.3.6,src/java/main/org/apache/zookeeper/jmx/CommonNames.java,6,21,0,0,0,0,0,0.0,0,0,0.0,0,0,0,0.0,0.0,0.0,0,0,2,1,0,no
3.3.6,src/java/main/org/apache/zookeeper/jmx/ZKMBeanInfo.java,5,29,0,0,0,0,0,0.0,0,0,0.0,0,0,0,0.0,0.0,0.0,0,0,5,1,0,no
3.3.6,src/java/main/org/apache/zookeeper/server/ByteBufferOutputStream.java,31,17,2,2,1,52,52,26.0,53,52,26.5,53,18,9,9.0,46.0,45.886792452830186,0,0,2,2,0,no
3.3.6,src/java/main/org/apache/zookeeper/server/ConnectionMXBean.java,22,70,1,1,1,30,30,30.0,30,30,30.0,30,6,6,6.0,142.0,142.0,0,0,2,1,0,no
3.3.6,src/java/main/org/apache/zookeeper/server/DataTreeBean.java,29,20,1,1,0,1,1,1.0,9,9,9.0,11,4,4,4.0,108.0,108.0,0,0,2,2,0,no
3.3.6,src/java/main/org/apache/zookeeper/server/DataTreeMXBean.java,8,36,0,0,0,0,0,0.0,0,0,0.0,0,0,0,0.0,0.0,0.0,0,0,2,1,0,no
3.3.6,src/java/main/org/apache/zookeeper/server/RequestProcessor.java,11,29,4,2,3,25,8,6.25,21,7,5.25,29,36,16,9.0,57.0,22.55172413793104,0,0,2,3,0,yes
3.3.6,src/java/main/org/apache/zookeeper/server/ServerStats.java,98,23,7,3,0,65,25,9.285714285714286,51,14,7.285714285714286,123,113,66,16.142857142857142,188.0,120.11382113821138,0,0,6,3,0,no
3.3.6,src/java/main/org/apache/zookeeper/server/SessionTracker.java,25,42,6,3,5,40,8,6.666666666666667,37,8,6.166666666666667,43,45,11,7.5,161.0,91.32558139534883,0,0,4,2,0,yes
3.3.6,src/java/main/org/apache/zookeeper/server/Stats.java,17,46,2,2,0,69,68,34.5,68,68,34.0,70,130,96,65.0,102.0,101.02857142857142,0,0,2,1,0,no
3.3.6,src/java/main/org/apache/zookeeper/server/ZooKeeperServerBean.java,96,21,8,3,0,46,29,5.75,49,29,6.125,59,102,34,12.75,181.0,103.32203389830508,0,0,4,3,0,no
3.3.6,src/java/main/org/apache/zookeeper/server/ZooKeeperServerMXBean.java,24,79,5,2,0,38,26,7.6,40,24,8.0,44,52,16,10.4,124.0,88.9090909090909,0,0,2,1,0,no
3.3.6,src/java/main/org/apache/zookeeper/server/auth/AuthenticationProvider.java,10,65,1,1,0,2,2,2.0,1,1,1.0,3,12,12,12.0,188.0,188.0,0,0,9,1,0,no
3.3.6,src/java/main/org/apache/zookeeper/server/persistence/SnapShot.java,14,45,2,2,0,7,6,3.5,6,6,3.0,8,103,96,51.5,124.0,110.0,0,0,4,1,0,no
3.3.6,src/java/main/org/apache/zookeeper/server/persistence/TxnLog.java,20,86,3,2,1,8,4,2.6666666666666665,6,4,2.0,10,25,14,8.333333333333334,179.0,145.9,0,0,6,2,0,no
3.3.6,src/java/main/org/apache/zookeeper/server/quorum/Election.java,6,17,2,2,0,2,1,1.0,1,1,0.5,3,100,96,50.0,125.0,87.0,0,0,2,1,0,no
3.3.6,src/java/main/org/apache/zookeeper/server/quorum/FollowerMXBean.java,7,29,0,0,0,0,0,0.0,0,0,0.0,0,0,0,0.0,0.0,0.0,0,0,2,1,0,no
3.3.6,src/java/main/org/apache/zookeeper/server/quorum/LeaderElectionBean.java,15,20,0,0,0,0,0,0.0,0,0,0.0,0,0,0,0.0,0.0,0.0,0,0,2,2,0,no
3.3.6,src/java/main/org/apache/zookeeper/server/quorum/LeaderElectionMXBean.java,4,24,0,0,0,0,0,0.0,0,0,0.0,0,0,0,0.0,0.0,0.0,0,0,2,1,0,no
3.3.6,src/java/main/org/apache/zookeeper/server/quorum/LeaderMXBean.java,6,26,0,0,0,0,0,0.0,0,0,0.0,0,0,0,0.0,0.0,0.0,0,0,2,1,0,no
3.3.6,src/java/main/org/apache/zookeeper/server/quorum/LearnerSyncRequest.java,13,17,0,0,0,0,0,0.0,0,0,0.0,0,0,0,0.0,0.0,0.0,0,0,2,2,0,no
3.3.6,src/java/main/org/apache/zookeeper/server/quorum/LocalPeerBean.java,43,20,3,2,0,86,68,28.666666666666668,91,68,30.33333333333333,93,116,66,38.66666666666666,185.0,166.70967741935485,0,0,2,2,0,no
3.3.6,src/java/main/org/apache/zookeeper/server/quorum/LocalPeerMXBean.java,13,51,2,2,0,77,64,38.5,77,64,38.5,77,82,66,41.0,185.0,174.7012987012987,0,0,4,1,0,no
3.3.6,src/java/main/org/apache/zookeeper/server/quorum/ObserverMXBean.java,6,27,1,1,0,37,37,37.0,37,37,37.0,37,15,15,15.0,141.0,141.0,0,0,2,1,0,no
3.3.6,src/java/main/org/apache/zookeeper/server/quorum/ProposalRequestProcessor.java,44,35,14,4,3,63,10,4.5,42,6,3.0,100,347,96,24.785714285714285,185.0,77.4,0,0,6,5,0,yes
3.3.6,src/java/main/org/apache/zookeeper/server/quorum/QuorumBean.java,20,17,0,0,0,0,0,0.0,0,0,0.0,0,0,0,0.0,0.0,0.0,0,0,2,2,0,no
3.3.6,src/java/main/org/apache/zookeeper/server/quorum/QuorumMXBean.java,5,26,0,0,0,0,0,0.0,0,0,0.0,0,0,0,0.0,0.0,0.0,0,0,2,1,0,no
3.3.6,src/java/main/org/apache/zookeeper/server/quorum/ReadOnlyBean.java,11,21,1,1,0,38,38,38.0,38,38,38.0,38,3,3,3.0,63.0,63.0,0,0,2,2,0,no
3.3.6,src/java/main/org/apache/zookeeper/server/quorum/RemotePeerMXBean.java,5,26,0,0,0,0,0,0.0,0,0,0.0,0,0,0,0.0,0.0,0.0,0,0,3,1,0,no
3.3.6,src/java/main/org/apache/zookeeper/server/quorum/ServerBean.java,12,20,0,0,0,0,0,0.0,0,0,0.0,0,0,0,0.0,0.0,0.0,0,0,3,2,0,no
3.3.6,src/java/main/org/apache/zookeeper/server/quorum/ServerMXBean.java,5,26,0,0,0,0,0,0.0,0,0,0.0,0,0,0,0.0,0.0,0.0,0,0,2,1,0,no
3.3.6,src/java/main/org/apache/zookeeper/server/util/KerberosUtil.java,24,17,2,1,0,90,45,45.0,90,45,45.0,90,4,2,2.0,4.0,4.0,0,0,3,3,0,no
3.3.6,src/recipes/election/src/java/org/apache/zookeeper/recipes/leader/LeaderElectionAware.java,5,28,1,1,0,37,37,37.0,37,37,37.0,37,3,3,3.0,56.0,56.0,0,0,2,1,0,no
3.3.6,src/recipes/lock/src/java/org/apache/zookeeper/recipes/lock/LockListener.java,5,31,2,2,0,39,38,19.5,38,38,19.0,40,101,96,50.5,171.0,165.85,0,0,2,1,0,no
3.3.6,src/recipes/lock/src/java/org/apache/zookeeper/recipes/lock/ZooKeeperOperation.java,5,30,1,1,0,38,38,38.0,38,38,38.0,38,5,5,5.0,171.0,171.0,0,0,4,1,0,no
3.4.4,src/contrib/loggraph/src/java/org/apache/zookeeper/graph/LogIterator.java,7,17,2,2,0,27,26,13.5,26,26,13.0,28,130,96,65.0,119.0,115.85714285714286,0,0,2,1,0,no
3.4.4,src/contrib/loggraph/src/java/org/apache/zookeeper/graph/filterops/AndOp.java,14,17,1,1,0,33,33,33.0,33,33,33.0,33,34,34,34.0,119.0,119.0,0,0,4,4,0,no
3.4.4,src/contrib/loggraph/src/java/org/apache/zookeeper/graph/filterops/NumberArg.java,8,17,1,1,0,28,28,28.0,28,28,28.0,28,34,34,34.0,119.0,119.0,0,0,2,2,0,no
3.4.4,src/contrib/loggraph/src/java/org/apache/zookeeper/graph/filterops/OrOp.java,14,17,1,1,0,33,33,33.0,33,33,33.0,33,34,34,34.0,119.0,119.0,0,0,4,4,0,no
3.4.4,src/contrib/loggraph/src/java/org/apache/zookeeper/graph/filterops/StringArg.java,8,17,1,1,0,28,28,28.0,28,28,28.0,28,34,34,34.0,119.0,119.0,0,0,2,2,0,no
3.4.4,src/contrib/loggraph/src/java/org/apache/zookeeper/graph/filterops/SymbolArg.java,8,17,1,1,0,27,27,27.0,27,27,27.0,27,34,34,34.0,119.0,119.0,0,0,2,2,0,no
3.4.4,src/contrib/rest/src/java/org/apache/zookeeper/server/jersey/jaxb/ZChildren.java,46,23,1,1,0,80,80,80.0,80,80,80.0,80,12,12,12.0,176.0,176.0,0,0,4,3,0,no
3.4.4,src/contrib/rest/src/java/org/apache/zookeeper/server/jersey/jaxb/ZChildrenJSON.java,42,23,1,1,0,76,76,76.0,76,76,76.0,76,12,12,12.0,176.0,176.0,0,0,4,3,0,no
3.4.4,src/contrib/rest/src/java/org/apache/zookeeper/server/jersey/jaxb/ZError.java,13,21,1,1,0,41,41,41.0,41,41,41.0,41,12,12,12.0,176.0,176.0,0,0,2,2,0,no
3.4.4,src/contrib/rest/src/java/org/apache/zookeeper/server/jersey/jaxb/ZPath.java,32,21,1,1,0,63,63,63.0,63,63,63.0,63,12,12,12.0,176.0,176.0,0,0,3,3,0,no
3.4.4,src/contrib/rest/src/java/org/apache/zookeeper/server/jersey/jaxb/ZSession.java,29,18,1,1,0,55,55,55.0,55,55,55.0,55,11,11,11.0,109.0,109.0,0,0,3,3,0,no
3.4.4,src/contrib/zooinspector/src/java/org/apache/zookeeper/inspector/gui/NodeViewersChangeListener.java,6,28,1,1,0,37,37,37.0,37,37,37.0,37,24,24,24.0,132.0,132.0,0,0,3,1,0,no
3.4.4,src/contrib/zooinspector/src/java/org/apache/zookeeper/inspector/manager/NodeListener.java,6,29,1,1,0,37,37,37.0,37,37,37.0,37,24,24,24.0,132.0,132.0,0,0,3,1,0,no
3.4.4,src/contrib/zooinspector/src/java/org/apache/zookeeper/inspector/manager/ZooInspectorManager.java,28,95,1,1,0,139,139,139.0,139,139,139.0,139,24,24,24.0,132.0,132.0,0,0,12,1,0,no
3.4.4,src/contrib/zooinspector/src/java/org/apache/zookeeper/inspector/manager/ZooInspectorNodeManager.java,4,28,1,1,0,33,33,33.0,33,33,33.0,33,24,24,24.0,132.0,132.0,0,0,5,1,0,no
3.4.4,src/contrib/zooinspector/src/java/org/apache/zookeeper/inspector/manager/ZooInspectorNodeTreeManager.java,6,33,2,2,0,86,43,43.0,43,43,21.5,129,120,96,60.0,132.0,94.0,0,0,6,1,0,no
3.4.4,src/contrib/zooinspector/src/java/org/apache/zookeeper/inspector/manager/ZooInspectorReadOnlyManager.java,15,71,2,2,0,198,99,99.0,99,99,49.5,297,120,96,60.0,132.0,94.0,0,0,9,1,0,no
3.4.4,src/java/main/org/apache/jute/Index.java,5,31,1,1,0,0,0,0.0,1,1,1.0,1,31,31,31.0,174.0,174.0,0,0,4,1,0,no
3.4.4,src/java/main/org/apache/jute/Record.java,8,21,1,1,0,0,0,0.0,1,1,1.0,1,31,31,31.0,174.0,174.0,0,0,2,1,0,no
3.4.4,src/java/main/org/apache/jute/compiler/JBoolean.java,21,21,2,2,0,9,9,4.5,9,8,4.5,11,47,31,23.5,174.0,128.54545454545453,0,0,2,2,0,no
3.4.4,src/java/main/org/apache/jute/compiler/JByte.java,9,21,2,2,0,1,1,0.5,1,1,0.5,3,47,31,23.5,174.0,140.66666666666666,0,0,2,2,0,no
3.4.4,src/java/main/org/apache/jute/compiler/JInt.java,9,21,2,2,0,1,1,0.5,1,1,0.5,3,47,31,23.5,174.0,140.66666666666666,0,0,2,2,0,no
3.4.4,src/java/main/org/apache/jute/compiler/JLong.java,12,21,2,2,0,1,1,0.5,1,1,0.5,3,47,31,23.5,174.0,140.66666666666666,0,0,2,2,0,no
3.4.4,src/java/main/org/apache/jute/compiler/JString.java,19,21,2,2,0,1,1,0.5,1,1,0.5,3,47,31,23.5,174.0,140.66666666666666,0,0,3,3,0,no
3.4.4,src/java/main/org/apache/zookeeper/AsyncCallback.java,31,17,1,1,0,5,5,5.0,5,5,5.0,5,10,10,10.0,151.0,151.0,0,0,2,2,0,no
3.4.4,src/java/main/org/apache/zookeeper/ClientWatchManager.java,6,31,1,1,0,3,3,3.0,1,1,1.0,5,2,2,2.0,60.0,60.0,0,0,4,1,0,no
3.4.4,src/java/main/org/apache/zookeeper/client/HostProvider.java,7,49,1,1,0,61,61,61.0,61,61,61.0,61,5,5,5.0,94.0,94.0,0,0,4,1,0,no
3.4.4,src/java/main/org/apache/zookeeper/client/StaticHostProvider.java,56,31,2,2,0,104,98,52.0,101,98,50.5,107,101,96,50.5,94.0,92.40186915887853,0,0,10,4,0,no
3.4.4,src/java/main/org/apache/zookeeper/jmx/CommonNames.java,6,21,0,0,0,0,0,0.0,0,0,0.0,0,0,0,0.0,0.0,0.0,0,0,2,1,0,no
3.4.4,src/java/main/org/apache/zookeeper/jmx/ZKMBeanInfo.java,5,29,0,0,0,0,0,0.0,0,0,0.0,0,0,0,0.0,0.0,0.0,0,0,5,1,0,no
3.4.4,src/java/main/org/apache/zookeeper/server/ByteBufferOutputStream.java,31,17,2,2,1,52,52,26.0,53,52,26.5,53,18,9,9.0,53.0,52.886792452830186,0,0,2,2,0,no
3.4.4,src/java/main/org/apache/zookeeper/server/ConnectionMXBean.java,22,70,1,1,1,30,30,30.0,30,30,30.0,30,6,6,6.0,149.0,149.0,0,0,2,1,0,no
3.4.4,src/java/main/org/apache/zookeeper/server/DataTreeBean.java,29,20,1,1,0,1,1,1.0,9,9,9.0,11,4,4,4.0,115.0,115.0,0,0,2,2,0,no
3.4.4,src/java/main/org/apache/zookeeper/server/DataTreeMXBean.java,8,36,0,0,0,0,0,0.0,0,0,0.0,0,0,0,0.0,0.0,0.0,0,0,2,1,0,no
3.4.4,src/java/main/org/apache/zookeeper/server/RequestProcessor.java,11,29,4,2,3,25,8,6.25,21,7,5.25,29,36,16,9.0,64.0,29.55172413793104,0,0,2,3,0,yes
3.4.4,src/java/main/org/apache/zookeeper/server/ServerStats.java,98,23,7,3,0,65,25,9.285714285714286,51,14,7.285714285714286,123,113,66,16.142857142857142,195.0,127.26829268292684,0,0,6,3,0,no
3.4.4,src/java/main/org/apache/zookeeper/server/SessionTracker.java,25,42,6,3,5,40,8,6.666666666666667,37,8,6.166666666666667,43,45,11,7.5,169.0,98.65116279069768,0,0,4,2,0,yes
3.4.4,src/java/main/org/apache/zookeeper/server/Stats.java,17,46,2,2,0,69,68,34.5,68,68,34.0,70,130,96,65.0,109.0,108.02857142857142,0,0,2,1,0,no
3.4.4,src/java/main/org/apache/zookeeper/server/ZooKeeperServerBean.java,96,21,8,3,0,46,29,5.75,49,29,6.125,59,102,34,12.75,189.0,111.08474576271186,0,0,4,3,0,no
3.4.4,src/java/main/org/apache/zookeeper/server/ZooKeeperServerMXBean.java,24,79,5,2,0,38,26,7.6,40,24,8.0,44,52,16,10.4,132.0,96.72727272727272,0,0,2,1,0,no
3.4.4,src/java/main/org/apache/zookeeper/server/auth/AuthenticationProvider.java,10,65,1,1,0,2,2,2.0,1,1,1.0,3,12,12,12.0,195.0,195.0,0,0,9,1,0,no
3.4.4,src/java/main/org/apache/zookeeper/server/persistence/SnapShot.java,14,45,2,2,0,7,6,3.5,6,6,3.0,8,103,96,51.5,132.0,117.75,0,0,4,1,0,no
3.4.4,src/java/main/org/apache/zookeeper/server/persistence/TxnLog.java,20,86,3,2,1,8,4,2.6666666666666665,6,4,2.0,10,25,14,8.333333333333334,187.0,153.9,0,0,6,2,0,no
3.4.4,src/java/main/org/apache/zookeeper/server/quorum/Election.java,6,17,2,2,0,2,1,1.0,1,1,0.5,3,100,96,50.0,132.0,94.0,0,0,2,1,0,no
3.4.4,src/java/main/org/apache/zookeeper/server/quorum/FollowerMXBean.java,7,29,0,0,0,0,0,0.0,0,0,0.0,0,0,0,0.0,0.0,0.0,0,0,2,1,0,no
3.4.4,src/java/main/org/apache/zookeeper/server/quorum/LeaderElectionBean.java,15,20,0,0,0,0,0,0.0,0,0,0.0,0,0,0,0.0,0.0,0.0,0,0,2,2,0,no
3.4.4,src/java/main/org/apache/zookeeper/server/quorum/LeaderElectionMXBean.java,4,24,0,0,0,0,0,0.0,0,0,0.0,0,0,0,0.0,0.0,0.0,0,0,2,1,0,no
3.4.4,src/java/main/org/apache/zookeeper/server/quorum/LeaderMXBean.java,6,26,0,0,0,0,0,0.0,0,0,0.0,0,0,0,0.0,0.0,0.0,0,0,2,1,0,no
3.4.4,src/java/main/org/apache/zookeeper/server/quorum/LearnerSyncRequest.java,13,17,0,0,0,0,0,0.0,0,0,0.0,0,0,0,0.0,0.0,0.0,0,0,2,2,0,no
3.4.4,src/java/main/org/apache/zookeeper/server/quorum/LocalPeerBean.java,43,20,3,2,0,86,68,28.666666666666668,91,68,30.33333333333333,93,116,66,38.66666666666666,192.0,173.89247311827958,0,0,2,2,0,no
3.4.4,src/java/main/org/apache/zookeeper/server/quorum/LocalPeerMXBean.java,13,51,2,2,0,77,64,38.5,77,64,38.5,77,82,66,41.0,192.0,181.87012987012983,0,0,4,1,0,no
3.4.4,src/java/main/org/apache/zookeeper/server/quorum/ObserverMXBean.java,6,27,1,1,0,37,37,37.0,37,37,37.0,37,15,15,15.0,148.0,148.0,0,0,2,1,0,no
3.4.4,src/java/main/org/apache/zookeeper/server/quorum/ProposalRequestProcessor.java,44,35,14,4,3,63,10,4.5,42,6,3.0,100,347,96,24.785714285714285,192.0,84.44,0,0,6,5,0,yes
3.4.4,src/java/main/org/apache/zookeeper/server/quorum/QuorumBean.java,20,17,0,0,0,0,0,0.0,0,0,0.0,0,0,0,0.0,0.0,0.0,0,0,2,2,0,no
3.4.4,src/java/main/org/apache/zookeeper/server/quorum/QuorumMXBean.java,5,26,0,0,0,0,0,0.0,0,0,0.0,0,0,0,0.0,0.0,0.0,0,0,2,1,0,no
3.4.4,src/java/main/org/apache/zookeeper/server/quorum/ReadOnlyBean.java,11,21,1,1,0,38,38,38.0,38,38,38.0,38,3,3,3.0,70.0,70.0,0,0,2,2,0,no
3.4.4,src/java/main/org/apache/zookeeper/server/quorum/RemotePeerMXBean.java,5,26,0,0,0,0,0,0.0,0,0,0.0,0,0,0,0.0,0.0,0.0,0,0,3,1,0,no
3.4.4,src/java/main/org/apache/zookeeper/server/quorum/ServerBean.java,12,20,0,0,0,0,0,0.0,0,0,0.0,0,0,0,0.0,0.0,0.0,0,0,3,2,0,no
3.4.4,src/java/main/org/apache/zookeeper/server/quorum/ServerMXBean.java,5,26,0,0,0,0,0,0.0,0,0,0.0,0,0,0,0.0,0.0,0.0,0,0,2,1,0,no
3.4.4,src/recipes/election/src/java/org/apache/zookeeper/recipes/leader/LeaderElectionAware.java,5,28,1,1,0,37,37,37.0,37,37,37.0,37,3,3,3.0,63.0,63.0,0,0,2,1,0,no
3.4.4,src/recipes/lock/src/java/org/apache/zookeeper/recipes/lock/LockListener.java,5,31,2,2,0,39,38,19.5,38,38,19.0,40,101,96,50.5,178.0,172.85,0,0,2,1,0,no
3.4.4,src/recipes/lock/src/java/org/apache/zookeeper/recipes/lock/ZooKeeperOperation.java,5,30,1,1,0,38,38,38.0,38,38,38.0,38,5,5,5.0,178.0,178.0,0,0,4,1,0,no
3.4.5,src/contrib/loggraph/src/java/org/apache/zookeeper/graph/LogIterator.java,7,17,2,2,0,27,26,13.5,26,26,13.0,28,130,96,65.0,127.0,123.85714285714286,0,0,2,1,0,no
3.4.5,src/contrib/loggraph/src/java/org/apache/zookeeper/graph/filterops/AndOp.java,14,17,1,1,0,33,33,33.0,33,33,33.0,33,34,34,34.0,127.0,127.0,0,0,4,4,0,no
3.4.5,src/contrib/loggraph/src/java/org/apache/zookeeper/graph/filterops/NumberArg.java,8,17,1,1,0,28,28,28.0,28,28,28.0,28,34,34,34.0,127.0,127.0,0,0,2,2,0,no
3.4.5,src/contrib/loggraph/src/java/org/apache/zookeeper/graph/filterops/OrOp.java,14,17,1,1,0,33,33,33.0,33,33,33.0,33,34,34,34.0,127.0,127.0,0,0,4,4,0,no
3.4.5,src/contrib/loggraph/src/java/org/apache/zookeeper/graph/filterops/StringArg.java,8,17,1,1,0,28,28,28.0,28,28,28.0,28,34,34,34.0,127.0,127.0,0,0,2,2,0,no
3.4.5,src/contrib/loggraph/src/java/org/apache/zookeeper/graph/filterops/SymbolArg.java,8,17,1,1,0,27,27,27.0,27,27,27.0,27,34,34,34.0,127.0,127.0,0,0,2,2,0,no
3.4.5,src/contrib/rest/src/java/org/apache/zookeeper/server/jersey/jaxb/ZChildren.java,46,23,1,1,0,80,80,80.0,80,80,80.0,80,12,12,12.0,184.0,184.0,0,0,4,3,0,no
3.4.5,src/contrib/rest/src/java/org/apache/zookeeper/server/jersey/jaxb/ZChildrenJSON.java,42,23,1,1,0,76,76,76.0,76,76,76.0,76,12,12,12.0,184.0,184.0,0,0,4,3,0,no
3.4.5,src/contrib/rest/src/java/org/apache/zookeeper/server/jersey/jaxb/ZError.java,13,21,1,1,0,41,41,41.0,41,41,41.0,41,12,12,12.0,184.0,184.0,0,0,2,2,0,no
3.4.5,src/contrib/rest/src/java/org/apache/zookeeper/server/jersey/jaxb/ZPath.java,32,21,1,1,0,63,63,63.0,63,63,63.0,63,12,12,12.0,184.0,184.0,0,0,3,3,0,no
3.4.5,src/contrib/rest/src/java/org/apache/zookeeper/server/jersey/jaxb/ZSession.java,29,18,1,1,0,55,55,55.0,55,55,55.0,55,11,11,11.0,117.0,117.0,0,0,3,3,0,no
3.4.5,src/contrib/zooinspector/src/java/com/nitido/utils/toaster/Toaster.java,258,160,1,1,0,533,533,533.0,533,533,533.0,533,10,10,10.0,48.0,48.0,0,0,19,6,0,no
3.4.5,src/contrib/zooinspector/src/java/org/apache/zookeeper/inspector/gui/IconResource.java,68,6,1,1,0,88,88,88.0,88,88,88.0,88,10,10,10.0,48.0,48.0,0,0,6,5,0,no
3.4.5,src/contrib/zooinspector/src/java/org/apache/zookeeper/inspector/gui/NodeViewersChangeListener.java,6,28,1,1,0,37,37,37.0,37,37,37.0,37,24,24,24.0,140.0,140.0,0,0,3,1,0,no
3.4.5,src/contrib/zooinspector/src/java/org/apache/zookeeper/inspector/gui/Toolbar.java,60,0,1,1,0,74,74,74.0,74,74,74.0,74,10,10,10.0,48.0,48.0,0,0,2,3,0,no
3.4.5,src/contrib/zooinspector/src/java/org/apache/zookeeper/inspector/manager/NodeListener.java,6,29,1,1,0,37,37,37.0,37,37,37.0,37,24,24,24.0,140.0,140.0,0,0,3,1,0,no
3.4.5,src/contrib/zooinspector/src/java/org/apache/zookeeper/inspector/manager/ZooInspectorManager.java,28,95,1,1,0,139,139,139.0,139,139,139.0,139,24,24,24.0,140.0,140.0,0,0,12,1,0,no
3.4.5,src/contrib/zooinspector/src/java/org/apache/zookeeper/inspector/manager/ZooInspectorNodeManager.java,4,28,1,1,0,33,33,33.0,33,33,33.0,33,24,24,24.0,140.0,140.0,0,0,5,1,0,no
3.4.5,src/contrib/zooinspector/src/java/org/apache/zookeeper/inspector/manager/ZooInspectorNodeTreeManager.java,6,33,2,2,0,86,43,43.0,43,43,21.5,129,120,96,60.0,140.0,102.0,0,0,6,1,0,no
3.4.5,src/contrib/zooinspector/src/java/org/apache/zookeeper/inspector/manager/ZooInspectorReadOnlyManager.java,15,71,2,2,0,198,99,99.0,99,99,49.5,297,120,96,60.0,140.0,102.0,0,0,9,1,0,no
3.4.5,src/java/main/org/apache/jute/Index.java,5,31,1,1,0,0,0,0.0,1,1,1.0,1,31,31,31.0,182.0,182.0,0,0,4,1,0,no
3.4.5,src/java/main/org/apache/jute/Record.java,8,21,1,1,0,0,0,0.0,1,1,1.0,1,31,31,31.0,182.0,182.0,0,0,2,1,0,no
3.4.5,src/java/main/org/apache/jute/compiler/JBoolean.java,21,21,2,2,0,9,9,4.5,9,8,4.5,11,47,31,23.5,182.0,136.54545454545453,0,0,2,2,0,no
3.4.5,src/java/main/org/apache/jute/compiler/JByte.java,9,21,2,2,0,1,1,0.5,1,1,0.5,3,47,31,23.5,182.0,148.66666666666666,0,0,2,2,0,no
3.4.5,src/java/main/org/apache/jute/compiler/JInt.java,9,21,2,2,0,1,1,0.5,1,1,0.5,3,47,31,23.5,182.0,148.66666666666666,0,0,2,2,0,no
3.4.5,src/java/main/org/apache/jute/compiler/JLong.java,12,21,2,2,0,1,1,0.5,1,1,0.5,3,47,31,23.5,182.0,148.66666666666666,0,0,2,2,0,no
3.4.5,src/java/main/org/apache/jute/compiler/JString.java,19,21,2,2,0,1,1,0.5,1,1,0.5,3,47,31,23.5,182.0,148.66666666666666,0,0,3,3,0,no
3.4.5,src/java/main/org/apache/zookeeper/AsyncCallback.java,31,17,1,1,0,5,5,5.0,5,5,5.0,5,10,10,10.0,159.0,159.0,0,0,2,2,0,no
3.4.5,src/java/main/org/apache/zookeeper/ClientWatchManager.java,6,31,1,1,0,3,3,3.0,1,1,1.0,5,2,2,2.0,68.0,68.0,0,0,4,1,0,no
3.4.5,src/java/main/org/apache/zookeeper/cli/AclParser.java,52,25,1,1,0,81,81,81.0,81,81,81.0,81,20,20,20.0,35.0,35.0,0,0,11,4,0,no
3.4.5,src/java/main/org/apache/zookeeper/cli/AddAuthCommand.java,35,20,1,1,0,64,64,64.0,64,64,64.0,64,20,20,20.0,35.0,35.0,0,0,5,3,0,no
3.4.5,src/java/main/org/apache/zookeeper/cli/CliCommand.java,41,66,1,1,0,119,119,119.0,119,119,119.0,119,20,20,20.0,35.0,35.0,0,0,6,2,0,no
3.4.5,src/java/main/org/apache/zookeeper/cli/CloseCommand.java,18,20,1,1,0,46,46,46.0,46,46,46.0,46,20,20,20.0,35.0,35.0,0,0,3,2,0,no
3.4.5,src/java/main/org/apache/zookeeper/cli/CreateCommand.java,52,20,1,1,0,81,81,81.0,81,81,81.0,81,20,20,20.0,35.0,35.0,0,0,11,3,0,no
3.4.5,src/java/main/org/apache/zookeeper/cli/DelQuotaCommand.java,91,51,1,1,0,152,152,152.0,152,152,152.0,152,20,20,20.0,35.0,35.0,0,0,29,4,0,no
3.4.5,src/java/main/org/apache/zookeeper/cli/DeleteAllCommand.java,42,20,1,1,0,72,72,72.0,72,72,72.0,72,20,20,20.0,35.0,35.0,0,0,5,3,0,no
3.4.5,src/java/main/org/apache/zookeeper/cli/DeleteCommand.java,55,22,1,1,0,88,88,88.0,88,88,88.0,88,20,20,20.0,35.0,35.0,0,0,6,3,0,no
3.4.5,src/java/main/org/apache/zookeeper/cli/GetAclCommand.java,65,19,1,1,0,94,94,94.0,94,94,94.0,94,20,20,20.0,35.0,35.0,0,0,11,3,0,no
3.4.5,src/java/main/org/apache/zookeeper/cli/GetCommand.java,50,22,1,1,0,83,83,83.0,83,83,83.0,83,20,20,20.0,35.0,35.0,0,0,6,3,0,no
3.4.5,src/java/main/org/apache/zookeeper/cli/ListQuotaCommand.java,45,20,1,1,0,74,74,74.0,74,74,74.0,74,20,20,20.0,35.0,35.0,0,0,7,3,0,no
3.4.5,src/java/main/org/apache/zookeeper/cli/Ls2Command.java,32,20,1,1,0,62,62,62.0,62,62,62.0,62,20,20,20.0,35.0,35.0,0,0,4,3,0,no
3.4.5,src/java/main/org/apache/zookeeper/cli/LsCommand.java,52,21,1,1,0,85,85,85.0,85,85,85.0,85,20,20,20.0,35.0,35.0,0,0,6,3,0,no
3.4.5,src/java/main/org/apache/zookeeper/cli/SetAclCommand.java,52,20,1,1,0,82,82,82.0,82,82,82.0,82,20,20,20.0,35.0,35.0,0,0,6,4,0,no
3.4.5,src/java/main/org/apache/zookeeper/cli/SetCommand.java,46,20,1,1,0,75,75,75.0,75,75,75.0,75,20,20,20.0,35.0,35.0,0,0,6,4,0,no
3.4.5,src/java/main/org/apache/zookeeper/cli/SetQuotaCommand.java,141,43,1,1,0,200,200,200.0,200,200,200.0,200,20,20,20.0,35.0,35.0,0,0,30,5,0,no
3.4.5,src/java/main/org/apache/zookeeper/cli/StatCommand.java,48,22,1,1,0,81,81,81.0,81,81,81.0,81,20,20,20.0,35.0,35.0,0,0,6,3,0,no
3.4.5,src/java/main/org/apache/zookeeper/cli/StatPrinter.java,24,20,1,1,0,49,49,49.0,49,49,49.0,49,20,20,20.0,35.0,35.0,0,0,3,2,0,no
3.4.5,src/java/main/org/apache/zookeeper/cli/SyncCommand.java,36,19,1,1,0,64,64,64.0,64,64,64.0,64,20,20,20.0,35.0,35.0,0,0,4,4,0,no
3.4.5,src/java/main/org/apache/zookeeper/client/HostProvider.java,11,55,2,2,0,72,61,36.0,72,61,36.0,72,8,5,4.0,102.0,86.41666666666667,0,0,8,1,0,no
3.4.5,src/java/main/org/apache/zookeeper/client/StaticHostProvider.java,171,99,3,3,0,324,220,108.0,306,205,102.0,342,104,96,34.666666666666664,102.0,31.412280701754387,0,0,42,6,0,no
3.4.5,src/java/main/org/apache/zookeeper/jmx/CommonNames.java,6,21,0,0,0,0,0,0.0,0,0,0.0,0,0,0,0.0,0.0,0.0,0,0,2,1,0,no
3.4.5,src/java/main/org/apache/zookeeper/jmx/ZKMBeanInfo.java,5,29,0,0,0,0,0,0.0,0,0,0.0,0,0,0,0.0,0.0,0.0,0,0,5,1,0,no
3.4.5,src/java/main/org/apache/zookeeper/server/ByteBufferOutputStream.java,30,17,2,2,1,52,52,26.0,53,52,26.5,53,18,9,9.0,61.0,60.886792452830186,0,0,2,2,0,no
3.4.5,src/java/main/org/apache/zookeeper/server/ConnectionMXBean.java,22,70,1,1,1,30,30,30.0,30,30,30.0,30,6,6,6.0,157.0,157.0,0,0,2,1,0,no
3.4.5,src/java/main/org/apache/zookeeper/server/DataTreeBean.java,29,20,1,1,0,1,1,1.0,9,9,9.0,11,4,4,4.0,123.0,123.0,0,0,2,2,0,no
3.4.5,src/java/main/org/apache/zookeeper/server/DataTreeMXBean.java,8,36,0,0,0,0,0,0.0,0,0,0.0,0,0,0,0.0,0.0,0.0,0,0,2,1,0,no
3.4.5,src/java/main/org/apache/zookeeper/server/RequestProcessor.java,11,29,4,2,3,25,8,6.25,21,7,5.25,29,36,16,9.0,72.0,37.55172413793103,0,0,2,3,0,yes
3.4.5,src/java/main/org/apache/zookeeper/server/ServerStats.java,98,23,7,3,0,65,25,9.285714285714286,51,14,7.285714285714286,123,113,66,16.142857142857142,203.0,135.26829268292684,0,0,6,3,0,no
3.4.5,src/java/main/org/apache/zookeeper/server/SessionTracker.java,25,42,6,3,5,40,8,6.666666666666667,37,8,6.166666666666667,43,45,11,7.5,177.0,106.65116279069768,0,0,4,2,0,yes
3.4.5,src/java/main/org/apache/zookeeper/server/Stats.java,17,46,2,2,0,69,68,34.5,68,68,34.0,70,130,96,65.0,117.0,116.02857142857142,0,0,2,1,0,no
3.4.5,src/java/main/org/apache/zookeeper/server/ZooKeeperServerBean.java,96,21,8,3,0,46,29,5.75,49,29,6.125,59,102,34,12.75,197.0,119.08474576271186,0,0,4,3,0,no
3.4.5,src/java/main/org/apache/zookeeper/server/ZooKeeperServerMXBean.java,24,79,5,2,0,38,26,7.6,40,24,8.0,44,52,16,10.4,140.0,104.72727272727272,0,0,2,1,0,no
3.4.5,src/java/main/org/apache/zookeeper/server/auth/AuthenticationProvider.java,10,65,1,1,0,2,2,2.0,1,1,1.0,3,12,12,12.0,203.0,203.0,0,0,9,1,0,no
3.4.5,src/java/main/org/apache/zookeeper/server/persistence/SnapShot.java,14,45,2,2,0,7,6,3.5,6,6,3.0,8,103,96,51.5,140.0,125.75,0,0,4,1,0,no
3.4.5,src/java/main/org/apache/zookeeper/server/persistence/TxnLog.java,20,86,3,2,1,8,4,2.6666666666666665,6,4,2.0,10,25,14,8.333333333333334,195.0,161.9,0,0,6,2,0,no
3.4.5,src/java/main/org/apache/zookeeper/server/quorum/Election.java,6,17,2,2,0,2,1,1.0,1,1,0.5,3,100,96,50.0,140.0,102.0,0,0,2,1,0,no
3.4.5,src/java/main/org/apache/zookeeper/server/quorum/FollowerMXBean.java,7,29,0,0,0,0,0,0.0,0,0,0.0,0,0,0,0.0,0.0,0.0,0,0,2,1,0,no
3.4.5,src/java/main/org/apache/zookeeper/server/quorum/LeaderBean.java,25,20,4,3,2,5,2,1.25,0,0,0.0,10,44,25,11.0,159.0,101.8,0,0,3,3,0,yes
3.4.5,src/java/main/org/apache/zookeeper/server/quorum/LeaderElectionBean.java,15,20,0,0,0,0,0,0.0,0,0,0.0,0,0,0,0.0,0.0,0.0,0,0,2,2,0,no
3.4.5,src/java/main/org/apache/zookeeper/server/quorum/LeaderElectionMXBean.java,4,24,0,0,0,0,0,0.0,0,0,0.0,0,0,0,0.0,0.0,0.0,0,0,2,1,0,no
3.4.5,src/java/main/org/apache/zookeeper/server/quorum/LeaderMXBean.java,6,26,0,0,0,0,0,0.0,0,0,0.0,0,0,0,0.0,0.0,0.0,0,0,2,1,0,no
3.4.5,src/java/main/org/apache/zookeeper/server/quorum/LearnerSyncRequest.java,13,17,0,0,0,0,0,0.0,0,0,0.0,0,0,0,0.0,0.0,0.0,0,0,2,2,0,no
3.4.5,src/java/main/org/apache/zookeeper/server/quorum/LocalPeerBean.java,43,20,3,2,0,86,68,28.666666666666668,91,68,30.33333333333333,93,116,66,38.66666666666666,200.0,181.8924731182796,0,0,2,2,0,no
3.4.5,src/java/main/org/apache/zookeeper/server/quorum/LocalPeerMXBean.java,13,51,2,2,0,77,64,38.5,77,64,38.5,77,82,66,41.0,200.0,189.87012987012983,0,0,4,1,0,no
3.4.5,src/java/main/org/apache/zookeeper/server/quorum/ObserverMXBean.java,6,27,1,1,0,37,37,37.0,37,37,37.0,37,15,15,15.0,156.0,156.0,0,0,2,1,0,no
3.4.5,src/java/main/org/apache/zookeeper/server/quorum/ProposalRequestProcessor.java,44,35,14,4,3,63,10,4.5,42,6,3.0,100,347,96,24.785714285714285,200.0,92.44,0,0,6,5,0,yes
3.4.5,src/java/main/org/apache/zookeeper/server/quorum/QuorumBean.java,20,17,0,0,0,0,0,0.0,0,0,0.0,0,0,0,0.0,0.0,0.0,0,0,2,2,0,no
3.4.5,src/java/main/org/apache/zookeeper/server/quorum/QuorumMXBean.java,5,26,0,0,0,0,0,0.0,0,0,0.0,0,0,0,0.0,0.0,0.0,0,0,2,1,0,no
3.4.5,src/java/main/org/apache/zookeeper/server/quorum/ReadOnlyBean.java,11,21,1,1,0,38,38,38.0,38,38,38.0,38,3,3,3.0,78.0,78.0,0,0,2,2,0,no
3.4.5,src/java/main/org/apache/zookeeper/server/quorum/RemotePeerMXBean.java,5,26,0,0,0,0,0,0.0,0,0,0.0,0,0,0,0.0,0.0,0.0,0,0,3,1,0,no
3.4.5,src/java/main/org/apache/zookeeper/server/quorum/ServerBean.java,12,20,0,0,0,0,0,0.0,0,0,0.0,0,0,0,0.0,0.0,0.0,0,0,3,2,0,no
3.4.5,src/java/main/org/apache/zookeeper/server/quorum/ServerMXBean.java,5,26,0,0,0,0,0,0.0,0,0,0.0,0,0,0,0.0,0.0,0.0,0,0,2,1,0,no
3.4.5,src/java/main/org/apache/zookeeper/server/util/VerifyingFileFactory.java,51,17,1,1,0,82,82,82.0,82,82,82.0,82,6,6,6.0,61.0,61.0,0,0,7,3,0,no
3.4.5,src/recipes/election/src/java/org/apache/zookeeper/recipes/leader/LeaderElectionAware.java,5,28,1,1,0,37,37,37.0,37,37,37.0,37,3,3,3.0,71.0,71.0,0,0,2,1,0,no
3.4.5,src/recipes/lock/src/java/org/apache/zookeeper/recipes/lock/LockListener.java,5,31,2,2,0,39,38,19.5,38,38,19.0,40,101,96,50.5,186.0,180.85,0,0,2,1,0,no
3.4.5,src/recipes/lock/src/java/org/apache/zookeeper/recipes/lock/ZooKeeperOperation.java,5,30,1,1,0,38,38,38.0,38,38,38.0,38,5,5,5.0,186.0,186.0,0,0,4,1,0,no
