release,className,loc,commentLines,nRevisions,nAuth,nFix,locAdded,maxLocAdded,avgLocAdded,churn,maxChurn,avgChurn,locTouched,changeSetSize,maxChangeSet,avgChangeSet,age,weightedAge,cyclomaticComplexity,duplication,nBranches,maxNestingDepth,nSmells,buggy
3.0.1,src/java/jmx/org/apache/zookeeper/jmx/CommonNames.java,0.002283,0.02381,0.0,0.0,0.0,0.0,0.0,0.0,0.0,0.0,0.0,0.0,0.0,0.0,0.0,0.0,0.0,0.0,0.0,0.0,0.0,0.0,no
3.0.1,src/java/jmx/org/apache/zookeeper/jmx/ZKMBeanInfo.java,0.001522,0.03288,0.0,0.0,0.0,0.0,0.0,0.0,0.0,0.0,0.0,0.0,0.0,0.0,0.0,0.0,0.0,0.0,0.0,0.015152,0.0,0.0,no
3.0.1,src/java/jmx/org/apache/zookeeper/jmx/server/ConnectionMXBean.java,0.00761,0.058957,0.0,0.0,0.0,0.0,0.0,0.0,0.0,0.0,0.0,0.0,0.0,0.0,0.0,0.0,0.0,0.0,0.0,0.0,0.0,0.0,no
3.0.1,src/java/jmx/org/apache/zookeeper/jmx/server/DataTreeBean.java,0.023592,0.045351,0.0,0.0,0.0,0.0,0.0,0.0,0.0,0.0,0.0,0.0,0.0,0.0,0.0,0.0,0.0,0.0,0.0,0.005051,0.090909,0.0,no
3.0.1,src/java/jmx/org/apache/zookeeper/jmx/server/DataTreeMXBean.java,0.003805,0.040816,0.0,0.0,0.0,0.0,0.0,0.0,0.0,0.0,0.0,0.0,0.0,0.0,0.0,0.0,0.0,0.0,0.0,0.0,0.0,0.0,no
3.0.1,src/java/jmx/org/apache/zookeeper/jmx/server/ZooKeeperServerMXBean.java,0.009132,0.063492,0.0,0.0,0.0,0.0,0.0,0.0,0.0,0.0,0.0,0.0,0.0,0.0,0.0,0.0,0.0,0.0,0.0,0.0,0.0,0.0,no
3.0.1,src/java/jmx/org/apache/zookeeper/jmx/server/quorum/FollowerBean.java,0.002283,0.022676,0.0,0.0,0.0,0.0,0.0,0.0,0.0,0.0,0.0,0.0,0.0,0.0,0.0,0.0,0.0,0.0,0.0,0.0,0.090909,0.0,no
3.0.1,src/java/jmx/org/apache/zookeeper/jmx/server/quorum/FollowerMXBean.java,0.0,0.022676,0.0,0.0,0.0,0.0,0.0,0.0,0.0,0.0,0.0,0.0,0.0,0.0,0.0,0.0,0.0,0.0,0.0,0.0,0.0,0.0,no
3.0.1,src/java/jmx/org/apache/zookeeper/jmx/server/quorum/LeaderBean.java,0.002283,0.022676,0.0,0.0,0.0,0.0,0.0,0.0,0.0,0.0,0.0,0.0,0.0,0.0,0.0,0.0,0.0,0.0,0.0,0.0,0.090909,0.0,no
3.0.1,src/java/jmx/org/apache/zookeeper/jmx/server/quorum/LeaderElectionBean.java,0.009132,0.022676,0.0,0.0,0.0,0.0,0.0,0.0,0.0,0.0,0.0,0.0,0.0,0.0,0.0,0.0,0.0,0.0,0.0,0.0,0.090909,0.0,no
3.0.1,src/java/jmx/org/apache/zookeeper/jmx/server/quorum/LeaderElectionMXBean.java,0.001522,0.030612,0.0,0.0,0.0,0.0,0.0,0.0,0.0,0.0,0.0,0.0,0.0,0.0,0.0,0.0,0.0,0.0,0.0,0.0,0.0,0.0,no
3.0.1,src/java/jmx/org/apache/zookeeper/jmx/server/quorum/LeaderMXBean.java,0.0,0.022676,0.0,0.0,0.0,0.0,0.0,0.0,0.0,0.0,0.0,0.0,0.0,0.0,0.0,0.0,0.0,0.0,0.0,0.0,0.0,0.0,no
3.0.1,src/java/jmx/org/apache/zookeeper/jmx/server/quorum/LocalPeerMXBean.java,0.001522,0.029478,0.0,0.0,0.0,0.0,0.0,0.0,0.0,0.0,0.0,0.0,0.0,0.0,0.0,0.0,0.0,0.0,0.0,0.005051,0.0,0.0,no
3.0.1,src/java/jmx/org/apache/zookeeper/jmx/server/quorum/QuorumMXBean.java,0.001522,0.029478,0.0,0.0,0.0,0.0,0.0,0.0,0.0,0.0,0.0,0.0,0.0,0.0,0.0,0.0,0.0,0.0,0.0,0.0,0.0,0.0,no
3.0.1,src/java/jmx/org/apache/zookeeper/jmx/server/quorum/RemotePeerMXBean.java,0.001522,0.029478,0.0,0.0,0.0,0.0,0.0,0.0,0.0,0.0,0.0,0.0,0.0,0.0,0.0,0.0,0.0,0.0,0.0,0.005051,0.0,0.0,no
3.0.1,src/java/jmx/org/apache/zookeeper/jmx/server/quorum/ServerBean.java,0.006849,0.022676,0.0,0.0,0.0,0.0,0.0,0.0,0.0,0.0,0.0,0.0,0.0,0.0,0.0,0.0,0.0,0.0,0.0,0.005051,0.090909,0.0,no
3.0.1,src/java/jmx/org/apache/zookeeper/jmx/server/quorum/ServerMXBean.java,0.001522,0.029478,0.0,0.0,0.0,0.0,0.0,0.0,0.0,0.0,0.0,0.0,0.0,0.0,0.0,0.0,0.0,0.0,0.0,0.0,0.0,0.0,no
3.0.1,src/java/jmx/org/apache/zookeeper/server/ManagedZooKeeperServerMain.java,0.024353,0.049887,0.032258,0.142857,0.0,0.005993,0.006993,0.00939,0.00613,0.006119,0.008216,0.003711,0.020168,0.0375,0.052632,0.009615,0.009852,0.0,0.0,0.010101,0.272727,0.0,no
3.0.1,src/java/jmx/org/apache/zookeeper/server/quorum/ObservableFollowerZooKeeperServer.java,0.01446,0.028345,0.0,0.0,0.0,0.0,0.0,0.0,0.0,0.0,0.0,0.0,0.0,0.0,0.0,0.0,0.0,0.0,0.0,0.0,0.090909,0.0,no
3.0.1,src/java/jmx/org/apache/zookeeper/server/quorum/ObservableLeaderZooKeeperServer.java,0.01446,0.028345,0.0,0.0,0.0,0.0,0.0,0.0,0.0,0.0,0.0,0.0,0.0,0.0,0.0,0.0,0.0,0.0,0.0,0.0,0.090909,0.0,no
3.0.1,src/java/jmx/org/apache/zookeeper/server/util/ConnectionObserver.java,0.002283,0.03288,0.0,0.0,0.0,0.0,0.0,0.0,0.0,0.0,0.0,0.0,0.0,0.0,0.0,0.0,0.0,0.0,0.0,0.0,0.0,0.0,no
3.0.1,src/java/jmx/org/apache/zookeeper/server/util/DataTreeObserver.java,0.004566,0.046485,0.0,0.0,0.0,0.0,0.0,0.0,0.0,0.0,0.0,0.0,0.0,0.0,0.0,0.0,0.0,0.0,0.0,0.0,0.0,0.0,no
3.0.1,src/java/jmx/org/apache/zookeeper/server/util/EventInfo.java,0.000761,0.027211,0.0,0.0,0.0,0.0,0.0,0.0,0.0,0.0,0.0,0.0,0.0,0.0,0.0,0.0,0.0,0.0,0.0,0.0,0.0,0.0,no
3.0.1,src/java/jmx/org/apache/zookeeper/server/util/ObservableComponent.java,0.000761,0.031746,0.0,0.0,0.0,0.0,0.0,0.0,0.0,0.0,0.0,0.0,0.0,0.0,0.0,0.0,0.0,0.0,0.0,0.010101,0.0,0.0,no
3.0.1,src/java/jmx/org/apache/zookeeper/server/util/QuorumPeerObserver.java,0.00761,0.060091,0.0,0.0,0.0,0.0,0.0,0.0,0.0,0.0,0.0,0.0,0.0,0.0,0.0,0.0,0.0,0.0,0.0,0.0,0.0,0.0,no
3.0.1,src/java/jmx/org/apache/zookeeper/server/util/ServerObserver.java,0.002283,0.03288,0.0,0.0,0.0,0.0,0.0,0.0,0.0,0.0,0.0,0.0,0.0,0.0,0.0,0.0,0.0,0.0,0.0,0.0,0.0,0.0,no
3.0.1,src/java/main/org/apache/jute/Index.java,0.001522,0.036281,0.0,0.0,0.0,0.0,0.0,0.0,0.0,0.0,0.0,0.0,0.0,0.0,0.0,0.0,0.0,0.0,0.0,0.010101,0.0,0.0,no
3.0.1,src/java/main/org/apache/jute/Record.java,0.003805,0.024943,0.0,0.0,0.0,0.0,0.0,0.0,0.0,0.0,0.0,0.0,0.0,0.0,0.0,0.0,0.0,0.0,0.0,0.0,0.0,0.0,no
3.0.1,src/java/main/org/apache/jute/compiler/JBoolean.java,0.009132,0.024943,0.0,0.0,0.0,0.0,0.0,0.0,0.0,0.0,0.0,0.0,0.0,0.0,0.0,0.0,0.0,0.0,0.0,0.0,0.090909,0.0,no
3.0.1,src/java/main/org/apache/jute/compiler/JByte.java,0.004566,0.024943,0.0,0.0,0.0,0.0,0.0,0.0,0.0,0.0,0.0,0.0,0.0,0.0,0.0,0.0,0.0,0.0,0.0,0.0,0.090909,0.0,no
3.0.1,src/java/main/org/apache/jute/compiler/JCompType.java,0.015982,0.027211,0.0,0.0,0.0,0.0,0.0,0.0,0.0,0.0,0.0,0.0,0.0,0.0,0.0,0.0,0.0,0.0,0.0,0.005051,0.090909,0.0,no
3.0.1,src/java/main/org/apache/jute/compiler/JDouble.java,0.00761,0.024943,0.0,0.0,0.0,0.0,0.0,0.0,0.0,0.0,0.0,0.0,0.0,0.0,0.0,0.0,0.0,0.0,0.0,0.0,0.090909,0.0,no
3.0.1,src/java/main/org/apache/jute/compiler/JFloat.java,0.006849,0.024943,0.0,0.0,0.0,0.0,0.0,0.0,0.0,0.0,0.0,0.0,0.0,0.0,0.0,0.0,0.0,0.0,0.0,0.0,0.090909,0.0,no
3.0.1,src/java/main/org/apache/jute/compiler/JInt.java,0.004566,0.024943,0.0,0.0,0.0,0.0,0.0,0.0,0.0,0.0,0.0,0.0,0.0,0.0,0.0,0.0,0.0,0.0,0.0,0.0,0.090909,0.0,no
3.0.1,src/java/main/org/apache/jute/compiler/JLong.java,0.006849,0.024943,0.0,0.0,0.0,0.0,0.0,0.0,0.0,0.0,0.0,0.0,0.0,0.0,0.0,0.0,0.0,0.0,0.0,0.0,0.090909,0.0,no
3.0.1,src/java/main/org/apache/jute/compiler/JString.java,0.012177,0.024943,0.0,0.0,0.0,0.0,0.0,0.0,0.0,0.0,0.0,0.0,0.0,0.0,0.0,0.0,0.0,0.0,0.0,0.005051,0.181818,0.0,no
3.0.1,src/java/main/org/apache/zookeeper/AsyncCallback.java,0.018265,0.019274,0.0,0.0,0.0,0.0,0.0,0.0,0.0,0.0,0.0,0.0,0.0,0.0,0.0,0.0,0.0,0.0,0.0,0.0,0.090909,0.0,no
3.0.1,src/java/main/org/apache/zookeeper/ClientWatchManager.java,0.001522,0.035147,0.0,0.0,0.0,0.0,0.0,0.0,0.0,0.0,0.0,0.0,0.0,0.0,0.0,0.0,0.0,0.0,0.0,0.010101,0.0,0.0,no
3.0.1,src/java/main/org/apache/zookeeper/server/RequestProcessor.java,0.001522,0.03288,0.0,0.0,0.0,0.0,0.0,0.0,0.0,0.0,0.0,0.0,0.0,0.0,0.0,0.0,0.0,0.0,0.0,0.0,0.0,0.0,no
3.0.1,src/java/main/org/apache/zookeeper/server/SessionTracker.java,0.008371,0.038549,0.0,0.0,0.0,0.0,0.0,0.0,0.0,0.0,0.0,0.0,0.0,0.0,0.0,0.0,0.0,0.0,0.0,0.005051,0.090909,0.0,no
3.0.1,src/java/main/org/apache/zookeeper/server/auth/AuthenticationProvider.java,0.004566,0.073696,0.0,0.0,0.0,0.0,0.0,0.0,0.0,0.0,0.0,0.0,0.0,0.0,0.0,0.0,0.0,0.0,0.0,0.035354,0.0,0.0,no
3.0.1,src/java/main/org/apache/zookeeper/server/auth/HostAuthenticationProvider.java,0.028158,0.020408,0.0,0.0,0.0,0.0,0.0,0.0,0.0,0.0,0.0,0.0,0.0,0.0,0.0,0.0,0.0,0.0,0.0,0.030303,0.272727,0.0,no
3.0.1,src/java/main/org/apache/zookeeper/server/persistence/SnapShot.java,0.00761,0.046485,0.0,0.0,0.0,0.0,0.0,0.0,0.0,0.0,0.0,0.0,0.0,0.0,0.0,0.0,0.0,0.0,0.0,0.010101,0.0,0.0,no
3.0.1,src/java/main/org/apache/zookeeper/server/persistence/TxnLog.java,0.012177,0.091837,0.0,0.0,0.0,0.0,0.0,0.0,0.0,0.0,0.0,0.0,0.0,0.0,0.0,0.0,0.0,0.0,0.0,0.020202,0.090909,0.0,no
3.0.1,src/java/main/org/apache/zookeeper/server/quorum/AckRequestProcessor.java,0.008371,0.028345,0.0,0.0,0.0,0.0,0.0,0.0,0.0,0.0,0.0,0.0,0.0,0.0,0.0,0.0,0.0,0.0,0.0,0.005051,0.090909,0.0,no
3.0.1,src/java/main/org/apache/zookeeper/server/quorum/Election.java,0.001522,0.019274,0.0,0.0,0.0,0.0,0.0,0.0,0.0,0.0,0.0,0.0,0.0,0.0,0.0,0.0,0.0,0.0,0.0,0.0,0.0,0.0,no
3.0.1,src/java/main/org/apache/zookeeper/server/quorum/FollowerSyncRequest.java,0.00761,0.019274,0.0,0.0,0.0,0.0,0.0,0.0,0.0,0.0,0.0,0.0,0.0,0.0,0.0,0.0,0.0,0.0,0.0,0.0,0.090909,0.0,no
3.0.1,src/java/main/org/apache/zookeeper/server/quorum/ProposalRequestProcessor.java,0.02207,0.036281,0.0,0.0,0.0,0.0,0.0,0.0,0.0,0.0,0.0,0.0,0.0,0.0,0.0,0.0,0.0,0.0,0.0,0.020202,0.272727,0.0,no
3.1.0,src/contrib/bookkeeper/benchmark/org/apache/bookkeeper/benchmark/MySqlClient.java,0.063927,0.038549,0.016129,0.142857,0.0,0.051311,0.119755,0.160798,0.059982,0.119755,0.160798,0.028247,0.047059,0.175,0.245614,0.009615,0.009852,0.0,0.0,0.015152,0.181818,0.0,no
3.1.0,src/contrib/bookkeeper/benchmark/org/apache/bookkeeper/benchmark/TestClient.java,0.143836,0.057823,0.016129,0.142857,0.0,0.100749,0.23514,0.315728,0.117776,0.23514,0.315728,0.055464,0.047059,0.175,0.245614,0.009615,0.009852,0.0,0.0,0.085859,0.272727,0.0,yes
3.1.0,src/contrib/bookkeeper/src/java/org/apache/bookkeeper/bookie/Bookie.java,0.20624,0.037415,0.016129,0.142857,0.0,0.128464,0.299825,0.402582,0.150175,0.299825,0.402582,0.070722,0.047059,0.175,0.245614,0.009615,0.009852,0.0,0.0,0.151515,0.545455,0.0,yes
3.1.0,src/contrib/bookkeeper/src/java/org/apache/bookkeeper/bookie/LedgerDescriptor.java,0.066971,0.055556,0.016129,0.142857,0.0,0.057678,0.134615,0.180751,0.067426,0.134615,0.180751,0.031753,0.047059,0.175,0.245614,0.009615,0.009852,0.0,0.0,0.030303,0.181818,0.0,no
3.1.0,src/contrib/bookkeeper/src/java/org/apache/bookkeeper/client/AddCallback.java,0.000761,0.035147,0.016129,0.142857,0.0,0.013858,0.032343,0.043427,0.0162,0.032343,0.043427,0.007629,0.047059,0.175,0.245614,0.009615,0.009852,0.0,0.0,0.005051,0.0,0.0,no
3.1.0,src/contrib/bookkeeper/src/java/org/apache/bookkeeper/client/BKException.java,0.064688,0.027211,0.016129,0.142857,0.0,0.048689,0.113636,0.152582,0.056918,0.113636,0.152582,0.026804,0.047059,0.175,0.245614,0.009615,0.009852,0.0,0.0,0.060606,0.181818,0.0,no
3.1.0,src/contrib/bookkeeper/src/java/org/apache/bookkeeper/client/BookKeeper.java,0.277778,0.268707,0.016129,0.142857,0.0,0.262547,0.612762,0.82277,0.306918,0.612762,0.82277,0.144536,0.047059,0.175,0.245614,0.009615,0.009852,0.0,0.0,0.207071,0.363636,0.0,no
3.1.0,src/contrib/bookkeeper/src/java/org/apache/bookkeeper/client/BookieHandle.java,0.098935,0.096372,0.016129,0.142857,0.0,0.093633,0.218531,0.293427,0.109457,0.218531,0.293427,0.051546,0.047059,0.175,0.245614,0.009615,0.009852,0.0,0.0,0.050505,0.545455,0.0,yes
3.1.0,src/contrib/bookkeeper/src/java/org/apache/bookkeeper/client/ClientCBWorker.java,0.050989,0.029478,0.016129,0.142857,0.0,0.041948,0.097902,0.131455,0.049037,0.097902,0.131455,0.023093,0.047059,0.175,0.245614,0.009615,0.009852,0.0,0.0,0.040404,0.545455,0.0,yes
3.1.0,src/contrib/bookkeeper/src/java/org/apache/bookkeeper/client/ErrorCodes.java,0.001522,0.022676,0.016129,0.142857,0.0,0.010861,0.02535,0.034038,0.012697,0.02535,0.034038,0.005979,0.047059,0.175,0.245614,0.009615,0.009852,0.0,0.0,0.0,0.0,0.0,no
3.1.0,src/contrib/bookkeeper/src/java/org/apache/bookkeeper/client/LedgerEntry.java,0.017504,0.029478,0.016129,0.142857,0.0,0.023596,0.05507,0.073944,0.027583,0.05507,0.073944,0.01299,0.047059,0.175,0.245614,0.009615,0.009852,0.0,0.0,0.005051,0.090909,0.0,no
3.1.0,src/contrib/bookkeeper/src/java/org/apache/bookkeeper/client/LedgerHandle.java,0.143836,0.111111,0.016129,0.142857,0.0,0.130712,0.30507,0.409624,0.152802,0.30507,0.409624,0.071959,0.047059,0.175,0.245614,0.009615,0.009852,0.0,0.0,0.050505,0.363636,0.0,yes
3.1.0,src/contrib/bookkeeper/src/java/org/apache/bookkeeper/client/LedgerRecoveryMonitor.java,0.098935,0.052154,0.016129,0.142857,0.0,0.079775,0.186189,0.25,0.093257,0.186189,0.25,0.043918,0.047059,0.175,0.245614,0.009615,0.009852,0.0,0.0,0.09596,0.454545,0.0,yes
3.1.0,src/contrib/bookkeeper/src/java/org/apache/bookkeeper/client/LedgerSequence.java,0.019787,0.028345,0.016129,0.142857,0.0,0.024345,0.056818,0.076291,0.028459,0.056818,0.076291,0.013402,0.047059,0.175,0.245614,0.009615,0.009852,0.0,0.0,0.005051,0.090909,0.0,no
3.1.0,src/contrib/bookkeeper/src/java/org/apache/bookkeeper/client/LedgerStream.java,0.035769,0.046485,0.016129,0.142857,0.0,0.038951,0.090909,0.122066,0.045534,0.090909,0.122066,0.021443,0.047059,0.175,0.245614,0.009615,0.009852,0.0,0.0,0.035354,0.545455,0.0,no
3.1.0,src/contrib/bookkeeper/src/java/org/apache/bookkeeper/client/QuorumEngine.java,0.135464,0.044218,0.016129,0.142857,0.0,0.099251,0.231643,0.311033,0.116025,0.231643,0.311033,0.054639,0.047059,0.175,0.245614,0.009615,0.009852,0.0,0.0,0.030303,0.454545,0.0,no
3.1.0,src/contrib/bookkeeper/src/java/org/apache/bookkeeper/client/QuorumOpMonitor.java,0.199391,0.173469,0.016129,0.142857,0.0,0.185768,0.433566,0.58216,0.217163,0.433566,0.58216,0.102268,0.047059,0.175,0.245614,0.009615,0.009852,0.0,0.0,0.267677,0.818182,0.0,no
3.1.0,src/contrib/bookkeeper/src/java/org/apache/bookkeeper/client/ReadCallback.java,0.000761,0.035147,0.016129,0.142857,0.0,0.014232,0.033217,0.044601,0.016637,0.033217,0.044601,0.007835,0.047059,0.175,0.245614,0.009615,0.009852,0.0,0.0,0.0,0.0,0.0,no
3.1.0,src/contrib/bookkeeper/src/java/org/apache/bookkeeper/proto/BookieClient.java,0.169711,0.0839,0.016129,0.142857,0.0,0.12809,0.298951,0.401408,0.149737,0.298951,0.401408,0.070515,0.047059,0.175,0.245614,0.009615,0.009852,0.0,0.0,0.085859,0.545455,0.0,yes
3.1.0,src/contrib/bookkeeper/src/java/org/apache/bookkeeper/proto/BookieProtocol.java,0.005327,0.064626,0.016129,0.142857,0.0,0.026217,0.061189,0.08216,0.030648,0.061189,0.08216,0.014433,0.047059,0.175,0.245614,0.009615,0.009852,0.0,0.0,0.005051,0.0,0.0,no
3.1.0,src/contrib/bookkeeper/src/java/org/apache/bookkeeper/proto/BookieServer.java,0.101218,0.035147,0.016129,0.142857,0.0,0.067041,0.156469,0.210094,0.078371,0.156469,0.210094,0.036907,0.047059,0.175,0.245614,0.009615,0.009852,0.0,0.0,0.075758,0.363636,0.0,no
3.1.0,src/contrib/bookkeeper/src/java/org/apache/bookkeeper/proto/NIOServerFactory.java,0.276256,0.120181,0.016129,0.142857,0.0,0.199251,0.465035,0.624413,0.232925,0.465035,0.624413,0.109691,0.047059,0.175,0.245614,0.009615,0.009852,0.0,0.0,0.227273,0.636364,0.0,yes
3.1.0,src/contrib/bookkeeper/src/java/org/apache/bookkeeper/proto/ReadEntryCallback.java,0.001522,0.029478,0.016129,0.142857,0.0,0.013109,0.030594,0.04108,0.015324,0.030594,0.04108,0.007216,0.047059,0.175,0.245614,0.009615,0.009852,0.0,0.0,0.010101,0.0,0.0,no
3.1.0,src/contrib/bookkeeper/src/java/org/apache/bookkeeper/proto/ServerStats.java,0.077626,0.017007,0.016129,0.142857,0.0,0.049813,0.116259,0.156103,0.058231,0.116259,0.156103,0.027423,0.047059,0.175,0.245614,0.009615,0.009852,0.0,0.0,0.015152,0.181818,0.0,no
3.1.0,src/contrib/bookkeeper/src/java/org/apache/bookkeeper/proto/WriteCallback.java,0.000761,0.029478,0.016129,0.142857,0.0,0.011985,0.027972,0.037559,0.014011,0.027972,0.037559,0.006598,0.047059,0.175,0.245614,0.009615,0.009852,0.0,0.0,0.010101,0.0,0.0,no
3.1.0,src/contrib/bookkeeper/src/java/org/apache/bookkeeper/util/ClientBase.java,0.18417,0.057823,0.016129,0.142857,0.0,0.128464,0.299825,0.402582,0.150175,0.299825,0.402582,0.070722,0.047059,0.175,0.245614,0.009615,0.009852,0.0,0.0,0.121212,0.454545,0.0,no
3.1.0,src/contrib/bookkeeper/src/java/org/apache/bookkeeper/util/LocalBookKeeper.java,0.082953,0.037415,0.016129,0.142857,0.0,0.061423,0.143357,0.192488,0.071804,0.143357,0.192488,0.033814,0.047059,0.175,0.245614,0.009615,0.009852,0.0,0.0,0.030303,0.272727,0.0,yes
3.1.0,src/contrib/bookkeeper/src/java/org/apache/bookkeeper/util/Main.java,0.015221,0.028345,0.016129,0.142857,0.0,0.020599,0.048077,0.064554,0.024081,0.048077,0.064554,0.01134,0.047059,0.175,0.245614,0.009615,0.009852,0.0,0.0,0.010101,0.181818,0.0,no
3.1.0,src/contrib/fatjar/src/java/org/apache/zookeeper/util/FatJarMain.java,0.057839,0.046485,0.016129,0.142857,0.0,0.047191,0.11014,0.147887,0.055166,0.11014,0.147887,0.025979,0.001681,0.00625,0.008772,0.024038,0.024631,0.0,0.0,0.050505,0.272727,0.0,no
3.1.0,src/java/main/org/apache/jute/Index.java,0.001522,0.036281,0.0,0.0,0.0,0.0,0.0,0.0,0.0,0.0,0.0,0.0,0.0,0.0,0.0,0.0,0.0,0.0,0.0,0.010101,0.0,0.0,no
3.1.0,src/java/main/org/apache/jute/Record.java,0.003805,0.024943,0.0,0.0,0.0,0.0,0.0,0.0,0.0,0.0,0.0,0.0,0.0,0.0,0.0,0.0,0.0,0.0,0.0,0.0,0.0,0.0,no
3.1.0,src/java/main/org/apache/jute/compiler/JBoolean.java,0.009132,0.024943,0.0,0.0,0.0,0.0,0.0,0.0,0.0,0.0,0.0,0.0,0.0,0.0,0.0,0.0,0.0,0.0,0.0,0.0,0.090909,0.0,no
3.1.0,src/java/main/org/apache/jute/compiler/JByte.java,0.004566,0.024943,0.0,0.0,0.0,0.0,0.0,0.0,0.0,0.0,0.0,0.0,0.0,0.0,0.0,0.0,0.0,0.0,0.0,0.0,0.090909,0.0,no
3.1.0,src/java/main/org/apache/jute/compiler/JCompType.java,0.015982,0.027211,0.0,0.0,0.0,0.0,0.0,0.0,0.0,0.0,0.0,0.0,0.0,0.0,0.0,0.0,0.0,0.0,0.0,0.005051,0.090909,0.0,no
3.1.0,src/java/main/org/apache/jute/compiler/JDouble.java,0.00761,0.024943,0.0,0.0,0.0,0.0,0.0,0.0,0.0,0.0,0.0,0.0,0.0,0.0,0.0,0.0,0.0,0.0,0.0,0.0,0.090909,0.0,no
3.1.0,src/java/main/org/apache/jute/compiler/JFloat.java,0.006849,0.024943,0.0,0.0,0.0,0.0,0.0,0.0,0.0,0.0,0.0,0.0,0.0,0.0,0.0,0.0,0.0,0.0,0.0,0.0,0.090909,0.0,no
3.1.0,src/java/main/org/apache/jute/compiler/JInt.java,0.004566,0.024943,0.0,0.0,0.0,0.0,0.0,0.0,0.0,0.0,0.0,0.0,0.0,0.0,0.0,0.0,0.0,0.0,0.0,0.0,0.090909,0.0,no
3.1.0,src/java/main/org/apache/jute/compiler/JLong.java,0.006849,0.024943,0.0,0.0,0.0,0.0,0.0,0.0,0.0,0.0,0.0,0.0,0.0,0.0,0.0,0.0,0.0,0.0,0.0,0.0,0.090909,0.0,no
3.1.0,src/java/main/org/apache/jute/compiler/JString.java,0.012177,0.024943,0.0,0.0,0.0,0.0,0.0,0.0,0.0,0.0,0.0,0.0,0.0,0.0,0.0,0.0,0.0,0.0,0.0,0.005051,0.181818,0.0,no
3.1.0,src/java/main/org/apache/zookeeper/AsyncCallback.java,0.018265,0.019274,0.0,0.0,0.0,0.0,0.0,0.0,0.0,0.0,0.0,0.0,0.0,0.0,0.0,0.0,0.0,0.0,0.0,0.0,0.090909,0.0,no
3.1.0,src/java/main/org/apache/zookeeper/ClientWatchManager.java,0.001522,0.035147,0.0,0.0,0.0,0.0,0.0,0.0,0.0,0.0,0.0,0.0,0.0,0.0,0.0,0.0,0.0,0.0,0.0,0.010101,0.0,0.0,no
3.1.0,src/java/main/org/apache/zookeeper/Environment.java,0.049467,0.02381,0.016129,0.142857,0.0,0.037453,0.087413,0.117371,0.043783,0.087413,0.117371,0.020619,0.008403,0.03125,0.04386,0.048077,0.049261,0.0,0.0,0.005051,0.181818,0.0,no
3.1.0,src/java/main/org/apache/zookeeper/Quotas.java,0.009132,0.05102,0.016129,0.142857,0.0,0.025468,0.059441,0.079812,0.029772,0.059441,0.079812,0.014021,0.011765,0.04375,0.061404,0.004808,0.004926,0.0,0.0,0.010101,0.090909,0.0,no
3.1.0,src/java/main/org/apache/zookeeper/StatsTrack.java,0.025875,0.062358,0.016129,0.142857,0.0,0.037828,0.088287,0.118545,0.044221,0.088287,0.118545,0.020825,0.011765,0.04375,0.061404,0.004808,0.004926,0.0,0.0,0.030303,0.181818,0.0,no
3.1.0,src/java/main/org/apache/zookeeper/common/PathTrie.java,0.114916,0.122449,0.016129,0.142857,0.0,0.104869,0.244755,0.328638,0.122592,0.244755,0.328638,0.057732,0.011765,0.04375,0.061404,0.004808,0.004926,0.0,0.0,0.131313,0.363636,0.0,no
3.1.0,src/java/main/org/apache/zookeeper/jmx/CommonNames.java,0.002283,0.02381,0.0,0.0,0.0,0.0,0.0,0.0,0.0,0.0,0.0,0.0,0.0,0.0,0.0,0.0,0.0,0.0,0.0,0.0,0.0,0.0,no
3.1.0,src/java/main/org/apache/zookeeper/jmx/MBeanRegistry.java,0.091324,0.064626,0.032258,0.142857,0.0,0.025468,0.02972,0.039906,0.012259,0.012238,0.016432,0.022268,0.026891,0.05,0.070175,0.004808,0.004926,0.0,0.0,0.075758,0.272727,0.0,no
3.1.0,src/java/main/org/apache/zookeeper/jmx/ManagedUtil.java,0.020548,0.034014,0.0,0.0,0.0,0.0,0.0,0.0,0.0,0.0,0.0,0.0,0.0,0.0,0.0,0.0,0.0,0.0,0.0,0.015152,0.181818,0.0,no
3.1.0,src/java/main/org/apache/zookeeper/jmx/ZKMBeanInfo.java,0.001522,0.03288,0.0,0.0,0.0,0.0,0.0,0.0,0.0,0.0,0.0,0.0,0.0,0.0,0.0,0.0,0.0,0.0,0.0,0.015152,0.0,0.0,no
3.1.0,src/java/main/org/apache/zookeeper/server/ConnectionBean.java,0.059361,0.022676,0.032258,0.142857,0.0,0.01573,0.018357,0.024648,0.010508,0.01049,0.014085,0.012371,0.026891,0.05,0.070175,0.004808,0.004926,0.0,0.0,0.015152,0.181818,0.0,no
3.1.0,src/java/main/org/apache/zookeeper/server/ConnectionMXBean.java,0.00761,0.058957,0.0,0.0,0.0,0.0,0.0,0.0,0.0,0.0,0.0,0.0,0.0,0.0,0.0,0.0,0.0,0.0,0.0,0.0,0.0,0.0,no
3.1.0,src/java/main/org/apache/zookeeper/server/DataTreeBean.java,0.025875,0.022676,0.0,0.0,0.0,0.0,0.0,0.0,0.0,0.0,0.0,0.0,0.0,0.0,0.0,0.0,0.0,0.0,0.0,0.005051,0.181818,0.0,no
3.1.0,src/java/main/org/apache/zookeeper/server/DataTreeMXBean.java,0.003805,0.040816,0.0,0.0,0.0,0.0,0.0,0.0,0.0,0.0,0.0,0.0,0.0,0.0,0.0,0.0,0.0,0.0,0.0,0.0,0.0,0.0,no
3.1.0,src/java/main/org/apache/zookeeper/server/RequestProcessor.java,0.001522,0.03288,0.0,0.0,0.0,0.0,0.0,0.0,0.0,0.0,0.0,0.0,0.0,0.0,0.0,0.0,0.0,0.0,0.0,0.0,0.0,0.0,no
3.1.0,src/java/main/org/apache/zookeeper/server/SessionTracker.java,0.008371,0.038549,0.0,0.0,0.0,0.0,0.0,0.0,0.0,0.0,0.0,0.0,0.0,0.0,0.0,0.0,0.0,0.0,0.0,0.005051,0.090909,0.0,yes
3.1.0,src/java/main/org/apache/zookeeper/server/ZooKeeperServerBean.java,0.05175,0.022676,0.032258,0.142857,0.0,0.000749,0.000874,0.001174,0.001751,0.001748,0.002347,0.001649,0.026891,0.05,0.070175,0.004808,0.004926,0.0,0.0,0.0,0.181818,0.0,no
3.1.0,src/java/main/org/apache/zookeeper/server/ZooKeeperServerMXBean.java,0.010654,0.070295,0.0,0.0,0.0,0.0,0.0,0.0,0.0,0.0,0.0,0.0,0.0,0.0,0.0,0.0,0.0,0.0,0.0,0.0,0.0,0.0,no
3.1.0,src/java/main/org/apache/zookeeper/server/auth/AuthenticationProvider.java,0.005327,0.073696,0.016129,0.142857,0.0,0.000749,0.001748,0.002347,0.000438,0.000874,0.001174,0.000619,0.020168,0.075,0.105263,0.033654,0.034483,0.0,0.0,0.035354,0.0,0.0,no
3.1.0,src/java/main/org/apache/zookeeper/server/auth/HostAuthenticationProvider.java,0.02968,0.020408,0.016129,0.142857,0.0,0.001498,0.003497,0.004695,0.000876,0.001748,0.002347,0.001237,0.020168,0.075,0.105263,0.033654,0.034483,0.0,0.0,0.030303,0.272727,0.0,yes
3.1.0,src/java/main/org/apache/zookeeper/server/persistence/SnapShot.java,0.00761,0.046485,0.0,0.0,0.0,0.0,0.0,0.0,0.0,0.0,0.0,0.0,0.0,0.0,0.0,0.0,0.0,0.0,0.0,0.010101,0.0,0.0,no
3.1.0,src/java/main/org/apache/zookeeper/server/persistence/TxnLog.java,0.012177,0.091837,0.0,0.0,0.0,0.0,0.0,0.0,0.0,0.0,0.0,0.0,0.0,0.0,0.0,0.0,0.0,0.0,0.0,0.020202,0.090909,0.0,no
3.1.0,src/java/main/org/apache/zookeeper/server/quorum/AckRequestProcessor.java,0.008371,0.028345,0.0,0.0,0.0,0.0,0.0,0.0,0.0,0.0,0.0,0.0,0.0,0.0,0.0,0.0,0.0,0.0,0.0,0.005051,0.090909,0.0,no
3.1.0,src/java/main/org/apache/zookeeper/server/quorum/Election.java,0.001522,0.019274,0.0,0.0,0.0,0.0,0.0,0.0,0.0,0.0,0.0,0.0,0.0,0.0,0.0,0.0,0.0,0.0,0.0,0.0,0.0,0.0,no
3.1.0,src/java/main/org/apache/zookeeper/server/quorum/FollowerBean.java,0.01446,0.022676,0.0,0.0,0.0,0.0,0.0,0.0,0.0,0.0,0.0,0.0,0.0,0.0,0.0,0.0,0.0,0.0,0.0,0.0,0.090909,0.0,no
3.1.0,src/java/main/org/apache/zookeeper/server/quorum/FollowerMXBean.java,0.003044,0.03288,0.0,0.0,0.0,0.0,0.0,0.0,0.0,0.0,0.0,0.0,0.0,0.0,0.0,0.0,0.0,0.0,0.0,0.0,0.0,0.0,no
3.1.0,src/java/main/org/apache/zookeeper/server/quorum/FollowerSyncRequest.java,0.00761,0.019274,0.0,0.0,0.0,0.0,0.0,0.0,0.0,0.0,0.0,0.0,0.0,0.0,0.0,0.0,0.0,0.0,0.0,0.0,0.090909,0.0,no
3.1.0,src/java/main/org/apache/zookeeper/server/quorum/LeaderBean.java,0.016743,0.022676,0.0,0.0,0.0,0.0,0.0,0.0,0.0,0.0,0.0,0.0,0.0,0.0,0.0,0.0,0.0,0.0,0.0,0.005051,0.181818,0.0,no
3.1.0,src/java/main/org/apache/zookeeper/server/quorum/LeaderElectionBean.java,0.009132,0.022676,0.0,0.0,0.0,0.0,0.0,0.0,0.0,0.0,0.0,0.0,0.0,0.0,0.0,0.0,0.0,0.0,0.0,0.0,0.090909,0.0,no
3.1.0,src/java/main/org/apache/zookeeper/server/quorum/LeaderElectionMXBean.java,0.000761,0.027211,0.0,0.0,0.0,0.0,0.0,0.0,0.0,0.0,0.0,0.0,0.0,0.0,0.0,0.0,0.0,0.0,0.0,0.0,0.0,0.0,no
3.1.0,src/java/main/org/apache/zookeeper/server/quorum/LeaderMXBean.java,0.002283,0.029478,0.0,0.0,0.0,0.0,0.0,0.0,0.0,0.0,0.0,0.0,0.0,0.0,0.0,0.0,0.0,0.0,0.0,0.0,0.0,0.0,no
3.1.0,src/java/main/org/apache/zookeeper/server/quorum/LocalPeerBean.java,0.024353,0.022676,0.016129,0.142857,0.0,0.025468,0.059441,0.079812,0.029772,0.059441,0.079812,0.014021,0.110924,0.4125,0.578947,0.019231,0.019704,0.0,0.0,0.0,0.090909,0.0,no
3.1.0,src/java/main/org/apache/zookeeper/server/quorum/LocalPeerMXBean.java,0.005327,0.049887,0.016129,0.142857,0.0,0.02397,0.055944,0.075117,0.028021,0.055944,0.075117,0.013196,0.110924,0.4125,0.578947,0.019231,0.019704,0.0,0.0,0.0,0.0,0.0,no
3.1.0,src/java/main/org/apache/zookeeper/server/quorum/ProposalRequestProcessor.java,0.021309,0.036281,0.016129,0.142857,0.0,0.0,0.0,0.0,0.000438,0.000874,0.001174,0.000206,0.110924,0.4125,0.578947,0.019231,0.019704,0.0,0.0,0.020202,0.272727,0.0,no
3.1.0,src/java/main/org/apache/zookeeper/server/quorum/QuorumBean.java,0.012938,0.019274,0.0,0.0,0.0,0.0,0.0,0.0,0.0,0.0,0.0,0.0,0.0,0.0,0.0,0.0,0.0,0.0,0.0,0.0,0.090909,0.0,no
3.1.0,src/java/main/org/apache/zookeeper/server/quorum/QuorumMXBean.java,0.001522,0.029478,0.0,0.0,0.0,0.0,0.0,0.0,0.0,0.0,0.0,0.0,0.0,0.0,0.0,0.0,0.0,0.0,0.0,0.0,0.0,0.0,no
3.1.0,src/java/main/org/apache/zookeeper/server/quorum/RemotePeerBean.java,0.011416,0.02381,0.0,0.0,0.0,0.0,0.0,0.0,0.0,0.0,0.0,0.0,0.0,0.0,0.0,0.0,0.0,0.0,0.0,0.0,0.090909,0.0,no
3.1.0,src/java/main/org/apache/zookeeper/server/quorum/RemotePeerMXBean.java,0.001522,0.029478,0.0,0.0,0.0,0.0,0.0,0.0,0.0,0.0,0.0,0.0,0.0,0.0,0.0,0.0,0.0,0.0,0.0,0.005051,0.0,0.0,no
3.1.0,src/java/main/org/apache/zookeeper/server/quorum/ServerBean.java,0.006849,0.022676,0.0,0.0,0.0,0.0,0.0,0.0,0.0,0.0,0.0,0.0,0.0,0.0,0.0,0.0,0.0,0.0,0.0,0.005051,0.090909,0.0,no
3.1.0,src/java/main/org/apache/zookeeper/server/quorum/ServerMXBean.java,0.001522,0.029478,0.0,0.0,0.0,0.0,0.0,0.0,0.0,0.0,0.0,0.0,0.0,0.0,0.0,0.0,0.0,0.0,0.0,0.0,0.0,0.0,no
3.1.1,src/contrib/bookkeeper/src/java/org/apache/bookkeeper/client/AddCallback.java,0.000761,0.035147,0.016129,0.142857,0.0,0.013858,0.032343,0.043427,0.0162,0.032343,0.043427,0.007629,0.047059,0.175,0.245614,0.038462,0.039409,0.0,0.0,0.005051,0.0,0.0,no
3.1.1,src/contrib/bookkeeper/src/java/org/apache/bookkeeper/client/ErrorCodes.java,0.001522,0.022676,0.016129,0.142857,0.0,0.010861,0.02535,0.034038,0.012697,0.02535,0.034038,0.005979,0.047059,0.175,0.245614,0.038462,0.039409,0.0,0.0,0.0,0.0,0.0,no
3.1.1,src/contrib/bookkeeper/src/java/org/apache/bookkeeper/client/ReadCallback.java,0.000761,0.035147,0.016129,0.142857,0.0,0.014232,0.033217,0.044601,0.016637,0.033217,0.044601,0.007835,0.047059,0.175,0.245614,0.038462,0.039409,0.0,0.0,0.0,0.0,0.0,no
3.1.1,src/contrib/bookkeeper/src/java/org/apache/bookkeeper/proto/ReadEntryCallback.java,0.001522,0.029478,0.016129,0.142857,0.0,0.013109,0.030594,0.04108,0.015324,0.030594,0.04108,0.007216,0.047059,0.175,0.245614,0.038462,0.039409,0.0,0.0,0.010101,0.0,0.0,no
3.1.1,src/contrib/bookkeeper/src/java/org/apache/bookkeeper/proto/WriteCallback.java,0.000761,0.029478,0.016129,0.142857,0.0,0.011985,0.027972,0.037559,0.014011,0.027972,0.037559,0.006598,0.047059,0.175,0.245614,0.038462,0.039409,0.0,0.0,0.010101,0.0,0.0,no
3.1.1,src/java/main/org/apache/jute/Index.java,0.001522,0.036281,0.0,0.0,0.0,0.0,0.0,0.0,0.0,0.0,0.0,0.0,0.0,0.0,0.0,0.0,0.0,0.0,0.0,0.010101,0.0,0.0,no
3.1.1,src/java/main/org/apache/jute/Record.java,0.003805,0.024943,0.0,0.0,0.0,0.0,0.0,0.0,0.0,0.0,0.0,0.0,0.0,0.0,0.0,0.0,0.0,0.0,0.0,0.0,0.0,0.0,no
3.1.1,src/java/main/org/apache/jute/compiler/JBoolean.java,0.009132,0.024943,0.0,0.0,0.0,0.0,0.0,0.0,0.0,0.0,0.0,0.0,0.0,0.0,0.0,0.0,0.0,0.0,0.0,0.0,0.090909,0.0,no
3.1.1,src/java/main/org/apache/jute/compiler/JByte.java,0.004566,0.024943,0.0,0.0,0.0,0.0,0.0,0.0,0.0,0.0,0.0,0.0,0.0,0.0,0.0,0.0,0.0,0.0,0.0,0.0,0.090909,0.0,no
3.1.1,src/java/main/org/apache/jute/compiler/JCompType.java,0.015982,0.027211,0.0,0.0,0.0,0.0,0.0,0.0,0.0,0.0,0.0,0.0,0.0,0.0,0.0,0.0,0.0,0.0,0.0,0.005051,0.090909,0.0,no
3.1.1,src/java/main/org/apache/jute/compiler/JDouble.java,0.00761,0.024943,0.0,0.0,0.0,0.0,0.0,0.0,0.0,0.0,0.0,0.0,0.0,0.0,0.0,0.0,0.0,0.0,0.0,0.0,0.090909,0.0,no
3.1.1,src/java/main/org/apache/jute/compiler/JFloat.java,0.006849,0.024943,0.0,0.0,0.0,0.0,0.0,0.0,0.0,0.0,0.0,0.0,0.0,0.0,0.0,0.0,0.0,0.0,0.0,0.0,0.090909,0.0,no
3.1.1,src/java/main/org/apache/jute/compiler/JInt.java,0.004566,0.024943,0.0,0.0,0.0,0.0,0.0,0.0,0.0,0.0,0.0,0.0,0.0,0.0,0.0,0.0,0.0,0.0,0.0,0.0,0.090909,0.0,no
3.1.1,src/java/main/org/apache/jute/compiler/JLong.java,0.006849,0.024943,0.0,0.0,0.0,0.0,0.0,0.0,0.0,0.0,0.0,0.0,0.0,0.0,0.0,0.0,0.0,0.0,0.0,0.0,0.090909,0.0,no
3.1.1,src/java/main/org/apache/jute/compiler/JString.java,0.012177,0.024943,0.0,0.0,0.0,0.0,0.0,0.0,0.0,0.0,0.0,0.0,0.0,0.0,0.0,0.0,0.0,0.0,0.0,0.005051,0.181818,0.0,no
3.1.1,src/java/main/org/apache/zookeeper/AsyncCallback.java,0.018265,0.019274,0.0,0.0,0.0,0.0,0.0,0.0,0.0,0.0,0.0,0.0,0.0,0.0,0.0,0.0,0.0,0.0,0.0,0.0,0.090909,0.0,no
3.1.1,src/java/main/org/apache/zookeeper/ClientWatchManager.java,0.001522,0.035147,0.0,0.0,0.0,0.0,0.0,0.0,0.0,0.0,0.0,0.0,0.0,0.0,0.0,0.0,0.0,0.0,0.0,0.010101,0.0,0.0,no
3.1.1,src/java/main/org/apache/zookeeper/jmx/CommonNames.java,0.002283,0.02381,0.0,0.0,0.0,0.0,0.0,0.0,0.0,0.0,0.0,0.0,0.0,0.0,0.0,0.0,0.0,0.0,0.0,0.0,0.0,0.0,no
3.1.1,src/java/main/org/apache/zookeeper/jmx/ZKMBeanInfo.java,0.001522,0.03288,0.0,0.0,0.0,0.0,0.0,0.0,0.0,0.0,0.0,0.0,0.0,0.0,0.0,0.0,0.0,0.0,0.0,0.015152,0.0,0.0,no
3.1.1,src/java/main/org/apache/zookeeper/server/ConnectionMXBean.java,0.00761,0.058957,0.0,0.0,0.0,0.0,0.0,0.0,0.0,0.0,0.0,0.0,0.0,0.0,0.0,0.0,0.0,0.0,0.0,0.0,0.0,0.0,no
3.1.1,src/java/main/org/apache/zookeeper/server/DataTreeMXBean.java,0.003805,0.040816,0.0,0.0,0.0,0.0,0.0,0.0,0.0,0.0,0.0,0.0,0.0,0.0,0.0,0.0,0.0,0.0,0.0,0.0,0.0,0.0,no
3.1.1,src/java/main/org/apache/zookeeper/server/RequestProcessor.java,0.001522,0.03288,0.0,0.0,0.0,0.0,0.0,0.0,0.0,0.0,0.0,0.0,0.0,0.0,0.0,0.0,0.0,0.0,0.0,0.0,0.0,0.0,no
3.1.1,src/java/main/org/apache/zookeeper/server/ServerStats.java,0.068493,0.024943,0.048387,0.285714,0.0,0.011985,0.021853,0.01252,0.008757,0.012238,0.007825,0.014845,0.129412,0.4125,0.225146,0.0625,0.049672,0.0,0.0,0.020202,0.181818,0.0,no
3.1.1,src/java/main/org/apache/zookeeper/server/SessionTracker.java,0.008371,0.038549,0.0,0.0,0.0,0.0,0.0,0.0,0.0,0.0,0.0,0.0,0.0,0.0,0.0,0.0,0.0,0.0,0.0,0.005051,0.090909,0.0,yes
3.1.1,src/java/main/org/apache/zookeeper/server/ZooKeeperServerBean.java,0.05175,0.022676,0.032258,0.142857,0.0,0.000749,0.000874,0.001174,0.001751,0.001748,0.002347,0.001649,0.026891,0.05,0.070175,0.033654,0.034483,0.0,0.0,0.0,0.181818,0.0,no
3.1.1,src/java/main/org/apache/zookeeper/server/ZooKeeperServerMXBean.java,0.010654,0.070295,0.0,0.0,0.0,0.0,0.0,0.0,0.0,0.0,0.0,0.0,0.0,0.0,0.0,0.0,0.0,0.0,0.0,0.0,0.0,0.0,no
3.1.1,src/java/main/org/apache/zookeeper/server/auth/AuthenticationProvider.java,0.005327,0.073696,0.016129,0.142857,0.0,0.000749,0.001748,0.002347,0.000438,0.000874,0.001174,0.000619,0.020168,0.075,0.105263,0.0625,0.064039,0.0,0.0,0.035354,0.0,0.0,no
3.1.1,src/java/main/org/apache/zookeeper/server/auth/HostAuthenticationProvider.java,0.02968,0.020408,0.016129,0.142857,0.0,0.001498,0.003497,0.004695,0.000876,0.001748,0.002347,0.001237,0.020168,0.075,0.105263,0.0625,0.064039,0.0,0.0,0.030303,0.272727,0.0,yes
3.1.1,src/java/main/org/apache/zookeeper/server/persistence/SnapShot.java,0.00761,0.046485,0.0,0.0,0.0,0.0,0.0,0.0,0.0,0.0,0.0,0.0,0.0,0.0,0.0,0.0,0.0,0.0,0.0,0.010101,0.0,0.0,no
3.1.1,src/java/main/org/apache/zookeeper/server/persistence/TxnLog.java,0.012177,0.092971,0.016129,0.142857,0.0,0.000749,0.001748,0.002347,0.000438,0.000874,0.001174,0.000619,0.023529,0.0875,0.122807,0.024038,0.024631,0.0,0.0,0.020202,0.090909,0.0,no
3.1.1,src/java/main/org/apache/zookeeper/server/quorum/AckRequestProcessor.java,0.008371,0.028345,0.0,0.0,0.0,0.0,0.0,0.0,0.0,0.0,0.0,0.0,0.0,0.0,0.0,0.0,0.0,0.0,0.0,0.005051,0.090909,0.0,no
3.1.1,src/java/main/org/apache/zookeeper/server/quorum/Election.java,0.001522,0.019274,0.0,0.0,0.0,0.0,0.0,0.0,0.0,0.0,0.0,0.0,0.0,0.0,0.0,0.0,0.0,0.0,0.0,0.0,0.0,0.0,no
3.1.1,src/java/main/org/apache/zookeeper/server/quorum/FollowerMXBean.java,0.003044,0.03288,0.0,0.0,0.0,0.0,0.0,0.0,0.0,0.0,0.0,0.0,0.0,0.0,0.0,0.0,0.0,0.0,0.0,0.0,0.0,0.0,no
3.1.1,src/java/main/org/apache/zookeeper/server/quorum/FollowerSyncRequest.java,0.00761,0.019274,0.0,0.0,0.0,0.0,0.0,0.0,0.0,0.0,0.0,0.0,0.0,0.0,0.0,0.0,0.0,0.0,0.0,0.0,0.090909,0.0,no
3.1.1,src/java/main/org/apache/zookeeper/server/quorum/LeaderElectionBean.java,0.009132,0.022676,0.0,0.0,0.0,0.0,0.0,0.0,0.0,0.0,0.0,0.0,0.0,0.0,0.0,0.0,0.0,0.0,0.0,0.0,0.090909,0.0,no
3.1.1,src/java/main/org/apache/zookeeper/server/quorum/LeaderElectionMXBean.java,0.000761,0.027211,0.0,0.0,0.0,0.0,0.0,0.0,0.0,0.0,0.0,0.0,0.0,0.0,0.0,0.0,0.0,0.0,0.0,0.0,0.0,0.0,no
3.1.1,src/java/main/org/apache/zookeeper/server/quorum/LeaderMXBean.java,0.002283,0.029478,0.0,0.0,0.0,0.0,0.0,0.0,0.0,0.0,0.0,0.0,0.0,0.0,0.0,0.0,0.0,0.0,0.0,0.0,0.0,0.0,no
3.1.1,src/java/main/org/apache/zookeeper/server/quorum/LocalPeerBean.java,0.024353,0.022676,0.016129,0.142857,0.0,0.025468,0.059441,0.079812,0.029772,0.059441,0.079812,0.014021,0.110924,0.4125,0.578947,0.048077,0.049261,0.0,0.0,0.0,0.090909,0.0,no
3.1.1,src/java/main/org/apache/zookeeper/server/quorum/LocalPeerMXBean.java,0.005327,0.049887,0.016129,0.142857,0.0,0.02397,0.055944,0.075117,0.028021,0.055944,0.075117,0.013196,0.110924,0.4125,0.578947,0.048077,0.049261,0.0,0.0,0.0,0.0,0.0,no
3.1.1,src/java/main/org/apache/zookeeper/server/quorum/ProposalRequestProcessor.java,0.021309,0.036281,0.016129,0.142857,0.0,0.0,0.0,0.0,0.000438,0.000874,0.001174,0.000206,0.110924,0.4125,0.578947,0.048077,0.049261,0.0,0.0,0.020202,0.272727,0.0,no
3.1.1,src/java/main/org/apache/zookeeper/server/quorum/QuorumBean.java,0.012938,0.019274,0.0,0.0,0.0,0.0,0.0,0.0,0.0,0.0,0.0,0.0,0.0,0.0,0.0,0.0,0.0,0.0,0.0,0.0,0.090909,0.0,no
3.1.1,src/java/main/org/apache/zookeeper/server/quorum/QuorumMXBean.java,0.001522,0.029478,0.0,0.0,0.0,0.0,0.0,0.0,0.0,0.0,0.0,0.0,0.0,0.0,0.0,0.0,0.0,0.0,0.0,0.0,0.0,0.0,no
3.1.1,src/java/main/org/apache/zookeeper/server/quorum/RemotePeerMXBean.java,0.001522,0.029478,0.0,0.0,0.0,0.0,0.0,0.0,0.0,0.0,0.0,0.0,0.0,0.0,0.0,0.0,0.0,0.0,0.0,0.005051,0.0,0.0,no
3.1.1,src/java/main/org/apache/zookeeper/server/quorum/ServerBean.java,0.006849,0.022676,0.0,0.0,0.0,0.0,0.0,0.0,0.0,0.0,0.0,0.0,0.0,0.0,0.0,0.0,0.0,0.0,0.0,0.005051,0.090909,0.0,no
3.1.1,src/java/main/org/apache/zookeeper/server/quorum/ServerMXBean.java,0.001522,0.029478,0.0,0.0,0.0,0.0,0.0,0.0,0.0,0.0,0.0,0.0,0.0,0.0,0.0,0.0,0.0,0.0,0.0,0.0,0.0,0.0,no
3.2.0,src/contrib/bookkeeper/src/java/org/apache/bookkeeper/bookie/BookieException.java,0.034247,0.022676,0.016129,0.142857,0.0,0.030337,0.070804,0.09507,0.035464,0.070804,0.09507,0.016701,0.023529,0.0875,0.122807,0.067308,0.068966,0.0,0.0,0.020202,0.181818,0.0,no
3.2.0,src/contrib/bookkeeper/src/java/org/apache/bookkeeper/client/AsyncCallback.java,0.011416,0.061224,0.032258,0.285714,0.0,0.030712,0.071678,0.048122,0.03634,0.071678,0.048709,0.017113,0.047059,0.09375,0.122807,0.024038,0.024452,0.0,0.0,0.005051,0.090909,0.0,no
3.2.0,src/contrib/bookkeeper/src/java/org/apache/bookkeeper/client/BKDefs.java,0.011416,0.079365,0.032258,0.285714,0.0,0.040075,0.060315,0.062793,0.046848,0.060315,0.062793,0.022062,0.047059,0.09375,0.122807,0.024038,0.019382,0.0,0.0,0.010101,0.0,0.0,no
3.2.0,src/contrib/bookkeeper/src/java/org/apache/bookkeeper/client/LedgerManagementProcessor.java,0.557839,0.455782,0.032258,0.285714,0.0,0.481648,1.0,0.754695,0.556918,1.0,0.746479,0.268041,0.047059,0.09375,0.122807,0.024038,0.022857,0.0,0.0,0.515152,0.545455,0.0,no
3.2.0,src/contrib/bookkeeper/src/java/org/apache/bookkeeper/proto/ReadEntryCallback.java,0.001522,0.029478,0.016129,0.142857,0.0,0.013109,0.030594,0.04108,0.015324,0.030594,0.04108,0.007216,0.047059,0.175,0.245614,0.105769,0.108374,0.0,0.0,0.010101,0.0,0.0,no
3.2.0,src/contrib/bookkeeper/src/java/org/apache/bookkeeper/proto/WriteCallback.java,0.000761,0.029478,0.016129,0.142857,0.0,0.011985,0.027972,0.037559,0.014011,0.027972,0.037559,0.006598,0.047059,0.175,0.245614,0.105769,0.108374,0.0,0.0,0.010101,0.0,0.0,no
3.2.0,src/contrib/bookkeeper/src/java/org/apache/bookkeeper/streaming/LedgerInputStream.java,0.076104,0.056689,0.016129,0.142857,0.0,0.061423,0.143357,0.192488,0.071804,0.143357,0.192488,0.033814,0.020168,0.075,0.105263,0.043269,0.044335,0.0,0.0,0.055556,0.272727,0.0,no
3.2.0,src/contrib/bookkeeper/src/java/org/apache/bookkeeper/streaming/LedgerOutputStream.java,0.061644,0.058957,0.032258,0.285714,0.0,0.055431,0.125,0.086854,0.064799,0.125,0.086854,0.030515,0.045378,0.09375,0.118421,0.043269,0.04317,0.0,0.0,0.055556,0.272727,0.0,no
3.2.0,src/contrib/rest/src/java/org/apache/zookeeper/server/jersey/RestMain.java,0.025114,0.029478,0.016129,0.142857,0.0,0.029213,0.068182,0.091549,0.034151,0.068182,0.091549,0.016082,0.020168,0.075,0.105263,0.038462,0.039409,0.0,0.0,0.005051,0.090909,0.0,no
3.2.0,src/contrib/rest/src/java/org/apache/zookeeper/server/jersey/ZooKeeperService.java,0.040335,0.048753,0.016129,0.142857,0.0,0.041199,0.096154,0.129108,0.048161,0.096154,0.129108,0.02268,0.020168,0.075,0.105263,0.038462,0.039409,0.0,0.0,0.060606,0.272727,0.0,no
3.2.0,src/contrib/rest/src/java/org/apache/zookeeper/server/jersey/jaxb/ZChildren.java,0.032725,0.026077,0.016129,0.142857,0.0,0.029963,0.06993,0.093897,0.035026,0.06993,0.093897,0.016495,0.020168,0.075,0.105263,0.038462,0.039409,0.0,0.0,0.010101,0.181818,0.0,no
3.2.0,src/contrib/rest/src/java/org/apache/zookeeper/server/jersey/jaxb/ZChildrenJSON.java,0.02968,0.026077,0.016129,0.142857,0.0,0.028464,0.066434,0.089202,0.033275,0.066434,0.089202,0.01567,0.020168,0.075,0.105263,0.038462,0.039409,0.0,0.0,0.010101,0.181818,0.0,no
3.2.0,src/contrib/rest/src/java/org/apache/zookeeper/server/jersey/jaxb/ZError.java,0.00761,0.02381,0.016129,0.142857,0.0,0.015356,0.035839,0.048122,0.017951,0.035839,0.048122,0.008454,0.020168,0.075,0.105263,0.038462,0.039409,0.0,0.0,0.0,0.090909,0.0,no
3.2.0,src/contrib/rest/src/java/org/apache/zookeeper/server/jersey/jaxb/ZPath.java,0.02207,0.02381,0.016129,0.142857,0.0,0.023596,0.05507,0.073944,0.027583,0.05507,0.073944,0.01299,0.020168,0.075,0.105263,0.038462,0.039409,0.0,0.0,0.005051,0.181818,0.0,no
3.2.0,src/contrib/rest/src/java/org/apache/zookeeper/server/jersey/jaxb/ZStat.java,0.048706,0.029478,0.016129,0.142857,0.0,0.0397,0.092657,0.124413,0.04641,0.092657,0.124413,0.021856,0.020168,0.075,0.105263,0.038462,0.039409,0.0,0.0,0.010101,0.181818,0.0,no
3.2.0,src/contrib/rest/src/java/org/apache/zookeeper/server/jersey/resources/JAXBContextResolver.java,0.02968,0.02381,0.016129,0.142857,0.0,0.026966,0.062937,0.084507,0.031524,0.062937,0.084507,0.014845,0.020168,0.075,0.105263,0.038462,0.039409,0.0,0.0,0.0,0.181818,0.0,no
3.2.0,src/contrib/rest/src/java/org/apache/zookeeper/server/jersey/resources/KeeperExceptionMapper.java,0.040335,0.022676,0.016129,0.142857,0.0,0.03221,0.075175,0.100939,0.037653,0.075175,0.100939,0.017732,0.020168,0.075,0.105263,0.038462,0.039409,0.0,0.0,0.040404,0.181818,0.0,no
3.2.0,src/contrib/rest/src/java/org/apache/zookeeper/server/jersey/resources/RuntimeExceptionMapper.java,0.01446,0.022676,0.016129,0.142857,0.0,0.017978,0.041958,0.056338,0.021016,0.041958,0.056338,0.009897,0.020168,0.075,0.105263,0.038462,0.039409,0.0,0.0,0.0,0.090909,0.0,no
3.2.0,src/contrib/rest/src/java/org/apache/zookeeper/server/jersey/resources/ZErrorWriter.java,0.024353,0.022676,0.016129,0.142857,0.0,0.023596,0.05507,0.073944,0.027583,0.05507,0.073944,0.01299,0.020168,0.075,0.105263,0.038462,0.039409,0.0,0.0,0.0,0.090909,0.0,no
3.2.0,src/contrib/rest/src/java/org/apache/zookeeper/server/jersey/resources/ZNodeResource.java,0.226788,0.031746,0.016129,0.142857,0.0,0.140449,0.327797,0.440141,0.164186,0.327797,0.440141,0.07732,0.020168,0.075,0.105263,0.038462,0.039409,0.0,0.0,0.09596,0.272727,0.0,no
3.2.0,src/java/main/org/apache/jute/Index.java,0.001522,0.035147,0.016129,0.142857,0.0,0.0,0.0,0.0,0.000438,0.000874,0.001174,0.000206,0.052101,0.19375,0.27193,0.028846,0.029557,0.0,0.0,0.010101,0.0,0.0,no
3.2.0,src/java/main/org/apache/jute/Record.java,0.003805,0.02381,0.016129,0.142857,0.0,0.0,0.0,0.0,0.000438,0.000874,0.001174,0.000206,0.052101,0.19375,0.27193,0.028846,0.029557,0.0,0.0,0.0,0.0,0.0,no
3.2.0,src/java/main/org/apache/jute/compiler/JBoolean.java,0.009132,0.02381,0.016129,0.142857,0.0,0.0,0.0,0.0,0.000438,0.000874,0.001174,0.000206,0.052101,0.19375,0.27193,0.028846,0.029557,0.0,0.0,0.0,0.090909,0.0,no
3.2.0,src/java/main/org/apache/jute/compiler/JByte.java,0.004566,0.02381,0.016129,0.142857,0.0,0.0,0.0,0.0,0.000438,0.000874,0.001174,0.000206,0.052101,0.19375,0.27193,0.028846,0.029557,0.0,0.0,0.0,0.090909,0.0,no
3.2.0,src/java/main/org/apache/jute/compiler/JCompType.java,0.015982,0.024943,0.016129,0.142857,0.0,0.0,0.0,0.0,0.000876,0.001748,0.002347,0.000412,0.052101,0.19375,0.27193,0.028846,0.029557,0.0,0.0,0.005051,0.090909,0.0,no
3.2.0,src/java/main/org/apache/jute/compiler/JDouble.java,0.00761,0.02381,0.016129,0.142857,0.0,0.0,0.0,0.0,0.000438,0.000874,0.001174,0.000206,0.052101,0.19375,0.27193,0.028846,0.029557,0.0,0.0,0.0,0.090909,0.0,no
3.2.0,src/java/main/org/apache/jute/compiler/JFloat.java,0.006849,0.02381,0.016129,0.142857,0.0,0.0,0.0,0.0,0.000438,0.000874,0.001174,0.000206,0.052101,0.19375,0.27193,0.028846,0.029557,0.0,0.0,0.0,0.090909,0.0,no
3.2.0,src/java/main/org/apache/jute/compiler/JInt.java,0.004566,0.02381,0.016129,0.142857,0.0,0.0,0.0,0.0,0.000438,0.000874,0.001174,0.000206,0.052101,0.19375,0.27193,0.028846,0.029557,0.0,0.0,0.0,0.090909,0.0,no
3.2.0,src/java/main/org/apache/jute/compiler/JLong.java,0.006849,0.02381,0.016129,0.142857,0.0,0.0,0.0,0.0,0.000438,0.000874,0.001174,0.000206,0.052101,0.19375,0.27193,0.028846,0.029557,0.0,0.0,0.0,0.090909,0.0,no
3.2.0,src/java/main/org/apache/jute/compiler/JString.java,0.012177,0.02381,0.016129,0.142857,0.0,0.0,0.0,0.0,0.000438,0.000874,0.001174,0.000206,0.052101,0.19375,0.27193,0.028846,0.029557,0.0,0.0,0.005051,0.181818,0.0,no
3.2.0,src/java/main/org/apache/zookeeper/AsyncCallback.java,0.018265,0.019274,0.0,0.0,0.0,0.0,0.0,0.0,0.0,0.0,0.0,0.0,0.0,0.0,0.0,0.0,0.0,0.0,0.0,0.0,0.090909,0.0,no
3.2.0,src/java/main/org/apache/zookeeper/ClientWatchManager.java,0.001522,0.035147,0.0,0.0,0.0,0.0,0.0,0.0,0.0,0.0,0.0,0.0,0.0,0.0,0.0,0.0,0.0,0.0,0.0,0.010101,0.0,0.0,no
3.2.0,src/java/main/org/apache/zookeeper/JLineZNodeCompletor.java,0.040335,0.021542,0.016129,0.142857,0.0,0.031461,0.073427,0.098592,0.036778,0.073427,0.098592,0.01732,0.003361,0.0125,0.017544,0.038462,0.039409,0.0,0.0,0.035354,0.363636,0.0,no
3.2.0,src/java/main/org/apache/zookeeper/common/PathUtils.java,0.046423,0.035147,0.016129,0.142857,0.037037,0.038577,0.090035,0.120892,0.045096,0.090035,0.120892,0.021237,0.001681,0.00625,0.008772,0.057692,0.059113,0.0,0.0,0.106061,0.363636,0.0,no
3.2.0,src/java/main/org/apache/zookeeper/jmx/CommonNames.java,0.002283,0.02381,0.0,0.0,0.0,0.0,0.0,0.0,0.0,0.0,0.0,0.0,0.0,0.0,0.0,0.0,0.0,0.0,0.0,0.0,0.0,0.0,no
3.2.0,src/java/main/org/apache/zookeeper/jmx/ZKMBeanInfo.java,0.001522,0.03288,0.0,0.0,0.0,0.0,0.0,0.0,0.0,0.0,0.0,0.0,0.0,0.0,0.0,0.0,0.0,0.0,0.0,0.015152,0.0,0.0,no
3.2.0,src/java/main/org/apache/zookeeper/server/ConnectionMXBean.java,0.00761,0.058957,0.0,0.0,0.0,0.0,0.0,0.0,0.0,0.0,0.0,0.0,0.0,0.0,0.0,0.0,0.0,0.0,0.0,0.0,0.0,0.0,no
3.2.0,src/java/main/org/apache/zookeeper/server/DataTreeMXBean.java,0.003805,0.040816,0.0,0.0,0.0,0.0,0.0,0.0,0.0,0.0,0.0,0.0,0.0,0.0,0.0,0.0,0.0,0.0,0.0,0.0,0.0,0.0,no
3.2.0,src/java/main/org/apache/zookeeper/server/RequestProcessor.java,0.001522,0.03288,0.0,0.0,0.0,0.0,0.0,0.0,0.0,0.0,0.0,0.0,0.0,0.0,0.0,0.0,0.0,0.0,0.0,0.0,0.0,0.0,no
3.2.0,src/java/main/org/apache/zookeeper/server/ServerStats.java,0.068493,0.024943,0.048387,0.285714,0.0,0.011985,0.021853,0.01252,0.008757,0.012238,0.007825,0.014845,0.129412,0.4125,0.225146,0.134615,0.119184,0.0,0.0,0.020202,0.181818,0.0,no
3.2.0,src/java/main/org/apache/zookeeper/server/SessionTracker.java,0.010654,0.038549,0.016129,0.142857,0.037037,0.001873,0.004371,0.005869,0.001751,0.003497,0.004695,0.001237,0.018487,0.06875,0.096491,0.004808,0.004926,0.0,0.0,0.005051,0.090909,0.0,no
3.2.0,src/java/main/org/apache/zookeeper/server/ZooKeeperServerBean.java,0.05175,0.022676,0.032258,0.142857,0.0,0.000749,0.000874,0.001174,0.001751,0.001748,0.002347,0.001649,0.026891,0.05,0.070175,0.100962,0.103448,0.0,0.0,0.0,0.181818,0.0,no
3.2.0,src/java/main/org/apache/zookeeper/server/ZooKeeperServerMXBean.java,0.010654,0.070295,0.0,0.0,0.0,0.0,0.0,0.0,0.0,0.0,0.0,0.0,0.0,0.0,0.0,0.0,0.0,0.0,0.0,0.0,0.0,0.0,no
3.2.0,src/java/main/org/apache/zookeeper/server/auth/AuthenticationProvider.java,0.005327,0.073696,0.016129,0.142857,0.0,0.000749,0.001748,0.002347,0.000438,0.000874,0.001174,0.000619,0.020168,0.075,0.105263,0.134615,0.137931,0.0,0.0,0.035354,0.0,0.0,no
3.2.0,src/java/main/org/apache/zookeeper/server/persistence/SnapShot.java,0.00761,0.046485,0.0,0.0,0.0,0.0,0.0,0.0,0.0,0.0,0.0,0.0,0.0,0.0,0.0,0.0,0.0,0.0,0.0,0.010101,0.0,0.0,no
3.2.0,src/java/main/org/apache/zookeeper/server/persistence/TxnLog.java,0.012177,0.092971,0.016129,0.142857,0.0,0.000749,0.001748,0.002347,0.000438,0.000874,0.001174,0.000619,0.023529,0.0875,0.122807,0.091346,0.093596,0.0,0.0,0.020202,0.090909,0.0,no
3.2.0,src/java/main/org/apache/zookeeper/server/quorum/AckRequestProcessor.java,0.012938,0.028345,0.032258,0.285714,0.0,0.003745,0.007867,0.005869,0.003503,0.006993,0.004695,0.002474,0.042017,0.08125,0.109649,0.048077,0.036946,0.0,0.0,0.010101,0.090909,0.0,no
3.2.0,src/java/main/org/apache/zookeeper/server/quorum/Election.java,0.001522,0.019274,0.0,0.0,0.0,0.0,0.0,0.0,0.0,0.0,0.0,0.0,0.0,0.0,0.0,0.0,0.0,0.0,0.0,0.0,0.0,0.0,no
3.2.0,src/java/main/org/apache/zookeeper/server/quorum/FollowerMXBean.java,0.003044,0.03288,0.0,0.0,0.0,0.0,0.0,0.0,0.0,0.0,0.0,0.0,0.0,0.0,0.0,0.0,0.0,0.0,0.0,0.0,0.0,0.0,no
3.2.0,src/java/main/org/apache/zookeeper/server/quorum/FollowerSyncRequest.java,0.00761,0.019274,0.0,0.0,0.0,0.0,0.0,0.0,0.0,0.0,0.0,0.0,0.0,0.0,0.0,0.0,0.0,0.0,0.0,0.0,0.090909,0.0,no
3.2.0,src/java/main/org/apache/zookeeper/server/quorum/LeaderElectionBean.java,0.009132,0.022676,0.0,0.0,0.0,0.0,0.0,0.0,0.0,0.0,0.0,0.0,0.0,0.0,0.0,0.0,0.0,0.0,0.0,0.0,0.090909,0.0,no
3.2.0,src/java/main/org/apache/zookeeper/server/quorum/LeaderElectionMXBean.java,0.000761,0.027211,0.0,0.0,0.0,0.0,0.0,0.0,0.0,0.0,0.0,0.0,0.0,0.0,0.0,0.0,0.0,0.0,0.0,0.0,0.0,0.0,no
3.2.0,src/java/main/org/apache/zookeeper/server/quorum/LeaderMXBean.java,0.002283,0.029478,0.0,0.0,0.0,0.0,0.0,0.0,0.0,0.0,0.0,0.0,0.0,0.0,0.0,0.0,0.0,0.0,0.0,0.0,0.0,0.0,no
3.2.0,src/java/main/org/apache/zookeeper/server/quorum/LocalPeerBean.java,0.024353,0.022676,0.016129,0.142857,0.0,0.025468,0.059441,0.079812,0.029772,0.059441,0.079812,0.014021,0.110924,0.4125,0.578947,0.115385,0.118227,0.0,0.0,0.0,0.090909,0.0,no
3.2.0,src/java/main/org/apache/zookeeper/server/quorum/LocalPeerMXBean.java,0.005327,0.049887,0.016129,0.142857,0.0,0.02397,0.055944,0.075117,0.028021,0.055944,0.075117,0.013196,0.110924,0.4125,0.578947,0.115385,0.118227,0.0,0.0,0.0,0.0,0.0,no
3.2.0,src/java/main/org/apache/zookeeper/server/quorum/ProposalRequestProcessor.java,0.023592,0.039683,0.096774,0.428571,0.0,0.006367,0.006119,0.003326,0.008757,0.005245,0.003912,0.005773,0.240336,0.4125,0.209064,0.115385,0.024806,0.0,0.0,0.020202,0.272727,0.0,no
3.2.0,src/java/main/org/apache/zookeeper/server/quorum/QuorumBean.java,0.012938,0.019274,0.0,0.0,0.0,0.0,0.0,0.0,0.0,0.0,0.0,0.0,0.0,0.0,0.0,0.0,0.0,0.0,0.0,0.0,0.090909,0.0,no
3.2.0,src/java/main/org/apache/zookeeper/server/quorum/QuorumMXBean.java,0.001522,0.029478,0.0,0.0,0.0,0.0,0.0,0.0,0.0,0.0,0.0,0.0,0.0,0.0,0.0,0.0,0.0,0.0,0.0,0.0,0.0,0.0,no
3.2.0,src/java/main/org/apache/zookeeper/server/quorum/RemotePeerMXBean.java,0.001522,0.029478,0.0,0.0,0.0,0.0,0.0,0.0,0.0,0.0,0.0,0.0,0.0,0.0,0.0,0.0,0.0,0.0,0.0,0.005051,0.0,0.0,no
3.2.0,src/java/main/org/apache/zookeeper/server/quorum/ServerBean.java,0.006849,0.022676,0.0,0.0,0.0,0.0,0.0,0.0,0.0,0.0,0.0,0.0,0.0,0.0,0.0,0.0,0.0,0.0,0.0,0.005051,0.090909,0.0,no
3.2.0,src/java/main/org/apache/zookeeper/server/quorum/ServerMXBean.java,0.001522,0.029478,0.0,0.0,0.0,0.0,0.0,0.0,0.0,0.0,0.0,0.0,0.0,0.0,0.0,0.0,0.0,0.0,0.0,0.0,0.0,0.0,no
3.2.0,src/java/main/org/apache/zookeeper/server/quorum/flexible/QuorumHierarchical.java,0.09589,0.091837,0.016129,0.142857,0.0,0.093258,0.217657,0.292254,0.109019,0.217657,0.292254,0.05134,0.020168,0.075,0.105263,0.048077,0.049261,0.0,0.0,0.106061,0.363636,0.0,yes
3.2.0,src/java/main/org/apache/zookeeper/server/quorum/flexible/QuorumMaj.java,0.006088,0.031746,0.016129,0.142857,0.0,0.017228,0.04021,0.053991,0.02014,0.04021,0.053991,0.009485,0.020168,0.075,0.105263,0.048077,0.049261,0.0,0.0,0.010101,0.090909,0.0,no
3.2.0,src/java/main/org/apache/zookeeper/server/quorum/flexible/QuorumVerifier.java,0.001522,0.026077,0.016129,0.142857,0.0,0.011985,0.027972,0.037559,0.014011,0.027972,0.037559,0.006598,0.020168,0.075,0.105263,0.048077,0.049261,0.0,0.0,0.005051,0.0,0.0,no
3.2.0,src/recipes/lock/src/java/org/apache/zookeeper/recipes/lock/LockListener.java,0.001522,0.035147,0.016129,0.142857,0.0,0.014232,0.033217,0.044601,0.016637,0.033217,0.044601,0.007835,0.008403,0.03125,0.04386,0.048077,0.049261,0.0,0.0,0.0,0.0,0.0,no
3.2.0,src/recipes/lock/src/java/org/apache/zookeeper/recipes/lock/ProtocolSupport.java,0.072298,0.086168,0.016129,0.142857,0.0,0.07191,0.167832,0.225352,0.084063,0.167832,0.225352,0.039588,0.008403,0.03125,0.04386,0.048077,0.049261,0.0,0.0,0.065657,0.454545,0.0,no
3.2.0,src/recipes/lock/src/java/org/apache/zookeeper/recipes/lock/WriteLock.java,0.12481,0.119048,0.016129,0.142857,0.0,0.110487,0.257867,0.346244,0.129159,0.257867,0.346244,0.060825,0.008403,0.03125,0.04386,0.048077,0.049261,0.0,0.0,0.257576,0.727273,0.0,no
3.2.0,src/recipes/lock/src/java/org/apache/zookeeper/recipes/lock/ZNodeName.java,0.045662,0.037415,0.016129,0.142857,0.0,0.040824,0.09528,0.127934,0.047723,0.09528,0.127934,0.022474,0.008403,0.03125,0.04386,0.048077,0.049261,0.0,0.0,0.045455,0.272727,0.0,no
3.2.0,src/recipes/lock/src/java/org/apache/zookeeper/recipes/lock/ZooKeeperOperation.java,0.001522,0.034014,0.016129,0.142857,0.0,0.014232,0.033217,0.044601,0.016637,0.033217,0.044601,0.007835,0.008403,0.03125,0.04386,0.048077,0.049261,0.0,0.0,0.010101,0.0,0.0,no
3.2.1,src/contrib/bookkeeper/src/java/org/apache/bookkeeper/client/AsyncCallback.java,0.011416,0.061224,0.032258,0.285714,0.0,0.030712,0.071678,0.048122,0.03634,0.071678,0.048709,0.017113,0.047059,0.09375,0.122807,0.067308,0.068728,0.0,0.0,0.005051,0.090909,0.0,no
3.2.1,src/contrib/bookkeeper/src/java/org/apache/bookkeeper/proto/ReadEntryCallback.java,0.001522,0.029478,0.016129,0.142857,0.0,0.013109,0.030594,0.04108,0.015324,0.030594,0.04108,0.007216,0.047059,0.175,0.245614,0.149038,0.152709,0.0,0.0,0.010101,0.0,0.0,no
3.2.1,src/contrib/bookkeeper/src/java/org/apache/bookkeeper/proto/WriteCallback.java,0.000761,0.029478,0.016129,0.142857,0.0,0.011985,0.027972,0.037559,0.014011,0.027972,0.037559,0.006598,0.047059,0.175,0.245614,0.149038,0.152709,0.0,0.0,0.010101,0.0,0.0,no
3.2.1,src/contrib/rest/src/java/org/apache/zookeeper/server/jersey/jaxb/ZChildren.java,0.032725,0.026077,0.016129,0.142857,0.0,0.029963,0.06993,0.093897,0.035026,0.06993,0.093897,0.016495,0.020168,0.075,0.105263,0.081731,0.083744,0.0,0.0,0.010101,0.181818,0.0,no
3.2.1,src/contrib/rest/src/java/org/apache/zookeeper/server/jersey/jaxb/ZChildrenJSON.java,0.02968,0.026077,0.016129,0.142857,0.0,0.028464,0.066434,0.089202,0.033275,0.066434,0.089202,0.01567,0.020168,0.075,0.105263,0.081731,0.083744,0.0,0.0,0.010101,0.181818,0.0,no
3.2.1,src/contrib/rest/src/java/org/apache/zookeeper/server/jersey/jaxb/ZError.java,0.00761,0.02381,0.016129,0.142857,0.0,0.015356,0.035839,0.048122,0.017951,0.035839,0.048122,0.008454,0.020168,0.075,0.105263,0.081731,0.083744,0.0,0.0,0.0,0.090909,0.0,no
3.2.1,src/contrib/rest/src/java/org/apache/zookeeper/server/jersey/jaxb/ZPath.java,0.02207,0.02381,0.016129,0.142857,0.0,0.023596,0.05507,0.073944,0.027583,0.05507,0.073944,0.01299,0.020168,0.075,0.105263,0.081731,0.083744,0.0,0.0,0.005051,0.181818,0.0,no
3.2.1,src/java/main/org/apache/jute/Index.java,0.001522,0.035147,0.016129,0.142857,0.0,0.0,0.0,0.0,0.000438,0.000874,0.001174,0.000206,0.052101,0.19375,0.27193,0.072115,0.073892,0.0,0.0,0.010101,0.0,0.0,no
3.2.1,src/java/main/org/apache/jute/Record.java,0.003805,0.02381,0.016129,0.142857,0.0,0.0,0.0,0.0,0.000438,0.000874,0.001174,0.000206,0.052101,0.19375,0.27193,0.072115,0.073892,0.0,0.0,0.0,0.0,0.0,no
3.2.1,src/java/main/org/apache/jute/compiler/JBoolean.java,0.009132,0.02381,0.016129,0.142857,0.0,0.0,0.0,0.0,0.000438,0.000874,0.001174,0.000206,0.052101,0.19375,0.27193,0.072115,0.073892,0.0,0.0,0.0,0.090909,0.0,no
3.2.1,src/java/main/org/apache/jute/compiler/JByte.java,0.004566,0.02381,0.016129,0.142857,0.0,0.0,0.0,0.0,0.000438,0.000874,0.001174,0.000206,0.052101,0.19375,0.27193,0.072115,0.073892,0.0,0.0,0.0,0.090909,0.0,no
3.2.1,src/java/main/org/apache/jute/compiler/JCompType.java,0.015982,0.024943,0.016129,0.142857,0.0,0.0,0.0,0.0,0.000876,0.001748,0.002347,0.000412,0.052101,0.19375,0.27193,0.072115,0.073892,0.0,0.0,0.005051,0.090909,0.0,no
3.2.1,src/java/main/org/apache/jute/compiler/JDouble.java,0.00761,0.02381,0.016129,0.142857,0.0,0.0,0.0,0.0,0.000438,0.000874,0.001174,0.000206,0.052101,0.19375,0.27193,0.072115,0.073892,0.0,0.0,0.0,0.090909,0.0,no
3.2.1,src/java/main/org/apache/jute/compiler/JFloat.java,0.006849,0.02381,0.016129,0.142857,0.0,0.0,0.0,0.0,0.000438,0.000874,0.001174,0.000206,0.052101,0.19375,0.27193,0.072115,0.073892,0.0,0.0,0.0,0.090909,0.0,no
3.2.1,src/java/main/org/apache/jute/compiler/JInt.java,0.004566,0.02381,0.016129,0.142857,0.0,0.0,0.0,0.0,0.000438,0.000874,0.001174,0.000206,0.052101,0.19375,0.27193,0.072115,0.073892,0.0,0.0,0.0,0.090909,0.0,no
3.2.1,src/java/main/org/apache/jute/compiler/JLong.java,0.006849,0.02381,0.016129,0.142857,0.0,0.0,0.0,0.0,0.000438,0.000874,0.001174,0.000206,0.052101,0.19375,0.27193,0.072115,0.073892,0.0,0.0,0.0,0.090909,0.0,no
3.2.1,src/java/main/org/apache/jute/compiler/JString.java,0.012177,0.02381,0.016129,0.142857,0.0,0.0,0.0,0.0,0.000438,0.000874,0.001174,0.000206,0.052101,0.19375,0.27193,0.072115,0.073892,0.0,0.0,0.005051,0.181818,0.0,no
3.2.1,src/java/main/org/apache/zookeeper/AsyncCallback.java,0.018265,0.019274,0.0,0.0,0.0,0.0,0.0,0.0,0.0,0.0,0.0,0.0,0.0,0.0,0.0,0.0,0.0,0.0,0.0,0.0,0.090909,0.0,no
3.2.1,src/java/main/org/apache/zookeeper/ClientWatchManager.java,0.001522,0.035147,0.0,0.0,0.0,0.0,0.0,0.0,0.0,0.0,0.0,0.0,0.0,0.0,0.0,0.0,0.0,0.0,0.0,0.010101,0.0,0.0,no
3.2.1,src/java/main/org/apache/zookeeper/jmx/CommonNames.java,0.002283,0.02381,0.0,0.0,0.0,0.0,0.0,0.0,0.0,0.0,0.0,0.0,0.0,0.0,0.0,0.0,0.0,0.0,0.0,0.0,0.0,0.0,no
3.2.1,src/java/main/org/apache/zookeeper/jmx/ZKMBeanInfo.java,0.001522,0.03288,0.0,0.0,0.0,0.0,0.0,0.0,0.0,0.0,0.0,0.0,0.0,0.0,0.0,0.0,0.0,0.0,0.0,0.015152,0.0,0.0,no
3.2.1,src/java/main/org/apache/zookeeper/server/ConnectionMXBean.java,0.00761,0.058957,0.0,0.0,0.0,0.0,0.0,0.0,0.0,0.0,0.0,0.0,0.0,0.0,0.0,0.0,0.0,0.0,0.0,0.0,0.0,0.0,yes
3.2.1,src/java/main/org/apache/zookeeper/server/DataTreeMXBean.java,0.003805,0.040816,0.0,0.0,0.0,0.0,0.0,0.0,0.0,0.0,0.0,0.0,0.0,0.0,0.0,0.0,0.0,0.0,0.0,0.0,0.0,0.0,no
3.2.1,src/java/main/org/apache/zookeeper/server/RequestProcessor.java,0.001522,0.03288,0.0,0.0,0.0,0.0,0.0,0.0,0.0,0.0,0.0,0.0,0.0,0.0,0.0,0.0,0.0,0.0,0.0,0.0,0.0,0.0,no
3.2.1,src/java/main/org/apache/zookeeper/server/ServerStats.java,0.068493,0.024943,0.048387,0.285714,0.0,0.011985,0.021853,0.01252,0.008757,0.012238,0.007825,0.014845,0.129412,0.4125,0.225146,0.173077,0.162972,0.0,0.0,0.020202,0.181818,0.0,no
3.2.1,src/java/main/org/apache/zookeeper/server/SessionTracker.java,0.010654,0.038549,0.016129,0.142857,0.037037,0.001873,0.004371,0.005869,0.001751,0.003497,0.004695,0.001237,0.018487,0.06875,0.096491,0.048077,0.049261,0.0,0.0,0.005051,0.090909,0.0,yes
3.2.1,src/java/main/org/apache/zookeeper/server/ZooKeeperServerBean.java,0.05175,0.022676,0.032258,0.142857,0.0,0.000749,0.000874,0.001174,0.001751,0.001748,0.002347,0.001649,0.026891,0.05,0.070175,0.144231,0.147783,0.0,0.0,0.0,0.181818,0.0,no
3.2.1,src/java/main/org/apache/zookeeper/server/ZooKeeperServerMXBean.java,0.010654,0.070295,0.0,0.0,0.0,0.0,0.0,0.0,0.0,0.0,0.0,0.0,0.0,0.0,0.0,0.0,0.0,0.0,0.0,0.0,0.0,0.0,no
3.2.1,src/java/main/org/apache/zookeeper/server/auth/AuthenticationProvider.java,0.005327,0.073696,0.016129,0.142857,0.0,0.000749,0.001748,0.002347,0.000438,0.000874,0.001174,0.000619,0.020168,0.075,0.105263,0.173077,0.17734,0.0,0.0,0.035354,0.0,0.0,no
3.2.1,src/java/main/org/apache/zookeeper/server/persistence/SnapShot.java,0.00761,0.046485,0.0,0.0,0.0,0.0,0.0,0.0,0.0,0.0,0.0,0.0,0.0,0.0,0.0,0.0,0.0,0.0,0.0,0.010101,0.0,0.0,no
3.2.1,src/java/main/org/apache/zookeeper/server/persistence/TxnLog.java,0.012177,0.092971,0.016129,0.142857,0.0,0.000749,0.001748,0.002347,0.000438,0.000874,0.001174,0.000619,0.023529,0.0875,0.122807,0.134615,0.137931,0.0,0.0,0.020202,0.090909,0.0,yes
3.2.1,src/java/main/org/apache/zookeeper/server/quorum/Election.java,0.001522,0.019274,0.0,0.0,0.0,0.0,0.0,0.0,0.0,0.0,0.0,0.0,0.0,0.0,0.0,0.0,0.0,0.0,0.0,0.0,0.0,0.0,no
3.2.1,src/java/main/org/apache/zookeeper/server/quorum/FollowerMXBean.java,0.003044,0.03288,0.0,0.0,0.0,0.0,0.0,0.0,0.0,0.0,0.0,0.0,0.0,0.0,0.0,0.0,0.0,0.0,0.0,0.0,0.0,0.0,no
3.2.1,src/java/main/org/apache/zookeeper/server/quorum/FollowerSyncRequest.java,0.00761,0.019274,0.0,0.0,0.0,0.0,0.0,0.0,0.0,0.0,0.0,0.0,0.0,0.0,0.0,0.0,0.0,0.0,0.0,0.0,0.090909,0.0,no
3.2.1,src/java/main/org/apache/zookeeper/server/quorum/LeaderElectionBean.java,0.009132,0.022676,0.0,0.0,0.0,0.0,0.0,0.0,0.0,0.0,0.0,0.0,0.0,0.0,0.0,0.0,0.0,0.0,0.0,0.0,0.090909,0.0,no
3.2.1,src/java/main/org/apache/zookeeper/server/quorum/LeaderElectionMXBean.java,0.000761,0.027211,0.0,0.0,0.0,0.0,0.0,0.0,0.0,0.0,0.0,0.0,0.0,0.0,0.0,0.0,0.0,0.0,0.0,0.0,0.0,0.0,no
3.2.1,src/java/main/org/apache/zookeeper/server/quorum/LeaderMXBean.java,0.002283,0.029478,0.0,0.0,0.0,0.0,0.0,0.0,0.0,0.0,0.0,0.0,0.0,0.0,0.0,0.0,0.0,0.0,0.0,0.0,0.0,0.0,no
3.2.1,src/java/main/org/apache/zookeeper/server/quorum/LocalPeerBean.java,0.024353,0.022676,0.016129,0.142857,0.0,0.025468,0.059441,0.079812,0.029772,0.059441,0.079812,0.014021,0.110924,0.4125,0.578947,0.158654,0.162562,0.0,0.0,0.0,0.090909,0.0,no
3.2.1,src/java/main/org/apache/zookeeper/server/quorum/LocalPeerMXBean.java,0.005327,0.049887,0.016129,0.142857,0.0,0.02397,0.055944,0.075117,0.028021,0.055944,0.075117,0.013196,0.110924,0.4125,0.578947,0.158654,0.162562,0.0,0.0,0.0,0.0,0.0,no
3.2.1,src/java/main/org/apache/zookeeper/server/quorum/ProposalRequestProcessor.java,0.023592,0.039683,0.096774,0.428571,0.0,0.006367,0.006119,0.003326,0.008757,0.005245,0.003912,0.005773,0.240336,0.4125,0.209064,0.158654,0.065799,0.0,0.0,0.020202,0.272727,0.0,no
3.2.1,src/java/main/org/apache/zookeeper/server/quorum/QuorumBean.java,0.012938,0.019274,0.0,0.0,0.0,0.0,0.0,0.0,0.0,0.0,0.0,0.0,0.0,0.0,0.0,0.0,0.0,0.0,0.0,0.0,0.090909,0.0,no
3.2.1,src/java/main/org/apache/zookeeper/server/quorum/QuorumMXBean.java,0.001522,0.029478,0.0,0.0,0.0,0.0,0.0,0.0,0.0,0.0,0.0,0.0,0.0,0.0,0.0,0.0,0.0,0.0,0.0,0.0,0.0,0.0,no
3.2.1,src/java/main/org/apache/zookeeper/server/quorum/RemotePeerMXBean.java,0.001522,0.029478,0.0,0.0,0.0,0.0,0.0,0.0,0.0,0.0,0.0,0.0,0.0,0.0,0.0,0.0,0.0,0.0,0.0,0.005051,0.0,0.0,no
3.2.1,src/java/main/org/apache/zookeeper/server/quorum/ServerBean.java,0.006849,0.022676,0.0,0.0,0.0,0.0,0.0,0.0,0.0,0.0,0.0,0.0,0.0,0.0,0.0,0.0,0.0,0.0,0.0,0.005051,0.090909,0.0,no
3.2.1,src/java/main/org/apache/zookeeper/server/quorum/ServerMXBean.java,0.001522,0.029478,0.0,0.0,0.0,0.0,0.0,0.0,0.0,0.0,0.0,0.0,0.0,0.0,0.0,0.0,0.0,0.0,0.0,0.0,0.0,0.0,no
3.2.1,src/recipes/lock/src/java/org/apache/zookeeper/recipes/lock/LockListener.java,0.001522,0.035147,0.016129,0.142857,0.0,0.014232,0.033217,0.044601,0.016637,0.033217,0.044601,0.007835,0.008403,0.03125,0.04386,0.091346,0.093596,0.0,0.0,0.0,0.0,0.0,no
3.2.1,src/recipes/lock/src/java/org/apache/zookeeper/recipes/lock/ZooKeeperOperation.java,0.001522,0.034014,0.016129,0.142857,0.0,0.014232,0.033217,0.044601,0.016637,0.033217,0.044601,0.007835,0.008403,0.03125,0.04386,0.091346,0.093596,0.0,0.0,0.010101,0.0,0.0,no
3.1.2,src/contrib/bookkeeper/src/java/org/apache/bookkeeper/client/AsyncCallback.java,0.011416,0.061224,0.032258,0.285714,0.0,0.030712,0.071678,0.048122,0.03634,0.071678,0.048709,0.017113,0.047059,0.09375,0.122807,0.134615,0.137694,0.0,0.0,0.005051,0.090909,0.0,no
3.1.2,src/contrib/bookkeeper/src/java/org/apache/bookkeeper/proto/ReadEntryCallback.java,0.001522,0.029478,0.016129,0.142857,0.0,0.013109,0.030594,0.04108,0.015324,0.030594,0.04108,0.007216,0.047059,0.175,0.245614,0.216346,0.221675,0.0,0.0,0.010101,0.0,0.0,no
3.1.2,src/contrib/bookkeeper/src/java/org/apache/bookkeeper/proto/WriteCallback.java,0.000761,0.029478,0.016129,0.142857,0.0,0.011985,0.027972,0.037559,0.014011,0.027972,0.037559,0.006598,0.047059,0.175,0.245614,0.216346,0.221675,0.0,0.0,0.010101,0.0,0.0,no
3.1.2,src/contrib/rest/src/java/org/apache/zookeeper/server/jersey/jaxb/ZChildren.java,0.032725,0.026077,0.016129,0.142857,0.0,0.029963,0.06993,0.093897,0.035026,0.06993,0.093897,0.016495,0.020168,0.075,0.105263,0.149038,0.152709,0.0,0.0,0.010101,0.181818,0.0,no
3.1.2,src/contrib/rest/src/java/org/apache/zookeeper/server/jersey/jaxb/ZChildrenJSON.java,0.02968,0.026077,0.016129,0.142857,0.0,0.028464,0.066434,0.089202,0.033275,0.066434,0.089202,0.01567,0.020168,0.075,0.105263,0.149038,0.152709,0.0,0.0,0.010101,0.181818,0.0,no
3.1.2,src/contrib/rest/src/java/org/apache/zookeeper/server/jersey/jaxb/ZError.java,0.00761,0.02381,0.016129,0.142857,0.0,0.015356,0.035839,0.048122,0.017951,0.035839,0.048122,0.008454,0.020168,0.075,0.105263,0.149038,0.152709,0.0,0.0,0.0,0.090909,0.0,no
3.1.2,src/contrib/rest/src/java/org/apache/zookeeper/server/jersey/jaxb/ZPath.java,0.02207,0.02381,0.016129,0.142857,0.0,0.023596,0.05507,0.073944,0.027583,0.05507,0.073944,0.01299,0.020168,0.075,0.105263,0.149038,0.152709,0.0,0.0,0.005051,0.181818,0.0,no
3.1.2,src/java/main/org/apache/jute/Index.java,0.001522,0.035147,0.016129,0.142857,0.0,0.0,0.0,0.0,0.000438,0.000874,0.001174,0.000206,0.052101,0.19375,0.27193,0.139423,0.142857,0.0,0.0,0.010101,0.0,0.0,no
3.1.2,src/java/main/org/apache/jute/Record.java,0.003805,0.02381,0.016129,0.142857,0.0,0.0,0.0,0.0,0.000438,0.000874,0.001174,0.000206,0.052101,0.19375,0.27193,0.139423,0.142857,0.0,0.0,0.0,0.0,0.0,no
3.1.2,src/java/main/org/apache/jute/compiler/JBoolean.java,0.009132,0.02381,0.016129,0.142857,0.0,0.0,0.0,0.0,0.000438,0.000874,0.001174,0.000206,0.052101,0.19375,0.27193,0.139423,0.142857,0.0,0.0,0.0,0.090909,0.0,no
3.1.2,src/java/main/org/apache/jute/compiler/JByte.java,0.004566,0.02381,0.016129,0.142857,0.0,0.0,0.0,0.0,0.000438,0.000874,0.001174,0.000206,0.052101,0.19375,0.27193,0.139423,0.142857,0.0,0.0,0.0,0.090909,0.0,no
3.1.2,src/java/main/org/apache/jute/compiler/JCompType.java,0.015982,0.024943,0.016129,0.142857,0.0,0.0,0.0,0.0,0.000876,0.001748,0.002347,0.000412,0.052101,0.19375,0.27193,0.139423,0.142857,0.0,0.0,0.005051,0.090909,0.0,no
3.1.2,src/java/main/org/apache/jute/compiler/JDouble.java,0.00761,0.02381,0.016129,0.142857,0.0,0.0,0.0,0.0,0.000438,0.000874,0.001174,0.000206,0.052101,0.19375,0.27193,0.139423,0.142857,0.0,0.0,0.0,0.090909,0.0,no
3.1.2,src/java/main/org/apache/jute/compiler/JFloat.java,0.006849,0.02381,0.016129,0.142857,0.0,0.0,0.0,0.0,0.000438,0.000874,0.001174,0.000206,0.052101,0.19375,0.27193,0.139423,0.142857,0.0,0.0,0.0,0.090909,0.0,no
3.1.2,src/java/main/org/apache/jute/compiler/JInt.java,0.004566,0.02381,0.016129,0.142857,0.0,0.0,0.0,0.0,0.000438,0.000874,0.001174,0.000206,0.052101,0.19375,0.27193,0.139423,0.142857,0.0,0.0,0.0,0.090909,0.0,no
3.1.2,src/java/main/org/apache/jute/compiler/JLong.java,0.006849,0.02381,0.016129,0.142857,0.0,0.0,0.0,0.0,0.000438,0.000874,0.001174,0.000206,0.052101,0.19375,0.27193,0.139423,0.142857,0.0,0.0,0.0,0.090909,0.0,no
3.1.2,src/java/main/org/apache/jute/compiler/JString.java,0.012177,0.02381,0.016129,0.142857,0.0,0.0,0.0,0.0,0.000438,0.000874,0.001174,0.000206,0.052101,0.19375,0.27193,0.139423,0.142857,0.0,0.0,0.005051,0.181818,0.0,no
3.1.2,src/java/main/org/apache/zookeeper/AsyncCallback.java,0.018265,0.019274,0.016129,0.142857,0.0,0.001873,0.004371,0.005869,0.002189,0.004371,0.005869,0.001031,0.016807,0.0625,0.087719,0.028846,0.029557,0.0,0.0,0.0,0.090909,0.0,no
3.1.2,src/java/main/org/apache/zookeeper/ClientWatchManager.java,0.001522,0.035147,0.0,0.0,0.0,0.0,0.0,0.0,0.0,0.0,0.0,0.0,0.0,0.0,0.0,0.0,0.0,0.0,0.0,0.010101,0.0,0.0,no
3.1.2,src/java/main/org/apache/zookeeper/jmx/CommonNames.java,0.002283,0.02381,0.0,0.0,0.0,0.0,0.0,0.0,0.0,0.0,0.0,0.0,0.0,0.0,0.0,0.0,0.0,0.0,0.0,0.0,0.0,0.0,no
3.1.2,src/java/main/org/apache/zookeeper/jmx/ZKMBeanInfo.java,0.001522,0.03288,0.0,0.0,0.0,0.0,0.0,0.0,0.0,0.0,0.0,0.0,0.0,0.0,0.0,0.0,0.0,0.0,0.0,0.015152,0.0,0.0,no
3.1.2,src/java/main/org/apache/zookeeper/server/ConnectionMXBean.java,0.00761,0.058957,0.016129,0.142857,0.037037,0.011236,0.026224,0.035211,0.013135,0.026224,0.035211,0.006186,0.010084,0.0375,0.052632,0.019231,0.019704,0.0,0.0,0.0,0.0,0.0,yes
3.1.2,src/java/main/org/apache/zookeeper/server/DataTreeMXBean.java,0.003805,0.040816,0.0,0.0,0.0,0.0,0.0,0.0,0.0,0.0,0.0,0.0,0.0,0.0,0.0,0.0,0.0,0.0,0.0,0.0,0.0,0.0,no
3.1.2,src/java/main/org/apache/zookeeper/server/RequestProcessor.java,0.001522,0.03288,0.0,0.0,0.0,0.0,0.0,0.0,0.0,0.0,0.0,0.0,0.0,0.0,0.0,0.0,0.0,0.0,0.0,0.0,0.0,0.0,no
3.1.2,src/java/main/org/apache/zookeeper/server/ServerStats.java,0.068493,0.024943,0.048387,0.285714,0.0,0.011985,0.021853,0.01252,0.008757,0.012238,0.007825,0.014845,0.129412,0.4125,0.225146,0.240385,0.232143,0.0,0.0,0.020202,0.181818,0.0,no
3.1.2,src/java/main/org/apache/zookeeper/server/SessionTracker.java,0.010654,0.038549,0.032258,0.285714,0.074074,0.00412,0.005245,0.006455,0.003503,0.003497,0.004695,0.002887,0.035294,0.06875,0.092105,0.115385,0.064743,0.0,0.0,0.005051,0.090909,0.0,yes
3.1.2,src/java/main/org/apache/zookeeper/server/ZooKeeperServerBean.java,0.05175,0.022676,0.032258,0.142857,0.0,0.000749,0.000874,0.001174,0.001751,0.001748,0.002347,0.001649,0.026891,0.05,0.070175,0.211538,0.216749,0.0,0.0,0.0,0.181818,0.0,no
3.1.2,src/java/main/org/apache/zookeeper/server/ZooKeeperServerMXBean.java,0.010654,0.070295,0.0,0.0,0.0,0.0,0.0,0.0,0.0,0.0,0.0,0.0,0.0,0.0,0.0,0.0,0.0,0.0,0.0,0.0,0.0,0.0,no
3.1.2,src/java/main/org/apache/zookeeper/server/auth/AuthenticationProvider.java,0.005327,0.073696,0.016129,0.142857,0.0,0.000749,0.001748,0.002347,0.000438,0.000874,0.001174,0.000619,0.020168,0.075,0.105263,0.245192,0.251232,0.0,0.0,0.035354,0.0,0.0,no
3.1.2,src/java/main/org/apache/zookeeper/server/persistence/SnapShot.java,0.00761,0.046485,0.0,0.0,0.0,0.0,0.0,0.0,0.0,0.0,0.0,0.0,0.0,0.0,0.0,0.0,0.0,0.0,0.0,0.010101,0.0,0.0,no
3.1.2,src/java/main/org/apache/zookeeper/server/persistence/TxnLog.java,0.012177,0.092971,0.032258,0.285714,0.037037,0.001498,0.001748,0.002347,0.000876,0.000874,0.001174,0.001237,0.030252,0.0875,0.078947,0.201923,0.115764,0.0,0.0,0.020202,0.090909,0.0,yes
3.1.2,src/java/main/org/apache/zookeeper/server/quorum/Election.java,0.001522,0.019274,0.0,0.0,0.0,0.0,0.0,0.0,0.0,0.0,0.0,0.0,0.0,0.0,0.0,0.0,0.0,0.0,0.0,0.0,0.0,0.0,no
3.1.2,src/java/main/org/apache/zookeeper/server/quorum/FollowerMXBean.java,0.003044,0.03288,0.0,0.0,0.0,0.0,0.0,0.0,0.0,0.0,0.0,0.0,0.0,0.0,0.0,0.0,0.0,0.0,0.0,0.0,0.0,0.0,no
3.1.2,src/java/main/org/apache/zookeeper/server/quorum/FollowerSyncRequest.java,0.00761,0.019274,0.0,0.0,0.0,0.0,0.0,0.0,0.0,0.0,0.0,0.0,0.0,0.0,0.0,0.0,0.0,0.0,0.0,0.0,0.090909,0.0,no
3.1.2,src/java/main/org/apache/zookeeper/server/quorum/LeaderElectionBean.java,0.009132,0.022676,0.0,0.0,0.0,0.0,0.0,0.0,0.0,0.0,0.0,0.0,0.0,0.0,0.0,0.0,0.0,0.0,0.0,0.0,0.090909,0.0,no
3.1.2,src/java/main/org/apache/zookeeper/server/quorum/LeaderElectionMXBean.java,0.000761,0.027211,0.0,0.0,0.0,0.0,0.0,0.0,0.0,0.0,0.0,0.0,0.0,0.0,0.0,0.0,0.0,0.0,0.0,0.0,0.0,0.0,no
3.1.2,src/java/main/org/apache/zookeeper/server/quorum/LeaderMXBean.java,0.002283,0.029478,0.0,0.0,0.0,0.0,0.0,0.0,0.0,0.0,0.0,0.0,0.0,0.0,0.0,0.0,0.0,0.0,0.0,0.0,0.0,0.0,no
3.1.2,src/java/main/org/apache/zookeeper/server/quorum/LocalPeerBean.java,0.024353,0.022676,0.016129,0.142857,0.0,0.025468,0.059441,0.079812,0.029772,0.059441,0.079812,0.014021,0.110924,0.4125,0.578947,0.225962,0.231527,0.0,0.0,0.0,0.090909,0.0,no
3.1.2,src/java/main/org/apache/zookeeper/server/quorum/LocalPeerMXBean.java,0.005327,0.049887,0.016129,0.142857,0.0,0.02397,0.055944,0.075117,0.028021,0.055944,0.075117,0.013196,0.110924,0.4125,0.578947,0.225962,0.231527,0.0,0.0,0.0,0.0,0.0,no
3.1.2,src/java/main/org/apache/zookeeper/server/quorum/ProposalRequestProcessor.java,0.023592,0.039683,0.112903,0.428571,0.0,0.007116,0.006119,0.003186,0.008757,0.005245,0.003353,0.006598,0.255462,0.4125,0.190476,0.225962,0.121613,0.0,0.0,0.020202,0.272727,0.0,no
3.1.2,src/java/main/org/apache/zookeeper/server/quorum/QuorumBean.java,0.012938,0.019274,0.0,0.0,0.0,0.0,0.0,0.0,0.0,0.0,0.0,0.0,0.0,0.0,0.0,0.0,0.0,0.0,0.0,0.0,0.090909,0.0,no
3.1.2,src/java/main/org/apache/zookeeper/server/quorum/QuorumMXBean.java,0.001522,0.029478,0.0,0.0,0.0,0.0,0.0,0.0,0.0,0.0,0.0,0.0,0.0,0.0,0.0,0.0,0.0,0.0,0.0,0.0,0.0,0.0,no
3.1.2,src/java/main/org/apache/zookeeper/server/quorum/RemotePeerMXBean.java,0.001522,0.029478,0.0,0.0,0.0,0.0,0.0,0.0,0.0,0.0,0.0,0.0,0.0,0.0,0.0,0.0,0.0,0.0,0.0,0.005051,0.0,0.0,no
3.1.2,src/java/main/org/apache/zookeeper/server/quorum/ServerBean.java,0.006849,0.022676,0.0,0.0,0.0,0.0,0.0,0.0,0.0,0.0,0.0,0.0,0.0,0.0,0.0,0.0,0.0,0.0,0.0,0.005051,0.090909,0.0,no
3.1.2,src/java/main/org/apache/zookeeper/server/quorum/ServerMXBean.java,0.001522,0.029478,0.0,0.0,0.0,0.0,0.0,0.0,0.0,0.0,0.0,0.0,0.0,0.0,0.0,0.0,0.0,0.0,0.0,0.0,0.0,0.0,no
3.1.2,src/recipes/lock/src/java/org/apache/zookeeper/recipes/lock/LockListener.java,0.001522,0.035147,0.016129,0.142857,0.0,0.014232,0.033217,0.044601,0.016637,0.033217,0.044601,0.007835,0.008403,0.03125,0.04386,0.158654,0.162562,0.0,0.0,0.0,0.0,0.0,no
3.1.2,src/recipes/lock/src/java/org/apache/zookeeper/recipes/lock/ZooKeeperOperation.java,0.001522,0.034014,0.016129,0.142857,0.0,0.014232,0.033217,0.044601,0.016637,0.033217,0.044601,0.007835,0.008403,0.03125,0.04386,0.158654,0.162562,0.0,0.0,0.010101,0.0,0.0,no
3.2.2,src/contrib/bookkeeper/src/java/org/apache/bookkeeper/client/AsyncCallback.java,0.011416,0.061224,0.032258,0.285714,0.0,0.030712,0.071678,0.048122,0.03634,0.071678,0.048709,0.017113,0.047059,0.09375,0.122807,0.134615,0.137694,0.0,0.0,0.005051,0.090909,0.0,no
3.2.2,src/contrib/bookkeeper/src/java/org/apache/bookkeeper/proto/ReadEntryCallback.java,0.001522,0.029478,0.016129,0.142857,0.0,0.013109,0.030594,0.04108,0.015324,0.030594,0.04108,0.007216,0.047059,0.175,0.245614,0.216346,0.221675,0.0,0.0,0.010101,0.0,0.0,no
3.2.2,src/contrib/bookkeeper/src/java/org/apache/bookkeeper/proto/WriteCallback.java,0.000761,0.029478,0.016129,0.142857,0.0,0.011985,0.027972,0.037559,0.014011,0.027972,0.037559,0.006598,0.047059,0.175,0.245614,0.216346,0.221675,0.0,0.0,0.010101,0.0,0.0,no
3.2.2,src/contrib/rest/src/java/org/apache/zookeeper/server/jersey/jaxb/ZChildren.java,0.032725,0.026077,0.016129,0.142857,0.0,0.029963,0.06993,0.093897,0.035026,0.06993,0.093897,0.016495,0.020168,0.075,0.105263,0.149038,0.152709,0.0,0.0,0.010101,0.181818,0.0,no
3.2.2,src/contrib/rest/src/java/org/apache/zookeeper/server/jersey/jaxb/ZChildrenJSON.java,0.02968,0.026077,0.016129,0.142857,0.0,0.028464,0.066434,0.089202,0.033275,0.066434,0.089202,0.01567,0.020168,0.075,0.105263,0.149038,0.152709,0.0,0.0,0.010101,0.181818,0.0,no
3.2.2,src/contrib/rest/src/java/org/apache/zookeeper/server/jersey/jaxb/ZError.java,0.00761,0.02381,0.016129,0.142857,0.0,0.015356,0.035839,0.048122,0.017951,0.035839,0.048122,0.008454,0.020168,0.075,0.105263,0.149038,0.152709,0.0,0.0,0.0,0.090909,0.0,no
3.2.2,src/contrib/rest/src/java/org/apache/zookeeper/server/jersey/jaxb/ZPath.java,0.02207,0.02381,0.016129,0.142857,0.0,0.023596,0.05507,0.073944,0.027583,0.05507,0.073944,0.01299,0.020168,0.075,0.105263,0.149038,0.152709,0.0,0.0,0.005051,0.181818,0.0,no
3.2.2,src/java/main/org/apache/jute/Index.java,0.001522,0.035147,0.016129,0.142857,0.0,0.0,0.0,0.0,0.000438,0.000874,0.001174,0.000206,0.052101,0.19375,0.27193,0.139423,0.142857,0.0,0.0,0.010101,0.0,0.0,no
3.2.2,src/java/main/org/apache/jute/Record.java,0.003805,0.02381,0.016129,0.142857,0.0,0.0,0.0,0.0,0.000438,0.000874,0.001174,0.000206,0.052101,0.19375,0.27193,0.139423,0.142857,0.0,0.0,0.0,0.0,0.0,no
3.2.2,src/java/main/org/apache/jute/compiler/JBoolean.java,0.009132,0.02381,0.016129,0.142857,0.0,0.0,0.0,0.0,0.000438,0.000874,0.001174,0.000206,0.052101,0.19375,0.27193,0.139423,0.142857,0.0,0.0,0.0,0.090909,0.0,no
3.2.2,src/java/main/org/apache/jute/compiler/JByte.java,0.004566,0.02381,0.016129,0.142857,0.0,0.0,0.0,0.0,0.000438,0.000874,0.001174,0.000206,0.052101,0.19375,0.27193,0.139423,0.142857,0.0,0.0,0.0,0.090909,0.0,no
3.2.2,src/java/main/org/apache/jute/compiler/JCompType.java,0.015982,0.024943,0.016129,0.142857,0.0,0.0,0.0,0.0,0.000876,0.001748,0.002347,0.000412,0.052101,0.19375,0.27193,0.139423,0.142857,0.0,0.0,0.005051,0.090909,0.0,no
3.2.2,src/java/main/org/apache/jute/compiler/JDouble.java,0.00761,0.02381,0.016129,0.142857,0.0,0.0,0.0,0.0,0.000438,0.000874,0.001174,0.000206,0.052101,0.19375,0.27193,0.139423,0.142857,0.0,0.0,0.0,0.090909,0.0,no
3.2.2,src/java/main/org/apache/jute/compiler/JFloat.java,0.006849,0.02381,0.016129,0.142857,0.0,0.0,0.0,0.0,0.000438,0.000874,0.001174,0.000206,0.052101,0.19375,0.27193,0.139423,0.142857,0.0,0.0,0.0,0.090909,0.0,no
3.2.2,src/java/main/org/apache/jute/compiler/JInt.java,0.004566,0.02381,0.016129,0.142857,0.0,0.0,0.0,0.0,0.000438,0.000874,0.001174,0.000206,0.052101,0.19375,0.27193,0.139423,0.142857,0.0,0.0,0.0,0.090909,0.0,no
3.2.2,src/java/main/org/apache/jute/compiler/JLong.java,0.006849,0.02381,0.016129,0.142857,0.0,0.0,0.0,0.0,0.000438,0.000874,0.001174,0.000206,0.052101,0.19375,0.27193,0.139423,0.142857,0.0,0.0,0.0,0.090909,0.0,no
3.2.2,src/java/main/org/apache/jute/compiler/JString.java,0.012177,0.02381,0.016129,0.142857,0.0,0.0,0.0,0.0,0.000438,0.000874,0.001174,0.000206,0.052101,0.19375,0.27193,0.139423,0.142857,0.0,0.0,0.005051,0.181818,0.0,no
3.2.2,src/java/main/org/apache/zookeeper/AsyncCallback.java,0.018265,0.019274,0.016129,0.142857,0.0,0.001873,0.004371,0.005869,0.002189,0.004371,0.005869,0.001031,0.016807,0.0625,0.087719,0.028846,0.029557,0.0,0.0,0.0,0.090909,0.0,no
3.2.2,src/java/main/org/apache/zookeeper/ClientWatchManager.java,0.001522,0.035147,0.0,0.0,0.0,0.0,0.0,0.0,0.0,0.0,0.0,0.0,0.0,0.0,0.0,0.0,0.0,0.0,0.0,0.010101,0.0,0.0,no
3.2.2,src/java/main/org/apache/zookeeper/jmx/CommonNames.java,0.002283,0.02381,0.0,0.0,0.0,0.0,0.0,0.0,0.0,0.0,0.0,0.0,0.0,0.0,0.0,0.0,0.0,0.0,0.0,0.0,0.0,0.0,no
3.2.2,src/java/main/org/apache/zookeeper/jmx/ZKMBeanInfo.java,0.001522,0.03288,0.0,0.0,0.0,0.0,0.0,0.0,0.0,0.0,0.0,0.0,0.0,0.0,0.0,0.0,0.0,0.0,0.0,0.015152,0.0,0.0,no
3.2.2,src/java/main/org/apache/zookeeper/server/ConnectionMXBean.java,0.00761,0.058957,0.016129,0.142857,0.037037,0.011236,0.026224,0.035211,0.013135,0.026224,0.035211,0.006186,0.010084,0.0375,0.052632,0.019231,0.019704,0.0,0.0,0.0,0.0,0.0,yes
3.2.2,src/java/main/org/apache/zookeeper/server/DataTreeMXBean.java,0.003805,0.040816,0.0,0.0,0.0,0.0,0.0,0.0,0.0,0.0,0.0,0.0,0.0,0.0,0.0,0.0,0.0,0.0,0.0,0.0,0.0,0.0,no
3.2.2,src/java/main/org/apache/zookeeper/server/RequestProcessor.java,0.001522,0.03288,0.0,0.0,0.0,0.0,0.0,0.0,0.0,0.0,0.0,0.0,0.0,0.0,0.0,0.0,0.0,0.0,0.0,0.0,0.0,0.0,no
3.2.2,src/java/main/org/apache/zookeeper/server/ServerStats.java,0.068493,0.024943,0.048387,0.285714,0.0,0.011985,0.021853,0.01252,0.008757,0.012238,0.007825,0.014845,0.129412,0.4125,0.225146,0.240385,0.232143,0.0,0.0,0.020202,0.181818,0.0,no
3.2.2,src/java/main/org/apache/zookeeper/server/SessionTracker.java,0.010654,0.038549,0.032258,0.285714,0.074074,0.00412,0.005245,0.006455,0.003503,0.003497,0.004695,0.002887,0.035294,0.06875,0.092105,0.115385,0.064743,0.0,0.0,0.005051,0.090909,0.0,yes
3.2.2,src/java/main/org/apache/zookeeper/server/ZooKeeperServerBean.java,0.05175,0.022676,0.032258,0.142857,0.0,0.000749,0.000874,0.001174,0.001751,0.001748,0.002347,0.001649,0.026891,0.05,0.070175,0.211538,0.216749,0.0,0.0,0.0,0.181818,0.0,no
3.2.2,src/java/main/org/apache/zookeeper/server/ZooKeeperServerMXBean.java,0.010654,0.070295,0.0,0.0,0.0,0.0,0.0,0.0,0.0,0.0,0.0,0.0,0.0,0.0,0.0,0.0,0.0,0.0,0.0,0.0,0.0,0.0,no
3.2.2,src/java/main/org/apache/zookeeper/server/auth/AuthenticationProvider.java,0.005327,0.073696,0.016129,0.142857,0.0,0.000749,0.001748,0.002347,0.000438,0.000874,0.001174,0.000619,0.020168,0.075,0.105263,0.245192,0.251232,0.0,0.0,0.035354,0.0,0.0,no
3.2.2,src/java/main/org/apache/zookeeper/server/persistence/SnapShot.java,0.00761,0.046485,0.0,0.0,0.0,0.0,0.0,0.0,0.0,0.0,0.0,0.0,0.0,0.0,0.0,0.0,0.0,0.0,0.0,0.010101,0.0,0.0,no
3.2.2,src/java/main/org/apache/zookeeper/server/persistence/TxnLog.java,0.012177,0.092971,0.032258,0.285714,0.037037,0.001498,0.001748,0.002347,0.000876,0.000874,0.001174,0.001237,0.030252,0.0875,0.078947,0.201923,0.115764,0.0,0.0,0.020202,0.090909,0.0,yes
3.2.2,src/java/main/org/apache/zookeeper/server/quorum/Election.java,0.001522,0.019274,0.0,0.0,0.0,0.0,0.0,0.0,0.0,0.0,0.0,0.0,0.0,0.0,0.0,0.0,0.0,0.0,0.0,0.0,0.0,0.0,no
3.2.2,src/java/main/org/apache/zookeeper/server/quorum/FollowerMXBean.java,0.003044,0.03288,0.0,0.0,0.0,0.0,0.0,0.0,0.0,0.0,0.0,0.0,0.0,0.0,0.0,0.0,0.0,0.0,0.0,0.0,0.0,0.0,no
3.2.2,src/java/main/org/apache/zookeeper/server/quorum/FollowerSyncRequest.java,0.00761,0.019274,0.0,0.0,0.0,0.0,0.0,0.0,0.0,0.0,0.0,0.0,0.0,0.0,0.0,0.0,0.0,0.0,0.0,0.0,0.090909,0.0,no
3.2.2,src/java/main/org/apache/zookeeper/server/quorum/LeaderElectionBean.java,0.009132,0.022676,0.0,0.0,0.0,0.0,0.0,0.0,0.0,0.0,0.0,0.0,0.0,0.0,0.0,0.0,0.0,0.0,0.0,0.0,0.090909,0.0,no
3.2.2,src/java/main/org/apache/zookeeper/server/quorum/LeaderElectionMXBean.java,0.000761,0.027211,0.0,0.0,0.0,0.0,0.0,0.0,0.0,0.0,0.0,0.0,0.0,0.0,0.0,0.0,0.0,0.0,0.0,0.0,0.0,0.0,no
3.2.2,src/java/main/org/apache/zookeeper/server/quorum/LeaderMXBean.java,0.002283,0.029478,0.0,0.0,0.0,0.0,0.0,0.0,0.0,0.0,0.0,0.0,0.0,0.0,0.0,0.0,0.0,0.0,0.0,0.0,0.0,0.0,no
3.2.2,src/java/main/org/apache/zookeeper/server/quorum/LocalPeerBean.java,0.024353,0.022676,0.016129,0.142857,0.0,0.025468,0.059441,0.079812,0.029772,0.059441,0.079812,0.014021,0.110924,0.4125,0.578947,0.225962,0.231527,0.0,0.0,0.0,0.090909,0.0,no
3.2.2,src/java/main/org/apache/zookeeper/server/quorum/LocalPeerMXBean.java,0.005327,0.049887,0.016129,0.142857,0.0,0.02397,0.055944,0.075117,0.028021,0.055944,0.075117,0.013196,0.110924,0.4125,0.578947,0.225962,0.231527,0.0,0.0,0.0,0.0,0.0,no
3.2.2,src/java/main/org/apache/zookeeper/server/quorum/ProposalRequestProcessor.java,0.023592,0.039683,0.112903,0.428571,0.0,0.007116,0.006119,0.003186,0.008757,0.005245,0.003353,0.006598,0.255462,0.4125,0.190476,0.225962,0.121613,0.0,0.0,0.020202,0.272727,0.0,no
3.2.2,src/java/main/org/apache/zookeeper/server/quorum/QuorumBean.java,0.012938,0.019274,0.0,0.0,0.0,0.0,0.0,0.0,0.0,0.0,0.0,0.0,0.0,0.0,0.0,0.0,0.0,0.0,0.0,0.0,0.090909,0.0,no
3.2.2,src/java/main/org/apache/zookeeper/server/quorum/QuorumMXBean.java,0.001522,0.029478,0.0,0.0,0.0,0.0,0.0,0.0,0.0,0.0,0.0,0.0,0.0,0.0,0.0,0.0,0.0,0.0,0.0,0.0,0.0,0.0,no
3.2.2,src/java/main/org/apache/zookeeper/server/quorum/RemotePeerMXBean.java,0.001522,0.029478,0.0,0.0,0.0,0.0,0.0,0.0,0.0,0.0,0.0,0.0,0.0,0.0,0.0,0.0,0.0,0.0,0.0,0.005051,0.0,0.0,no
3.2.2,src/java/main/org/apache/zookeeper/server/quorum/ServerBean.java,0.006849,0.022676,0.0,0.0,0.0,0.0,0.0,0.0,0.0,0.0,0.0,0.0,0.0,0.0,0.0,0.0,0.0,0.0,0.0,0.005051,0.090909,0.0,no
3.2.2,src/java/main/org/apache/zookeeper/server/quorum/ServerMXBean.java,0.001522,0.029478,0.0,0.0,0.0,0.0,0.0,0.0,0.0,0.0,0.0,0.0,0.0,0.0,0.0,0.0,0.0,0.0,0.0,0.0,0.0,0.0,no
3.2.2,src/recipes/lock/src/java/org/apache/zookeeper/recipes/lock/LockListener.java,0.001522,0.035147,0.016129,0.142857,0.0,0.014232,0.033217,0.044601,0.016637,0.033217,0.044601,0.007835,0.008403,0.03125,0.04386,0.158654,0.162562,0.0,0.0,0.0,0.0,0.0,no
3.2.2,src/recipes/lock/src/java/org/apache/zookeeper/recipes/lock/ZooKeeperOperation.java,0.001522,0.034014,0.016129,0.142857,0.0,0.014232,0.033217,0.044601,0.016637,0.033217,0.044601,0.007835,0.008403,0.03125,0.04386,0.158654,0.162562,0.0,0.0,0.010101,0.0,0.0,no
3.3.0,src/contrib/bookkeeper/src/java/org/apache/bookkeeper/bookie/BufferedChannel.java,0.083714,0.04195,0.016129,0.142857,0.0,0.058801,0.137238,0.184272,0.068739,0.137238,0.184272,0.032371,0.085714,0.31875,0.447368,0.038462,0.039409,0.0,0.0,0.10101,0.454545,0.0,no
3.3.0,src/contrib/bookkeeper/src/java/org/apache/bookkeeper/bookie/EntryLogger.java,0.14003,0.06576,0.016129,0.142857,0.0,0.098876,0.230769,0.309859,0.115587,0.230769,0.309859,0.054433,0.085714,0.31875,0.447368,0.038462,0.039409,0.0,0.0,0.09596,0.272727,0.0,no
3.3.0,src/contrib/bookkeeper/src/java/org/apache/bookkeeper/bookie/FileInfo.java,0.056317,0.030612,0.016129,0.142857,0.0,0.042322,0.098776,0.132629,0.049475,0.098776,0.132629,0.023299,0.085714,0.31875,0.447368,0.038462,0.039409,0.0,0.0,0.050505,0.363636,0.0,no
3.3.0,src/contrib/bookkeeper/src/java/org/apache/bookkeeper/bookie/LedgerCache.java,0.286149,0.054422,0.016129,0.142857,0.0,0.170037,0.396853,0.532864,0.198774,0.396853,0.532864,0.093608,0.085714,0.31875,0.447368,0.038462,0.039409,0.0,0.0,0.333333,0.636364,0.0,no
3.3.0,src/contrib/bookkeeper/src/java/org/apache/bookkeeper/bookie/LedgerEntryPage.java,0.091324,0.027211,0.016129,0.142857,0.0,0.056554,0.131993,0.17723,0.066112,0.131993,0.17723,0.031134,0.085714,0.31875,0.447368,0.038462,0.039409,0.0,0.0,0.040404,0.272727,0.0,no
3.3.0,src/contrib/bookkeeper/src/java/org/apache/bookkeeper/bookie/MarkerFileChannel.java,0.060883,0.046485,0.016129,0.142857,0.0,0.055056,0.128497,0.172535,0.064361,0.128497,0.172535,0.030309,0.085714,0.31875,0.447368,0.038462,0.039409,0.0,0.0,0.0,0.090909,0.0,no
3.3.0,src/contrib/bookkeeper/src/java/org/apache/bookkeeper/client/AsyncCallback.java,0.012938,0.079365,0.048387,0.285714,0.0,0.065543,0.081294,0.068466,0.045096,0.071678,0.040297,0.05134,0.132773,0.31875,0.230994,0.206731,0.096801,0.0,0.0,0.005051,0.090909,0.0,no
3.3.0,src/contrib/bookkeeper/src/java/org/apache/bookkeeper/client/BookieWatcher.java,0.090563,0.057823,0.016129,0.142857,0.0,0.076404,0.178322,0.239437,0.089317,0.178322,0.239437,0.042062,0.085714,0.31875,0.447368,0.038462,0.039409,0.0,0.0,0.050505,0.363636,0.0,no
3.3.0,src/contrib/bookkeeper/src/java/org/apache/bookkeeper/client/CRC32DigestManager.java,0.016743,0.019274,0.016129,0.142857,0.0,0.018727,0.043706,0.058685,0.021891,0.043706,0.058685,0.010309,0.085714,0.31875,0.447368,0.038462,0.039409,0.0,0.0,0.0,0.090909,0.0,no
3.3.0,src/contrib/bookkeeper/src/java/org/apache/bookkeeper/client/DigestManager.java,0.076865,0.026077,0.016129,0.142857,0.0,0.060674,0.141608,0.190141,0.070928,0.141608,0.190141,0.033402,0.085714,0.31875,0.447368,0.038462,0.039409,0.0,0.0,0.040404,0.272727,0.0,no
3.3.0,src/contrib/bookkeeper/src/java/org/apache/bookkeeper/client/DistributionSchedule.java,0.002283,0.055556,0.016129,0.142857,0.0,0.022846,0.053322,0.071596,0.026708,0.053322,0.071596,0.012577,0.085714,0.31875,0.447368,0.038462,0.039409,0.0,0.0,0.020202,0.0,0.0,no
3.3.0,src/contrib/bookkeeper/src/java/org/apache/bookkeeper/client/LedgerCreateOp.java,0.053272,0.078231,0.016129,0.142857,0.0,0.061049,0.142483,0.191315,0.071366,0.142483,0.191315,0.033608,0.085714,0.31875,0.447368,0.038462,0.039409,0.0,0.0,0.015152,0.181818,0.0,no
3.3.0,src/contrib/bookkeeper/src/java/org/apache/bookkeeper/client/LedgerMetadata.java,0.073059,0.055556,0.016129,0.142857,0.0,0.067041,0.156469,0.210094,0.078371,0.156469,0.210094,0.036907,0.085714,0.31875,0.447368,0.038462,0.039409,0.0,0.0,0.075758,0.363636,0.0,no
3.3.0,src/contrib/bookkeeper/src/java/org/apache/bookkeeper/client/LedgerOpenOp.java,0.055556,0.05102,0.016129,0.142857,0.0,0.050936,0.118881,0.159624,0.059545,0.118881,0.159624,0.028041,0.085714,0.31875,0.447368,0.038462,0.039409,0.0,0.0,0.040404,0.363636,0.0,no
3.3.0,src/contrib/bookkeeper/src/java/org/apache/bookkeeper/client/LedgerRecoveryOp.java,0.069254,0.05102,0.016129,0.142857,0.0,0.062547,0.145979,0.196009,0.073117,0.145979,0.196009,0.034433,0.085714,0.31875,0.447368,0.038462,0.039409,0.0,0.0,0.085859,0.272727,0.0,no
3.3.0,src/contrib/bookkeeper/src/java/org/apache/bookkeeper/client/MacDigestManager.java,0.025114,0.019274,0.016129,0.142857,0.0,0.025094,0.058566,0.078638,0.029335,0.058566,0.078638,0.013814,0.085714,0.31875,0.447368,0.038462,0.039409,0.0,0.0,0.0,0.090909,0.0,no
3.3.0,src/contrib/bookkeeper/src/java/org/apache/bookkeeper/client/PendingAddOp.java,0.059361,0.039683,0.016129,0.142857,0.0,0.051311,0.119755,0.160798,0.059982,0.119755,0.160798,0.028247,0.085714,0.31875,0.447368,0.038462,0.039409,0.0,0.0,0.080808,0.272727,0.0,no
3.3.0,src/contrib/bookkeeper/src/java/org/apache/bookkeeper/client/PendingReadOp.java,0.067732,0.03288,0.016129,0.142857,0.0,0.054307,0.126748,0.170188,0.063485,0.126748,0.170188,0.029897,0.085714,0.31875,0.447368,0.038462,0.039409,0.0,0.0,0.040404,0.272727,0.0,no
3.3.0,src/contrib/bookkeeper/src/java/org/apache/bookkeeper/client/RoundRobinDistributionSchedule.java,0.028919,0.031746,0.016129,0.142857,0.0,0.032584,0.076049,0.102113,0.038091,0.076049,0.102113,0.017938,0.085714,0.31875,0.447368,0.038462,0.039409,0.0,0.0,0.030303,0.363636,0.0,no
3.3.0,src/contrib/bookkeeper/src/java/org/apache/bookkeeper/client/SyncCounter.java,0.033486,0.027211,0.016129,0.142857,0.0,0.031835,0.074301,0.099765,0.037215,0.074301,0.099765,0.017526,0.085714,0.31875,0.447368,0.038462,0.039409,0.0,0.0,0.010101,0.272727,0.0,no
3.3.0,src/contrib/bookkeeper/src/java/org/apache/bookkeeper/proto/BookkeeperInternalCallbacks.java,0.008371,0.039683,0.016129,0.142857,0.0,0.021348,0.049825,0.066901,0.024956,0.049825,0.066901,0.011753,0.085714,0.31875,0.447368,0.038462,0.039409,0.0,0.0,0.020202,0.090909,0.0,no
3.3.0,src/contrib/bookkeeper/src/java/org/apache/bookkeeper/proto/PerChannelBookieClient.java,0.270928,0.128118,0.016129,0.142857,0.0,0.213483,0.498252,0.669014,0.249562,0.498252,0.669014,0.117526,0.085714,0.31875,0.447368,0.038462,0.039409,0.0,0.0,0.328283,0.454545,0.0,no
3.3.0,src/contrib/bookkeeper/src/java/org/apache/bookkeeper/util/MathUtils.java,0.005327,0.022676,0.016129,0.142857,0.0,0.014232,0.033217,0.044601,0.016637,0.033217,0.044601,0.007835,0.085714,0.31875,0.447368,0.038462,0.039409,0.0,0.0,0.005051,0.181818,0.0,no
3.3.0,src/contrib/bookkeeper/src/java/org/apache/bookkeeper/util/OrderedSafeExecutor.java,0.028919,0.047619,0.016129,0.142857,0.0,0.036704,0.085664,0.115023,0.042907,0.085664,0.115023,0.020206,0.085714,0.31875,0.447368,0.038462,0.039409,0.0,0.0,0.040404,0.181818,0.0,no
3.3.0,src/contrib/bookkeeper/src/java/org/apache/bookkeeper/util/SafeRunnable.java,0.008371,0.019274,0.016129,0.142857,0.0,0.014232,0.033217,0.044601,0.016637,0.033217,0.044601,0.007835,0.085714,0.31875,0.447368,0.038462,0.039409,0.0,0.0,0.0,0.181818,0.0,no
3.3.0,src/contrib/bookkeeper/src/java/org/apache/bookkeeper/util/StringUtils.java,0.027397,0.047619,0.016129,0.142857,0.0,0.035206,0.082168,0.110329,0.041156,0.082168,0.110329,0.019381,0.085714,0.31875,0.447368,0.038462,0.039409,0.0,0.0,0.015152,0.181818,0.0,no
3.3.0,src/contrib/rest/src/java/org/apache/zookeeper/server/jersey/jaxb/ZChildren.java,0.032725,0.026077,0.016129,0.142857,0.0,0.029963,0.06993,0.093897,0.035026,0.06993,0.093897,0.016495,0.020168,0.075,0.105263,0.216346,0.221675,0.0,0.0,0.010101,0.181818,0.0,no
3.3.0,src/contrib/rest/src/java/org/apache/zookeeper/server/jersey/jaxb/ZChildrenJSON.java,0.02968,0.026077,0.016129,0.142857,0.0,0.028464,0.066434,0.089202,0.033275,0.066434,0.089202,0.01567,0.020168,0.075,0.105263,0.216346,0.221675,0.0,0.0,0.010101,0.181818,0.0,no
3.3.0,src/contrib/rest/src/java/org/apache/zookeeper/server/jersey/jaxb/ZError.java,0.00761,0.02381,0.016129,0.142857,0.0,0.015356,0.035839,0.048122,0.017951,0.035839,0.048122,0.008454,0.020168,0.075,0.105263,0.216346,0.221675,0.0,0.0,0.0,0.090909,0.0,no
3.3.0,src/contrib/rest/src/java/org/apache/zookeeper/server/jersey/jaxb/ZPath.java,0.02207,0.02381,0.016129,0.142857,0.0,0.023596,0.05507,0.073944,0.027583,0.05507,0.073944,0.01299,0.020168,0.075,0.105263,0.216346,0.221675,0.0,0.0,0.005051,0.181818,0.0,no
3.3.0,src/contrib/zooinspector/src/java/org/apache/zookeeper/inspector/ZooInspector.java,0.025114,0.028345,0.016129,0.142857,0.0,0.024719,0.057692,0.077465,0.028897,0.057692,0.077465,0.013608,0.040336,0.15,0.210526,0.009615,0.009852,0.0,0.0,0.0,0.363636,0.0,no
3.3.0,src/contrib/zooinspector/src/java/org/apache/zookeeper/inspector/encryption/BasicDataEncryptionManager.java,0.006849,0.038549,0.016129,0.142857,0.0,0.018727,0.043706,0.058685,0.021891,0.043706,0.058685,0.010309,0.040336,0.15,0.210526,0.009615,0.009852,0.0,0.0,0.005051,0.181818,0.0,no
3.3.0,src/contrib/zooinspector/src/java/org/apache/zookeeper/inspector/encryption/DataEncryptionManager.java,0.001522,0.036281,0.016129,0.142857,0.0,0.014607,0.034091,0.045775,0.017075,0.034091,0.045775,0.008041,0.040336,0.15,0.210526,0.009615,0.009852,0.0,0.0,0.0,0.0,0.0,no
3.3.0,src/contrib/zooinspector/src/java/org/apache/zookeeper/inspector/gui/NodeViewersChangeListener.java,0.002283,0.031746,0.016129,0.142857,0.0,0.013858,0.032343,0.043427,0.0162,0.032343,0.043427,0.007629,0.040336,0.15,0.210526,0.009615,0.009852,0.0,0.0,0.005051,0.0,0.0,no
3.3.0,src/contrib/zooinspector/src/java/org/apache/zookeeper/inspector/gui/ZooInspectorAboutDialog.java,0.037291,0.027211,0.016129,0.142857,0.0,0.029963,0.06993,0.093897,0.035026,0.06993,0.093897,0.016495,0.040336,0.15,0.210526,0.009615,0.009852,0.0,0.0,0.005051,0.272727,0.0,no
3.3.0,src/contrib/zooinspector/src/java/org/apache/zookeeper/inspector/gui/ZooInspectorConnectionPropertiesDialog.java,0.207763,0.035147,0.016129,0.142857,0.0,0.120225,0.280594,0.376761,0.140543,0.280594,0.376761,0.066186,0.040336,0.15,0.210526,0.009615,0.009852,0.0,0.0,0.085859,0.545455,0.0,no
3.3.0,src/contrib/zooinspector/src/java/org/apache/zookeeper/inspector/gui/ZooInspectorIconResources.java,0.030441,0.068027,0.016129,0.142857,0.0,0.044195,0.103147,0.138498,0.051664,0.103147,0.138498,0.02433,0.040336,0.15,0.210526,0.009615,0.009852,0.0,0.0,0.005051,0.090909,0.0,no
3.3.0,src/contrib/zooinspector/src/java/org/apache/zookeeper/inspector/gui/ZooInspectorNodeViewersDialog.java,0.410198,0.047619,0.016129,0.142857,0.0,0.226592,0.528846,0.710094,0.264886,0.528846,0.710094,0.124742,0.040336,0.15,0.210526,0.009615,0.009852,0.0,0.0,0.151515,0.545455,0.0,no
3.3.0,src/contrib/zooinspector/src/java/org/apache/zookeeper/inspector/gui/ZooInspectorNodeViewersPanel.java,0.063166,0.049887,0.016129,0.142857,0.0,0.052434,0.122378,0.164319,0.061296,0.122378,0.164319,0.028866,0.040336,0.15,0.210526,0.009615,0.009852,0.0,0.0,0.050505,0.545455,0.0,no
3.3.0,src/contrib/zooinspector/src/java/org/apache/zookeeper/inspector/gui/ZooInspectorPanel.java,0.2207,0.053288,0.016129,0.142857,0.0,0.135206,0.315559,0.423709,0.158056,0.315559,0.423709,0.074433,0.040336,0.15,0.210526,0.009615,0.009852,0.0,0.0,0.106061,0.727273,0.0,no
3.3.0,src/contrib/zooinspector/src/java/org/apache/zookeeper/inspector/gui/ZooInspectorTreeViewer.java,0.18417,0.102041,0.016129,0.142857,0.0,0.135581,0.316434,0.424883,0.158494,0.316434,0.424883,0.074639,0.040336,0.15,0.210526,0.009615,0.009852,0.0,0.0,0.151515,0.454545,0.0,no
3.3.0,src/contrib/zooinspector/src/java/org/apache/zookeeper/inspector/gui/nodeviewer/NodeViewerACL.java,0.097412,0.05102,0.016129,0.142857,0.0,0.070037,0.163462,0.219484,0.081874,0.163462,0.219484,0.038557,0.040336,0.15,0.210526,0.009615,0.009852,0.0,0.0,0.030303,0.545455,0.0,no
3.3.0,src/contrib/zooinspector/src/java/org/apache/zookeeper/inspector/gui/nodeviewer/NodeViewerData.java,0.064688,0.05102,0.016129,0.142857,0.0,0.054682,0.127622,0.171362,0.063923,0.127622,0.171362,0.030103,0.040336,0.15,0.210526,0.009615,0.009852,0.0,0.0,0.035354,0.454545,0.0,no
3.3.0,src/contrib/zooinspector/src/java/org/apache/zookeeper/inspector/gui/nodeviewer/NodeViewerMetaData.java,0.095129,0.053288,0.016129,0.142857,0.0,0.069663,0.162587,0.21831,0.081436,0.162587,0.21831,0.038351,0.040336,0.15,0.210526,0.009615,0.009852,0.0,0.0,0.035354,0.454545,0.0,no
3.3.0,src/contrib/zooinspector/src/java/org/apache/zookeeper/inspector/gui/nodeviewer/ZooInspectorNodeViewer.java,0.042618,0.075964,0.016129,0.142857,0.0,0.051685,0.120629,0.161972,0.06042,0.120629,0.161972,0.028454,0.040336,0.15,0.210526,0.009615,0.009852,0.0,0.0,0.060606,0.181818,0.0,no
3.3.0,src/contrib/zooinspector/src/java/org/apache/zookeeper/inspector/logger/LoggerFactory.java,0.005327,0.027211,0.016129,0.142857,0.0,0.014232,0.033217,0.044601,0.016637,0.033217,0.044601,0.007835,0.040336,0.15,0.210526,0.009615,0.009852,0.0,0.0,0.010101,0.090909,0.0,no
3.3.0,src/contrib/zooinspector/src/java/org/apache/zookeeper/inspector/manager/NodeListener.java,0.002283,0.03288,0.016129,0.142857,0.0,0.013858,0.032343,0.043427,0.0162,0.032343,0.043427,0.007629,0.040336,0.15,0.210526,0.009615,0.009852,0.0,0.0,0.005051,0.0,0.0,no
3.3.0,src/contrib/zooinspector/src/java/org/apache/zookeeper/inspector/manager/Pair.java,0.040335,0.060091,0.016129,0.142857,0.0,0.044944,0.104895,0.140845,0.052539,0.104895,0.140845,0.024742,0.040336,0.15,0.210526,0.009615,0.009852,0.0,0.0,0.060606,0.181818,0.0,no
3.3.0,src/contrib/zooinspector/src/java/org/apache/zookeeper/inspector/manager/ZooInspectorManager.java,0.019026,0.10771,0.016129,0.142857,0.0,0.05206,0.121503,0.163146,0.060858,0.121503,0.163146,0.02866,0.040336,0.15,0.210526,0.009615,0.009852,0.0,0.0,0.050505,0.0,0.0,no
3.3.0,src/contrib/zooinspector/src/java/org/apache/zookeeper/inspector/manager/ZooInspectorManagerImpl.java,0.452055,0.238095,0.016129,0.142857,0.0,0.319101,0.744755,1.0,0.37303,0.744755,1.0,0.17567,0.040336,0.15,0.210526,0.009615,0.009852,0.0,0.0,0.414141,0.545455,0.0,no
3.3.0,src/contrib/zooinspector/src/java/org/apache/zookeeper/inspector/manager/ZooInspectorNodeManager.java,0.000761,0.031746,0.016129,0.142857,0.0,0.01236,0.028846,0.038732,0.014448,0.028846,0.038732,0.006804,0.040336,0.15,0.210526,0.009615,0.009852,0.0,0.0,0.015152,0.0,0.0,no
3.3.0,src/contrib/zooinspector/src/java/org/apache/zookeeper/inspector/manager/ZooInspectorNodeTreeManager.java,0.002283,0.037415,0.016129,0.142857,0.0,0.016105,0.037587,0.050469,0.018827,0.037587,0.050469,0.008866,0.040336,0.15,0.210526,0.009615,0.009852,0.0,0.0,0.020202,0.0,0.0,no
3.3.0,src/contrib/zooinspector/src/java/org/apache/zookeeper/inspector/manager/ZooInspectorReadOnlyManager.java,0.009132,0.080499,0.016129,0.142857,0.0,0.037079,0.086538,0.116197,0.043345,0.086538,0.116197,0.020412,0.040336,0.15,0.210526,0.009615,0.009852,0.0,0.0,0.035354,0.0,0.0,no
3.3.0,src/contrib/zooinspector/src/java/org/apache/zookeeper/retry/ZooKeeperRetry.java,0.169711,0.046485,0.016129,0.142857,0.0,0.107865,0.251748,0.338028,0.126095,0.251748,0.338028,0.059381,0.040336,0.15,0.210526,0.009615,0.009852,0.0,0.0,0.161616,0.454545,0.0,no
3.3.0,src/java/main/org/apache/jute/Index.java,0.001522,0.035147,0.016129,0.142857,0.0,0.0,0.0,0.0,0.000438,0.000874,0.001174,0.000206,0.052101,0.19375,0.27193,0.206731,0.211823,0.0,0.0,0.010101,0.0,0.0,no
3.3.0,src/java/main/org/apache/jute/Record.java,0.003805,0.02381,0.016129,0.142857,0.0,0.0,0.0,0.0,0.000438,0.000874,0.001174,0.000206,0.052101,0.19375,0.27193,0.206731,0.211823,0.0,0.0,0.0,0.0,0.0,no
3.3.0,src/java/main/org/apache/jute/compiler/JBoolean.java,0.009132,0.02381,0.016129,0.142857,0.0,0.0,0.0,0.0,0.000438,0.000874,0.001174,0.000206,0.052101,0.19375,0.27193,0.206731,0.211823,0.0,0.0,0.0,0.090909,0.0,no
3.3.0,src/java/main/org/apache/jute/compiler/JByte.java,0.004566,0.02381,0.016129,0.142857,0.0,0.0,0.0,0.0,0.000438,0.000874,0.001174,0.000206,0.052101,0.19375,0.27193,0.206731,0.211823,0.0,0.0,0.0,0.090909,0.0,no
3.3.0,src/java/main/org/apache/jute/compiler/JCompType.java,0.015982,0.024943,0.016129,0.142857,0.0,0.0,0.0,0.0,0.000876,0.001748,0.002347,0.000412,0.052101,0.19375,0.27193,0.206731,0.211823,0.0,0.0,0.005051,0.090909,0.0,no
3.3.0,src/java/main/org/apache/jute/compiler/JDouble.java,0.00761,0.02381,0.016129,0.142857,0.0,0.0,0.0,0.0,0.000438,0.000874,0.001174,0.000206,0.052101,0.19375,0.27193,0.206731,0.211823,0.0,0.0,0.0,0.090909,0.0,no
3.3.0,src/java/main/org/apache/jute/compiler/JFloat.java,0.006849,0.02381,0.016129,0.142857,0.0,0.0,0.0,0.0,0.000438,0.000874,0.001174,0.000206,0.052101,0.19375,0.27193,0.206731,0.211823,0.0,0.0,0.0,0.090909,0.0,no
3.3.0,src/java/main/org/apache/jute/compiler/JInt.java,0.004566,0.02381,0.016129,0.142857,0.0,0.0,0.0,0.0,0.000438,0.000874,0.001174,0.000206,0.052101,0.19375,0.27193,0.206731,0.211823,0.0,0.0,0.0,0.090909,0.0,no
3.3.0,src/java/main/org/apache/jute/compiler/JLong.java,0.006849,0.02381,0.016129,0.142857,0.0,0.0,0.0,0.0,0.000438,0.000874,0.001174,0.000206,0.052101,0.19375,0.27193,0.206731,0.211823,0.0,0.0,0.0,0.090909,0.0,no
3.3.0,src/java/main/org/apache/jute/compiler/JString.java,0.012177,0.02381,0.016129,0.142857,0.0,0.0,0.0,0.0,0.000438,0.000874,0.001174,0.000206,0.052101,0.19375,0.27193,0.206731,0.211823,0.0,0.0,0.005051,0.181818,0.0,no
3.3.0,src/java/main/org/apache/zookeeper/AsyncCallback.java,0.021309,0.019274,0.016129,0.142857,0.0,0.001873,0.004371,0.005869,0.002189,0.004371,0.005869,0.001031,0.016807,0.0625,0.087719,0.096154,0.098522,0.0,0.0,0.0,0.090909,0.0,no
3.3.0,src/java/main/org/apache/zookeeper/ClientWatchManager.java,0.001522,0.035147,0.0,0.0,0.0,0.0,0.0,0.0,0.0,0.0,0.0,0.0,0.0,0.0,0.0,0.0,0.0,0.0,0.0,0.010101,0.0,0.0,no
3.3.0,src/java/main/org/apache/zookeeper/jmx/CommonNames.java,0.002283,0.02381,0.0,0.0,0.0,0.0,0.0,0.0,0.0,0.0,0.0,0.0,0.0,0.0,0.0,0.0,0.0,0.0,0.0,0.0,0.0,0.0,no
3.3.0,src/java/main/org/apache/zookeeper/jmx/ZKMBeanInfo.java,0.001522,0.03288,0.0,0.0,0.0,0.0,0.0,0.0,0.0,0.0,0.0,0.0,0.0,0.0,0.0,0.0,0.0,0.0,0.0,0.015152,0.0,0.0,no
3.3.0,src/java/main/org/apache/zookeeper/server/ConnectionMXBean.java,0.01446,0.079365,0.016129,0.142857,0.037037,0.011236,0.026224,0.035211,0.013135,0.026224,0.035211,0.006186,0.010084,0.0375,0.052632,0.091346,0.093596,0.0,0.0,0.0,0.0,0.0,no
3.3.0,src/java/main/org/apache/zookeeper/server/DataTreeMXBean.java,0.003805,0.040816,0.0,0.0,0.0,0.0,0.0,0.0,0.0,0.0,0.0,0.0,0.0,0.0,0.0,0.0,0.0,0.0,0.0,0.0,0.0,0.0,no
3.3.0,src/java/main/org/apache/zookeeper/server/ObserverBean.java,0.009893,0.02381,0.016129,0.142857,0.0,0.016854,0.039336,0.052817,0.019702,0.039336,0.052817,0.009278,0.02521,0.09375,0.131579,0.086538,0.08867,0.0,0.0,0.0,0.090909,0.0,no
3.3.0,src/java/main/org/apache/zookeeper/server/RequestProcessor.java,0.001522,0.03288,0.0,0.0,0.0,0.0,0.0,0.0,0.0,0.0,0.0,0.0,0.0,0.0,0.0,0.0,0.0,0.0,0.0,0.0,0.0,0.0,no
3.3.0,src/java/main/org/apache/zookeeper/server/ServerStats.java,0.068493,0.024943,0.048387,0.285714,0.0,0.011985,0.021853,0.01252,0.008757,0.012238,0.007825,0.014845,0.129412,0.4125,0.225146,0.3125,0.305829,0.0,0.0,0.020202,0.181818,0.0,no
3.3.0,src/java/main/org/apache/zookeeper/server/SessionTracker.java,0.015221,0.043084,0.048387,0.285714,0.074074,0.007116,0.006993,0.007433,0.007005,0.006993,0.00626,0.004536,0.053782,0.06875,0.093567,0.182692,0.099418,0.0,0.0,0.010101,0.090909,0.0,no
3.3.0,src/java/main/org/apache/zookeeper/server/ZKDatabase.java,0.150685,0.240363,0.048387,0.142857,0.037037,0.174532,0.396853,0.182316,0.201839,0.396853,0.18036,0.097113,0.058824,0.10625,0.102339,0.0625,0.062638,0.0,0.0,0.176768,0.363636,0.0,no
3.3.0,src/java/main/org/apache/zookeeper/server/ZooKeeperServerBean.java,0.068493,0.02381,0.048387,0.142857,0.0,0.01161,0.02535,0.012128,0.014448,0.02535,0.012911,0.007629,0.053782,0.1,0.093567,0.278846,0.065637,0.0,0.0,0.010101,0.181818,0.0,no
3.3.0,src/java/main/org/apache/zookeeper/server/ZooKeeperServerMXBean.java,0.015221,0.086168,0.016129,0.142857,0.0,0.009738,0.022727,0.030516,0.010508,0.020979,0.028169,0.005773,0.026891,0.1,0.140351,0.004808,0.004926,0.0,0.0,0.0,0.0,0.0,no
3.3.0,src/java/main/org/apache/zookeeper/server/auth/AuthenticationProvider.java,0.005327,0.073696,0.016129,0.142857,0.0,0.000749,0.001748,0.002347,0.000438,0.000874,0.001174,0.000619,0.020168,0.075,0.105263,0.3125,0.320197,0.0,0.0,0.035354,0.0,0.0,no
3.3.0,src/java/main/org/apache/zookeeper/server/persistence/SnapShot.java,0.008371,0.05102,0.016129,0.142857,0.0,0.002247,0.005245,0.007042,0.002627,0.005245,0.007042,0.001237,0.011765,0.04375,0.061404,0.004808,0.004926,0.0,0.0,0.010101,0.0,0.0,no
3.3.0,src/java/main/org/apache/zookeeper/server/persistence/TxnLog.java,0.012938,0.097506,0.048387,0.285714,0.037037,0.002996,0.003497,0.00313,0.002627,0.003497,0.002347,0.002062,0.042017,0.0875,0.073099,0.269231,0.112808,0.0,0.0,0.020202,0.090909,0.0,no
3.3.0,src/java/main/org/apache/zookeeper/server/quorum/Election.java,0.002283,0.019274,0.016129,0.142857,0.0,0.000375,0.000874,0.001174,0.000438,0.000874,0.001174,0.000206,0.006723,0.025,0.035088,0.009615,0.009852,0.0,0.0,0.0,0.0,0.0,no
3.3.0,src/java/main/org/apache/zookeeper/server/quorum/FollowerMXBean.java,0.003044,0.03288,0.0,0.0,0.0,0.0,0.0,0.0,0.0,0.0,0.0,0.0,0.0,0.0,0.0,0.0,0.0,0.0,0.0,0.0,0.0,0.0,no
3.3.0,src/java/main/org/apache/zookeeper/server/quorum/LeaderElectionBean.java,0.009132,0.022676,0.0,0.0,0.0,0.0,0.0,0.0,0.0,0.0,0.0,0.0,0.0,0.0,0.0,0.0,0.0,0.0,0.0,0.0,0.090909,0.0,no
3.3.0,src/java/main/org/apache/zookeeper/server/quorum/LeaderElectionMXBean.java,0.000761,0.027211,0.0,0.0,0.0,0.0,0.0,0.0,0.0,0.0,0.0,0.0,0.0,0.0,0.0,0.0,0.0,0.0,0.0,0.0,0.0,0.0,no
3.3.0,src/java/main/org/apache/zookeeper/server/quorum/LeaderMXBean.java,0.002283,0.029478,0.0,0.0,0.0,0.0,0.0,0.0,0.0,0.0,0.0,0.0,0.0,0.0,0.0,0.0,0.0,0.0,0.0,0.0,0.0,0.0,no
3.3.0,src/java/main/org/apache/zookeeper/server/quorum/Learner.java,0.18417,0.113379,0.032258,0.142857,0.037037,0.142322,0.327797,0.223005,0.164186,0.327797,0.22007,0.079381,0.043697,0.10625,0.114035,0.096154,0.097627,0.0,0.0,0.141414,0.363636,0.0,yes
3.3.0,src/java/main/org/apache/zookeeper/server/quorum/LearnerHandler.java,0.281583,0.094104,0.112903,0.571429,0.111111,0.018352,0.013986,0.008216,0.013135,0.009615,0.00503,0.014021,0.102521,0.15625,0.076441,0.086538,0.064764,0.0,0.0,0.272727,0.636364,0.0,yes
3.3.0,src/java/main/org/apache/zookeeper/server/quorum/LearnerSessionTracker.java,0.035008,0.028345,0.016129,0.142857,0.0,0.002622,0.006119,0.008216,0.001313,0.002622,0.003521,0.002268,0.018487,0.06875,0.096491,0.038462,0.039409,0.0,0.0,0.010101,0.090909,0.0,no
3.3.0,src/java/main/org/apache/zookeeper/server/quorum/LearnerSyncRequest.java,0.00761,0.019274,0.0,0.0,0.0,0.0,0.0,0.0,0.0,0.0,0.0,0.0,0.0,0.0,0.0,0.0,0.0,0.0,0.0,0.0,0.090909,0.0,no
3.3.0,src/java/main/org/apache/zookeeper/server/quorum/LearnerZooKeeperServer.java,0.06621,0.044218,0.048387,0.142857,0.037037,0.060674,0.130245,0.06338,0.068301,0.130245,0.061033,0.037526,0.070588,0.10625,0.122807,0.096154,0.087073,0.0,0.0,0.040404,0.272727,0.0,no
3.3.0,src/java/main/org/apache/zookeeper/server/quorum/LocalPeerBean.java,0.035008,0.022676,0.032258,0.285714,0.0,0.031835,0.059441,0.049883,0.037215,0.059441,0.049883,0.017526,0.137815,0.4125,0.359649,0.298077,0.24532,0.0,0.0,0.005051,0.181818,0.0,no
3.3.0,src/java/main/org/apache/zookeeper/server/quorum/LocalPeerMXBean.java,0.00761,0.057823,0.032258,0.285714,0.0,0.028839,0.055944,0.045188,0.033713,0.055944,0.045188,0.015876,0.137815,0.4125,0.359649,0.298077,0.254686,0.0,0.0,0.010101,0.0,0.0,no
3.3.0,src/java/main/org/apache/zookeeper/server/quorum/Observer.java,0.069254,0.045351,0.048387,0.428571,0.037037,0.055805,0.128497,0.058294,0.064361,0.128497,0.057512,0.031134,0.07395,0.15625,0.128655,0.086538,0.086974,0.0,0.0,0.060606,0.363636,0.0,no
3.3.0,src/java/main/org/apache/zookeeper/server/quorum/ObserverMXBean.java,0.002283,0.030612,0.016129,0.142857,0.0,0.013858,0.032343,0.043427,0.0162,0.032343,0.043427,0.007629,0.02521,0.09375,0.131579,0.086538,0.08867,0.0,0.0,0.0,0.0,0.0,no
3.3.0,src/java/main/org/apache/zookeeper/server/quorum/ObserverRequestProcessor.java,0.047184,0.048753,0.016129,0.142857,0.0,0.046067,0.107517,0.144366,0.053853,0.107517,0.144366,0.025361,0.02521,0.09375,0.131579,0.086538,0.08867,0.0,0.0,0.055556,0.363636,0.0,no
3.3.0,src/java/main/org/apache/zookeeper/server/quorum/ObserverZooKeeperServer.java,0.041096,0.052154,0.048387,0.142857,0.037037,0.045318,0.09965,0.04734,0.050788,0.09965,0.045383,0.025979,0.080672,0.10625,0.140351,0.086538,0.08304,0.0,0.0,0.020202,0.181818,0.0,no
3.3.0,src/java/main/org/apache/zookeeper/server/quorum/ProposalRequestProcessor.java,0.023592,0.039683,0.112903,0.428571,0.0,0.007116,0.006119,0.003186,0.008757,0.005245,0.003353,0.006598,0.255462,0.4125,0.190476,0.298077,0.194889,0.0,0.0,0.020202,0.272727,0.0,no
3.3.0,src/java/main/org/apache/zookeeper/server/quorum/QuorumBean.java,0.012938,0.019274,0.0,0.0,0.0,0.0,0.0,0.0,0.0,0.0,0.0,0.0,0.0,0.0,0.0,0.0,0.0,0.0,0.0,0.0,0.090909,0.0,no
3.3.0,src/java/main/org/apache/zookeeper/server/quorum/QuorumMXBean.java,0.001522,0.029478,0.0,0.0,0.0,0.0,0.0,0.0,0.0,0.0,0.0,0.0,0.0,0.0,0.0,0.0,0.0,0.0,0.0,0.0,0.0,0.0,no
3.3.0,src/java/main/org/apache/zookeeper/server/quorum/QuorumZooKeeperServer.java,0.024353,0.02381,0.016129,0.142857,0.0,0.023221,0.054196,0.07277,0.027145,0.054196,0.07277,0.012784,0.026891,0.1,0.140351,0.004808,0.004926,0.0,0.0,0.005051,0.090909,0.0,no
3.3.0,src/java/main/org/apache/zookeeper/server/quorum/RemotePeerMXBean.java,0.001522,0.029478,0.0,0.0,0.0,0.0,0.0,0.0,0.0,0.0,0.0,0.0,0.0,0.0,0.0,0.0,0.0,0.0,0.0,0.005051,0.0,0.0,no
3.3.0,src/java/main/org/apache/zookeeper/server/quorum/ServerBean.java,0.006849,0.022676,0.0,0.0,0.0,0.0,0.0,0.0,0.0,0.0,0.0,0.0,0.0,0.0,0.0,0.0,0.0,0.0,0.0,0.005051,0.090909,0.0,no
3.3.0,src/java/main/org/apache/zookeeper/server/quorum/ServerMXBean.java,0.001522,0.029478,0.0,0.0,0.0,0.0,0.0,0.0,0.0,0.0,0.0,0.0,0.0,0.0,0.0,0.0,0.0,0.0,0.0,0.0,0.0,0.0,no
3.3.0,src/recipes/lock/src/java/org/apache/zookeeper/recipes/lock/LockListener.java,0.001522,0.035147,0.016129,0.142857,0.0,0.014232,0.033217,0.044601,0.016637,0.033217,0.044601,0.007835,0.008403,0.03125,0.04386,0.230769,0.236453,0.0,0.0,0.0,0.0,0.0,no
3.3.0,src/recipes/lock/src/java/org/apache/zookeeper/recipes/lock/ZooKeeperOperation.java,0.001522,0.034014,0.016129,0.142857,0.0,0.014232,0.033217,0.044601,0.016637,0.033217,0.044601,0.007835,0.008403,0.03125,0.04386,0.230769,0.236453,0.0,0.0,0.010101,0.0,0.0,no
3.3.0,src/recipes/queue/src/java/org/apache/zookeeper/recipes/queue/DistributedQueue.java,0.138508,0.091837,0.016129,0.142857,0.0,0.116854,0.272727,0.366197,0.136602,0.272727,0.366197,0.06433,0.001681,0.00625,0.008772,0.091346,0.093596,0.0,0.0,0.121212,0.454545,0.0,no
3.3.1,src/contrib/bookkeeper/src/java/org/apache/bookkeeper/client/AsyncCallback.java,0.015221,0.088435,0.064516,0.428571,0.0,0.070412,0.081294,0.055164,0.050788,0.071678,0.034038,0.054021,0.144538,0.31875,0.188596,0.240385,0.12477,0.0,0.0,0.010101,0.090909,0.0,no
3.3.1,src/contrib/bookkeeper/src/java/org/apache/bookkeeper/client/CRC32DigestManager.java,0.016743,0.019274,0.016129,0.142857,0.0,0.018727,0.043706,0.058685,0.021891,0.043706,0.058685,0.010309,0.085714,0.31875,0.447368,0.072115,0.073892,0.0,0.0,0.0,0.090909,0.0,no
3.3.1,src/contrib/bookkeeper/src/java/org/apache/bookkeeper/client/DistributionSchedule.java,0.002283,0.055556,0.016129,0.142857,0.0,0.022846,0.053322,0.071596,0.026708,0.053322,0.071596,0.012577,0.085714,0.31875,0.447368,0.072115,0.073892,0.0,0.0,0.020202,0.0,0.0,no
3.3.1,src/contrib/bookkeeper/src/java/org/apache/bookkeeper/client/LedgerDeleteOp.java,0.015982,0.053288,0.016129,0.142857,0.0,0.029963,0.06993,0.093897,0.035026,0.06993,0.093897,0.016495,0.001681,0.00625,0.008772,0.0,0.0,0.0,0.0,0.0,0.090909,0.0,no
3.3.1,src/contrib/bookkeeper/src/java/org/apache/bookkeeper/client/LedgerEntry.java,0.024353,0.035147,0.048387,0.142857,0.0,0.040824,0.05507,0.042645,0.038529,0.05507,0.034429,0.028866,0.156303,0.31875,0.27193,0.322115,0.196728,0.0,0.0,0.005051,0.181818,0.0,no
3.3.1,src/contrib/bookkeeper/src/java/org/apache/bookkeeper/client/RoundRobinDistributionSchedule.java,0.028919,0.031746,0.016129,0.142857,0.0,0.032584,0.076049,0.102113,0.038091,0.076049,0.102113,0.017938,0.085714,0.31875,0.447368,0.072115,0.073892,0.0,0.0,0.030303,0.363636,0.0,no
3.3.1,src/contrib/bookkeeper/src/java/org/apache/bookkeeper/proto/BookkeeperInternalCallbacks.java,0.008371,0.039683,0.016129,0.142857,0.0,0.021348,0.049825,0.066901,0.024956,0.049825,0.066901,0.011753,0.085714,0.31875,0.447368,0.072115,0.073892,0.0,0.0,0.020202,0.090909,0.0,no
3.3.1,src/contrib/rest/src/java/org/apache/zookeeper/server/jersey/jaxb/ZChildren.java,0.032725,0.026077,0.016129,0.142857,0.0,0.029963,0.06993,0.093897,0.035026,0.06993,0.093897,0.016495,0.020168,0.075,0.105263,0.254808,0.261084,0.0,0.0,0.010101,0.181818,0.0,no
3.3.1,src/contrib/rest/src/java/org/apache/zookeeper/server/jersey/jaxb/ZChildrenJSON.java,0.02968,0.026077,0.016129,0.142857,0.0,0.028464,0.066434,0.089202,0.033275,0.066434,0.089202,0.01567,0.020168,0.075,0.105263,0.254808,0.261084,0.0,0.0,0.010101,0.181818,0.0,no
3.3.1,src/contrib/rest/src/java/org/apache/zookeeper/server/jersey/jaxb/ZError.java,0.00761,0.02381,0.016129,0.142857,0.0,0.015356,0.035839,0.048122,0.017951,0.035839,0.048122,0.008454,0.020168,0.075,0.105263,0.254808,0.261084,0.0,0.0,0.0,0.090909,0.0,no
3.3.1,src/contrib/rest/src/java/org/apache/zookeeper/server/jersey/jaxb/ZPath.java,0.02207,0.02381,0.016129,0.142857,0.0,0.023596,0.05507,0.073944,0.027583,0.05507,0.073944,0.01299,0.020168,0.075,0.105263,0.254808,0.261084,0.0,0.0,0.005051,0.181818,0.0,no
3.3.1,src/contrib/zooinspector/src/java/org/apache/zookeeper/inspector/gui/NodeViewersChangeListener.java,0.002283,0.031746,0.016129,0.142857,0.0,0.013858,0.032343,0.043427,0.0162,0.032343,0.043427,0.007629,0.040336,0.15,0.210526,0.043269,0.044335,0.0,0.0,0.005051,0.0,0.0,no
3.3.1,src/contrib/zooinspector/src/java/org/apache/zookeeper/inspector/manager/NodeListener.java,0.002283,0.03288,0.016129,0.142857,0.0,0.013858,0.032343,0.043427,0.0162,0.032343,0.043427,0.007629,0.040336,0.15,0.210526,0.043269,0.044335,0.0,0.0,0.005051,0.0,0.0,no
3.3.1,src/contrib/zooinspector/src/java/org/apache/zookeeper/inspector/manager/ZooInspectorManager.java,0.019026,0.10771,0.016129,0.142857,0.0,0.05206,0.121503,0.163146,0.060858,0.121503,0.163146,0.02866,0.040336,0.15,0.210526,0.043269,0.044335,0.0,0.0,0.050505,0.0,0.0,no
3.3.1,src/contrib/zooinspector/src/java/org/apache/zookeeper/inspector/manager/ZooInspectorNodeManager.java,0.000761,0.031746,0.016129,0.142857,0.0,0.01236,0.028846,0.038732,0.014448,0.028846,0.038732,0.006804,0.040336,0.15,0.210526,0.043269,0.044335,0.0,0.0,0.015152,0.0,0.0,no
3.3.1,src/contrib/zooinspector/src/java/org/apache/zookeeper/inspector/manager/ZooInspectorNodeTreeManager.java,0.002283,0.037415,0.016129,0.142857,0.0,0.016105,0.037587,0.050469,0.018827,0.037587,0.050469,0.008866,0.040336,0.15,0.210526,0.043269,0.044335,0.0,0.0,0.020202,0.0,0.0,no
3.3.1,src/contrib/zooinspector/src/java/org/apache/zookeeper/inspector/manager/ZooInspectorReadOnlyManager.java,0.009132,0.080499,0.016129,0.142857,0.0,0.037079,0.086538,0.116197,0.043345,0.086538,0.116197,0.020412,0.040336,0.15,0.210526,0.043269,0.044335,0.0,0.0,0.035354,0.0,0.0,no
3.3.1,src/java/main/org/apache/jute/Index.java,0.001522,0.035147,0.016129,0.142857,0.0,0.0,0.0,0.0,0.000438,0.000874,0.001174,0.000206,0.052101,0.19375,0.27193,0.245192,0.251232,0.0,0.0,0.010101,0.0,0.0,no
3.3.1,src/java/main/org/apache/jute/Record.java,0.003805,0.02381,0.016129,0.142857,0.0,0.0,0.0,0.0,0.000438,0.000874,0.001174,0.000206,0.052101,0.19375,0.27193,0.245192,0.251232,0.0,0.0,0.0,0.0,0.0,no
3.3.1,src/java/main/org/apache/jute/compiler/CSharpGenerator.java,0.012177,0.03288,0.016129,0.142857,0.0,0.01985,0.046329,0.062207,0.023205,0.046329,0.062207,0.010928,0.026891,0.1,0.140351,0.009615,0.009852,0.0,0.0,0.005051,0.181818,0.0,no
3.3.1,src/java/main/org/apache/jute/compiler/JBoolean.java,0.013699,0.02381,0.032258,0.285714,0.0,0.003371,0.007867,0.005282,0.00394,0.006993,0.005282,0.002268,0.078992,0.19375,0.20614,0.245192,0.031796,0.0,0.0,0.0,0.090909,0.0,no
3.3.1,src/java/main/org/apache/jute/compiler/JByte.java,0.004566,0.02381,0.032258,0.285714,0.0,0.000375,0.000874,0.000587,0.000438,0.000874,0.000587,0.000619,0.078992,0.19375,0.20614,0.245192,0.090312,0.0,0.0,0.0,0.090909,0.0,no
3.3.1,src/java/main/org/apache/jute/compiler/JCompType.java,0.023592,0.024943,0.032258,0.285714,0.0,0.005618,0.013112,0.008803,0.006567,0.011364,0.008803,0.003918,0.078992,0.19375,0.20614,0.245192,0.035261,0.0,0.0,0.005051,0.090909,0.0,no
3.3.1,src/java/main/org/apache/jute/compiler/JDouble.java,0.00761,0.02381,0.032258,0.285714,0.0,0.000375,0.000874,0.000587,0.000438,0.000874,0.000587,0.000619,0.078992,0.19375,0.20614,0.245192,0.090312,0.0,0.0,0.0,0.090909,0.0,no
3.3.1,src/java/main/org/apache/jute/compiler/JFloat.java,0.006849,0.02381,0.032258,0.285714,0.0,0.000375,0.000874,0.000587,0.000438,0.000874,0.000587,0.000619,0.078992,0.19375,0.20614,0.245192,0.090312,0.0,0.0,0.0,0.090909,0.0,no
3.3.1,src/java/main/org/apache/jute/compiler/JInt.java,0.004566,0.02381,0.032258,0.285714,0.0,0.000375,0.000874,0.000587,0.000438,0.000874,0.000587,0.000619,0.078992,0.19375,0.20614,0.245192,0.090312,0.0,0.0,0.0,0.090909,0.0,no
3.3.1,src/java/main/org/apache/jute/compiler/JLong.java,0.006849,0.02381,0.032258,0.285714,0.0,0.000375,0.000874,0.000587,0.000438,0.000874,0.000587,0.000619,0.078992,0.19375,0.20614,0.245192,0.090312,0.0,0.0,0.0,0.090909,0.0,no
3.3.1,src/java/main/org/apache/jute/compiler/JString.java,0.012177,0.02381,0.032258,0.285714,0.0,0.000375,0.000874,0.000587,0.000438,0.000874,0.000587,0.000619,0.078992,0.19375,0.20614,0.245192,0.090312,0.0,0.0,0.005051,0.181818,0.0,no
3.3.1,src/java/main/org/apache/zookeeper/AsyncCallback.java,0.021309,0.019274,0.016129,0.142857,0.0,0.001873,0.004371,0.005869,0.002189,0.004371,0.005869,0.001031,0.016807,0.0625,0.087719,0.134615,0.137931,0.0,0.0,0.0,0.090909,0.0,no
3.3.1,src/java/main/org/apache/zookeeper/ClientWatchManager.java,0.001522,0.035147,0.0,0.0,0.0,0.0,0.0,0.0,0.0,0.0,0.0,0.0,0.0,0.0,0.0,0.0,0.0,0.0,0.0,0.010101,0.0,0.0,no
3.3.1,src/java/main/org/apache/zookeeper/jmx/CommonNames.java,0.002283,0.02381,0.0,0.0,0.0,0.0,0.0,0.0,0.0,0.0,0.0,0.0,0.0,0.0,0.0,0.0,0.0,0.0,0.0,0.0,0.0,0.0,no
3.3.1,src/java/main/org/apache/zookeeper/jmx/ZKMBeanInfo.java,0.001522,0.03288,0.0,0.0,0.0,0.0,0.0,0.0,0.0,0.0,0.0,0.0,0.0,0.0,0.0,0.0,0.0,0.0,0.0,0.015152,0.0,0.0,no
3.3.1,src/java/main/org/apache/zookeeper/server/ConnectionMXBean.java,0.01446,0.079365,0.016129,0.142857,0.037037,0.011236,0.026224,0.035211,0.013135,0.026224,0.035211,0.006186,0.010084,0.0375,0.052632,0.125,0.128079,0.0,0.0,0.0,0.0,0.0,no
3.3.1,src/java/main/org/apache/zookeeper/server/DataTreeMXBean.java,0.003805,0.040816,0.0,0.0,0.0,0.0,0.0,0.0,0.0,0.0,0.0,0.0,0.0,0.0,0.0,0.0,0.0,0.0,0.0,0.0,0.0,0.0,no
3.3.1,src/java/main/org/apache/zookeeper/server/RequestProcessor.java,0.001522,0.03288,0.0,0.0,0.0,0.0,0.0,0.0,0.0,0.0,0.0,0.0,0.0,0.0,0.0,0.0,0.0,0.0,0.0,0.0,0.0,0.0,no
3.3.1,src/java/main/org/apache/zookeeper/server/ServerStats.java,0.068493,0.024943,0.048387,0.285714,0.0,0.011985,0.021853,0.01252,0.008757,0.012238,0.007825,0.014845,0.129412,0.4125,0.225146,0.346154,0.340517,0.0,0.0,0.020202,0.181818,0.0,no
3.3.1,src/java/main/org/apache/zookeeper/server/SessionTracker.java,0.015221,0.043084,0.048387,0.285714,0.074074,0.007116,0.006993,0.007433,0.007005,0.006993,0.00626,0.004536,0.053782,0.06875,0.093567,0.221154,0.137035,0.0,0.0,0.010101,0.090909,0.0,no
3.3.1,src/java/main/org/apache/zookeeper/server/ZooKeeperServerMXBean.java,0.015221,0.086168,0.016129,0.142857,0.0,0.009738,0.022727,0.030516,0.010508,0.020979,0.028169,0.005773,0.026891,0.1,0.140351,0.043269,0.044335,0.0,0.0,0.0,0.0,0.0,no
3.3.1,src/java/main/org/apache/zookeeper/server/auth/AuthenticationProvider.java,0.005327,0.073696,0.016129,0.142857,0.0,0.000749,0.001748,0.002347,0.000438,0.000874,0.001174,0.000619,0.020168,0.075,0.105263,0.350962,0.359606,0.0,0.0,0.035354,0.0,0.0,no
3.3.1,src/java/main/org/apache/zookeeper/server/persistence/SnapShot.java,0.008371,0.05102,0.016129,0.142857,0.0,0.002247,0.005245,0.007042,0.002627,0.005245,0.007042,0.001237,0.011765,0.04375,0.061404,0.043269,0.044335,0.0,0.0,0.010101,0.0,0.0,no
3.3.1,src/java/main/org/apache/zookeeper/server/persistence/TxnLog.java,0.012938,0.097506,0.048387,0.285714,0.037037,0.002996,0.003497,0.00313,0.002627,0.003497,0.002347,0.002062,0.042017,0.0875,0.073099,0.307692,0.152217,0.0,0.0,0.020202,0.090909,0.0,no
3.3.1,src/java/main/org/apache/zookeeper/server/quorum/Election.java,0.002283,0.019274,0.016129,0.142857,0.0,0.000375,0.000874,0.001174,0.000438,0.000874,0.001174,0.000206,0.006723,0.025,0.035088,0.043269,0.044335,0.0,0.0,0.0,0.0,0.0,no
3.3.1,src/java/main/org/apache/zookeeper/server/quorum/FollowerMXBean.java,0.003044,0.03288,0.0,0.0,0.0,0.0,0.0,0.0,0.0,0.0,0.0,0.0,0.0,0.0,0.0,0.0,0.0,0.0,0.0,0.0,0.0,0.0,no
3.3.1,src/java/main/org/apache/zookeeper/server/quorum/LeaderElectionBean.java,0.009132,0.022676,0.0,0.0,0.0,0.0,0.0,0.0,0.0,0.0,0.0,0.0,0.0,0.0,0.0,0.0,0.0,0.0,0.0,0.0,0.090909,0.0,no
3.3.1,src/java/main/org/apache/zookeeper/server/quorum/LeaderElectionMXBean.java,0.000761,0.027211,0.0,0.0,0.0,0.0,0.0,0.0,0.0,0.0,0.0,0.0,0.0,0.0,0.0,0.0,0.0,0.0,0.0,0.0,0.0,0.0,no
3.3.1,src/java/main/org/apache/zookeeper/server/quorum/LeaderMXBean.java,0.002283,0.029478,0.0,0.0,0.0,0.0,0.0,0.0,0.0,0.0,0.0,0.0,0.0,0.0,0.0,0.0,0.0,0.0,0.0,0.0,0.0,0.0,no
3.3.1,src/java/main/org/apache/zookeeper/server/quorum/LearnerSyncRequest.java,0.00761,0.019274,0.0,0.0,0.0,0.0,0.0,0.0,0.0,0.0,0.0,0.0,0.0,0.0,0.0,0.0,0.0,0.0,0.0,0.0,0.090909,0.0,no
3.3.1,src/java/main/org/apache/zookeeper/server/quorum/LocalPeerBean.java,0.035008,0.022676,0.032258,0.285714,0.0,0.031835,0.059441,0.049883,0.037215,0.059441,0.049883,0.017526,0.137815,0.4125,0.359649,0.331731,0.280788,0.0,0.0,0.005051,0.181818,0.0,no
3.3.1,src/java/main/org/apache/zookeeper/server/quorum/LocalPeerMXBean.java,0.00761,0.057823,0.032258,0.285714,0.0,0.028839,0.055944,0.045188,0.033713,0.055944,0.045188,0.015876,0.137815,0.4125,0.359649,0.331731,0.290001,0.0,0.0,0.010101,0.0,0.0,no
3.3.1,src/java/main/org/apache/zookeeper/server/quorum/ObserverMXBean.java,0.002283,0.030612,0.016129,0.142857,0.0,0.013858,0.032343,0.043427,0.0162,0.032343,0.043427,0.007629,0.02521,0.09375,0.131579,0.120192,0.123153,0.0,0.0,0.0,0.0,0.0,no
3.3.1,src/java/main/org/apache/zookeeper/server/quorum/ProposalRequestProcessor.java,0.023592,0.039683,0.112903,0.428571,0.0,0.007116,0.006119,0.003186,0.008757,0.005245,0.003353,0.006598,0.255462,0.4125,0.190476,0.331731,0.229988,0.0,0.0,0.020202,0.272727,0.0,no
3.3.1,src/java/main/org/apache/zookeeper/server/quorum/QuorumBean.java,0.012938,0.019274,0.0,0.0,0.0,0.0,0.0,0.0,0.0,0.0,0.0,0.0,0.0,0.0,0.0,0.0,0.0,0.0,0.0,0.0,0.090909,0.0,no
3.3.1,src/java/main/org/apache/zookeeper/server/quorum/QuorumMXBean.java,0.001522,0.029478,0.0,0.0,0.0,0.0,0.0,0.0,0.0,0.0,0.0,0.0,0.0,0.0,0.0,0.0,0.0,0.0,0.0,0.0,0.0,0.0,no
3.3.1,src/java/main/org/apache/zookeeper/server/quorum/RemotePeerMXBean.java,0.001522,0.029478,0.0,0.0,0.0,0.0,0.0,0.0,0.0,0.0,0.0,0.0,0.0,0.0,0.0,0.0,0.0,0.0,0.0,0.005051,0.0,0.0,no
3.3.1,src/java/main/org/apache/zookeeper/server/quorum/ServerBean.java,0.006849,0.022676,0.0,0.0,0.0,0.0,0.0,0.0,0.0,0.0,0.0,0.0,0.0,0.0,0.0,0.0,0.0,0.0,0.0,0.005051,0.090909,0.0,no
3.3.1,src/java/main/org/apache/zookeeper/server/quorum/ServerMXBean.java,0.001522,0.029478,0.0,0.0,0.0,0.0,0.0,0.0,0.0,0.0,0.0,0.0,0.0,0.0,0.0,0.0,0.0,0.0,0.0,0.0,0.0,0.0,no
3.3.1,src/recipes/lock/src/java/org/apache/zookeeper/recipes/lock/LockListener.java,0.001522,0.035147,0.016129,0.142857,0.0,0.014232,0.033217,0.044601,0.016637,0.033217,0.044601,0.007835,0.008403,0.03125,0.04386,0.264423,0.270936,0.0,0.0,0.0,0.0,0.0,no
3.3.1,src/recipes/lock/src/java/org/apache/zookeeper/recipes/lock/ZooKeeperOperation.java,0.001522,0.034014,0.016129,0.142857,0.0,0.014232,0.033217,0.044601,0.016637,0.033217,0.044601,0.007835,0.008403,0.03125,0.04386,0.264423,0.270936,0.0,0.0,0.010101,0.0,0.0,no
3.3.2,src/contrib/bookkeeper/src/java/org/apache/bookkeeper/client/AsyncCallback.java,0.017504,0.097506,0.080645,0.428571,0.0,0.074906,0.081294,0.046948,0.056042,0.071678,0.030047,0.056495,0.156303,0.31875,0.163158,0.365385,0.245442,0.0,0.0,0.015152,0.090909,0.0,no
3.3.2,src/contrib/bookkeeper/src/java/org/apache/bookkeeper/client/CRC32DigestManager.java,0.016743,0.019274,0.016129,0.142857,0.0,0.018727,0.043706,0.058685,0.021891,0.043706,0.058685,0.010309,0.085714,0.31875,0.447368,0.197115,0.20197,0.0,0.0,0.0,0.090909,0.0,no
3.3.2,src/contrib/bookkeeper/src/java/org/apache/bookkeeper/client/DistributionSchedule.java,0.002283,0.055556,0.032258,0.285714,0.0,0.023221,0.053322,0.036385,0.026708,0.053322,0.035798,0.01299,0.097479,0.31875,0.254386,0.197115,0.198217,0.0,0.0,0.020202,0.0,0.0,no
3.3.2,src/contrib/bookkeeper/src/java/org/apache/bookkeeper/client/LedgerDeleteOp.java,0.015982,0.053288,0.016129,0.142857,0.0,0.029963,0.06993,0.093897,0.035026,0.06993,0.093897,0.016495,0.001681,0.00625,0.008772,0.120192,0.123153,0.0,0.0,0.0,0.090909,0.0,no
3.3.2,src/contrib/bookkeeper/src/java/org/apache/bookkeeper/client/LedgerEntry.java,0.024353,0.035147,0.048387,0.142857,0.0,0.040824,0.05507,0.042645,0.038529,0.05507,0.034429,0.028866,0.156303,0.31875,0.27193,0.442308,0.32259,0.0,0.0,0.005051,0.181818,0.0,no
3.3.2,src/contrib/bookkeeper/src/java/org/apache/bookkeeper/client/RoundRobinDistributionSchedule.java,0.028919,0.031746,0.016129,0.142857,0.0,0.032584,0.076049,0.102113,0.038091,0.076049,0.102113,0.017938,0.085714,0.31875,0.447368,0.197115,0.20197,0.0,0.0,0.030303,0.363636,0.0,no
3.3.2,src/contrib/bookkeeper/src/java/org/apache/bookkeeper/proto/BookkeeperInternalCallbacks.java,0.008371,0.039683,0.016129,0.142857,0.0,0.021348,0.049825,0.066901,0.024956,0.049825,0.066901,0.011753,0.085714,0.31875,0.447368,0.197115,0.20197,0.0,0.0,0.020202,0.090909,0.0,no
3.3.2,src/contrib/bookkeeper/src/java/org/apache/bookkeeper/tools/BookKeeperTools.java,0.283105,0.394558,0.016129,0.142857,0.0,0.285393,0.666084,0.894366,0.333625,0.666084,0.894366,0.157113,0.011765,0.04375,0.061404,0.081731,0.083744,0.0,0.0,0.459596,0.727273,0.0,no
3.3.2,src/contrib/hedwig/client/src/main/java/org/apache/hedwig/client/api/MessageHandler.java,0.003044,0.04195,0.016129,0.142857,0.0,0.017978,0.041958,0.056338,0.021016,0.041958,0.056338,0.009897,0.191597,0.7125,1.0,0.057692,0.059113,0.0,0.0,0.0,0.0,0.0,no
3.3.2,src/contrib/hedwig/client/src/main/java/org/apache/hedwig/client/api/Publisher.java,0.005327,0.054422,0.016129,0.142857,0.0,0.023596,0.05507,0.073944,0.027583,0.05507,0.073944,0.01299,0.191597,0.7125,1.0,0.057692,0.059113,0.0,0.0,0.0,0.0,0.0,no
3.3.2,src/contrib/hedwig/client/src/main/java/org/apache/hedwig/client/api/Subscriber.java,0.022831,0.214286,0.016129,0.142857,0.0,0.088764,0.207168,0.278169,0.103765,0.207168,0.278169,0.048866,0.191597,0.7125,1.0,0.057692,0.059113,0.0,0.0,0.090909,0.0,0.0,no
3.3.2,src/contrib/hedwig/client/src/main/java/org/apache/hedwig/client/benchmark/BenchmarkPublisher.java,0.067732,0.02381,0.016129,0.142857,0.0,0.049813,0.116259,0.156103,0.058231,0.116259,0.156103,0.027423,0.191597,0.7125,1.0,0.057692,0.059113,0.0,0.0,0.055556,0.272727,0.0,no
3.3.2,src/contrib/hedwig/client/src/main/java/org/apache/hedwig/client/benchmark/BenchmarkSubscriber.java,0.066971,0.026077,0.016129,0.142857,0.0,0.050936,0.118881,0.159624,0.059545,0.118881,0.159624,0.028041,0.191597,0.7125,1.0,0.057692,0.059113,0.0,0.0,0.060606,0.454545,0.0,no
3.3.2,src/contrib/hedwig/client/src/main/java/org/apache/hedwig/client/benchmark/BenchmarkUtils.java,0.092085,0.031746,0.016129,0.142857,0.0,0.065918,0.153846,0.206573,0.077058,0.153846,0.206573,0.036289,0.191597,0.7125,1.0,0.057692,0.059113,0.0,0.0,0.065657,0.727273,0.0,no
3.3.2,src/contrib/hedwig/client/src/main/java/org/apache/hedwig/client/benchmark/BenchmarkWorker.java,0.015982,0.019274,0.016129,0.142857,0.0,0.017228,0.04021,0.053991,0.02014,0.04021,0.053991,0.009485,0.191597,0.7125,1.0,0.057692,0.059113,0.0,0.0,0.010101,0.181818,0.0,no
3.3.2,src/contrib/hedwig/client/src/main/java/org/apache/hedwig/client/benchmark/HedwigBenchmark.java,0.055556,0.027211,0.016129,0.142857,0.0,0.047566,0.111014,0.149061,0.055604,0.111014,0.149061,0.026186,0.191597,0.7125,1.0,0.057692,0.059113,0.0,0.0,0.030303,0.272727,0.0,no
3.3.2,src/contrib/hedwig/client/src/main/java/org/apache/hedwig/client/conf/ClientConfiguration.java,0.048706,0.069161,0.016129,0.142857,0.0,0.055431,0.129371,0.173709,0.064799,0.129371,0.173709,0.030515,0.191597,0.7125,1.0,0.057692,0.059113,0.0,0.0,0.085859,0.181818,0.0,no
3.3.2,src/contrib/hedwig/client/src/main/java/org/apache/hedwig/client/data/MessageConsumeData.java,0.015982,0.03288,0.016129,0.142857,0.0,0.021723,0.050699,0.068075,0.025394,0.050699,0.068075,0.011959,0.191597,0.7125,1.0,0.057692,0.059113,0.0,0.0,0.040404,0.090909,0.0,no
3.3.2,src/contrib/hedwig/client/src/main/java/org/apache/hedwig/client/data/PubSubData.java,0.060122,0.06576,0.016129,0.142857,0.0,0.055805,0.130245,0.174883,0.065236,0.130245,0.174883,0.030722,0.191597,0.7125,1.0,0.057692,0.059113,0.0,0.0,0.166667,0.272727,0.0,no
3.3.2,src/contrib/hedwig/client/src/main/java/org/apache/hedwig/client/data/TopicSubscriber.java,0.028919,0.026077,0.016129,0.142857,0.0,0.027715,0.064685,0.086854,0.032399,0.064685,0.086854,0.015258,0.191597,0.7125,1.0,0.057692,0.059113,0.0,0.0,0.025253,0.090909,0.0,no
3.3.2,src/contrib/hedwig/client/src/main/java/org/apache/hedwig/client/exceptions/InvalidSubscriberIdException.java,0.005327,0.024943,0.016129,0.142857,0.0,0.013858,0.032343,0.043427,0.0162,0.032343,0.043427,0.007629,0.191597,0.7125,1.0,0.057692,0.059113,0.0,0.0,0.005051,0.090909,0.0,no
3.3.2,src/contrib/hedwig/client/src/main/java/org/apache/hedwig/client/exceptions/ServerRedirectLoopException.java,0.005327,0.026077,0.016129,0.142857,0.0,0.014232,0.033217,0.044601,0.016637,0.033217,0.044601,0.007835,0.191597,0.7125,1.0,0.057692,0.059113,0.0,0.0,0.005051,0.090909,0.0,no
3.3.2,src/contrib/hedwig/client/src/main/java/org/apache/hedwig/client/exceptions/TooManyServerRedirectsException.java,0.005327,0.027211,0.016129,0.142857,0.0,0.014607,0.034091,0.045775,0.017075,0.034091,0.045775,0.008041,0.191597,0.7125,1.0,0.057692,0.059113,0.0,0.0,0.0,0.090909,0.0,no
3.3.2,src/contrib/hedwig/client/src/main/java/org/apache/hedwig/client/handlers/MessageConsumeCallback.java,0.031202,0.04195,0.016129,0.142857,0.0,0.035581,0.083042,0.111502,0.041594,0.083042,0.111502,0.019588,0.191597,0.7125,1.0,0.057692,0.059113,0.0,0.0,0.010101,0.181818,0.0,no
3.3.2,src/contrib/hedwig/client/src/main/java/org/apache/hedwig/client/handlers/PubSubCallback.java,0.027397,0.04195,0.016129,0.142857,0.0,0.032584,0.076049,0.102113,0.038091,0.076049,0.102113,0.017938,0.191597,0.7125,1.0,0.057692,0.059113,0.0,0.0,0.035354,0.181818,0.0,no
3.3.2,src/contrib/hedwig/client/src/main/java/org/apache/hedwig/client/handlers/PublishResponseHandler.java,0.025875,0.029478,0.016129,0.142857,0.0,0.026217,0.061189,0.08216,0.030648,0.061189,0.08216,0.014433,0.191597,0.7125,1.0,0.057692,0.059113,0.0,0.0,0.025253,0.181818,0.0,no
3.3.2,src/contrib/hedwig/client/src/main/java/org/apache/hedwig/client/handlers/SubscribeReconnectCallback.java,0.042618,0.047619,0.016129,0.142857,0.0,0.042322,0.098776,0.132629,0.049475,0.098776,0.132629,0.023299,0.191597,0.7125,1.0,0.057692,0.059113,0.0,0.0,0.080808,0.272727,0.0,no
3.3.2,src/contrib/hedwig/client/src/main/java/org/apache/hedwig/client/handlers/SubscribeResponseHandler.java,0.120244,0.170068,0.016129,0.142857,0.0,0.123221,0.287587,0.38615,0.144046,0.287587,0.38615,0.067835,0.191597,0.7125,1.0,0.057692,0.059113,0.0,0.0,0.338384,0.272727,0.0,no
3.3.2,src/contrib/hedwig/client/src/main/java/org/apache/hedwig/client/handlers/UnsubscribeResponseHandler.java,0.031963,0.034014,0.016129,0.142857,0.0,0.031086,0.072552,0.097418,0.03634,0.072552,0.097418,0.017113,0.191597,0.7125,1.0,0.057692,0.059113,0.0,0.0,0.035354,0.181818,0.0,no
3.3.2,src/contrib/hedwig/client/src/main/java/org/apache/hedwig/client/netty/ClientChannelPipelineFactory.java,0.019787,0.022676,0.016129,0.142857,0.0,0.021723,0.050699,0.068075,0.025394,0.050699,0.068075,0.011959,0.191597,0.7125,1.0,0.057692,0.059113,0.0,0.0,0.005051,0.181818,0.0,no
3.3.2,src/contrib/hedwig/client/src/main/java/org/apache/hedwig/client/netty/ConnectCallback.java,0.044901,0.055556,0.016129,0.142857,0.0,0.045693,0.106643,0.143192,0.053415,0.106643,0.143192,0.025155,0.191597,0.7125,1.0,0.057692,0.059113,0.0,0.0,0.09596,0.272727,0.0,no
3.3.2,src/contrib/hedwig/client/src/main/java/org/apache/hedwig/client/netty/HedwigClient.java,0.133181,0.165533,0.016129,0.142857,0.0,0.134457,0.313811,0.421362,0.15718,0.313811,0.421362,0.074021,0.191597,0.7125,1.0,0.057692,0.059113,0.0,0.0,0.277778,0.363636,0.0,no
3.3.2,src/contrib/hedwig/client/src/main/java/org/apache/hedwig/client/netty/HedwigPublisher.java,0.085236,0.100907,0.016129,0.142857,0.0,0.083895,0.195804,0.262911,0.098074,0.195804,0.262911,0.046186,0.191597,0.7125,1.0,0.057692,0.059113,0.0,0.0,0.237374,0.363636,0.0,no
3.3.2,src/contrib/hedwig/client/src/main/java/org/apache/hedwig/client/netty/HedwigSubscriber.java,0.275495,0.198413,0.016129,0.142857,0.0,0.219101,0.511364,0.68662,0.25613,0.511364,0.68662,0.120619,0.191597,0.7125,1.0,0.057692,0.059113,0.0,0.0,0.479798,0.454545,0.0,no
3.3.2,src/contrib/hedwig/client/src/main/java/org/apache/hedwig/client/netty/ResponseHandler.java,0.150685,0.148526,0.016129,0.142857,0.0,0.136704,0.319056,0.428404,0.159807,0.319056,0.428404,0.075258,0.191597,0.7125,1.0,0.057692,0.059113,0.0,0.0,0.393939,0.272727,0.0,no
3.3.2,src/contrib/hedwig/client/src/main/java/org/apache/hedwig/client/netty/WriteCallback.java,0.035008,0.043084,0.016129,0.142857,0.0,0.036704,0.085664,0.115023,0.042907,0.085664,0.115023,0.020206,0.191597,0.7125,1.0,0.057692,0.059113,0.0,0.0,0.065657,0.272727,0.0,no
3.3.2,src/contrib/hedwig/client/src/main/java/org/apache/hedwig/client/ssl/SslClientContextFactory.java,0.010654,0.020408,0.016129,0.142857,0.0,0.015356,0.035839,0.048122,0.017951,0.035839,0.048122,0.008454,0.191597,0.7125,1.0,0.057692,0.059113,0.0,0.0,0.0,0.181818,0.0,no
3.3.2,src/contrib/hedwig/client/src/main/java/org/apache/hedwig/client/ssl/SslContextFactory.java,0.022831,0.022676,0.016129,0.142857,0.0,0.024345,0.056818,0.076291,0.028459,0.056818,0.076291,0.013402,0.191597,0.7125,1.0,0.057692,0.059113,0.0,0.0,0.005051,0.363636,0.0,no
3.3.2,src/contrib/hedwig/client/src/main/java/org/apache/hedwig/conf/AbstractConfiguration.java,0.009893,0.026077,0.016129,0.142857,0.0,0.016854,0.039336,0.052817,0.019702,0.039336,0.052817,0.009278,0.191597,0.7125,1.0,0.057692,0.059113,0.0,0.0,0.0,0.090909,0.0,no
3.3.2,src/contrib/hedwig/client/src/main/java/org/apache/hedwig/util/Callback.java,0.002283,0.040816,0.016129,0.142857,0.0,0.017603,0.041084,0.055164,0.020578,0.041084,0.055164,0.009691,0.191597,0.7125,1.0,0.057692,0.059113,0.0,0.0,0.025253,0.0,0.0,no
3.3.2,src/contrib/hedwig/client/src/main/java/org/apache/hedwig/util/CallbackUtils.java,0.068493,0.073696,0.016129,0.142857,0.0,0.069288,0.161713,0.217136,0.080998,0.161713,0.217136,0.038144,0.191597,0.7125,1.0,0.057692,0.059113,0.0,0.0,0.060606,0.545455,0.0,no
3.3.2,src/contrib/hedwig/client/src/main/java/org/apache/hedwig/util/ConcurrencyUtils.java,0.017504,0.019274,0.016129,0.142857,0.0,0.018352,0.042832,0.057512,0.021454,0.042832,0.057512,0.010103,0.191597,0.7125,1.0,0.057692,0.059113,0.0,0.0,0.0,0.181818,0.0,no
3.3.2,src/contrib/hedwig/client/src/main/java/org/apache/hedwig/util/Either.java,0.015982,0.019274,0.016129,0.142857,0.0,0.018727,0.043706,0.058685,0.021891,0.043706,0.058685,0.010309,0.191597,0.7125,1.0,0.057692,0.059113,0.0,0.0,0.0,0.090909,0.0,no
3.3.2,src/contrib/hedwig/client/src/main/java/org/apache/hedwig/util/FileUtils.java,0.043379,0.019274,0.016129,0.142857,0.0,0.03633,0.08479,0.11385,0.042469,0.08479,0.11385,0.02,0.191597,0.7125,1.0,0.057692,0.059113,0.0,0.0,0.040404,0.363636,0.0,no
3.3.2,src/contrib/hedwig/client/src/main/java/org/apache/hedwig/util/HedwigSocketAddress.java,0.052511,0.054422,0.016129,0.142857,0.0,0.051685,0.120629,0.161972,0.06042,0.120629,0.161972,0.028454,0.191597,0.7125,1.0,0.057692,0.059113,0.0,0.0,0.050505,0.090909,0.0,no
3.3.2,src/contrib/hedwig/client/src/main/java/org/apache/hedwig/util/Option.java,0.011416,0.019274,0.016129,0.142857,0.0,0.016105,0.037587,0.050469,0.018827,0.037587,0.050469,0.008866,0.191597,0.7125,1.0,0.057692,0.059113,0.0,0.0,0.0,0.090909,0.0,no
3.3.2,src/contrib/hedwig/client/src/main/java/org/apache/hedwig/util/Pair.java,0.011416,0.019274,0.016129,0.142857,0.0,0.01573,0.036713,0.049296,0.018389,0.036713,0.049296,0.00866,0.191597,0.7125,1.0,0.057692,0.059113,0.0,0.0,0.0,0.090909,0.0,no
3.3.2,src/contrib/hedwig/client/src/main/java/org/apache/hedwig/util/PathUtils.java,0.019787,0.02381,0.016129,0.142857,0.0,0.020974,0.048951,0.065728,0.024518,0.048951,0.065728,0.011546,0.191597,0.7125,1.0,0.057692,0.059113,0.0,0.0,0.030303,0.272727,0.0,no
3.3.2,src/contrib/hedwig/protocol/src/main/java/org/apache/hedwig/exceptions/PubSubException.java,0.084475,0.030612,0.016129,0.142857,0.0,0.060674,0.141608,0.190141,0.070928,0.141608,0.190141,0.033402,0.191597,0.7125,1.0,0.057692,0.059113,0.0,0.0,0.09596,0.181818,0.0,no
3.3.2,src/contrib/hedwig/protocol/src/main/java/org/apache/hedwig/protoextensions/MessageIdUtils.java,0.06621,0.037415,0.016129,0.142857,0.0,0.057303,0.133741,0.179577,0.066988,0.133741,0.179577,0.031546,0.191597,0.7125,1.0,0.057692,0.059113,0.0,0.0,0.085859,0.272727,0.0,no
3.3.2,src/contrib/hedwig/protocol/src/main/java/org/apache/hedwig/protoextensions/PubSubResponseUtils.java,0.010654,0.022676,0.016129,0.142857,0.0,0.016105,0.037587,0.050469,0.018827,0.037587,0.050469,0.008866,0.191597,0.7125,1.0,0.057692,0.059113,0.0,0.0,0.005051,0.090909,0.0,no
3.3.2,src/contrib/hedwig/protocol/src/main/java/org/apache/hedwig/protoextensions/SubscriptionStateUtils.java,0.008371,0.02381,0.016129,0.142857,0.0,0.015356,0.035839,0.048122,0.017951,0.035839,0.048122,0.008454,0.191597,0.7125,1.0,0.057692,0.059113,0.0,0.0,0.0,0.090909,0.0,no
3.3.2,src/contrib/hedwig/server/src/main/java/org/apache/hedwig/server/benchmark/AbstractBenchmark.java,0.043379,0.020408,0.016129,0.142857,0.0,0.038951,0.090909,0.122066,0.045534,0.090909,0.122066,0.021443,0.191597,0.7125,1.0,0.057692,0.059113,0.0,0.0,0.025253,0.272727,0.0,no
3.3.2,src/contrib/hedwig/server/src/main/java/org/apache/hedwig/server/benchmark/BookieBenchmark.java,0.047184,0.019274,0.016129,0.142857,0.0,0.038577,0.090035,0.120892,0.045096,0.090035,0.120892,0.021237,0.191597,0.7125,1.0,0.057692,0.059113,0.0,0.0,0.005051,0.272727,0.0,no
3.3.2,src/contrib/hedwig/server/src/main/java/org/apache/hedwig/server/benchmark/BookkeeperBenchmark.java,0.037291,0.019274,0.016129,0.142857,0.0,0.034082,0.079545,0.106808,0.039842,0.079545,0.106808,0.018763,0.191597,0.7125,1.0,0.057692,0.059113,0.0,0.0,0.010101,0.272727,0.0,no
3.3.2,src/contrib/hedwig/server/src/main/java/org/apache/hedwig/server/benchmark/FakeBookie.java,0.049467,0.020408,0.016129,0.142857,0.0,0.037453,0.087413,0.117371,0.043783,0.087413,0.117371,0.020619,0.191597,0.7125,1.0,0.057692,0.059113,0.0,0.0,0.005051,0.181818,0.0,no
3.3.2,src/contrib/hedwig/server/src/main/java/org/apache/hedwig/server/common/ByteStringInterner.java,0.011416,0.021542,0.016129,0.142857,0.0,0.016854,0.039336,0.052817,0.019702,0.039336,0.052817,0.009278,0.191597,0.7125,1.0,0.057692,0.059113,0.0,0.0,0.010101,0.181818,0.0,no
3.3.2,src/contrib/hedwig/server/src/main/java/org/apache/hedwig/server/common/ServerConfiguration.java,0.147641,0.055556,0.032258,0.285714,0.037037,0.10824,0.234266,0.169601,0.126532,0.234266,0.169601,0.059588,0.198319,0.7125,0.517544,0.057692,0.055176,0.0,0.0,0.090909,0.272727,0.0,yes
3.3.2,src/contrib/hedwig/server/src/main/java/org/apache/hedwig/server/common/TerminateJVMExceptionHandler.java,0.005327,0.019274,0.016129,0.142857,0.0,0.01161,0.027098,0.036385,0.013573,0.027098,0.036385,0.006392,0.191597,0.7125,1.0,0.057692,0.059113,0.0,0.0,0.0,0.090909,0.0,no
3.3.2,src/contrib/hedwig/server/src/main/java/org/apache/hedwig/server/common/TopicOpQueuer.java,0.054033,0.022676,0.016129,0.142857,0.0,0.041573,0.097028,0.130282,0.048599,0.097028,0.130282,0.022887,0.191597,0.7125,1.0,0.057692,0.059113,0.0,0.0,0.025253,0.363636,0.0,no
3.3.2,src/contrib/hedwig/server/src/main/java/org/apache/hedwig/server/common/UnexpectedError.java,0.005327,0.022676,0.016129,0.142857,0.0,0.013109,0.030594,0.04108,0.015324,0.030594,0.04108,0.007216,0.191597,0.7125,1.0,0.057692,0.059113,0.0,0.0,0.0,0.090909,0.0,no
3.3.2,src/contrib/hedwig/server/src/main/java/org/apache/hedwig/server/delivery/ChannelEndPoint.java,0.033486,0.020408,0.016129,0.142857,0.0,0.030337,0.070804,0.09507,0.035464,0.070804,0.09507,0.016701,0.191597,0.7125,1.0,0.057692,0.059113,0.0,0.0,0.020202,0.181818,0.0,no
3.3.2,src/contrib/hedwig/server/src/main/java/org/apache/hedwig/server/delivery/DeliveryCallback.java,0.002283,0.019274,0.016129,0.142857,0.0,0.010112,0.023601,0.03169,0.011821,0.023601,0.03169,0.005567,0.191597,0.7125,1.0,0.057692,0.059113,0.0,0.0,0.0,0.0,0.0,no
3.3.2,src/contrib/hedwig/server/src/main/java/org/apache/hedwig/server/delivery/DeliveryEndPoint.java,0.002283,0.019274,0.016129,0.142857,0.0,0.010487,0.024476,0.032864,0.012259,0.024476,0.032864,0.005773,0.191597,0.7125,1.0,0.057692,0.059113,0.0,0.0,0.0,0.0,0.0,no
3.3.2,src/contrib/hedwig/server/src/main/java/org/apache/hedwig/server/delivery/DeliveryManager.java,0.004566,0.019274,0.016129,0.142857,0.0,0.010861,0.02535,0.034038,0.012697,0.02535,0.034038,0.005979,0.191597,0.7125,1.0,0.057692,0.059113,0.0,0.0,0.0,0.0,0.0,no
3.3.2,src/contrib/hedwig/server/src/main/java/org/apache/hedwig/server/delivery/FIFODeliveryManager.java,0.229072,0.171202,0.016129,0.142857,0.0,0.210112,0.490385,0.658451,0.245622,0.490385,0.658451,0.11567,0.191597,0.7125,1.0,0.057692,0.059113,0.0,0.0,0.166667,0.272727,0.0,no
3.3.2,src/contrib/hedwig/server/src/main/java/org/apache/hedwig/server/handlers/BaseHandler.java,0.025875,0.019274,0.016129,0.142857,0.0,0.02397,0.055944,0.075117,0.028021,0.055944,0.075117,0.013196,0.191597,0.7125,1.0,0.057692,0.059113,0.0,0.0,0.005051,0.363636,0.0,no
3.3.2,src/contrib/hedwig/server/src/main/java/org/apache/hedwig/server/handlers/ChannelDisconnectListener.java,0.001522,0.02381,0.016129,0.142857,0.0,0.010861,0.02535,0.034038,0.012697,0.02535,0.034038,0.005979,0.191597,0.7125,1.0,0.057692,0.059113,0.0,0.0,0.0,0.0,0.0,no
3.3.2,src/contrib/hedwig/server/src/main/java/org/apache/hedwig/server/handlers/ConsumeHandler.java,0.025114,0.019274,0.016129,0.142857,0.0,0.02397,0.055944,0.075117,0.028021,0.055944,0.075117,0.013196,0.191597,0.7125,1.0,0.057692,0.059113,0.0,0.0,0.005051,0.181818,0.0,no
3.3.2,src/contrib/hedwig/server/src/main/java/org/apache/hedwig/server/handlers/Handler.java,0.002283,0.030612,0.016129,0.142857,0.0,0.013858,0.032343,0.043427,0.0162,0.032343,0.043427,0.007629,0.191597,0.7125,1.0,0.057692,0.059113,0.0,0.0,0.0,0.0,0.0,no
3.3.2,src/contrib/hedwig/server/src/main/java/org/apache/hedwig/server/handlers/PublishHandler.java,0.028919,0.019274,0.016129,0.142857,0.0,0.025468,0.059441,0.079812,0.029772,0.059441,0.079812,0.014021,0.191597,0.7125,1.0,0.057692,0.059113,0.0,0.0,0.005051,0.272727,0.0,no
3.3.2,src/contrib/hedwig/server/src/main/java/org/apache/hedwig/server/handlers/SubscribeHandler.java,0.073059,0.036281,0.016129,0.142857,0.0,0.057303,0.133741,0.179577,0.066988,0.133741,0.179577,0.031546,0.191597,0.7125,1.0,0.057692,0.059113,0.0,0.0,0.045455,0.454545,0.0,no
3.3.2,src/contrib/hedwig/server/src/main/java/org/apache/hedwig/server/handlers/UnsubscribeHandler.java,0.031963,0.019274,0.016129,0.142857,0.0,0.026966,0.062937,0.084507,0.031524,0.062937,0.084507,0.014845,0.191597,0.7125,1.0,0.057692,0.059113,0.0,0.0,0.005051,0.272727,0.0,no
3.3.2,src/contrib/hedwig/server/src/main/java/org/apache/hedwig/server/netty/PubSubServer.java,0.189498,0.071429,0.016129,0.142857,0.0,0.13633,0.318182,0.42723,0.15937,0.318182,0.42723,0.075052,0.191597,0.7125,1.0,0.057692,0.059113,0.0,0.0,0.121212,0.454545,0.0,no
3.3.2,src/contrib/hedwig/server/src/main/java/org/apache/hedwig/server/netty/PubSubServerPipelineFactory.java,0.025875,0.034014,0.016129,0.142857,0.0,0.028464,0.066434,0.089202,0.033275,0.066434,0.089202,0.01567,0.191597,0.7125,1.0,0.057692,0.059113,0.0,0.0,0.010101,0.181818,0.0,no
3.3.2,src/contrib/hedwig/server/src/main/java/org/apache/hedwig/server/netty/UmbrellaHandler.java,0.079148,0.035147,0.016129,0.142857,0.0,0.059176,0.138112,0.185446,0.069177,0.138112,0.185446,0.032577,0.191597,0.7125,1.0,0.057692,0.059113,0.0,0.0,0.055556,0.545455,0.0,no
3.3.2,src/contrib/hedwig/server/src/main/java/org/apache/hedwig/server/persistence/BookkeeperPersistenceManager.java,0.372146,0.142857,0.032258,0.285714,0.037037,0.277154,0.645979,0.434272,0.324869,0.645979,0.435446,0.153402,0.198319,0.7125,0.517544,0.057692,0.058749,0.0,0.0,0.323232,0.727273,0.0,yes
3.3.2,src/contrib/hedwig/server/src/main/java/org/apache/hedwig/server/persistence/CacheKey.java,0.033486,0.019274,0.016129,0.142857,0.0,0.027715,0.064685,0.086854,0.032399,0.064685,0.086854,0.015258,0.191597,0.7125,1.0,0.057692,0.059113,0.0,0.0,0.040404,0.181818,0.0,no
3.3.2,src/contrib/hedwig/server/src/main/java/org/apache/hedwig/server/persistence/CacheValue.java,0.038052,0.027211,0.016129,0.142857,0.0,0.034831,0.081294,0.109155,0.040718,0.081294,0.109155,0.019175,0.191597,0.7125,1.0,0.057692,0.059113,0.0,0.0,0.040404,0.181818,0.0,no
3.3.2,src/contrib/hedwig/server/src/main/java/org/apache/hedwig/server/persistence/Factory.java,0.000761,0.019274,0.016129,0.142857,0.0,0.00824,0.019231,0.025822,0.009632,0.019231,0.025822,0.004536,0.191597,0.7125,1.0,0.057692,0.059113,0.0,0.0,0.0,0.0,0.0,no
3.3.2,src/contrib/hedwig/server/src/main/java/org/apache/hedwig/server/persistence/LocalDBPersistenceManager.java,0.219939,0.072562,0.016129,0.142857,0.0,0.159551,0.372378,0.5,0.186515,0.372378,0.5,0.087835,0.191597,0.7125,1.0,0.057692,0.059113,0.0,0.0,0.166667,0.454545,0.0,no
3.3.2,src/contrib/hedwig/server/src/main/java/org/apache/hedwig/server/persistence/MapMethods.java,0.02207,0.019274,0.016129,0.142857,0.0,0.023221,0.054196,0.07277,0.027145,0.054196,0.07277,0.012784,0.191597,0.7125,1.0,0.057692,0.059113,0.0,0.0,0.020202,0.272727,0.0,no
3.3.2,src/contrib/hedwig/server/src/main/java/org/apache/hedwig/server/persistence/PersistRequest.java,0.019026,0.024943,0.016129,0.142857,0.0,0.021723,0.050699,0.068075,0.025394,0.050699,0.068075,0.011959,0.191597,0.7125,1.0,0.057692,0.059113,0.0,0.0,0.0,0.090909,0.0,no
3.3.2,src/contrib/hedwig/server/src/main/java/org/apache/hedwig/server/persistence/PersistenceManager.java,0.006849,0.079365,0.016129,0.142857,0.0,0.034082,0.079545,0.106808,0.039842,0.079545,0.106808,0.018763,0.191597,0.7125,1.0,0.057692,0.059113,0.0,0.0,0.015152,0.0,0.0,no
3.3.2,src/contrib/hedwig/server/src/main/java/org/apache/hedwig/server/persistence/PersistenceManagerWithRangeScan.java,0.000761,0.024943,0.016129,0.142857,0.0,0.010112,0.023601,0.03169,0.011821,0.023601,0.03169,0.005567,0.191597,0.7125,1.0,0.057692,0.059113,0.0,0.0,0.0,0.0,0.0,no
3.3.2,src/contrib/hedwig/server/src/main/java/org/apache/hedwig/server/persistence/RangeScanRequest.java,0.025875,0.034014,0.016129,0.142857,0.0,0.028839,0.067308,0.090376,0.033713,0.067308,0.090376,0.015876,0.191597,0.7125,1.0,0.057692,0.059113,0.0,0.0,0.0,0.090909,0.0,no
3.3.2,src/contrib/hedwig/server/src/main/java/org/apache/hedwig/server/persistence/ReadAheadCache.java,0.253425,0.278912,0.016129,0.142857,0.0,0.263296,0.61451,0.825117,0.307793,0.61451,0.825117,0.144948,0.191597,0.7125,1.0,0.057692,0.059113,0.0,0.0,0.272727,0.363636,0.0,no
3.3.2,src/contrib/hedwig/server/src/main/java/org/apache/hedwig/server/persistence/ScanCallback.java,0.005327,0.05102,0.016129,0.142857,0.0,0.023596,0.05507,0.073944,0.027583,0.05507,0.073944,0.01299,0.191597,0.7125,1.0,0.057692,0.059113,0.0,0.0,0.025253,0.090909,0.0,no
3.3.2,src/contrib/hedwig/server/src/main/java/org/apache/hedwig/server/persistence/ScanCallbackWithContext.java,0.009132,0.019274,0.016129,0.142857,0.0,0.013858,0.032343,0.043427,0.0162,0.032343,0.043427,0.007629,0.191597,0.7125,1.0,0.057692,0.059113,0.0,0.0,0.0,0.090909,0.0,no
3.3.2,src/contrib/hedwig/server/src/main/java/org/apache/hedwig/server/persistence/ScanRequest.java,0.018265,0.03288,0.016129,0.142857,0.0,0.02397,0.055944,0.075117,0.028021,0.055944,0.075117,0.013196,0.191597,0.7125,1.0,0.057692,0.059113,0.0,0.0,0.010101,0.090909,0.0,no
3.3.2,src/contrib/hedwig/server/src/main/java/org/apache/hedwig/server/proxy/ChannelTracker.java,0.057839,0.021542,0.016129,0.142857,0.0,0.046442,0.108392,0.14554,0.054291,0.108392,0.14554,0.025567,0.191597,0.7125,1.0,0.057692,0.059113,0.0,0.0,0.065657,0.272727,0.0,no
3.3.2,src/contrib/hedwig/server/src/main/java/org/apache/hedwig/server/proxy/HedwigProxy.java,0.083714,0.026077,0.016129,0.142857,0.0,0.059551,0.138986,0.18662,0.069615,0.138986,0.18662,0.032784,0.191597,0.7125,1.0,0.057692,0.059113,0.0,0.0,0.010101,0.272727,0.0,no
3.3.2,src/contrib/hedwig/server/src/main/java/org/apache/hedwig/server/proxy/ProxyConfiguration.java,0.00761,0.019274,0.016129,0.142857,0.0,0.013483,0.031469,0.042254,0.015762,0.031469,0.042254,0.007423,0.191597,0.7125,1.0,0.057692,0.059113,0.0,0.0,0.0,0.090909,0.0,no
3.3.2,src/contrib/hedwig/server/src/main/java/org/apache/hedwig/server/proxy/ProxyConsumeHandler.java,0.020548,0.020408,0.016129,0.142857,0.0,0.021348,0.049825,0.066901,0.024956,0.049825,0.066901,0.011753,0.191597,0.7125,1.0,0.057692,0.059113,0.0,0.0,0.005051,0.181818,0.0,no
3.3.2,src/contrib/hedwig/server/src/main/java/org/apache/hedwig/server/proxy/ProxyPublishHander.java,0.024353,0.019274,0.016129,0.142857,0.0,0.023221,0.054196,0.07277,0.027145,0.054196,0.07277,0.012784,0.191597,0.7125,1.0,0.057692,0.059113,0.0,0.0,0.005051,0.272727,0.0,no
3.3.2,src/contrib/hedwig/server/src/main/java/org/apache/hedwig/server/proxy/ProxyStartDeliveryHandler.java,0.053272,0.036281,0.016129,0.142857,0.0,0.048315,0.112762,0.151408,0.05648,0.112762,0.151408,0.026598,0.191597,0.7125,1.0,0.057692,0.059113,0.0,0.0,0.015152,0.636364,0.0,no
3.3.2,src/contrib/hedwig/server/src/main/java/org/apache/hedwig/server/proxy/ProxyStopDeliveryHandler.java,0.028919,0.02381,0.016129,0.142857,0.0,0.027341,0.063811,0.085681,0.031961,0.063811,0.085681,0.015052,0.191597,0.7125,1.0,0.057692,0.059113,0.0,0.0,0.005051,0.272727,0.0,no
3.3.2,src/contrib/hedwig/server/src/main/java/org/apache/hedwig/server/proxy/ProxySubscribeHandler.java,0.038813,0.019274,0.016129,0.142857,0.0,0.030712,0.071678,0.096244,0.035902,0.071678,0.096244,0.016907,0.191597,0.7125,1.0,0.057692,0.059113,0.0,0.0,0.005051,0.363636,0.0,no
3.3.2,src/contrib/hedwig/server/src/main/java/org/apache/hedwig/server/proxy/ProxyUnsubscribeHandler.java,0.028919,0.022676,0.016129,0.142857,0.0,0.027715,0.064685,0.086854,0.032399,0.064685,0.086854,0.015258,0.191597,0.7125,1.0,0.057692,0.059113,0.0,0.0,0.010101,0.363636,0.0,no
3.3.2,src/contrib/hedwig/server/src/main/java/org/apache/hedwig/server/regions/HedwigHubClient.java,0.008371,0.031746,0.016129,0.142857,0.0,0.017978,0.041958,0.056338,0.021016,0.041958,0.056338,0.009897,0.191597,0.7125,1.0,0.057692,0.059113,0.0,0.0,0.005051,0.090909,0.0,no
3.3.2,src/contrib/hedwig/server/src/main/java/org/apache/hedwig/server/regions/HedwigHubClientFactory.java,0.016743,0.030612,0.016129,0.142857,0.0,0.022472,0.052448,0.070423,0.02627,0.052448,0.070423,0.012371,0.191597,0.7125,1.0,0.057692,0.059113,0.0,0.0,0.005051,0.272727,0.0,no
3.3.2,src/contrib/hedwig/server/src/main/java/org/apache/hedwig/server/regions/HedwigHubSubscriber.java,0.025875,0.028345,0.016129,0.142857,0.0,0.026217,0.061189,0.08216,0.030648,0.061189,0.08216,0.014433,0.191597,0.7125,1.0,0.057692,0.059113,0.0,0.0,0.010101,0.090909,0.0,no
3.3.2,src/contrib/hedwig/server/src/main/java/org/apache/hedwig/server/regions/RegionManager.java,0.101979,0.029478,0.016129,0.142857,0.0,0.067416,0.157343,0.211268,0.078809,0.157343,0.211268,0.037113,0.191597,0.7125,1.0,0.057692,0.059113,0.0,0.0,0.111111,1.0,0.0,no
3.3.2,src/contrib/hedwig/server/src/main/java/org/apache/hedwig/server/ssl/SslServerContextFactory.java,0.015982,0.022676,0.016129,0.142857,0.0,0.01985,0.046329,0.062207,0.023205,0.046329,0.062207,0.010928,0.191597,0.7125,1.0,0.057692,0.059113,0.0,0.0,0.0,0.181818,0.0,no
3.3.2,src/contrib/hedwig/server/src/main/java/org/apache/hedwig/server/subscriptions/AbstractSubscriptionManager.java,0.228311,0.091837,0.016129,0.142857,0.0,0.168539,0.393357,0.528169,0.197023,0.393357,0.528169,0.092784,0.191597,0.7125,1.0,0.057692,0.059113,0.0,0.0,0.237374,0.545455,0.0,no
3.3.2,src/contrib/hedwig/server/src/main/java/org/apache/hedwig/server/subscriptions/AllToAllTopologyFilter.java,0.009893,0.019274,0.016129,0.142857,0.0,0.014607,0.034091,0.045775,0.017075,0.034091,0.045775,0.008041,0.191597,0.7125,1.0,0.057692,0.059113,0.0,0.0,0.005051,0.181818,0.0,no
3.3.2,src/contrib/hedwig/server/src/main/java/org/apache/hedwig/server/subscriptions/InMemorySubscriptionManager.java,0.030441,0.026077,0.016129,0.142857,0.0,0.029213,0.068182,0.091549,0.034151,0.068182,0.091549,0.016082,0.191597,0.7125,1.0,0.057692,0.059113,0.0,0.0,0.025253,0.181818,0.0,no
3.3.2,src/contrib/hedwig/server/src/main/java/org/apache/hedwig/server/subscriptions/InMemorySubscriptionState.java,0.019026,0.029478,0.016129,0.142857,0.0,0.02397,0.055944,0.075117,0.028021,0.055944,0.075117,0.013196,0.191597,0.7125,1.0,0.057692,0.059113,0.0,0.0,0.010101,0.181818,0.0,no
3.3.2,src/contrib/hedwig/server/src/main/java/org/apache/hedwig/server/subscriptions/MessageFilter.java,0.001522,0.026077,0.016129,0.142857,0.0,0.01161,0.027098,0.036385,0.013573,0.027098,0.036385,0.006392,0.191597,0.7125,1.0,0.057692,0.059113,0.0,0.0,0.0,0.0,0.0,no
3.3.2,src/contrib/hedwig/server/src/main/java/org/apache/hedwig/server/subscriptions/SubscriptionEventListener.java,0.003044,0.05102,0.016129,0.142857,0.0,0.021348,0.049825,0.066901,0.024956,0.049825,0.066901,0.011753,0.191597,0.7125,1.0,0.057692,0.059113,0.0,0.0,0.010101,0.0,0.0,no
3.3.2,src/contrib/hedwig/server/src/main/java/org/apache/hedwig/server/subscriptions/SubscriptionManager.java,0.00761,0.094104,0.016129,0.142857,0.0,0.038951,0.090909,0.122066,0.045534,0.090909,0.122066,0.021443,0.191597,0.7125,1.0,0.057692,0.059113,0.0,0.0,0.025253,0.0,0.0,no
3.3.2,src/contrib/hedwig/server/src/main/java/org/apache/hedwig/server/subscriptions/TrueFilter.java,0.006088,0.019274,0.016129,0.142857,0.0,0.011985,0.027972,0.037559,0.014011,0.027972,0.037559,0.006598,0.191597,0.7125,1.0,0.057692,0.059113,0.0,0.0,0.0,0.090909,0.0,no
3.3.2,src/contrib/hedwig/server/src/main/java/org/apache/hedwig/server/subscriptions/ZkSubscriptionManager.java,0.13242,0.019274,0.016129,0.142857,0.0,0.084644,0.197552,0.265258,0.098949,0.197552,0.265258,0.046598,0.191597,0.7125,1.0,0.057692,0.059113,0.0,0.0,0.121212,0.636364,0.0,no
3.3.2,src/contrib/hedwig/server/src/main/java/org/apache/hedwig/server/topics/AbstractTopicManager.java,0.085997,0.047619,0.016129,0.142857,0.0,0.070037,0.163462,0.219484,0.081874,0.163462,0.219484,0.038557,0.191597,0.7125,1.0,0.057692,0.059113,0.0,0.0,0.040404,0.727273,0.0,no
3.3.2,src/contrib/hedwig/server/src/main/java/org/apache/hedwig/server/topics/TopicManager.java,0.006849,0.064626,0.016129,0.142857,0.0,0.02809,0.065559,0.088028,0.032837,0.065559,0.088028,0.015464,0.191597,0.7125,1.0,0.057692,0.059113,0.0,0.0,0.045455,0.0,0.0,no
3.3.2,src/contrib/hedwig/server/src/main/java/org/apache/hedwig/server/topics/TopicOwnershipChangeListener.java,0.003044,0.019274,0.016129,0.142857,0.0,0.010487,0.024476,0.032864,0.012259,0.024476,0.032864,0.005773,0.191597,0.7125,1.0,0.057692,0.059113,0.0,0.0,0.0,0.0,0.0,no
3.3.2,src/contrib/hedwig/server/src/main/java/org/apache/hedwig/server/topics/TrivialOwnAllTopicManager.java,0.017504,0.020408,0.016129,0.142857,0.0,0.019476,0.045455,0.061033,0.022767,0.045455,0.061033,0.010722,0.191597,0.7125,1.0,0.057692,0.059113,0.0,0.0,0.010101,0.181818,0.0,no
3.3.2,src/contrib/hedwig/server/src/main/java/org/apache/hedwig/server/topics/ZkTopicManager.java,0.244292,0.055556,0.032258,0.285714,0.0,0.162172,0.369755,0.254108,0.187391,0.369755,0.251174,0.090309,0.193277,0.7125,0.504386,0.057692,0.057764,0.0,0.0,0.247475,0.727273,0.0,no
3.3.2,src/contrib/hedwig/server/src/main/java/org/apache/hedwig/zookeeper/SafeAsynBKCallback.java,0.044901,0.019274,0.016129,0.142857,0.0,0.038951,0.090909,0.122066,0.045534,0.090909,0.122066,0.021443,0.191597,0.7125,1.0,0.057692,0.059113,0.0,0.0,0.0,0.272727,0.0,no
3.3.2,src/contrib/hedwig/server/src/main/java/org/apache/hedwig/zookeeper/SafeAsyncCallback.java,0.00761,0.019274,0.016129,0.142857,0.0,0.013109,0.030594,0.04108,0.015324,0.030594,0.04108,0.007216,0.191597,0.7125,1.0,0.057692,0.059113,0.0,0.0,0.0,0.090909,0.0,no
3.3.2,src/contrib/hedwig/server/src/main/java/org/apache/hedwig/zookeeper/SafeAsyncZKCallback.java,0.048706,0.019274,0.016129,0.142857,0.0,0.036704,0.085664,0.115023,0.042907,0.085664,0.115023,0.020206,0.191597,0.7125,1.0,0.057692,0.059113,0.0,0.0,0.0,0.272727,0.0,no
3.3.2,src/contrib/hedwig/server/src/main/java/org/apache/hedwig/zookeeper/ZkUtils.java,0.030441,0.024943,0.016129,0.142857,0.0,0.029213,0.068182,0.091549,0.034151,0.068182,0.091549,0.016082,0.191597,0.7125,1.0,0.057692,0.059113,0.0,0.0,0.010101,0.545455,0.0,no
3.3.2,src/contrib/loggraph/src/java/org/apache/zookeeper/graph/FilterException.java,0.000761,0.019274,0.016129,0.142857,0.0,0.00824,0.019231,0.025822,0.009632,0.019231,0.025822,0.004536,0.057143,0.2125,0.298246,0.105769,0.108374,0.0,0.0,0.0,0.090909,0.0,no
3.3.2,src/contrib/loggraph/src/java/org/apache/zookeeper/graph/FilterOp.java,0.034247,0.019274,0.016129,0.142857,0.0,0.02809,0.065559,0.088028,0.032837,0.065559,0.088028,0.015464,0.057143,0.2125,0.298246,0.105769,0.108374,0.0,0.0,0.045455,0.181818,0.0,no
3.3.2,src/contrib/loggraph/src/java/org/apache/zookeeper/graph/FilterParser.java,0.072298,0.019274,0.016129,0.142857,0.0,0.049064,0.11451,0.153756,0.057356,0.11451,0.153756,0.02701,0.057143,0.2125,0.298246,0.105769,0.108374,0.0,0.0,0.10101,0.272727,0.0,no
3.3.2,src/contrib/loggraph/src/java/org/apache/zookeeper/graph/JsonGenerator.java,0.127093,0.024943,0.032258,0.142857,0.0,0.086142,0.197552,0.134977,0.100263,0.197552,0.13439,0.048866,0.058824,0.2125,0.153509,0.105769,0.10746,0.0,0.0,0.090909,0.545455,0.0,no
3.3.2,src/contrib/loggraph/src/java/org/apache/zookeeper/graph/Log4JEntry.java,0.011416,0.019274,0.016129,0.142857,0.0,0.014981,0.034965,0.046948,0.017513,0.034965,0.046948,0.008247,0.057143,0.2125,0.298246,0.105769,0.108374,0.0,0.0,0.0,0.090909,0.0,no
3.3.2,src/contrib/loggraph/src/java/org/apache/zookeeper/graph/Log4JSource.java,0.218417,0.036281,0.032258,0.142857,0.0,0.142697,0.332168,0.223592,0.166375,0.332168,0.223005,0.078763,0.060504,0.2125,0.157895,0.105769,0.108297,0.0,0.0,0.156566,0.636364,0.0,no
3.3.2,src/contrib/loggraph/src/java/org/apache/zookeeper/graph/LogEntry.java,0.013699,0.019274,0.016129,0.142857,0.0,0.017228,0.04021,0.053991,0.02014,0.04021,0.053991,0.009485,0.057143,0.2125,0.298246,0.105769,0.108374,0.0,0.0,0.0,0.090909,0.0,no
3.3.2,src/contrib/loggraph/src/java/org/apache/zookeeper/graph/LogIterator.java,0.003044,0.019274,0.016129,0.142857,0.0,0.009738,0.022727,0.030516,0.011384,0.022727,0.030516,0.005361,0.057143,0.2125,0.298246,0.105769,0.108374,0.0,0.0,0.0,0.0,0.0,no
3.3.2,src/contrib/loggraph/src/java/org/apache/zookeeper/graph/LogServer.java,0.025114,0.020408,0.016129,0.142857,0.0,0.024719,0.057692,0.077465,0.028897,0.057692,0.077465,0.013608,0.057143,0.2125,0.298246,0.105769,0.108374,0.0,0.0,0.0,0.181818,0.0,no
3.3.2,src/contrib/loggraph/src/java/org/apache/zookeeper/graph/LogSkipList.java,0.038052,0.028345,0.016129,0.142857,0.0,0.035206,0.082168,0.110329,0.041156,0.082168,0.110329,0.019381,0.057143,0.2125,0.298246,0.105769,0.108374,0.0,0.0,0.035354,0.272727,0.0,no
3.3.2,src/contrib/loggraph/src/java/org/apache/zookeeper/graph/LogSource.java,0.006088,0.019274,0.016129,0.142857,0.0,0.01236,0.028846,0.038732,0.014448,0.028846,0.038732,0.006804,0.057143,0.2125,0.298246,0.105769,0.108374,0.0,0.0,0.0,0.0,0.0,no
3.3.2,src/contrib/loggraph/src/java/org/apache/zookeeper/graph/MeasureThroughput.java,0.048706,0.019274,0.016129,0.142857,0.0,0.038577,0.090035,0.120892,0.045096,0.090035,0.120892,0.021237,0.057143,0.2125,0.298246,0.105769,0.108374,0.0,0.0,0.025253,0.272727,0.0,no
3.3.2,src/contrib/loggraph/src/java/org/apache/zookeeper/graph/MergedLogSource.java,0.125571,0.02381,0.016129,0.142857,0.0,0.081648,0.190559,0.255869,0.095447,0.190559,0.255869,0.044948,0.057143,0.2125,0.298246,0.105769,0.108374,0.0,0.0,0.10101,0.454545,0.0,no
3.3.2,src/contrib/loggraph/src/java/org/apache/zookeeper/graph/RandomAccessFileReader.java,0.180365,0.046485,0.016129,0.142857,0.0,0.122472,0.285839,0.383803,0.14317,0.285839,0.383803,0.067423,0.057143,0.2125,0.298246,0.105769,0.108374,0.0,0.0,0.151515,0.545455,0.0,no
3.3.2,src/contrib/loggraph/src/java/org/apache/zookeeper/graph/TransactionEntry.java,0.022831,0.019274,0.016129,0.142857,0.0,0.022097,0.051573,0.069249,0.025832,0.051573,0.069249,0.012165,0.057143,0.2125,0.298246,0.105769,0.108374,0.0,0.0,0.0,0.090909,0.0,no
3.3.2,src/contrib/loggraph/src/java/org/apache/zookeeper/graph/TxnLogSource.java,0.228311,0.022676,0.016129,0.142857,0.0,0.141199,0.329545,0.442488,0.165061,0.329545,0.442488,0.077732,0.057143,0.2125,0.298246,0.105769,0.108374,0.0,0.0,0.166667,0.454545,0.0,no
3.3.2,src/contrib/loggraph/src/java/org/apache/zookeeper/graph/filterops/AndOp.java,0.008371,0.019274,0.016129,0.142857,0.0,0.01236,0.028846,0.038732,0.014448,0.028846,0.038732,0.006804,0.057143,0.2125,0.298246,0.105769,0.108374,0.0,0.0,0.010101,0.272727,0.0,no
3.3.2,src/contrib/loggraph/src/java/org/apache/zookeeper/graph/filterops/Arg.java,0.008371,0.019274,0.016129,0.142857,0.0,0.013483,0.031469,0.042254,0.015762,0.031469,0.042254,0.007423,0.057143,0.2125,0.298246,0.105769,0.108374,0.0,0.0,0.0,0.090909,0.0,no
3.3.2,src/contrib/loggraph/src/java/org/apache/zookeeper/graph/filterops/EqualsOp.java,0.01446,0.019274,0.016129,0.142857,0.0,0.016479,0.038462,0.051643,0.019264,0.038462,0.051643,0.009072,0.057143,0.2125,0.298246,0.105769,0.108374,0.0,0.0,0.015152,0.272727,0.0,no
3.3.2,src/contrib/loggraph/src/java/org/apache/zookeeper/graph/filterops/GreaterThanOp.java,0.032725,0.020408,0.016129,0.142857,0.0,0.026217,0.061189,0.08216,0.030648,0.061189,0.08216,0.014433,0.057143,0.2125,0.298246,0.105769,0.108374,0.0,0.0,0.065657,0.545455,0.0,no
3.3.2,src/contrib/loggraph/src/java/org/apache/zookeeper/graph/filterops/LessThanOp.java,0.032725,0.019274,0.016129,0.142857,0.0,0.025843,0.060315,0.080986,0.03021,0.060315,0.080986,0.014227,0.057143,0.2125,0.298246,0.105769,0.108374,0.0,0.0,0.065657,0.545455,0.0,no
3.3.2,src/contrib/loggraph/src/java/org/apache/zookeeper/graph/filterops/NotOp.java,0.006849,0.019274,0.016129,0.142857,0.0,0.01161,0.027098,0.036385,0.013573,0.027098,0.036385,0.006392,0.057143,0.2125,0.298246,0.105769,0.108374,0.0,0.0,0.005051,0.181818,0.0,no
3.3.2,src/contrib/loggraph/src/java/org/apache/zookeeper/graph/filterops/NumberArg.java,0.003805,0.019274,0.016129,0.142857,0.0,0.010487,0.024476,0.032864,0.012259,0.024476,0.032864,0.005773,0.057143,0.2125,0.298246,0.105769,0.108374,0.0,0.0,0.0,0.090909,0.0,no
3.3.2,src/contrib/loggraph/src/java/org/apache/zookeeper/graph/filterops/OrOp.java,0.008371,0.019274,0.016129,0.142857,0.0,0.01236,0.028846,0.038732,0.014448,0.028846,0.038732,0.006804,0.057143,0.2125,0.298246,0.105769,0.108374,0.0,0.0,0.010101,0.272727,0.0,no
3.3.2,src/contrib/loggraph/src/java/org/apache/zookeeper/graph/filterops/StringArg.java,0.003805,0.019274,0.016129,0.142857,0.0,0.010487,0.024476,0.032864,0.012259,0.024476,0.032864,0.005773,0.057143,0.2125,0.298246,0.105769,0.108374,0.0,0.0,0.0,0.090909,0.0,no
3.3.2,src/contrib/loggraph/src/java/org/apache/zookeeper/graph/filterops/SymbolArg.java,0.003805,0.019274,0.016129,0.142857,0.0,0.010112,0.023601,0.03169,0.011821,0.023601,0.03169,0.005567,0.057143,0.2125,0.298246,0.105769,0.108374,0.0,0.0,0.0,0.090909,0.0,no
3.3.2,src/contrib/loggraph/src/java/org/apache/zookeeper/graph/filterops/XorOp.java,0.013699,0.019274,0.016129,0.142857,0.0,0.014981,0.034965,0.046948,0.017513,0.034965,0.046948,0.008247,0.057143,0.2125,0.298246,0.105769,0.108374,0.0,0.0,0.020202,0.363636,0.0,no
3.3.2,src/contrib/loggraph/src/java/org/apache/zookeeper/graph/servlets/FileLoader.java,0.022831,0.019274,0.016129,0.142857,0.0,0.022472,0.052448,0.070423,0.02627,0.052448,0.070423,0.012371,0.057143,0.2125,0.298246,0.105769,0.108374,0.0,0.0,0.0,0.181818,0.0,no
3.3.2,src/contrib/loggraph/src/java/org/apache/zookeeper/graph/servlets/Fs.java,0.032725,0.019274,0.016129,0.142857,0.0,0.025843,0.060315,0.080986,0.03021,0.060315,0.080986,0.014227,0.057143,0.2125,0.298246,0.105769,0.108374,0.0,0.0,0.020202,0.454545,0.0,no
3.3.2,src/contrib/loggraph/src/java/org/apache/zookeeper/graph/servlets/GraphData.java,0.03653,0.019274,0.016129,0.142857,0.0,0.031461,0.073427,0.098592,0.036778,0.073427,0.098592,0.01732,0.057143,0.2125,0.298246,0.105769,0.108374,0.0,0.0,0.025253,0.272727,0.0,no
3.3.2,src/contrib/loggraph/src/java/org/apache/zookeeper/graph/servlets/JsonServlet.java,0.039574,0.019274,0.016129,0.142857,0.0,0.031835,0.074301,0.099765,0.037215,0.074301,0.099765,0.017526,0.057143,0.2125,0.298246,0.105769,0.108374,0.0,0.0,0.010101,0.272727,0.0,no
3.3.2,src/contrib/loggraph/src/java/org/apache/zookeeper/graph/servlets/NumEvents.java,0.037291,0.019274,0.016129,0.142857,0.0,0.03221,0.075175,0.100939,0.037653,0.075175,0.100939,0.017732,0.057143,0.2125,0.298246,0.105769,0.108374,0.0,0.0,0.020202,0.272727,0.0,no
3.3.2,src/contrib/loggraph/src/java/org/apache/zookeeper/graph/servlets/StaticContent.java,0.016743,0.020408,0.016129,0.142857,0.0,0.018727,0.043706,0.058685,0.021891,0.043706,0.058685,0.010309,0.057143,0.2125,0.298246,0.105769,0.108374,0.0,0.0,0.010101,0.181818,0.0,no
3.3.2,src/contrib/loggraph/src/java/org/apache/zookeeper/graph/servlets/Throughput.java,0.060883,0.019274,0.016129,0.142857,0.0,0.046442,0.108392,0.14554,0.054291,0.108392,0.14554,0.025567,0.057143,0.2125,0.298246,0.105769,0.108374,0.0,0.0,0.050505,0.272727,0.0,no
3.3.2,src/contrib/rest/src/java/org/apache/zookeeper/server/jersey/cfg/Credentials.java,0.015221,0.019274,0.016129,0.142857,0.0,0.017603,0.041084,0.055164,0.020578,0.041084,0.055164,0.009691,0.018487,0.06875,0.096491,0.057692,0.059113,0.0,0.0,0.010101,0.272727,0.0,no
3.3.2,src/contrib/rest/src/java/org/apache/zookeeper/server/jersey/cfg/Endpoint.java,0.02968,0.019274,0.016129,0.142857,0.0,0.026966,0.062937,0.084507,0.031524,0.062937,0.084507,0.014845,0.018487,0.06875,0.096491,0.057692,0.059113,0.0,0.0,0.0,0.090909,0.0,no
3.3.2,src/contrib/rest/src/java/org/apache/zookeeper/server/jersey/cfg/HostPort.java,0.016743,0.019274,0.016129,0.142857,0.0,0.019101,0.04458,0.059859,0.022329,0.04458,0.059859,0.010515,0.018487,0.06875,0.096491,0.057692,0.059113,0.0,0.0,0.0,0.090909,0.0,no
3.3.2,src/contrib/rest/src/java/org/apache/zookeeper/server/jersey/cfg/HostPortSet.java,0.016743,0.019274,0.016129,0.142857,0.0,0.019101,0.04458,0.059859,0.022329,0.04458,0.059859,0.010515,0.018487,0.06875,0.096491,0.057692,0.059113,0.0,0.0,0.010101,0.181818,0.0,no
3.3.2,src/contrib/rest/src/java/org/apache/zookeeper/server/jersey/cfg/RestCfg.java,0.050228,0.019274,0.016129,0.142857,0.0,0.0397,0.092657,0.124413,0.04641,0.092657,0.124413,0.021856,0.018487,0.06875,0.096491,0.057692,0.059113,0.0,0.0,0.020202,0.272727,0.0,no
3.3.2,src/contrib/rest/src/java/org/apache/zookeeper/server/jersey/filters/HTTPBasicAuth.java,0.038052,0.019274,0.016129,0.142857,0.0,0.032584,0.076049,0.102113,0.038091,0.076049,0.102113,0.017938,0.018487,0.06875,0.096491,0.057692,0.059113,0.0,0.0,0.020202,0.363636,0.0,no
3.3.2,src/contrib/rest/src/java/org/apache/zookeeper/server/jersey/jaxb/ZChildren.java,0.032725,0.026077,0.016129,0.142857,0.0,0.029963,0.06993,0.093897,0.035026,0.06993,0.093897,0.016495,0.020168,0.075,0.105263,0.375,0.384236,0.0,0.0,0.010101,0.181818,0.0,no
3.3.2,src/contrib/rest/src/java/org/apache/zookeeper/server/jersey/jaxb/ZChildrenJSON.java,0.02968,0.026077,0.016129,0.142857,0.0,0.028464,0.066434,0.089202,0.033275,0.066434,0.089202,0.01567,0.020168,0.075,0.105263,0.375,0.384236,0.0,0.0,0.010101,0.181818,0.0,no
3.3.2,src/contrib/rest/src/java/org/apache/zookeeper/server/jersey/jaxb/ZError.java,0.00761,0.02381,0.016129,0.142857,0.0,0.015356,0.035839,0.048122,0.017951,0.035839,0.048122,0.008454,0.020168,0.075,0.105263,0.375,0.384236,0.0,0.0,0.0,0.090909,0.0,no
3.3.2,src/contrib/rest/src/java/org/apache/zookeeper/server/jersey/jaxb/ZPath.java,0.02207,0.02381,0.016129,0.142857,0.0,0.023596,0.05507,0.073944,0.027583,0.05507,0.073944,0.01299,0.020168,0.075,0.105263,0.375,0.384236,0.0,0.0,0.005051,0.181818,0.0,no
3.3.2,src/contrib/rest/src/java/org/apache/zookeeper/server/jersey/jaxb/ZSession.java,0.019787,0.020408,0.016129,0.142857,0.0,0.020599,0.048077,0.064554,0.024081,0.048077,0.064554,0.01134,0.018487,0.06875,0.096491,0.057692,0.059113,0.0,0.0,0.005051,0.181818,0.0,no
3.3.2,src/contrib/rest/src/java/org/apache/zookeeper/server/jersey/resources/SessionsResource.java,0.070015,0.020408,0.016129,0.142857,0.0,0.050187,0.117133,0.157277,0.058669,0.117133,0.157277,0.027629,0.018487,0.06875,0.096491,0.057692,0.059113,0.0,0.0,0.025253,0.181818,0.0,no
3.3.2,src/contrib/zooinspector/src/java/org/apache/zookeeper/inspector/gui/NodeViewersChangeListener.java,0.002283,0.031746,0.016129,0.142857,0.0,0.013858,0.032343,0.043427,0.0162,0.032343,0.043427,0.007629,0.040336,0.15,0.210526,0.168269,0.172414,0.0,0.0,0.005051,0.0,0.0,no
3.3.2,src/contrib/zooinspector/src/java/org/apache/zookeeper/inspector/manager/NodeListener.java,0.002283,0.03288,0.016129,0.142857,0.0,0.013858,0.032343,0.043427,0.0162,0.032343,0.043427,0.007629,0.040336,0.15,0.210526,0.168269,0.172414,0.0,0.0,0.005051,0.0,0.0,no
3.3.2,src/contrib/zooinspector/src/java/org/apache/zookeeper/inspector/manager/ZooInspectorManager.java,0.019026,0.10771,0.016129,0.142857,0.0,0.05206,0.121503,0.163146,0.060858,0.121503,0.163146,0.02866,0.040336,0.15,0.210526,0.168269,0.172414,0.0,0.0,0.050505,0.0,0.0,no
3.3.2,src/contrib/zooinspector/src/java/org/apache/zookeeper/inspector/manager/ZooInspectorNodeManager.java,0.000761,0.031746,0.016129,0.142857,0.0,0.01236,0.028846,0.038732,0.014448,0.028846,0.038732,0.006804,0.040336,0.15,0.210526,0.168269,0.172414,0.0,0.0,0.015152,0.0,0.0,no
3.3.2,src/contrib/zooinspector/src/java/org/apache/zookeeper/inspector/manager/ZooInspectorNodeTreeManager.java,0.002283,0.037415,0.016129,0.142857,0.0,0.016105,0.037587,0.050469,0.018827,0.037587,0.050469,0.008866,0.040336,0.15,0.210526,0.168269,0.172414,0.0,0.0,0.020202,0.0,0.0,no
3.3.2,src/contrib/zooinspector/src/java/org/apache/zookeeper/inspector/manager/ZooInspectorReadOnlyManager.java,0.009132,0.080499,0.016129,0.142857,0.0,0.037079,0.086538,0.116197,0.043345,0.086538,0.116197,0.020412,0.040336,0.15,0.210526,0.168269,0.172414,0.0,0.0,0.035354,0.0,0.0,no
3.3.2,src/java/main/org/apache/jute/Index.java,0.001522,0.035147,0.016129,0.142857,0.0,0.0,0.0,0.0,0.000438,0.000874,0.001174,0.000206,0.052101,0.19375,0.27193,0.365385,0.374384,0.0,0.0,0.010101,0.0,0.0,no
3.3.2,src/java/main/org/apache/jute/Record.java,0.003805,0.02381,0.016129,0.142857,0.0,0.0,0.0,0.0,0.000438,0.000874,0.001174,0.000206,0.052101,0.19375,0.27193,0.365385,0.374384,0.0,0.0,0.0,0.0,0.0,no
3.3.2,src/java/main/org/apache/jute/compiler/JBoolean.java,0.013699,0.02381,0.032258,0.285714,0.0,0.003371,0.007867,0.005282,0.00394,0.006993,0.005282,0.002268,0.078992,0.19375,0.20614,0.365385,0.154948,0.0,0.0,0.0,0.090909,0.0,no
3.3.2,src/java/main/org/apache/jute/compiler/JByte.java,0.004566,0.02381,0.032258,0.285714,0.0,0.000375,0.000874,0.000587,0.000438,0.000874,0.000587,0.000619,0.078992,0.19375,0.20614,0.365385,0.213465,0.0,0.0,0.0,0.090909,0.0,no
3.3.2,src/java/main/org/apache/jute/compiler/JInt.java,0.004566,0.02381,0.032258,0.285714,0.0,0.000375,0.000874,0.000587,0.000438,0.000874,0.000587,0.000619,0.078992,0.19375,0.20614,0.365385,0.213465,0.0,0.0,0.0,0.090909,0.0,no
3.3.2,src/java/main/org/apache/jute/compiler/JLong.java,0.006849,0.02381,0.032258,0.285714,0.0,0.000375,0.000874,0.000587,0.000438,0.000874,0.000587,0.000619,0.078992,0.19375,0.20614,0.365385,0.213465,0.0,0.0,0.0,0.090909,0.0,no
3.3.2,src/java/main/org/apache/jute/compiler/JString.java,0.012177,0.02381,0.032258,0.285714,0.0,0.000375,0.000874,0.000587,0.000438,0.000874,0.000587,0.000619,0.078992,0.19375,0.20614,0.365385,0.213465,0.0,0.0,0.005051,0.181818,0.0,no
3.3.2,src/java/main/org/apache/zookeeper/AsyncCallback.java,0.021309,0.019274,0.016129,0.142857,0.0,0.001873,0.004371,0.005869,0.002189,0.004371,0.005869,0.001031,0.016807,0.0625,0.087719,0.254808,0.261084,0.0,0.0,0.0,0.090909,0.0,no
3.3.2,src/java/main/org/apache/zookeeper/ClientCnxnSocket.java,0.067732,0.040816,0.032258,0.142857,0.0,0.059176,0.134615,0.092723,0.069177,0.134615,0.092723,0.032577,0.015126,0.0375,0.039474,0.0,0.0,0.0,0.0,0.020202,0.272727,0.0,no
3.3.2,src/java/main/org/apache/zookeeper/ClientCnxnSocketNIO.java,0.185693,0.055556,0.032258,0.142857,0.0,0.120599,0.277972,0.188967,0.139229,0.277972,0.18662,0.067216,0.015126,0.0375,0.039474,0.0,0.0,0.0,0.0,0.222222,0.545455,0.0,yes
3.3.2,src/java/main/org/apache/zookeeper/ClientWatchManager.java,0.001522,0.035147,0.0,0.0,0.0,0.0,0.0,0.0,0.0,0.0,0.0,0.0,0.0,0.0,0.0,0.0,0.0,0.0,0.0,0.010101,0.0,0.0,no
3.3.2,src/java/main/org/apache/zookeeper/jmx/CommonNames.java,0.002283,0.02381,0.0,0.0,0.0,0.0,0.0,0.0,0.0,0.0,0.0,0.0,0.0,0.0,0.0,0.0,0.0,0.0,0.0,0.0,0.0,0.0,no
3.3.2,src/java/main/org/apache/zookeeper/jmx/ZKMBeanInfo.java,0.001522,0.03288,0.0,0.0,0.0,0.0,0.0,0.0,0.0,0.0,0.0,0.0,0.0,0.0,0.0,0.0,0.0,0.0,0.0,0.015152,0.0,0.0,no
3.3.2,src/java/main/org/apache/zookeeper/server/ConnectionMXBean.java,0.01446,0.079365,0.016129,0.142857,0.037037,0.011236,0.026224,0.035211,0.013135,0.026224,0.035211,0.006186,0.010084,0.0375,0.052632,0.25,0.256158,0.0,0.0,0.0,0.0,0.0,no
3.3.2,src/java/main/org/apache/zookeeper/server/DataTreeMXBean.java,0.003805,0.040816,0.0,0.0,0.0,0.0,0.0,0.0,0.0,0.0,0.0,0.0,0.0,0.0,0.0,0.0,0.0,0.0,0.0,0.0,0.0,0.0,no
3.3.2,src/java/main/org/apache/zookeeper/server/NIOServerCnxnFactory.java,0.16895,0.056689,0.016129,0.142857,0.0,0.114607,0.267483,0.359155,0.133975,0.267483,0.359155,0.063093,0.057143,0.2125,0.298246,0.057692,0.059113,0.0,0.0,0.085859,0.545455,0.0,no
3.3.2,src/java/main/org/apache/zookeeper/server/NettyServerCnxn.java,0.504566,0.06576,0.016129,0.142857,0.0,0.307116,0.716783,0.962441,0.359019,0.716783,0.962441,0.169072,0.057143,0.2125,0.298246,0.057692,0.059113,0.0,0.0,0.479798,0.636364,0.0,no
3.3.2,src/java/main/org/apache/zookeeper/server/NettyServerCnxnFactory.java,0.247336,0.03288,0.032258,0.142857,0.0,0.149064,0.346154,0.233568,0.17338,0.346154,0.232394,0.082474,0.067227,0.2125,0.175439,0.057692,0.058522,0.0,0.0,0.186869,0.636364,0.0,no
3.3.2,src/java/main/org/apache/zookeeper/server/RequestProcessor.java,0.001522,0.03288,0.0,0.0,0.0,0.0,0.0,0.0,0.0,0.0,0.0,0.0,0.0,0.0,0.0,0.0,0.0,0.0,0.0,0.0,0.0,0.0,no
3.3.2,src/java/main/org/apache/zookeeper/server/ServerCnxnFactory.java,0.060883,0.024943,0.016129,0.142857,0.0,0.050187,0.117133,0.157277,0.058669,0.117133,0.157277,0.027629,0.057143,0.2125,0.298246,0.057692,0.059113,0.0,0.0,0.025253,0.272727,0.0,no
3.3.2,src/java/main/org/apache/zookeeper/server/ServerStats.java,0.068493,0.024943,0.048387,0.285714,0.0,0.011985,0.021853,0.01252,0.008757,0.012238,0.007825,0.014845,0.129412,0.4125,0.225146,0.471154,0.468391,0.0,0.0,0.020202,0.181818,0.0,no
3.3.2,src/java/main/org/apache/zookeeper/server/SessionTracker.java,0.015221,0.043084,0.048387,0.285714,0.074074,0.007116,0.006993,0.007433,0.007005,0.006993,0.00626,0.004536,0.053782,0.06875,0.093567,0.341346,0.261979,0.0,0.0,0.010101,0.090909,0.0,no
3.3.2,src/java/main/org/apache/zookeeper/server/Stats.java,0.010654,0.052154,0.016129,0.142857,0.0,0.025468,0.059441,0.079812,0.029772,0.059441,0.079812,0.014021,0.057143,0.2125,0.298246,0.057692,0.059113,0.0,0.0,0.0,0.0,0.0,no
3.3.2,src/java/main/org/apache/zookeeper/server/ZooKeeperServerMXBean.java,0.015221,0.086168,0.016129,0.142857,0.0,0.009738,0.022727,0.030516,0.010508,0.020979,0.028169,0.005773,0.026891,0.1,0.140351,0.163462,0.167488,0.0,0.0,0.0,0.0,0.0,no
3.3.2,src/java/main/org/apache/zookeeper/server/auth/AuthenticationProvider.java,0.005327,0.073696,0.016129,0.142857,0.0,0.000749,0.001748,0.002347,0.000438,0.000874,0.001174,0.000619,0.020168,0.075,0.105263,0.471154,0.482759,0.0,0.0,0.035354,0.0,0.0,no
3.3.2,src/java/main/org/apache/zookeeper/server/persistence/SnapShot.java,0.008371,0.05102,0.016129,0.142857,0.0,0.002247,0.005245,0.007042,0.002627,0.005245,0.007042,0.001237,0.011765,0.04375,0.061404,0.163462,0.167488,0.0,0.0,0.010101,0.0,0.0,no
3.3.2,src/java/main/org/apache/zookeeper/server/persistence/TxnLog.java,0.012938,0.097506,0.048387,0.285714,0.037037,0.002996,0.003497,0.00313,0.002627,0.003497,0.002347,0.002062,0.042017,0.0875,0.073099,0.427885,0.275369,0.0,0.0,0.020202,0.090909,0.0,no
3.3.2,src/java/main/org/apache/zookeeper/server/quorum/Election.java,0.002283,0.019274,0.016129,0.142857,0.0,0.000375,0.000874,0.001174,0.000438,0.000874,0.001174,0.000206,0.006723,0.025,0.035088,0.168269,0.172414,0.0,0.0,0.0,0.0,0.0,no
3.3.2,src/java/main/org/apache/zookeeper/server/quorum/FollowerMXBean.java,0.003044,0.03288,0.0,0.0,0.0,0.0,0.0,0.0,0.0,0.0,0.0,0.0,0.0,0.0,0.0,0.0,0.0,0.0,0.0,0.0,0.0,0.0,no
3.3.2,src/java/main/org/apache/zookeeper/server/quorum/LeaderElectionBean.java,0.009132,0.022676,0.0,0.0,0.0,0.0,0.0,0.0,0.0,0.0,0.0,0.0,0.0,0.0,0.0,0.0,0.0,0.0,0.0,0.0,0.090909,0.0,no
3.3.2,src/java/main/org/apache/zookeeper/server/quorum/LeaderElectionMXBean.java,0.000761,0.027211,0.0,0.0,0.0,0.0,0.0,0.0,0.0,0.0,0.0,0.0,0.0,0.0,0.0,0.0,0.0,0.0,0.0,0.0,0.0,0.0,no
3.3.2,src/java/main/org/apache/zookeeper/server/quorum/LeaderMXBean.java,0.002283,0.029478,0.0,0.0,0.0,0.0,0.0,0.0,0.0,0.0,0.0,0.0,0.0,0.0,0.0,0.0,0.0,0.0,0.0,0.0,0.0,0.0,no
3.3.2,src/java/main/org/apache/zookeeper/server/quorum/LearnerSyncRequest.java,0.00761,0.019274,0.0,0.0,0.0,0.0,0.0,0.0,0.0,0.0,0.0,0.0,0.0,0.0,0.0,0.0,0.0,0.0,0.0,0.0,0.090909,0.0,no
3.3.2,src/java/main/org/apache/zookeeper/server/quorum/LocalPeerBean.java,0.030441,0.022676,0.048387,0.285714,0.0,0.03221,0.059441,0.033646,0.039842,0.059441,0.035603,0.019175,0.194958,0.4125,0.339181,0.456731,0.37788,0.0,0.0,0.0,0.090909,0.0,no
3.3.2,src/java/main/org/apache/zookeeper/server/quorum/LocalPeerMXBean.java,0.00761,0.057823,0.032258,0.285714,0.0,0.028839,0.055944,0.045188,0.033713,0.055944,0.045188,0.015876,0.137815,0.4125,0.359649,0.456731,0.417248,0.0,0.0,0.010101,0.0,0.0,no
3.3.2,src/java/main/org/apache/zookeeper/server/quorum/ObserverMXBean.java,0.002283,0.030612,0.016129,0.142857,0.0,0.013858,0.032343,0.043427,0.0162,0.032343,0.043427,0.007629,0.02521,0.09375,0.131579,0.245192,0.251232,0.0,0.0,0.0,0.0,0.0,no
3.3.2,src/java/main/org/apache/zookeeper/server/quorum/ProposalRequestProcessor.java,0.027397,0.039683,0.129032,0.428571,0.0,0.009363,0.006119,0.003668,0.011384,0.005245,0.003815,0.007835,0.312605,0.4125,0.203947,0.456731,0.310345,0.0,0.0,0.020202,0.272727,0.0,no
3.3.2,src/java/main/org/apache/zookeeper/server/quorum/QuorumBean.java,0.012938,0.019274,0.0,0.0,0.0,0.0,0.0,0.0,0.0,0.0,0.0,0.0,0.0,0.0,0.0,0.0,0.0,0.0,0.0,0.0,0.090909,0.0,no
3.3.2,src/java/main/org/apache/zookeeper/server/quorum/QuorumMXBean.java,0.001522,0.029478,0.0,0.0,0.0,0.0,0.0,0.0,0.0,0.0,0.0,0.0,0.0,0.0,0.0,0.0,0.0,0.0,0.0,0.0,0.0,0.0,no
3.3.2,src/java/main/org/apache/zookeeper/server/quorum/RemotePeerMXBean.java,0.001522,0.029478,0.0,0.0,0.0,0.0,0.0,0.0,0.0,0.0,0.0,0.0,0.0,0.0,0.0,0.0,0.0,0.0,0.0,0.005051,0.0,0.0,no
3.3.2,src/java/main/org/apache/zookeeper/server/quorum/ServerBean.java,0.006849,0.022676,0.0,0.0,0.0,0.0,0.0,0.0,0.0,0.0,0.0,0.0,0.0,0.0,0.0,0.0,0.0,0.0,0.0,0.005051,0.090909,0.0,no
3.3.2,src/java/main/org/apache/zookeeper/server/quorum/ServerMXBean.java,0.001522,0.029478,0.0,0.0,0.0,0.0,0.0,0.0,0.0,0.0,0.0,0.0,0.0,0.0,0.0,0.0,0.0,0.0,0.0,0.0,0.0,0.0,no
3.3.2,src/recipes/lock/src/java/org/apache/zookeeper/recipes/lock/LockListener.java,0.001522,0.035147,0.016129,0.142857,0.0,0.014232,0.033217,0.044601,0.016637,0.033217,0.044601,0.007835,0.008403,0.03125,0.04386,0.389423,0.399015,0.0,0.0,0.0,0.0,0.0,no
3.3.2,src/recipes/lock/src/java/org/apache/zookeeper/recipes/lock/ZooKeeperOperation.java,0.001522,0.034014,0.016129,0.142857,0.0,0.014232,0.033217,0.044601,0.016637,0.033217,0.044601,0.007835,0.008403,0.03125,0.04386,0.389423,0.399015,0.0,0.0,0.010101,0.0,0.0,no
3.3.3,src/contrib/bookkeeper/src/java/org/apache/bookkeeper/client/AsyncCallback.java,0.015221,0.088435,0.096774,0.428571,0.0,0.079401,0.081294,0.041471,0.061296,0.071678,0.027387,0.058969,0.168067,0.31875,0.146199,0.4375,0.306349,0.0,0.0,0.010101,0.090909,0.0,no
3.3.3,src/contrib/bookkeeper/src/java/org/apache/bookkeeper/client/CRC32DigestManager.java,0.016743,0.019274,0.016129,0.142857,0.0,0.018727,0.043706,0.058685,0.021891,0.043706,0.058685,0.010309,0.085714,0.31875,0.447368,0.269231,0.275862,0.0,0.0,0.0,0.090909,0.0,no
3.3.3,src/contrib/bookkeeper/src/java/org/apache/bookkeeper/client/DistributionSchedule.java,0.002283,0.055556,0.048387,0.285714,0.0,0.023596,0.053322,0.024648,0.026708,0.053322,0.023865,0.013402,0.109244,0.31875,0.190058,0.269231,0.264039,0.0,0.0,0.020202,0.0,0.0,no
3.3.3,src/contrib/bookkeeper/src/java/org/apache/bookkeeper/client/LedgerEntry.java,0.027397,0.035147,0.080645,0.142857,0.0,0.044569,0.05507,0.027934,0.042907,0.05507,0.023005,0.030928,0.179832,0.31875,0.187719,0.519231,0.372611,0.0,0.0,0.005051,0.181818,0.0,no
3.3.3,src/contrib/bookkeeper/src/java/org/apache/bookkeeper/client/RoundRobinDistributionSchedule.java,0.028919,0.031746,0.016129,0.142857,0.0,0.032584,0.076049,0.102113,0.038091,0.076049,0.102113,0.017938,0.085714,0.31875,0.447368,0.269231,0.275862,0.0,0.0,0.030303,0.363636,0.0,no
3.3.3,src/contrib/bookkeeper/src/java/org/apache/bookkeeper/proto/BookkeeperInternalCallbacks.java,0.008371,0.039683,0.016129,0.142857,0.0,0.021348,0.049825,0.066901,0.024956,0.049825,0.066901,0.011753,0.085714,0.31875,0.447368,0.269231,0.275862,0.0,0.0,0.020202,0.090909,0.0,no
3.3.3,src/contrib/rest/src/java/org/apache/zookeeper/server/jersey/jaxb/ZChildren.java,0.032725,0.026077,0.016129,0.142857,0.0,0.029963,0.06993,0.093897,0.035026,0.06993,0.093897,0.016495,0.020168,0.075,0.105263,0.451923,0.463054,0.0,0.0,0.010101,0.181818,0.0,no
3.3.3,src/contrib/rest/src/java/org/apache/zookeeper/server/jersey/jaxb/ZChildrenJSON.java,0.02968,0.026077,0.016129,0.142857,0.0,0.028464,0.066434,0.089202,0.033275,0.066434,0.089202,0.01567,0.020168,0.075,0.105263,0.451923,0.463054,0.0,0.0,0.010101,0.181818,0.0,no
3.3.3,src/contrib/rest/src/java/org/apache/zookeeper/server/jersey/jaxb/ZError.java,0.00761,0.02381,0.016129,0.142857,0.0,0.015356,0.035839,0.048122,0.017951,0.035839,0.048122,0.008454,0.020168,0.075,0.105263,0.451923,0.463054,0.0,0.0,0.0,0.090909,0.0,no
3.3.3,src/contrib/rest/src/java/org/apache/zookeeper/server/jersey/jaxb/ZPath.java,0.02207,0.02381,0.016129,0.142857,0.0,0.023596,0.05507,0.073944,0.027583,0.05507,0.073944,0.01299,0.020168,0.075,0.105263,0.451923,0.463054,0.0,0.0,0.005051,0.181818,0.0,no
3.3.3,src/contrib/zooinspector/src/java/org/apache/zookeeper/inspector/gui/NodeViewersChangeListener.java,0.002283,0.031746,0.016129,0.142857,0.0,0.013858,0.032343,0.043427,0.0162,0.032343,0.043427,0.007629,0.040336,0.15,0.210526,0.240385,0.246305,0.0,0.0,0.005051,0.0,0.0,no
3.3.3,src/contrib/zooinspector/src/java/org/apache/zookeeper/inspector/manager/NodeListener.java,0.002283,0.03288,0.016129,0.142857,0.0,0.013858,0.032343,0.043427,0.0162,0.032343,0.043427,0.007629,0.040336,0.15,0.210526,0.240385,0.246305,0.0,0.0,0.005051,0.0,0.0,no
3.3.3,src/contrib/zooinspector/src/java/org/apache/zookeeper/inspector/manager/ZooInspectorManager.java,0.019026,0.10771,0.016129,0.142857,0.0,0.05206,0.121503,0.163146,0.060858,0.121503,0.163146,0.02866,0.040336,0.15,0.210526,0.240385,0.246305,0.0,0.0,0.050505,0.0,0.0,no
3.3.3,src/contrib/zooinspector/src/java/org/apache/zookeeper/inspector/manager/ZooInspectorNodeManager.java,0.000761,0.031746,0.016129,0.142857,0.0,0.01236,0.028846,0.038732,0.014448,0.028846,0.038732,0.006804,0.040336,0.15,0.210526,0.240385,0.246305,0.0,0.0,0.015152,0.0,0.0,no
3.3.3,src/contrib/zooinspector/src/java/org/apache/zookeeper/inspector/manager/ZooInspectorNodeTreeManager.java,0.002283,0.037415,0.016129,0.142857,0.0,0.016105,0.037587,0.050469,0.018827,0.037587,0.050469,0.008866,0.040336,0.15,0.210526,0.240385,0.246305,0.0,0.0,0.020202,0.0,0.0,no
3.3.3,src/contrib/zooinspector/src/java/org/apache/zookeeper/inspector/manager/ZooInspectorReadOnlyManager.java,0.009132,0.080499,0.016129,0.142857,0.0,0.037079,0.086538,0.116197,0.043345,0.086538,0.116197,0.020412,0.040336,0.15,0.210526,0.240385,0.246305,0.0,0.0,0.035354,0.0,0.0,no
3.3.3,src/java/main/org/apache/jute/Index.java,0.001522,0.035147,0.016129,0.142857,0.0,0.0,0.0,0.0,0.000438,0.000874,0.001174,0.000206,0.052101,0.19375,0.27193,0.442308,0.453202,0.0,0.0,0.010101,0.0,0.0,no
3.3.3,src/java/main/org/apache/jute/Record.java,0.003805,0.02381,0.016129,0.142857,0.0,0.0,0.0,0.0,0.000438,0.000874,0.001174,0.000206,0.052101,0.19375,0.27193,0.442308,0.453202,0.0,0.0,0.0,0.0,0.0,no
3.3.3,src/java/main/org/apache/jute/compiler/JBoolean.java,0.009132,0.02381,0.032258,0.285714,0.0,0.003371,0.007867,0.005282,0.00394,0.006993,0.005282,0.002268,0.078992,0.19375,0.20614,0.442308,0.229288,0.0,0.0,0.0,0.090909,0.0,no
3.3.3,src/java/main/org/apache/jute/compiler/JByte.java,0.004566,0.02381,0.032258,0.285714,0.0,0.000375,0.000874,0.000587,0.000438,0.000874,0.000587,0.000619,0.078992,0.19375,0.20614,0.442308,0.288998,0.0,0.0,0.0,0.090909,0.0,no
3.3.3,src/java/main/org/apache/jute/compiler/JInt.java,0.004566,0.02381,0.032258,0.285714,0.0,0.000375,0.000874,0.000587,0.000438,0.000874,0.000587,0.000619,0.078992,0.19375,0.20614,0.442308,0.288998,0.0,0.0,0.0,0.090909,0.0,no
3.3.3,src/java/main/org/apache/jute/compiler/JLong.java,0.006849,0.02381,0.032258,0.285714,0.0,0.000375,0.000874,0.000587,0.000438,0.000874,0.000587,0.000619,0.078992,0.19375,0.20614,0.442308,0.288998,0.0,0.0,0.0,0.090909,0.0,no
3.3.3,src/java/main/org/apache/jute/compiler/JString.java,0.012177,0.02381,0.032258,0.285714,0.0,0.000375,0.000874,0.000587,0.000438,0.000874,0.000587,0.000619,0.078992,0.19375,0.20614,0.442308,0.288998,0.0,0.0,0.005051,0.181818,0.0,no
3.3.3,src/java/main/org/apache/zookeeper/AsyncCallback.java,0.021309,0.019274,0.016129,0.142857,0.0,0.001873,0.004371,0.005869,0.002189,0.004371,0.005869,0.001031,0.016807,0.0625,0.087719,0.331731,0.339901,0.0,0.0,0.0,0.090909,0.0,no
3.3.3,src/java/main/org/apache/zookeeper/ClientWatchManager.java,0.001522,0.035147,0.0,0.0,0.0,0.0,0.0,0.0,0.0,0.0,0.0,0.0,0.0,0.0,0.0,0.0,0.0,0.0,0.0,0.010101,0.0,0.0,no
3.3.3,src/java/main/org/apache/zookeeper/jmx/CommonNames.java,0.002283,0.02381,0.0,0.0,0.0,0.0,0.0,0.0,0.0,0.0,0.0,0.0,0.0,0.0,0.0,0.0,0.0,0.0,0.0,0.0,0.0,0.0,no
3.3.3,src/java/main/org/apache/zookeeper/jmx/ZKMBeanInfo.java,0.001522,0.03288,0.0,0.0,0.0,0.0,0.0,0.0,0.0,0.0,0.0,0.0,0.0,0.0,0.0,0.0,0.0,0.0,0.0,0.015152,0.0,0.0,no
3.3.3,src/java/main/org/apache/zookeeper/server/ConnectionMXBean.java,0.01446,0.079365,0.016129,0.142857,0.037037,0.011236,0.026224,0.035211,0.013135,0.026224,0.035211,0.006186,0.010084,0.0375,0.052632,0.322115,0.330049,0.0,0.0,0.0,0.0,0.0,no
3.3.3,src/java/main/org/apache/zookeeper/server/DataTreeBean.java,0.025875,0.022676,0.016129,0.142857,0.0,0.000375,0.000874,0.001174,0.00394,0.007867,0.010563,0.002268,0.006723,0.025,0.035088,0.158654,0.162562,0.0,0.0,0.005051,0.181818,0.0,no
3.3.3,src/java/main/org/apache/zookeeper/server/DataTreeMXBean.java,0.003805,0.040816,0.0,0.0,0.0,0.0,0.0,0.0,0.0,0.0,0.0,0.0,0.0,0.0,0.0,0.0,0.0,0.0,0.0,0.0,0.0,0.0,no
3.3.3,src/java/main/org/apache/zookeeper/server/RequestProcessor.java,0.001522,0.03288,0.0,0.0,0.0,0.0,0.0,0.0,0.0,0.0,0.0,0.0,0.0,0.0,0.0,0.0,0.0,0.0,0.0,0.0,0.0,0.0,yes
3.3.3,src/java/main/org/apache/zookeeper/server/ServerStats.java,0.068493,0.024943,0.048387,0.285714,0.0,0.011985,0.021853,0.01252,0.008757,0.012238,0.007825,0.014845,0.129412,0.4125,0.225146,0.543269,0.542282,0.0,0.0,0.020202,0.181818,0.0,no
3.3.3,src/java/main/org/apache/zookeeper/server/SessionTracker.java,0.015221,0.043084,0.048387,0.285714,0.074074,0.007116,0.006993,0.007433,0.007005,0.006993,0.00626,0.004536,0.053782,0.06875,0.093567,0.418269,0.339006,0.0,0.0,0.010101,0.090909,0.0,yes
3.3.3,src/java/main/org/apache/zookeeper/server/ZooKeeperServerBean.java,0.068493,0.02381,0.064516,0.285714,0.0,0.012734,0.02535,0.009977,0.014448,0.02535,0.009683,0.008866,0.110924,0.2125,0.144737,0.514423,0.282736,0.0,0.0,0.010101,0.181818,0.0,no
3.3.3,src/java/main/org/apache/zookeeper/server/ZooKeeperServerMXBean.java,0.015221,0.086168,0.016129,0.142857,0.0,0.009738,0.022727,0.030516,0.010508,0.020979,0.028169,0.005773,0.026891,0.1,0.140351,0.240385,0.246305,0.0,0.0,0.0,0.0,0.0,no
3.3.3,src/java/main/org/apache/zookeeper/server/auth/AuthenticationProvider.java,0.005327,0.073696,0.016129,0.142857,0.0,0.000749,0.001748,0.002347,0.000438,0.000874,0.001174,0.000619,0.020168,0.075,0.105263,0.543269,0.55665,0.0,0.0,0.035354,0.0,0.0,no
3.3.3,src/java/main/org/apache/zookeeper/server/persistence/SnapShot.java,0.008371,0.05102,0.016129,0.142857,0.0,0.002247,0.005245,0.007042,0.002627,0.005245,0.007042,0.001237,0.011765,0.04375,0.061404,0.240385,0.246305,0.0,0.0,0.010101,0.0,0.0,no
3.3.3,src/java/main/org/apache/zookeeper/server/persistence/TxnLog.java,0.012938,0.097506,0.048387,0.285714,0.037037,0.002996,0.003497,0.00313,0.002627,0.003497,0.002347,0.002062,0.042017,0.0875,0.073099,0.504808,0.354187,0.0,0.0,0.020202,0.090909,0.0,no
3.3.3,src/java/main/org/apache/zookeeper/server/quorum/Election.java,0.002283,0.019274,0.016129,0.142857,0.0,0.000375,0.000874,0.001174,0.000438,0.000874,0.001174,0.000206,0.006723,0.025,0.035088,0.240385,0.246305,0.0,0.0,0.0,0.0,0.0,no
3.3.3,src/java/main/org/apache/zookeeper/server/quorum/FollowerMXBean.java,0.003044,0.03288,0.0,0.0,0.0,0.0,0.0,0.0,0.0,0.0,0.0,0.0,0.0,0.0,0.0,0.0,0.0,0.0,0.0,0.0,0.0,0.0,no
3.3.3,src/java/main/org/apache/zookeeper/server/quorum/LeaderElectionBean.java,0.009132,0.022676,0.0,0.0,0.0,0.0,0.0,0.0,0.0,0.0,0.0,0.0,0.0,0.0,0.0,0.0,0.0,0.0,0.0,0.0,0.090909,0.0,no
3.3.3,src/java/main/org/apache/zookeeper/server/quorum/LeaderElectionMXBean.java,0.000761,0.027211,0.0,0.0,0.0,0.0,0.0,0.0,0.0,0.0,0.0,0.0,0.0,0.0,0.0,0.0,0.0,0.0,0.0,0.0,0.0,0.0,no
3.3.3,src/java/main/org/apache/zookeeper/server/quorum/LeaderMXBean.java,0.002283,0.029478,0.0,0.0,0.0,0.0,0.0,0.0,0.0,0.0,0.0,0.0,0.0,0.0,0.0,0.0,0.0,0.0,0.0,0.0,0.0,0.0,no
3.3.3,src/java/main/org/apache/zookeeper/server/quorum/LearnerSyncRequest.java,0.00761,0.019274,0.0,0.0,0.0,0.0,0.0,0.0,0.0,0.0,0.0,0.0,0.0,0.0,0.0,0.0,0.0,0.0,0.0,0.0,0.090909,0.0,no
3.3.3,src/java/main/org/apache/zookeeper/server/quorum/LocalPeerBean.java,0.035008,0.022676,0.048387,0.285714,0.0,0.03221,0.059441,0.033646,0.039842,0.059441,0.035603,0.019175,0.194958,0.4125,0.339181,0.528846,0.452672,0.0,0.0,0.005051,0.181818,0.0,no
3.3.3,src/java/main/org/apache/zookeeper/server/quorum/LocalPeerMXBean.java,0.00761,0.057823,0.032258,0.285714,0.0,0.028839,0.055944,0.045188,0.033713,0.055944,0.045188,0.015876,0.137815,0.4125,0.359649,0.528846,0.491971,0.0,0.0,0.010101,0.0,0.0,no
3.3.3,src/java/main/org/apache/zookeeper/server/quorum/ObserverMXBean.java,0.002283,0.030612,0.016129,0.142857,0.0,0.013858,0.032343,0.043427,0.0162,0.032343,0.043427,0.007629,0.02521,0.09375,0.131579,0.317308,0.325123,0.0,0.0,0.0,0.0,0.0,no
3.3.3,src/java/main/org/apache/zookeeper/server/quorum/ProposalRequestProcessor.java,0.023592,0.039683,0.129032,0.428571,0.0,0.009363,0.006119,0.003668,0.011384,0.005245,0.003815,0.007835,0.312605,0.4125,0.203947,0.528846,0.384755,0.0,0.0,0.020202,0.272727,0.0,yes
3.3.3,src/java/main/org/apache/zookeeper/server/quorum/QuorumBean.java,0.012938,0.019274,0.0,0.0,0.0,0.0,0.0,0.0,0.0,0.0,0.0,0.0,0.0,0.0,0.0,0.0,0.0,0.0,0.0,0.0,0.090909,0.0,no
3.3.3,src/java/main/org/apache/zookeeper/server/quorum/QuorumMXBean.java,0.001522,0.029478,0.0,0.0,0.0,0.0,0.0,0.0,0.0,0.0,0.0,0.0,0.0,0.0,0.0,0.0,0.0,0.0,0.0,0.0,0.0,0.0,no
3.3.3,src/java/main/org/apache/zookeeper/server/quorum/RemotePeerMXBean.java,0.001522,0.029478,0.0,0.0,0.0,0.0,0.0,0.0,0.0,0.0,0.0,0.0,0.0,0.0,0.0,0.0,0.0,0.0,0.0,0.005051,0.0,0.0,no
3.3.3,src/java/main/org/apache/zookeeper/server/quorum/ServerBean.java,0.006849,0.022676,0.0,0.0,0.0,0.0,0.0,0.0,0.0,0.0,0.0,0.0,0.0,0.0,0.0,0.0,0.0,0.0,0.0,0.005051,0.090909,0.0,no
3.3.3,src/java/main/org/apache/zookeeper/server/quorum/ServerMXBean.java,0.001522,0.029478,0.0,0.0,0.0,0.0,0.0,0.0,0.0,0.0,0.0,0.0,0.0,0.0,0.0,0.0,0.0,0.0,0.0,0.0,0.0,0.0,no
3.3.3,src/recipes/lock/src/java/org/apache/zookeeper/recipes/lock/LockListener.java,0.001522,0.035147,0.016129,0.142857,0.0,0.014232,0.033217,0.044601,0.016637,0.033217,0.044601,0.007835,0.008403,0.03125,0.04386,0.461538,0.472906,0.0,0.0,0.0,0.0,0.0,no
3.3.3,src/recipes/lock/src/java/org/apache/zookeeper/recipes/lock/ZooKeeperOperation.java,0.001522,0.034014,0.016129,0.142857,0.0,0.014232,0.033217,0.044601,0.016637,0.033217,0.044601,0.007835,0.008403,0.03125,0.04386,0.461538,0.472906,0.0,0.0,0.010101,0.0,0.0,no
3.4.0,src/contrib/bookkeeper/src/java/org/apache/bookkeeper/client/AsyncCallback.java,0.015221,0.088435,0.112903,0.428571,0.0,0.079401,0.081294,0.035547,0.116462,0.11014,0.044601,0.084948,0.436975,1.0,0.325815,0.620192,0.394304,0.0,0.0,0.010101,0.090909,0.0,no
3.4.0,src/contrib/bookkeeper/src/java/org/apache/bookkeeper/client/CRC32DigestManager.java,0.016743,0.019274,0.032258,0.285714,0.0,0.018727,0.043706,0.029343,0.043783,0.043706,0.058685,0.020619,0.354622,1.0,0.925439,0.456731,0.315271,0.0,0.0,0.0,0.090909,0.0,no
3.4.0,src/contrib/bookkeeper/src/java/org/apache/bookkeeper/client/DistributionSchedule.java,0.002283,0.055556,0.064516,0.285714,0.0,0.023596,0.053322,0.018486,0.053415,0.053322,0.035798,0.025979,0.378151,1.0,0.493421,0.456731,0.313863,0.0,0.0,0.020202,0.0,0.0,no
3.4.0,src/contrib/bookkeeper/src/java/org/apache/bookkeeper/client/LedgerEntry.java,0.027397,0.035147,0.096774,0.285714,0.0,0.044569,0.05507,0.023279,0.079247,0.072552,0.035407,0.048041,0.448739,1.0,0.390351,0.701923,0.419819,0.0,0.0,0.005051,0.181818,0.0,no
3.4.0,src/contrib/bookkeeper/src/java/org/apache/bookkeeper/client/RoundRobinDistributionSchedule.java,0.028919,0.031746,0.032258,0.285714,0.0,0.032584,0.076049,0.051056,0.076182,0.076049,0.102113,0.035876,0.354622,1.0,0.925439,0.456731,0.315271,0.0,0.0,0.030303,0.363636,0.0,no
3.4.0,src/contrib/bookkeeper/src/java/org/apache/bookkeeper/proto/BookkeeperInternalCallbacks.java,0.008371,0.039683,0.032258,0.285714,0.0,0.021348,0.049825,0.033451,0.049912,0.049825,0.066901,0.023505,0.354622,1.0,0.925439,0.456731,0.315271,0.0,0.0,0.020202,0.090909,0.0,no
3.4.0,src/contrib/rest/src/java/org/apache/zookeeper/server/jersey/jaxb/ZChildren.java,0.032725,0.026077,0.016129,0.142857,0.0,0.029963,0.06993,0.093897,0.035026,0.06993,0.093897,0.016495,0.020168,0.075,0.105263,0.634615,0.650246,0.0,0.0,0.010101,0.181818,0.0,no
3.4.0,src/contrib/rest/src/java/org/apache/zookeeper/server/jersey/jaxb/ZChildrenJSON.java,0.02968,0.026077,0.016129,0.142857,0.0,0.028464,0.066434,0.089202,0.033275,0.066434,0.089202,0.01567,0.020168,0.075,0.105263,0.634615,0.650246,0.0,0.0,0.010101,0.181818,0.0,no
3.4.0,src/contrib/rest/src/java/org/apache/zookeeper/server/jersey/jaxb/ZError.java,0.00761,0.02381,0.016129,0.142857,0.0,0.015356,0.035839,0.048122,0.017951,0.035839,0.048122,0.008454,0.020168,0.075,0.105263,0.634615,0.650246,0.0,0.0,0.0,0.090909,0.0,no
3.4.0,src/contrib/rest/src/java/org/apache/zookeeper/server/jersey/jaxb/ZPath.java,0.02207,0.02381,0.016129,0.142857,0.0,0.023596,0.05507,0.073944,0.027583,0.05507,0.073944,0.01299,0.020168,0.075,0.105263,0.634615,0.650246,0.0,0.0,0.005051,0.181818,0.0,no
3.4.0,src/contrib/zooinspector/src/java/org/apache/zookeeper/inspector/gui/NodeViewersChangeListener.java,0.002283,0.031746,0.016129,0.142857,0.0,0.013858,0.032343,0.043427,0.0162,0.032343,0.043427,0.007629,0.040336,0.15,0.210526,0.427885,0.438424,0.0,0.0,0.005051,0.0,0.0,no
3.4.0,src/contrib/zooinspector/src/java/org/apache/zookeeper/inspector/manager/NodeListener.java,0.002283,0.03288,0.016129,0.142857,0.0,0.013858,0.032343,0.043427,0.0162,0.032343,0.043427,0.007629,0.040336,0.15,0.210526,0.427885,0.438424,0.0,0.0,0.005051,0.0,0.0,no
3.4.0,src/contrib/zooinspector/src/java/org/apache/zookeeper/inspector/manager/ZooInspectorManager.java,0.019026,0.10771,0.016129,0.142857,0.0,0.05206,0.121503,0.163146,0.060858,0.121503,0.163146,0.02866,0.040336,0.15,0.210526,0.427885,0.438424,0.0,0.0,0.050505,0.0,0.0,no
3.4.0,src/contrib/zooinspector/src/java/org/apache/zookeeper/inspector/manager/ZooInspectorNodeManager.java,0.000761,0.031746,0.016129,0.142857,0.0,0.01236,0.028846,0.038732,0.014448,0.028846,0.038732,0.006804,0.040336,0.15,0.210526,0.427885,0.438424,0.0,0.0,0.015152,0.0,0.0,no
3.4.0,src/contrib/zooinspector/src/java/org/apache/zookeeper/inspector/manager/ZooInspectorNodeTreeManager.java,0.002283,0.037415,0.032258,0.285714,0.0,0.03221,0.037587,0.050469,0.018827,0.037587,0.025235,0.026598,0.201681,0.6,0.526316,0.427885,0.251232,0.0,0.0,0.020202,0.0,0.0,no
3.4.0,src/contrib/zooinspector/src/java/org/apache/zookeeper/inspector/manager/ZooInspectorReadOnlyManager.java,0.009132,0.080499,0.032258,0.285714,0.0,0.074157,0.086538,0.116197,0.043345,0.086538,0.058099,0.061237,0.201681,0.6,0.526316,0.427885,0.251232,0.0,0.0,0.035354,0.0,0.0,no
3.4.0,src/java/main/org/apache/jute/Index.java,0.001522,0.035147,0.016129,0.142857,0.0,0.0,0.0,0.0,0.000438,0.000874,0.001174,0.000206,0.052101,0.19375,0.27193,0.625,0.640394,0.0,0.0,0.010101,0.0,0.0,no
3.4.0,src/java/main/org/apache/jute/Record.java,0.003805,0.02381,0.016129,0.142857,0.0,0.0,0.0,0.0,0.000438,0.000874,0.001174,0.000206,0.052101,0.19375,0.27193,0.625,0.640394,0.0,0.0,0.0,0.0,0.0,no
3.4.0,src/java/main/org/apache/jute/compiler/JBoolean.java,0.009132,0.02381,0.032258,0.285714,0.0,0.003371,0.007867,0.005282,0.00394,0.006993,0.005282,0.002268,0.078992,0.19375,0.20614,0.625,0.420958,0.0,0.0,0.0,0.090909,0.0,no
3.4.0,src/java/main/org/apache/jute/compiler/JByte.java,0.004566,0.02381,0.032258,0.285714,0.0,0.000375,0.000874,0.000587,0.000438,0.000874,0.000587,0.000619,0.078992,0.19375,0.20614,0.625,0.479475,0.0,0.0,0.0,0.090909,0.0,no
3.4.0,src/java/main/org/apache/jute/compiler/JCompType.java,0.015982,0.024943,0.032258,0.285714,0.0,0.005618,0.013112,0.008803,0.006567,0.011364,0.008803,0.003918,0.078992,0.19375,0.20614,0.625,0.424423,0.0,0.0,0.005051,0.090909,0.0,no
3.4.0,src/java/main/org/apache/jute/compiler/JDouble.java,0.00761,0.02381,0.032258,0.285714,0.0,0.000375,0.000874,0.000587,0.000438,0.000874,0.000587,0.000619,0.078992,0.19375,0.20614,0.625,0.479475,0.0,0.0,0.0,0.090909,0.0,no
3.4.0,src/java/main/org/apache/jute/compiler/JFloat.java,0.006849,0.02381,0.032258,0.285714,0.0,0.000375,0.000874,0.000587,0.000438,0.000874,0.000587,0.000619,0.078992,0.19375,0.20614,0.625,0.479475,0.0,0.0,0.0,0.090909,0.0,no
3.4.0,src/java/main/org/apache/jute/compiler/JInt.java,0.004566,0.02381,0.032258,0.285714,0.0,0.000375,0.000874,0.000587,0.000438,0.000874,0.000587,0.000619,0.078992,0.19375,0.20614,0.625,0.479475,0.0,0.0,0.0,0.090909,0.0,no
3.4.0,src/java/main/org/apache/jute/compiler/JLong.java,0.006849,0.02381,0.032258,0.285714,0.0,0.000375,0.000874,0.000587,0.000438,0.000874,0.000587,0.000619,0.078992,0.19375,0.20614,0.625,0.479475,0.0,0.0,0.0,0.090909,0.0,no
3.4.0,src/java/main/org/apache/jute/compiler/JString.java,0.012177,0.02381,0.032258,0.285714,0.0,0.000375,0.000874,0.000587,0.000438,0.000874,0.000587,0.000619,0.078992,0.19375,0.20614,0.625,0.479475,0.0,0.0,0.005051,0.181818,0.0,no
3.4.0,src/java/main/org/apache/zookeeper/AsyncCallback.java,0.021309,0.019274,0.016129,0.142857,0.0,0.001873,0.004371,0.005869,0.002189,0.004371,0.005869,0.001031,0.016807,0.0625,0.087719,0.514423,0.527094,0.0,0.0,0.0,0.090909,0.0,no
3.4.0,src/java/main/org/apache/zookeeper/ClientWatchManager.java,0.001522,0.035147,0.016129,0.142857,0.0,0.001124,0.002622,0.003521,0.000438,0.000874,0.001174,0.001031,0.003361,0.0125,0.017544,0.076923,0.078818,0.0,0.0,0.010101,0.0,0.0,no
3.4.0,src/java/main/org/apache/zookeeper/jmx/CommonNames.java,0.002283,0.02381,0.0,0.0,0.0,0.0,0.0,0.0,0.0,0.0,0.0,0.0,0.0,0.0,0.0,0.0,0.0,0.0,0.0,0.0,0.0,0.0,no
3.4.0,src/java/main/org/apache/zookeeper/jmx/ZKMBeanInfo.java,0.001522,0.03288,0.0,0.0,0.0,0.0,0.0,0.0,0.0,0.0,0.0,0.0,0.0,0.0,0.0,0.0,0.0,0.0,0.0,0.015152,0.0,0.0,no
3.4.0,src/java/main/org/apache/zookeeper/server/ConnectionMXBean.java,0.01446,0.079365,0.016129,0.142857,0.037037,0.011236,0.026224,0.035211,0.013135,0.026224,0.035211,0.006186,0.010084,0.0375,0.052632,0.504808,0.517241,0.0,0.0,0.0,0.0,0.0,no
3.4.0,src/java/main/org/apache/zookeeper/server/DataTreeMXBean.java,0.003805,0.040816,0.0,0.0,0.0,0.0,0.0,0.0,0.0,0.0,0.0,0.0,0.0,0.0,0.0,0.0,0.0,0.0,0.0,0.0,0.0,0.0,no
3.4.0,src/java/main/org/apache/zookeeper/server/RequestProcessor.java,0.001522,0.03288,0.016129,0.142857,0.0,0.000375,0.000874,0.001174,0.0,0.0,0.0,0.000412,0.026891,0.1,0.140351,0.096154,0.098522,0.0,0.0,0.0,0.0,0.0,yes
3.4.0,src/java/main/org/apache/zookeeper/server/ServerStats.java,0.068493,0.024943,0.048387,0.285714,0.0,0.011985,0.021853,0.01252,0.008757,0.012238,0.007825,0.014845,0.129412,0.4125,0.225146,0.730769,0.730022,0.0,0.0,0.020202,0.181818,0.0,no
3.4.0,src/java/main/org/apache/zookeeper/server/SessionTracker.java,0.016743,0.047619,0.096774,0.428571,0.185185,0.014981,0.006993,0.007825,0.0162,0.006993,0.007238,0.008866,0.07563,0.06875,0.065789,0.600962,0.27254,0.0,0.0,0.010101,0.090909,0.0,yes
3.4.0,src/java/main/org/apache/zookeeper/server/ZooKeeperServerMXBean.java,0.015221,0.086168,0.016129,0.142857,0.0,0.009738,0.022727,0.030516,0.010508,0.020979,0.028169,0.005773,0.026891,0.1,0.140351,0.423077,0.433498,0.0,0.0,0.0,0.0,0.0,no
3.4.0,src/java/main/org/apache/zookeeper/server/auth/AuthenticationProvider.java,0.005327,0.073696,0.016129,0.142857,0.0,0.000749,0.001748,0.002347,0.000438,0.000874,0.001174,0.000619,0.020168,0.075,0.105263,0.730769,0.748768,0.0,0.0,0.035354,0.0,0.0,no
3.4.0,src/java/main/org/apache/zookeeper/server/persistence/SnapShot.java,0.008371,0.05102,0.032258,0.285714,0.0,0.002622,0.005245,0.004108,0.002627,0.005245,0.003521,0.001649,0.173109,0.6,0.451754,0.423077,0.364532,0.0,0.0,0.010101,0.0,0.0,no
3.4.0,src/java/main/org/apache/zookeeper/server/persistence/TxnLog.java,0.012938,0.097506,0.048387,0.285714,0.037037,0.002996,0.003497,0.00313,0.002627,0.003497,0.002347,0.002062,0.042017,0.0875,0.073099,0.6875,0.541379,0.0,0.0,0.020202,0.090909,0.0,no
3.4.0,src/java/main/org/apache/zookeeper/server/quorum/Election.java,0.002283,0.019274,0.032258,0.285714,0.0,0.000749,0.000874,0.001174,0.000438,0.000874,0.000587,0.000619,0.168067,0.6,0.438596,0.423077,0.249589,0.0,0.0,0.0,0.0,0.0,no
3.4.0,src/java/main/org/apache/zookeeper/server/quorum/FollowerMXBean.java,0.003044,0.03288,0.0,0.0,0.0,0.0,0.0,0.0,0.0,0.0,0.0,0.0,0.0,0.0,0.0,0.0,0.0,0.0,0.0,0.0,0.0,0.0,no
3.4.0,src/java/main/org/apache/zookeeper/server/quorum/LeaderElectionBean.java,0.009132,0.022676,0.0,0.0,0.0,0.0,0.0,0.0,0.0,0.0,0.0,0.0,0.0,0.0,0.0,0.0,0.0,0.0,0.0,0.0,0.090909,0.0,no
3.4.0,src/java/main/org/apache/zookeeper/server/quorum/LeaderElectionMXBean.java,0.000761,0.027211,0.0,0.0,0.0,0.0,0.0,0.0,0.0,0.0,0.0,0.0,0.0,0.0,0.0,0.0,0.0,0.0,0.0,0.0,0.0,0.0,no
3.4.0,src/java/main/org/apache/zookeeper/server/quorum/LeaderMXBean.java,0.002283,0.029478,0.0,0.0,0.0,0.0,0.0,0.0,0.0,0.0,0.0,0.0,0.0,0.0,0.0,0.0,0.0,0.0,0.0,0.0,0.0,0.0,no
3.4.0,src/java/main/org/apache/zookeeper/server/quorum/LearnerSyncRequest.java,0.00761,0.019274,0.0,0.0,0.0,0.0,0.0,0.0,0.0,0.0,0.0,0.0,0.0,0.0,0.0,0.0,0.0,0.0,0.0,0.0,0.090909,0.0,no
3.4.0,src/java/main/org/apache/zookeeper/server/quorum/LocalPeerBean.java,0.035008,0.022676,0.048387,0.285714,0.0,0.03221,0.059441,0.033646,0.039842,0.059441,0.035603,0.019175,0.194958,0.4125,0.339181,0.711538,0.639864,0.0,0.0,0.005051,0.181818,0.0,no
3.4.0,src/java/main/org/apache/zookeeper/server/quorum/LocalPeerMXBean.java,0.00761,0.057823,0.032258,0.285714,0.0,0.028839,0.055944,0.045188,0.033713,0.055944,0.045188,0.015876,0.137815,0.4125,0.359649,0.711538,0.679163,0.0,0.0,0.010101,0.0,0.0,no
3.4.0,src/java/main/org/apache/zookeeper/server/quorum/ObserverMXBean.java,0.002283,0.030612,0.016129,0.142857,0.0,0.013858,0.032343,0.043427,0.0162,0.032343,0.043427,0.007629,0.02521,0.09375,0.131579,0.5,0.512315,0.0,0.0,0.0,0.0,0.0,no
3.4.0,src/java/main/org/apache/zookeeper/server/quorum/ProposalRequestProcessor.java,0.023592,0.039683,0.177419,0.571429,0.0,0.014232,0.008741,0.004055,0.012259,0.005245,0.002988,0.013196,0.54958,0.6,0.260766,0.711538,0.358759,0.0,0.0,0.020202,0.272727,0.0,yes
3.4.0,src/java/main/org/apache/zookeeper/server/quorum/QuorumBean.java,0.012938,0.019274,0.0,0.0,0.0,0.0,0.0,0.0,0.0,0.0,0.0,0.0,0.0,0.0,0.0,0.0,0.0,0.0,0.0,0.0,0.090909,0.0,no
3.4.0,src/java/main/org/apache/zookeeper/server/quorum/QuorumMXBean.java,0.001522,0.029478,0.0,0.0,0.0,0.0,0.0,0.0,0.0,0.0,0.0,0.0,0.0,0.0,0.0,0.0,0.0,0.0,0.0,0.0,0.0,0.0,no
3.4.0,src/java/main/org/apache/zookeeper/server/quorum/RemotePeerMXBean.java,0.001522,0.029478,0.0,0.0,0.0,0.0,0.0,0.0,0.0,0.0,0.0,0.0,0.0,0.0,0.0,0.0,0.0,0.0,0.0,0.005051,0.0,0.0,no
3.4.0,src/java/main/org/apache/zookeeper/server/quorum/ServerBean.java,0.006849,0.022676,0.0,0.0,0.0,0.0,0.0,0.0,0.0,0.0,0.0,0.0,0.0,0.0,0.0,0.0,0.0,0.0,0.0,0.005051,0.090909,0.0,no
3.4.0,src/java/main/org/apache/zookeeper/server/quorum/ServerMXBean.java,0.001522,0.029478,0.0,0.0,0.0,0.0,0.0,0.0,0.0,0.0,0.0,0.0,0.0,0.0,0.0,0.0,0.0,0.0,0.0,0.0,0.0,0.0,no
3.4.0,src/recipes/lock/src/java/org/apache/zookeeper/recipes/lock/LockListener.java,0.001522,0.035147,0.032258,0.285714,0.0,0.014607,0.033217,0.022887,0.016637,0.033217,0.0223,0.008247,0.169748,0.6,0.442982,0.644231,0.634975,0.0,0.0,0.0,0.0,0.0,no
3.4.0,src/recipes/lock/src/java/org/apache/zookeeper/recipes/lock/ZooKeeperOperation.java,0.001522,0.034014,0.016129,0.142857,0.0,0.014232,0.033217,0.044601,0.016637,0.033217,0.044601,0.007835,0.008403,0.03125,0.04386,0.644231,0.660099,0.0,0.0,0.010101,0.0,0.0,no
3.3.4,src/contrib/bookkeeper/src/java/org/apache/bookkeeper/client/AsyncCallback.java,0.015221,0.088435,0.112903,0.428571,0.0,0.079401,0.081294,0.035547,0.116462,0.11014,0.044601,0.084948,0.436975,1.0,0.325815,0.625,0.397245,0.0,0.0,0.010101,0.090909,0.0,no
3.3.4,src/contrib/bookkeeper/src/java/org/apache/bookkeeper/client/CRC32DigestManager.java,0.016743,0.019274,0.032258,0.285714,0.0,0.018727,0.043706,0.029343,0.043783,0.043706,0.058685,0.020619,0.354622,1.0,0.925439,0.456731,0.317734,0.0,0.0,0.0,0.090909,0.0,no
3.3.4,src/contrib/bookkeeper/src/java/org/apache/bookkeeper/client/DistributionSchedule.java,0.002283,0.055556,0.064516,0.285714,0.0,0.023596,0.053322,0.018486,0.053415,0.053322,0.035798,0.025979,0.378151,1.0,0.493421,0.456731,0.316405,0.0,0.0,0.020202,0.0,0.0,no
3.3.4,src/contrib/bookkeeper/src/java/org/apache/bookkeeper/client/LedgerEntry.java,0.027397,0.035147,0.096774,0.285714,0.0,0.044569,0.05507,0.023279,0.079247,0.072552,0.035407,0.048041,0.448739,1.0,0.390351,0.706731,0.423222,0.0,0.0,0.005051,0.181818,0.0,no
3.3.4,src/contrib/bookkeeper/src/java/org/apache/bookkeeper/client/RoundRobinDistributionSchedule.java,0.028919,0.031746,0.032258,0.285714,0.0,0.032584,0.076049,0.051056,0.076182,0.076049,0.102113,0.035876,0.354622,1.0,0.925439,0.456731,0.317734,0.0,0.0,0.030303,0.363636,0.0,no
3.3.4,src/contrib/bookkeeper/src/java/org/apache/bookkeeper/proto/BookkeeperInternalCallbacks.java,0.008371,0.039683,0.032258,0.285714,0.0,0.021348,0.049825,0.033451,0.049912,0.049825,0.066901,0.023505,0.354622,1.0,0.925439,0.456731,0.317734,0.0,0.0,0.020202,0.090909,0.0,no
3.3.4,src/contrib/rest/src/java/org/apache/zookeeper/server/jersey/jaxb/ZChildren.java,0.032725,0.026077,0.016129,0.142857,0.0,0.029963,0.06993,0.093897,0.035026,0.06993,0.093897,0.016495,0.020168,0.075,0.105263,0.639423,0.655172,0.0,0.0,0.010101,0.181818,0.0,no
3.3.4,src/contrib/rest/src/java/org/apache/zookeeper/server/jersey/jaxb/ZChildrenJSON.java,0.02968,0.026077,0.016129,0.142857,0.0,0.028464,0.066434,0.089202,0.033275,0.066434,0.089202,0.01567,0.020168,0.075,0.105263,0.639423,0.655172,0.0,0.0,0.010101,0.181818,0.0,no
3.3.4,src/contrib/rest/src/java/org/apache/zookeeper/server/jersey/jaxb/ZError.java,0.00761,0.02381,0.016129,0.142857,0.0,0.015356,0.035839,0.048122,0.017951,0.035839,0.048122,0.008454,0.020168,0.075,0.105263,0.639423,0.655172,0.0,0.0,0.0,0.090909,0.0,no
3.3.4,src/contrib/rest/src/java/org/apache/zookeeper/server/jersey/jaxb/ZPath.java,0.02207,0.02381,0.016129,0.142857,0.0,0.023596,0.05507,0.073944,0.027583,0.05507,0.073944,0.01299,0.020168,0.075,0.105263,0.639423,0.655172,0.0,0.0,0.005051,0.181818,0.0,no
3.3.4,src/contrib/zooinspector/src/java/org/apache/zookeeper/inspector/gui/NodeViewersChangeListener.java,0.002283,0.031746,0.016129,0.142857,0.0,0.013858,0.032343,0.043427,0.0162,0.032343,0.043427,0.007629,0.040336,0.15,0.210526,0.427885,0.438424,0.0,0.0,0.005051,0.0,0.0,no
3.3.4,src/contrib/zooinspector/src/java/org/apache/zookeeper/inspector/manager/NodeListener.java,0.002283,0.03288,0.016129,0.142857,0.0,0.013858,0.032343,0.043427,0.0162,0.032343,0.043427,0.007629,0.040336,0.15,0.210526,0.427885,0.438424,0.0,0.0,0.005051,0.0,0.0,no
3.3.4,src/contrib/zooinspector/src/java/org/apache/zookeeper/inspector/manager/ZooInspectorManager.java,0.019026,0.10771,0.016129,0.142857,0.0,0.05206,0.121503,0.163146,0.060858,0.121503,0.163146,0.02866,0.040336,0.15,0.210526,0.427885,0.438424,0.0,0.0,0.050505,0.0,0.0,no
3.3.4,src/contrib/zooinspector/src/java/org/apache/zookeeper/inspector/manager/ZooInspectorNodeManager.java,0.000761,0.031746,0.016129,0.142857,0.0,0.01236,0.028846,0.038732,0.014448,0.028846,0.038732,0.006804,0.040336,0.15,0.210526,0.427885,0.438424,0.0,0.0,0.015152,0.0,0.0,no
3.3.4,src/contrib/zooinspector/src/java/org/apache/zookeeper/inspector/manager/ZooInspectorNodeTreeManager.java,0.002283,0.037415,0.032258,0.285714,0.0,0.03221,0.037587,0.050469,0.018827,0.037587,0.025235,0.026598,0.201681,0.6,0.526316,0.427885,0.251232,0.0,0.0,0.020202,0.0,0.0,no
3.3.4,src/contrib/zooinspector/src/java/org/apache/zookeeper/inspector/manager/ZooInspectorReadOnlyManager.java,0.009132,0.080499,0.032258,0.285714,0.0,0.074157,0.086538,0.116197,0.043345,0.086538,0.058099,0.061237,0.201681,0.6,0.526316,0.427885,0.251232,0.0,0.0,0.035354,0.0,0.0,no
3.3.4,src/java/main/org/apache/jute/Index.java,0.001522,0.035147,0.016129,0.142857,0.0,0.0,0.0,0.0,0.000438,0.000874,0.001174,0.000206,0.052101,0.19375,0.27193,0.629808,0.64532,0.0,0.0,0.010101,0.0,0.0,no
3.3.4,src/java/main/org/apache/jute/Record.java,0.003805,0.02381,0.016129,0.142857,0.0,0.0,0.0,0.0,0.000438,0.000874,0.001174,0.000206,0.052101,0.19375,0.27193,0.629808,0.64532,0.0,0.0,0.0,0.0,0.0,no
3.3.4,src/java/main/org/apache/jute/compiler/JBoolean.java,0.009132,0.02381,0.032258,0.285714,0.0,0.003371,0.007867,0.005282,0.00394,0.006993,0.005282,0.002268,0.078992,0.19375,0.20614,0.629808,0.421406,0.0,0.0,0.0,0.090909,0.0,no
3.3.4,src/java/main/org/apache/jute/compiler/JByte.java,0.004566,0.02381,0.032258,0.285714,0.0,0.000375,0.000874,0.000587,0.000438,0.000874,0.000587,0.000619,0.078992,0.19375,0.20614,0.629808,0.481117,0.0,0.0,0.0,0.090909,0.0,no
3.3.4,src/java/main/org/apache/jute/compiler/JCompType.java,0.015982,0.024943,0.032258,0.285714,0.0,0.005618,0.013112,0.008803,0.006567,0.011364,0.008803,0.003918,0.078992,0.19375,0.20614,0.629808,0.424942,0.0,0.0,0.005051,0.090909,0.0,no
3.3.4,src/java/main/org/apache/jute/compiler/JDouble.java,0.00761,0.02381,0.032258,0.285714,0.0,0.000375,0.000874,0.000587,0.000438,0.000874,0.000587,0.000619,0.078992,0.19375,0.20614,0.629808,0.481117,0.0,0.0,0.0,0.090909,0.0,no
3.3.4,src/java/main/org/apache/jute/compiler/JFloat.java,0.006849,0.02381,0.032258,0.285714,0.0,0.000375,0.000874,0.000587,0.000438,0.000874,0.000587,0.000619,0.078992,0.19375,0.20614,0.629808,0.481117,0.0,0.0,0.0,0.090909,0.0,no
3.3.4,src/java/main/org/apache/jute/compiler/JInt.java,0.004566,0.02381,0.032258,0.285714,0.0,0.000375,0.000874,0.000587,0.000438,0.000874,0.000587,0.000619,0.078992,0.19375,0.20614,0.629808,0.481117,0.0,0.0,0.0,0.090909,0.0,no
3.3.4,src/java/main/org/apache/jute/compiler/JLong.java,0.006849,0.02381,0.032258,0.285714,0.0,0.000375,0.000874,0.000587,0.000438,0.000874,0.000587,0.000619,0.078992,0.19375,0.20614,0.629808,0.481117,0.0,0.0,0.0,0.090909,0.0,no
3.3.4,src/java/main/org/apache/jute/compiler/JString.java,0.012177,0.02381,0.032258,0.285714,0.0,0.000375,0.000874,0.000587,0.000438,0.000874,0.000587,0.000619,0.078992,0.19375,0.20614,0.629808,0.481117,0.0,0.0,0.005051,0.181818,0.0,no
3.3.4,src/java/main/org/apache/zookeeper/AsyncCallback.java,0.021309,0.019274,0.016129,0.142857,0.0,0.001873,0.004371,0.005869,0.002189,0.004371,0.005869,0.001031,0.016807,0.0625,0.087719,0.519231,0.53202,0.0,0.0,0.0,0.090909,0.0,no
3.3.4,src/java/main/org/apache/zookeeper/ClientWatchManager.java,0.001522,0.035147,0.016129,0.142857,0.0,0.001124,0.002622,0.003521,0.000438,0.000874,0.001174,0.001031,0.003361,0.0125,0.017544,0.081731,0.083744,0.0,0.0,0.010101,0.0,0.0,no
3.3.4,src/java/main/org/apache/zookeeper/jmx/CommonNames.java,0.002283,0.02381,0.0,0.0,0.0,0.0,0.0,0.0,0.0,0.0,0.0,0.0,0.0,0.0,0.0,0.0,0.0,0.0,0.0,0.0,0.0,0.0,no
3.3.4,src/java/main/org/apache/zookeeper/jmx/ZKMBeanInfo.java,0.001522,0.03288,0.0,0.0,0.0,0.0,0.0,0.0,0.0,0.0,0.0,0.0,0.0,0.0,0.0,0.0,0.0,0.0,0.0,0.015152,0.0,0.0,no
3.3.4,src/java/main/org/apache/zookeeper/server/ConnectionMXBean.java,0.01446,0.079365,0.016129,0.142857,0.037037,0.011236,0.026224,0.035211,0.013135,0.026224,0.035211,0.006186,0.010084,0.0375,0.052632,0.509615,0.522167,0.0,0.0,0.0,0.0,0.0,no
3.3.4,src/java/main/org/apache/zookeeper/server/DataTreeMXBean.java,0.003805,0.040816,0.0,0.0,0.0,0.0,0.0,0.0,0.0,0.0,0.0,0.0,0.0,0.0,0.0,0.0,0.0,0.0,0.0,0.0,0.0,0.0,no
3.3.4,src/java/main/org/apache/zookeeper/server/RequestProcessor.java,0.001522,0.03288,0.016129,0.142857,0.0,0.000375,0.000874,0.001174,0.0,0.0,0.0,0.000412,0.026891,0.1,0.140351,0.100962,0.103448,0.0,0.0,0.0,0.0,0.0,yes
3.3.4,src/java/main/org/apache/zookeeper/server/ServerStats.java,0.068493,0.024943,0.048387,0.285714,0.0,0.011985,0.021853,0.01252,0.008757,0.012238,0.007825,0.014845,0.129412,0.4125,0.225146,0.730769,0.734401,0.0,0.0,0.020202,0.181818,0.0,no
3.3.4,src/java/main/org/apache/zookeeper/server/SessionTracker.java,0.016743,0.047619,0.096774,0.428571,0.185185,0.014981,0.006993,0.007825,0.0162,0.006993,0.007238,0.008866,0.07563,0.06875,0.065789,0.605769,0.274144,0.0,0.0,0.010101,0.090909,0.0,yes
3.3.4,src/java/main/org/apache/zookeeper/server/ZooKeeperServerMXBean.java,0.015221,0.086168,0.016129,0.142857,0.0,0.009738,0.022727,0.030516,0.010508,0.020979,0.028169,0.005773,0.026891,0.1,0.140351,0.427885,0.438424,0.0,0.0,0.0,0.0,0.0,no
3.3.4,src/java/main/org/apache/zookeeper/server/auth/AuthenticationProvider.java,0.005327,0.073696,0.016129,0.142857,0.0,0.000749,0.001748,0.002347,0.000438,0.000874,0.001174,0.000619,0.020168,0.075,0.105263,0.730769,0.748768,0.0,0.0,0.035354,0.0,0.0,no
3.3.4,src/java/main/org/apache/zookeeper/server/persistence/SnapShot.java,0.008371,0.05102,0.032258,0.285714,0.0,0.002622,0.005245,0.004108,0.002627,0.005245,0.003521,0.001649,0.173109,0.6,0.451754,0.427885,0.368227,0.0,0.0,0.010101,0.0,0.0,no
3.3.4,src/java/main/org/apache/zookeeper/server/persistence/TxnLog.java,0.012938,0.097506,0.048387,0.285714,0.037037,0.002996,0.003497,0.00313,0.002627,0.003497,0.002347,0.002062,0.042017,0.0875,0.073099,0.692308,0.546305,0.0,0.0,0.020202,0.090909,0.0,no
3.3.4,src/java/main/org/apache/zookeeper/server/quorum/Election.java,0.002283,0.019274,0.032258,0.285714,0.0,0.000749,0.000874,0.001174,0.000438,0.000874,0.000587,0.000619,0.168067,0.6,0.438596,0.427885,0.251232,0.0,0.0,0.0,0.0,0.0,no
3.3.4,src/java/main/org/apache/zookeeper/server/quorum/FollowerMXBean.java,0.003044,0.03288,0.0,0.0,0.0,0.0,0.0,0.0,0.0,0.0,0.0,0.0,0.0,0.0,0.0,0.0,0.0,0.0,0.0,0.0,0.0,0.0,no
3.3.4,src/java/main/org/apache/zookeeper/server/quorum/LeaderElectionBean.java,0.009132,0.022676,0.0,0.0,0.0,0.0,0.0,0.0,0.0,0.0,0.0,0.0,0.0,0.0,0.0,0.0,0.0,0.0,0.0,0.0,0.090909,0.0,no
3.3.4,src/java/main/org/apache/zookeeper/server/quorum/LeaderElectionMXBean.java,0.000761,0.027211,0.0,0.0,0.0,0.0,0.0,0.0,0.0,0.0,0.0,0.0,0.0,0.0,0.0,0.0,0.0,0.0,0.0,0.0,0.0,0.0,no
3.3.4,src/java/main/org/apache/zookeeper/server/quorum/LeaderMXBean.java,0.002283,0.029478,0.0,0.0,0.0,0.0,0.0,0.0,0.0,0.0,0.0,0.0,0.0,0.0,0.0,0.0,0.0,0.0,0.0,0.0,0.0,0.0,no
3.3.4,src/java/main/org/apache/zookeeper/server/quorum/LearnerSyncRequest.java,0.00761,0.019274,0.0,0.0,0.0,0.0,0.0,0.0,0.0,0.0,0.0,0.0,0.0,0.0,0.0,0.0,0.0,0.0,0.0,0.0,0.090909,0.0,no
3.3.4,src/java/main/org/apache/zookeeper/server/quorum/LocalPeerBean.java,0.035008,0.022676,0.048387,0.285714,0.0,0.03221,0.059441,0.033646,0.039842,0.059441,0.035603,0.019175,0.194958,0.4125,0.339181,0.716346,0.644791,0.0,0.0,0.005051,0.181818,0.0,no
3.3.4,src/java/main/org/apache/zookeeper/server/quorum/LocalPeerMXBean.java,0.00761,0.057823,0.032258,0.285714,0.0,0.028839,0.055944,0.045188,0.033713,0.055944,0.045188,0.015876,0.137815,0.4125,0.359649,0.716346,0.684089,0.0,0.0,0.010101,0.0,0.0,no
3.3.4,src/java/main/org/apache/zookeeper/server/quorum/ObserverMXBean.java,0.002283,0.030612,0.016129,0.142857,0.0,0.013858,0.032343,0.043427,0.0162,0.032343,0.043427,0.007629,0.02521,0.09375,0.131579,0.504808,0.517241,0.0,0.0,0.0,0.0,0.0,no
3.3.4,src/java/main/org/apache/zookeeper/server/quorum/ProposalRequestProcessor.java,0.023592,0.039683,0.177419,0.571429,0.0,0.014232,0.008741,0.004055,0.012259,0.005245,0.002988,0.013196,0.54958,0.6,0.260766,0.716346,0.3633,0.0,0.0,0.020202,0.272727,0.0,yes
3.3.4,src/java/main/org/apache/zookeeper/server/quorum/QuorumBean.java,0.012938,0.019274,0.0,0.0,0.0,0.0,0.0,0.0,0.0,0.0,0.0,0.0,0.0,0.0,0.0,0.0,0.0,0.0,0.0,0.0,0.090909,0.0,no
3.3.4,src/java/main/org/apache/zookeeper/server/quorum/QuorumMXBean.java,0.001522,0.029478,0.0,0.0,0.0,0.0,0.0,0.0,0.0,0.0,0.0,0.0,0.0,0.0,0.0,0.0,0.0,0.0,0.0,0.0,0.0,0.0,no
3.3.4,src/java/main/org/apache/zookeeper/server/quorum/RemotePeerMXBean.java,0.001522,0.029478,0.0,0.0,0.0,0.0,0.0,0.0,0.0,0.0,0.0,0.0,0.0,0.0,0.0,0.0,0.0,0.0,0.0,0.005051,0.0,0.0,no
3.3.4,src/java/main/org/apache/zookeeper/server/quorum/ServerBean.java,0.006849,0.022676,0.0,0.0,0.0,0.0,0.0,0.0,0.0,0.0,0.0,0.0,0.0,0.0,0.0,0.0,0.0,0.0,0.0,0.005051,0.090909,0.0,no
3.3.4,src/java/main/org/apache/zookeeper/server/quorum/ServerMXBean.java,0.001522,0.029478,0.0,0.0,0.0,0.0,0.0,0.0,0.0,0.0,0.0,0.0,0.0,0.0,0.0,0.0,0.0,0.0,0.0,0.0,0.0,0.0,no
3.3.4,src/recipes/lock/src/java/org/apache/zookeeper/recipes/lock/LockListener.java,0.001522,0.035147,0.032258,0.285714,0.0,0.014607,0.033217,0.022887,0.016637,0.033217,0.0223,0.008247,0.169748,0.6,0.442982,0.649038,0.639655,0.0,0.0,0.0,0.0,0.0,no
3.3.4,src/recipes/lock/src/java/org/apache/zookeeper/recipes/lock/ZooKeeperOperation.java,0.001522,0.034014,0.016129,0.142857,0.0,0.014232,0.033217,0.044601,0.016637,0.033217,0.044601,0.007835,0.008403,0.03125,0.04386,0.649038,0.665025,0.0,0.0,0.010101,0.0,0.0,no
3.4.1,src/contrib/loggraph/src/java/org/apache/zookeeper/graph/FilterException.java,0.000761,0.019274,0.016129,0.142857,0.0,0.00824,0.019231,0.025822,0.009632,0.019231,0.025822,0.004536,0.057143,0.2125,0.298246,0.379808,0.389163,0.0,0.0,0.0,0.090909,0.0,no
3.4.1,src/contrib/loggraph/src/java/org/apache/zookeeper/graph/FilterOp.java,0.034247,0.019274,0.032258,0.285714,0.0,0.028464,0.065559,0.044601,0.032837,0.065559,0.044014,0.015876,0.218487,0.6,0.570175,0.379808,0.383533,0.0,0.0,0.045455,0.181818,0.0,no
3.4.1,src/contrib/loggraph/src/java/org/apache/zookeeper/graph/FilterParser.java,0.072298,0.019274,0.032258,0.285714,0.0,0.049438,0.11451,0.077465,0.057356,0.11451,0.076878,0.027423,0.218487,0.6,0.570175,0.379808,0.385903,0.0,0.0,0.10101,0.272727,0.0,no
3.4.1,src/contrib/loggraph/src/java/org/apache/zookeeper/graph/JsonGenerator.java,0.127093,0.024943,0.032258,0.142857,0.0,0.086142,0.197552,0.134977,0.100263,0.197552,0.13439,0.048866,0.058824,0.2125,0.153509,0.379808,0.388248,0.0,0.0,0.090909,0.545455,0.0,no
3.4.1,src/contrib/loggraph/src/java/org/apache/zookeeper/graph/Log4JEntry.java,0.011416,0.019274,0.032258,0.285714,0.0,0.015356,0.034965,0.024061,0.017513,0.034965,0.023474,0.00866,0.218487,0.6,0.570175,0.379808,0.378841,0.0,0.0,0.0,0.090909,0.0,no
3.4.1,src/contrib/loggraph/src/java/org/apache/zookeeper/graph/Log4JSource.java,0.219178,0.036281,0.048387,0.285714,0.0,0.144195,0.332168,0.150626,0.166813,0.332168,0.149061,0.080206,0.221849,0.6,0.385965,0.379808,0.385212,0.0,0.0,0.156566,0.636364,0.0,no
3.4.1,src/contrib/loggraph/src/java/org/apache/zookeeper/graph/LogEntry.java,0.013699,0.019274,0.016129,0.142857,0.0,0.017228,0.04021,0.053991,0.02014,0.04021,0.053991,0.009485,0.057143,0.2125,0.298246,0.379808,0.389163,0.0,0.0,0.0,0.090909,0.0,no
3.4.1,src/contrib/loggraph/src/java/org/apache/zookeeper/graph/LogIterator.java,0.003044,0.019274,0.032258,0.285714,0.0,0.010112,0.022727,0.015845,0.011384,0.022727,0.015258,0.005773,0.218487,0.6,0.570175,0.379808,0.373681,0.0,0.0,0.0,0.0,0.0,no
3.4.1,src/contrib/loggraph/src/java/org/apache/zookeeper/graph/LogServer.java,0.025114,0.020408,0.032258,0.285714,0.0,0.025094,0.057692,0.039319,0.028897,0.057692,0.038732,0.014021,0.218487,0.6,0.570175,0.379808,0.382788,0.0,0.0,0.0,0.181818,0.0,no
3.4.1,src/contrib/loggraph/src/java/org/apache/zookeeper/graph/LogSkipList.java,0.038813,0.028345,0.032258,0.285714,0.0,0.036704,0.082168,0.057512,0.041594,0.082168,0.055751,0.020825,0.218487,0.6,0.570175,0.379808,0.37414,0.0,0.0,0.035354,0.272727,0.0,no
3.4.1,src/contrib/loggraph/src/java/org/apache/zookeeper/graph/LogSource.java,0.006088,0.019274,0.016129,0.142857,0.0,0.01236,0.028846,0.038732,0.014448,0.028846,0.038732,0.006804,0.057143,0.2125,0.298246,0.379808,0.389163,0.0,0.0,0.0,0.0,0.0,no
3.4.1,src/contrib/loggraph/src/java/org/apache/zookeeper/graph/MeasureThroughput.java,0.048706,0.019274,0.032258,0.285714,0.0,0.038951,0.090035,0.061033,0.045096,0.090035,0.060446,0.021649,0.218487,0.6,0.570175,0.379808,0.385034,0.0,0.0,0.025253,0.272727,0.0,no
3.4.1,src/contrib/loggraph/src/java/org/apache/zookeeper/graph/MergedLogSource.java,0.126332,0.02381,0.032258,0.285714,0.0,0.082772,0.190559,0.129695,0.095884,0.190559,0.128521,0.045979,0.218487,0.6,0.570175,0.379808,0.384303,0.0,0.0,0.10101,0.454545,0.0,no
3.4.1,src/contrib/loggraph/src/java/org/apache/zookeeper/graph/RandomAccessFileReader.java,0.181126,0.046485,0.032258,0.285714,0.0,0.12397,0.285839,0.194249,0.143608,0.285839,0.192488,0.068866,0.218487,0.6,0.570175,0.379808,0.38462,0.0,0.0,0.151515,0.545455,0.0,no
3.4.1,src/contrib/loggraph/src/java/org/apache/zookeeper/graph/TransactionEntry.java,0.022831,0.019274,0.032258,0.285714,0.0,0.022472,0.051573,0.035211,0.025832,0.051573,0.034624,0.012577,0.218487,0.6,0.570175,0.379808,0.382056,0.0,0.0,0.0,0.090909,0.0,no
3.4.1,src/contrib/loggraph/src/java/org/apache/zookeeper/graph/TxnLogSource.java,0.227549,0.022676,0.048387,0.428571,0.0,0.143071,0.329545,0.149452,0.166375,0.329545,0.14867,0.08,0.240336,0.6,0.418129,0.379808,0.382256,0.0,0.0,0.166667,0.454545,0.0,no
3.4.1,src/contrib/loggraph/src/java/org/apache/zookeeper/graph/filterops/AndOp.java,0.008371,0.019274,0.016129,0.142857,0.0,0.01236,0.028846,0.038732,0.014448,0.028846,0.038732,0.006804,0.057143,0.2125,0.298246,0.379808,0.389163,0.0,0.0,0.010101,0.272727,0.0,no
3.4.1,src/contrib/loggraph/src/java/org/apache/zookeeper/graph/filterops/Arg.java,0.008371,0.019274,0.016129,0.142857,0.0,0.013483,0.031469,0.042254,0.015762,0.031469,0.042254,0.007423,0.057143,0.2125,0.298246,0.379808,0.389163,0.0,0.0,0.0,0.090909,0.0,no
3.4.1,src/contrib/loggraph/src/java/org/apache/zookeeper/graph/filterops/EqualsOp.java,0.01446,0.019274,0.016129,0.142857,0.0,0.016479,0.038462,0.051643,0.019264,0.038462,0.051643,0.009072,0.057143,0.2125,0.298246,0.379808,0.389163,0.0,0.0,0.015152,0.272727,0.0,no
3.4.1,src/contrib/loggraph/src/java/org/apache/zookeeper/graph/filterops/GreaterThanOp.java,0.032725,0.020408,0.016129,0.142857,0.0,0.026217,0.061189,0.08216,0.030648,0.061189,0.08216,0.014433,0.057143,0.2125,0.298246,0.379808,0.389163,0.0,0.0,0.065657,0.545455,0.0,no
3.4.1,src/contrib/loggraph/src/java/org/apache/zookeeper/graph/filterops/LessThanOp.java,0.032725,0.019274,0.016129,0.142857,0.0,0.025843,0.060315,0.080986,0.03021,0.060315,0.080986,0.014227,0.057143,0.2125,0.298246,0.379808,0.389163,0.0,0.0,0.065657,0.545455,0.0,no
3.4.1,src/contrib/loggraph/src/java/org/apache/zookeeper/graph/filterops/NotOp.java,0.006849,0.019274,0.016129,0.142857,0.0,0.01161,0.027098,0.036385,0.013573,0.027098,0.036385,0.006392,0.057143,0.2125,0.298246,0.379808,0.389163,0.0,0.0,0.005051,0.181818,0.0,no
3.4.1,src/contrib/loggraph/src/java/org/apache/zookeeper/graph/filterops/NumberArg.java,0.003805,0.019274,0.016129,0.142857,0.0,0.010487,0.024476,0.032864,0.012259,0.024476,0.032864,0.005773,0.057143,0.2125,0.298246,0.379808,0.389163,0.0,0.0,0.0,0.090909,0.0,no
3.4.1,src/contrib/loggraph/src/java/org/apache/zookeeper/graph/filterops/OrOp.java,0.008371,0.019274,0.016129,0.142857,0.0,0.01236,0.028846,0.038732,0.014448,0.028846,0.038732,0.006804,0.057143,0.2125,0.298246,0.379808,0.389163,0.0,0.0,0.010101,0.272727,0.0,no
3.4.1,src/contrib/loggraph/src/java/org/apache/zookeeper/graph/filterops/StringArg.java,0.003805,0.019274,0.016129,0.142857,0.0,0.010487,0.024476,0.032864,0.012259,0.024476,0.032864,0.005773,0.057143,0.2125,0.298246,0.379808,0.389163,0.0,0.0,0.0,0.090909,0.0,no
3.4.1,src/contrib/loggraph/src/java/org/apache/zookeeper/graph/filterops/SymbolArg.java,0.003805,0.019274,0.016129,0.142857,0.0,0.010112,0.023601,0.03169,0.011821,0.023601,0.03169,0.005567,0.057143,0.2125,0.298246,0.379808,0.389163,0.0,0.0,0.0,0.090909,0.0,no
3.4.1,src/contrib/loggraph/src/java/org/apache/zookeeper/graph/filterops/XorOp.java,0.013699,0.019274,0.016129,0.142857,0.0,0.014981,0.034965,0.046948,0.017513,0.034965,0.046948,0.008247,0.057143,0.2125,0.298246,0.379808,0.389163,0.0,0.0,0.020202,0.363636,0.0,no
3.4.1,src/contrib/loggraph/src/java/org/apache/zookeeper/graph/servlets/FileLoader.java,0.022831,0.019274,0.032258,0.285714,0.0,0.022846,0.052448,0.035798,0.02627,0.052448,0.035211,0.012784,0.218487,0.6,0.570175,0.379808,0.382171,0.0,0.0,0.0,0.181818,0.0,no
3.4.1,src/contrib/loggraph/src/java/org/apache/zookeeper/graph/servlets/Fs.java,0.032725,0.019274,0.032258,0.285714,0.0,0.026217,0.060315,0.04108,0.03021,0.060315,0.040493,0.014639,0.218487,0.6,0.570175,0.379808,0.383057,0.0,0.0,0.020202,0.454545,0.0,no
3.4.1,src/contrib/loggraph/src/java/org/apache/zookeeper/graph/servlets/GraphData.java,0.037291,0.019274,0.032258,0.285714,0.0,0.032959,0.073427,0.051643,0.037215,0.073427,0.049883,0.018763,0.218487,0.6,0.570175,0.379808,0.37249,0.0,0.0,0.025253,0.272727,0.0,no
3.4.1,src/contrib/loggraph/src/java/org/apache/zookeeper/graph/servlets/JsonServlet.java,0.039574,0.019274,0.016129,0.142857,0.0,0.031835,0.074301,0.099765,0.037215,0.074301,0.099765,0.017526,0.057143,0.2125,0.298246,0.379808,0.389163,0.0,0.0,0.010101,0.272727,0.0,no
3.4.1,src/contrib/loggraph/src/java/org/apache/zookeeper/graph/servlets/NumEvents.java,0.038052,0.019274,0.032258,0.285714,0.0,0.033333,0.075175,0.05223,0.038091,0.075175,0.051056,0.018763,0.218487,0.6,0.570175,0.379808,0.377253,0.0,0.0,0.020202,0.272727,0.0,no
3.4.1,src/contrib/loggraph/src/java/org/apache/zookeeper/graph/servlets/StaticContent.java,0.016743,0.020408,0.016129,0.142857,0.0,0.018727,0.043706,0.058685,0.021891,0.043706,0.058685,0.010309,0.057143,0.2125,0.298246,0.379808,0.389163,0.0,0.0,0.010101,0.181818,0.0,no
3.4.1,src/contrib/loggraph/src/java/org/apache/zookeeper/graph/servlets/Throughput.java,0.061644,0.019274,0.032258,0.285714,0.0,0.047191,0.108392,0.073944,0.054729,0.108392,0.073357,0.026186,0.218487,0.6,0.570175,0.379808,0.384043,0.0,0.0,0.050505,0.272727,0.0,no
3.4.1,src/contrib/rest/src/java/org/apache/zookeeper/server/jersey/cfg/Credentials.java,0.015221,0.019274,0.016129,0.142857,0.0,0.017603,0.041084,0.055164,0.020578,0.041084,0.055164,0.009691,0.018487,0.06875,0.096491,0.331731,0.339901,0.0,0.0,0.010101,0.272727,0.0,no
3.4.1,src/contrib/rest/src/java/org/apache/zookeeper/server/jersey/cfg/Endpoint.java,0.02968,0.019274,0.016129,0.142857,0.0,0.026966,0.062937,0.084507,0.031524,0.062937,0.084507,0.014845,0.018487,0.06875,0.096491,0.331731,0.339901,0.0,0.0,0.0,0.090909,0.0,no
3.4.1,src/contrib/rest/src/java/org/apache/zookeeper/server/jersey/cfg/HostPort.java,0.016743,0.019274,0.016129,0.142857,0.0,0.019101,0.04458,0.059859,0.022329,0.04458,0.059859,0.010515,0.018487,0.06875,0.096491,0.331731,0.339901,0.0,0.0,0.0,0.090909,0.0,no
3.4.1,src/contrib/rest/src/java/org/apache/zookeeper/server/jersey/cfg/HostPortSet.java,0.016743,0.019274,0.016129,0.142857,0.0,0.019101,0.04458,0.059859,0.022329,0.04458,0.059859,0.010515,0.018487,0.06875,0.096491,0.331731,0.339901,0.0,0.0,0.010101,0.181818,0.0,no
3.4.1,src/contrib/rest/src/java/org/apache/zookeeper/server/jersey/cfg/RestCfg.java,0.050228,0.019274,0.016129,0.142857,0.0,0.0397,0.092657,0.124413,0.04641,0.092657,0.124413,0.021856,0.018487,0.06875,0.096491,0.331731,0.339901,0.0,0.0,0.020202,0.272727,0.0,no
3.4.1,src/contrib/rest/src/java/org/apache/zookeeper/server/jersey/filters/HTTPBasicAuth.java,0.038052,0.019274,0.016129,0.142857,0.0,0.032584,0.076049,0.102113,0.038091,0.076049,0.102113,0.017938,0.018487,0.06875,0.096491,0.331731,0.339901,0.0,0.0,0.020202,0.363636,0.0,no
3.4.1,src/contrib/rest/src/java/org/apache/zookeeper/server/jersey/jaxb/ZChildren.java,0.032725,0.026077,0.016129,0.142857,0.0,0.029963,0.06993,0.093897,0.035026,0.06993,0.093897,0.016495,0.020168,0.075,0.105263,0.653846,0.669951,0.0,0.0,0.010101,0.181818,0.0,no
3.4.1,src/contrib/rest/src/java/org/apache/zookeeper/server/jersey/jaxb/ZChildrenJSON.java,0.02968,0.026077,0.016129,0.142857,0.0,0.028464,0.066434,0.089202,0.033275,0.066434,0.089202,0.01567,0.020168,0.075,0.105263,0.653846,0.669951,0.0,0.0,0.010101,0.181818,0.0,no
3.4.1,src/contrib/rest/src/java/org/apache/zookeeper/server/jersey/jaxb/ZError.java,0.00761,0.02381,0.016129,0.142857,0.0,0.015356,0.035839,0.048122,0.017951,0.035839,0.048122,0.008454,0.020168,0.075,0.105263,0.653846,0.669951,0.0,0.0,0.0,0.090909,0.0,no
3.4.1,src/contrib/rest/src/java/org/apache/zookeeper/server/jersey/jaxb/ZPath.java,0.02207,0.02381,0.016129,0.142857,0.0,0.023596,0.05507,0.073944,0.027583,0.05507,0.073944,0.01299,0.020168,0.075,0.105263,0.653846,0.669951,0.0,0.0,0.005051,0.181818,0.0,no
3.4.1,src/contrib/rest/src/java/org/apache/zookeeper/server/jersey/jaxb/ZSession.java,0.019787,0.020408,0.016129,0.142857,0.0,0.020599,0.048077,0.064554,0.024081,0.048077,0.064554,0.01134,0.018487,0.06875,0.096491,0.331731,0.339901,0.0,0.0,0.005051,0.181818,0.0,no
3.4.1,src/contrib/rest/src/java/org/apache/zookeeper/server/jersey/resources/SessionsResource.java,0.070776,0.020408,0.032258,0.285714,0.0,0.051311,0.117133,0.080399,0.059107,0.117133,0.079225,0.02866,0.179832,0.6,0.469298,0.331731,0.333877,0.0,0.0,0.025253,0.181818,0.0,no
3.4.1,src/contrib/zooinspector/src/java/org/apache/zookeeper/inspector/gui/NodeViewersChangeListener.java,0.002283,0.031746,0.016129,0.142857,0.0,0.013858,0.032343,0.043427,0.0162,0.032343,0.043427,0.007629,0.040336,0.15,0.210526,0.442308,0.453202,0.0,0.0,0.005051,0.0,0.0,no
3.4.1,src/contrib/zooinspector/src/java/org/apache/zookeeper/inspector/manager/NodeListener.java,0.002283,0.03288,0.016129,0.142857,0.0,0.013858,0.032343,0.043427,0.0162,0.032343,0.043427,0.007629,0.040336,0.15,0.210526,0.442308,0.453202,0.0,0.0,0.005051,0.0,0.0,no
3.4.1,src/contrib/zooinspector/src/java/org/apache/zookeeper/inspector/manager/ZooInspectorManager.java,0.019026,0.10771,0.016129,0.142857,0.0,0.05206,0.121503,0.163146,0.060858,0.121503,0.163146,0.02866,0.040336,0.15,0.210526,0.442308,0.453202,0.0,0.0,0.050505,0.0,0.0,no
3.4.1,src/contrib/zooinspector/src/java/org/apache/zookeeper/inspector/manager/ZooInspectorNodeManager.java,0.000761,0.031746,0.016129,0.142857,0.0,0.01236,0.028846,0.038732,0.014448,0.028846,0.038732,0.006804,0.040336,0.15,0.210526,0.442308,0.453202,0.0,0.0,0.015152,0.0,0.0,no
3.4.1,src/contrib/zooinspector/src/java/org/apache/zookeeper/inspector/manager/ZooInspectorNodeTreeManager.java,0.002283,0.037415,0.032258,0.285714,0.0,0.03221,0.037587,0.050469,0.018827,0.037587,0.025235,0.026598,0.201681,0.6,0.526316,0.442308,0.26601,0.0,0.0,0.020202,0.0,0.0,no
3.4.1,src/contrib/zooinspector/src/java/org/apache/zookeeper/inspector/manager/ZooInspectorReadOnlyManager.java,0.009132,0.080499,0.032258,0.285714,0.0,0.074157,0.086538,0.116197,0.043345,0.086538,0.058099,0.061237,0.201681,0.6,0.526316,0.442308,0.26601,0.0,0.0,0.035354,0.0,0.0,no
3.4.1,src/java/main/org/apache/jute/Index.java,0.001522,0.035147,0.016129,0.142857,0.0,0.0,0.0,0.0,0.000438,0.000874,0.001174,0.000206,0.052101,0.19375,0.27193,0.644231,0.660099,0.0,0.0,0.010101,0.0,0.0,no
3.4.1,src/java/main/org/apache/jute/Record.java,0.003805,0.02381,0.016129,0.142857,0.0,0.0,0.0,0.0,0.000438,0.000874,0.001174,0.000206,0.052101,0.19375,0.27193,0.644231,0.660099,0.0,0.0,0.0,0.0,0.0,no
3.4.1,src/java/main/org/apache/jute/compiler/CSharpGenerator.java,0.012177,0.03288,0.016129,0.142857,0.0,0.01985,0.046329,0.062207,0.023205,0.046329,0.062207,0.010928,0.026891,0.1,0.140351,0.403846,0.413793,0.0,0.0,0.005051,0.181818,0.0,no
3.4.1,src/java/main/org/apache/jute/compiler/JBoolean.java,0.013699,0.02381,0.032258,0.285714,0.0,0.003371,0.007867,0.005282,0.00394,0.006993,0.005282,0.002268,0.078992,0.19375,0.20614,0.644231,0.436185,0.0,0.0,0.0,0.090909,0.0,no
3.4.1,src/java/main/org/apache/jute/compiler/JByte.java,0.004566,0.02381,0.032258,0.285714,0.0,0.000375,0.000874,0.000587,0.000438,0.000874,0.000587,0.000619,0.078992,0.19375,0.20614,0.644231,0.495895,0.0,0.0,0.0,0.090909,0.0,no
3.4.1,src/java/main/org/apache/jute/compiler/JCompType.java,0.023592,0.024943,0.032258,0.285714,0.0,0.005618,0.013112,0.008803,0.006567,0.011364,0.008803,0.003918,0.078992,0.19375,0.20614,0.644231,0.43972,0.0,0.0,0.005051,0.090909,0.0,no
3.4.1,src/java/main/org/apache/jute/compiler/JDouble.java,0.00761,0.02381,0.032258,0.285714,0.0,0.000375,0.000874,0.000587,0.000438,0.000874,0.000587,0.000619,0.078992,0.19375,0.20614,0.644231,0.495895,0.0,0.0,0.0,0.090909,0.0,no
3.4.1,src/java/main/org/apache/jute/compiler/JFloat.java,0.006849,0.02381,0.032258,0.285714,0.0,0.000375,0.000874,0.000587,0.000438,0.000874,0.000587,0.000619,0.078992,0.19375,0.20614,0.644231,0.495895,0.0,0.0,0.0,0.090909,0.0,no
3.4.1,src/java/main/org/apache/jute/compiler/JInt.java,0.004566,0.02381,0.032258,0.285714,0.0,0.000375,0.000874,0.000587,0.000438,0.000874,0.000587,0.000619,0.078992,0.19375,0.20614,0.644231,0.495895,0.0,0.0,0.0,0.090909,0.0,no
3.4.1,src/java/main/org/apache/jute/compiler/JLong.java,0.006849,0.02381,0.032258,0.285714,0.0,0.000375,0.000874,0.000587,0.000438,0.000874,0.000587,0.000619,0.078992,0.19375,0.20614,0.644231,0.495895,0.0,0.0,0.0,0.090909,0.0,no
3.4.1,src/java/main/org/apache/jute/compiler/JString.java,0.012177,0.02381,0.032258,0.285714,0.0,0.000375,0.000874,0.000587,0.000438,0.000874,0.000587,0.000619,0.078992,0.19375,0.20614,0.644231,0.495895,0.0,0.0,0.005051,0.181818,0.0,no
3.4.1,src/java/main/org/apache/zookeeper/AsyncCallback.java,0.021309,0.019274,0.016129,0.142857,0.0,0.001873,0.004371,0.005869,0.002189,0.004371,0.005869,0.001031,0.016807,0.0625,0.087719,0.533654,0.546798,0.0,0.0,0.0,0.090909,0.0,no
3.4.1,src/java/main/org/apache/zookeeper/ClientCnxnSocket.java,0.073059,0.044218,0.080645,0.571429,0.0,0.066292,0.134615,0.041549,0.074431,0.134615,0.039906,0.037938,0.206723,0.6,0.215789,0.274038,0.260522,0.0,0.0,0.020202,0.272727,0.0,no
3.4.1,src/java/main/org/apache/zookeeper/ClientCnxnSocketNIO.java,0.195586,0.06576,0.209677,0.714286,0.222222,0.168165,0.277972,0.040538,0.174256,0.277972,0.035934,0.108866,0.27563,0.6,0.110661,0.274038,0.196531,0.0,0.0,0.19697,0.545455,0.0,yes
3.4.1,src/java/main/org/apache/zookeeper/ClientWatchManager.java,0.002283,0.035147,0.016129,0.142857,0.0,0.001124,0.002622,0.003521,0.000438,0.000874,0.001174,0.001031,0.003361,0.0125,0.017544,0.096154,0.098522,0.0,0.0,0.010101,0.0,0.0,no
3.4.1,src/java/main/org/apache/zookeeper/Login.java,0.209285,0.100907,0.064516,0.285714,0.0,0.298876,0.273601,0.234155,0.211471,0.273601,0.141725,0.231959,0.048739,0.1125,0.063596,0.081731,0.048188,0.0,0.0,0.262626,0.818182,0.0,no
3.4.1,src/java/main/org/apache/zookeeper/MultiResponse.java,0.08828,0.027211,0.032258,0.285714,0.0,0.062172,0.145105,0.097418,0.073117,0.145105,0.098005,0.034433,0.082353,0.20625,0.214912,0.115385,0.117902,0.0,0.0,0.09596,0.454545,0.0,no
3.4.1,src/java/main/org/apache/zookeeper/MultiTransactionRecord.java,0.089041,0.026077,0.032258,0.285714,0.0,0.059925,0.13986,0.093897,0.07049,0.13986,0.094484,0.033196,0.082353,0.20625,0.214912,0.115385,0.11789,0.0,0.0,0.09596,0.363636,0.0,no
3.4.1,src/java/main/org/apache/zookeeper/Op.java,0.116438,0.120181,0.032258,0.285714,0.0,0.114607,0.267483,0.179577,0.134413,0.267483,0.180164,0.063299,0.030252,0.1,0.078947,0.115385,0.118162,0.0,0.0,0.131313,0.363636,0.0,yes
3.4.1,src/java/main/org/apache/zookeeper/OpResult.java,0.078387,0.053288,0.016129,0.142857,0.0,0.069288,0.161713,0.217136,0.080998,0.161713,0.217136,0.038144,0.026891,0.1,0.140351,0.115385,0.118227,0.0,0.0,0.055556,0.181818,0.0,yes
3.4.1,src/java/main/org/apache/zookeeper/Shell.java,0.194064,0.185941,0.032258,0.285714,0.0,0.178277,0.41521,0.279343,0.208406,0.41521,0.279343,0.098144,0.085714,0.20625,0.223684,0.081731,0.083702,0.0,0.0,0.176768,0.454545,0.0,no
3.4.1,src/java/main/org/apache/zookeeper/Transaction.java,0.020548,0.022676,0.016129,0.142857,0.0,0.022472,0.052448,0.070423,0.02627,0.052448,0.070423,0.012371,0.026891,0.1,0.140351,0.115385,0.118227,0.0,0.0,0.005051,0.090909,0.0,yes
3.4.1,src/java/main/org/apache/zookeeper/ZKUtil.java,0.039574,0.068027,0.016129,0.142857,0.0,0.046442,0.108392,0.14554,0.054291,0.108392,0.14554,0.025567,0.005042,0.01875,0.026316,0.081731,0.083744,0.0,0.0,0.045455,0.272727,0.0,no
3.4.1,src/java/main/org/apache/zookeeper/client/ConnectStringParser.java,0.02968,0.039683,0.016129,0.142857,0.0,0.032584,0.076049,0.102113,0.038091,0.076049,0.102113,0.017938,0.008403,0.03125,0.04386,0.259615,0.26601,0.0,0.0,0.040404,0.363636,0.0,no
3.4.1,src/java/main/org/apache/zookeeper/client/HostProvider.java,0.003044,0.055556,0.016129,0.142857,0.0,0.022846,0.053322,0.071596,0.026708,0.053322,0.071596,0.012577,0.008403,0.03125,0.04386,0.259615,0.26601,0.0,0.0,0.010101,0.0,0.0,no
3.4.1,src/java/main/org/apache/zookeeper/client/StaticHostProvider.java,0.040335,0.035147,0.032258,0.285714,0.0,0.038951,0.085664,0.061033,0.044221,0.085664,0.059272,0.022062,0.169748,0.6,0.442982,0.259615,0.258137,0.0,0.0,0.040404,0.272727,0.0,no
3.4.1,src/java/main/org/apache/zookeeper/client/ZooKeeperSaslClient.java,0.215373,0.049887,0.048387,0.142857,0.0,0.137828,0.304196,0.143975,0.158494,0.304196,0.141628,0.077113,0.036975,0.1125,0.064327,0.081731,0.081689,0.0,0.0,0.171717,0.727273,0.0,no
3.4.1,src/java/main/org/apache/zookeeper/jmx/CommonNames.java,0.002283,0.02381,0.0,0.0,0.0,0.0,0.0,0.0,0.0,0.0,0.0,0.0,0.0,0.0,0.0,0.0,0.0,0.0,0.0,0.0,0.0,0.0,no
3.4.1,src/java/main/org/apache/zookeeper/jmx/ZKMBeanInfo.java,0.001522,0.03288,0.0,0.0,0.0,0.0,0.0,0.0,0.0,0.0,0.0,0.0,0.0,0.0,0.0,0.0,0.0,0.0,0.0,0.015152,0.0,0.0,no
3.4.1,src/java/main/org/apache/zookeeper/server/ByteBufferOutputStream.java,0.021309,0.019274,0.032258,0.285714,0.037037,0.019476,0.045455,0.030516,0.023205,0.045455,0.031103,0.010928,0.030252,0.05625,0.078947,0.0625,0.063482,0.0,0.0,0.0,0.090909,0.0,no
3.4.1,src/java/main/org/apache/zookeeper/server/ConnectionMXBean.java,0.01446,0.079365,0.016129,0.142857,0.037037,0.011236,0.026224,0.035211,0.013135,0.026224,0.035211,0.006186,0.010084,0.0375,0.052632,0.524038,0.536946,0.0,0.0,0.0,0.0,0.0,no
3.4.1,src/java/main/org/apache/zookeeper/server/DataTreeMXBean.java,0.003805,0.040816,0.0,0.0,0.0,0.0,0.0,0.0,0.0,0.0,0.0,0.0,0.0,0.0,0.0,0.0,0.0,0.0,0.0,0.0,0.0,0.0,no
3.4.1,src/java/main/org/apache/zookeeper/server/DatadirCleanupManager.java,0.063166,0.091837,0.032258,0.142857,0.0,0.075281,0.167832,0.117958,0.084063,0.167832,0.112676,0.043299,0.015126,0.0375,0.039474,0.072115,0.072625,0.0,0.0,0.025253,0.272727,0.0,no
3.4.1,src/java/main/org/apache/zookeeper/server/NIOServerCnxnFactory.java,0.183409,0.056689,0.064516,0.428571,0.0,0.123596,0.267483,0.096831,0.142732,0.267483,0.095657,0.068866,0.253782,0.6,0.33114,0.331731,0.320875,0.0,0.0,0.09596,0.545455,0.0,no
3.4.1,src/java/main/org/apache/zookeeper/server/NettyServerCnxn.java,0.526636,0.06576,0.096774,0.571429,0.0,0.320225,0.716783,0.167254,0.372592,0.716783,0.166471,0.177113,0.284034,0.6,0.247076,0.331731,0.330846,0.0,0.0,0.515152,0.636364,0.0,no
3.4.1,src/java/main/org/apache/zookeeper/server/NettyServerCnxnFactory.java,0.261796,0.03288,0.080645,0.428571,0.0,0.157678,0.346154,0.098826,0.181699,0.346154,0.097418,0.088041,0.263866,0.6,0.275439,0.331731,0.324627,0.0,0.0,0.19697,0.636364,0.0,no
3.4.1,src/java/main/org/apache/zookeeper/server/RequestProcessor.java,0.001522,0.03288,0.016129,0.142857,0.0,0.000375,0.000874,0.001174,0.0,0.0,0.0,0.000412,0.026891,0.1,0.140351,0.115385,0.118227,0.0,0.0,0.0,0.0,0.0,yes
3.4.1,src/java/main/org/apache/zookeeper/server/ServerCnxnFactory.java,0.064688,0.024943,0.048387,0.428571,0.0,0.053933,0.117133,0.056338,0.060858,0.117133,0.054382,0.030722,0.248739,0.6,0.432749,0.331731,0.317089,0.0,0.0,0.025253,0.272727,0.0,no
3.4.1,src/java/main/org/apache/zookeeper/server/ServerStats.java,0.068493,0.024943,0.048387,0.285714,0.0,0.011985,0.021853,0.01252,0.008757,0.012238,0.007825,0.014845,0.129412,0.4125,0.225146,0.745192,0.749179,0.0,0.0,0.020202,0.181818,0.0,no
3.4.1,src/java/main/org/apache/zookeeper/server/SessionTracker.java,0.016743,0.047619,0.096774,0.428571,0.185185,0.014981,0.006993,0.007825,0.0162,0.006993,0.007238,0.008866,0.07563,0.06875,0.065789,0.620192,0.288005,0.0,0.0,0.010101,0.090909,0.0,yes
3.4.1,src/java/main/org/apache/zookeeper/server/Stats.java,0.010654,0.052154,0.032258,0.285714,0.0,0.025843,0.059441,0.040493,0.029772,0.059441,0.039906,0.014433,0.218487,0.6,0.570175,0.331731,0.335116,0.0,0.0,0.0,0.0,0.0,no
3.4.1,src/java/main/org/apache/zookeeper/server/ZooKeeperSaslServer.java,0.062405,0.028345,0.016129,0.142857,0.0,0.049064,0.11451,0.153756,0.057356,0.11451,0.153756,0.02701,0.030252,0.1125,0.157895,0.081731,0.083744,0.0,0.0,0.025253,0.818182,0.0,no
3.4.1,src/java/main/org/apache/zookeeper/server/ZooKeeperServerMXBean.java,0.015221,0.086168,0.016129,0.142857,0.0,0.009738,0.022727,0.030516,0.010508,0.020979,0.028169,0.005773,0.026891,0.1,0.140351,0.442308,0.453202,0.0,0.0,0.0,0.0,0.0,no
3.4.1,src/java/main/org/apache/zookeeper/server/auth/AuthenticationProvider.java,0.005327,0.073696,0.016129,0.142857,0.0,0.000749,0.001748,0.002347,0.000438,0.000874,0.001174,0.000619,0.020168,0.075,0.105263,0.745192,0.763547,0.0,0.0,0.035354,0.0,0.0,no
3.4.1,src/java/main/org/apache/zookeeper/server/auth/DigestLoginModule.java,0.020548,0.022676,0.016129,0.142857,0.0,0.022846,0.053322,0.071596,0.026708,0.053322,0.071596,0.012577,0.030252,0.1125,0.157895,0.081731,0.083744,0.0,0.0,0.015152,0.181818,0.0,no
3.4.1,src/java/main/org/apache/zookeeper/server/auth/KerberosName.java,0.202435,0.132653,0.016129,0.142857,0.0,0.156554,0.365385,0.49061,0.183012,0.365385,0.49061,0.086186,0.030252,0.1125,0.157895,0.081731,0.083744,0.0,0.0,0.181818,0.545455,0.0,no
3.4.1,src/java/main/org/apache/zookeeper/server/auth/SASLAuthenticationProvider.java,0.021309,0.031746,0.016129,0.142857,0.0,0.026217,0.061189,0.08216,0.030648,0.061189,0.08216,0.014433,0.030252,0.1125,0.157895,0.081731,0.083744,0.0,0.0,0.015152,0.181818,0.0,no
3.4.1,src/java/main/org/apache/zookeeper/server/auth/SaslServerCallbackHandler.java,0.079148,0.027211,0.048387,0.142857,0.0,0.125094,0.13986,0.130673,0.08056,0.13986,0.071987,0.109691,0.033613,0.1125,0.05848,0.081731,0.063076,0.0,0.0,0.111111,0.363636,0.0,no
3.4.1,src/java/main/org/apache/zookeeper/server/persistence/SnapShot.java,0.008371,0.05102,0.032258,0.285714,0.0,0.002622,0.005245,0.004108,0.002627,0.005245,0.003521,0.001649,0.173109,0.6,0.451754,0.442308,0.383005,0.0,0.0,0.010101,0.0,0.0,no
3.4.1,src/java/main/org/apache/zookeeper/server/persistence/TxnLog.java,0.012938,0.097506,0.048387,0.285714,0.037037,0.002996,0.003497,0.00313,0.002627,0.003497,0.002347,0.002062,0.042017,0.0875,0.073099,0.706731,0.559606,0.0,0.0,0.020202,0.090909,0.0,no
3.4.1,src/java/main/org/apache/zookeeper/server/quorum/Election.java,0.002283,0.019274,0.032258,0.285714,0.0,0.000749,0.000874,0.001174,0.000438,0.000874,0.000587,0.000619,0.168067,0.6,0.438596,0.442308,0.26601,0.0,0.0,0.0,0.0,0.0,no
3.4.1,src/java/main/org/apache/zookeeper/server/quorum/FollowerMXBean.java,0.003044,0.03288,0.0,0.0,0.0,0.0,0.0,0.0,0.0,0.0,0.0,0.0,0.0,0.0,0.0,0.0,0.0,0.0,0.0,0.0,0.0,0.0,no
3.4.1,src/java/main/org/apache/zookeeper/server/quorum/LeaderElectionBean.java,0.009132,0.022676,0.0,0.0,0.0,0.0,0.0,0.0,0.0,0.0,0.0,0.0,0.0,0.0,0.0,0.0,0.0,0.0,0.0,0.0,0.090909,0.0,no
3.4.1,src/java/main/org/apache/zookeeper/server/quorum/LeaderElectionMXBean.java,0.000761,0.027211,0.0,0.0,0.0,0.0,0.0,0.0,0.0,0.0,0.0,0.0,0.0,0.0,0.0,0.0,0.0,0.0,0.0,0.0,0.0,0.0,no
3.4.1,src/java/main/org/apache/zookeeper/server/quorum/LeaderMXBean.java,0.002283,0.029478,0.0,0.0,0.0,0.0,0.0,0.0,0.0,0.0,0.0,0.0,0.0,0.0,0.0,0.0,0.0,0.0,0.0,0.0,0.0,0.0,no
3.4.1,src/java/main/org/apache/zookeeper/server/quorum/LearnerSyncRequest.java,0.00761,0.019274,0.0,0.0,0.0,0.0,0.0,0.0,0.0,0.0,0.0,0.0,0.0,0.0,0.0,0.0,0.0,0.0,0.0,0.0,0.090909,0.0,no
3.4.1,src/java/main/org/apache/zookeeper/server/quorum/LocalPeerBean.java,0.030441,0.022676,0.048387,0.285714,0.0,0.03221,0.059441,0.033646,0.039842,0.059441,0.035603,0.019175,0.194958,0.4125,0.339181,0.730769,0.659569,0.0,0.0,0.0,0.090909,0.0,no
3.4.1,src/java/main/org/apache/zookeeper/server/quorum/LocalPeerMXBean.java,0.00761,0.057823,0.032258,0.285714,0.0,0.028839,0.055944,0.045188,0.033713,0.055944,0.045188,0.015876,0.137815,0.4125,0.359649,0.730769,0.698868,0.0,0.0,0.010101,0.0,0.0,no
3.4.1,src/java/main/org/apache/zookeeper/server/quorum/ObserverMXBean.java,0.002283,0.030612,0.016129,0.142857,0.0,0.013858,0.032343,0.043427,0.0162,0.032343,0.043427,0.007629,0.02521,0.09375,0.131579,0.519231,0.53202,0.0,0.0,0.0,0.0,0.0,no
3.4.1,src/java/main/org/apache/zookeeper/server/quorum/ProposalRequestProcessor.java,0.028158,0.039683,0.177419,0.571429,0.0,0.014232,0.008741,0.004055,0.012259,0.005245,0.002988,0.013196,0.54958,0.6,0.260766,0.730769,0.378079,0.0,0.0,0.020202,0.272727,0.0,yes
3.4.1,src/java/main/org/apache/zookeeper/server/quorum/QuorumBean.java,0.012938,0.019274,0.0,0.0,0.0,0.0,0.0,0.0,0.0,0.0,0.0,0.0,0.0,0.0,0.0,0.0,0.0,0.0,0.0,0.0,0.090909,0.0,no
3.4.1,src/java/main/org/apache/zookeeper/server/quorum/QuorumMXBean.java,0.001522,0.029478,0.0,0.0,0.0,0.0,0.0,0.0,0.0,0.0,0.0,0.0,0.0,0.0,0.0,0.0,0.0,0.0,0.0,0.0,0.0,0.0,no
3.4.1,src/java/main/org/apache/zookeeper/server/quorum/ReadOnlyBean.java,0.006088,0.02381,0.016129,0.142857,0.0,0.014232,0.033217,0.044601,0.016637,0.033217,0.044601,0.007835,0.005042,0.01875,0.026316,0.144231,0.147783,0.0,0.0,0.0,0.090909,0.0,no
3.4.1,src/java/main/org/apache/zookeeper/server/quorum/ReadOnlyRequestProcessor.java,0.054795,0.029478,0.032258,0.285714,0.0,0.046442,0.104021,0.07277,0.052539,0.104021,0.070423,0.026392,0.011765,0.025,0.030702,0.144231,0.139817,0.0,0.0,0.060606,0.454545,0.0,yes
3.4.1,src/java/main/org/apache/zookeeper/server/quorum/ReadOnlyZooKeeperServer.java,0.068493,0.04195,0.048387,0.428571,0.0,0.056554,0.121503,0.059077,0.064799,0.121503,0.057903,0.032577,0.02521,0.05625,0.04386,0.144231,0.137401,0.0,0.0,0.025253,0.272727,0.0,no
3.4.1,src/java/main/org/apache/zookeeper/server/quorum/RemotePeerMXBean.java,0.001522,0.029478,0.0,0.0,0.0,0.0,0.0,0.0,0.0,0.0,0.0,0.0,0.0,0.0,0.0,0.0,0.0,0.0,0.0,0.005051,0.0,0.0,no
3.4.1,src/java/main/org/apache/zookeeper/server/quorum/ServerBean.java,0.006849,0.022676,0.0,0.0,0.0,0.0,0.0,0.0,0.0,0.0,0.0,0.0,0.0,0.0,0.0,0.0,0.0,0.0,0.0,0.005051,0.090909,0.0,no
3.4.1,src/java/main/org/apache/zookeeper/server/quorum/ServerMXBean.java,0.001522,0.029478,0.0,0.0,0.0,0.0,0.0,0.0,0.0,0.0,0.0,0.0,0.0,0.0,0.0,0.0,0.0,0.0,0.0,0.0,0.0,0.0,no
3.4.1,src/java/main/org/apache/zookeeper/server/quorum/StateSummary.java,0.020548,0.02381,0.016129,0.142857,0.037037,0.021348,0.049825,0.066901,0.024956,0.049825,0.066901,0.011753,0.016807,0.0625,0.087719,0.125,0.128079,0.0,0.0,0.005051,0.181818,0.0,no
3.4.1,src/java/main/org/apache/zookeeper/server/util/ZxidUtils.java,0.009132,0.019274,0.016129,0.142857,0.037037,0.012734,0.02972,0.039906,0.014886,0.02972,0.039906,0.00701,0.016807,0.0625,0.087719,0.125,0.128079,0.0,0.0,0.0,0.090909,0.0,no
3.4.1,src/recipes/election/src/java/org/apache/zookeeper/recipes/leader/LeaderElectionAware.java,0.001522,0.031746,0.016129,0.142857,0.0,0.013858,0.032343,0.043427,0.0162,0.032343,0.043427,0.007629,0.005042,0.01875,0.026316,0.110577,0.1133,0.0,0.0,0.0,0.0,0.0,no
3.4.1,src/recipes/election/src/java/org/apache/zookeeper/recipes/leader/LeaderElectionSupport.java,0.164384,0.199546,0.016129,0.142857,0.0,0.172659,0.402972,0.54108,0.201839,0.402972,0.54108,0.095052,0.005042,0.01875,0.026316,0.110577,0.1133,0.0,0.0,0.166667,0.363636,0.0,no
3.4.1,src/recipes/election/src/java/org/apache/zookeeper/recipes/leader/LeaderOffer.java,0.030441,0.028345,0.016129,0.142857,0.0,0.031461,0.073427,0.098592,0.036778,0.073427,0.098592,0.01732,0.005042,0.01875,0.026316,0.110577,0.1133,0.0,0.0,0.0,0.181818,0.0,no
3.4.1,src/recipes/lock/src/java/org/apache/zookeeper/recipes/lock/LockListener.java,0.001522,0.035147,0.032258,0.285714,0.0,0.014607,0.033217,0.022887,0.016637,0.033217,0.0223,0.008247,0.169748,0.6,0.442982,0.663462,0.654433,0.0,0.0,0.0,0.0,0.0,no
3.4.1,src/recipes/lock/src/java/org/apache/zookeeper/recipes/lock/ZooKeeperOperation.java,0.001522,0.034014,0.016129,0.142857,0.0,0.014232,0.033217,0.044601,0.016637,0.033217,0.044601,0.007835,0.008403,0.03125,0.04386,0.663462,0.679803,0.0,0.0,0.010101,0.0,0.0,no
3.4.2,src/contrib/loggraph/src/java/org/apache/zookeeper/graph/LogIterator.java,0.003044,0.019274,0.032258,0.285714,0.0,0.010112,0.022727,0.015845,0.011384,0.022727,0.015258,0.005773,0.218487,0.6,0.570175,0.389423,0.383533,0.0,0.0,0.0,0.0,0.0,no
3.4.2,src/contrib/loggraph/src/java/org/apache/zookeeper/graph/filterops/AndOp.java,0.008371,0.019274,0.016129,0.142857,0.0,0.01236,0.028846,0.038732,0.014448,0.028846,0.038732,0.006804,0.057143,0.2125,0.298246,0.389423,0.399015,0.0,0.0,0.010101,0.272727,0.0,no
3.4.2,src/contrib/loggraph/src/java/org/apache/zookeeper/graph/filterops/NumberArg.java,0.003805,0.019274,0.016129,0.142857,0.0,0.010487,0.024476,0.032864,0.012259,0.024476,0.032864,0.005773,0.057143,0.2125,0.298246,0.389423,0.399015,0.0,0.0,0.0,0.090909,0.0,no
3.4.2,src/contrib/loggraph/src/java/org/apache/zookeeper/graph/filterops/OrOp.java,0.008371,0.019274,0.016129,0.142857,0.0,0.01236,0.028846,0.038732,0.014448,0.028846,0.038732,0.006804,0.057143,0.2125,0.298246,0.389423,0.399015,0.0,0.0,0.010101,0.272727,0.0,no
3.4.2,src/contrib/loggraph/src/java/org/apache/zookeeper/graph/filterops/StringArg.java,0.003805,0.019274,0.016129,0.142857,0.0,0.010487,0.024476,0.032864,0.012259,0.024476,0.032864,0.005773,0.057143,0.2125,0.298246,0.389423,0.399015,0.0,0.0,0.0,0.090909,0.0,no
3.4.2,src/contrib/loggraph/src/java/org/apache/zookeeper/graph/filterops/SymbolArg.java,0.003805,0.019274,0.016129,0.142857,0.0,0.010112,0.023601,0.03169,0.011821,0.023601,0.03169,0.005567,0.057143,0.2125,0.298246,0.389423,0.399015,0.0,0.0,0.0,0.090909,0.0,no
3.4.2,src/contrib/rest/src/java/org/apache/zookeeper/server/jersey/jaxb/ZChildren.java,0.032725,0.026077,0.016129,0.142857,0.0,0.029963,0.06993,0.093897,0.035026,0.06993,0.093897,0.016495,0.020168,0.075,0.105263,0.658654,0.674877,0.0,0.0,0.010101,0.181818,0.0,no
3.4.2,src/contrib/rest/src/java/org/apache/zookeeper/server/jersey/jaxb/ZChildrenJSON.java,0.02968,0.026077,0.016129,0.142857,0.0,0.028464,0.066434,0.089202,0.033275,0.066434,0.089202,0.01567,0.020168,0.075,0.105263,0.658654,0.674877,0.0,0.0,0.010101,0.181818,0.0,no
3.4.2,src/contrib/rest/src/java/org/apache/zookeeper/server/jersey/jaxb/ZError.java,0.00761,0.02381,0.016129,0.142857,0.0,0.015356,0.035839,0.048122,0.017951,0.035839,0.048122,0.008454,0.020168,0.075,0.105263,0.658654,0.674877,0.0,0.0,0.0,0.090909,0.0,no
3.4.2,src/contrib/rest/src/java/org/apache/zookeeper/server/jersey/jaxb/ZPath.java,0.02207,0.02381,0.016129,0.142857,0.0,0.023596,0.05507,0.073944,0.027583,0.05507,0.073944,0.01299,0.020168,0.075,0.105263,0.658654,0.674877,0.0,0.0,0.005051,0.181818,0.0,no
3.4.2,src/contrib/rest/src/java/org/apache/zookeeper/server/jersey/jaxb/ZSession.java,0.019787,0.020408,0.016129,0.142857,0.0,0.020599,0.048077,0.064554,0.024081,0.048077,0.064554,0.01134,0.018487,0.06875,0.096491,0.341346,0.349754,0.0,0.0,0.005051,0.181818,0.0,no
3.4.2,src/contrib/zooinspector/src/java/org/apache/zookeeper/inspector/gui/NodeViewersChangeListener.java,0.002283,0.031746,0.016129,0.142857,0.0,0.013858,0.032343,0.043427,0.0162,0.032343,0.043427,0.007629,0.040336,0.15,0.210526,0.451923,0.463054,0.0,0.0,0.005051,0.0,0.0,no
3.4.2,src/contrib/zooinspector/src/java/org/apache/zookeeper/inspector/manager/NodeListener.java,0.002283,0.03288,0.016129,0.142857,0.0,0.013858,0.032343,0.043427,0.0162,0.032343,0.043427,0.007629,0.040336,0.15,0.210526,0.451923,0.463054,0.0,0.0,0.005051,0.0,0.0,no
3.4.2,src/contrib/zooinspector/src/java/org/apache/zookeeper/inspector/manager/ZooInspectorManager.java,0.019026,0.10771,0.016129,0.142857,0.0,0.05206,0.121503,0.163146,0.060858,0.121503,0.163146,0.02866,0.040336,0.15,0.210526,0.451923,0.463054,0.0,0.0,0.050505,0.0,0.0,no
3.4.2,src/contrib/zooinspector/src/java/org/apache/zookeeper/inspector/manager/ZooInspectorNodeManager.java,0.000761,0.031746,0.016129,0.142857,0.0,0.01236,0.028846,0.038732,0.014448,0.028846,0.038732,0.006804,0.040336,0.15,0.210526,0.451923,0.463054,0.0,0.0,0.015152,0.0,0.0,no
3.4.2,src/contrib/zooinspector/src/java/org/apache/zookeeper/inspector/manager/ZooInspectorNodeTreeManager.java,0.002283,0.037415,0.032258,0.285714,0.0,0.03221,0.037587,0.050469,0.018827,0.037587,0.025235,0.026598,0.201681,0.6,0.526316,0.451923,0.275862,0.0,0.0,0.020202,0.0,0.0,no
3.4.2,src/contrib/zooinspector/src/java/org/apache/zookeeper/inspector/manager/ZooInspectorReadOnlyManager.java,0.009132,0.080499,0.032258,0.285714,0.0,0.074157,0.086538,0.116197,0.043345,0.086538,0.058099,0.061237,0.201681,0.6,0.526316,0.451923,0.275862,0.0,0.0,0.035354,0.0,0.0,no
3.4.2,src/java/main/org/apache/jute/Index.java,0.001522,0.035147,0.016129,0.142857,0.0,0.0,0.0,0.0,0.000438,0.000874,0.001174,0.000206,0.052101,0.19375,0.27193,0.649038,0.665025,0.0,0.0,0.010101,0.0,0.0,no
3.4.2,src/java/main/org/apache/jute/Record.java,0.003805,0.02381,0.016129,0.142857,0.0,0.0,0.0,0.0,0.000438,0.000874,0.001174,0.000206,0.052101,0.19375,0.27193,0.649038,0.665025,0.0,0.0,0.0,0.0,0.0,no
3.4.2,src/java/main/org/apache/jute/compiler/JBoolean.java,0.013699,0.02381,0.032258,0.285714,0.0,0.003371,0.007867,0.005282,0.00394,0.006993,0.005282,0.002268,0.078992,0.19375,0.20614,0.649038,0.445589,0.0,0.0,0.0,0.090909,0.0,no
3.4.2,src/java/main/org/apache/jute/compiler/JByte.java,0.004566,0.02381,0.032258,0.285714,0.0,0.000375,0.000874,0.000587,0.000438,0.000874,0.000587,0.000619,0.078992,0.19375,0.20614,0.649038,0.504105,0.0,0.0,0.0,0.090909,0.0,no
3.4.2,src/java/main/org/apache/jute/compiler/JInt.java,0.004566,0.02381,0.032258,0.285714,0.0,0.000375,0.000874,0.000587,0.000438,0.000874,0.000587,0.000619,0.078992,0.19375,0.20614,0.649038,0.504105,0.0,0.0,0.0,0.090909,0.0,no
3.4.2,src/java/main/org/apache/jute/compiler/JLong.java,0.006849,0.02381,0.032258,0.285714,0.0,0.000375,0.000874,0.000587,0.000438,0.000874,0.000587,0.000619,0.078992,0.19375,0.20614,0.649038,0.504105,0.0,0.0,0.0,0.090909,0.0,no
3.4.2,src/java/main/org/apache/jute/compiler/JString.java,0.012177,0.02381,0.032258,0.285714,0.0,0.000375,0.000874,0.000587,0.000438,0.000874,0.000587,0.000619,0.078992,0.19375,0.20614,0.649038,0.504105,0.0,0.0,0.005051,0.181818,0.0,no
3.4.2,src/java/main/org/apache/zookeeper/AsyncCallback.java,0.021309,0.019274,0.016129,0.142857,0.0,0.001873,0.004371,0.005869,0.002189,0.004371,0.005869,0.001031,0.016807,0.0625,0.087719,0.538462,0.551724,0.0,0.0,0.0,0.090909,0.0,no
3.4.2,src/java/main/org/apache/zookeeper/ClientWatchManager.java,0.002283,0.035147,0.016129,0.142857,0.0,0.001124,0.002622,0.003521,0.000438,0.000874,0.001174,0.001031,0.003361,0.0125,0.017544,0.105769,0.108374,0.0,0.0,0.010101,0.0,0.0,no
3.4.2,src/java/main/org/apache/zookeeper/client/HostProvider.java,0.003044,0.055556,0.016129,0.142857,0.0,0.022846,0.053322,0.071596,0.026708,0.053322,0.071596,0.012577,0.008403,0.03125,0.04386,0.269231,0.275862,0.0,0.0,0.010101,0.0,0.0,no
3.4.2,src/java/main/org/apache/zookeeper/client/StaticHostProvider.java,0.040335,0.035147,0.032258,0.285714,0.0,0.038951,0.085664,0.061033,0.044221,0.085664,0.059272,0.022062,0.169748,0.6,0.442982,0.269231,0.26799,0.0,0.0,0.040404,0.272727,0.0,no
3.4.2,src/java/main/org/apache/zookeeper/jmx/CommonNames.java,0.002283,0.02381,0.0,0.0,0.0,0.0,0.0,0.0,0.0,0.0,0.0,0.0,0.0,0.0,0.0,0.0,0.0,0.0,0.0,0.0,0.0,0.0,no
3.4.2,src/java/main/org/apache/zookeeper/jmx/ZKMBeanInfo.java,0.001522,0.03288,0.0,0.0,0.0,0.0,0.0,0.0,0.0,0.0,0.0,0.0,0.0,0.0,0.0,0.0,0.0,0.0,0.0,0.015152,0.0,0.0,no
3.4.2,src/java/main/org/apache/zookeeper/server/ByteBufferOutputStream.java,0.021309,0.019274,0.032258,0.285714,0.037037,0.019476,0.045455,0.030516,0.023205,0.045455,0.031103,0.010928,0.030252,0.05625,0.078947,0.072115,0.073334,0.0,0.0,0.0,0.090909,0.0,no
3.4.2,src/java/main/org/apache/zookeeper/server/ConnectionMXBean.java,0.01446,0.079365,0.016129,0.142857,0.037037,0.011236,0.026224,0.035211,0.013135,0.026224,0.035211,0.006186,0.010084,0.0375,0.052632,0.533654,0.546798,0.0,0.0,0.0,0.0,0.0,no
3.4.2,src/java/main/org/apache/zookeeper/server/DataTreeBean.java,0.019787,0.022676,0.016129,0.142857,0.0,0.000375,0.000874,0.001174,0.00394,0.007867,0.010563,0.002268,0.006723,0.025,0.035088,0.370192,0.37931,0.0,0.0,0.0,0.090909,0.0,no
3.4.2,src/java/main/org/apache/zookeeper/server/DataTreeMXBean.java,0.003805,0.040816,0.0,0.0,0.0,0.0,0.0,0.0,0.0,0.0,0.0,0.0,0.0,0.0,0.0,0.0,0.0,0.0,0.0,0.0,0.0,0.0,no
3.4.2,src/java/main/org/apache/zookeeper/server/RequestProcessor.java,0.001522,0.03288,0.016129,0.142857,0.0,0.000375,0.000874,0.001174,0.0,0.0,0.0,0.000412,0.026891,0.1,0.140351,0.125,0.128079,0.0,0.0,0.0,0.0,0.0,yes
3.4.2,src/java/main/org/apache/zookeeper/server/ServerStats.java,0.068493,0.024943,0.080645,0.428571,0.0,0.017978,0.021853,0.011268,0.015762,0.012238,0.008451,0.021443,0.159664,0.4125,0.166667,0.754808,0.525483,0.0,0.0,0.020202,0.181818,0.0,no
3.4.2,src/java/main/org/apache/zookeeper/server/SessionTracker.java,0.016743,0.047619,0.096774,0.428571,0.185185,0.014981,0.006993,0.007825,0.0162,0.006993,0.007238,0.008866,0.07563,0.06875,0.065789,0.625,0.29717,0.0,0.0,0.010101,0.090909,0.0,yes
3.4.2,src/java/main/org/apache/zookeeper/server/Stats.java,0.010654,0.052154,0.032258,0.285714,0.0,0.025843,0.059441,0.040493,0.029772,0.059441,0.039906,0.014433,0.218487,0.6,0.570175,0.341346,0.344968,0.0,0.0,0.0,0.0,0.0,no
3.4.2,src/java/main/org/apache/zookeeper/server/ZooKeeperServerBean.java,0.068493,0.02381,0.096774,0.428571,0.0,0.014232,0.02535,0.007433,0.017951,0.02535,0.00802,0.010515,0.141176,0.2125,0.122807,0.721154,0.41756,0.0,0.0,0.010101,0.181818,0.0,no
3.4.2,src/java/main/org/apache/zookeeper/server/ZooKeeperServerMXBean.java,0.015221,0.086168,0.048387,0.285714,0.0,0.011236,0.022727,0.011737,0.014011,0.020979,0.01252,0.007423,0.057143,0.1,0.099415,0.447115,0.356322,0.0,0.0,0.0,0.0,0.0,no
3.4.2,src/java/main/org/apache/zookeeper/server/auth/AuthenticationProvider.java,0.005327,0.073696,0.016129,0.142857,0.0,0.000749,0.001748,0.002347,0.000438,0.000874,0.001174,0.000619,0.020168,0.075,0.105263,0.754808,0.773399,0.0,0.0,0.035354,0.0,0.0,no
3.4.2,src/java/main/org/apache/zookeeper/server/persistence/SnapShot.java,0.008371,0.05102,0.032258,0.285714,0.0,0.002622,0.005245,0.004108,0.002627,0.005245,0.003521,0.001649,0.173109,0.6,0.451754,0.447115,0.389163,0.0,0.0,0.010101,0.0,0.0,no
3.4.2,src/java/main/org/apache/zookeeper/server/persistence/TxnLog.java,0.012938,0.097506,0.048387,0.285714,0.037037,0.002996,0.003497,0.00313,0.002627,0.003497,0.002347,0.002062,0.042017,0.0875,0.073099,0.711538,0.56601,0.0,0.0,0.020202,0.090909,0.0,no
3.4.2,src/java/main/org/apache/zookeeper/server/quorum/Election.java,0.002283,0.019274,0.032258,0.285714,0.0,0.000749,0.000874,0.001174,0.000438,0.000874,0.000587,0.000619,0.168067,0.6,0.438596,0.451923,0.275862,0.0,0.0,0.0,0.0,0.0,no
3.4.2,src/java/main/org/apache/zookeeper/server/quorum/FollowerMXBean.java,0.003044,0.03288,0.0,0.0,0.0,0.0,0.0,0.0,0.0,0.0,0.0,0.0,0.0,0.0,0.0,0.0,0.0,0.0,0.0,0.0,0.0,0.0,no
3.4.2,src/java/main/org/apache/zookeeper/server/quorum/LeaderElectionBean.java,0.009132,0.022676,0.0,0.0,0.0,0.0,0.0,0.0,0.0,0.0,0.0,0.0,0.0,0.0,0.0,0.0,0.0,0.0,0.0,0.0,0.090909,0.0,no
3.4.2,src/java/main/org/apache/zookeeper/server/quorum/LeaderElectionMXBean.java,0.000761,0.027211,0.0,0.0,0.0,0.0,0.0,0.0,0.0,0.0,0.0,0.0,0.0,0.0,0.0,0.0,0.0,0.0,0.0,0.0,0.0,0.0,no
3.4.2,src/java/main/org/apache/zookeeper/server/quorum/LeaderMXBean.java,0.002283,0.029478,0.0,0.0,0.0,0.0,0.0,0.0,0.0,0.0,0.0,0.0,0.0,0.0,0.0,0.0,0.0,0.0,0.0,0.0,0.0,0.0,no
3.4.2,src/java/main/org/apache/zookeeper/server/quorum/LearnerSyncRequest.java,0.00761,0.019274,0.0,0.0,0.0,0.0,0.0,0.0,0.0,0.0,0.0,0.0,0.0,0.0,0.0,0.0,0.0,0.0,0.0,0.0,0.090909,0.0,no
3.4.2,src/java/main/org/apache/zookeeper/server/quorum/LocalPeerBean.java,0.030441,0.022676,0.048387,0.285714,0.0,0.03221,0.059441,0.033646,0.039842,0.059441,0.035603,0.019175,0.194958,0.4125,0.339181,0.740385,0.668521,0.0,0.0,0.0,0.090909,0.0,no
3.4.2,src/java/main/org/apache/zookeeper/server/quorum/LocalPeerMXBean.java,0.00761,0.057823,0.032258,0.285714,0.0,0.028839,0.055944,0.045188,0.033713,0.055944,0.045188,0.015876,0.137815,0.4125,0.359649,0.740385,0.707888,0.0,0.0,0.010101,0.0,0.0,no
3.4.2,src/java/main/org/apache/zookeeper/server/quorum/ObserverMXBean.java,0.002283,0.030612,0.016129,0.142857,0.0,0.013858,0.032343,0.043427,0.0162,0.032343,0.043427,0.007629,0.02521,0.09375,0.131579,0.528846,0.541872,0.0,0.0,0.0,0.0,0.0,no
3.4.2,src/java/main/org/apache/zookeeper/server/quorum/ProposalRequestProcessor.java,0.028158,0.039683,0.177419,0.571429,0.0,0.014232,0.008741,0.004055,0.012259,0.005245,0.002988,0.013196,0.54958,0.6,0.260766,0.740385,0.387623,0.0,0.0,0.020202,0.272727,0.0,yes
3.4.2,src/java/main/org/apache/zookeeper/server/quorum/QuorumBean.java,0.012938,0.019274,0.0,0.0,0.0,0.0,0.0,0.0,0.0,0.0,0.0,0.0,0.0,0.0,0.0,0.0,0.0,0.0,0.0,0.0,0.090909,0.0,no
3.4.2,src/java/main/org/apache/zookeeper/server/quorum/QuorumMXBean.java,0.001522,0.029478,0.0,0.0,0.0,0.0,0.0,0.0,0.0,0.0,0.0,0.0,0.0,0.0,0.0,0.0,0.0,0.0,0.0,0.0,0.0,0.0,no
3.4.2,src/java/main/org/apache/zookeeper/server/quorum/ReadOnlyBean.java,0.006088,0.02381,0.016129,0.142857,0.0,0.014232,0.033217,0.044601,0.016637,0.033217,0.044601,0.007835,0.005042,0.01875,0.026316,0.153846,0.157635,0.0,0.0,0.0,0.090909,0.0,no
3.4.2,src/java/main/org/apache/zookeeper/server/quorum/RemotePeerMXBean.java,0.001522,0.029478,0.0,0.0,0.0,0.0,0.0,0.0,0.0,0.0,0.0,0.0,0.0,0.0,0.0,0.0,0.0,0.0,0.0,0.005051,0.0,0.0,no
3.4.2,src/java/main/org/apache/zookeeper/server/quorum/ServerBean.java,0.006849,0.022676,0.0,0.0,0.0,0.0,0.0,0.0,0.0,0.0,0.0,0.0,0.0,0.0,0.0,0.0,0.0,0.0,0.0,0.005051,0.090909,0.0,no
3.4.2,src/java/main/org/apache/zookeeper/server/quorum/ServerMXBean.java,0.001522,0.029478,0.0,0.0,0.0,0.0,0.0,0.0,0.0,0.0,0.0,0.0,0.0,0.0,0.0,0.0,0.0,0.0,0.0,0.0,0.0,0.0,no
3.4.2,src/recipes/election/src/java/org/apache/zookeeper/recipes/leader/LeaderElectionAware.java,0.001522,0.031746,0.016129,0.142857,0.0,0.013858,0.032343,0.043427,0.0162,0.032343,0.043427,0.007629,0.005042,0.01875,0.026316,0.120192,0.123153,0.0,0.0,0.0,0.0,0.0,no
3.4.2,src/recipes/lock/src/java/org/apache/zookeeper/recipes/lock/LockListener.java,0.001522,0.035147,0.032258,0.285714,0.0,0.014607,0.033217,0.022887,0.016637,0.033217,0.0223,0.008247,0.169748,0.6,0.442982,0.673077,0.664286,0.0,0.0,0.0,0.0,0.0,no
3.4.2,src/recipes/lock/src/java/org/apache/zookeeper/recipes/lock/ZooKeeperOperation.java,0.001522,0.034014,0.016129,0.142857,0.0,0.014232,0.033217,0.044601,0.016637,0.033217,0.044601,0.007835,0.008403,0.03125,0.04386,0.673077,0.689655,0.0,0.0,0.010101,0.0,0.0,no
3.4.3,src/contrib/loggraph/src/java/org/apache/zookeeper/graph/LogIterator.java,0.003044,0.019274,0.032258,0.285714,0.0,0.010112,0.022727,0.015845,0.011384,0.022727,0.015258,0.005773,0.218487,0.6,0.570175,0.418269,0.413089,0.0,0.0,0.0,0.0,0.0,no
3.4.3,src/contrib/loggraph/src/java/org/apache/zookeeper/graph/filterops/AndOp.java,0.008371,0.019274,0.016129,0.142857,0.0,0.01236,0.028846,0.038732,0.014448,0.028846,0.038732,0.006804,0.057143,0.2125,0.298246,0.418269,0.428571,0.0,0.0,0.010101,0.272727,0.0,no
3.4.3,src/contrib/loggraph/src/java/org/apache/zookeeper/graph/filterops/NumberArg.java,0.003805,0.019274,0.016129,0.142857,0.0,0.010487,0.024476,0.032864,0.012259,0.024476,0.032864,0.005773,0.057143,0.2125,0.298246,0.418269,0.428571,0.0,0.0,0.0,0.090909,0.0,no
3.4.3,src/contrib/loggraph/src/java/org/apache/zookeeper/graph/filterops/OrOp.java,0.008371,0.019274,0.016129,0.142857,0.0,0.01236,0.028846,0.038732,0.014448,0.028846,0.038732,0.006804,0.057143,0.2125,0.298246,0.418269,0.428571,0.0,0.0,0.010101,0.272727,0.0,no
3.4.3,src/contrib/loggraph/src/java/org/apache/zookeeper/graph/filterops/StringArg.java,0.003805,0.019274,0.016129,0.142857,0.0,0.010487,0.024476,0.032864,0.012259,0.024476,0.032864,0.005773,0.057143,0.2125,0.298246,0.418269,0.428571,0.0,0.0,0.0,0.090909,0.0,no
3.4.3,src/contrib/loggraph/src/java/org/apache/zookeeper/graph/filterops/SymbolArg.java,0.003805,0.019274,0.016129,0.142857,0.0,0.010112,0.023601,0.03169,0.011821,0.023601,0.03169,0.005567,0.057143,0.2125,0.298246,0.418269,0.428571,0.0,0.0,0.0,0.090909,0.0,no
3.4.3,src/contrib/rest/src/java/org/apache/zookeeper/server/jersey/jaxb/ZChildren.java,0.032725,0.026077,0.016129,0.142857,0.0,0.029963,0.06993,0.093897,0.035026,0.06993,0.093897,0.016495,0.020168,0.075,0.105263,0.692308,0.70936,0.0,0.0,0.010101,0.181818,0.0,no
3.4.3,src/contrib/rest/src/java/org/apache/zookeeper/server/jersey/jaxb/ZChildrenJSON.java,0.02968,0.026077,0.016129,0.142857,0.0,0.028464,0.066434,0.089202,0.033275,0.066434,0.089202,0.01567,0.020168,0.075,0.105263,0.692308,0.70936,0.0,0.0,0.010101,0.181818,0.0,no
3.4.3,src/contrib/rest/src/java/org/apache/zookeeper/server/jersey/jaxb/ZError.java,0.00761,0.02381,0.016129,0.142857,0.0,0.015356,0.035839,0.048122,0.017951,0.035839,0.048122,0.008454,0.020168,0.075,0.105263,0.692308,0.70936,0.0,0.0,0.0,0.090909,0.0,no
3.4.3,src/contrib/rest/src/java/org/apache/zookeeper/server/jersey/jaxb/ZPath.java,0.02207,0.02381,0.016129,0.142857,0.0,0.023596,0.05507,0.073944,0.027583,0.05507,0.073944,0.01299,0.020168,0.075,0.105263,0.692308,0.70936,0.0,0.0,0.005051,0.181818,0.0,no
3.4.3,src/contrib/rest/src/java/org/apache/zookeeper/server/jersey/jaxb/ZSession.java,0.019787,0.020408,0.016129,0.142857,0.0,0.020599,0.048077,0.064554,0.024081,0.048077,0.064554,0.01134,0.018487,0.06875,0.096491,0.370192,0.37931,0.0,0.0,0.005051,0.181818,0.0,no
3.4.3,src/contrib/zooinspector/src/java/org/apache/zookeeper/inspector/gui/NodeViewersChangeListener.java,0.002283,0.031746,0.016129,0.142857,0.0,0.013858,0.032343,0.043427,0.0162,0.032343,0.043427,0.007629,0.040336,0.15,0.210526,0.480769,0.492611,0.0,0.0,0.005051,0.0,0.0,no
3.4.3,src/contrib/zooinspector/src/java/org/apache/zookeeper/inspector/manager/NodeListener.java,0.002283,0.03288,0.016129,0.142857,0.0,0.013858,0.032343,0.043427,0.0162,0.032343,0.043427,0.007629,0.040336,0.15,0.210526,0.480769,0.492611,0.0,0.0,0.005051,0.0,0.0,no
3.4.3,src/contrib/zooinspector/src/java/org/apache/zookeeper/inspector/manager/ZooInspectorManager.java,0.019026,0.10771,0.016129,0.142857,0.0,0.05206,0.121503,0.163146,0.060858,0.121503,0.163146,0.02866,0.040336,0.15,0.210526,0.480769,0.492611,0.0,0.0,0.050505,0.0,0.0,no
3.4.3,src/contrib/zooinspector/src/java/org/apache/zookeeper/inspector/manager/ZooInspectorNodeManager.java,0.000761,0.031746,0.016129,0.142857,0.0,0.01236,0.028846,0.038732,0.014448,0.028846,0.038732,0.006804,0.040336,0.15,0.210526,0.480769,0.492611,0.0,0.0,0.015152,0.0,0.0,no
3.4.3,src/contrib/zooinspector/src/java/org/apache/zookeeper/inspector/manager/ZooInspectorNodeTreeManager.java,0.002283,0.037415,0.032258,0.285714,0.0,0.03221,0.037587,0.050469,0.018827,0.037587,0.025235,0.026598,0.201681,0.6,0.526316,0.480769,0.305419,0.0,0.0,0.020202,0.0,0.0,no
3.4.3,src/contrib/zooinspector/src/java/org/apache/zookeeper/inspector/manager/ZooInspectorReadOnlyManager.java,0.009132,0.080499,0.032258,0.285714,0.0,0.074157,0.086538,0.116197,0.043345,0.086538,0.058099,0.061237,0.201681,0.6,0.526316,0.480769,0.305419,0.0,0.0,0.035354,0.0,0.0,no
3.4.3,src/java/main/org/apache/jute/Index.java,0.001522,0.035147,0.016129,0.142857,0.0,0.0,0.0,0.0,0.000438,0.000874,0.001174,0.000206,0.052101,0.19375,0.27193,0.682692,0.699507,0.0,0.0,0.010101,0.0,0.0,no
3.4.3,src/java/main/org/apache/jute/Record.java,0.003805,0.02381,0.016129,0.142857,0.0,0.0,0.0,0.0,0.000438,0.000874,0.001174,0.000206,0.052101,0.19375,0.27193,0.682692,0.699507,0.0,0.0,0.0,0.0,0.0,no
3.4.3,src/java/main/org/apache/jute/compiler/JBoolean.java,0.013699,0.02381,0.032258,0.285714,0.0,0.003371,0.007867,0.005282,0.00394,0.006993,0.005282,0.002268,0.078992,0.19375,0.20614,0.682692,0.480072,0.0,0.0,0.0,0.090909,0.0,no
3.4.3,src/java/main/org/apache/jute/compiler/JByte.java,0.004566,0.02381,0.032258,0.285714,0.0,0.000375,0.000874,0.000587,0.000438,0.000874,0.000587,0.000619,0.078992,0.19375,0.20614,0.682692,0.538588,0.0,0.0,0.0,0.090909,0.0,no
3.4.3,src/java/main/org/apache/jute/compiler/JInt.java,0.004566,0.02381,0.032258,0.285714,0.0,0.000375,0.000874,0.000587,0.000438,0.000874,0.000587,0.000619,0.078992,0.19375,0.20614,0.682692,0.538588,0.0,0.0,0.0,0.090909,0.0,no
3.4.3,src/java/main/org/apache/jute/compiler/JLong.java,0.006849,0.02381,0.032258,0.285714,0.0,0.000375,0.000874,0.000587,0.000438,0.000874,0.000587,0.000619,0.078992,0.19375,0.20614,0.682692,0.538588,0.0,0.0,0.0,0.090909,0.0,no
3.4.3,src/java/main/org/apache/jute/compiler/JString.java,0.012177,0.02381,0.032258,0.285714,0.0,0.000375,0.000874,0.000587,0.000438,0.000874,0.000587,0.000619,0.078992,0.19375,0.20614,0.682692,0.538588,0.0,0.0,0.005051,0.181818,0.0,no
3.4.3,src/java/main/org/apache/zookeeper/AsyncCallback.java,0.021309,0.019274,0.016129,0.142857,0.0,0.001873,0.004371,0.005869,0.002189,0.004371,0.005869,0.001031,0.016807,0.0625,0.087719,0.572115,0.586207,0.0,0.0,0.0,0.090909,0.0,no
3.4.3,src/java/main/org/apache/zookeeper/ClientWatchManager.java,0.002283,0.035147,0.016129,0.142857,0.0,0.001124,0.002622,0.003521,0.000438,0.000874,0.001174,0.001031,0.003361,0.0125,0.017544,0.134615,0.137931,0.0,0.0,0.010101,0.0,0.0,no
3.4.3,src/java/main/org/apache/zookeeper/client/FourLetterWordMain.java,0.032725,0.029478,0.048387,0.142857,0.0,0.088764,0.069056,0.092723,0.103765,0.069056,0.092723,0.048866,0.005042,0.00625,0.008772,0.028846,0.029557,0.0,0.0,0.015152,0.272727,0.0,no
3.4.3,src/java/main/org/apache/zookeeper/client/HostProvider.java,0.003044,0.055556,0.016129,0.142857,0.0,0.022846,0.053322,0.071596,0.026708,0.053322,0.071596,0.012577,0.008403,0.03125,0.04386,0.298077,0.305419,0.0,0.0,0.010101,0.0,0.0,no
3.4.3,src/java/main/org/apache/zookeeper/client/StaticHostProvider.java,0.040335,0.035147,0.032258,0.285714,0.0,0.038951,0.085664,0.061033,0.044221,0.085664,0.059272,0.022062,0.169748,0.6,0.442982,0.298077,0.297546,0.0,0.0,0.040404,0.272727,0.0,no
3.4.3,src/java/main/org/apache/zookeeper/jmx/CommonNames.java,0.002283,0.02381,0.0,0.0,0.0,0.0,0.0,0.0,0.0,0.0,0.0,0.0,0.0,0.0,0.0,0.0,0.0,0.0,0.0,0.0,0.0,0.0,no
3.4.3,src/java/main/org/apache/zookeeper/jmx/ZKMBeanInfo.java,0.001522,0.03288,0.0,0.0,0.0,0.0,0.0,0.0,0.0,0.0,0.0,0.0,0.0,0.0,0.0,0.0,0.0,0.0,0.0,0.015152,0.0,0.0,no
3.4.3,src/java/main/org/apache/zookeeper/server/ByteBufferOutputStream.java,0.021309,0.019274,0.032258,0.285714,0.037037,0.019476,0.045455,0.030516,0.023205,0.045455,0.031103,0.010928,0.030252,0.05625,0.078947,0.100962,0.102891,0.0,0.0,0.0,0.090909,0.0,no
3.4.3,src/java/main/org/apache/zookeeper/server/ConnectionMXBean.java,0.01446,0.079365,0.016129,0.142857,0.037037,0.011236,0.026224,0.035211,0.013135,0.026224,0.035211,0.006186,0.010084,0.0375,0.052632,0.5625,0.576355,0.0,0.0,0.0,0.0,0.0,no
3.4.3,src/java/main/org/apache/zookeeper/server/DataTreeBean.java,0.019787,0.022676,0.016129,0.142857,0.0,0.000375,0.000874,0.001174,0.00394,0.007867,0.010563,0.002268,0.006723,0.025,0.035088,0.403846,0.413793,0.0,0.0,0.0,0.090909,0.0,no
3.4.3,src/java/main/org/apache/zookeeper/server/DataTreeMXBean.java,0.003805,0.040816,0.0,0.0,0.0,0.0,0.0,0.0,0.0,0.0,0.0,0.0,0.0,0.0,0.0,0.0,0.0,0.0,0.0,0.0,0.0,0.0,no
3.4.3,src/java/main/org/apache/zookeeper/server/RequestProcessor.java,0.001522,0.03288,0.016129,0.142857,0.0,0.000375,0.000874,0.001174,0.0,0.0,0.0,0.000412,0.026891,0.1,0.140351,0.153846,0.157635,0.0,0.0,0.0,0.0,0.0,yes
3.4.3,src/java/main/org/apache/zookeeper/server/ServerStats.java,0.068493,0.024943,0.112903,0.428571,0.0,0.024345,0.021853,0.010899,0.022329,0.012238,0.008551,0.025361,0.189916,0.4125,0.141604,0.783654,0.469422,0.0,0.0,0.020202,0.181818,0.0,no
3.4.3,src/java/main/org/apache/zookeeper/server/SessionTracker.java,0.016743,0.047619,0.096774,0.428571,0.185185,0.014981,0.006993,0.007825,0.0162,0.006993,0.007238,0.008866,0.07563,0.06875,0.065789,0.658654,0.330737,0.0,0.0,0.010101,0.090909,0.0,yes
3.4.3,src/java/main/org/apache/zookeeper/server/Stats.java,0.010654,0.052154,0.032258,0.285714,0.0,0.025843,0.059441,0.040493,0.029772,0.059441,0.039906,0.014433,0.218487,0.6,0.570175,0.370192,0.374525,0.0,0.0,0.0,0.0,0.0,no
3.4.3,src/java/main/org/apache/zookeeper/server/ZooKeeperServerBean.java,0.068493,0.02381,0.129032,0.428571,0.0,0.017228,0.02535,0.006749,0.021454,0.02535,0.007189,0.012165,0.171429,0.2125,0.111842,0.754808,0.38958,0.0,0.0,0.010101,0.181818,0.0,no
3.4.3,src/java/main/org/apache/zookeeper/server/ZooKeeperServerMXBean.java,0.015221,0.086168,0.080645,0.285714,0.0,0.014232,0.022727,0.00892,0.017513,0.020979,0.00939,0.009072,0.087395,0.1,0.091228,0.480769,0.318854,0.0,0.0,0.0,0.0,0.0,no
3.4.3,src/java/main/org/apache/zookeeper/server/auth/AuthenticationProvider.java,0.005327,0.073696,0.016129,0.142857,0.0,0.000749,0.001748,0.002347,0.000438,0.000874,0.001174,0.000619,0.020168,0.075,0.105263,0.788462,0.807882,0.0,0.0,0.035354,0.0,0.0,no
3.4.3,src/java/main/org/apache/zookeeper/server/persistence/SnapShot.java,0.008371,0.05102,0.032258,0.285714,0.0,0.002622,0.005245,0.004108,0.002627,0.005245,0.003521,0.001649,0.173109,0.6,0.451754,0.480769,0.422414,0.0,0.0,0.010101,0.0,0.0,no
3.4.3,src/java/main/org/apache/zookeeper/server/persistence/TxnLog.java,0.012938,0.097506,0.048387,0.285714,0.037037,0.002996,0.003497,0.00313,0.002627,0.003497,0.002347,0.002062,0.042017,0.0875,0.073099,0.745192,0.600493,0.0,0.0,0.020202,0.090909,0.0,no
3.4.3,src/java/main/org/apache/zookeeper/server/quorum/Election.java,0.002283,0.019274,0.032258,0.285714,0.0,0.000749,0.000874,0.001174,0.000438,0.000874,0.000587,0.000619,0.168067,0.6,0.438596,0.480769,0.305419,0.0,0.0,0.0,0.0,0.0,no
3.4.3,src/java/main/org/apache/zookeeper/server/quorum/FollowerMXBean.java,0.003044,0.03288,0.0,0.0,0.0,0.0,0.0,0.0,0.0,0.0,0.0,0.0,0.0,0.0,0.0,0.0,0.0,0.0,0.0,0.0,0.0,0.0,no
3.4.3,src/java/main/org/apache/zookeeper/server/quorum/LeaderElectionBean.java,0.009132,0.022676,0.0,0.0,0.0,0.0,0.0,0.0,0.0,0.0,0.0,0.0,0.0,0.0,0.0,0.0,0.0,0.0,0.0,0.0,0.090909,0.0,no
3.4.3,src/java/main/org/apache/zookeeper/server/quorum/LeaderElectionMXBean.java,0.000761,0.027211,0.0,0.0,0.0,0.0,0.0,0.0,0.0,0.0,0.0,0.0,0.0,0.0,0.0,0.0,0.0,0.0,0.0,0.0,0.0,0.0,no
3.4.3,src/java/main/org/apache/zookeeper/server/quorum/LeaderMXBean.java,0.002283,0.029478,0.0,0.0,0.0,0.0,0.0,0.0,0.0,0.0,0.0,0.0,0.0,0.0,0.0,0.0,0.0,0.0,0.0,0.0,0.0,0.0,no
3.4.3,src/java/main/org/apache/zookeeper/server/quorum/LearnerSyncRequest.java,0.00761,0.019274,0.0,0.0,0.0,0.0,0.0,0.0,0.0,0.0,0.0,0.0,0.0,0.0,0.0,0.0,0.0,0.0,0.0,0.0,0.090909,0.0,no
3.4.3,src/java/main/org/apache/zookeeper/server/quorum/LocalPeerBean.java,0.030441,0.022676,0.048387,0.285714,0.0,0.03221,0.059441,0.033646,0.039842,0.059441,0.035603,0.019175,0.194958,0.4125,0.339181,0.769231,0.698978,0.0,0.0,0.0,0.090909,0.0,no
3.4.3,src/java/main/org/apache/zookeeper/server/quorum/LocalPeerMXBean.java,0.00761,0.057823,0.032258,0.285714,0.0,0.028839,0.055944,0.045188,0.033713,0.055944,0.045188,0.015876,0.137815,0.4125,0.359649,0.769231,0.738277,0.0,0.0,0.010101,0.0,0.0,no
3.4.3,src/java/main/org/apache/zookeeper/server/quorum/ObserverMXBean.java,0.002283,0.030612,0.016129,0.142857,0.0,0.013858,0.032343,0.043427,0.0162,0.032343,0.043427,0.007629,0.02521,0.09375,0.131579,0.557692,0.571429,0.0,0.0,0.0,0.0,0.0,no
3.4.3,src/java/main/org/apache/zookeeper/server/quorum/ProposalRequestProcessor.java,0.028158,0.039683,0.177419,0.571429,0.0,0.014232,0.008741,0.004055,0.012259,0.005245,0.002988,0.013196,0.54958,0.6,0.260766,0.769231,0.417488,0.0,0.0,0.020202,0.272727,0.0,yes
3.4.3,src/java/main/org/apache/zookeeper/server/quorum/QuorumBean.java,0.012938,0.019274,0.0,0.0,0.0,0.0,0.0,0.0,0.0,0.0,0.0,0.0,0.0,0.0,0.0,0.0,0.0,0.0,0.0,0.0,0.090909,0.0,no
3.4.3,src/java/main/org/apache/zookeeper/server/quorum/QuorumMXBean.java,0.001522,0.029478,0.0,0.0,0.0,0.0,0.0,0.0,0.0,0.0,0.0,0.0,0.0,0.0,0.0,0.0,0.0,0.0,0.0,0.0,0.0,0.0,no
3.4.3,src/java/main/org/apache/zookeeper/server/quorum/ReadOnlyBean.java,0.006088,0.02381,0.016129,0.142857,0.0,0.014232,0.033217,0.044601,0.016637,0.033217,0.044601,0.007835,0.005042,0.01875,0.026316,0.182692,0.187192,0.0,0.0,0.0,0.090909,0.0,no
3.4.3,src/java/main/org/apache/zookeeper/server/quorum/RemotePeerMXBean.java,0.001522,0.029478,0.0,0.0,0.0,0.0,0.0,0.0,0.0,0.0,0.0,0.0,0.0,0.0,0.0,0.0,0.0,0.0,0.0,0.005051,0.0,0.0,no
3.4.3,src/java/main/org/apache/zookeeper/server/quorum/ServerBean.java,0.006849,0.022676,0.0,0.0,0.0,0.0,0.0,0.0,0.0,0.0,0.0,0.0,0.0,0.0,0.0,0.0,0.0,0.0,0.0,0.005051,0.090909,0.0,no
3.4.3,src/java/main/org/apache/zookeeper/server/quorum/ServerMXBean.java,0.001522,0.029478,0.0,0.0,0.0,0.0,0.0,0.0,0.0,0.0,0.0,0.0,0.0,0.0,0.0,0.0,0.0,0.0,0.0,0.0,0.0,0.0,no
3.4.3,src/recipes/election/src/java/org/apache/zookeeper/recipes/leader/LeaderElectionAware.java,0.001522,0.031746,0.016129,0.142857,0.0,0.013858,0.032343,0.043427,0.0162,0.032343,0.043427,0.007629,0.005042,0.01875,0.026316,0.149038,0.152709,0.0,0.0,0.0,0.0,0.0,no
3.4.3,src/recipes/lock/src/java/org/apache/zookeeper/recipes/lock/LockListener.java,0.001522,0.035147,0.032258,0.285714,0.0,0.014607,0.033217,0.022887,0.016637,0.033217,0.0223,0.008247,0.169748,0.6,0.442982,0.701923,0.693842,0.0,0.0,0.0,0.0,0.0,no
3.4.3,src/recipes/lock/src/java/org/apache/zookeeper/recipes/lock/ZooKeeperOperation.java,0.001522,0.034014,0.016129,0.142857,0.0,0.014232,0.033217,0.044601,0.016637,0.033217,0.044601,0.007835,0.008403,0.03125,0.04386,0.701923,0.719212,0.0,0.0,0.010101,0.0,0.0,no
3.3.5,src/contrib/loggraph/src/java/org/apache/zookeeper/graph/LogIterator.java,0.003044,0.019274,0.032258,0.285714,0.0,0.010112,0.022727,0.015845,0.011384,0.022727,0.015258,0.005773,0.218487,0.6,0.570175,0.442308,0.438072,0.0,0.0,0.0,0.0,0.0,no
3.3.5,src/contrib/loggraph/src/java/org/apache/zookeeper/graph/filterops/AndOp.java,0.008371,0.019274,0.016129,0.142857,0.0,0.01236,0.028846,0.038732,0.014448,0.028846,0.038732,0.006804,0.057143,0.2125,0.298246,0.442308,0.453202,0.0,0.0,0.010101,0.272727,0.0,no
3.3.5,src/contrib/loggraph/src/java/org/apache/zookeeper/graph/filterops/NumberArg.java,0.003805,0.019274,0.016129,0.142857,0.0,0.010487,0.024476,0.032864,0.012259,0.024476,0.032864,0.005773,0.057143,0.2125,0.298246,0.442308,0.453202,0.0,0.0,0.0,0.090909,0.0,no
3.3.5,src/contrib/loggraph/src/java/org/apache/zookeeper/graph/filterops/OrOp.java,0.008371,0.019274,0.016129,0.142857,0.0,0.01236,0.028846,0.038732,0.014448,0.028846,0.038732,0.006804,0.057143,0.2125,0.298246,0.442308,0.453202,0.0,0.0,0.010101,0.272727,0.0,no
3.3.5,src/contrib/loggraph/src/java/org/apache/zookeeper/graph/filterops/StringArg.java,0.003805,0.019274,0.016129,0.142857,0.0,0.010487,0.024476,0.032864,0.012259,0.024476,0.032864,0.005773,0.057143,0.2125,0.298246,0.442308,0.453202,0.0,0.0,0.0,0.090909,0.0,no
3.3.5,src/contrib/loggraph/src/java/org/apache/zookeeper/graph/filterops/SymbolArg.java,0.003805,0.019274,0.016129,0.142857,0.0,0.010112,0.023601,0.03169,0.011821,0.023601,0.03169,0.005567,0.057143,0.2125,0.298246,0.442308,0.453202,0.0,0.0,0.0,0.090909,0.0,no
3.3.5,src/contrib/rest/src/java/org/apache/zookeeper/server/jersey/jaxb/ZChildren.java,0.032725,0.026077,0.016129,0.142857,0.0,0.029963,0.06993,0.093897,0.035026,0.06993,0.093897,0.016495,0.020168,0.075,0.105263,0.716346,0.73399,0.0,0.0,0.010101,0.181818,0.0,no
3.3.5,src/contrib/rest/src/java/org/apache/zookeeper/server/jersey/jaxb/ZChildrenJSON.java,0.02968,0.026077,0.016129,0.142857,0.0,0.028464,0.066434,0.089202,0.033275,0.066434,0.089202,0.01567,0.020168,0.075,0.105263,0.716346,0.73399,0.0,0.0,0.010101,0.181818,0.0,no
3.3.5,src/contrib/rest/src/java/org/apache/zookeeper/server/jersey/jaxb/ZError.java,0.00761,0.02381,0.016129,0.142857,0.0,0.015356,0.035839,0.048122,0.017951,0.035839,0.048122,0.008454,0.020168,0.075,0.105263,0.716346,0.73399,0.0,0.0,0.0,0.090909,0.0,no
3.3.5,src/contrib/rest/src/java/org/apache/zookeeper/server/jersey/jaxb/ZPath.java,0.02207,0.02381,0.016129,0.142857,0.0,0.023596,0.05507,0.073944,0.027583,0.05507,0.073944,0.01299,0.020168,0.075,0.105263,0.716346,0.73399,0.0,0.0,0.005051,0.181818,0.0,no
3.3.5,src/contrib/rest/src/java/org/apache/zookeeper/server/jersey/jaxb/ZSession.java,0.019787,0.020408,0.016129,0.142857,0.0,0.020599,0.048077,0.064554,0.024081,0.048077,0.064554,0.01134,0.018487,0.06875,0.096491,0.399038,0.408867,0.0,0.0,0.005051,0.181818,0.0,no
3.3.5,src/contrib/zooinspector/src/java/org/apache/zookeeper/inspector/gui/NodeViewersChangeListener.java,0.002283,0.031746,0.016129,0.142857,0.0,0.013858,0.032343,0.043427,0.0162,0.032343,0.043427,0.007629,0.040336,0.15,0.210526,0.509615,0.522167,0.0,0.0,0.005051,0.0,0.0,no
3.3.5,src/contrib/zooinspector/src/java/org/apache/zookeeper/inspector/manager/NodeListener.java,0.002283,0.03288,0.016129,0.142857,0.0,0.013858,0.032343,0.043427,0.0162,0.032343,0.043427,0.007629,0.040336,0.15,0.210526,0.509615,0.522167,0.0,0.0,0.005051,0.0,0.0,no
3.3.5,src/contrib/zooinspector/src/java/org/apache/zookeeper/inspector/manager/ZooInspectorManager.java,0.019026,0.10771,0.016129,0.142857,0.0,0.05206,0.121503,0.163146,0.060858,0.121503,0.163146,0.02866,0.040336,0.15,0.210526,0.509615,0.522167,0.0,0.0,0.050505,0.0,0.0,no
3.3.5,src/contrib/zooinspector/src/java/org/apache/zookeeper/inspector/manager/ZooInspectorNodeManager.java,0.000761,0.031746,0.016129,0.142857,0.0,0.01236,0.028846,0.038732,0.014448,0.028846,0.038732,0.006804,0.040336,0.15,0.210526,0.509615,0.522167,0.0,0.0,0.015152,0.0,0.0,no
3.3.5,src/contrib/zooinspector/src/java/org/apache/zookeeper/inspector/manager/ZooInspectorNodeTreeManager.java,0.002283,0.037415,0.032258,0.285714,0.0,0.03221,0.037587,0.050469,0.018827,0.037587,0.025235,0.026598,0.201681,0.6,0.526316,0.509615,0.334975,0.0,0.0,0.020202,0.0,0.0,no
3.3.5,src/contrib/zooinspector/src/java/org/apache/zookeeper/inspector/manager/ZooInspectorReadOnlyManager.java,0.009132,0.080499,0.032258,0.285714,0.0,0.074157,0.086538,0.116197,0.043345,0.086538,0.058099,0.061237,0.201681,0.6,0.526316,0.509615,0.334975,0.0,0.0,0.035354,0.0,0.0,no
3.3.5,src/java/main/org/apache/jute/Index.java,0.001522,0.035147,0.016129,0.142857,0.0,0.0,0.0,0.0,0.000438,0.000874,0.001174,0.000206,0.052101,0.19375,0.27193,0.706731,0.724138,0.0,0.0,0.010101,0.0,0.0,no
3.3.5,src/java/main/org/apache/jute/Record.java,0.003805,0.02381,0.016129,0.142857,0.0,0.0,0.0,0.0,0.000438,0.000874,0.001174,0.000206,0.052101,0.19375,0.27193,0.706731,0.724138,0.0,0.0,0.0,0.0,0.0,no
3.3.5,src/java/main/org/apache/jute/compiler/JBoolean.java,0.013699,0.02381,0.032258,0.285714,0.0,0.003371,0.007867,0.005282,0.00394,0.006993,0.005282,0.002268,0.078992,0.19375,0.20614,0.706731,0.504702,0.0,0.0,0.0,0.090909,0.0,no
3.3.5,src/java/main/org/apache/jute/compiler/JByte.java,0.004566,0.02381,0.032258,0.285714,0.0,0.000375,0.000874,0.000587,0.000438,0.000874,0.000587,0.000619,0.078992,0.19375,0.20614,0.706731,0.563218,0.0,0.0,0.0,0.090909,0.0,no
3.3.5,src/java/main/org/apache/jute/compiler/JInt.java,0.004566,0.02381,0.032258,0.285714,0.0,0.000375,0.000874,0.000587,0.000438,0.000874,0.000587,0.000619,0.078992,0.19375,0.20614,0.706731,0.563218,0.0,0.0,0.0,0.090909,0.0,no
3.3.5,src/java/main/org/apache/jute/compiler/JLong.java,0.006849,0.02381,0.032258,0.285714,0.0,0.000375,0.000874,0.000587,0.000438,0.000874,0.000587,0.000619,0.078992,0.19375,0.20614,0.706731,0.563218,0.0,0.0,0.0,0.090909,0.0,no
3.3.5,src/java/main/org/apache/jute/compiler/JString.java,0.012177,0.02381,0.032258,0.285714,0.0,0.000375,0.000874,0.000587,0.000438,0.000874,0.000587,0.000619,0.078992,0.19375,0.20614,0.706731,0.563218,0.0,0.0,0.005051,0.181818,0.0,no
3.3.5,src/java/main/org/apache/zookeeper/AsyncCallback.java,0.021309,0.019274,0.016129,0.142857,0.0,0.001873,0.004371,0.005869,0.002189,0.004371,0.005869,0.001031,0.016807,0.0625,0.087719,0.596154,0.610837,0.0,0.0,0.0,0.090909,0.0,no
3.3.5,src/java/main/org/apache/zookeeper/ClientWatchManager.java,0.002283,0.035147,0.016129,0.142857,0.0,0.001124,0.002622,0.003521,0.000438,0.000874,0.001174,0.001031,0.003361,0.0125,0.017544,0.158654,0.162562,0.0,0.0,0.010101,0.0,0.0,no
3.3.5,src/java/main/org/apache/zookeeper/client/HostProvider.java,0.003044,0.055556,0.016129,0.142857,0.0,0.022846,0.053322,0.071596,0.026708,0.053322,0.071596,0.012577,0.008403,0.03125,0.04386,0.326923,0.334975,0.0,0.0,0.010101,0.0,0.0,no
3.3.5,src/java/main/org/apache/zookeeper/client/StaticHostProvider.java,0.040335,0.035147,0.032258,0.285714,0.0,0.038951,0.085664,0.061033,0.044221,0.085664,0.059272,0.022062,0.169748,0.6,0.442982,0.326923,0.327103,0.0,0.0,0.040404,0.272727,0.0,no
3.3.5,src/java/main/org/apache/zookeeper/jmx/CommonNames.java,0.002283,0.02381,0.0,0.0,0.0,0.0,0.0,0.0,0.0,0.0,0.0,0.0,0.0,0.0,0.0,0.0,0.0,0.0,0.0,0.0,0.0,0.0,no
3.3.5,src/java/main/org/apache/zookeeper/jmx/ZKMBeanInfo.java,0.001522,0.03288,0.0,0.0,0.0,0.0,0.0,0.0,0.0,0.0,0.0,0.0,0.0,0.0,0.0,0.0,0.0,0.0,0.0,0.015152,0.0,0.0,no
3.3.5,src/java/main/org/apache/zookeeper/server/ByteBufferOutputStream.java,0.021309,0.019274,0.032258,0.285714,0.037037,0.019476,0.045455,0.030516,0.023205,0.045455,0.031103,0.010928,0.030252,0.05625,0.078947,0.125,0.127614,0.0,0.0,0.0,0.090909,0.0,no
3.3.5,src/java/main/org/apache/zookeeper/server/ConnectionMXBean.java,0.01446,0.079365,0.016129,0.142857,0.037037,0.011236,0.026224,0.035211,0.013135,0.026224,0.035211,0.006186,0.010084,0.0375,0.052632,0.586538,0.600985,0.0,0.0,0.0,0.0,0.0,no
3.3.5,src/java/main/org/apache/zookeeper/server/DataTreeBean.java,0.019787,0.022676,0.016129,0.142857,0.0,0.000375,0.000874,0.001174,0.00394,0.007867,0.010563,0.002268,0.006723,0.025,0.035088,0.427885,0.438424,0.0,0.0,0.0,0.090909,0.0,no
3.3.5,src/java/main/org/apache/zookeeper/server/DataTreeMXBean.java,0.003805,0.040816,0.0,0.0,0.0,0.0,0.0,0.0,0.0,0.0,0.0,0.0,0.0,0.0,0.0,0.0,0.0,0.0,0.0,0.0,0.0,0.0,no
3.3.5,src/java/main/org/apache/zookeeper/server/RequestProcessor.java,0.006088,0.03288,0.064516,0.285714,0.111111,0.009363,0.006993,0.007336,0.009194,0.006119,0.006162,0.005979,0.060504,0.1,0.078947,0.177885,0.01257,0.0,0.0,0.0,0.181818,0.0,yes
3.3.5,src/java/main/org/apache/zookeeper/server/ServerStats.java,0.072298,0.026077,0.112903,0.428571,0.0,0.024345,0.021853,0.010899,0.022329,0.012238,0.008551,0.025361,0.189916,0.4125,0.141604,0.8125,0.494253,0.0,0.0,0.020202,0.181818,0.0,no
3.3.5,src/java/main/org/apache/zookeeper/server/SessionTracker.java,0.016743,0.047619,0.096774,0.428571,0.185185,0.014981,0.006993,0.007825,0.0162,0.006993,0.007238,0.008866,0.07563,0.06875,0.065789,0.682692,0.356284,0.0,0.0,0.010101,0.090909,0.0,yes
3.3.5,src/java/main/org/apache/zookeeper/server/SnapshotFormatter.java,0.060883,0.026077,0.032258,0.142857,0.0,0.092884,0.108392,0.14554,0.108581,0.108392,0.14554,0.051134,0.003361,0.00625,0.008772,0.0,0.0,0.0,0.0,0.020202,0.272727,0.0,no
3.3.5,src/java/main/org/apache/zookeeper/server/Stats.java,0.010654,0.052154,0.032258,0.285714,0.0,0.025843,0.059441,0.040493,0.029772,0.059441,0.039906,0.014433,0.218487,0.6,0.570175,0.394231,0.399296,0.0,0.0,0.0,0.0,0.0,no
3.3.5,src/java/main/org/apache/zookeeper/server/ZooKeeperServerBean.java,0.070776,0.02381,0.129032,0.428571,0.0,0.017228,0.02535,0.006749,0.021454,0.02535,0.007189,0.012165,0.171429,0.2125,0.111842,0.778846,0.414211,0.0,0.0,0.010101,0.181818,0.0,no
3.3.5,src/java/main/org/apache/zookeeper/server/ZooKeeperServerMXBean.java,0.015982,0.089569,0.080645,0.285714,0.0,0.014232,0.022727,0.00892,0.017513,0.020979,0.00939,0.009072,0.087395,0.1,0.091228,0.504808,0.343484,0.0,0.0,0.0,0.0,0.0,no
3.3.5,src/java/main/org/apache/zookeeper/server/auth/AuthenticationProvider.java,0.005327,0.073696,0.016129,0.142857,0.0,0.000749,0.001748,0.002347,0.000438,0.000874,0.001174,0.000619,0.020168,0.075,0.105263,0.8125,0.832512,0.0,0.0,0.035354,0.0,0.0,no
3.3.5,src/java/main/org/apache/zookeeper/server/persistence/SnapShot.java,0.008371,0.05102,0.032258,0.285714,0.0,0.002622,0.005245,0.004108,0.002627,0.005245,0.003521,0.001649,0.173109,0.6,0.451754,0.504808,0.448276,0.0,0.0,0.010101,0.0,0.0,no
3.3.5,src/java/main/org/apache/zookeeper/server/persistence/TxnLog.java,0.012938,0.097506,0.048387,0.285714,0.037037,0.002996,0.003497,0.00313,0.002627,0.003497,0.002347,0.002062,0.042017,0.0875,0.073099,0.769231,0.625123,0.0,0.0,0.020202,0.090909,0.0,no
3.3.5,src/java/main/org/apache/zookeeper/server/quorum/Election.java,0.002283,0.019274,0.032258,0.285714,0.0,0.000749,0.000874,0.001174,0.000438,0.000874,0.000587,0.000619,0.168067,0.6,0.438596,0.504808,0.333333,0.0,0.0,0.0,0.0,0.0,no
3.3.5,src/java/main/org/apache/zookeeper/server/quorum/FollowerMXBean.java,0.003044,0.03288,0.0,0.0,0.0,0.0,0.0,0.0,0.0,0.0,0.0,0.0,0.0,0.0,0.0,0.0,0.0,0.0,0.0,0.0,0.0,0.0,no
3.3.5,src/java/main/org/apache/zookeeper/server/quorum/LeaderElectionBean.java,0.009132,0.022676,0.0,0.0,0.0,0.0,0.0,0.0,0.0,0.0,0.0,0.0,0.0,0.0,0.0,0.0,0.0,0.0,0.0,0.0,0.090909,0.0,no
3.3.5,src/java/main/org/apache/zookeeper/server/quorum/LeaderElectionMXBean.java,0.000761,0.027211,0.0,0.0,0.0,0.0,0.0,0.0,0.0,0.0,0.0,0.0,0.0,0.0,0.0,0.0,0.0,0.0,0.0,0.0,0.0,0.0,no
3.3.5,src/java/main/org/apache/zookeeper/server/quorum/LeaderMXBean.java,0.002283,0.029478,0.0,0.0,0.0,0.0,0.0,0.0,0.0,0.0,0.0,0.0,0.0,0.0,0.0,0.0,0.0,0.0,0.0,0.0,0.0,0.0,no
3.3.5,src/java/main/org/apache/zookeeper/server/quorum/LearnerSyncRequest.java,0.00761,0.019274,0.0,0.0,0.0,0.0,0.0,0.0,0.0,0.0,0.0,0.0,0.0,0.0,0.0,0.0,0.0,0.0,0.0,0.0,0.090909,0.0,no
3.3.5,src/java/main/org/apache/zookeeper/server/quorum/LocalPeerBean.java,0.030441,0.022676,0.048387,0.285714,0.0,0.03221,0.059441,0.033646,0.039842,0.059441,0.035603,0.019175,0.194958,0.4125,0.339181,0.793269,0.723608,0.0,0.0,0.0,0.090909,0.0,no
3.3.5,src/java/main/org/apache/zookeeper/server/quorum/LocalPeerMXBean.java,0.00761,0.057823,0.032258,0.285714,0.0,0.028839,0.055944,0.045188,0.033713,0.055944,0.045188,0.015876,0.137815,0.4125,0.359649,0.793269,0.762907,0.0,0.0,0.010101,0.0,0.0,no
3.3.5,src/java/main/org/apache/zookeeper/server/quorum/ObserverMXBean.java,0.002283,0.030612,0.016129,0.142857,0.0,0.013858,0.032343,0.043427,0.0162,0.032343,0.043427,0.007629,0.02521,0.09375,0.131579,0.581731,0.596059,0.0,0.0,0.0,0.0,0.0,no
3.3.5,src/java/main/org/apache/zookeeper/server/quorum/ProposalRequestProcessor.java,0.031202,0.039683,0.225806,0.571429,0.111111,0.023596,0.008741,0.005282,0.018389,0.005245,0.003521,0.020619,0.583193,0.6,0.217419,0.793269,0.283202,0.0,0.0,0.020202,0.363636,0.0,yes
3.3.5,src/java/main/org/apache/zookeeper/server/quorum/QuorumBean.java,0.012938,0.019274,0.0,0.0,0.0,0.0,0.0,0.0,0.0,0.0,0.0,0.0,0.0,0.0,0.0,0.0,0.0,0.0,0.0,0.0,0.090909,0.0,no
3.3.5,src/java/main/org/apache/zookeeper/server/quorum/QuorumMXBean.java,0.001522,0.029478,0.0,0.0,0.0,0.0,0.0,0.0,0.0,0.0,0.0,0.0,0.0,0.0,0.0,0.0,0.0,0.0,0.0,0.0,0.0,0.0,no
3.3.5,src/java/main/org/apache/zookeeper/server/quorum/ReadOnlyBean.java,0.006088,0.02381,0.016129,0.142857,0.0,0.014232,0.033217,0.044601,0.016637,0.033217,0.044601,0.007835,0.005042,0.01875,0.026316,0.206731,0.211823,0.0,0.0,0.0,0.090909,0.0,no
3.3.5,src/java/main/org/apache/zookeeper/server/quorum/RemotePeerMXBean.java,0.001522,0.029478,0.0,0.0,0.0,0.0,0.0,0.0,0.0,0.0,0.0,0.0,0.0,0.0,0.0,0.0,0.0,0.0,0.0,0.005051,0.0,0.0,no
3.3.5,src/java/main/org/apache/zookeeper/server/quorum/ServerBean.java,0.006849,0.022676,0.0,0.0,0.0,0.0,0.0,0.0,0.0,0.0,0.0,0.0,0.0,0.0,0.0,0.0,0.0,0.0,0.0,0.005051,0.090909,0.0,no
3.3.5,src/java/main/org/apache/zookeeper/server/quorum/ServerMXBean.java,0.001522,0.029478,0.0,0.0,0.0,0.0,0.0,0.0,0.0,0.0,0.0,0.0,0.0,0.0,0.0,0.0,0.0,0.0,0.0,0.0,0.0,0.0,no
3.3.5,src/recipes/election/src/java/org/apache/zookeeper/recipes/leader/LeaderElectionAware.java,0.001522,0.031746,0.016129,0.142857,0.0,0.013858,0.032343,0.043427,0.0162,0.032343,0.043427,0.007629,0.005042,0.01875,0.026316,0.173077,0.17734,0.0,0.0,0.0,0.0,0.0,no
3.3.5,src/recipes/lock/src/java/org/apache/zookeeper/recipes/lock/LockListener.java,0.001522,0.035147,0.032258,0.285714,0.0,0.014607,0.033217,0.022887,0.016637,0.033217,0.0223,0.008247,0.169748,0.6,0.442982,0.725962,0.718719,0.0,0.0,0.0,0.0,0.0,no
3.3.5,src/recipes/lock/src/java/org/apache/zookeeper/recipes/lock/ZooKeeperOperation.java,0.001522,0.034014,0.016129,0.142857,0.0,0.014232,0.033217,0.044601,0.016637,0.033217,0.044601,0.007835,0.008403,0.03125,0.04386,0.725962,0.743842,0.0,0.0,0.010101,0.0,0.0,no
3.3.6,src/contrib/loggraph/src/java/org/apache/zookeeper/graph/LogIterator.java,0.003044,0.019274,0.032258,0.285714,0.0,0.010112,0.022727,0.015845,0.011384,0.022727,0.015258,0.005773,0.218487,0.6,0.570175,0.538462,0.536242,0.0,0.0,0.0,0.0,0.0,no
3.3.6,src/contrib/loggraph/src/java/org/apache/zookeeper/graph/filterops/AndOp.java,0.008371,0.019274,0.016129,0.142857,0.0,0.01236,0.028846,0.038732,0.014448,0.028846,0.038732,0.006804,0.057143,0.2125,0.298246,0.538462,0.551724,0.0,0.0,0.010101,0.272727,0.0,no
3.3.6,src/contrib/loggraph/src/java/org/apache/zookeeper/graph/filterops/NumberArg.java,0.003805,0.019274,0.016129,0.142857,0.0,0.010487,0.024476,0.032864,0.012259,0.024476,0.032864,0.005773,0.057143,0.2125,0.298246,0.538462,0.551724,0.0,0.0,0.0,0.090909,0.0,no
3.3.6,src/contrib/loggraph/src/java/org/apache/zookeeper/graph/filterops/OrOp.java,0.008371,0.019274,0.016129,0.142857,0.0,0.01236,0.028846,0.038732,0.014448,0.028846,0.038732,0.006804,0.057143,0.2125,0.298246,0.538462,0.551724,0.0,0.0,0.010101,0.272727,0.0,no
3.3.6,src/contrib/loggraph/src/java/org/apache/zookeeper/graph/filterops/StringArg.java,0.003805,0.019274,0.016129,0.142857,0.0,0.010487,0.024476,0.032864,0.012259,0.024476,0.032864,0.005773,0.057143,0.2125,0.298246,0.538462,0.551724,0.0,0.0,0.0,0.090909,0.0,no
3.3.6,src/contrib/loggraph/src/java/org/apache/zookeeper/graph/filterops/SymbolArg.java,0.003805,0.019274,0.016129,0.142857,0.0,0.010112,0.023601,0.03169,0.011821,0.023601,0.03169,0.005567,0.057143,0.2125,0.298246,0.538462,0.551724,0.0,0.0,0.0,0.090909,0.0,no
3.3.6,src/contrib/rest/src/java/org/apache/zookeeper/server/jersey/jaxb/ZChildren.java,0.032725,0.026077,0.016129,0.142857,0.0,0.029963,0.06993,0.093897,0.035026,0.06993,0.093897,0.016495,0.020168,0.075,0.105263,0.807692,0.827586,0.0,0.0,0.010101,0.181818,0.0,no
3.3.6,src/contrib/rest/src/java/org/apache/zookeeper/server/jersey/jaxb/ZChildrenJSON.java,0.02968,0.026077,0.016129,0.142857,0.0,0.028464,0.066434,0.089202,0.033275,0.066434,0.089202,0.01567,0.020168,0.075,0.105263,0.807692,0.827586,0.0,0.0,0.010101,0.181818,0.0,no
3.3.6,src/contrib/rest/src/java/org/apache/zookeeper/server/jersey/jaxb/ZError.java,0.00761,0.02381,0.016129,0.142857,0.0,0.015356,0.035839,0.048122,0.017951,0.035839,0.048122,0.008454,0.020168,0.075,0.105263,0.807692,0.827586,0.0,0.0,0.0,0.090909,0.0,no
3.3.6,src/contrib/rest/src/java/org/apache/zookeeper/server/jersey/jaxb/ZPath.java,0.02207,0.02381,0.016129,0.142857,0.0,0.023596,0.05507,0.073944,0.027583,0.05507,0.073944,0.01299,0.020168,0.075,0.105263,0.807692,0.827586,0.0,0.0,0.005051,0.181818,0.0,no
3.3.6,src/contrib/rest/src/java/org/apache/zookeeper/server/jersey/jaxb/ZSession.java,0.019787,0.020408,0.016129,0.142857,0.0,0.020599,0.048077,0.064554,0.024081,0.048077,0.064554,0.01134,0.018487,0.06875,0.096491,0.490385,0.502463,0.0,0.0,0.005051,0.181818,0.0,no
3.3.6,src/contrib/zooinspector/src/java/org/apache/zookeeper/inspector/gui/NodeViewersChangeListener.java,0.002283,0.031746,0.016129,0.142857,0.0,0.013858,0.032343,0.043427,0.0162,0.032343,0.043427,0.007629,0.040336,0.15,0.210526,0.600962,0.615764,0.0,0.0,0.005051,0.0,0.0,no
3.3.6,src/contrib/zooinspector/src/java/org/apache/zookeeper/inspector/manager/NodeListener.java,0.002283,0.03288,0.016129,0.142857,0.0,0.013858,0.032343,0.043427,0.0162,0.032343,0.043427,0.007629,0.040336,0.15,0.210526,0.600962,0.615764,0.0,0.0,0.005051,0.0,0.0,no
3.3.6,src/contrib/zooinspector/src/java/org/apache/zookeeper/inspector/manager/ZooInspectorManager.java,0.019026,0.10771,0.016129,0.142857,0.0,0.05206,0.121503,0.163146,0.060858,0.121503,0.163146,0.02866,0.040336,0.15,0.210526,0.600962,0.615764,0.0,0.0,0.050505,0.0,0.0,no
3.3.6,src/contrib/zooinspector/src/java/org/apache/zookeeper/inspector/manager/ZooInspectorNodeManager.java,0.000761,0.031746,0.016129,0.142857,0.0,0.01236,0.028846,0.038732,0.014448,0.028846,0.038732,0.006804,0.040336,0.15,0.210526,0.600962,0.615764,0.0,0.0,0.015152,0.0,0.0,no
3.3.6,src/contrib/zooinspector/src/java/org/apache/zookeeper/inspector/manager/ZooInspectorNodeTreeManager.java,0.002283,0.037415,0.032258,0.285714,0.0,0.03221,0.037587,0.050469,0.018827,0.037587,0.025235,0.026598,0.201681,0.6,0.526316,0.600962,0.428571,0.0,0.0,0.020202,0.0,0.0,no
3.3.6,src/contrib/zooinspector/src/java/org/apache/zookeeper/inspector/manager/ZooInspectorReadOnlyManager.java,0.009132,0.080499,0.032258,0.285714,0.0,0.074157,0.086538,0.116197,0.043345,0.086538,0.058099,0.061237,0.201681,0.6,0.526316,0.600962,0.428571,0.0,0.0,0.035354,0.0,0.0,no
3.3.6,src/java/main/org/apache/jute/Index.java,0.001522,0.035147,0.016129,0.142857,0.0,0.0,0.0,0.0,0.000438,0.000874,0.001174,0.000206,0.052101,0.19375,0.27193,0.798077,0.817734,0.0,0.0,0.010101,0.0,0.0,no
3.3.6,src/java/main/org/apache/jute/Record.java,0.003805,0.02381,0.016129,0.142857,0.0,0.0,0.0,0.0,0.000438,0.000874,0.001174,0.000206,0.052101,0.19375,0.27193,0.798077,0.817734,0.0,0.0,0.0,0.0,0.0,no
3.3.6,src/java/main/org/apache/jute/compiler/JBoolean.java,0.013699,0.02381,0.032258,0.285714,0.0,0.003371,0.007867,0.005282,0.00394,0.006993,0.005282,0.002268,0.078992,0.19375,0.20614,0.798077,0.598298,0.0,0.0,0.0,0.090909,0.0,no
3.3.6,src/java/main/org/apache/jute/compiler/JByte.java,0.004566,0.02381,0.032258,0.285714,0.0,0.000375,0.000874,0.000587,0.000438,0.000874,0.000587,0.000619,0.078992,0.19375,0.20614,0.798077,0.656814,0.0,0.0,0.0,0.090909,0.0,no
3.3.6,src/java/main/org/apache/jute/compiler/JInt.java,0.004566,0.02381,0.032258,0.285714,0.0,0.000375,0.000874,0.000587,0.000438,0.000874,0.000587,0.000619,0.078992,0.19375,0.20614,0.798077,0.656814,0.0,0.0,0.0,0.090909,0.0,no
3.3.6,src/java/main/org/apache/jute/compiler/JLong.java,0.006849,0.02381,0.032258,0.285714,0.0,0.000375,0.000874,0.000587,0.000438,0.000874,0.000587,0.000619,0.078992,0.19375,0.20614,0.798077,0.656814,0.0,0.0,0.0,0.090909,0.0,no
3.3.6,src/java/main/org/apache/jute/compiler/JString.java,0.012177,0.02381,0.032258,0.285714,0.0,0.000375,0.000874,0.000587,0.000438,0.000874,0.000587,0.000619,0.078992,0.19375,0.20614,0.798077,0.656814,0.0,0.0,0.005051,0.181818,0.0,no
3.3.6,src/java/main/org/apache/zookeeper/AsyncCallback.java,0.021309,0.019274,0.016129,0.142857,0.0,0.001873,0.004371,0.005869,0.002189,0.004371,0.005869,0.001031,0.016807,0.0625,0.087719,0.6875,0.704433,0.0,0.0,0.0,0.090909,0.0,no
3.3.6,src/java/main/org/apache/zookeeper/ClientWatchManager.java,0.002283,0.035147,0.016129,0.142857,0.0,0.001124,0.002622,0.003521,0.000438,0.000874,0.001174,0.001031,0.003361,0.0125,0.017544,0.254808,0.261084,0.0,0.0,0.010101,0.0,0.0,no
3.3.6,src/java/main/org/apache/zookeeper/client/HostProvider.java,0.003044,0.055556,0.016129,0.142857,0.0,0.022846,0.053322,0.071596,0.026708,0.053322,0.071596,0.012577,0.008403,0.03125,0.04386,0.418269,0.428571,0.0,0.0,0.010101,0.0,0.0,no
3.3.6,src/java/main/org/apache/zookeeper/client/StaticHostProvider.java,0.040335,0.035147,0.032258,0.285714,0.0,0.038951,0.085664,0.061033,0.044221,0.085664,0.059272,0.022062,0.169748,0.6,0.442982,0.418269,0.420699,0.0,0.0,0.040404,0.272727,0.0,no
3.3.6,src/java/main/org/apache/zookeeper/common/AtomicFileOutputStream.java,0.04414,0.049887,0.032258,0.142857,0.074074,0.086142,0.100524,0.134977,0.100701,0.100524,0.134977,0.047423,0.010084,0.01875,0.026316,0.009615,0.009852,0.0,0.0,0.045455,0.454545,0.0,yes
3.3.6,src/java/main/org/apache/zookeeper/common/IOUtils.java,0.039574,0.068027,0.032258,0.142857,0.074074,0.092135,0.107517,0.144366,0.107706,0.107517,0.144366,0.050722,0.010084,0.01875,0.026316,0.009615,0.009852,0.0,0.0,0.045455,0.454545,0.0,yes
3.3.6,src/java/main/org/apache/zookeeper/jmx/CommonNames.java,0.002283,0.02381,0.0,0.0,0.0,0.0,0.0,0.0,0.0,0.0,0.0,0.0,0.0,0.0,0.0,0.0,0.0,0.0,0.0,0.0,0.0,0.0,no
3.3.6,src/java/main/org/apache/zookeeper/jmx/ZKMBeanInfo.java,0.001522,0.03288,0.0,0.0,0.0,0.0,0.0,0.0,0.0,0.0,0.0,0.0,0.0,0.0,0.0,0.0,0.0,0.0,0.0,0.015152,0.0,0.0,no
3.3.6,src/java/main/org/apache/zookeeper/server/ByteBufferOutputStream.java,0.021309,0.019274,0.032258,0.285714,0.037037,0.019476,0.045455,0.030516,0.023205,0.045455,0.031103,0.010928,0.030252,0.05625,0.078947,0.221154,0.226043,0.0,0.0,0.0,0.090909,0.0,no
3.3.6,src/java/main/org/apache/zookeeper/server/ConnectionMXBean.java,0.01446,0.079365,0.016129,0.142857,0.037037,0.011236,0.026224,0.035211,0.013135,0.026224,0.035211,0.006186,0.010084,0.0375,0.052632,0.682692,0.699507,0.0,0.0,0.0,0.0,0.0,no
3.3.6,src/java/main/org/apache/zookeeper/server/DataTreeBean.java,0.019787,0.022676,0.016129,0.142857,0.0,0.000375,0.000874,0.001174,0.00394,0.007867,0.010563,0.002268,0.006723,0.025,0.035088,0.519231,0.53202,0.0,0.0,0.0,0.090909,0.0,no
3.3.6,src/java/main/org/apache/zookeeper/server/DataTreeMXBean.java,0.003805,0.040816,0.0,0.0,0.0,0.0,0.0,0.0,0.0,0.0,0.0,0.0,0.0,0.0,0.0,0.0,0.0,0.0,0.0,0.0,0.0,0.0,no
3.3.6,src/java/main/org/apache/zookeeper/server/RequestProcessor.java,0.006088,0.03288,0.064516,0.285714,0.111111,0.009363,0.006993,0.007336,0.009194,0.006119,0.006162,0.005979,0.060504,0.1,0.078947,0.274038,0.111092,0.0,0.0,0.0,0.181818,0.0,yes
3.3.6,src/java/main/org/apache/zookeeper/server/ServerStats.java,0.072298,0.026077,0.112903,0.428571,0.0,0.024345,0.021853,0.010899,0.022329,0.012238,0.008551,0.025361,0.189916,0.4125,0.141604,0.903846,0.591694,0.0,0.0,0.020202,0.181818,0.0,no
3.3.6,src/java/main/org/apache/zookeeper/server/SessionTracker.java,0.016743,0.047619,0.096774,0.428571,0.185185,0.014981,0.006993,0.007825,0.0162,0.006993,0.007238,0.008866,0.07563,0.06875,0.065789,0.774038,0.44988,0.0,0.0,0.010101,0.090909,0.0,yes
3.3.6,src/java/main/org/apache/zookeeper/server/Stats.java,0.010654,0.052154,0.032258,0.285714,0.0,0.025843,0.059441,0.040493,0.029772,0.059441,0.039906,0.014433,0.218487,0.6,0.570175,0.490385,0.497678,0.0,0.0,0.0,0.0,0.0,no
3.3.6,src/java/main/org/apache/zookeeper/server/ZooKeeperServerBean.java,0.070776,0.02381,0.129032,0.428571,0.0,0.017228,0.02535,0.006749,0.021454,0.02535,0.007189,0.012165,0.171429,0.2125,0.111842,0.870192,0.508976,0.0,0.0,0.010101,0.181818,0.0,no
3.3.6,src/java/main/org/apache/zookeeper/server/ZooKeeperServerMXBean.java,0.015982,0.089569,0.080645,0.285714,0.0,0.014232,0.022727,0.00892,0.017513,0.020979,0.00939,0.009072,0.087395,0.1,0.091228,0.596154,0.437976,0.0,0.0,0.0,0.0,0.0,no
3.3.6,src/java/main/org/apache/zookeeper/server/auth/AuthenticationProvider.java,0.005327,0.073696,0.016129,0.142857,0.0,0.000749,0.001748,0.002347,0.000438,0.000874,0.001174,0.000619,0.020168,0.075,0.105263,0.903846,0.926108,0.0,0.0,0.035354,0.0,0.0,no
3.3.6,src/java/main/org/apache/zookeeper/server/persistence/SnapShot.java,0.008371,0.05102,0.032258,0.285714,0.0,0.002622,0.005245,0.004108,0.002627,0.005245,0.003521,0.001649,0.173109,0.6,0.451754,0.596154,0.541872,0.0,0.0,0.010101,0.0,0.0,no
3.3.6,src/java/main/org/apache/zookeeper/server/persistence/TxnLog.java,0.012938,0.097506,0.048387,0.285714,0.037037,0.002996,0.003497,0.00313,0.002627,0.003497,0.002347,0.002062,0.042017,0.0875,0.073099,0.860577,0.718719,0.0,0.0,0.020202,0.090909,0.0,no
3.3.6,src/java/main/org/apache/zookeeper/server/quorum/Election.java,0.002283,0.019274,0.032258,0.285714,0.0,0.000749,0.000874,0.001174,0.000438,0.000874,0.000587,0.000619,0.168067,0.6,0.438596,0.600962,0.428571,0.0,0.0,0.0,0.0,0.0,no
3.3.6,src/java/main/org/apache/zookeeper/server/quorum/FollowerMXBean.java,0.003044,0.03288,0.0,0.0,0.0,0.0,0.0,0.0,0.0,0.0,0.0,0.0,0.0,0.0,0.0,0.0,0.0,0.0,0.0,0.0,0.0,0.0,no
3.3.6,src/java/main/org/apache/zookeeper/server/quorum/LeaderElectionBean.java,0.009132,0.022676,0.0,0.0,0.0,0.0,0.0,0.0,0.0,0.0,0.0,0.0,0.0,0.0,0.0,0.0,0.0,0.0,0.0,0.0,0.090909,0.0,no
3.3.6,src/java/main/org/apache/zookeeper/server/quorum/LeaderElectionMXBean.java,0.000761,0.027211,0.0,0.0,0.0,0.0,0.0,0.0,0.0,0.0,0.0,0.0,0.0,0.0,0.0,0.0,0.0,0.0,0.0,0.0,0.0,0.0,no
3.3.6,src/java/main/org/apache/zookeeper/server/quorum/LeaderMXBean.java,0.002283,0.029478,0.0,0.0,0.0,0.0,0.0,0.0,0.0,0.0,0.0,0.0,0.0,0.0,0.0,0.0,0.0,0.0,0.0,0.0,0.0,0.0,no
3.3.6,src/java/main/org/apache/zookeeper/server/quorum/LearnerSyncRequest.java,0.00761,0.019274,0.0,0.0,0.0,0.0,0.0,0.0,0.0,0.0,0.0,0.0,0.0,0.0,0.0,0.0,0.0,0.0,0.0,0.0,0.090909,0.0,no
3.3.6,src/java/main/org/apache/zookeeper/server/quorum/LocalPeerBean.java,0.030441,0.022676,0.048387,0.285714,0.0,0.03221,0.059441,0.033646,0.039842,0.059441,0.035603,0.019175,0.194958,0.4125,0.339181,0.889423,0.82123,0.0,0.0,0.0,0.090909,0.0,no
3.3.6,src/java/main/org/apache/zookeeper/server/quorum/LocalPeerMXBean.java,0.00761,0.057823,0.032258,0.285714,0.0,0.028839,0.055944,0.045188,0.033713,0.055944,0.045188,0.015876,0.137815,0.4125,0.359649,0.889423,0.860598,0.0,0.0,0.010101,0.0,0.0,no
3.3.6,src/java/main/org/apache/zookeeper/server/quorum/ObserverMXBean.java,0.002283,0.030612,0.016129,0.142857,0.0,0.013858,0.032343,0.043427,0.0162,0.032343,0.043427,0.007629,0.02521,0.09375,0.131579,0.677885,0.694581,0.0,0.0,0.0,0.0,0.0,no
3.3.6,src/java/main/org/apache/zookeeper/server/quorum/ProposalRequestProcessor.java,0.031202,0.039683,0.225806,0.571429,0.111111,0.023596,0.008741,0.005282,0.018389,0.005245,0.003521,0.020619,0.583193,0.6,0.217419,0.889423,0.381281,0.0,0.0,0.020202,0.363636,0.0,yes
3.3.6,src/java/main/org/apache/zookeeper/server/quorum/QuorumBean.java,0.012938,0.019274,0.0,0.0,0.0,0.0,0.0,0.0,0.0,0.0,0.0,0.0,0.0,0.0,0.0,0.0,0.0,0.0,0.0,0.0,0.090909,0.0,no
3.3.6,src/java/main/org/apache/zookeeper/server/quorum/QuorumMXBean.java,0.001522,0.029478,0.0,0.0,0.0,0.0,0.0,0.0,0.0,0.0,0.0,0.0,0.0,0.0,0.0,0.0,0.0,0.0,0.0,0.0,0.0,0.0,no
3.3.6,src/java/main/org/apache/zookeeper/server/quorum/ReadOnlyBean.java,0.006088,0.02381,0.016129,0.142857,0.0,0.014232,0.033217,0.044601,0.016637,0.033217,0.044601,0.007835,0.005042,0.01875,0.026316,0.302885,0.310345,0.0,0.0,0.0,0.090909,0.0,no
3.3.6,src/java/main/org/apache/zookeeper/server/quorum/RemotePeerMXBean.java,0.001522,0.029478,0.0,0.0,0.0,0.0,0.0,0.0,0.0,0.0,0.0,0.0,0.0,0.0,0.0,0.0,0.0,0.0,0.0,0.005051,0.0,0.0,no
3.3.6,src/java/main/org/apache/zookeeper/server/quorum/ServerBean.java,0.006849,0.022676,0.0,0.0,0.0,0.0,0.0,0.0,0.0,0.0,0.0,0.0,0.0,0.0,0.0,0.0,0.0,0.0,0.0,0.005051,0.090909,0.0,no
3.3.6,src/java/main/org/apache/zookeeper/server/quorum/ServerMXBean.java,0.001522,0.029478,0.0,0.0,0.0,0.0,0.0,0.0,0.0,0.0,0.0,0.0,0.0,0.0,0.0,0.0,0.0,0.0,0.0,0.0,0.0,0.0,no
3.3.6,src/java/main/org/apache/zookeeper/server/util/KerberosUtil.java,0.015982,0.019274,0.032258,0.142857,0.0,0.033708,0.039336,0.052817,0.039405,0.039336,0.052817,0.018557,0.006723,0.0125,0.017544,0.019231,0.019704,0.0,0.0,0.005051,0.181818,0.0,no
3.3.6,src/recipes/election/src/java/org/apache/zookeeper/recipes/leader/LeaderElectionAware.java,0.001522,0.031746,0.016129,0.142857,0.0,0.013858,0.032343,0.043427,0.0162,0.032343,0.043427,0.007629,0.005042,0.01875,0.026316,0.269231,0.275862,0.0,0.0,0.0,0.0,0.0,no
3.3.6,src/recipes/lock/src/java/org/apache/zookeeper/recipes/lock/LockListener.java,0.001522,0.035147,0.032258,0.285714,0.0,0.014607,0.033217,0.022887,0.016637,0.033217,0.0223,0.008247,0.169748,0.6,0.442982,0.822115,0.816995,0.0,0.0,0.0,0.0,0.0,no
3.3.6,src/recipes/lock/src/java/org/apache/zookeeper/recipes/lock/ZooKeeperOperation.java,0.001522,0.034014,0.016129,0.142857,0.0,0.014232,0.033217,0.044601,0.016637,0.033217,0.044601,0.007835,0.008403,0.03125,0.04386,0.822115,0.842365,0.0,0.0,0.010101,0.0,0.0,no
3.4.4,src/contrib/loggraph/src/java/org/apache/zookeeper/graph/LogIterator.java,0.003044,0.019274,0.032258,0.285714,0.0,0.010112,0.022727,0.015845,0.011384,0.022727,0.015258,0.005773,0.218487,0.6,0.570175,0.572115,0.570725,0.0,0.0,0.0,0.0,0.0,no
3.4.4,src/contrib/loggraph/src/java/org/apache/zookeeper/graph/filterops/AndOp.java,0.008371,0.019274,0.016129,0.142857,0.0,0.01236,0.028846,0.038732,0.014448,0.028846,0.038732,0.006804,0.057143,0.2125,0.298246,0.572115,0.586207,0.0,0.0,0.010101,0.272727,0.0,no
3.4.4,src/contrib/loggraph/src/java/org/apache/zookeeper/graph/filterops/NumberArg.java,0.003805,0.019274,0.016129,0.142857,0.0,0.010487,0.024476,0.032864,0.012259,0.024476,0.032864,0.005773,0.057143,0.2125,0.298246,0.572115,0.586207,0.0,0.0,0.0,0.090909,0.0,no
3.4.4,src/contrib/loggraph/src/java/org/apache/zookeeper/graph/filterops/OrOp.java,0.008371,0.019274,0.016129,0.142857,0.0,0.01236,0.028846,0.038732,0.014448,0.028846,0.038732,0.006804,0.057143,0.2125,0.298246,0.572115,0.586207,0.0,0.0,0.010101,0.272727,0.0,no
3.4.4,src/contrib/loggraph/src/java/org/apache/zookeeper/graph/filterops/StringArg.java,0.003805,0.019274,0.016129,0.142857,0.0,0.010487,0.024476,0.032864,0.012259,0.024476,0.032864,0.005773,0.057143,0.2125,0.298246,0.572115,0.586207,0.0,0.0,0.0,0.090909,0.0,no
3.4.4,src/contrib/loggraph/src/java/org/apache/zookeeper/graph/filterops/SymbolArg.java,0.003805,0.019274,0.016129,0.142857,0.0,0.010112,0.023601,0.03169,0.011821,0.023601,0.03169,0.005567,0.057143,0.2125,0.298246,0.572115,0.586207,0.0,0.0,0.0,0.090909,0.0,no
3.4.4,src/contrib/rest/src/java/org/apache/zookeeper/server/jersey/jaxb/ZChildren.java,0.032725,0.026077,0.016129,0.142857,0.0,0.029963,0.06993,0.093897,0.035026,0.06993,0.093897,0.016495,0.020168,0.075,0.105263,0.846154,0.866995,0.0,0.0,0.010101,0.181818,0.0,no
3.4.4,src/contrib/rest/src/java/org/apache/zookeeper/server/jersey/jaxb/ZChildrenJSON.java,0.02968,0.026077,0.016129,0.142857,0.0,0.028464,0.066434,0.089202,0.033275,0.066434,0.089202,0.01567,0.020168,0.075,0.105263,0.846154,0.866995,0.0,0.0,0.010101,0.181818,0.0,no
3.4.4,src/contrib/rest/src/java/org/apache/zookeeper/server/jersey/jaxb/ZError.java,0.00761,0.02381,0.016129,0.142857,0.0,0.015356,0.035839,0.048122,0.017951,0.035839,0.048122,0.008454,0.020168,0.075,0.105263,0.846154,0.866995,0.0,0.0,0.0,0.090909,0.0,no
3.4.4,src/contrib/rest/src/java/org/apache/zookeeper/server/jersey/jaxb/ZPath.java,0.02207,0.02381,0.016129,0.142857,0.0,0.023596,0.05507,0.073944,0.027583,0.05507,0.073944,0.01299,0.020168,0.075,0.105263,0.846154,0.866995,0.0,0.0,0.005051,0.181818,0.0,no
3.4.4,src/contrib/rest/src/java/org/apache/zookeeper/server/jersey/jaxb/ZSession.java,0.019787,0.020408,0.016129,0.142857,0.0,0.020599,0.048077,0.064554,0.024081,0.048077,0.064554,0.01134,0.018487,0.06875,0.096491,0.524038,0.536946,0.0,0.0,0.005051,0.181818,0.0,no
3.4.4,src/contrib/zooinspector/src/java/org/apache/zookeeper/inspector/gui/NodeViewersChangeListener.java,0.002283,0.031746,0.016129,0.142857,0.0,0.013858,0.032343,0.043427,0.0162,0.032343,0.043427,0.007629,0.040336,0.15,0.210526,0.634615,0.650246,0.0,0.0,0.005051,0.0,0.0,no
3.4.4,src/contrib/zooinspector/src/java/org/apache/zookeeper/inspector/manager/NodeListener.java,0.002283,0.03288,0.016129,0.142857,0.0,0.013858,0.032343,0.043427,0.0162,0.032343,0.043427,0.007629,0.040336,0.15,0.210526,0.634615,0.650246,0.0,0.0,0.005051,0.0,0.0,no
3.4.4,src/contrib/zooinspector/src/java/org/apache/zookeeper/inspector/manager/ZooInspectorManager.java,0.019026,0.10771,0.016129,0.142857,0.0,0.05206,0.121503,0.163146,0.060858,0.121503,0.163146,0.02866,0.040336,0.15,0.210526,0.634615,0.650246,0.0,0.0,0.050505,0.0,0.0,no
3.4.4,src/contrib/zooinspector/src/java/org/apache/zookeeper/inspector/manager/ZooInspectorNodeManager.java,0.000761,0.031746,0.016129,0.142857,0.0,0.01236,0.028846,0.038732,0.014448,0.028846,0.038732,0.006804,0.040336,0.15,0.210526,0.634615,0.650246,0.0,0.0,0.015152,0.0,0.0,no
3.4.4,src/contrib/zooinspector/src/java/org/apache/zookeeper/inspector/manager/ZooInspectorNodeTreeManager.java,0.002283,0.037415,0.032258,0.285714,0.0,0.03221,0.037587,0.050469,0.018827,0.037587,0.025235,0.026598,0.201681,0.6,0.526316,0.634615,0.463054,0.0,0.0,0.020202,0.0,0.0,no
3.4.4,src/contrib/zooinspector/src/java/org/apache/zookeeper/inspector/manager/ZooInspectorReadOnlyManager.java,0.009132,0.080499,0.032258,0.285714,0.0,0.074157,0.086538,0.116197,0.043345,0.086538,0.058099,0.061237,0.201681,0.6,0.526316,0.634615,0.463054,0.0,0.0,0.035354,0.0,0.0,no
3.4.4,src/java/main/org/apache/jute/Index.java,0.001522,0.035147,0.016129,0.142857,0.0,0.0,0.0,0.0,0.000438,0.000874,0.001174,0.000206,0.052101,0.19375,0.27193,0.836538,0.857143,0.0,0.0,0.010101,0.0,0.0,no
3.4.4,src/java/main/org/apache/jute/Record.java,0.003805,0.02381,0.016129,0.142857,0.0,0.0,0.0,0.0,0.000438,0.000874,0.001174,0.000206,0.052101,0.19375,0.27193,0.836538,0.857143,0.0,0.0,0.0,0.0,0.0,no
3.4.4,src/java/main/org/apache/jute/compiler/JBoolean.java,0.013699,0.02381,0.032258,0.285714,0.0,0.003371,0.007867,0.005282,0.00394,0.006993,0.005282,0.002268,0.078992,0.19375,0.20614,0.836538,0.633229,0.0,0.0,0.0,0.090909,0.0,no
3.4.4,src/java/main/org/apache/jute/compiler/JByte.java,0.004566,0.02381,0.032258,0.285714,0.0,0.000375,0.000874,0.000587,0.000438,0.000874,0.000587,0.000619,0.078992,0.19375,0.20614,0.836538,0.692939,0.0,0.0,0.0,0.090909,0.0,no
3.4.4,src/java/main/org/apache/jute/compiler/JInt.java,0.004566,0.02381,0.032258,0.285714,0.0,0.000375,0.000874,0.000587,0.000438,0.000874,0.000587,0.000619,0.078992,0.19375,0.20614,0.836538,0.692939,0.0,0.0,0.0,0.090909,0.0,no
3.4.4,src/java/main/org/apache/jute/compiler/JLong.java,0.006849,0.02381,0.032258,0.285714,0.0,0.000375,0.000874,0.000587,0.000438,0.000874,0.000587,0.000619,0.078992,0.19375,0.20614,0.836538,0.692939,0.0,0.0,0.0,0.090909,0.0,no
3.4.4,src/java/main/org/apache/jute/compiler/JString.java,0.012177,0.02381,0.032258,0.285714,0.0,0.000375,0.000874,0.000587,0.000438,0.000874,0.000587,0.000619,0.078992,0.19375,0.20614,0.836538,0.692939,0.0,0.0,0.005051,0.181818,0.0,no
3.4.4,src/java/main/org/apache/zookeeper/AsyncCallback.java,0.021309,0.019274,0.016129,0.142857,0.0,0.001873,0.004371,0.005869,0.002189,0.004371,0.005869,0.001031,0.016807,0.0625,0.087719,0.725962,0.743842,0.0,0.0,0.0,0.090909,0.0,no
3.4.4,src/java/main/org/apache/zookeeper/ClientWatchManager.java,0.002283,0.035147,0.016129,0.142857,0.0,0.001124,0.002622,0.003521,0.000438,0.000874,0.001174,0.001031,0.003361,0.0125,0.017544,0.288462,0.295567,0.0,0.0,0.010101,0.0,0.0,no
3.4.4,src/java/main/org/apache/zookeeper/client/HostProvider.java,0.003044,0.055556,0.016129,0.142857,0.0,0.022846,0.053322,0.071596,0.026708,0.053322,0.071596,0.012577,0.008403,0.03125,0.04386,0.451923,0.463054,0.0,0.0,0.010101,0.0,0.0,no
3.4.4,src/java/main/org/apache/zookeeper/client/StaticHostProvider.java,0.040335,0.035147,0.032258,0.285714,0.0,0.038951,0.085664,0.061033,0.044221,0.085664,0.059272,0.022062,0.169748,0.6,0.442982,0.451923,0.455182,0.0,0.0,0.040404,0.272727,0.0,no
3.4.4,src/java/main/org/apache/zookeeper/jmx/CommonNames.java,0.002283,0.02381,0.0,0.0,0.0,0.0,0.0,0.0,0.0,0.0,0.0,0.0,0.0,0.0,0.0,0.0,0.0,0.0,0.0,0.0,0.0,0.0,no
3.4.4,src/java/main/org/apache/zookeeper/jmx/ZKMBeanInfo.java,0.001522,0.03288,0.0,0.0,0.0,0.0,0.0,0.0,0.0,0.0,0.0,0.0,0.0,0.0,0.0,0.0,0.0,0.0,0.0,0.015152,0.0,0.0,no
3.4.4,src/java/main/org/apache/zookeeper/server/ByteBufferOutputStream.java,0.021309,0.019274,0.032258,0.285714,0.037037,0.019476,0.045455,0.030516,0.023205,0.045455,0.031103,0.010928,0.030252,0.05625,0.078947,0.254808,0.260526,0.0,0.0,0.0,0.090909,0.0,no
3.4.4,src/java/main/org/apache/zookeeper/server/ConnectionMXBean.java,0.01446,0.079365,0.016129,0.142857,0.037037,0.011236,0.026224,0.035211,0.013135,0.026224,0.035211,0.006186,0.010084,0.0375,0.052632,0.716346,0.73399,0.0,0.0,0.0,0.0,0.0,no
3.4.4,src/java/main/org/apache/zookeeper/server/DataTreeBean.java,0.019787,0.022676,0.016129,0.142857,0.0,0.000375,0.000874,0.001174,0.00394,0.007867,0.010563,0.002268,0.006723,0.025,0.035088,0.552885,0.566502,0.0,0.0,0.0,0.090909,0.0,no
3.4.4,src/java/main/org/apache/zookeeper/server/DataTreeMXBean.java,0.003805,0.040816,0.0,0.0,0.0,0.0,0.0,0.0,0.0,0.0,0.0,0.0,0.0,0.0,0.0,0.0,0.0,0.0,0.0,0.0,0.0,0.0,no
3.4.4,src/java/main/org/apache/zookeeper/server/RequestProcessor.java,0.006088,0.03288,0.064516,0.285714,0.111111,0.009363,0.006993,0.007336,0.009194,0.006119,0.006162,0.005979,0.060504,0.1,0.078947,0.307692,0.145575,0.0,0.0,0.0,0.181818,0.0,yes
3.4.4,src/java/main/org/apache/zookeeper/server/ServerStats.java,0.072298,0.026077,0.112903,0.428571,0.0,0.024345,0.021853,0.010899,0.022329,0.012238,0.008551,0.025361,0.189916,0.4125,0.141604,0.9375,0.626937,0.0,0.0,0.020202,0.181818,0.0,no
3.4.4,src/java/main/org/apache/zookeeper/server/SessionTracker.java,0.016743,0.047619,0.096774,0.428571,0.185185,0.014981,0.006993,0.007825,0.0162,0.006993,0.007238,0.008866,0.07563,0.06875,0.065789,0.8125,0.485966,0.0,0.0,0.010101,0.090909,0.0,yes
3.4.4,src/java/main/org/apache/zookeeper/server/Stats.java,0.010654,0.052154,0.032258,0.285714,0.0,0.025843,0.059441,0.040493,0.029772,0.059441,0.039906,0.014433,0.218487,0.6,0.570175,0.524038,0.53216,0.0,0.0,0.0,0.0,0.0,no
3.4.4,src/java/main/org/apache/zookeeper/server/ZooKeeperServerBean.java,0.070776,0.02381,0.129032,0.428571,0.0,0.017228,0.02535,0.006749,0.021454,0.02535,0.007189,0.012165,0.171429,0.2125,0.111842,0.908654,0.547215,0.0,0.0,0.010101,0.181818,0.0,no
3.4.4,src/java/main/org/apache/zookeeper/server/ZooKeeperServerMXBean.java,0.015982,0.089569,0.080645,0.285714,0.0,0.014232,0.022727,0.00892,0.017513,0.020979,0.00939,0.009072,0.087395,0.1,0.091228,0.634615,0.476489,0.0,0.0,0.0,0.0,0.0,no
3.4.4,src/java/main/org/apache/zookeeper/server/auth/AuthenticationProvider.java,0.005327,0.073696,0.016129,0.142857,0.0,0.000749,0.001748,0.002347,0.000438,0.000874,0.001174,0.000619,0.020168,0.075,0.105263,0.9375,0.960591,0.0,0.0,0.035354,0.0,0.0,no
3.4.4,src/java/main/org/apache/zookeeper/server/persistence/SnapShot.java,0.008371,0.05102,0.032258,0.285714,0.0,0.002622,0.005245,0.004108,0.002627,0.005245,0.003521,0.001649,0.173109,0.6,0.451754,0.634615,0.580049,0.0,0.0,0.010101,0.0,0.0,no
3.4.4,src/java/main/org/apache/zookeeper/server/persistence/TxnLog.java,0.012938,0.097506,0.048387,0.285714,0.037037,0.002996,0.003497,0.00313,0.002627,0.003497,0.002347,0.002062,0.042017,0.0875,0.073099,0.899038,0.758128,0.0,0.0,0.020202,0.090909,0.0,no
3.4.4,src/java/main/org/apache/zookeeper/server/quorum/Election.java,0.002283,0.019274,0.032258,0.285714,0.0,0.000749,0.000874,0.001174,0.000438,0.000874,0.000587,0.000619,0.168067,0.6,0.438596,0.634615,0.463054,0.0,0.0,0.0,0.0,0.0,no
3.4.4,src/java/main/org/apache/zookeeper/server/quorum/FollowerMXBean.java,0.003044,0.03288,0.0,0.0,0.0,0.0,0.0,0.0,0.0,0.0,0.0,0.0,0.0,0.0,0.0,0.0,0.0,0.0,0.0,0.0,0.0,0.0,no
3.4.4,src/java/main/org/apache/zookeeper/server/quorum/LeaderElectionBean.java,0.009132,0.022676,0.0,0.0,0.0,0.0,0.0,0.0,0.0,0.0,0.0,0.0,0.0,0.0,0.0,0.0,0.0,0.0,0.0,0.0,0.090909,0.0,no
3.4.4,src/java/main/org/apache/zookeeper/server/quorum/LeaderElectionMXBean.java,0.000761,0.027211,0.0,0.0,0.0,0.0,0.0,0.0,0.0,0.0,0.0,0.0,0.0,0.0,0.0,0.0,0.0,0.0,0.0,0.0,0.0,0.0,no
3.4.4,src/java/main/org/apache/zookeeper/server/quorum/LeaderMXBean.java,0.002283,0.029478,0.0,0.0,0.0,0.0,0.0,0.0,0.0,0.0,0.0,0.0,0.0,0.0,0.0,0.0,0.0,0.0,0.0,0.0,0.0,0.0,no
3.4.4,src/java/main/org/apache/zookeeper/server/quorum/LearnerSyncRequest.java,0.00761,0.019274,0.0,0.0,0.0,0.0,0.0,0.0,0.0,0.0,0.0,0.0,0.0,0.0,0.0,0.0,0.0,0.0,0.0,0.0,0.090909,0.0,no
3.4.4,src/java/main/org/apache/zookeeper/server/quorum/LocalPeerBean.java,0.030441,0.022676,0.048387,0.285714,0.0,0.03221,0.059441,0.033646,0.039842,0.059441,0.035603,0.019175,0.194958,0.4125,0.339181,0.923077,0.856613,0.0,0.0,0.0,0.090909,0.0,no
3.4.4,src/java/main/org/apache/zookeeper/server/quorum/LocalPeerMXBean.java,0.00761,0.057823,0.032258,0.285714,0.0,0.028839,0.055944,0.045188,0.033713,0.055944,0.045188,0.015876,0.137815,0.4125,0.359649,0.923077,0.895912,0.0,0.0,0.010101,0.0,0.0,no
3.4.4,src/java/main/org/apache/zookeeper/server/quorum/ObserverMXBean.java,0.002283,0.030612,0.016129,0.142857,0.0,0.013858,0.032343,0.043427,0.0162,0.032343,0.043427,0.007629,0.02521,0.09375,0.131579,0.711538,0.729064,0.0,0.0,0.0,0.0,0.0,no
3.4.4,src/java/main/org/apache/zookeeper/server/quorum/ProposalRequestProcessor.java,0.031202,0.039683,0.225806,0.571429,0.111111,0.023596,0.008741,0.005282,0.018389,0.005245,0.003521,0.020619,0.583193,0.6,0.217419,0.923077,0.415961,0.0,0.0,0.020202,0.363636,0.0,yes
3.4.4,src/java/main/org/apache/zookeeper/server/quorum/QuorumBean.java,0.012938,0.019274,0.0,0.0,0.0,0.0,0.0,0.0,0.0,0.0,0.0,0.0,0.0,0.0,0.0,0.0,0.0,0.0,0.0,0.0,0.090909,0.0,no
3.4.4,src/java/main/org/apache/zookeeper/server/quorum/QuorumMXBean.java,0.001522,0.029478,0.0,0.0,0.0,0.0,0.0,0.0,0.0,0.0,0.0,0.0,0.0,0.0,0.0,0.0,0.0,0.0,0.0,0.0,0.0,0.0,no
3.4.4,src/java/main/org/apache/zookeeper/server/quorum/ReadOnlyBean.java,0.006088,0.02381,0.016129,0.142857,0.0,0.014232,0.033217,0.044601,0.016637,0.033217,0.044601,0.007835,0.005042,0.01875,0.026316,0.336538,0.344828,0.0,0.0,0.0,0.090909,0.0,no
3.4.4,src/java/main/org/apache/zookeeper/server/quorum/RemotePeerMXBean.java,0.001522,0.029478,0.0,0.0,0.0,0.0,0.0,0.0,0.0,0.0,0.0,0.0,0.0,0.0,0.0,0.0,0.0,0.0,0.0,0.005051,0.0,0.0,no
3.4.4,src/java/main/org/apache/zookeeper/server/quorum/ServerBean.java,0.006849,0.022676,0.0,0.0,0.0,0.0,0.0,0.0,0.0,0.0,0.0,0.0,0.0,0.0,0.0,0.0,0.0,0.0,0.0,0.005051,0.090909,0.0,no
3.4.4,src/java/main/org/apache/zookeeper/server/quorum/ServerMXBean.java,0.001522,0.029478,0.0,0.0,0.0,0.0,0.0,0.0,0.0,0.0,0.0,0.0,0.0,0.0,0.0,0.0,0.0,0.0,0.0,0.0,0.0,0.0,no
3.4.4,src/recipes/election/src/java/org/apache/zookeeper/recipes/leader/LeaderElectionAware.java,0.001522,0.031746,0.016129,0.142857,0.0,0.013858,0.032343,0.043427,0.0162,0.032343,0.043427,0.007629,0.005042,0.01875,0.026316,0.302885,0.310345,0.0,0.0,0.0,0.0,0.0,no
3.4.4,src/recipes/lock/src/java/org/apache/zookeeper/recipes/lock/LockListener.java,0.001522,0.035147,0.032258,0.285714,0.0,0.014607,0.033217,0.022887,0.016637,0.033217,0.0223,0.008247,0.169748,0.6,0.442982,0.855769,0.851478,0.0,0.0,0.0,0.0,0.0,no
3.4.4,src/recipes/lock/src/java/org/apache/zookeeper/recipes/lock/ZooKeeperOperation.java,0.001522,0.034014,0.016129,0.142857,0.0,0.014232,0.033217,0.044601,0.016637,0.033217,0.044601,0.007835,0.008403,0.03125,0.04386,0.855769,0.876847,0.0,0.0,0.010101,0.0,0.0,no
3.4.5,src/contrib/loggraph/src/java/org/apache/zookeeper/graph/LogIterator.java,0.003044,0.019274,0.032258,0.285714,0.0,0.010112,0.022727,0.015845,0.011384,0.022727,0.015258,0.005773,0.218487,0.6,0.570175,0.610577,0.610134,0.0,0.0,0.0,0.0,0.0,no
3.4.5,src/contrib/loggraph/src/java/org/apache/zookeeper/graph/filterops/AndOp.java,0.008371,0.019274,0.016129,0.142857,0.0,0.01236,0.028846,0.038732,0.014448,0.028846,0.038732,0.006804,0.057143,0.2125,0.298246,0.610577,0.625616,0.0,0.0,0.010101,0.272727,0.0,no
3.4.5,src/contrib/loggraph/src/java/org/apache/zookeeper/graph/filterops/NumberArg.java,0.003805,0.019274,0.016129,0.142857,0.0,0.010487,0.024476,0.032864,0.012259,0.024476,0.032864,0.005773,0.057143,0.2125,0.298246,0.610577,0.625616,0.0,0.0,0.0,0.090909,0.0,no
3.4.5,src/contrib/loggraph/src/java/org/apache/zookeeper/graph/filterops/OrOp.java,0.008371,0.019274,0.016129,0.142857,0.0,0.01236,0.028846,0.038732,0.014448,0.028846,0.038732,0.006804,0.057143,0.2125,0.298246,0.610577,0.625616,0.0,0.0,0.010101,0.272727,0.0,no
3.4.5,src/contrib/loggraph/src/java/org/apache/zookeeper/graph/filterops/StringArg.java,0.003805,0.019274,0.016129,0.142857,0.0,0.010487,0.024476,0.032864,0.012259,0.024476,0.032864,0.005773,0.057143,0.2125,0.298246,0.610577,0.625616,0.0,0.0,0.0,0.090909,0.0,no
3.4.5,src/contrib/loggraph/src/java/org/apache/zookeeper/graph/filterops/SymbolArg.java,0.003805,0.019274,0.016129,0.142857,0.0,0.010112,0.023601,0.03169,0.011821,0.023601,0.03169,0.005567,0.057143,0.2125,0.298246,0.610577,0.625616,0.0,0.0,0.0,0.090909,0.0,no
3.4.5,src/contrib/rest/src/java/org/apache/zookeeper/server/jersey/jaxb/ZChildren.java,0.032725,0.026077,0.016129,0.142857,0.0,0.029963,0.06993,0.093897,0.035026,0.06993,0.093897,0.016495,0.020168,0.075,0.105263,0.884615,0.906404,0.0,0.0,0.010101,0.181818,0.0,no
3.4.5,src/contrib/rest/src/java/org/apache/zookeeper/server/jersey/jaxb/ZChildrenJSON.java,0.02968,0.026077,0.016129,0.142857,0.0,0.028464,0.066434,0.089202,0.033275,0.066434,0.089202,0.01567,0.020168,0.075,0.105263,0.884615,0.906404,0.0,0.0,0.010101,0.181818,0.0,no
3.4.5,src/contrib/rest/src/java/org/apache/zookeeper/server/jersey/jaxb/ZError.java,0.00761,0.02381,0.016129,0.142857,0.0,0.015356,0.035839,0.048122,0.017951,0.035839,0.048122,0.008454,0.020168,0.075,0.105263,0.884615,0.906404,0.0,0.0,0.0,0.090909,0.0,no
3.4.5,src/contrib/rest/src/java/org/apache/zookeeper/server/jersey/jaxb/ZPath.java,0.02207,0.02381,0.016129,0.142857,0.0,0.023596,0.05507,0.073944,0.027583,0.05507,0.073944,0.01299,0.020168,0.075,0.105263,0.884615,0.906404,0.0,0.0,0.005051,0.181818,0.0,no
3.4.5,src/contrib/rest/src/java/org/apache/zookeeper/server/jersey/jaxb/ZSession.java,0.019787,0.020408,0.016129,0.142857,0.0,0.020599,0.048077,0.064554,0.024081,0.048077,0.064554,0.01134,0.018487,0.06875,0.096491,0.5625,0.576355,0.0,0.0,0.005051,0.181818,0.0,no
3.4.5,src/contrib/zooinspector/src/java/com/nitido/utils/toaster/Toaster.java,0.194064,0.181406,0.016129,0.142857,0.0,0.199625,0.465909,0.625587,0.233363,0.465909,0.625587,0.109897,0.016807,0.0625,0.087719,0.230769,0.236453,0.0,0.0,0.085859,0.454545,0.0,no
3.4.5,src/contrib/zooinspector/src/java/org/apache/zookeeper/inspector/gui/IconResource.java,0.049467,0.006803,0.016129,0.142857,0.0,0.032959,0.076923,0.103286,0.038529,0.076923,0.103286,0.018144,0.016807,0.0625,0.087719,0.230769,0.236453,0.0,0.0,0.020202,0.363636,0.0,no
3.4.5,src/contrib/zooinspector/src/java/org/apache/zookeeper/inspector/gui/NodeViewersChangeListener.java,0.002283,0.031746,0.016129,0.142857,0.0,0.013858,0.032343,0.043427,0.0162,0.032343,0.043427,0.007629,0.040336,0.15,0.210526,0.673077,0.689655,0.0,0.0,0.005051,0.0,0.0,no
3.4.5,src/contrib/zooinspector/src/java/org/apache/zookeeper/inspector/gui/Toolbar.java,0.043379,0.0,0.016129,0.142857,0.0,0.027715,0.064685,0.086854,0.032399,0.064685,0.086854,0.015258,0.016807,0.0625,0.087719,0.230769,0.236453,0.0,0.0,0.0,0.181818,0.0,no
3.4.5,src/contrib/zooinspector/src/java/org/apache/zookeeper/inspector/manager/NodeListener.java,0.002283,0.03288,0.016129,0.142857,0.0,0.013858,0.032343,0.043427,0.0162,0.032343,0.043427,0.007629,0.040336,0.15,0.210526,0.673077,0.689655,0.0,0.0,0.005051,0.0,0.0,no
3.4.5,src/contrib/zooinspector/src/java/org/apache/zookeeper/inspector/manager/ZooInspectorManager.java,0.019026,0.10771,0.016129,0.142857,0.0,0.05206,0.121503,0.163146,0.060858,0.121503,0.163146,0.02866,0.040336,0.15,0.210526,0.673077,0.689655,0.0,0.0,0.050505,0.0,0.0,no
3.4.5,src/contrib/zooinspector/src/java/org/apache/zookeeper/inspector/manager/ZooInspectorNodeManager.java,0.000761,0.031746,0.016129,0.142857,0.0,0.01236,0.028846,0.038732,0.014448,0.028846,0.038732,0.006804,0.040336,0.15,0.210526,0.673077,0.689655,0.0,0.0,0.015152,0.0,0.0,no
3.4.5,src/contrib/zooinspector/src/java/org/apache/zookeeper/inspector/manager/ZooInspectorNodeTreeManager.java,0.002283,0.037415,0.032258,0.285714,0.0,0.03221,0.037587,0.050469,0.018827,0.037587,0.025235,0.026598,0.201681,0.6,0.526316,0.673077,0.502463,0.0,0.0,0.020202,0.0,0.0,no
3.4.5,src/contrib/zooinspector/src/java/org/apache/zookeeper/inspector/manager/ZooInspectorReadOnlyManager.java,0.009132,0.080499,0.032258,0.285714,0.0,0.074157,0.086538,0.116197,0.043345,0.086538,0.058099,0.061237,0.201681,0.6,0.526316,0.673077,0.502463,0.0,0.0,0.035354,0.0,0.0,no
3.4.5,src/java/main/org/apache/jute/Index.java,0.001522,0.035147,0.016129,0.142857,0.0,0.0,0.0,0.0,0.000438,0.000874,0.001174,0.000206,0.052101,0.19375,0.27193,0.875,0.896552,0.0,0.0,0.010101,0.0,0.0,no
3.4.5,src/java/main/org/apache/jute/Record.java,0.003805,0.02381,0.016129,0.142857,0.0,0.0,0.0,0.0,0.000438,0.000874,0.001174,0.000206,0.052101,0.19375,0.27193,0.875,0.896552,0.0,0.0,0.0,0.0,0.0,no
3.4.5,src/java/main/org/apache/jute/compiler/JBoolean.java,0.013699,0.02381,0.032258,0.285714,0.0,0.003371,0.007867,0.005282,0.00394,0.006993,0.005282,0.002268,0.078992,0.19375,0.20614,0.875,0.672638,0.0,0.0,0.0,0.090909,0.0,no
3.4.5,src/java/main/org/apache/jute/compiler/JByte.java,0.004566,0.02381,0.032258,0.285714,0.0,0.000375,0.000874,0.000587,0.000438,0.000874,0.000587,0.000619,0.078992,0.19375,0.20614,0.875,0.732348,0.0,0.0,0.0,0.090909,0.0,no
3.4.5,src/java/main/org/apache/jute/compiler/JInt.java,0.004566,0.02381,0.032258,0.285714,0.0,0.000375,0.000874,0.000587,0.000438,0.000874,0.000587,0.000619,0.078992,0.19375,0.20614,0.875,0.732348,0.0,0.0,0.0,0.090909,0.0,no
3.4.5,src/java/main/org/apache/jute/compiler/JLong.java,0.006849,0.02381,0.032258,0.285714,0.0,0.000375,0.000874,0.000587,0.000438,0.000874,0.000587,0.000619,0.078992,0.19375,0.20614,0.875,0.732348,0.0,0.0,0.0,0.090909,0.0,no
3.4.5,src/java/main/org/apache/jute/compiler/JString.java,0.012177,0.02381,0.032258,0.285714,0.0,0.000375,0.000874,0.000587,0.000438,0.000874,0.000587,0.000619,0.078992,0.19375,0.20614,0.875,0.732348,0.0,0.0,0.005051,0.181818,0.0,no
3.4.5,src/java/main/org/apache/zookeeper/AsyncCallback.java,0.021309,0.019274,0.016129,0.142857,0.0,0.001873,0.004371,0.005869,0.002189,0.004371,0.005869,0.001031,0.016807,0.0625,0.087719,0.764423,0.783251,0.0,0.0,0.0,0.090909,0.0,no
3.4.5,src/java/main/org/apache/zookeeper/ClientWatchManager.java,0.002283,0.035147,0.016129,0.142857,0.0,0.001124,0.002622,0.003521,0.000438,0.000874,0.001174,0.001031,0.003361,0.0125,0.017544,0.326923,0.334975,0.0,0.0,0.010101,0.0,0.0,no
3.4.5,src/java/main/org/apache/zookeeper/cli/AclParser.java,0.037291,0.028345,0.016129,0.142857,0.0,0.030337,0.070804,0.09507,0.035464,0.070804,0.09507,0.016701,0.033613,0.125,0.175439,0.168269,0.172414,0.0,0.0,0.045455,0.272727,0.0,no
3.4.5,src/java/main/org/apache/zookeeper/cli/AddAuthCommand.java,0.024353,0.022676,0.016129,0.142857,0.0,0.02397,0.055944,0.075117,0.028021,0.055944,0.075117,0.013196,0.033613,0.125,0.175439,0.168269,0.172414,0.0,0.0,0.015152,0.181818,0.0,no
3.4.5,src/java/main/org/apache/zookeeper/cli/CliCommand.java,0.028919,0.07483,0.016129,0.142857,0.0,0.044569,0.104021,0.139671,0.052102,0.104021,0.139671,0.024536,0.033613,0.125,0.175439,0.168269,0.172414,0.0,0.0,0.020202,0.090909,0.0,no
3.4.5,src/java/main/org/apache/zookeeper/cli/CloseCommand.java,0.011416,0.022676,0.016129,0.142857,0.0,0.017228,0.04021,0.053991,0.02014,0.04021,0.053991,0.009485,0.033613,0.125,0.175439,0.168269,0.172414,0.0,0.0,0.005051,0.090909,0.0,no
3.4.5,src/java/main/org/apache/zookeeper/cli/CreateCommand.java,0.037291,0.022676,0.016129,0.142857,0.0,0.030337,0.070804,0.09507,0.035464,0.070804,0.09507,0.016701,0.033613,0.125,0.175439,0.168269,0.172414,0.0,0.0,0.045455,0.181818,0.0,no
3.4.5,src/java/main/org/apache/zookeeper/cli/DelQuotaCommand.java,0.066971,0.057823,0.016129,0.142857,0.0,0.056929,0.132867,0.178404,0.06655,0.132867,0.178404,0.03134,0.033613,0.125,0.175439,0.168269,0.172414,0.0,0.0,0.136364,0.272727,0.0,no
3.4.5,src/java/main/org/apache/zookeeper/cli/DeleteAllCommand.java,0.02968,0.022676,0.016129,0.142857,0.0,0.026966,0.062937,0.084507,0.031524,0.062937,0.084507,0.014845,0.033613,0.125,0.175439,0.168269,0.172414,0.0,0.0,0.015152,0.181818,0.0,no
3.4.5,src/java/main/org/apache/zookeeper/cli/DeleteCommand.java,0.039574,0.024943,0.016129,0.142857,0.0,0.032959,0.076923,0.103286,0.038529,0.076923,0.103286,0.018144,0.033613,0.125,0.175439,0.168269,0.172414,0.0,0.0,0.020202,0.181818,0.0,no
3.4.5,src/java/main/org/apache/zookeeper/cli/GetAclCommand.java,0.047184,0.021542,0.016129,0.142857,0.0,0.035206,0.082168,0.110329,0.041156,0.082168,0.110329,0.019381,0.033613,0.125,0.175439,0.168269,0.172414,0.0,0.0,0.045455,0.181818,0.0,no
3.4.5,src/java/main/org/apache/zookeeper/cli/GetCommand.java,0.035769,0.024943,0.016129,0.142857,0.0,0.031086,0.072552,0.097418,0.03634,0.072552,0.097418,0.017113,0.033613,0.125,0.175439,0.168269,0.172414,0.0,0.0,0.020202,0.181818,0.0,no
3.4.5,src/java/main/org/apache/zookeeper/cli/ListQuotaCommand.java,0.031963,0.022676,0.016129,0.142857,0.0,0.027715,0.064685,0.086854,0.032399,0.064685,0.086854,0.015258,0.033613,0.125,0.175439,0.168269,0.172414,0.0,0.0,0.025253,0.181818,0.0,no
3.4.5,src/java/main/org/apache/zookeeper/cli/Ls2Command.java,0.02207,0.022676,0.016129,0.142857,0.0,0.023221,0.054196,0.07277,0.027145,0.054196,0.07277,0.012784,0.033613,0.125,0.175439,0.168269,0.172414,0.0,0.0,0.010101,0.181818,0.0,no
3.4.5,src/java/main/org/apache/zookeeper/cli/LsCommand.java,0.037291,0.02381,0.016129,0.142857,0.0,0.031835,0.074301,0.099765,0.037215,0.074301,0.099765,0.017526,0.033613,0.125,0.175439,0.168269,0.172414,0.0,0.0,0.020202,0.181818,0.0,no
3.4.5,src/java/main/org/apache/zookeeper/cli/SetAclCommand.java,0.037291,0.022676,0.016129,0.142857,0.0,0.030712,0.071678,0.096244,0.035902,0.071678,0.096244,0.016907,0.033613,0.125,0.175439,0.168269,0.172414,0.0,0.0,0.020202,0.272727,0.0,no
3.4.5,src/java/main/org/apache/zookeeper/cli/SetCommand.java,0.032725,0.022676,0.016129,0.142857,0.0,0.02809,0.065559,0.088028,0.032837,0.065559,0.088028,0.015464,0.033613,0.125,0.175439,0.168269,0.172414,0.0,0.0,0.020202,0.272727,0.0,no
3.4.5,src/java/main/org/apache/zookeeper/cli/SetQuotaCommand.java,0.105023,0.048753,0.016129,0.142857,0.0,0.074906,0.174825,0.234742,0.087566,0.174825,0.234742,0.041237,0.033613,0.125,0.175439,0.168269,0.172414,0.0,0.0,0.141414,0.363636,0.0,no
3.4.5,src/java/main/org/apache/zookeeper/cli/StatCommand.java,0.034247,0.024943,0.016129,0.142857,0.0,0.030337,0.070804,0.09507,0.035464,0.070804,0.09507,0.016701,0.033613,0.125,0.175439,0.168269,0.172414,0.0,0.0,0.020202,0.181818,0.0,no
3.4.5,src/java/main/org/apache/zookeeper/cli/StatPrinter.java,0.015982,0.022676,0.016129,0.142857,0.0,0.018352,0.042832,0.057512,0.021454,0.042832,0.057512,0.010103,0.033613,0.125,0.175439,0.168269,0.172414,0.0,0.0,0.005051,0.090909,0.0,no
3.4.5,src/java/main/org/apache/zookeeper/cli/SyncCommand.java,0.025114,0.021542,0.016129,0.142857,0.0,0.02397,0.055944,0.075117,0.028021,0.055944,0.075117,0.013196,0.033613,0.125,0.175439,0.168269,0.172414,0.0,0.0,0.010101,0.272727,0.0,no
3.4.5,src/java/main/org/apache/zookeeper/client/HostProvider.java,0.006088,0.062358,0.032258,0.285714,0.0,0.026966,0.053322,0.042254,0.031524,0.053322,0.042254,0.014845,0.013445,0.03125,0.035088,0.490385,0.425698,0.0,0.0,0.030303,0.0,0.0,no
3.4.5,src/java/main/org/apache/zookeeper/client/StaticHostProvider.java,0.127854,0.112245,0.048387,0.428571,0.0,0.121348,0.192308,0.126761,0.133975,0.179196,0.119718,0.070515,0.17479,0.6,0.304094,0.490385,0.15474,0.0,0.0,0.20202,0.454545,0.0,no
3.4.5,src/java/main/org/apache/zookeeper/jmx/CommonNames.java,0.002283,0.02381,0.0,0.0,0.0,0.0,0.0,0.0,0.0,0.0,0.0,0.0,0.0,0.0,0.0,0.0,0.0,0.0,0.0,0.0,0.0,0.0,no
3.4.5,src/java/main/org/apache/zookeeper/jmx/ZKMBeanInfo.java,0.001522,0.03288,0.0,0.0,0.0,0.0,0.0,0.0,0.0,0.0,0.0,0.0,0.0,0.0,0.0,0.0,0.0,0.0,0.0,0.015152,0.0,0.0,no
3.4.5,src/java/main/org/apache/zookeeper/server/ByteBufferOutputStream.java,0.020548,0.019274,0.032258,0.285714,0.037037,0.019476,0.045455,0.030516,0.023205,0.045455,0.031103,0.010928,0.030252,0.05625,0.078947,0.293269,0.299935,0.0,0.0,0.0,0.090909,0.0,no
3.4.5,src/java/main/org/apache/zookeeper/server/ConnectionMXBean.java,0.01446,0.079365,0.016129,0.142857,0.037037,0.011236,0.026224,0.035211,0.013135,0.026224,0.035211,0.006186,0.010084,0.0375,0.052632,0.754808,0.773399,0.0,0.0,0.0,0.0,0.0,no
3.4.5,src/java/main/org/apache/zookeeper/server/DataTreeBean.java,0.019787,0.022676,0.016129,0.142857,0.0,0.000375,0.000874,0.001174,0.00394,0.007867,0.010563,0.002268,0.006723,0.025,0.035088,0.591346,0.605911,0.0,0.0,0.0,0.090909,0.0,no
3.4.5,src/java/main/org/apache/zookeeper/server/DataTreeMXBean.java,0.003805,0.040816,0.0,0.0,0.0,0.0,0.0,0.0,0.0,0.0,0.0,0.0,0.0,0.0,0.0,0.0,0.0,0.0,0.0,0.0,0.0,0.0,no
3.4.5,src/java/main/org/apache/zookeeper/server/RequestProcessor.java,0.006088,0.03288,0.064516,0.285714,0.111111,0.009363,0.006993,0.007336,0.009194,0.006119,0.006162,0.005979,0.060504,0.1,0.078947,0.346154,0.184984,0.0,0.0,0.0,0.181818,0.0,yes
3.4.5,src/java/main/org/apache/zookeeper/server/ServerStats.java,0.072298,0.026077,0.112903,0.428571,0.0,0.024345,0.021853,0.010899,0.022329,0.012238,0.008551,0.025361,0.189916,0.4125,0.141604,0.975962,0.666346,0.0,0.0,0.020202,0.181818,0.0,no
3.4.5,src/java/main/org/apache/zookeeper/server/SessionTracker.java,0.016743,0.047619,0.096774,0.428571,0.185185,0.014981,0.006993,0.007825,0.0162,0.006993,0.007238,0.008866,0.07563,0.06875,0.065789,0.850962,0.525375,0.0,0.0,0.010101,0.090909,0.0,yes
3.4.5,src/java/main/org/apache/zookeeper/server/Stats.java,0.010654,0.052154,0.032258,0.285714,0.0,0.025843,0.059441,0.040493,0.029772,0.059441,0.039906,0.014433,0.218487,0.6,0.570175,0.5625,0.571569,0.0,0.0,0.0,0.0,0.0,no
3.4.5,src/java/main/org/apache/zookeeper/server/ZooKeeperServerBean.java,0.070776,0.02381,0.129032,0.428571,0.0,0.017228,0.02535,0.006749,0.021454,0.02535,0.007189,0.012165,0.171429,0.2125,0.111842,0.947115,0.586624,0.0,0.0,0.010101,0.181818,0.0,no
3.4.5,src/java/main/org/apache/zookeeper/server/ZooKeeperServerMXBean.java,0.015982,0.089569,0.080645,0.285714,0.0,0.014232,0.022727,0.00892,0.017513,0.020979,0.00939,0.009072,0.087395,0.1,0.091228,0.673077,0.515898,0.0,0.0,0.0,0.0,0.0,no
3.4.5,src/java/main/org/apache/zookeeper/server/auth/AuthenticationProvider.java,0.005327,0.073696,0.016129,0.142857,0.0,0.000749,0.001748,0.002347,0.000438,0.000874,0.001174,0.000619,0.020168,0.075,0.105263,0.975962,1.0,0.0,0.0,0.035354,0.0,0.0,no
3.4.5,src/java/main/org/apache/zookeeper/server/persistence/SnapShot.java,0.008371,0.05102,0.032258,0.285714,0.0,0.002622,0.005245,0.004108,0.002627,0.005245,0.003521,0.001649,0.173109,0.6,0.451754,0.673077,0.619458,0.0,0.0,0.010101,0.0,0.0,no
3.4.5,src/java/main/org/apache/zookeeper/server/persistence/TxnLog.java,0.012938,0.097506,0.048387,0.285714,0.037037,0.002996,0.003497,0.00313,0.002627,0.003497,0.002347,0.002062,0.042017,0.0875,0.073099,0.9375,0.797537,0.0,0.0,0.020202,0.090909,0.0,no
3.4.5,src/java/main/org/apache/zookeeper/server/quorum/Election.java,0.002283,0.019274,0.032258,0.285714,0.0,0.000749,0.000874,0.001174,0.000438,0.000874,0.000587,0.000619,0.168067,0.6,0.438596,0.673077,0.502463,0.0,0.0,0.0,0.0,0.0,no
3.4.5,src/java/main/org/apache/zookeeper/server/quorum/FollowerMXBean.java,0.003044,0.03288,0.0,0.0,0.0,0.0,0.0,0.0,0.0,0.0,0.0,0.0,0.0,0.0,0.0,0.0,0.0,0.0,0.0,0.0,0.0,0.0,no
3.4.5,src/java/main/org/apache/zookeeper/server/quorum/LeaderBean.java,0.016743,0.022676,0.064516,0.428571,0.074074,0.001873,0.001748,0.001467,0.0,0.0,0.0,0.002062,0.07395,0.15625,0.096491,0.764423,0.501478,0.0,0.0,0.005051,0.181818,0.0,yes
3.4.5,src/java/main/org/apache/zookeeper/server/quorum/LeaderElectionBean.java,0.009132,0.022676,0.0,0.0,0.0,0.0,0.0,0.0,0.0,0.0,0.0,0.0,0.0,0.0,0.0,0.0,0.0,0.0,0.0,0.0,0.090909,0.0,no
3.4.5,src/java/main/org/apache/zookeeper/server/quorum/LeaderElectionMXBean.java,0.000761,0.027211,0.0,0.0,0.0,0.0,0.0,0.0,0.0,0.0,0.0,0.0,0.0,0.0,0.0,0.0,0.0,0.0,0.0,0.0,0.0,0.0,no
3.4.5,src/java/main/org/apache/zookeeper/server/quorum/LeaderMXBean.java,0.002283,0.029478,0.0,0.0,0.0,0.0,0.0,0.0,0.0,0.0,0.0,0.0,0.0,0.0,0.0,0.0,0.0,0.0,0.0,0.0,0.0,0.0,no
3.4.5,src/java/main/org/apache/zookeeper/server/quorum/LearnerSyncRequest.java,0.00761,0.019274,0.0,0.0,0.0,0.0,0.0,0.0,0.0,0.0,0.0,0.0,0.0,0.0,0.0,0.0,0.0,0.0,0.0,0.0,0.090909,0.0,no
3.4.5,src/java/main/org/apache/zookeeper/server/quorum/LocalPeerBean.java,0.030441,0.022676,0.048387,0.285714,0.0,0.03221,0.059441,0.033646,0.039842,0.059441,0.035603,0.019175,0.194958,0.4125,0.339181,0.961538,0.896022,0.0,0.0,0.0,0.090909,0.0,no
3.4.5,src/java/main/org/apache/zookeeper/server/quorum/LocalPeerMXBean.java,0.00761,0.057823,0.032258,0.285714,0.0,0.028839,0.055944,0.045188,0.033713,0.055944,0.045188,0.015876,0.137815,0.4125,0.359649,0.961538,0.935321,0.0,0.0,0.010101,0.0,0.0,no
3.4.5,src/java/main/org/apache/zookeeper/server/quorum/ObserverMXBean.java,0.002283,0.030612,0.016129,0.142857,0.0,0.013858,0.032343,0.043427,0.0162,0.032343,0.043427,0.007629,0.02521,0.09375,0.131579,0.75,0.768473,0.0,0.0,0.0,0.0,0.0,no
3.4.5,src/java/main/org/apache/zookeeper/server/quorum/ProposalRequestProcessor.java,0.031202,0.039683,0.225806,0.571429,0.111111,0.023596,0.008741,0.005282,0.018389,0.005245,0.003521,0.020619,0.583193,0.6,0.217419,0.961538,0.455369,0.0,0.0,0.020202,0.363636,0.0,yes
3.4.5,src/java/main/org/apache/zookeeper/server/quorum/QuorumBean.java,0.012938,0.019274,0.0,0.0,0.0,0.0,0.0,0.0,0.0,0.0,0.0,0.0,0.0,0.0,0.0,0.0,0.0,0.0,0.0,0.0,0.090909,0.0,no
3.4.5,src/java/main/org/apache/zookeeper/server/quorum/QuorumMXBean.java,0.001522,0.029478,0.0,0.0,0.0,0.0,0.0,0.0,0.0,0.0,0.0,0.0,0.0,0.0,0.0,0.0,0.0,0.0,0.0,0.0,0.0,0.0,no
3.4.5,src/java/main/org/apache/zookeeper/server/quorum/ReadOnlyBean.java,0.006088,0.02381,0.016129,0.142857,0.0,0.014232,0.033217,0.044601,0.016637,0.033217,0.044601,0.007835,0.005042,0.01875,0.026316,0.375,0.384236,0.0,0.0,0.0,0.090909,0.0,no
3.4.5,src/java/main/org/apache/zookeeper/server/quorum/RemotePeerMXBean.java,0.001522,0.029478,0.0,0.0,0.0,0.0,0.0,0.0,0.0,0.0,0.0,0.0,0.0,0.0,0.0,0.0,0.0,0.0,0.0,0.005051,0.0,0.0,no
3.4.5,src/java/main/org/apache/zookeeper/server/quorum/ServerBean.java,0.006849,0.022676,0.0,0.0,0.0,0.0,0.0,0.0,0.0,0.0,0.0,0.0,0.0,0.0,0.0,0.0,0.0,0.0,0.0,0.005051,0.090909,0.0,no
3.4.5,src/java/main/org/apache/zookeeper/server/quorum/ServerMXBean.java,0.001522,0.029478,0.0,0.0,0.0,0.0,0.0,0.0,0.0,0.0,0.0,0.0,0.0,0.0,0.0,0.0,0.0,0.0,0.0,0.0,0.0,0.0,no
3.4.5,src/java/main/org/apache/zookeeper/server/util/VerifyingFileFactory.java,0.03653,0.019274,0.016129,0.142857,0.0,0.030712,0.071678,0.096244,0.035902,0.071678,0.096244,0.016907,0.010084,0.0375,0.052632,0.293269,0.300493,0.0,0.0,0.025253,0.181818,0.0,no
3.4.5,src/recipes/election/src/java/org/apache/zookeeper/recipes/leader/LeaderElectionAware.java,0.001522,0.031746,0.016129,0.142857,0.0,0.013858,0.032343,0.043427,0.0162,0.032343,0.043427,0.007629,0.005042,0.01875,0.026316,0.341346,0.349754,0.0,0.0,0.0,0.0,0.0,no
3.4.5,src/recipes/lock/src/java/org/apache/zookeeper/recipes/lock/LockListener.java,0.001522,0.035147,0.032258,0.285714,0.0,0.014607,0.033217,0.022887,0.016637,0.033217,0.0223,0.008247,0.169748,0.6,0.442982,0.894231,0.890887,0.0,0.0,0.0,0.0,0.0,no
3.4.5,src/recipes/lock/src/java/org/apache/zookeeper/recipes/lock/ZooKeeperOperation.java,0.001522,0.034014,0.016129,0.142857,0.0,0.014232,0.033217,0.044601,0.016637,0.033217,0.044601,0.007835,0.008403,0.03125,0.04386,0.894231,0.916256,0.0,0.0,0.010101,0.0,0.0,no
