Key_Dataset,Key_Run,Key_Fold,Key_Scheme,Key_Scheme_options,Key_Scheme_version_ID,Date_time,Number_of_training_instances,Number_of_testing_instances,Number_correct,Number_incorrect,Number_unclassified,Percent_correct,Percent_incorrect,Percent_unclassified,Kappa_statistic,Mean_absolute_error,Root_mean_squared_error,Relative_absolute_error,Root_relative_squared_error,SF_prior_entropy,SF_scheme_entropy,SF_entropy_gain,SF_mean_prior_entropy,SF_mean_scheme_entropy,SF_mean_entropy_gain,KB_information,KB_mean_information,KB_relative_information,True_positive_rate,Num_true_positives,False_positive_rate,Num_false_positives,True_negative_rate,Num_true_negatives,False_negative_rate,Num_false_negatives,IR_precision,IR_recall,F_measure,Matthews_correlation,Area_under_ROC,Area_under_PRC,Weighted_avg_true_positive_rate,Weighted_avg_false_positive_rate,Weighted_avg_true_negative_rate,Weighted_avg_false_negative_rate,Weighted_avg_IR_precision,Weighted_avg_IR_recall,Weighted_avg_F_measure,Weighted_avg_matthews_correlation,Weighted_avg_area_under_ROC,Weighted_avg_area_under_PRC,Unweighted_macro_avg_F_measure,Unweighted_micro_avg_F_measure,Elapsed_Time_training,Elapsed_Time_testing,UserCPU_Time_training,UserCPU_Time_testing,UserCPU_Time_millis_training,UserCPU_Time_millis_testing,Serialized_Model_Size,Serialized_Train_Set_Size,Serialized_Test_Set_Size,Coverage_of_Test_Cases_By_Regions,Size_of_Predicted_Regions,Summary,measureOutOfBagError
DatasetClassiRealeseNormalized,1,1,weka.classifiers.meta.FilteredClassifier,'-F \"weka.filters.MultiFilter -F \\\"weka.filters.supervised.attribute.AttributeSelection -E \\\\\\\"weka.attributeSelection.WrapperSubsetEval -B weka.classifiers.trees.RandomForest -F 5 -T 0.01 -R 1 -E AUC -- -P 100 -I 100 -num-slots 1 -K 0 -M 1.0 -V 0.001 -S 1\\\\\\\" -S \\\\\\\"weka.attributeSelection.GreedyStepwise -B -T -1.7976931348623157E308 -N -1 -num-slots 1\\\\\\\"\\\" -S 1\" -S 1 -W weka.classifiers.trees.RandomForest -- -P 100 -I 100 -num-slots 1 -K 0 -M 1.0 -V 0.001 -S 1',-4523450618538717400,2.02605181653E7,4329.0,482.0,465.0,17.0,0.0,96.47302904564316,3.5269709543568464,0.0,0.8437511917928379,0.07438884195618856,0.1604514715927771,32.27888284781687,47.283817030966354,272.3366817903761,68.74113594100059,203.59554584937547,0.565013862635635,0.14261646460788505,0.42239739802774995,185.93948435178245,0.3857665650451918,68.27559296433832,0.9832535885167464,411.0,0.15625,10.0,0.84375,54.0,0.01674641148325359,7.0,0.9762470308788599,0.9832535885167464,0.9797377830750895,0.8440721217256083,0.9917763157894737,0.9986940139210405,0.9647302904564315,0.13772670193968511,0.8622732980603148,0.035269709543568464,0.964163893386476,0.9647302904564315,0.9643701106335838,0.8440721217256082,0.9917763157894737,0.9937423704397385,0.9218688915375448,0.9647302904564315,278.165,0.008,274.85,0.01,274850.0,10.0,2.8441201E7,1043111.0,162148.0,100.0,64.6265560165975,?,?
DatasetClassiRealeseNormalized,1,2,weka.classifiers.meta.FilteredClassifier,'-F \"weka.filters.MultiFilter -F \\\"weka.filters.supervised.attribute.AttributeSelection -E \\\\\\\"weka.attributeSelection.WrapperSubsetEval -B weka.classifiers.trees.RandomForest -F 5 -T 0.01 -R 1 -E AUC -- -P 100 -I 100 -num-slots 1 -K 0 -M 1.0 -V 0.001 -S 1\\\\\\\" -S \\\\\\\"weka.attributeSelection.GreedyStepwise -B -T -1.7976931348623157E308 -N -1 -num-slots 1\\\\\\\"\\\" -S 1\" -S 1 -W weka.classifiers.trees.RandomForest -- -P 100 -I 100 -num-slots 1 -K 0 -M 1.0 -V 0.001 -S 1',-4523450618538717400,2.02605181655E7,4330.0,481.0,457.0,24.0,0.0,95.01039501039502,4.98960498960499,0.0,0.7683230312274223,0.08453470753143694,0.1849199134573686,36.86947673696027,54.81014609532419,269.42867131105754,84.38210876234788,185.04656254870966,0.5601427677984564,0.1754305795475008,0.38471218825095566,165.39228568351763,0.34385090578693894,61.38629748597577,0.9808612440191388,410.0,0.25396825396825395,16.0,0.746031746031746,47.0,0.019138755980861243,8.0,0.9624413145539906,0.9808612440191388,0.9715639810426541,0.7706243932180628,0.9816207184628237,0.9971342363950481,0.9501039501039501,0.22321096005306532,0.7767890399469347,0.0498960498960499,0.9483094243657624,0.9501039501039501,0.9486490327521736,0.7706243932180628,0.9816207184628237,0.9860218475382486,0.8840870752670897,0.9501039501039501,149.04,0.009,147.62,0.0,147620.0,0.0,2.9056476E7,1043340.0,161919.0,99.79209979209979,64.86486486486487,?,?
DatasetClassiRealeseNormalized,1,3,weka.classifiers.meta.FilteredClassifier,'-F \"weka.filters.MultiFilter -F \\\"weka.filters.supervised.attribute.AttributeSelection -E \\\\\\\"weka.attributeSelection.WrapperSubsetEval -B weka.classifiers.trees.RandomForest -F 5 -T 0.01 -R 1 -E AUC -- -P 100 -I 100 -num-slots 1 -K 0 -M 1.0 -V 0.001 -S 1\\\\\\\" -S \\\\\\\"weka.attributeSelection.GreedyStepwise -B -T -1.7976931348623157E308 -N -1 -num-slots 1\\\\\\\"\\\" -S 1\" -S 1 -W weka.classifiers.trees.RandomForest -- -P 100 -I 100 -num-slots 1 -K 0 -M 1.0 -V 0.001 -S 1',-4523450618538717400,2.02605181658E7,4330.0,481.0,463.0,18.0,0.0,96.25779625779626,3.7422037422037424,0.0,0.8263050194599365,0.07851930798064638,0.17591215360116616,34.044574403384445,51.79441013011232,272.1308087156738,76.88439061416295,195.24641810151087,0.565760517080403,0.15984280792965272,0.40591770915075026,176.2209952428905,0.3663638154737848,64.75598851690796,0.9904076738609112,413.0,0.21875,14.0,0.78125,50.0,0.009592326139088728,4.0,0.9672131147540983,0.9904076738609112,0.9786729857819904,0.830179254477919,0.987222721822542,0.9980204581979368,0.9625779625779626,0.1909202887170513,0.8090797112829488,0.037422037422037424,0.9617196010638633,0.9625779625779626,0.9612139775606718,0.830179254477919,0.987222721822542,0.989352154369062,0.9130653064503171,0.9625779625779626,149.627,0.008,148.15,0.0,148150.0,0.0,3.0664288E7,1043340.0,161919.0,100.0,64.24116424116424,?,?
DatasetClassiRealeseNormalized,1,4,weka.classifiers.meta.FilteredClassifier,'-F \"weka.filters.MultiFilter -F \\\"weka.filters.supervised.attribute.AttributeSelection -E \\\\\\\"weka.attributeSelection.WrapperSubsetEval -B weka.classifiers.trees.RandomForest -F 5 -T 0.01 -R 1 -E AUC -- -P 100 -I 100 -num-slots 1 -K 0 -M 1.0 -V 0.001 -S 1\\\\\\\" -S \\\\\\\"weka.attributeSelection.GreedyStepwise -B -T -1.7976931348623157E308 -N -1 -num-slots 1\\\\\\\"\\\" -S 1\" -S 1 -W weka.classifiers.trees.RandomForest -- -P 100 -I 100 -num-slots 1 -K 0 -M 1.0 -V 0.001 -S 1',-4523450618538717400,2.026051817E7,4330.0,481.0,465.0,16.0,0.0,96.67359667359668,3.3264033264033266,0.0,0.8456044617421659,0.07642564268566451,0.17446596191761593,33.136798395878586,51.36860302326293,272.1308087156738,83.24003045093998,188.89077826473385,0.565760517080403,0.1730561963637006,0.3927043207167024,178.9993678500865,0.3721400579003877,65.77695803532028,0.9928057553956835,414.0,0.203125,13.0,0.796875,51.0,0.007194244604316547,3.0,0.9695550351288056,0.9928057553956835,0.9810426540284359,0.8495691846228096,0.9729466426858513,0.994532660582116,0.9667359667359667,0.17705521134028326,0.8229447886597168,0.033264033264033266,0.9662139170335892,0.9667359667359667,0.9655235356094862,0.8495691846228095,0.9729466426858513,0.9846273419144659,0.9227247168447263,0.9667359667359667,149.524,0.008,147.29,0.01,147290.0,10.0,3.2637174E7,1043340.0,161919.0,99.37629937629937,63.92931392931393,?,?
DatasetClassiRealeseNormalized,1,5,weka.classifiers.meta.FilteredClassifier,'-F \"weka.filters.MultiFilter -F \\\"weka.filters.supervised.attribute.AttributeSelection -E \\\\\\\"weka.attributeSelection.WrapperSubsetEval -B weka.classifiers.trees.RandomForest -F 5 -T 0.01 -R 1 -E AUC -- -P 100 -I 100 -num-slots 1 -K 0 -M 1.0 -V 0.001 -S 1\\\\\\\" -S \\\\\\\"weka.attributeSelection.GreedyStepwise -B -T -1.7976931348623157E308 -N -1 -num-slots 1\\\\\\\"\\\" -S 1\" -S 1 -W weka.classifiers.trees.RandomForest -- -P 100 -I 100 -num-slots 1 -K 0 -M 1.0 -V 0.001 -S 1',-4523450618538717400,2.0260518170300003E7,4330.0,481.0,458.0,23.0,0.0,95.21829521829522,4.781704781704781,0.0,0.7796171238470888,0.08172338905721775,0.18301910636510998,35.433806929894956,53.886934260455305,272.1308087156738,81.84804009464938,190.28276862102445,0.565760517080403,0.17016224551902157,0.3955982715613814,171.63712012912987,0.3568339295823906,63.071550383866594,0.9832134292565947,410.0,0.25,16.0,0.75,48.0,0.016786570743405275,7.0,0.9624413145539906,0.9832134292565947,0.9727164887307237,0.7825323149160556,0.9820143884892086,0.9970261974779732,0.9521829521829522,0.21896952292635743,0.7810304770736426,0.04781704781704782,0.9505043110676914,0.9521829521829522,0.9506299956373225,0.7825323149160556,0.9820143884892086,0.9865891010996156,0.889719588903177,0.9521829521829522,149.385,0.008,148.01,0.01,148010.0,10.0,2.704002E7,1043340.0,161919.0,99.79209979209979,63.82536382536382,?,?
DatasetClassiRealeseNormalized,1,6,weka.classifiers.meta.FilteredClassifier,'-F \"weka.filters.MultiFilter -F \\\"weka.filters.supervised.attribute.AttributeSelection -E \\\\\\\"weka.attributeSelection.WrapperSubsetEval -B weka.classifiers.trees.RandomForest -F 5 -T 0.01 -R 1 -E AUC -- -P 100 -I 100 -num-slots 1 -K 0 -M 1.0 -V 0.001 -S 1\\\\\\\" -S \\\\\\\"weka.attributeSelection.GreedyStepwise -B -T -1.7976931348623157E308 -N -1 -num-slots 1\\\\\\\"\\\" -S 1\" -S 1 -W weka.classifiers.trees.RandomForest -- -P 100 -I 100 -num-slots 1 -K 0 -M 1.0 -V 0.001 -S 1',-4523450618538717400,2.0260518170500003E7,4330.0,481.0,463.0,18.0,0.0,96.25779625779626,3.7422037422037424,0.0,0.8310897811073393,0.07900902327682373,0.1761074233765939,34.25690623953989,51.851904070283446,272.1308087156738,81.19255313266564,190.93825558300819,0.565760517080403,0.1687994867622986,0.3969610303181043,173.7281392514566,0.361181162684941,63.839937885522644,0.9856115107913669,411.0,0.1875,12.0,0.8125,52.0,0.014388489208633094,6.0,0.9716312056737588,0.9856115107913669,0.9785714285714285,0.8324102292471443,0.980740407673861,0.9968345029207127,0.9625779625779626,0.16446645178659566,0.8355335482134043,0.037422037422037424,0.9616414201887422,0.9625779625779626,0.9617913986766445,0.8324102292471443,0.980740407673861,0.9875526533128711,0.9155152224824356,0.9625779625779626,151.332,0.008,147.45,0.01,147450.0,10.0,2.6607629E7,1043340.0,161919.0,99.37629937629937,64.55301455301455,?,?
DatasetClassiRealeseNormalized,1,7,weka.classifiers.meta.FilteredClassifier,'-F \"weka.filters.MultiFilter -F \\\"weka.filters.supervised.attribute.AttributeSelection -E \\\\\\\"weka.attributeSelection.WrapperSubsetEval -B weka.classifiers.trees.RandomForest -F 5 -T 0.01 -R 1 -E AUC -- -P 100 -I 100 -num-slots 1 -K 0 -M 1.0 -V 0.001 -S 1\\\\\\\" -S \\\\\\\"weka.attributeSelection.GreedyStepwise -B -T -1.7976931348623157E308 -N -1 -num-slots 1\\\\\\\"\\\" -S 1\" -S 1 -W weka.classifiers.trees.RandomForest -- -P 100 -I 100 -num-slots 1 -K 0 -M 1.0 -V 0.001 -S 1',-4523450618538717400,2.02605181708E7,4330.0,481.0,456.0,25.0,0.0,94.8024948024948,5.197505197505198,0.0,0.760453395485966,0.0886653584867384,0.19542518510597154,38.44372131690902,57.539697968115306,272.1308087156738,88.85951303840174,183.27129567727206,0.565760517080403,0.18473911234594956,0.38102140473445334,163.61112441732516,0.3401478678114868,60.122235034500775,0.9808153477218226,409.0,0.265625,17.0,0.734375,47.0,0.019184652278177457,8.0,0.960093896713615,0.9808153477218226,0.9703440094899168,0.7632969283934359,0.9830260791366906,0.9974644641958584,0.9480249480249481,0.2328346003031255,0.7671653996968746,0.05197505197505198,0.9460500291486207,0.9480249480249481,0.9463369517796981,0.763296928393436,0.9830260791366907,0.9818245261134206,0.8801299879382358,0.9480249480249481,147.922,0.009,146.66,0.01,146660.0,10.0,2.9673292E7,1043340.0,161919.0,100.0,64.34511434511434,?,?
DatasetClassiRealeseNormalized,1,8,weka.classifiers.meta.FilteredClassifier,'-F \"weka.filters.MultiFilter -F \\\"weka.filters.supervised.attribute.AttributeSelection -E \\\\\\\"weka.attributeSelection.WrapperSubsetEval -B weka.classifiers.trees.RandomForest -F 5 -T 0.01 -R 1 -E AUC -- -P 100 -I 100 -num-slots 1 -K 0 -M 1.0 -V 0.001 -S 1\\\\\\\" -S \\\\\\\"weka.attributeSelection.GreedyStepwise -B -T -1.7976931348623157E308 -N -1 -num-slots 1\\\\\\\"\\\" -S 1\" -S 1 -W weka.classifiers.trees.RandomForest -- -P 100 -I 100 -num-slots 1 -K 0 -M 1.0 -V 0.001 -S 1',-4523450618538717400,2.0260518171E7,4330.0,481.0,466.0,15.0,0.0,96.88149688149689,3.1185031185031185,0.0,0.8639269750862836,0.06755144935700498,0.1537657052002226,29.28910611715863,45.273756452001486,272.1308087156738,62.28094691951272,209.8498617961611,0.565760517080403,0.12948221812788507,0.43627829895251785,194.27315397075563,0.403894290999492,71.38962136908762,0.9832134292565947,410.0,0.125,8.0,0.875,56.0,0.016786570743405275,7.0,0.9808612440191388,0.9832134292565947,0.9820359281437125,0.8639625247424667,0.9929181654676259,0.9989445200066874,0.9688149688149689,0.1106015395583741,0.889398460441626,0.031185031185031187,0.9686237580974424,0.9688149688149689,0.9687108667730102,0.8639625247424667,0.9929181654676259,0.9926748844900394,0.93196284596162,0.9688149688149689,149.838,0.008,148.48,0.01,148480.0,10.0,2.7948307E7,1043340.0,161919.0,100.0,63.82536382536382,?,?
DatasetClassiRealeseNormalized,1,9,weka.classifiers.meta.FilteredClassifier,'-F \"weka.filters.MultiFilter -F \\\"weka.filters.supervised.attribute.AttributeSelection -E \\\\\\\"weka.attributeSelection.WrapperSubsetEval -B weka.classifiers.trees.RandomForest -F 5 -T 0.01 -R 1 -E AUC -- -P 100 -I 100 -num-slots 1 -K 0 -M 1.0 -V 0.001 -S 1\\\\\\\" -S \\\\\\\"weka.attributeSelection.GreedyStepwise -B -T -1.7976931348623157E308 -N -1 -num-slots 1\\\\\\\"\\\" -S 1\" -S 1 -W weka.classifiers.trees.RandomForest -- -P 100 -I 100 -num-slots 1 -K 0 -M 1.0 -V 0.001 -S 1',-4523450618538717400,2.02605181713E7,4330.0,481.0,458.0,23.0,0.0,95.21829521829522,4.781704781704781,0.0,0.7856464707136078,0.08046644963537132,0.17818860652591975,34.88882036839666,52.46467386125795,272.1308087156738,78.31141143904475,193.81939727662908,0.565760517080403,0.1628095871913612,0.40295092988904174,168.93234824395856,0.35121070320989306,62.07762694758369,0.9784172661870504,408.0,0.21875,14.0,0.78125,50.0,0.02158273381294964,9.0,0.966824644549763,0.9784172661870504,0.9725864123957093,0.7865008501094706,0.9854241606714629,0.9977599052125651,0.9521829521829522,0.19251568599590183,0.8074843140040981,0.04781704781704782,0.9509421307959344,0.9521829521829522,0.9513535432312141,0.7865008501094706,0.9854241606714629,0.9855646950951227,0.892797271238505,0.9521829521829522,149.406,0.008,148.07,0.01,148070.0,10.0,2.8601029E7,1043340.0,161919.0,99.79209979209979,64.55301455301455,?,?
DatasetClassiRealeseNormalized,1,10,weka.classifiers.meta.FilteredClassifier,'-F \"weka.filters.MultiFilter -F \\\"weka.filters.supervised.attribute.AttributeSelection -E \\\\\\\"weka.attributeSelection.WrapperSubsetEval -B weka.classifiers.trees.RandomForest -F 5 -T 0.01 -R 1 -E AUC -- -P 100 -I 100 -num-slots 1 -K 0 -M 1.0 -V 0.001 -S 1\\\\\\\" -S \\\\\\\"weka.attributeSelection.GreedyStepwise -B -T -1.7976931348623157E308 -N -1 -num-slots 1\\\\\\\"\\\" -S 1\" -S 1 -W weka.classifiers.trees.RandomForest -- -P 100 -I 100 -num-slots 1 -K 0 -M 1.0 -V 0.001 -S 1',-4523450618538717400,2.0260518171800002E7,4330.0,481.0,458.0,23.0,0.0,95.21829521829522,4.781704781704781,0.0,0.782673607700619,0.08023310044920286,0.17869303660483862,34.78764431457256,52.61319491483293,272.1308087156738,81.30221167362362,190.8285970420502,0.565760517080403,0.1690274670969306,0.39673304998347236,174.01750989217433,0.3617827648485953,63.9462730123991,0.9808153477218226,409.0,0.234375,15.0,0.765625,49.0,0.019184652278177457,8.0,0.964622641509434,0.9808153477218226,0.9726516052318669,0.7843912941725273,0.9807778776978417,0.9967443549762736,0.9521829521829522,0.20574260446112966,0.7942573955388704,0.04781704781704782,0.950655271037595,0.9521829521829522,0.9509988152297092,0.7843912941725274,0.9807778776978416,0.987108559945209,0.8912844803018839,0.9521829521829522,338.987,0.007,335.71,0.0,335710.0,0.0,2.75785E7,1043340.0,161919.0,99.79209979209979,65.38461538461539,?,?
DatasetClassiRealeseNormalized,2,1,weka.classifiers.meta.FilteredClassifier,'-F \"weka.filters.MultiFilter -F \\\"weka.filters.supervised.attribute.AttributeSelection -E \\\\\\\"weka.attributeSelection.WrapperSubsetEval -B weka.classifiers.trees.RandomForest -F 5 -T 0.01 -R 1 -E AUC -- -P 100 -I 100 -num-slots 1 -K 0 -M 1.0 -V 0.001 -S 1\\\\\\\" -S \\\\\\\"weka.attributeSelection.GreedyStepwise -B -T -1.7976931348623157E308 -N -1 -num-slots 1\\\\\\\"\\\" -S 1\" -S 1 -W weka.classifiers.trees.RandomForest -- -P 100 -I 100 -num-slots 1 -K 0 -M 1.0 -V 0.001 -S 1',-4523450618538717400,2.0260518172000002E7,4329.0,482.0,467.0,15.0,0.0,96.88796680497926,3.112033195020747,0.0,0.8583075294947674,0.07762465767993637,0.17954967144341638,33.68297133632291,52.91190992655753,272.3366817903761,84.05189297625994,188.28478881411615,0.565013862635635,0.1743815206976347,0.39063234193800034,177.96211559484246,0.3692160074581794,65.34636260708504,0.9904306220095693,414.0,0.171875,11.0,0.828125,53.0,0.009569377990430622,4.0,0.9741176470588235,0.9904306220095693,0.9822064056939501,0.8601900817311185,0.9789548444976076,0.9965458676766367,0.9688796680497925,0.15032404604022315,0.8496759539597768,0.03112033195020747,0.968236407469736,0.9688796680497925,0.9681086997563288,0.8601900817311184,0.9789548444976076,0.9821542872807846,0.9291197317725949,0.9688796680497925,78.328,0.007,77.32,0.01,77320.0,10.0,2.7145193E7,1043111.0,162148.0,99.5850622406639,64.10788381742739,?,?
DatasetClassiRealeseNormalized,2,2,weka.classifiers.meta.FilteredClassifier,'-F \"weka.filters.MultiFilter -F \\\"weka.filters.supervised.attribute.AttributeSelection -E \\\\\\\"weka.attributeSelection.WrapperSubsetEval -B weka.classifiers.trees.RandomForest -F 5 -T 0.01 -R 1 -E AUC -- -P 100 -I 100 -num-slots 1 -K 0 -M 1.0 -V 0.001 -S 1\\\\\\\" -S \\\\\\\"weka.attributeSelection.GreedyStepwise -B -T -1.7976931348623157E308 -N -1 -num-slots 1\\\\\\\"\\\" -S 1\" -S 1 -W weka.classifiers.trees.RandomForest -- -P 100 -I 100 -num-slots 1 -K 0 -M 1.0 -V 0.001 -S 1',-4523450618538717400,2.0260518172300003E7,4330.0,481.0,461.0,20.0,0.0,95.84199584199584,4.158004158004158,0.0,0.8012725169393489,0.07797072591719353,0.17460809498617677,34.00662224209871,51.753729583184814,269.42867131105754,76.3538239451887,193.07484736586883,0.5601427677984564,0.158739758721806,0.4014030090766504,178.49321085318007,0.3710877564515178,66.24878116520429,0.9904306220095693,414.0,0.25396825396825395,16.0,0.746031746031746,47.0,0.009569377990430622,4.0,0.9627906976744186,0.9904306220095693,0.9764150943396227,0.8070299639922119,0.9888736994000152,0.9983168027737951,0.9584199584199584,0.221957590378643,0.778042409621357,0.04158004158004158,0.9573915491836149,0.9584199584199584,0.9565257335863097,0.8070299639922118,0.9888736994000152,0.9904880424924918,0.9004882489241973,0.9584199584199584,215.603,0.009,213.25,0.01,213250.0,10.0,3.0147344E7,1043340.0,161919.0,100.0,66.21621621621621,?,?
DatasetClassiRealeseNormalized,2,3,weka.classifiers.meta.FilteredClassifier,'-F \"weka.filters.MultiFilter -F \\\"weka.filters.supervised.attribute.AttributeSelection -E \\\\\\\"weka.attributeSelection.WrapperSubsetEval -B weka.classifiers.trees.RandomForest -F 5 -T 0.01 -R 1 -E AUC -- -P 100 -I 100 -num-slots 1 -K 0 -M 1.0 -V 0.001 -S 1\\\\\\\" -S \\\\\\\"weka.attributeSelection.GreedyStepwise -B -T -1.7976931348623157E308 -N -1 -num-slots 1\\\\\\\"\\\" -S 1\" -S 1 -W weka.classifiers.trees.RandomForest -- -P 100 -I 100 -num-slots 1 -K 0 -M 1.0 -V 0.001 -S 1',-4523450618538717400,2.02605181726E7,4330.0,481.0,456.0,25.0,0.0,94.8024948024948,5.197505197505198,0.0,0.7499012083775299,0.08157460377137955,0.18217561313474745,35.36929627813149,53.6385816968546,272.1308087156738,80.88814507177247,191.24266364390135,0.565760517080403,0.16816662177083674,0.39759389530956624,172.98429867456812,0.3596347165791437,63.56659853802316,0.988009592326139,412.0,0.3125,20.0,0.6875,44.0,0.011990407673860911,5.0,0.9537037037037037,0.988009592326139,0.9705535924617196,0.7584895845372279,0.9844874100719424,0.9975433091428655,0.9480249480249481,0.2725153556988089,0.7274846443011911,0.05197505197505198,0.9462865534294106,0.9480249480249481,0.9450344200023676,0.7584895845372279,0.9844874100719424,0.988155014968858,0.874657327204311,0.9480249480249481,147.984,0.006,147.08,0.01,147080.0,10.0,2.837252E7,1043340.0,161919.0,99.79209979209979,64.96881496881497,?,?
DatasetClassiRealeseNormalized,2,4,weka.classifiers.meta.FilteredClassifier,'-F \"weka.filters.MultiFilter -F \\\"weka.filters.supervised.attribute.AttributeSelection -E \\\\\\\"weka.attributeSelection.WrapperSubsetEval -B weka.classifiers.trees.RandomForest -F 5 -T 0.01 -R 1 -E AUC -- -P 100 -I 100 -num-slots 1 -K 0 -M 1.0 -V 0.001 -S 1\\\\\\\" -S \\\\\\\"weka.attributeSelection.GreedyStepwise -B -T -1.7976931348623157E308 -N -1 -num-slots 1\\\\\\\"\\\" -S 1\" -S 1 -W weka.classifiers.trees.RandomForest -- -P 100 -I 100 -num-slots 1 -K 0 -M 1.0 -V 0.001 -S 1',-4523450618538717400,2.0260518172900002E7,4330.0,481.0,466.0,15.0,0.0,96.88149688149689,3.1185031185031185,0.0,0.8602042200306138,0.07513064017117949,0.1639266200352927,32.575308354883546,48.26546896015462,272.1308087156738,68.65985227321936,203.47095644245445,0.565760517080403,0.14274397561999866,0.42301654146040424,180.9175612397358,0.37612798594539665,66.4818372067387,0.988009592326139,412.0,0.15625,10.0,0.84375,54.0,0.011990407673860911,5.0,0.976303317535545,0.988009592326139,0.9821215733015495,0.8611396799215758,0.9922062350119905,0.9988144265171837,0.9688149688149689,0.1370553764888297,0.8629446235111703,0.031185031185031187,0.9681803629911913,0.9688149688149689,0.9682740499334005,0.8611396799215757,0.9922062350119905,0.9929136458217044,0.9300851768946772,0.9688149688149689,220.059,0.007,216.83,0.0,216830.0,0.0,2.9158686E7,1043340.0,161919.0,100.0,64.44906444906445,?,?
DatasetClassiRealeseNormalized,2,5,weka.classifiers.meta.FilteredClassifier,'-F \"weka.filters.MultiFilter -F \\\"weka.filters.supervised.attribute.AttributeSelection -E \\\\\\\"weka.attributeSelection.WrapperSubsetEval -B weka.classifiers.trees.RandomForest -F 5 -T 0.01 -R 1 -E AUC -- -P 100 -I 100 -num-slots 1 -K 0 -M 1.0 -V 0.001 -S 1\\\\\\\" -S \\\\\\\"weka.attributeSelection.GreedyStepwise -B -T -1.7976931348623157E308 -N -1 -num-slots 1\\\\\\\"\\\" -S 1\" -S 1 -W weka.classifiers.trees.RandomForest -- -P 100 -I 100 -num-slots 1 -K 0 -M 1.0 -V 0.001 -S 1',-4523450618538717400,2.02605181733E7,4330.0,481.0,464.0,17.0,0.0,96.46569646569647,3.5343035343035343,0.0,0.845783905097788,0.0841221312563836,0.17285580262786618,36.4738588531005,50.89451837975847,272.1308087156738,77.21322665757654,194.91758205809728,0.565760517080403,0.16052645874756039,0.4052340583328426,171.21127232957568,0.35594859112177896,62.915063949433105,0.9808153477218226,409.0,0.140625,9.0,0.859375,55.0,0.019184652278177457,8.0,0.9784688995215312,0.9808153477218226,0.9796407185628744,0.8458187081863575,0.9895458633093526,0.9984227056256366,0.9646569646569647,0.12446661693514212,0.875533383064858,0.035343035343035345,0.9644377275956224,0.9646569646569647,0.964538982342745,0.8458187081863575,0.9895458633093526,0.9892332512013383,0.9228912254231695,0.9646569646569647,214.461,0.008,212.75,0.01,212750.0,10.0,3.162708E7,1043340.0,161919.0,100.0,65.9043659043659,?,?
DatasetClassiRealeseNormalized,2,6,weka.classifiers.meta.FilteredClassifier,'-F \"weka.filters.MultiFilter -F \\\"weka.filters.supervised.attribute.AttributeSelection -E \\\\\\\"weka.attributeSelection.WrapperSubsetEval -B weka.classifiers.trees.RandomForest -F 5 -T 0.01 -R 1 -E AUC -- -P 100 -I 100 -num-slots 1 -K 0 -M 1.0 -V 0.001 -S 1\\\\\\\" -S \\\\\\\"weka.attributeSelection.GreedyStepwise -B -T -1.7976931348623157E308 -N -1 -num-slots 1\\\\\\\"\\\" -S 1\" -S 1 -W weka.classifiers.trees.RandomForest -- -P 100 -I 100 -num-slots 1 -K 0 -M 1.0 -V 0.001 -S 1',-4523450618538717400,2.02605181737E7,4330.0,481.0,454.0,27.0,0.0,94.38669438669439,5.613305613305613,0.0,0.7517632891794257,0.08774207932143055,0.19675989978444897,38.043403903946526,57.93268252346601,272.1308087156738,91.64923853876788,180.48157017690596,0.565760517080403,0.19053895746105587,0.3752215596193471,157.67573842802202,0.3278081880000458,57.94115674449926,0.9712230215827338,405.0,0.234375,15.0,0.765625,49.0,0.02877697841726619,12.0,0.9642857142857143,0.9712230215827338,0.967741935483871,0.7520494077174088,0.9764688249400479,0.9962636880500104,0.9438669438669439,0.20701892228421007,0.79298107771579,0.056133056133056136,0.94286274204307,0.9438669438669439,0.9432939440681376,0.7520494077174088,0.9764688249400479,0.9820049957715855,0.8758709677419355,0.9438669438669439,214.7,0.007,213.15,0.01,213150.0,10.0,2.7354578E7,1043340.0,161919.0,99.79209979209979,65.6964656964657,?,?
DatasetClassiRealeseNormalized,2,7,weka.classifiers.meta.FilteredClassifier,'-F \"weka.filters.MultiFilter -F \\\"weka.filters.supervised.attribute.AttributeSelection -E \\\\\\\"weka.attributeSelection.WrapperSubsetEval -B weka.classifiers.trees.RandomForest -F 5 -T 0.01 -R 1 -E AUC -- -P 100 -I 100 -num-slots 1 -K 0 -M 1.0 -V 0.001 -S 1\\\\\\\" -S \\\\\\\"weka.attributeSelection.GreedyStepwise -B -T -1.7976931348623157E308 -N -1 -num-slots 1\\\\\\\"\\\" -S 1\" -S 1 -W weka.classifiers.trees.RandomForest -- -P 100 -I 100 -num-slots 1 -K 0 -M 1.0 -V 0.001 -S 1',-4523450618538717400,2.0260518173800003E7,4330.0,481.0,467.0,14.0,0.0,97.0893970893971,2.9106029106029108,0.0,0.8686253853057083,0.071749531305633,0.15674454713595953,31.1093197299276,46.150826954373606,272.1308087156738,64.9227083993663,207.20810031630754,0.565760517080403,0.1349744457367283,0.4307860713436747,186.39321260116236,0.38751187650969304,68.49397665808162,0.9904076738609112,413.0,0.15625,10.0,0.84375,54.0,0.009592326139088728,4.0,0.9763593380614657,0.9904076738609112,0.9833333333333334,0.8700054705868508,0.9936300959232613,0.9990266211739064,0.9708939708939709,0.13673629703305962,0.8632637029669404,0.029106029106029108,0.9703285880835404,0.9708939708939709,0.9702821989707237,0.870005470586851,0.9936300959232615,0.9943289153594425,0.9342896174863389,0.9708939708939709,78.972,0.007,78.13,0.01,78130.0,10.0,2.8337406E7,1043340.0,161919.0,100.0,63.92931392931393,?,?
DatasetClassiRealeseNormalized,2,8,weka.classifiers.meta.FilteredClassifier,'-F \"weka.filters.MultiFilter -F \\\"weka.filters.supervised.attribute.AttributeSelection -E \\\\\\\"weka.attributeSelection.WrapperSubsetEval -B weka.classifiers.trees.RandomForest -F 5 -T 0.01 -R 1 -E AUC -- -P 100 -I 100 -num-slots 1 -K 0 -M 1.0 -V 0.001 -S 1\\\\\\\" -S \\\\\\\"weka.attributeSelection.GreedyStepwise -B -T -1.7976931348623157E308 -N -1 -num-slots 1\\\\\\\"\\\" -S 1\" -S 1 -W weka.classifiers.trees.RandomForest -- -P 100 -I 100 -num-slots 1 -K 0 -M 1.0 -V 0.001 -S 1',-4523450618538717400,2.0260518174000002E7,4330.0,481.0,463.0,18.0,0.0,96.25779625779626,3.7422037422037424,0.0,0.8356179988608315,0.07757598675490392,0.1695242200818871,33.63556710973895,49.91358926692418,272.1308087156738,72.66352620460933,199.4672825110645,0.565760517080403,0.15106762204700483,0.4146928950333981,179.50902114572406,0.37319962816158847,65.96424050364605,0.9808153477218226,409.0,0.15625,10.0,0.84375,54.0,0.019184652278177457,8.0,0.9761336515513126,0.9808153477218226,0.9784688995215312,0.8357574140120331,0.989658273381295,0.9984224597896164,0.9625779625779626,0.13801261485614005,0.86198738514386,0.037422037422037424,0.9621406822884997,0.9625779625779626,0.9623257254836203,0.835757414012033,0.989658273381295,0.9906945920880998,0.9178058783321941,0.9625779625779626,148.535,0.007,146.83,0.01,146830.0,10.0,2.7945363E7,1043340.0,161919.0,100.0,66.21621621621621,?,?
DatasetClassiRealeseNormalized,2,9,weka.classifiers.meta.FilteredClassifier,'-F \"weka.filters.MultiFilter -F \\\"weka.filters.supervised.attribute.AttributeSelection -E \\\\\\\"weka.attributeSelection.WrapperSubsetEval -B weka.classifiers.trees.RandomForest -F 5 -T 0.01 -R 1 -E AUC -- -P 100 -I 100 -num-slots 1 -K 0 -M 1.0 -V 0.001 -S 1\\\\\\\" -S \\\\\\\"weka.attributeSelection.GreedyStepwise -B -T -1.7976931348623157E308 -N -1 -num-slots 1\\\\\\\"\\\" -S 1\" -S 1 -W weka.classifiers.trees.RandomForest -- -P 100 -I 100 -num-slots 1 -K 0 -M 1.0 -V 0.001 -S 1',-4523450618538717400,2.02605181743E7,4330.0,481.0,465.0,16.0,0.0,96.67359667359668,3.3264033264033266,0.0,0.8558153477218226,0.07653060166981082,0.1652754620425495,33.18230674327708,48.662613072681246,272.1308087156738,70.22778665525976,201.90302206041406,0.565760517080403,0.14600371445999952,0.41975680262040344,177.71450791976653,0.36946883143402603,65.30481012366563,0.9808153477218226,409.0,0.125,8.0,0.875,56.0,0.019184652278177457,8.0,0.9808153477218226,0.9808153477218226,0.9808153477218226,0.8558153477218226,0.9907449040767387,0.9985744085708993,0.9667359667359667,0.1109206190141442,0.8890793809858558,0.033264033264033266,0.9667359667359667,0.9667359667359667,0.9667359667359667,0.8558153477218226,0.9907449040767385,0.9920593090100386,0.9279076738609113,0.9667359667359667,147.606,0.007,146.05,0.0,146050.0,0.0,2.8872155E7,1043340.0,161919.0,100.0,65.17671517671518,?,?
DatasetClassiRealeseNormalized,2,10,weka.classifiers.meta.FilteredClassifier,'-F \"weka.filters.MultiFilter -F \\\"weka.filters.supervised.attribute.AttributeSelection -E \\\\\\\"weka.attributeSelection.WrapperSubsetEval -B weka.classifiers.trees.RandomForest -F 5 -T 0.01 -R 1 -E AUC -- -P 100 -I 100 -num-slots 1 -K 0 -M 1.0 -V 0.001 -S 1\\\\\\\" -S \\\\\\\"weka.attributeSelection.GreedyStepwise -B -T -1.7976931348623157E308 -N -1 -num-slots 1\\\\\\\"\\\" -S 1\" -S 1 -W weka.classifiers.trees.RandomForest -- -P 100 -I 100 -num-slots 1 -K 0 -M 1.0 -V 0.001 -S 1',-4523450618538717400,2.0260518174500003E7,4330.0,481.0,460.0,21.0,0.0,95.63409563409563,4.365904365904366,0.0,0.7987808522082115,0.084756040387248,0.1912968089607455,36.748710569521855,56.32416622195747,272.1308087156738,92.17786273988585,179.95294597578797,0.565760517080403,0.19163796827419097,0.374122548806212,169.89339765957163,0.3532087269429764,62.43078410025919,0.9856115107913669,411.0,0.234375,15.0,0.765625,49.0,0.014388489208633094,6.0,0.9647887323943662,0.9856115107913669,0.9750889679715302,0.8017677014386754,0.9726843525179856,0.9954112847892015,0.9563409563409564,0.20510444554958943,0.7948955544504106,0.04365904365904366,0.954958592986762,0.9563409563409564,0.9549230394949464,0.8017677014386754,0.9726843525179856,0.9822255103006362,0.899309189868118,0.9563409563409564,146.605,0.007,145.29,0.01,145290.0,10.0,2.8583843E7,1043340.0,161919.0,99.58419958419958,66.21621621621621,?,?
DatasetClassiRealeseNormalized,3,1,weka.classifiers.meta.FilteredClassifier,'-F \"weka.filters.MultiFilter -F \\\"weka.filters.supervised.attribute.AttributeSelection -E \\\\\\\"weka.attributeSelection.WrapperSubsetEval -B weka.classifiers.trees.RandomForest -F 5 -T 0.01 -R 1 -E AUC -- -P 100 -I 100 -num-slots 1 -K 0 -M 1.0 -V 0.001 -S 1\\\\\\\" -S \\\\\\\"weka.attributeSelection.GreedyStepwise -B -T -1.7976931348623157E308 -N -1 -num-slots 1\\\\\\\"\\\" -S 1\" -S 1 -W weka.classifiers.trees.RandomForest -- -P 100 -I 100 -num-slots 1 -K 0 -M 1.0 -V 0.001 -S 1',-4523450618538717400,2.0260518174700003E7,4329.0,482.0,465.0,17.0,0.0,96.47302904564316,3.5269709543568464,0.0,0.841612865813585,0.07371138023427817,0.1590667577804944,31.984917960336773,46.87575249973912,272.3366817903761,65.36316060840966,206.97352118196642,0.565013862635635,0.13560821702989556,0.42940564560573946,185.48935918493555,0.3848326954044306,68.11031035757095,0.9856459330143541,412.0,0.171875,11.0,0.828125,53.0,0.014354066985645933,6.0,0.9739952718676123,0.9856459330143541,0.9797859690844233,0.842527551519842,0.9941686602870813,0.9991369851478293,0.9647302904564315,0.15095935744207747,0.8490406425579224,0.035269709543568464,0.9639451225402298,0.9647302904564315,0.964118271000009,0.8425275515198419,0.9941686602870813,0.9939983665407657,0.9207872934853011,0.9647302904564315,78.301,0.006,77.61,0.01,77610.0,10.0,2.8176713E7,1043111.0,162148.0,100.0,63.90041493775934,?,?
DatasetClassiRealeseNormalized,3,2,weka.classifiers.meta.FilteredClassifier,'-F \"weka.filters.MultiFilter -F \\\"weka.filters.supervised.attribute.AttributeSelection -E \\\\\\\"weka.attributeSelection.WrapperSubsetEval -B weka.classifiers.trees.RandomForest -F 5 -T 0.01 -R 1 -E AUC -- -P 100 -I 100 -num-slots 1 -K 0 -M 1.0 -V 0.001 -S 1\\\\\\\" -S \\\\\\\"weka.attributeSelection.GreedyStepwise -B -T -1.7976931348623157E308 -N -1 -num-slots 1\\\\\\\"\\\" -S 1\" -S 1 -W weka.classifiers.trees.RandomForest -- -P 100 -I 100 -num-slots 1 -K 0 -M 1.0 -V 0.001 -S 1',-4523450618538717400,2.0260518174900003E7,4330.0,481.0,464.0,17.0,0.0,96.46569646569647,3.5343035343035343,0.0,0.8393295738117229,0.07116875920440736,0.16526000794597867,31.03997149229413,48.98296246132377,269.42867131105754,68.72141143538505,200.7072598756725,0.5601427677984564,0.14287195724612275,0.41727081055233367,183.51103921429834,0.3815198320463583,68.11117700329429,0.9856459330143541,412.0,0.1746031746031746,11.0,0.8253968253968254,52.0,0.014354066985645933,6.0,0.9739952718676123,0.9856459330143541,0.9797859690844233,0.8402683124853049,0.9904685957317536,0.9985601426246187,0.9646569646569647,0.15361420624578517,0.8463857937542149,0.035343035343035345,0.9638519381732881,0.9646569646569647,0.9640317991847556,0.8402683124853049,0.9904685957317537,0.991877927077676,0.9196450506579141,0.9646569646569647,147.72,0.006,146.42,0.01,146420.0,10.0,2.7469376E7,1043340.0,161919.0,100.0,63.72141372141372,?,?
DatasetClassiRealeseNormalized,3,3,weka.classifiers.meta.FilteredClassifier,'-F \"weka.filters.MultiFilter -F \\\"weka.filters.supervised.attribute.AttributeSelection -E \\\\\\\"weka.attributeSelection.WrapperSubsetEval -B weka.classifiers.trees.RandomForest -F 5 -T 0.01 -R 1 -E AUC -- -P 100 -I 100 -num-slots 1 -K 0 -M 1.0 -V 0.001 -S 1\\\\\\\" -S \\\\\\\"weka.attributeSelection.GreedyStepwise -B -T -1.7976931348623157E308 -N -1 -num-slots 1\\\\\\\"\\\" -S 1\" -S 1 -W weka.classifiers.trees.RandomForest -- -P 100 -I 100 -num-slots 1 -K 0 -M 1.0 -V 0.001 -S 1',-4523450618538717400,2.0260518175300002E7,4330.0,481.0,462.0,19.0,0.0,96.04989604989605,3.95010395010395,0.0,0.8253149072003366,0.07460669420744263,0.17243888695295334,32.34813471053369,50.771764488034385,272.1308087156738,72.52033274152656,199.61047597414728,0.565760517080403,0.15076992253955626,0.41499059454084675,175.26598304778676,0.3643783431346918,64.40504986368786,0.9808153477218226,409.0,0.171875,11.0,0.828125,53.0,0.019184652278177457,8.0,0.9738095238095238,0.9808153477218226,0.977299880525687,0.8256290192327047,0.9881220023980816,0.9981825242749288,0.9604989604989606,0.15155861277713797,0.8484413872228621,0.0395010395010395,0.9598443426312279,0.9604989604989606,0.9600957384183191,0.8256290192327047,0.9881220023980816,0.9896798668309844,0.9126499402628435,0.9604989604989606,215.236,0.007,212.81,0.0,212810.0,0.0,2.6934395E7,1043340.0,161919.0,100.0,63.0977130977131,?,?
DatasetClassiRealeseNormalized,3,4,weka.classifiers.meta.FilteredClassifier,'-F \"weka.filters.MultiFilter -F \\\"weka.filters.supervised.attribute.AttributeSelection -E \\\\\\\"weka.attributeSelection.WrapperSubsetEval -B weka.classifiers.trees.RandomForest -F 5 -T 0.01 -R 1 -E AUC -- -P 100 -I 100 -num-slots 1 -K 0 -M 1.0 -V 0.001 -S 1\\\\\\\" -S \\\\\\\"weka.attributeSelection.GreedyStepwise -B -T -1.7976931348623157E308 -N -1 -num-slots 1\\\\\\\"\\\" -S 1\" -S 1 -W weka.classifiers.trees.RandomForest -- -P 100 -I 100 -num-slots 1 -K 0 -M 1.0 -V 0.001 -S 1',-4523450618538717400,2.0260518175600003E7,4330.0,481.0,465.0,16.0,0.0,96.67359667359668,3.3264033264033266,0.0,0.8518974674774844,0.07168466348760895,0.15642545514991213,31.081194198591422,46.05687562209646,272.1308087156738,64.04454130328644,208.08626741238737,0.565760517080403,0.13314873451826703,0.4326117825621359,189.5180135904905,0.39400834426297404,69.64224833083918,0.9856115107913669,411.0,0.15625,10.0,0.84375,54.0,0.014388489208633094,6.0,0.9762470308788599,0.9856115107913669,0.9809069212410502,0.8524820006053738,0.9941546762589928,0.9991344857942216,0.9667359667359667,0.13737445594459982,0.8626255440554002,0.033264033264033266,0.9661018957931073,0.9667359667359667,0.9662788391712868,0.8524820006053738,0.9941546762589928,0.993937620844109,0.9259373315882671,0.9667359667359667,214.897,0.008,212.73,0.01,212730.0,10.0,2.7912354E7,1043340.0,161919.0,100.0,64.34511434511434,?,?
DatasetClassiRealeseNormalized,3,5,weka.classifiers.meta.FilteredClassifier,'-F \"weka.filters.MultiFilter -F \\\"weka.filters.supervised.attribute.AttributeSelection -E \\\\\\\"weka.attributeSelection.WrapperSubsetEval -B weka.classifiers.trees.RandomForest -F 5 -T 0.01 -R 1 -E AUC -- -P 100 -I 100 -num-slots 1 -K 0 -M 1.0 -V 0.001 -S 1\\\\\\\" -S \\\\\\\"weka.attributeSelection.GreedyStepwise -B -T -1.7976931348623157E308 -N -1 -num-slots 1\\\\\\\"\\\" -S 1\" -S 1 -W weka.classifiers.trees.RandomForest -- -P 100 -I 100 -num-slots 1 -K 0 -M 1.0 -V 0.001 -S 1',-4523450618538717400,2.02605181759E7,4330.0,481.0,451.0,30.0,0.0,93.76299376299376,6.237006237006237,0.0,0.7020687946483876,0.09331874280929572,0.20394407923123192,40.46134593524995,60.04794476713474,272.1308087156738,101.59849484598553,170.5323138696883,0.565760517080403,0.21122348200828592,0.35453703507211703,157.3251687080862,0.32707935282346406,57.812332771355486,0.9808153477218226,409.0,0.34375,22.0,0.65625,42.0,0.019184652278177457,8.0,0.9489559164733179,0.9808153477218226,0.9646226415094339,0.7089544944954249,0.9729841127098321,0.9956425370471289,0.9376299376299376,0.3005645899081151,0.6994354100918849,0.062370062370062374,0.9344586635537913,0.9376299376299376,0.934315044171052,0.708954494495425,0.9729841127098321,0.9746653118603295,0.8507323733862959,0.9376299376299376,149.072,0.007,147.76,0.0,147760.0,0.0,2.7883224E7,1043340.0,161919.0,99.58419958419958,65.8004158004158,?,?
DatasetClassiRealeseNormalized,3,6,weka.classifiers.meta.FilteredClassifier,'-F \"weka.filters.MultiFilter -F \\\"weka.filters.supervised.attribute.AttributeSelection -E \\\\\\\"weka.attributeSelection.WrapperSubsetEval -B weka.classifiers.trees.RandomForest -F 5 -T 0.01 -R 1 -E AUC -- -P 100 -I 100 -num-slots 1 -K 0 -M 1.0 -V 0.001 -S 1\\\\\\\" -S \\\\\\\"weka.attributeSelection.GreedyStepwise -B -T -1.7976931348623157E308 -N -1 -num-slots 1\\\\\\\"\\\" -S 1\" -S 1 -W weka.classifiers.trees.RandomForest -- -P 100 -I 100 -num-slots 1 -K 0 -M 1.0 -V 0.001 -S 1',-4523450618538717400,2.02605181801E7,4330.0,481.0,463.0,18.0,0.0,96.25779625779626,3.7422037422037424,0.0,0.83338465091217,0.08257643868067344,0.17800714437941342,35.8036740635008,52.41124534795267,272.1308087156738,80.71598969151866,191.41481902415518,0.565760517080403,0.16780871037737766,0.3979518067030253,169.27576840262353,0.35192467443372877,62.20382366903752,0.9832134292565947,410.0,0.171875,11.0,0.828125,53.0,0.016786570743405275,7.0,0.9738717339667459,0.9832134292565947,0.9785202863961814,0.8339564813909894,0.9836630695443646,0.9974166992223894,0.9625779625779626,0.15123953332136783,0.8487604666786321,0.037422037422037424,0.961825044485377,0.9625779625779626,0.9620636940676974,0.8339564813909894,0.9836630695443646,0.9846441597534011,0.9166794980368003,0.9625779625779626,146.554,0.007,145.3,0.01,145300.0,10.0,2.9117645E7,1043340.0,161919.0,99.79209979209979,65.48856548856548,?,?
DatasetClassiRealeseNormalized,3,7,weka.classifiers.meta.FilteredClassifier,'-F \"weka.filters.MultiFilter -F \\\"weka.filters.supervised.attribute.AttributeSelection -E \\\\\\\"weka.attributeSelection.WrapperSubsetEval -B weka.classifiers.trees.RandomForest -F 5 -T 0.01 -R 1 -E AUC -- -P 100 -I 100 -num-slots 1 -K 0 -M 1.0 -V 0.001 -S 1\\\\\\\" -S \\\\\\\"weka.attributeSelection.GreedyStepwise -B -T -1.7976931348623157E308 -N -1 -num-slots 1\\\\\\\"\\\" -S 1\" -S 1 -W weka.classifiers.trees.RandomForest -- -P 100 -I 100 -num-slots 1 -K 0 -M 1.0 -V 0.001 -S 1',-4523450618538717400,2.02605181805E7,4330.0,481.0,457.0,24.0,0.0,95.01039501039502,4.98960498960499,0.0,0.765079365079365,0.08900980100740517,0.19722675478327564,38.59306546326115,58.07014021917102,272.1308087156738,92.7396908233066,179.39111789236722,0.565760517080403,0.19280601002766445,0.3729545070527385,160.23037398228004,0.3331192806284408,58.87990953265825,0.9856115107913669,411.0,0.28125,18.0,0.71875,46.0,0.014388489208633094,6.0,0.958041958041958,0.9856115107913669,0.9716312056737588,0.770412486239394,0.9791291966426858,0.9967651173289045,0.9501039501039501,0.2457424393125832,0.7542575606874168,0.0498960498960499,0.9482721021182559,0.9501039501039501,0.9478769926312113,0.7704124862393938,0.9791291966426858,0.9808729555862098,0.8823673269748105,0.9501039501039501,212.859,0.007,210.91,0.01,210910.0,10.0,2.8313494E7,1043340.0,161919.0,100.0,66.11226611226611,?,?
DatasetClassiRealeseNormalized,3,8,weka.classifiers.meta.FilteredClassifier,'-F \"weka.filters.MultiFilter -F \\\"weka.filters.supervised.attribute.AttributeSelection -E \\\\\\\"weka.attributeSelection.WrapperSubsetEval -B weka.classifiers.trees.RandomForest -F 5 -T 0.01 -R 1 -E AUC -- -P 100 -I 100 -num-slots 1 -K 0 -M 1.0 -V 0.001 -S 1\\\\\\\" -S \\\\\\\"weka.attributeSelection.GreedyStepwise -B -T -1.7976931348623157E308 -N -1 -num-slots 1\\\\\\\"\\\" -S 1\" -S 1 -W weka.classifiers.trees.RandomForest -- -P 100 -I 100 -num-slots 1 -K 0 -M 1.0 -V 0.001 -S 1',-4523450618538717400,2.02605181808E7,4330.0,481.0,460.0,21.0,0.0,95.63409563409563,4.365904365904366,0.0,0.7959105328026188,0.0767426566090817,0.1781371241362938,33.274249990655065,52.44951572722242,272.1308087156738,77.66580842374027,194.46500029193356,0.565760517080403,0.16146737718033322,0.40429313990006976,177.75368461747922,0.36955027987001915,65.31920639797855,0.988009592326139,412.0,0.25,16.0,0.75,48.0,0.011990407673860911,5.0,0.9626168224299065,0.988009592326139,0.9751479289940829,0.800497908955368,0.9866981414868106,0.9979342301136443,0.9563409563409564,0.21833136401481723,0.7816686359851828,0.04365904365904366,0.9550384180960799,0.9563409563409564,0.9545727794248504,0.800497908955368,0.9866981414868106,0.9893683627741192,0.8978303747534517,0.9563409563409564,213.273,0.007,210.41,0.01,210410.0,10.0,2.7640377E7,1043340.0,161919.0,100.0,65.17671517671518,?,?
DatasetClassiRealeseNormalized,3,9,weka.classifiers.meta.FilteredClassifier,'-F \"weka.filters.MultiFilter -F \\\"weka.filters.supervised.attribute.AttributeSelection -E \\\\\\\"weka.attributeSelection.WrapperSubsetEval -B weka.classifiers.trees.RandomForest -F 5 -T 0.01 -R 1 -E AUC -- -P 100 -I 100 -num-slots 1 -K 0 -M 1.0 -V 0.001 -S 1\\\\\\\" -S \\\\\\\"weka.attributeSelection.GreedyStepwise -B -T -1.7976931348623157E308 -N -1 -num-slots 1\\\\\\\"\\\" -S 1\" -S 1 -W weka.classifiers.trees.RandomForest -- -P 100 -I 100 -num-slots 1 -K 0 -M 1.0 -V 0.001 -S 1',-4523450618538717400,2.02605181812E7,4330.0,481.0,465.0,16.0,0.0,96.67359667359668,3.3264033264033266,0.0,0.8498575832065238,0.07668600234153652,0.17685844568524747,33.24968570861648,52.073030107768375,272.1308087156738,79.35805530319809,192.77275341247574,0.565760517080403,0.16498556196091077,0.4007749551194922,180.3738936777764,0.3749976999537971,66.28205550450322,0.988009592326139,412.0,0.171875,11.0,0.828125,53.0,0.011990407673860911,5.0,0.9739952718676123,0.988009592326139,0.9809523809523809,0.8512078499169976,0.9819769184652278,0.9969531351358688,0.9667359667359667,0.15060137440982763,0.8493986255901723,0.033264033264033266,0.9659850041361413,0.9667359667359667,0.966036798823684,0.8512078499169976,0.9819769184652278,0.9869844864524592,0.9249024199843872,0.9667359667359667,213.791,0.008,211.88,0.01,211880.0,10.0,2.8370023E7,1043340.0,161919.0,99.79209979209979,64.76091476091476,?,?
DatasetClassiRealeseNormalized,3,10,weka.classifiers.meta.FilteredClassifier,'-F \"weka.filters.MultiFilter -F \\\"weka.filters.supervised.attribute.AttributeSelection -E \\\\\\\"weka.attributeSelection.WrapperSubsetEval -B weka.classifiers.trees.RandomForest -F 5 -T 0.01 -R 1 -E AUC -- -P 100 -I 100 -num-slots 1 -K 0 -M 1.0 -V 0.001 -S 1\\\\\\\" -S \\\\\\\"weka.attributeSelection.GreedyStepwise -B -T -1.7976931348623157E308 -N -1 -num-slots 1\\\\\\\"\\\" -S 1\" -S 1 -W weka.classifiers.trees.RandomForest -- -P 100 -I 100 -num-slots 1 -K 0 -M 1.0 -V 0.001 -S 1',-4523450618538717400,2.02605181814E7,4330.0,481.0,468.0,13.0,0.0,97.29729729729729,2.7027027027027026,0.0,0.8804786207160199,0.0740864932941954,0.15436269117701665,32.12258485341932,45.44952905151216,272.1308087156738,65.85818062966969,206.27262808600415,0.565760517080403,0.13691929444837772,0.42884122263202523,184.61222022183534,0.38380918965038535,67.8395147881697,0.988009592326139,412.0,0.125,8.0,0.875,56.0,0.011990407673860911,5.0,0.9809523809523809,0.988009592326139,0.9844683393070489,0.8808137278691767,0.9933303357314148,0.9989445194651192,0.972972972972973,0.10996338064683389,0.8900366193531661,0.02702702702702703,0.9725805430723463,0.972972972972973,0.972697084180955,0.8808137278691767,0.9933303357314148,0.9947447970147176,0.9402341696535244,0.972972972972973,148.358,0.007,146.61,0.01,146610.0,10.0,3.0137118E7,1043340.0,161919.0,100.0,64.76091476091476,?,?
DatasetClassiRealeseNormalized,4,1,weka.classifiers.meta.FilteredClassifier,'-F \"weka.filters.MultiFilter -F \\\"weka.filters.supervised.attribute.AttributeSelection -E \\\\\\\"weka.attributeSelection.WrapperSubsetEval -B weka.classifiers.trees.RandomForest -F 5 -T 0.01 -R 1 -E AUC -- -P 100 -I 100 -num-slots 1 -K 0 -M 1.0 -V 0.001 -S 1\\\\\\\" -S \\\\\\\"weka.attributeSelection.GreedyStepwise -B -T -1.7976931348623157E308 -N -1 -num-slots 1\\\\\\\"\\\" -S 1\" -S 1 -W weka.classifiers.trees.RandomForest -- -P 100 -I 100 -num-slots 1 -K 0 -M 1.0 -V 0.001 -S 1',-4523450618538717400,2.02605181816E7,4329.0,482.0,472.0,10.0,0.0,97.9253112033195,2.074688796680498,0.0,0.9061891786687425,0.08190403842651832,0.164952616673357,35.53988463336651,48.61026993480844,272.3366817903761,73.37813225658685,198.9585495337892,0.565013862635635,0.1522367889140806,0.41277707372155437,166.32480880094533,0.3450722174293472,61.0732302778696,0.9952153110047847,416.0,0.125,8.0,0.875,56.0,0.004784688995215311,2.0,0.9811320754716981,0.9952153110047847,0.9881235154394298,0.9076280789376049,0.9914772727272727,0.9986538565710907,0.979253112033195,0.10903780102841033,0.8909621989715897,0.02074688796680498,0.979058736505074,0.979253112033195,0.9788168626853473,0.9076280789376049,0.9914772727272727,0.9936563789055767,0.9530781511623378,0.979253112033195,77.826,0.007,77.02,0.01,77020.0,10.0,2.9719366E7,1043111.0,162148.0,100.0,65.66390041493776,?,?
DatasetClassiRealeseNormalized,4,2,weka.classifiers.meta.FilteredClassifier,'-F \"weka.filters.MultiFilter -F \\\"weka.filters.supervised.attribute.AttributeSelection -E \\\\\\\"weka.attributeSelection.WrapperSubsetEval -B weka.classifiers.trees.RandomForest -F 5 -T 0.01 -R 1 -E AUC -- -P 100 -I 100 -num-slots 1 -K 0 -M 1.0 -V 0.001 -S 1\\\\\\\" -S \\\\\\\"weka.attributeSelection.GreedyStepwise -B -T -1.7976931348623157E308 -N -1 -num-slots 1\\\\\\\"\\\" -S 1\" -S 1 -W weka.classifiers.trees.RandomForest -- -P 100 -I 100 -num-slots 1 -K 0 -M 1.0 -V 0.001 -S 1',-4523450618538717400,2.02605181818E7,4330.0,481.0,461.0,20.0,0.0,95.84199584199584,4.158004158004158,0.0,0.8069358593561853,0.07933952566766075,0.1793539119090707,34.60361881346131,53.160386735582016,269.42867131105754,82.08863071973167,187.34004059132587,0.5601427677984564,0.17066243392875607,0.3894803338697004,167.23438821306456,0.347680640775602,62.070004427996146,0.9856459330143541,412.0,0.2222222222222222,14.0,0.7777777777777778,49.0,0.014354066985645933,6.0,0.9671361502347418,0.9856459330143541,0.976303317535545,0.8093528785527079,0.9794941900205059,0.9966349328327763,0.9584199584199584,0.19499624762782655,0.8050037523721735,0.04158004158004158,0.9571521487014445,0.9584199584199584,0.9572075272934779,0.8093528785527079,0.9794941900205059,0.9868280845473173,0.9034058960559082,0.9584199584199584,148.769,0.008,147.6,0.01,147600.0,10.0,2.8417619E7,1043340.0,161919.0,99.58419958419958,64.44906444906445,?,?
DatasetClassiRealeseNormalized,4,3,weka.classifiers.meta.FilteredClassifier,'-F \"weka.filters.MultiFilter -F \\\"weka.filters.supervised.attribute.AttributeSelection -E \\\\\\\"weka.attributeSelection.WrapperSubsetEval -B weka.classifiers.trees.RandomForest -F 5 -T 0.01 -R 1 -E AUC -- -P 100 -I 100 -num-slots 1 -K 0 -M 1.0 -V 0.001 -S 1\\\\\\\" -S \\\\\\\"weka.attributeSelection.GreedyStepwise -B -T -1.7976931348623157E308 -N -1 -num-slots 1\\\\\\\"\\\" -S 1\" -S 1 -W weka.classifiers.trees.RandomForest -- -P 100 -I 100 -num-slots 1 -K 0 -M 1.0 -V 0.001 -S 1',-4523450618538717400,2.0260518182E7,4330.0,481.0,459.0,22.0,0.0,95.42619542619542,4.573804573804574,0.0,0.7906709922456084,0.08433391977866676,0.1854709756437559,36.56568658681447,54.60884642174651,272.1308087156738,83.02161626311216,189.10919245256167,0.565760517080403,0.17260211281312302,0.39315840426728,170.42933629226388,0.3543229444745611,62.62772565025186,0.9832134292565947,410.0,0.234375,15.0,0.765625,49.0,0.016786570743405275,7.0,0.9647058823529412,0.9832134292565947,0.9738717339667459,0.7929716476512255,0.9850869304556354,0.9977260124129065,0.9542619542619543,0.20542352500535951,0.7945764749946405,0.04573804573804574,0.9527699645346704,0.9542619542619543,0.9529546356149681,0.7929716476512255,0.9850869304556354,0.9865858491878353,0.8952692003167062,0.9542619542619543,146.24,0.008,145.1,0.01,145100.0,10.0,3.2043898E7,1043340.0,161919.0,100.0,62.88981288981289,?,?
DatasetClassiRealeseNormalized,4,4,weka.classifiers.meta.FilteredClassifier,'-F \"weka.filters.MultiFilter -F \\\"weka.filters.supervised.attribute.AttributeSelection -E \\\\\\\"weka.attributeSelection.WrapperSubsetEval -B weka.classifiers.trees.RandomForest -F 5 -T 0.01 -R 1 -E AUC -- -P 100 -I 100 -num-slots 1 -K 0 -M 1.0 -V 0.001 -S 1\\\\\\\" -S \\\\\\\"weka.attributeSelection.GreedyStepwise -B -T -1.7976931348623157E308 -N -1 -num-slots 1\\\\\\\"\\\" -S 1\" -S 1 -W weka.classifiers.trees.RandomForest -- -P 100 -I 100 -num-slots 1 -K 0 -M 1.0 -V 0.001 -S 1',-4523450618538717400,2.02605181824E7,4330.0,481.0,466.0,15.0,0.0,96.88149688149689,3.1185031185031185,0.0,0.8602042200306138,0.07516219260317722,0.16189286129095587,32.58898892780733,47.666662497079265,272.1308087156738,71.33373733311748,200.79707138255634,0.565760517080403,0.14830298821853946,0.4174575288618635,180.36845240684374,0.3749863875402157,66.28005599883963,0.988009592326139,412.0,0.15625,10.0,0.84375,54.0,0.011990407673860911,5.0,0.976303317535545,0.988009592326139,0.9821215733015495,0.8611396799215758,0.987822242206235,0.9979765703448168,0.9688149688149689,0.1370553764888297,0.8629446235111703,0.031185031185031187,0.9681803629911913,0.9688149688149689,0.9682740499334005,0.8611396799215757,0.987822242206235,0.991492146623869,0.9300851768946772,0.9688149688149689,213.378,0.008,211.67,0.01,211670.0,10.0,2.807995E7,1043340.0,161919.0,99.79209979209979,65.17671517671518,?,?
DatasetClassiRealeseNormalized,4,5,weka.classifiers.meta.FilteredClassifier,'-F \"weka.filters.MultiFilter -F \\\"weka.filters.supervised.attribute.AttributeSelection -E \\\\\\\"weka.attributeSelection.WrapperSubsetEval -B weka.classifiers.trees.RandomForest -F 5 -T 0.01 -R 1 -E AUC -- -P 100 -I 100 -num-slots 1 -K 0 -M 1.0 -V 0.001 -S 1\\\\\\\" -S \\\\\\\"weka.attributeSelection.GreedyStepwise -B -T -1.7976931348623157E308 -N -1 -num-slots 1\\\\\\\"\\\" -S 1\" -S 1 -W weka.classifiers.trees.RandomForest -- -P 100 -I 100 -num-slots 1 -K 0 -M 1.0 -V 0.001 -S 1',-4523450618538717400,2.02605181828E7,4330.0,481.0,464.0,17.0,0.0,96.46569646569647,3.5343035343035343,0.0,0.8415647827013624,0.07678609054174447,0.17387052377829765,33.29308217079264,51.19328615877337,272.1308087156738,76.75056278214942,195.3802459335244,0.565760517080403,0.15956457958866824,0.4061959374917347,177.62473985571793,0.36928220344224105,65.27182302291352,0.9856115107913669,411.0,0.171875,11.0,0.828125,53.0,0.014388489208633094,6.0,0.9739336492890995,0.9856115107913669,0.9797377830750893,0.8424799724685494,0.9856864508393285,0.997792353307467,0.9646569646569647,0.15092045386559774,0.8490795461344023,0.035343035343035345,0.963870804942377,0.9646569646569647,0.9640439232578538,0.8424799724685494,0.9856864508393286,0.9856220489064276,0.9207632004806341,0.9646569646569647,212.142,0.008,210.4,0.01,210400.0,10.0,2.5670394E7,1043340.0,161919.0,99.79209979209979,65.38461538461539,?,?
DatasetClassiRealeseNormalized,4,6,weka.classifiers.meta.FilteredClassifier,'-F \"weka.filters.MultiFilter -F \\\"weka.filters.supervised.attribute.AttributeSelection -E \\\\\\\"weka.attributeSelection.WrapperSubsetEval -B weka.classifiers.trees.RandomForest -F 5 -T 0.01 -R 1 -E AUC -- -P 100 -I 100 -num-slots 1 -K 0 -M 1.0 -V 0.001 -S 1\\\\\\\" -S \\\\\\\"weka.attributeSelection.GreedyStepwise -B -T -1.7976931348623157E308 -N -1 -num-slots 1\\\\\\\"\\\" -S 1\" -S 1 -W weka.classifiers.trees.RandomForest -- -P 100 -I 100 -num-slots 1 -K 0 -M 1.0 -V 0.001 -S 1',-4523450618538717400,2.02605181829E7,4330.0,481.0,461.0,20.0,0.0,95.84199584199584,4.158004158004158,0.0,0.8070055771777073,0.07314255626186662,0.1658040287132789,31.713310556998522,48.818240744586944,272.1308087156738,68.01009959083605,204.1207091248378,0.565760517080403,0.14139313844248658,0.4243673786379164,183.8638203485683,0.38225326475793825,67.56450003449329,0.988009592326139,412.0,0.234375,15.0,0.765625,49.0,0.011990407673860911,5.0,0.9648711943793911,0.988009592326139,0.976303317535545,0.8107893243330283,0.9921687649880095,0.9988198566983364,0.9584199584199584,0.2047853660938193,0.7952146339061806,0.04158004158004158,0.9572252850941375,0.9584199584199584,0.9569044195118578,0.8107893243330283,0.9921687649880095,0.9924849367024464,0.9034058960559082,0.9584199584199584,77.244,0.007,76.49,0.0,76490.0,0.0,2.4784188E7,1043340.0,161919.0,100.0,64.65696465696466,?,?
DatasetClassiRealeseNormalized,4,7,weka.classifiers.meta.FilteredClassifier,'-F \"weka.filters.MultiFilter -F \\\"weka.filters.supervised.attribute.AttributeSelection -E \\\\\\\"weka.attributeSelection.WrapperSubsetEval -B weka.classifiers.trees.RandomForest -F 5 -T 0.01 -R 1 -E AUC -- -P 100 -I 100 -num-slots 1 -K 0 -M 1.0 -V 0.001 -S 1\\\\\\\" -S \\\\\\\"weka.attributeSelection.GreedyStepwise -B -T -1.7976931348623157E308 -N -1 -num-slots 1\\\\\\\"\\\" -S 1\" -S 1 -W weka.classifiers.trees.RandomForest -- -P 100 -I 100 -num-slots 1 -K 0 -M 1.0 -V 0.001 -S 1',-4523450618538717400,2.02605181831E7,4330.0,481.0,460.0,21.0,0.0,95.63409563409563,4.365904365904366,0.0,0.8094977651207969,0.07915827618807934,0.17475290493021312,34.32161964536124,51.453088624593946,272.1308087156738,75.28090669691807,196.84990201875576,0.565760517080403,0.1565091615320542,0.40925135554834874,172.61162590357628,0.3588599291134642,63.42965234925803,0.9760191846522782,407.0,0.171875,11.0,0.828125,53.0,0.023980815347721823,10.0,0.9736842105263158,0.9760191846522782,0.9748502994011976,0.809531075074139,0.9885341726618705,0.9982761697182416,0.9563409563409564,0.15219677168867818,0.8478032283113218,0.04365904365904366,0.9560656665919823,0.9563409563409564,0.9561952134822144,0.809531075074139,0.9885341726618705,0.9887722211654105,0.904747984346268,0.9563409563409564,149.146,0.008,147.24,0.0,147240.0,0.0,2.9422807E7,1043340.0,161919.0,100.0,64.76091476091476,?,?
DatasetClassiRealeseNormalized,4,8,weka.classifiers.meta.FilteredClassifier,'-F \"weka.filters.MultiFilter -F \\\"weka.filters.supervised.attribute.AttributeSelection -E \\\\\\\"weka.attributeSelection.WrapperSubsetEval -B weka.classifiers.trees.RandomForest -F 5 -T 0.01 -R 1 -E AUC -- -P 100 -I 100 -num-slots 1 -K 0 -M 1.0 -V 0.001 -S 1\\\\\\\" -S \\\\\\\"weka.attributeSelection.GreedyStepwise -B -T -1.7976931348623157E308 -N -1 -num-slots 1\\\\\\\"\\\" -S 1\" -S 1 -W weka.classifiers.trees.RandomForest -- -P 100 -I 100 -num-slots 1 -K 0 -M 1.0 -V 0.001 -S 1',-4523450618538717400,2.02605181834E7,4330.0,481.0,459.0,22.0,0.0,95.42619542619542,4.573804573804574,0.0,0.7815171160754842,0.0854058400296657,0.18463382685508994,37.03045212892321,54.362361873564595,272.1308087156738,82.99850087863386,189.13230783703995,0.565760517080403,0.1725540558807357,0.39320646119966723,171.04459443866875,0.3556020674400598,62.85381476868303,0.9904076738609112,413.0,0.28125,18.0,0.71875,46.0,0.009592326139088728,4.0,0.9582366589327146,0.9904076738609112,0.9740566037735848,0.7891820234572645,0.9876348920863309,0.9981018123416667,0.9542619542619543,0.24510428040104298,0.7548957195989571,0.04573804573804574,0.9531490369541413,0.9542619542619543,0.9518310323921048,0.7891820234572645,0.9876348920863309,0.9892508322721268,0.890537073816617,0.9542619542619543,152.066,0.008,150.8,0.01,150800.0,10.0,2.9225821E7,1043340.0,161919.0,100.0,64.44906444906445,?,?
DatasetClassiRealeseNormalized,4,9,weka.classifiers.meta.FilteredClassifier,'-F \"weka.filters.MultiFilter -F \\\"weka.filters.supervised.attribute.AttributeSelection -E \\\\\\\"weka.attributeSelection.WrapperSubsetEval -B weka.classifiers.trees.RandomForest -F 5 -T 0.01 -R 1 -E AUC -- -P 100 -I 100 -num-slots 1 -K 0 -M 1.0 -V 0.001 -S 1\\\\\\\" -S \\\\\\\"weka.attributeSelection.GreedyStepwise -B -T -1.7976931348623157E308 -N -1 -num-slots 1\\\\\\\"\\\" -S 1\" -S 1 -W weka.classifiers.trees.RandomForest -- -P 100 -I 100 -num-slots 1 -K 0 -M 1.0 -V 0.001 -S 1',-4523450618538717400,2.02605181836E7,4330.0,481.0,462.0,19.0,0.0,96.04989604989605,3.95010395010395,0.0,0.8179445805693343,0.08092985276211503,0.1840296691269891,35.089743716206556,54.18447767106953,272.1308087156738,84.95790297770446,187.17290573796936,0.565760517080403,0.1766276569183045,0.38913286016209847,173.74722665776198,0.3612208454423326,63.846951941151055,0.988009592326139,412.0,0.21875,14.0,0.78125,50.0,0.011990407673860911,5.0,0.9671361502347418,0.988009592326139,0.977461447212337,0.8210030879612951,0.9803657074340527,0.99677545992929,0.9604989604989606,0.1912393681728214,0.8087606318271786,0.0395010395010395,0.9594128749058326,0.9604989604989606,0.9592160833525708,0.8210030879612951,0.9803657074340527,0.9831558867364103,0.9088987908330592,0.9604989604989606,147.816,0.007,146.06,0.01,146060.0,10.0,2.6263637E7,1043340.0,161919.0,99.79209979209979,64.65696465696466,?,?
DatasetClassiRealeseNormalized,4,10,weka.classifiers.meta.FilteredClassifier,'-F \"weka.filters.MultiFilter -F \\\"weka.filters.supervised.attribute.AttributeSelection -E \\\\\\\"weka.attributeSelection.WrapperSubsetEval -B weka.classifiers.trees.RandomForest -F 5 -T 0.01 -R 1 -E AUC -- -P 100 -I 100 -num-slots 1 -K 0 -M 1.0 -V 0.001 -S 1\\\\\\\" -S \\\\\\\"weka.attributeSelection.GreedyStepwise -B -T -1.7976931348623157E308 -N -1 -num-slots 1\\\\\\\"\\\" -S 1\" -S 1 -W weka.classifiers.trees.RandomForest -- -P 100 -I 100 -num-slots 1 -K 0 -M 1.0 -V 0.001 -S 1',-4523450618538717400,2.0260518184E7,4330.0,481.0,464.0,17.0,0.0,96.46569646569647,3.5343035343035343,0.0,0.8415647827013624,0.07124630871003002,0.1619975907657343,30.891131369152784,47.697498350420496,272.1308087156738,68.35713592430463,203.7736727913692,0.565760517080403,0.14211462770125702,0.42364588937914593,186.14929855299067,0.3870047786964463,68.40434548058913,0.9856115107913669,411.0,0.171875,11.0,0.828125,53.0,0.014388489208633094,6.0,0.9739336492890995,0.9856115107913669,0.9797377830750893,0.8424799724685494,0.9901079136690647,0.9984211219503769,0.9646569646569647,0.15092045386559774,0.8490795461344023,0.035343035343035345,0.963870804942377,0.9646569646569647,0.9640439232578538,0.8424799724685494,0.9901079136690648,0.9925741762414452,0.9207632004806341,0.9646569646569647,215.318,0.007,213.31,0.0,213310.0,0.0,3.1268752E7,1043340.0,161919.0,99.79209979209979,63.0977130977131,?,?
DatasetClassiRealeseNormalized,5,1,weka.classifiers.meta.FilteredClassifier,'-F \"weka.filters.MultiFilter -F \\\"weka.filters.supervised.attribute.AttributeSelection -E \\\\\\\"weka.attributeSelection.WrapperSubsetEval -B weka.classifiers.trees.RandomForest -F 5 -T 0.01 -R 1 -E AUC -- -P 100 -I 100 -num-slots 1 -K 0 -M 1.0 -V 0.001 -S 1\\\\\\\" -S \\\\\\\"weka.attributeSelection.GreedyStepwise -B -T -1.7976931348623157E308 -N -1 -num-slots 1\\\\\\\"\\\" -S 1\" -S 1 -W weka.classifiers.trees.RandomForest -- -P 100 -I 100 -num-slots 1 -K 0 -M 1.0 -V 0.001 -S 1',-4523450618538717400,2.02605181842E7,4329.0,482.0,468.0,14.0,0.0,97.0954356846473,2.904564315352697,0.0,0.8649427587863261,0.07396911574814138,0.15995982207100554,32.09675481972238,47.13893169086921,272.3366817903761,71.54062915109085,200.79605263928522,0.565013862635635,0.14842454180724243,0.41658932082839256,181.54374121366786,0.3766467660034603,66.66150884272224,0.9952153110047847,416.0,0.1875,12.0,0.8125,52.0,0.004784688995215311,2.0,0.9719626168224299,0.9952153110047847,0.9834515366430261,0.8689958028912955,0.9869542464114832,0.9978143757017459,0.970954356846473,0.16323904584168833,0.8367609541583116,0.029045643153526972,0.9707676420361107,0.970954356846473,0.969895273812867,0.8689958028912955,0.9869542464114832,0.9918894618673185,0.9324037344232079,0.970954356846473,148.99,0.007,147.83,0.01,147830.0,10.0,2.7112936E7,1043111.0,162148.0,99.79253112033194,65.14522821576763,?,?
DatasetClassiRealeseNormalized,5,2,weka.classifiers.meta.FilteredClassifier,'-F \"weka.filters.MultiFilter -F \\\"weka.filters.supervised.attribute.AttributeSelection -E \\\\\\\"weka.attributeSelection.WrapperSubsetEval -B weka.classifiers.trees.RandomForest -F 5 -T 0.01 -R 1 -E AUC -- -P 100 -I 100 -num-slots 1 -K 0 -M 1.0 -V 0.001 -S 1\\\\\\\" -S \\\\\\\"weka.attributeSelection.GreedyStepwise -B -T -1.7976931348623157E308 -N -1 -num-slots 1\\\\\\\"\\\" -S 1\" -S 1 -W weka.classifiers.trees.RandomForest -- -P 100 -I 100 -num-slots 1 -K 0 -M 1.0 -V 0.001 -S 1',-4523450618538717400,2.02605181845E7,4330.0,481.0,458.0,23.0,0.0,95.21829521829522,4.781704781704781,0.0,0.7826223645688015,0.08464591273554736,0.19547418229961855,36.917978444787835,57.938424745024136,269.42867131105754,95.90765788764895,173.5210134234086,0.5601427677984564,0.1993922201406423,0.3607505476578141,164.27320027371894,0.3415243248933866,60.970942503763546,0.9784688995215312,409.0,0.2222222222222222,14.0,0.7777777777777778,49.0,0.0215311004784689,9.0,0.966903073286052,0.9784688995215312,0.9726516052318669,0.7834976797052555,0.967608414976836,0.9945590553307315,0.9521829521829522,0.1959362748836433,0.8040637251163568,0.04781704781704782,0.9509139762257884,0.9521829521829522,0.9513371400734929,0.7834976797052554,0.967608414976836,0.9781586319530571,0.8912844803018838,0.9521829521829522,147.17,0.006,146.33,0.01,146330.0,10.0,3.0536758E7,1043340.0,161919.0,99.37629937629937,63.72141372141372,?,?
DatasetClassiRealeseNormalized,5,3,weka.classifiers.meta.FilteredClassifier,'-F \"weka.filters.MultiFilter -F \\\"weka.filters.supervised.attribute.AttributeSelection -E \\\\\\\"weka.attributeSelection.WrapperSubsetEval -B weka.classifiers.trees.RandomForest -F 5 -T 0.01 -R 1 -E AUC -- -P 100 -I 100 -num-slots 1 -K 0 -M 1.0 -V 0.001 -S 1\\\\\\\" -S \\\\\\\"weka.attributeSelection.GreedyStepwise -B -T -1.7976931348623157E308 -N -1 -num-slots 1\\\\\\\"\\\" -S 1\" -S 1 -W weka.classifiers.trees.RandomForest -- -P 100 -I 100 -num-slots 1 -K 0 -M 1.0 -V 0.001 -S 1',-4523450618538717400,2.02605181847E7,4330.0,481.0,462.0,19.0,0.0,96.04989604989605,3.95010395010395,0.0,0.8276408351092924,0.0837786104216298,0.18295335093810985,36.32491433335548,53.86757366776967,272.1308087156738,82.77828835258634,189.35252036308748,0.565760517080403,0.17209623358126058,0.39366428349914234,165.49380539015684,0.3440619654681015,60.81406444614183,0.9784172661870504,408.0,0.15625,10.0,0.84375,54.0,0.02158273381294964,9.0,0.9760765550239234,0.9784172661870504,0.977245508982036,0.8276748916302482,0.9825014988009593,0.9972337576447711,0.9604989604989606,0.13833169431191014,0.8616683056880898,0.0395010395010395,0.9602516970938022,0.9604989604989606,0.9603670979124797,0.8276748916302481,0.9825014988009592,0.9845802304259497,0.9138196048847187,0.9604989604989606,148.724,0.007,146.9,0.01,146900.0,10.0,2.8767376E7,1043340.0,161919.0,99.79209979209979,65.07276507276508,?,?
DatasetClassiRealeseNormalized,5,4,weka.classifiers.meta.FilteredClassifier,'-F \"weka.filters.MultiFilter -F \\\"weka.filters.supervised.attribute.AttributeSelection -E \\\\\\\"weka.attributeSelection.WrapperSubsetEval -B weka.classifiers.trees.RandomForest -F 5 -T 0.01 -R 1 -E AUC -- -P 100 -I 100 -num-slots 1 -K 0 -M 1.0 -V 0.001 -S 1\\\\\\\" -S \\\\\\\"weka.attributeSelection.GreedyStepwise -B -T -1.7976931348623157E308 -N -1 -num-slots 1\\\\\\\"\\\" -S 1\" -S 1 -W weka.classifiers.trees.RandomForest -- -P 100 -I 100 -num-slots 1 -K 0 -M 1.0 -V 0.001 -S 1',-4523450618538717400,2.02605181849E7,4330.0,481.0,461.0,20.0,0.0,95.84199584199584,4.158004158004158,0.0,0.8123219790081548,0.08052438074894583,0.17929168998133965,34.91393826814744,52.789458452476666,272.1308087156738,79.03160633760051,193.0992023780733,0.565760517080403,0.16430687388274534,0.4014536431976576,170.95601047435778,0.355417901194091,62.82126278946058,0.9832134292565947,410.0,0.203125,13.0,0.796875,51.0,0.016786570743405275,7.0,0.9692671394799054,0.9832134292565947,0.9761904761904762,0.8136126085772909,0.9863234412470024,0.9979511384010854,0.9584199584199584,0.17833152916336367,0.8216684708366363,0.04158004158004158,0.9572978362413431,0.9584199584199584,0.9575459985296051,0.8136126085772909,0.9863234412470023,0.9851180531766802,0.906128024980484,0.9584199584199584,77.93,0.007,77.01,0.0,77010.0,0.0,2.5052987E7,1043340.0,161919.0,100.0,64.96881496881497,?,?
DatasetClassiRealeseNormalized,5,5,weka.classifiers.meta.FilteredClassifier,'-F \"weka.filters.MultiFilter -F \\\"weka.filters.supervised.attribute.AttributeSelection -E \\\\\\\"weka.attributeSelection.WrapperSubsetEval -B weka.classifiers.trees.RandomForest -F 5 -T 0.01 -R 1 -E AUC -- -P 100 -I 100 -num-slots 1 -K 0 -M 1.0 -V 0.001 -S 1\\\\\\\" -S \\\\\\\"weka.attributeSelection.GreedyStepwise -B -T -1.7976931348623157E308 -N -1 -num-slots 1\\\\\\\"\\\" -S 1\" -S 1 -W weka.classifiers.trees.RandomForest -- -P 100 -I 100 -num-slots 1 -K 0 -M 1.0 -V 0.001 -S 1',-4523450618538717400,2.02605181851E7,4330.0,481.0,471.0,10.0,0.0,97.92099792099792,2.079002079002079,0.0,0.9074359171734278,0.06703674651244873,0.15273236454542263,29.065940124770517,44.96950646936428,272.1308087156738,63.59804468686919,208.53276402880465,0.565760517080403,0.13222046712446817,0.4335400499559348,195.64511233131932,0.4067465952834082,71.89377537026031,0.9928057553956835,414.0,0.109375,7.0,0.890625,57.0,0.007194244604316547,3.0,0.9833729216152018,0.9928057553956835,0.9880668257756564,0.9080585582485271,0.9928057553956835,0.9989165885839626,0.9792099792099792,0.09577922381429575,0.9042207761857043,0.02079002079002079,0.9789324497162977,0.9792099792099792,0.9789242744820542,0.9080585582485271,0.9928057553956835,0.9918098848677142,0.9537108322426668,0.9792099792099792,147.321,0.006,146.32,0.0,146320.0,0.0,2.8307976E7,1043340.0,161919.0,99.79209979209979,63.82536382536382,?,?
DatasetClassiRealeseNormalized,5,6,weka.classifiers.meta.FilteredClassifier,'-F \"weka.filters.MultiFilter -F \\\"weka.filters.supervised.attribute.AttributeSelection -E \\\\\\\"weka.attributeSelection.WrapperSubsetEval -B weka.classifiers.trees.RandomForest -F 5 -T 0.01 -R 1 -E AUC -- -P 100 -I 100 -num-slots 1 -K 0 -M 1.0 -V 0.001 -S 1\\\\\\\" -S \\\\\\\"weka.attributeSelection.GreedyStepwise -B -T -1.7976931348623157E308 -N -1 -num-slots 1\\\\\\\"\\\" -S 1\" -S 1 -W weka.classifiers.trees.RandomForest -- -P 100 -I 100 -num-slots 1 -K 0 -M 1.0 -V 0.001 -S 1',-4523450618538717400,2.02605181856E7,4330.0,481.0,466.0,15.0,0.0,96.88149688149689,3.1185031185031185,0.0,0.8562720372915797,0.07509338641503288,0.1640880293488389,32.55915578928463,48.312993250054376,272.1308087156738,73.14795520879777,198.98285350687604,0.565760517080403,0.15207475095384151,0.41368576612656144,182.12152230749393,0.3786310235083034,66.92425718610093,0.9928057553956835,414.0,0.1875,12.0,0.8125,52.0,0.007194244604316547,3.0,0.971830985915493,0.9928057553956835,0.9822064056939502,0.8594738610065344,0.9850119904076738,0.9973708750624889,0.9688149688149689,0.16350921341928534,0.8364907865807146,0.031185031185031187,0.9683214387439739,0.9688149688149689,0.9678021710678191,0.8594738610065344,0.985011990407674,0.990818835472603,0.9280779927629416,0.9688149688149689,276.5,0.007,274.47,0.01,274470.0,10.0,2.7971274E7,1043340.0,161919.0,99.79209979209979,65.28066528066527,?,?
DatasetClassiRealeseNormalized,5,7,weka.classifiers.meta.FilteredClassifier,'-F \"weka.filters.MultiFilter -F \\\"weka.filters.supervised.attribute.AttributeSelection -E \\\\\\\"weka.attributeSelection.WrapperSubsetEval -B weka.classifiers.trees.RandomForest -F 5 -T 0.01 -R 1 -E AUC -- -P 100 -I 100 -num-slots 1 -K 0 -M 1.0 -V 0.001 -S 1\\\\\\\" -S \\\\\\\"weka.attributeSelection.GreedyStepwise -B -T -1.7976931348623157E308 -N -1 -num-slots 1\\\\\\\"\\\" -S 1\" -S 1 -W weka.classifiers.trees.RandomForest -- -P 100 -I 100 -num-slots 1 -K 0 -M 1.0 -V 0.001 -S 1',-4523450618538717400,2.02605181859E7,4330.0,481.0,451.0,30.0,0.0,93.76299376299376,6.237006237006237,0.0,0.7020687946483876,0.09121683405840512,0.2024270198109837,39.54999571198439,59.60127183297105,272.1308087156738,95.24969053181466,176.88111818385914,0.565760517080403,0.19802430463994733,0.3677362124404556,162.59105275721387,0.33802713670938433,59.74738895774617,0.9808153477218226,409.0,0.34375,22.0,0.65625,42.0,0.019184652278177457,8.0,0.9489559164733179,0.9808153477218226,0.9646226415094339,0.7089544944954249,0.9787170263788969,0.9967873499591087,0.9376299376299376,0.3005645899081151,0.6994354100918849,0.062370062370062374,0.9344586635537913,0.9376299376299376,0.934315044171052,0.708954494495425,0.9787170263788969,0.9777770428192666,0.8507323733862959,0.9376299376299376,212.806,0.006,211.6,0.0,211600.0,0.0,2.7991544E7,1043340.0,161919.0,99.79209979209979,66.32016632016632,?,?
DatasetClassiRealeseNormalized,5,8,weka.classifiers.meta.FilteredClassifier,'-F \"weka.filters.MultiFilter -F \\\"weka.filters.supervised.attribute.AttributeSelection -E \\\\\\\"weka.attributeSelection.WrapperSubsetEval -B weka.classifiers.trees.RandomForest -F 5 -T 0.01 -R 1 -E AUC -- -P 100 -I 100 -num-slots 1 -K 0 -M 1.0 -V 0.001 -S 1\\\\\\\" -S \\\\\\\"weka.attributeSelection.GreedyStepwise -B -T -1.7976931348623157E308 -N -1 -num-slots 1\\\\\\\"\\\" -S 1\" -S 1 -W weka.classifiers.trees.RandomForest -- -P 100 -I 100 -num-slots 1 -K 0 -M 1.0 -V 0.001 -S 1',-4523450618538717400,2.02605181902E7,4330.0,481.0,465.0,16.0,0.0,96.67359667359668,3.3264033264033266,0.0,0.8477607216331697,0.07241657271568609,0.16319248403037223,31.398537012895613,48.0493148141691,272.1308087156738,66.75663495455937,205.37417376111443,0.565760517080403,0.1387871828577118,0.4269733342226911,184.31843680112908,0.3831984133079607,67.73155809554353,0.9904076738609112,413.0,0.1875,12.0,0.8125,52.0,0.009592326139088728,4.0,0.971764705882353,0.9904076738609112,0.9809976247030878,0.8502274939139586,0.9925434652278178,0.9988703733990151,0.9667359667359667,0.16382829287505546,0.8361717071249446,0.033264033264033266,0.9660175754293402,0.9667359667359667,0.9657851895381585,0.8502274939139586,0.9925434652278177,0.9930589382403734,0.9238321456848773,0.9667359667359667,147.592,0.008,145.76,0.0,145760.0,0.0,2.7641743E7,1043340.0,161919.0,100.0,62.99376299376299,?,?
DatasetClassiRealeseNormalized,5,9,weka.classifiers.meta.FilteredClassifier,'-F \"weka.filters.MultiFilter -F \\\"weka.filters.supervised.attribute.AttributeSelection -E \\\\\\\"weka.attributeSelection.WrapperSubsetEval -B weka.classifiers.trees.RandomForest -F 5 -T 0.01 -R 1 -E AUC -- -P 100 -I 100 -num-slots 1 -K 0 -M 1.0 -V 0.001 -S 1\\\\\\\" -S \\\\\\\"weka.attributeSelection.GreedyStepwise -B -T -1.7976931348623157E308 -N -1 -num-slots 1\\\\\\\"\\\" -S 1\" -S 1 -W weka.classifiers.trees.RandomForest -- -P 100 -I 100 -num-slots 1 -K 0 -M 1.0 -V 0.001 -S 1',-4523450618538717400,2.02605181904E7,4330.0,481.0,459.0,22.0,0.0,95.42619542619542,4.573804573804574,0.0,0.7846560846560846,0.08224667004017447,0.18020872758063503,35.6606922504143,53.05946493327007,272.1308087156738,80.15915419760945,191.97165451806438,0.565760517080403,0.16665104822787827,0.3991094688525247,170.43874364722595,0.35434250238508513,62.6311825741505,0.988009592326139,412.0,0.265625,17.0,0.734375,47.0,0.011990407673860911,5.0,0.9603729603729604,0.988009592326139,0.9739952718676124,0.7901256688056855,0.9855740407673861,0.9977142885185333,0.9542619542619543,0.23187736193581515,0.7681226380641848,0.04573804573804574,0.9528517220824914,0.9542619542619543,0.9522205765786105,0.7901256688056854,0.9855740407673861,0.9887880111103766,0.8921700497269096,0.9542619542619543,147.196,0.008,146.02,0.01,146020.0,10.0,2.7636009E7,1043340.0,161919.0,100.0,65.28066528066527,?,?
DatasetClassiRealeseNormalized,5,10,weka.classifiers.meta.FilteredClassifier,'-F \"weka.filters.MultiFilter -F \\\"weka.filters.supervised.attribute.AttributeSelection -E \\\\\\\"weka.attributeSelection.WrapperSubsetEval -B weka.classifiers.trees.RandomForest -F 5 -T 0.01 -R 1 -E AUC -- -P 100 -I 100 -num-slots 1 -K 0 -M 1.0 -V 0.001 -S 1\\\\\\\" -S \\\\\\\"weka.attributeSelection.GreedyStepwise -B -T -1.7976931348623157E308 -N -1 -num-slots 1\\\\\\\"\\\" -S 1\" -S 1 -W weka.classifiers.trees.RandomForest -- -P 100 -I 100 -num-slots 1 -K 0 -M 1.0 -V 0.001 -S 1',-4523450618538717400,2.02605181908E7,4330.0,481.0,464.0,17.0,0.0,96.46569646569647,3.5343035343035343,0.0,0.8393674491700228,0.08042277208624413,0.17014665725527486,34.86988256049616,50.09685554829644,272.1308087156738,73.20212700171109,198.92868171396273,0.565760517080403,0.15218737422393158,0.4135731428564714,175.5203354547197,0.3649071423175046,64.49851682839258,0.988009592326139,412.0,0.1875,12.0,0.8125,52.0,0.011990407673860911,5.0,0.9716981132075472,0.988009592326139,0.9797859690844233,0.8412095581899439,0.99126948441247,0.9986790527779781,0.9646569646569647,0.16414737233082555,0.8358526276691745,0.035343035343035345,0.9637922622033844,0.9646569646569647,0.9637817329958719,0.8412095581899439,0.99126948441247,0.9918537363657658,0.9196450506579141,0.9646569646569647,214.396,0.007,211.6,0.0,211600.0,0.0,2.9799778E7,1043340.0,161919.0,100.0,66.32016632016632,?,?
DatasetClassiRealeseNormalized,6,1,weka.classifiers.meta.FilteredClassifier,'-F \"weka.filters.MultiFilter -F \\\"weka.filters.supervised.attribute.AttributeSelection -E \\\\\\\"weka.attributeSelection.WrapperSubsetEval -B weka.classifiers.trees.RandomForest -F 5 -T 0.01 -R 1 -E AUC -- -P 100 -I 100 -num-slots 1 -K 0 -M 1.0 -V 0.001 -S 1\\\\\\\" -S \\\\\\\"weka.attributeSelection.GreedyStepwise -B -T -1.7976931348623157E308 -N -1 -num-slots 1\\\\\\\"\\\" -S 1\" -S 1 -W weka.classifiers.trees.RandomForest -- -P 100 -I 100 -num-slots 1 -K 0 -M 1.0 -V 0.001 -S 1',-4523450618538717400,2.0260518191200003E7,4329.0,482.0,461.0,21.0,0.0,95.64315352697095,4.356846473029045,0.0,0.7988393815334475,0.08611246987064591,0.17885536931213866,37.366011536082226,52.70730441802804,272.3366817903761,83.79271587030885,188.54396592006722,0.565013862635635,0.17384380885956194,0.39117005377607306,160.64146684393955,0.33328105154344306,58.9863494656181,0.9856459330143541,412.0,0.234375,15.0,0.765625,49.0,0.014354066985645933,6.0,0.9648711943793911,0.9856459330143541,0.9751479289940829,0.8018247024031924,0.9813845693779905,0.9967880846865432,0.9564315352697096,0.20516060225535548,0.7948393977446445,0.043568464730290454,0.9550505001426707,0.9564315352697096,0.9550160096939165,0.8018247024031924,0.9813845693779905,0.9881810769668394,0.8993386703793944,0.9564315352697096,280.766,0.007,277.04,0.0,277040.0,0.0,3.1346105E7,1043111.0,162148.0,99.5850622406639,65.56016597510373,?,?
DatasetClassiRealeseNormalized,6,2,weka.classifiers.meta.FilteredClassifier,'-F \"weka.filters.MultiFilter -F \\\"weka.filters.supervised.attribute.AttributeSelection -E \\\\\\\"weka.attributeSelection.WrapperSubsetEval -B weka.classifiers.trees.RandomForest -F 5 -T 0.01 -R 1 -E AUC -- -P 100 -I 100 -num-slots 1 -K 0 -M 1.0 -V 0.001 -S 1\\\\\\\" -S \\\\\\\"weka.attributeSelection.GreedyStepwise -B -T -1.7976931348623157E308 -N -1 -num-slots 1\\\\\\\"\\\" -S 1\" -S 1 -W weka.classifiers.trees.RandomForest -- -P 100 -I 100 -num-slots 1 -K 0 -M 1.0 -V 0.001 -S 1',-4523450618538717400,2.0260518192E7,4330.0,481.0,464.0,17.0,0.0,96.46569646569647,3.5343035343035343,0.0,0.8347179269500538,0.07556936482665881,0.172463455298174,32.95927814581037,51.11805972792954,269.42867131105754,74.51664097677421,194.91203033428332,0.5601427677984564,0.1549202515109651,0.4052225162874913,178.35347614508854,0.37079724770288675,66.19691782511819,0.9904306220095693,414.0,0.20634920634920634,13.0,0.7936507936507936,50.0,0.009569377990430622,4.0,0.9695550351288056,0.9904306220095693,0.9798816568047337,0.8379319659976556,0.988228146122883,0.9981980425871742,0.9646569646569647,0.18057554899660164,0.8194244510033983,0.035343035343035345,0.9638406195783245,0.9646569646569647,0.9634858344917516,0.8379319659976556,0.988228146122883,0.9894240395235757,0.9172912557527941,0.9646569646569647,459.707,0.01,454.49,0.01,454490.0,10.0,2.8381928E7,1043340.0,161919.0,99.79209979209979,64.24116424116424,?,?
DatasetClassiRealeseNormalized,6,3,weka.classifiers.meta.FilteredClassifier,'-F \"weka.filters.MultiFilter -F \\\"weka.filters.supervised.attribute.AttributeSelection -E \\\\\\\"weka.attributeSelection.WrapperSubsetEval -B weka.classifiers.trees.RandomForest -F 5 -T 0.01 -R 1 -E AUC -- -P 100 -I 100 -num-slots 1 -K 0 -M 1.0 -V 0.001 -S 1\\\\\\\" -S \\\\\\\"weka.attributeSelection.GreedyStepwise -B -T -1.7976931348623157E308 -N -1 -num-slots 1\\\\\\\"\\\" -S 1\" -S 1 -W weka.classifiers.trees.RandomForest -- -P 100 -I 100 -num-slots 1 -K 0 -M 1.0 -V 0.001 -S 1',-4523450618538717400,2.02605181924E7,4330.0,481.0,460.0,21.0,0.0,95.63409563409563,4.365904365904366,0.0,0.7929571402217807,0.08353120315215794,0.19013803004058608,36.21764294482581,55.98298302675346,272.1308087156738,88.68133994558606,183.44946877008778,0.565760517080403,0.18436869011556353,0.3813918269648395,170.54354244918548,0.35456037931223594,62.66969302522884,0.9904076738609112,413.0,0.265625,17.0,0.734375,47.0,0.009592326139088728,4.0,0.9604651162790697,0.9904076738609112,0.9752066115702479,0.7995516088509957,0.9797661870503597,0.9968164083998209,0.9563409563409564,0.23155828248004506,0.7684417175199549,0.04365904365904366,0.9552896998861431,0.9563409563409564,0.9542083170541669,0.7995516088509956,0.9797661870503597,0.9834442206483299,0.896298957959037,0.9563409563409564,254.575,0.018,252.31,0.02,252310.0,20.0,3.2280278E7,1043340.0,161919.0,99.79209979209979,64.65696465696466,?,?
DatasetClassiRealeseNormalized,6,4,weka.classifiers.meta.FilteredClassifier,'-F \"weka.filters.MultiFilter -F \\\"weka.filters.supervised.attribute.AttributeSelection -E \\\\\\\"weka.attributeSelection.WrapperSubsetEval -B weka.classifiers.trees.RandomForest -F 5 -T 0.01 -R 1 -E AUC -- -P 100 -I 100 -num-slots 1 -K 0 -M 1.0 -V 0.001 -S 1\\\\\\\" -S \\\\\\\"weka.attributeSelection.GreedyStepwise -B -T -1.7976931348623157E308 -N -1 -num-slots 1\\\\\\\"\\\" -S 1\" -S 1 -W weka.classifiers.trees.RandomForest -- -P 100 -I 100 -num-slots 1 -K 0 -M 1.0 -V 0.001 -S 1',-4523450618538717400,2.0260518192900002E7,4330.0,481.0,458.0,23.0,0.0,95.21829521829522,4.781704781704781,0.0,0.7856464707136078,0.08127688229867656,0.1779728137982694,35.24020954660528,52.40113727887742,272.1308087156738,78.66872958973467,193.46207912593917,0.565760517080403,0.16355245236951074,0.40220806471089227,171.8439602925516,0.3572639507121655,63.14755800843433,0.9784172661870504,408.0,0.21875,14.0,0.78125,50.0,0.02158273381294964,9.0,0.966824644549763,0.9784172661870504,0.9725864123957093,0.7865008501094706,0.9860611510791367,0.9978704457630521,0.9521829521829522,0.19251568599590183,0.8074843140040981,0.04781704781704782,0.9509421307959344,0.9521829521829522,0.9513535432312141,0.7865008501094706,0.9860611510791367,0.9874288034062676,0.892797271238505,0.9521829521829522,255.445,0.012,253.06,0.01,253060.0,10.0,2.8642982E7,1043340.0,161919.0,100.0,65.9043659043659,?,?
DatasetClassiRealeseNormalized,6,5,weka.classifiers.meta.FilteredClassifier,'-F \"weka.filters.MultiFilter -F \\\"weka.filters.supervised.attribute.AttributeSelection -E \\\\\\\"weka.attributeSelection.WrapperSubsetEval -B weka.classifiers.trees.RandomForest -F 5 -T 0.01 -R 1 -E AUC -- -P 100 -I 100 -num-slots 1 -K 0 -M 1.0 -V 0.001 -S 1\\\\\\\" -S \\\\\\\"weka.attributeSelection.GreedyStepwise -B -T -1.7976931348623157E308 -N -1 -num-slots 1\\\\\\\"\\\" -S 1\" -S 1 -W weka.classifiers.trees.RandomForest -- -P 100 -I 100 -num-slots 1 -K 0 -M 1.0 -V 0.001 -S 1',-4523450618538717400,2.02605181931E7,4330.0,481.0,464.0,17.0,0.0,96.46569646569647,3.5343035343035343,0.0,0.8415647827013624,0.07743991996229053,0.1679326728060272,33.57657097026587,49.44498462159508,272.1308087156738,74.6105885347137,197.5202201809601,0.565760517080403,0.15511556867923845,0.41064494840116444,180.3309732656433,0.3749084683277408,66.2662835261904,0.9856115107913669,411.0,0.171875,11.0,0.828125,53.0,0.014388489208633094,6.0,0.9739336492890995,0.9856115107913669,0.9797377830750893,0.8424799724685494,0.985798860911271,0.9976328130034641,0.9646569646569647,0.15092045386559774,0.8490795461344023,0.035343035343035345,0.963870804942377,0.9646569646569647,0.9640439232578538,0.8424799724685494,0.985798860911271,0.9902491277402522,0.9207632004806341,0.9646569646569647,159.492,0.008,158.17,0.01,158170.0,10.0,2.9866271E7,1043340.0,161919.0,99.58419958419958,64.44906444906445,?,?
DatasetClassiRealeseNormalized,6,6,weka.classifiers.meta.FilteredClassifier,'-F \"weka.filters.MultiFilter -F \\\"weka.filters.supervised.attribute.AttributeSelection -E \\\\\\\"weka.attributeSelection.WrapperSubsetEval -B weka.classifiers.trees.RandomForest -F 5 -T 0.01 -R 1 -E AUC -- -P 100 -I 100 -num-slots 1 -K 0 -M 1.0 -V 0.001 -S 1\\\\\\\" -S \\\\\\\"weka.attributeSelection.GreedyStepwise -B -T -1.7976931348623157E308 -N -1 -num-slots 1\\\\\\\"\\\" -S 1\" -S 1 -W weka.classifiers.trees.RandomForest -- -P 100 -I 100 -num-slots 1 -K 0 -M 1.0 -V 0.001 -S 1',-4523450618538717400,2.02605181935E7,4330.0,481.0,461.0,20.0,0.0,95.84199584199584,4.158004158004158,0.0,0.8197691846522782,0.07934283829604874,0.17673762967450798,34.401642490421956,52.0374578412568,272.1308087156738,78.60948161459885,193.52132710107497,0.565760517080403,0.16342927570602672,0.40233124137437626,175.28329345535246,0.3644143315080093,64.41141092499046,0.9760191846522782,407.0,0.15625,10.0,0.84375,54.0,0.023980815347721823,10.0,0.9760191846522782,0.9760191846522782,0.9760191846522782,0.8197691846522782,0.9848995803357314,0.9976447043754573,0.9584199584199584,0.13865077376768026,0.8613492262323198,0.04158004158004158,0.9584199584199584,0.9584199584199584,0.9584199584199584,0.8197691846522782,0.9848995803357314,0.9862093754941567,0.9098845923261392,0.9584199584199584,219.622,0.016,217.77,0.01,217770.0,10.0,3.0416221E7,1043340.0,161919.0,99.79209979209979,65.5925155925156,?,?
DatasetClassiRealeseNormalized,6,7,weka.classifiers.meta.FilteredClassifier,'-F \"weka.filters.MultiFilter -F \\\"weka.filters.supervised.attribute.AttributeSelection -E \\\\\\\"weka.attributeSelection.WrapperSubsetEval -B weka.classifiers.trees.RandomForest -F 5 -T 0.01 -R 1 -E AUC -- -P 100 -I 100 -num-slots 1 -K 0 -M 1.0 -V 0.001 -S 1\\\\\\\" -S \\\\\\\"weka.attributeSelection.GreedyStepwise -B -T -1.7976931348623157E308 -N -1 -num-slots 1\\\\\\\"\\\" -S 1\" -S 1 -W weka.classifiers.trees.RandomForest -- -P 100 -I 100 -num-slots 1 -K 0 -M 1.0 -V 0.001 -S 1',-4523450618538717400,2.0260518193800002E7,4330.0,481.0,468.0,13.0,0.0,97.29729729729729,2.7027027027027026,0.0,0.8804786207160199,0.07519578312946072,0.1649653090706848,32.60355318213812,48.57129368457203,272.1308087156738,69.60681164574541,202.5239970699284,0.565760517080403,0.14471270612421083,0.42104781095619215,178.62878867997688,0.37136962303529497,65.640781182777,0.988009592326139,412.0,0.125,8.0,0.875,56.0,0.011990407673860911,5.0,0.9809523809523809,0.988009592326139,0.9844683393070489,0.8808137278691767,0.991082134292566,0.9986023071780163,0.972972972972973,0.10996338064683389,0.8900366193531661,0.02702702702702703,0.9725805430723463,0.972972972972973,0.972697084180955,0.8808137278691767,0.991082134292566,0.9928395411462692,0.9402341696535244,0.972972972972973,155.582,0.008,153.84,0.01,153840.0,10.0,2.5792589E7,1043340.0,161919.0,100.0,64.44906444906445,?,?
DatasetClassiRealeseNormalized,6,8,weka.classifiers.meta.FilteredClassifier,'-F \"weka.filters.MultiFilter -F \\\"weka.filters.supervised.attribute.AttributeSelection -E \\\\\\\"weka.attributeSelection.WrapperSubsetEval -B weka.classifiers.trees.RandomForest -F 5 -T 0.01 -R 1 -E AUC -- -P 100 -I 100 -num-slots 1 -K 0 -M 1.0 -V 0.001 -S 1\\\\\\\" -S \\\\\\\"weka.attributeSelection.GreedyStepwise -B -T -1.7976931348623157E308 -N -1 -num-slots 1\\\\\\\"\\\" -S 1\" -S 1 -W weka.classifiers.trees.RandomForest -- -P 100 -I 100 -num-slots 1 -K 0 -M 1.0 -V 0.001 -S 1',-4523450618538717400,2.0260518194000002E7,4330.0,481.0,466.0,15.0,0.0,96.88149688149689,3.1185031185031185,0.0,0.8582653963264908,0.07301153936929287,0.15699359248587938,31.656503964301262,46.22415421875348,272.1308087156738,66.14700463035275,205.98380408532108,0.565760517080403,0.13751976014626352,0.4282407569341395,187.89407595218935,0.3906321745367762,69.04549941954707,0.9904076738609112,413.0,0.171875,11.0,0.828125,53.0,0.009592326139088728,4.0,0.9740566037735849,0.9904076738609112,0.9821640903686087,0.8601489795290829,0.993292865707434,0.9989476155533856,0.9688149688149689,0.15028229495405754,0.8497177050459425,0.031185031185031187,0.9681712592586476,0.9688149688149689,0.9680427055845928,0.8601489795290829,0.993292865707434,0.9944417888979451,0.9290985741099242,0.9688149688149689,150.267,0.007,148.14,0.01,148140.0,10.0,3.002734E7,1043340.0,161919.0,100.0,64.13721413721414,?,?
DatasetClassiRealeseNormalized,6,9,weka.classifiers.meta.FilteredClassifier,'-F \"weka.filters.MultiFilter -F \\\"weka.filters.supervised.attribute.AttributeSelection -E \\\\\\\"weka.attributeSelection.WrapperSubsetEval -B weka.classifiers.trees.RandomForest -F 5 -T 0.01 -R 1 -E AUC -- -P 100 -I 100 -num-slots 1 -K 0 -M 1.0 -V 0.001 -S 1\\\\\\\" -S \\\\\\\"weka.attributeSelection.GreedyStepwise -B -T -1.7976931348623157E308 -N -1 -num-slots 1\\\\\\\"\\\" -S 1\" -S 1 -W weka.classifiers.trees.RandomForest -- -P 100 -I 100 -num-slots 1 -K 0 -M 1.0 -V 0.001 -S 1',-4523450618538717400,2.02605181943E7,4330.0,481.0,465.0,16.0,0.0,96.67359667359668,3.3264033264033266,0.0,0.8498575832065238,0.07493268679592802,0.16507717648816575,32.4894792946757,48.60423118651598,272.1308087156738,71.97419718577925,200.15661152989458,0.565760517080403,0.14963450558374064,0.41612601149666234,182.37217887786105,0.37915213903921213,67.01636604049713,0.988009592326139,412.0,0.171875,11.0,0.828125,53.0,0.011990407673860911,5.0,0.9739952718676123,0.988009592326139,0.9809523809523809,0.8512078499169976,0.9890962230215827,0.9982856850751535,0.9667359667359667,0.15060137440982763,0.8493986255901723,0.033264033264033266,0.9659850041361413,0.9667359667359667,0.966036798823684,0.8512078499169976,0.9890962230215827,0.99165947449243,0.9249024199843872,0.9667359667359667,150.46,0.014,148.83,0.01,148830.0,10.0,2.997762E7,1043340.0,161919.0,100.0,65.28066528066527,?,?
DatasetClassiRealeseNormalized,6,10,weka.classifiers.meta.FilteredClassifier,'-F \"weka.filters.MultiFilter -F \\\"weka.filters.supervised.attribute.AttributeSelection -E \\\\\\\"weka.attributeSelection.WrapperSubsetEval -B weka.classifiers.trees.RandomForest -F 5 -T 0.01 -R 1 -E AUC -- -P 100 -I 100 -num-slots 1 -K 0 -M 1.0 -V 0.001 -S 1\\\\\\\" -S \\\\\\\"weka.attributeSelection.GreedyStepwise -B -T -1.7976931348623157E308 -N -1 -num-slots 1\\\\\\\"\\\" -S 1\" -S 1 -W weka.classifiers.trees.RandomForest -- -P 100 -I 100 -num-slots 1 -K 0 -M 1.0 -V 0.001 -S 1',-4523450618538717400,2.02605181946E7,4330.0,481.0,459.0,22.0,0.0,95.42619542619542,4.573804573804574,0.0,0.7846560846560846,0.08152308440801725,0.1805395796988834,35.346958399152285,53.15687884103124,272.1308087156738,79.16621088469164,192.9645978309822,0.565760517080403,0.16458671701599092,0.40117380006441206,178.01205480838297,0.37008743203406025,65.41414977911323,0.988009592326139,412.0,0.265625,17.0,0.734375,47.0,0.011990407673860911,5.0,0.9603729603729604,0.988009592326139,0.9739952718676124,0.7901256688056855,0.9891711630695443,0.9983887829104896,0.9542619542619543,0.23187736193581515,0.7681226380641848,0.04573804573804574,0.9528517220824914,0.9542619542619543,0.9522205765786105,0.7901256688056854,0.9891711630695443,0.9886462996868874,0.8921700497269096,0.9542619542619543,219.821,0.007,217.84,0.01,217840.0,10.0,2.8534054E7,1043340.0,161919.0,100.0,65.28066528066527,?,?
DatasetClassiRealeseNormalized,7,1,weka.classifiers.meta.FilteredClassifier,'-F \"weka.filters.MultiFilter -F \\\"weka.filters.supervised.attribute.AttributeSelection -E \\\\\\\"weka.attributeSelection.WrapperSubsetEval -B weka.classifiers.trees.RandomForest -F 5 -T 0.01 -R 1 -E AUC -- -P 100 -I 100 -num-slots 1 -K 0 -M 1.0 -V 0.001 -S 1\\\\\\\" -S \\\\\\\"weka.attributeSelection.GreedyStepwise -B -T -1.7976931348623157E308 -N -1 -num-slots 1\\\\\\\"\\\" -S 1\" -S 1 -W weka.classifiers.trees.RandomForest -- -P 100 -I 100 -num-slots 1 -K 0 -M 1.0 -V 0.001 -S 1',-4523450618538717400,2.0260518195E7,4329.0,482.0,453.0,29.0,0.0,93.98340248962656,6.016597510373444,0.0,0.7056395569220401,0.09106429069355551,0.20681496664559373,39.51471072298739,60.94678313050684,272.3366817903761,97.55906680352946,174.77761498684663,0.565013862635635,0.20240470291188684,0.3626091597237482,159.12701336699385,0.33013903188173,58.430253435149666,0.9856459330143541,412.0,0.359375,23.0,0.640625,41.0,0.014354066985645933,6.0,0.9471264367816092,0.9856459330143541,0.9660023446658851,0.7163855640892242,0.9776091507177034,0.996565303730578,0.9398340248962656,0.3135630918819115,0.6864369081180884,0.06016597510373444,0.9371963440015668,0.9398340248962656,0.9358262642108283,0.7163855640892242,0.9776091507177034,0.9789350853769895,0.852370541702312,0.9398340248962656,220.07,0.008,217.09,0.01,217090.0,10.0,2.8645176E7,1043111.0,162148.0,99.79253112033194,64.00414937759336,?,?
DatasetClassiRealeseNormalized,7,2,weka.classifiers.meta.FilteredClassifier,'-F \"weka.filters.MultiFilter -F \\\"weka.filters.supervised.attribute.AttributeSelection -E \\\\\\\"weka.attributeSelection.WrapperSubsetEval -B weka.classifiers.trees.RandomForest -F 5 -T 0.01 -R 1 -E AUC -- -P 100 -I 100 -num-slots 1 -K 0 -M 1.0 -V 0.001 -S 1\\\\\\\" -S \\\\\\\"weka.attributeSelection.GreedyStepwise -B -T -1.7976931348623157E308 -N -1 -num-slots 1\\\\\\\"\\\" -S 1\" -S 1 -W weka.classifiers.trees.RandomForest -- -P 100 -I 100 -num-slots 1 -K 0 -M 1.0 -V 0.001 -S 1',-4523450618538717400,2.02605181954E7,4330.0,481.0,467.0,14.0,0.0,97.0893970893971,2.9106029106029108,0.0,0.8685997502341555,0.07169751147466188,0.1550171886180452,31.270584693629385,45.94699725186854,269.42867131105754,64.3507717766531,205.07789953440442,0.5601427677984564,0.13378538830905012,0.4263573794894063,182.96470551514406,0.38038400314998766,67.9084021105942,0.9880382775119617,413.0,0.14285714285714285,9.0,0.8571428571428571,54.0,0.011961722488038277,5.0,0.9786729857819905,0.9880382775119617,0.9833333333333333,0.8692125313714941,0.9936963621174147,0.9990507363836645,0.9708939708939709,0.12571283623915203,0.874287163760848,0.029106029106029108,0.9703665800541051,0.9708939708939709,0.9704861229451393,0.869212531371494,0.9936963621174147,0.994373279033482,0.9342896174863389,0.9708939708939709,224.143,0.007,221.03,0.01,221030.0,10.0,2.9614355E7,1043340.0,161919.0,100.0,64.34511434511434,?,?
DatasetClassiRealeseNormalized,7,3,weka.classifiers.meta.FilteredClassifier,'-F \"weka.filters.MultiFilter -F \\\"weka.filters.supervised.attribute.AttributeSelection -E \\\\\\\"weka.attributeSelection.WrapperSubsetEval -B weka.classifiers.trees.RandomForest -F 5 -T 0.01 -R 1 -E AUC -- -P 100 -I 100 -num-slots 1 -K 0 -M 1.0 -V 0.001 -S 1\\\\\\\" -S \\\\\\\"weka.attributeSelection.GreedyStepwise -B -T -1.7976931348623157E308 -N -1 -num-slots 1\\\\\\\"\\\" -S 1\" -S 1 -W weka.classifiers.trees.RandomForest -- -P 100 -I 100 -num-slots 1 -K 0 -M 1.0 -V 0.001 -S 1',-4523450618538717400,2.02605181957E7,4330.0,481.0,463.0,18.0,0.0,96.25779625779626,3.7422037422037424,0.0,0.8263050194599365,0.08183374991093287,0.17508741555618088,35.48165743179254,51.55157971915206,272.1308087156738,79.79567943315072,192.3351292825231,0.565760517080403,0.1658953834369038,0.3998651336434992,176.1254316493876,0.3661651385642154,64.72087173099389,0.9904076738609112,413.0,0.21875,14.0,0.78125,50.0,0.009592326139088728,4.0,0.9672131147540983,0.9904076738609112,0.9786729857819904,0.830179254477919,0.9846372901678657,0.9974752435181299,0.9625779625779626,0.1909202887170513,0.8090797112829488,0.037422037422037424,0.9617196010638633,0.9625779625779626,0.9612139775606718,0.830179254477919,0.9846372901678657,0.9894836761294673,0.9130653064503171,0.9625779625779626,215.035,0.009,213.26,0.01,213260.0,10.0,3.1551074E7,1043340.0,161919.0,99.58419958419958,65.48856548856548,?,?
DatasetClassiRealeseNormalized,7,4,weka.classifiers.meta.FilteredClassifier,'-F \"weka.filters.MultiFilter -F \\\"weka.filters.supervised.attribute.AttributeSelection -E \\\\\\\"weka.attributeSelection.WrapperSubsetEval -B weka.classifiers.trees.RandomForest -F 5 -T 0.01 -R 1 -E AUC -- -P 100 -I 100 -num-slots 1 -K 0 -M 1.0 -V 0.001 -S 1\\\\\\\" -S \\\\\\\"weka.attributeSelection.GreedyStepwise -B -T -1.7976931348623157E308 -N -1 -num-slots 1\\\\\\\"\\\" -S 1\" -S 1 -W weka.classifiers.trees.RandomForest -- -P 100 -I 100 -num-slots 1 -K 0 -M 1.0 -V 0.001 -S 1',-4523450618538717400,2.02605182002E7,4330.0,481.0,461.0,20.0,0.0,95.84199584199584,4.158004158004158,0.0,0.8070055771777073,0.08783488994151849,0.18665425902302663,38.08364493691369,54.95724454769434,272.1308087156738,86.52307186071032,185.6077368549635,0.565760517080403,0.17988164628006303,0.3858788708003399,160.24005598940343,0.33313940954137927,58.88346738307919,0.988009592326139,412.0,0.234375,15.0,0.765625,49.0,0.011990407673860911,5.0,0.9648711943793911,0.988009592326139,0.976303317535545,0.8107893243330283,0.9820518585131894,0.9971115527173416,0.9584199584199584,0.2047853660938193,0.7952146339061806,0.04158004158004158,0.9572252850941375,0.9584199584199584,0.9569044195118578,0.8107893243330283,0.9820518585131894,0.9855533717837747,0.9034058960559082,0.9584199584199584,281.445,0.008,279.35,0.01,279350.0,10.0,3.1247921E7,1043340.0,161919.0,99.79209979209979,65.48856548856548,?,?
DatasetClassiRealeseNormalized,7,5,weka.classifiers.meta.FilteredClassifier,'-F \"weka.filters.MultiFilter -F \\\"weka.filters.supervised.attribute.AttributeSelection -E \\\\\\\"weka.attributeSelection.WrapperSubsetEval -B weka.classifiers.trees.RandomForest -F 5 -T 0.01 -R 1 -E AUC -- -P 100 -I 100 -num-slots 1 -K 0 -M 1.0 -V 0.001 -S 1\\\\\\\" -S \\\\\\\"weka.attributeSelection.GreedyStepwise -B -T -1.7976931348623157E308 -N -1 -num-slots 1\\\\\\\"\\\" -S 1\" -S 1 -W weka.classifiers.trees.RandomForest -- -P 100 -I 100 -num-slots 1 -K 0 -M 1.0 -V 0.001 -S 1',-4523450618538717400,2.02605182005E7,4330.0,481.0,462.0,19.0,0.0,96.04989604989605,3.95010395010395,0.0,0.8229253453721108,0.08030770749474303,0.17989336723683877,34.819992601614715,52.966612321037324,272.1308087156738,80.96161499189157,191.16919372378226,0.565760517080403,0.16831936588750845,0.3974411511928945,172.38037457143986,0.3583791571131806,63.34467434429497,0.9832134292565947,410.0,0.1875,12.0,0.8125,52.0,0.016786570743405275,7.0,0.9715639810426541,0.9832134292565947,0.9773539928486293,0.8238202650155232,0.9847871702637889,0.9975559001161074,0.9604989604989606,0.16478553124236575,0.8352144687576343,0.0395010395010395,0.9595612468935628,0.9604989604989606,0.9598137965823073,0.8238202650155231,0.9847871702637889,0.9892682330596685,0.9114412240665911,0.9604989604989606,151.565,0.008,150.33,0.01,150330.0,10.0,2.9482525E7,1043340.0,161919.0,99.58419958419958,63.61746361746362,?,?
DatasetClassiRealeseNormalized,7,6,weka.classifiers.meta.FilteredClassifier,'-F \"weka.filters.MultiFilter -F \\\"weka.filters.supervised.attribute.AttributeSelection -E \\\\\\\"weka.attributeSelection.WrapperSubsetEval -B weka.classifiers.trees.RandomForest -F 5 -T 0.01 -R 1 -E AUC -- -P 100 -I 100 -num-slots 1 -K 0 -M 1.0 -V 0.001 -S 1\\\\\\\" -S \\\\\\\"weka.attributeSelection.GreedyStepwise -B -T -1.7976931348623157E308 -N -1 -num-slots 1\\\\\\\"\\\" -S 1\" -S 1 -W weka.classifiers.trees.RandomForest -- -P 100 -I 100 -num-slots 1 -K 0 -M 1.0 -V 0.001 -S 1',-4523450618538717400,2.02605182007E7,4330.0,481.0,473.0,8.0,0.0,98.33679833679834,1.6632016632016633,0.0,0.9249287916032619,0.059402411661023065,0.12804884597138697,25.755828413982456,37.70185464255285,272.1308087156738,49.89121313596853,222.23959557970528,0.565760517080403,0.1037239358336144,0.46203658124678854,211.46416718813174,0.4396344432185691,77.70680879028016,0.9976019184652278,416.0,0.109375,7.0,0.890625,57.0,0.002398081534772182,1.0,0.983451536643026,0.9976019184652278,0.9904761904761904,0.9263983325964109,0.998988309352518,0.9998505185854871,0.9833679833679834,0.09514106490275555,0.9048589350972445,0.016632016632016633,0.9833593399257374,0.9833679833679834,0.983018399411842,0.9263983325964109,0.9989883093525179,0.9988848258166785,0.9624512099921936,0.9833679833679834,153.114,0.009,152.04,0.01,152040.0,10.0,2.939573E7,1043340.0,161919.0,100.0,63.72141372141372,?,?
DatasetClassiRealeseNormalized,7,7,weka.classifiers.meta.FilteredClassifier,'-F \"weka.filters.MultiFilter -F \\\"weka.filters.supervised.attribute.AttributeSelection -E \\\\\\\"weka.attributeSelection.WrapperSubsetEval -B weka.classifiers.trees.RandomForest -F 5 -T 0.01 -R 1 -E AUC -- -P 100 -I 100 -num-slots 1 -K 0 -M 1.0 -V 0.001 -S 1\\\\\\\" -S \\\\\\\"weka.attributeSelection.GreedyStepwise -B -T -1.7976931348623157E308 -N -1 -num-slots 1\\\\\\\"\\\" -S 1\" -S 1 -W weka.classifiers.trees.RandomForest -- -P 100 -I 100 -num-slots 1 -K 0 -M 1.0 -V 0.001 -S 1',-4523450618538717400,2.0260518200999998E7,4330.0,481.0,461.0,20.0,0.0,95.84199584199584,4.158004158004158,0.0,0.8148718343468555,0.0823011645031052,0.17785671972727332,35.68432007961365,52.366955309049004,272.1308087156738,78.59272206288705,193.53808665278677,0.565760517080403,0.16339443256317474,0.4023660845172282,168.85682778762714,0.35105369602417286,62.04987542004153,0.9808153477218226,409.0,0.1875,12.0,0.8125,52.0,0.019184652278177457,8.0,0.9714964370546318,0.9808153477218226,0.9761336515513127,0.815430962176605,0.9864358513189448,0.9978928833651516,0.9584199584199584,0.1651046106981359,0.8348953893018641,0.04158004158004158,0.9575481931776468,0.9584199584199584,0.9578485489641084,0.815430962176605,0.9864358513189447,0.9887469921488652,0.9074216644853338,0.9584199584199584,151.827,0.009,150.53,0.01,150530.0,10.0,2.5034485E7,1043340.0,161919.0,100.0,66.42411642411642,?,?
DatasetClassiRealeseNormalized,7,8,weka.classifiers.meta.FilteredClassifier,'-F \"weka.filters.MultiFilter -F \\\"weka.filters.supervised.attribute.AttributeSelection -E \\\\\\\"weka.attributeSelection.WrapperSubsetEval -B weka.classifiers.trees.RandomForest -F 5 -T 0.01 -R 1 -E AUC -- -P 100 -I 100 -num-slots 1 -K 0 -M 1.0 -V 0.001 -S 1\\\\\\\" -S \\\\\\\"weka.attributeSelection.GreedyStepwise -B -T -1.7976931348623157E308 -N -1 -num-slots 1\\\\\\\"\\\" -S 1\" -S 1 -W weka.classifiers.trees.RandomForest -- -P 100 -I 100 -num-slots 1 -K 0 -M 1.0 -V 0.001 -S 1',-4523450618538717400,2.02605182011E7,4330.0,481.0,465.0,16.0,0.0,96.67359667359668,3.3264033264033266,0.0,0.8477607216331697,0.08460852797449996,0.17851775947107087,36.68475181287487,52.561587475739316,272.1308087156738,80.94426515440468,191.18654356126916,0.565760517080403,0.16828329553930285,0.3974772215411001,172.6971180261623,0.3590376674140588,63.461068168359695,0.9904076738609112,413.0,0.1875,12.0,0.8125,52.0,0.009592326139088728,4.0,0.971764705882353,0.9904076738609112,0.9809976247030878,0.8502274939139586,0.988234412470024,0.9982237024620715,0.9667359667359667,0.16382829287505546,0.8361717071249446,0.033264033264033266,0.9660175754293402,0.9667359667359667,0.9657851895381585,0.8502274939139586,0.988234412470024,0.9869677789801098,0.9238321456848773,0.9667359667359667,79.607,0.009,78.95,0.01,78950.0,10.0,3.0244247E7,1043340.0,161919.0,100.0,65.8004158004158,?,?
DatasetClassiRealeseNormalized,7,9,weka.classifiers.meta.FilteredClassifier,'-F \"weka.filters.MultiFilter -F \\\"weka.filters.supervised.attribute.AttributeSelection -E \\\\\\\"weka.attributeSelection.WrapperSubsetEval -B weka.classifiers.trees.RandomForest -F 5 -T 0.01 -R 1 -E AUC -- -P 100 -I 100 -num-slots 1 -K 0 -M 1.0 -V 0.001 -S 1\\\\\\\" -S \\\\\\\"weka.attributeSelection.GreedyStepwise -B -T -1.7976931348623157E308 -N -1 -num-slots 1\\\\\\\"\\\" -S 1\" -S 1 -W weka.classifiers.trees.RandomForest -- -P 100 -I 100 -num-slots 1 -K 0 -M 1.0 -V 0.001 -S 1',-4523450618538717400,2.02605182013E7,4330.0,481.0,459.0,22.0,0.0,95.42619542619542,4.573804573804574,0.0,0.7935541769089702,0.08155540890918953,0.18618702127481687,35.360973727528375,54.819674157794424,272.1308087156738,86.17809161776455,185.95271709790927,0.565760517080403,0.17916443163776413,0.3865960854426388,169.71461309793136,0.3528370334676328,62.365086077134194,0.9808153477218226,409.0,0.21875,14.0,0.78125,50.0,0.019184652278177457,8.0,0.966903073286052,0.9808153477218226,0.9738095238095239,0.7948149879074375,0.9776303956834532,0.9963964994837469,0.9542619542619543,0.19219660654013174,0.8078033934598683,0.04573804573804574,0.9529542522939441,0.9542619542619543,0.9533005983825656,0.7948149879074375,0.9776303956834533,0.9834337153607597,0.8967408274785325,0.9542619542619543,150.86,0.007,149.54,0.0,149540.0,0.0,2.9778098E7,1043340.0,161919.0,99.79209979209979,64.13721413721414,?,?
DatasetClassiRealeseNormalized,7,10,weka.classifiers.meta.FilteredClassifier,'-F \"weka.filters.MultiFilter -F \\\"weka.filters.supervised.attribute.AttributeSelection -E \\\\\\\"weka.attributeSelection.WrapperSubsetEval -B weka.classifiers.trees.RandomForest -F 5 -T 0.01 -R 1 -E AUC -- -P 100 -I 100 -num-slots 1 -K 0 -M 1.0 -V 0.001 -S 1\\\\\\\" -S \\\\\\\"weka.attributeSelection.GreedyStepwise -B -T -1.7976931348623157E308 -N -1 -num-slots 1\\\\\\\"\\\" -S 1\" -S 1 -W weka.classifiers.trees.RandomForest -- -P 100 -I 100 -num-slots 1 -K 0 -M 1.0 -V 0.001 -S 1',-4523450618538717400,2.02605182016E7,4330.0,481.0,463.0,18.0,0.0,96.25779625779626,3.7422037422037424,0.0,0.83338465091217,0.07222610476227315,0.17728656522940517,31.315953498366603,52.19908279259364,272.1308087156738,80.98643559950045,191.14437311617337,0.565760517080403,0.16837096798232942,0.39738954909807356,184.11617268761393,0.3827779057954551,67.65723203357732,0.9832134292565947,410.0,0.171875,11.0,0.828125,53.0,0.016786570743405275,7.0,0.9738717339667459,0.9832134292565947,0.9785202863961814,0.8339564813909894,0.9777802757793765,0.9958796193886965,0.9625779625779626,0.15123953332136783,0.8487604666786321,0.037422037422037424,0.961825044485377,0.9625779625779626,0.9620636940676974,0.8339564813909894,0.9777802757793764,0.9860475104446429,0.9166794980368003,0.9625779625779626,150.733,0.007,149.29,0.0,149290.0,0.0,2.4882029E7,1043340.0,161919.0,99.58419958419958,62.99376299376299,?,?
DatasetClassiRealeseNormalized,8,1,weka.classifiers.meta.FilteredClassifier,'-F \"weka.filters.MultiFilter -F \\\"weka.filters.supervised.attribute.AttributeSelection -E \\\\\\\"weka.attributeSelection.WrapperSubsetEval -B weka.classifiers.trees.RandomForest -F 5 -T 0.01 -R 1 -E AUC -- -P 100 -I 100 -num-slots 1 -K 0 -M 1.0 -V 0.001 -S 1\\\\\\\" -S \\\\\\\"weka.attributeSelection.GreedyStepwise -B -T -1.7976931348623157E308 -N -1 -num-slots 1\\\\\\\"\\\" -S 1\" -S 1 -W weka.classifiers.trees.RandomForest -- -P 100 -I 100 -num-slots 1 -K 0 -M 1.0 -V 0.001 -S 1',-4523450618538717400,2.02605182018E7,4329.0,482.0,458.0,24.0,0.0,95.02074688796681,4.979253112033195,0.0,0.7651453630014615,0.08226220557073595,0.18593955883138397,35.69530088913975,54.794960690142666,272.3366817903761,88.25856329087608,184.0781184995,0.565013862635635,0.18310905247069728,0.38190481016493777,170.63184183807965,0.35400797061842254,62.65474071150613,0.9856459330143541,412.0,0.28125,18.0,0.71875,46.0,0.014354066985645933,6.0,0.958139534883721,0.9856459330143541,0.9716981132075472,0.770475916445809,0.975328947368421,0.9956787173938382,0.950207468879668,0.24581153586531398,0.754188464134686,0.04979253112033195,0.948376992109502,0.950207468879668,0.947984298776784,0.7704759164458092,0.9753289473684211,0.9832106859875269,0.8824007807417047,0.950207468879668,148.872,0.008,147.31,0.01,147310.0,10.0,2.8039248E7,1043111.0,162148.0,99.5850622406639,65.24896265560166,?,?
DatasetClassiRealeseNormalized,8,2,weka.classifiers.meta.FilteredClassifier,'-F \"weka.filters.MultiFilter -F \\\"weka.filters.supervised.attribute.AttributeSelection -E \\\\\\\"weka.attributeSelection.WrapperSubsetEval -B weka.classifiers.trees.RandomForest -F 5 -T 0.01 -R 1 -E AUC -- -P 100 -I 100 -num-slots 1 -K 0 -M 1.0 -V 0.001 -S 1\\\\\\\" -S \\\\\\\"weka.attributeSelection.GreedyStepwise -B -T -1.7976931348623157E308 -N -1 -num-slots 1\\\\\\\"\\\" -S 1\" -S 1 -W weka.classifiers.trees.RandomForest -- -P 100 -I 100 -num-slots 1 -K 0 -M 1.0 -V 0.001 -S 1',-4523450618538717400,2.02605182022E7,4330.0,481.0,466.0,15.0,0.0,96.88149688149689,3.1185031185031185,0.0,0.8541628767206357,0.0757076721434179,0.1607416116431514,33.019600332362025,47.64371263774201,269.42867131105754,67.59297822663856,201.83569308441898,0.5601427677984564,0.14052594225912385,0.4196168255393326,181.47637017989086,0.377289750893744,67.3559978961463,0.992822966507177,415.0,0.19047619047619047,12.0,0.8095238095238095,51.0,0.007177033492822967,3.0,0.9718969555035128,0.992822966507177,0.9822485207100592,0.8574517875612392,0.9942279942279942,0.9991365899055654,0.9688149688149689,0.16646819278398226,0.8335318072160178,0.031185031185031187,0.9683013043668781,0.9688149688149689,0.9677816186691925,0.8574517875612392,0.9942279942279941,0.9946114929991862,0.9270216962524656,0.9688149688149689,218.398,0.007,215.63,0.01,215630.0,10.0,2.9805382E7,1043340.0,161919.0,100.0,64.55301455301455,?,?
DatasetClassiRealeseNormalized,8,3,weka.classifiers.meta.FilteredClassifier,'-F \"weka.filters.MultiFilter -F \\\"weka.filters.supervised.attribute.AttributeSelection -E \\\\\\\"weka.attributeSelection.WrapperSubsetEval -B weka.classifiers.trees.RandomForest -F 5 -T 0.01 -R 1 -E AUC -- -P 100 -I 100 -num-slots 1 -K 0 -M 1.0 -V 0.001 -S 1\\\\\\\" -S \\\\\\\"weka.attributeSelection.GreedyStepwise -B -T -1.7976931348623157E308 -N -1 -num-slots 1\\\\\\\"\\\" -S 1\" -S 1 -W weka.classifiers.trees.RandomForest -- -P 100 -I 100 -num-slots 1 -K 0 -M 1.0 -V 0.001 -S 1',-4523450618538717400,2.02605182025E7,4330.0,481.0,459.0,22.0,0.0,95.42619542619542,4.573804573804574,0.0,0.7906709922456084,0.08150636102467224,0.18849439129575016,35.339707437787396,55.49904091409654,272.1308087156738,88.24578513789675,183.88502357777708,0.565760517080403,0.1834631707648581,0.38229734631554485,171.37498462474818,0.3562889493238008,62.97522336171911,0.9832134292565947,410.0,0.234375,15.0,0.765625,49.0,0.016786570743405275,7.0,0.9647058823529412,0.9832134292565947,0.9738717339667459,0.7929716476512255,0.9766561750599521,0.9962321585526083,0.9542619542619543,0.20542352500535951,0.7945764749946405,0.04573804573804574,0.9527699645346704,0.9542619542619543,0.9529546356149681,0.7929716476512255,0.9766561750599521,0.9839421709893464,0.8952692003167062,0.9542619542619543,147.97,0.008,146.75,0.01,146750.0,10.0,2.9732389E7,1043340.0,161919.0,99.79209979209979,64.55301455301455,?,?
DatasetClassiRealeseNormalized,8,4,weka.classifiers.meta.FilteredClassifier,'-F \"weka.filters.MultiFilter -F \\\"weka.filters.supervised.attribute.AttributeSelection -E \\\\\\\"weka.attributeSelection.WrapperSubsetEval -B weka.classifiers.trees.RandomForest -F 5 -T 0.01 -R 1 -E AUC -- -P 100 -I 100 -num-slots 1 -K 0 -M 1.0 -V 0.001 -S 1\\\\\\\" -S \\\\\\\"weka.attributeSelection.GreedyStepwise -B -T -1.7976931348623157E308 -N -1 -num-slots 1\\\\\\\"\\\" -S 1\" -S 1 -W weka.classifiers.trees.RandomForest -- -P 100 -I 100 -num-slots 1 -K 0 -M 1.0 -V 0.001 -S 1',-4523450618538717400,2.02605182027E7,4330.0,481.0,462.0,19.0,0.0,96.04989604989605,3.95010395010395,0.0,0.8179445805693343,0.07848591811296708,0.17902688653048515,34.03009715105299,52.71149147716169,272.1308087156738,81.39552861391743,190.7352801017564,0.565760517080403,0.16922147320980754,0.3965390438705954,176.84377708683206,0.36765858022210407,64.98484237100878,0.988009592326139,412.0,0.21875,14.0,0.78125,50.0,0.011990407673860911,5.0,0.9671361502347418,0.988009592326139,0.977461447212337,0.8210030879612951,0.9798785971223022,0.9966860477977507,0.9604989604989606,0.1912393681728214,0.8087606318271786,0.0395010395010395,0.9594128749058326,0.9604989604989606,0.9592160833525708,0.8210030879612951,0.9798785971223022,0.9864820947586405,0.9088987908330592,0.9604989604989606,150.681,0.007,148.65,0.01,148650.0,10.0,2.7352404E7,1043340.0,161919.0,99.79209979209979,65.28066528066527,?,?
DatasetClassiRealeseNormalized,8,5,weka.classifiers.meta.FilteredClassifier,'-F \"weka.filters.MultiFilter -F \\\"weka.filters.supervised.attribute.AttributeSelection -E \\\\\\\"weka.attributeSelection.WrapperSubsetEval -B weka.classifiers.trees.RandomForest -F 5 -T 0.01 -R 1 -E AUC -- -P 100 -I 100 -num-slots 1 -K 0 -M 1.0 -V 0.001 -S 1\\\\\\\" -S \\\\\\\"weka.attributeSelection.GreedyStepwise -B -T -1.7976931348623157E308 -N -1 -num-slots 1\\\\\\\"\\\" -S 1\" -S 1 -W weka.classifiers.trees.RandomForest -- -P 100 -I 100 -num-slots 1 -K 0 -M 1.0 -V 0.001 -S 1',-4523450618538717400,2.0260518202999998E7,4330.0,481.0,460.0,21.0,0.0,95.63409563409563,4.365904365904366,0.0,0.8120009678199858,0.08577903768111439,0.18252969512737802,37.1922639881801,53.74283525506852,272.1308087156738,82.66478103485046,189.46602768082334,0.565760517080403,0.17186025163170573,0.39390026544869716,161.2340526600761,0.3352059306862289,59.24873167467625,0.973621103117506,406.0,0.15625,10.0,0.84375,54.0,0.026378896882494004,11.0,0.9759615384615384,0.973621103117506,0.9747899159663866,0.8120335084003542,0.9841876498800959,0.997490222993604,0.9563409563409564,0.13896985322345035,0.8610301467765497,0.04365904365904366,0.9566428114505038,0.9563409563409564,0.9564839715318512,0.8120335084003542,0.9841876498800959,0.9874770559395573,0.9059996091459841,0.9563409563409564,151.244,0.008,148.67,0.01,148670.0,10.0,2.8282596E7,1043340.0,161919.0,99.79209979209979,64.76091476091476,?,?
DatasetClassiRealeseNormalized,8,6,weka.classifiers.meta.FilteredClassifier,'-F \"weka.filters.MultiFilter -F \\\"weka.filters.supervised.attribute.AttributeSelection -E \\\\\\\"weka.attributeSelection.WrapperSubsetEval -B weka.classifiers.trees.RandomForest -F 5 -T 0.01 -R 1 -E AUC -- -P 100 -I 100 -num-slots 1 -K 0 -M 1.0 -V 0.001 -S 1\\\\\\\" -S \\\\\\\"weka.attributeSelection.GreedyStepwise -B -T -1.7976931348623157E308 -N -1 -num-slots 1\\\\\\\"\\\" -S 1\" -S 1 -W weka.classifiers.trees.RandomForest -- -P 100 -I 100 -num-slots 1 -K 0 -M 1.0 -V 0.001 -S 1',-4523450618538717400,2.02605182033E7,4330.0,481.0,464.0,17.0,0.0,96.46569646569647,3.5343035343035343,0.0,0.8437028117055644,0.07979952339145543,0.16637211803976637,34.599653019415946,48.98550520565051,272.1308087156738,71.7304867714174,200.4003219442564,0.565760517080403,0.1491278311256079,0.416632685954795,176.26616308921527,0.36645771952019807,64.77258636062066,0.9832134292565947,410.0,0.15625,10.0,0.84375,54.0,0.016786570743405275,7.0,0.9761904761904762,0.9832134292565947,0.979689366786141,0.8440239221115288,0.9919439448441247,0.9987873874469363,0.9646569646569647,0.1376935354003699,0.8623064645996301,0.035343035343035345,0.9640897427782673,0.9646569646569647,0.9642961870058645,0.8440239221115287,0.9919439448441247,0.9921036277353505,0.9218446833930705,0.9646569646569647,217.074,0.008,215.25,0.0,215250.0,0.0,3.047293E7,1043340.0,161919.0,100.0,64.76091476091476,?,?
DatasetClassiRealeseNormalized,8,7,weka.classifiers.meta.FilteredClassifier,'-F \"weka.filters.MultiFilter -F \\\"weka.filters.supervised.attribute.AttributeSelection -E \\\\\\\"weka.attributeSelection.WrapperSubsetEval -B weka.classifiers.trees.RandomForest -F 5 -T 0.01 -R 1 -E AUC -- -P 100 -I 100 -num-slots 1 -K 0 -M 1.0 -V 0.001 -S 1\\\\\\\" -S \\\\\\\"weka.attributeSelection.GreedyStepwise -B -T -1.7976931348623157E308 -N -1 -num-slots 1\\\\\\\"\\\" -S 1\" -S 1 -W weka.classifiers.trees.RandomForest -- -P 100 -I 100 -num-slots 1 -K 0 -M 1.0 -V 0.001 -S 1',-4523450618538717400,2.02605182037E7,4330.0,481.0,467.0,14.0,0.0,97.0893970893971,2.9106029106029108,0.0,0.8649039040243951,0.07540379958851483,0.16538001286747372,32.693745416373574,48.693396325541904,272.1308087156738,71.47860769141924,200.65220102425457,0.565760517080403,0.1486041739946346,0.4171563430857683,184.67636789171036,0.38394255278941863,67.86308715403953,0.9952038369304557,415.0,0.1875,12.0,0.8125,52.0,0.004796163069544364,2.0,0.9718969555035128,0.9952038369304557,0.9834123222748815,0.8689591147677004,0.9911570743405276,0.9986545054515503,0.9708939708939709,0.16319013396351525,0.8368098660364848,0.029106029106029108,0.970708233003315,0.9708939708939709,0.9698330936583005,0.8689591147677004,0.9911570743405276,0.990874273009466,0.9323841272391357,0.9708939708939709,217.18,0.009,215.37,0.01,215370.0,10.0,3.2558383E7,1043340.0,161919.0,100.0,64.65696465696466,?,?
DatasetClassiRealeseNormalized,8,8,weka.classifiers.meta.FilteredClassifier,'-F \"weka.filters.MultiFilter -F \\\"weka.filters.supervised.attribute.AttributeSelection -E \\\\\\\"weka.attributeSelection.WrapperSubsetEval -B weka.classifiers.trees.RandomForest -F 5 -T 0.01 -R 1 -E AUC -- -P 100 -I 100 -num-slots 1 -K 0 -M 1.0 -V 0.001 -S 1\\\\\\\" -S \\\\\\\"weka.attributeSelection.GreedyStepwise -B -T -1.7976931348623157E308 -N -1 -num-slots 1\\\\\\\"\\\" -S 1\" -S 1 -W weka.classifiers.trees.RandomForest -- -P 100 -I 100 -num-slots 1 -K 0 -M 1.0 -V 0.001 -S 1',-4523450618538717400,2.0260518204E7,4330.0,481.0,465.0,16.0,0.0,96.67359667359668,3.3264033264033266,0.0,0.8558153477218226,0.07367030468249632,0.16485911524595223,31.942132878978548,48.54002667772295,272.1308087156738,70.06697014937474,202.06383856629907,0.565760517080403,0.14566937660992668,0.42009114047047624,178.69503516287165,0.37150734961095977,65.66512480017461,0.9808153477218226,409.0,0.125,8.0,0.875,56.0,0.019184652278177457,8.0,0.9808153477218226,0.9808153477218226,0.9808153477218226,0.8558153477218226,0.9890212829736211,0.9982849737257611,0.9667359667359667,0.1109206190141442,0.8890793809858558,0.033264033264033266,0.9667359667359667,0.9667359667359667,0.9667359667359667,0.8558153477218226,0.989021282973621,0.9911629040382696,0.9279076738609113,0.9667359667359667,216.544,0.007,214.72,0.01,214720.0,10.0,2.8405186E7,1043340.0,161919.0,100.0,64.24116424116424,?,?
DatasetClassiRealeseNormalized,8,9,weka.classifiers.meta.FilteredClassifier,'-F \"weka.filters.MultiFilter -F \\\"weka.filters.supervised.attribute.AttributeSelection -E \\\\\\\"weka.attributeSelection.WrapperSubsetEval -B weka.classifiers.trees.RandomForest -F 5 -T 0.01 -R 1 -E AUC -- -P 100 -I 100 -num-slots 1 -K 0 -M 1.0 -V 0.001 -S 1\\\\\\\" -S \\\\\\\"weka.attributeSelection.GreedyStepwise -B -T -1.7976931348623157E308 -N -1 -num-slots 1\\\\\\\"\\\" -S 1\" -S 1 -W weka.classifiers.trees.RandomForest -- -P 100 -I 100 -num-slots 1 -K 0 -M 1.0 -V 0.001 -S 1',-4523450618538717400,2.0260518204299998E7,4330.0,481.0,462.0,19.0,0.0,96.04989604989605,3.95010395010395,0.0,0.8229253453721108,0.08024210684775335,0.1761376279826327,34.79154932868239,51.86079731455887,272.1308087156738,78.1717869423716,193.95902177330223,0.565760517080403,0.16251930757249813,0.4032412095079048,172.00709416623206,0.35760310637470283,63.2075048679797,0.9832134292565947,410.0,0.1875,12.0,0.8125,52.0,0.016786570743405275,7.0,0.9715639810426541,0.9832134292565947,0.9773539928486293,0.8238202650155232,0.9858738009592326,0.997782035267909,0.9604989604989606,0.16478553124236575,0.8352144687576343,0.0395010395010395,0.9595612468935628,0.9604989604989606,0.9598137965823073,0.8238202650155231,0.9858738009592326,0.9888953295840698,0.9114412240665911,0.9604989604989606,149.738,0.007,148.41,0.01,148410.0,10.0,2.7348748E7,1043340.0,161919.0,100.0,65.8004158004158,?,?
DatasetClassiRealeseNormalized,8,10,weka.classifiers.meta.FilteredClassifier,'-F \"weka.filters.MultiFilter -F \\\"weka.filters.supervised.attribute.AttributeSelection -E \\\\\\\"weka.attributeSelection.WrapperSubsetEval -B weka.classifiers.trees.RandomForest -F 5 -T 0.01 -R 1 -E AUC -- -P 100 -I 100 -num-slots 1 -K 0 -M 1.0 -V 0.001 -S 1\\\\\\\" -S \\\\\\\"weka.attributeSelection.GreedyStepwise -B -T -1.7976931348623157E308 -N -1 -num-slots 1\\\\\\\"\\\" -S 1\" -S 1 -W weka.classifiers.trees.RandomForest -- -P 100 -I 100 -num-slots 1 -K 0 -M 1.0 -V 0.001 -S 1',-4523450618538717400,2.02605182045E7,4330.0,481.0,460.0,21.0,0.0,95.63409563409563,4.365904365904366,0.0,0.801571554857087,0.07944681100888086,0.17797913202493462,34.44672320813291,52.40299757571589,272.1308087156738,77.25234305825036,194.87846565742348,0.565760517080403,0.16060778182588434,0.40515273525451867,177.98114010396847,0.37002316029931076,65.40278954226227,0.9832134292565947,410.0,0.21875,14.0,0.78125,50.0,0.016786570743405275,7.0,0.9669811320754716,0.9832134292565947,0.9750297265160522,0.8033307155116662,0.9887589928057554,0.9982967620070212,0.9563409563409564,0.1918775270843616,0.8081224729156384,0.04365904365904366,0.955034268092858,0.9563409563409564,0.95525978781843,0.8033307155116663,0.9887589928057554,0.989712720480373,0.9007380037538939,0.9563409563409564,150.135,0.006,148.66,0.01,148660.0,10.0,2.9416103E7,1043340.0,161919.0,100.0,64.24116424116424,?,?
DatasetClassiRealeseNormalized,9,1,weka.classifiers.meta.FilteredClassifier,'-F \"weka.filters.MultiFilter -F \\\"weka.filters.supervised.attribute.AttributeSelection -E \\\\\\\"weka.attributeSelection.WrapperSubsetEval -B weka.classifiers.trees.RandomForest -F 5 -T 0.01 -R 1 -E AUC -- -P 100 -I 100 -num-slots 1 -K 0 -M 1.0 -V 0.001 -S 1\\\\\\\" -S \\\\\\\"weka.attributeSelection.GreedyStepwise -B -T -1.7976931348623157E308 -N -1 -num-slots 1\\\\\\\"\\\" -S 1\" -S 1 -W weka.classifiers.trees.RandomForest -- -P 100 -I 100 -num-slots 1 -K 0 -M 1.0 -V 0.001 -S 1',-4523450618538717400,2.02605182048E7,4329.0,482.0,461.0,21.0,0.0,95.64315352697095,4.356846473029045,0.0,0.8095578551269993,0.07596670786515318,0.16676013059910366,32.96355204666028,49.14293041400206,272.3366817903761,71.16101438999719,201.17566740037887,0.565013862635635,0.14763695931534687,0.4173769033202881,181.72891324774957,0.37703094034802814,66.72950263366673,0.9760765550239234,408.0,0.171875,11.0,0.828125,53.0,0.023923444976076555,10.0,0.9737470167064439,0.9760765550239234,0.974910394265233,0.8095911465395609,0.9905427631578947,0.9985572739203089,0.9564315352697096,0.1522299802457861,0.847770019754214,0.043568464730290454,0.9561566863580153,0.9564315352697096,0.9562860324429732,0.8095911465395609,0.9905427631578947,0.9914606581046803,0.9047780317782858,0.9564315352697096,150.744,0.007,148.4,0.01,148400.0,10.0,3.0534435E7,1043111.0,162148.0,100.0,64.41908713692946,?,?
DatasetClassiRealeseNormalized,9,2,weka.classifiers.meta.FilteredClassifier,'-F \"weka.filters.MultiFilter -F \\\"weka.filters.supervised.attribute.AttributeSelection -E \\\\\\\"weka.attributeSelection.WrapperSubsetEval -B weka.classifiers.trees.RandomForest -F 5 -T 0.01 -R 1 -E AUC -- -P 100 -I 100 -num-slots 1 -K 0 -M 1.0 -V 0.001 -S 1\\\\\\\" -S \\\\\\\"weka.attributeSelection.GreedyStepwise -B -T -1.7976931348623157E308 -N -1 -num-slots 1\\\\\\\"\\\" -S 1\" -S 1 -W weka.classifiers.trees.RandomForest -- -P 100 -I 100 -num-slots 1 -K 0 -M 1.0 -V 0.001 -S 1',-4523450618538717400,2.0260518205199998E7,4330.0,481.0,469.0,12.0,0.0,97.5051975051975,2.494802494802495,0.0,0.8857889113142585,0.07921916201627582,0.16946201319742987,34.55112268525193,50.22843417618295,269.42867131105754,78.26762881735816,191.16104249369937,0.5601427677984564,0.16271856302985063,0.39742420476860574,171.55099806737354,0.35665488163695125,63.67213898676602,0.992822966507177,415.0,0.14285714285714285,9.0,0.8571428571428571,54.0,0.007177033492822967,3.0,0.9787735849056604,0.992822966507177,0.9857482185273159,0.8872367513303506,0.9820384294068505,0.9970070271786374,0.975051975051975,0.12508615140194085,0.8749138485980591,0.02494802494802495,0.974660226646324,0.975051975051975,0.9745171628782079,0.8872367513303505,0.9820384294068504,0.9894326087700347,0.9428741092636579,0.975051975051975,216.846,0.008,214.8,0.01,214800.0,10.0,2.7658002E7,1043340.0,161919.0,99.58419958419958,65.8004158004158,?,?
DatasetClassiRealeseNormalized,9,3,weka.classifiers.meta.FilteredClassifier,'-F \"weka.filters.MultiFilter -F \\\"weka.filters.supervised.attribute.AttributeSelection -E \\\\\\\"weka.attributeSelection.WrapperSubsetEval -B weka.classifiers.trees.RandomForest -F 5 -T 0.01 -R 1 -E AUC -- -P 100 -I 100 -num-slots 1 -K 0 -M 1.0 -V 0.001 -S 1\\\\\\\" -S \\\\\\\"weka.attributeSelection.GreedyStepwise -B -T -1.7976931348623157E308 -N -1 -num-slots 1\\\\\\\"\\\" -S 1\" -S 1 -W weka.classifiers.trees.RandomForest -- -P 100 -I 100 -num-slots 1 -K 0 -M 1.0 -V 0.001 -S 1',-4523450618538717400,2.02605182055E7,4330.0,481.0,457.0,24.0,0.0,95.01039501039502,4.98960498960499,0.0,0.7747863748097857,0.08604715909528023,0.19503713883756132,37.30851666116545,57.425444193352995,272.1308087156738,90.08622890587299,182.04457980980084,0.565760517080403,0.1872894571847671,0.37847105989563584,159.7030605985801,0.33202299500744303,58.68613750581991,0.9784172661870504,408.0,0.234375,15.0,0.765625,49.0,0.02158273381294964,9.0,0.9645390070921985,0.9784172661870504,0.9714285714285714,0.7760173672375842,0.9780050959232613,0.9965668468910207,0.9501039501039501,0.20606168391689975,0.7939383160831003,0.0498960498960499,0.9486106683465451,0.9501039501039501,0.9490551982355261,0.7760173672375842,0.9780050959232615,0.9817997143686412,0.8873536299765807,0.9501039501039501,212.037,0.007,210.55,0.0,210550.0,0.0,2.4846392E7,1043340.0,161919.0,99.79209979209979,65.38461538461539,?,?
DatasetClassiRealeseNormalized,9,4,weka.classifiers.meta.FilteredClassifier,'-F \"weka.filters.MultiFilter -F \\\"weka.filters.supervised.attribute.AttributeSelection -E \\\\\\\"weka.attributeSelection.WrapperSubsetEval -B weka.classifiers.trees.RandomForest -F 5 -T 0.01 -R 1 -E AUC -- -P 100 -I 100 -num-slots 1 -K 0 -M 1.0 -V 0.001 -S 1\\\\\\\" -S \\\\\\\"weka.attributeSelection.GreedyStepwise -B -T -1.7976931348623157E308 -N -1 -num-slots 1\\\\\\\"\\\" -S 1\" -S 1 -W weka.classifiers.trees.RandomForest -- -P 100 -I 100 -num-slots 1 -K 0 -M 1.0 -V 0.001 -S 1',-4523450618538717400,2.02605182058E7,4330.0,481.0,461.0,20.0,0.0,95.84199584199584,4.158004158004158,0.0,0.8042328042328042,0.07673310966329938,0.17218273070200663,33.27011060488652,50.69634353702377,272.1308087156738,74.16593113815952,197.9648775775143,0.565760517080403,0.15419112502735868,0.41156939205304427,184.76275204999047,0.3841221456340758,67.89483076979838,0.9904076738609112,413.0,0.25,16.0,0.75,48.0,0.009592326139088728,4.0,0.9627039627039627,0.9904076738609112,0.9763593380614657,0.8098388513719771,0.9893210431654677,0.9983718962713353,0.9584199584199584,0.21801228455904714,0.7819877154409529,0.04158004158004158,0.9574313420467268,0.9584199584199584,0.9565641605260093,0.8098388513719771,0.9893210431654677,0.9898117505157136,0.9019727724790088,0.9584199584199584,149.179,0.007,147.1,0.01,147100.0,10.0,2.6121679E7,1043340.0,161919.0,100.0,65.8004158004158,?,?
DatasetClassiRealeseNormalized,9,5,weka.classifiers.meta.FilteredClassifier,'-F \"weka.filters.MultiFilter -F \\\"weka.filters.supervised.attribute.AttributeSelection -E \\\\\\\"weka.attributeSelection.WrapperSubsetEval -B weka.classifiers.trees.RandomForest -F 5 -T 0.01 -R 1 -E AUC -- -P 100 -I 100 -num-slots 1 -K 0 -M 1.0 -V 0.001 -S 1\\\\\\\" -S \\\\\\\"weka.attributeSelection.GreedyStepwise -B -T -1.7976931348623157E308 -N -1 -num-slots 1\\\\\\\"\\\" -S 1\" -S 1 -W weka.classifiers.trees.RandomForest -- -P 100 -I 100 -num-slots 1 -K 0 -M 1.0 -V 0.001 -S 1',-4523450618538717400,2.026051821E7,4330.0,481.0,467.0,14.0,0.0,97.0893970893971,2.9106029106029108,0.0,0.8686253853057083,0.07155345369922711,0.1622327250887714,31.024303969705056,47.766729744123175,272.1308087156738,67.5637850974106,204.56702361826322,0.565760517080403,0.14046524968276633,0.4252952673976366,190.93704961958005,0.39695852311763,70.16370197873252,0.9904076738609112,413.0,0.15625,10.0,0.84375,54.0,0.009592326139088728,4.0,0.9763593380614657,0.9904076738609112,0.9833333333333334,0.8700054705868508,0.9911945443645084,0.9986784997246814,0.9708939708939709,0.13673629703305962,0.8632637029669404,0.029106029106029108,0.9703285880835404,0.9708939708939709,0.9702821989707237,0.870005470586851,0.9911945443645084,0.9912343013828409,0.9342896174863389,0.9708939708939709,148.751,0.006,146.85,0.01,146850.0,10.0,2.8658013E7,1043340.0,161919.0,100.0,63.61746361746362,?,?
DatasetClassiRealeseNormalized,9,6,weka.classifiers.meta.FilteredClassifier,'-F \"weka.filters.MultiFilter -F \\\"weka.filters.supervised.attribute.AttributeSelection -E \\\\\\\"weka.attributeSelection.WrapperSubsetEval -B weka.classifiers.trees.RandomForest -F 5 -T 0.01 -R 1 -E AUC -- -P 100 -I 100 -num-slots 1 -K 0 -M 1.0 -V 0.001 -S 1\\\\\\\" -S \\\\\\\"weka.attributeSelection.GreedyStepwise -B -T -1.7976931348623157E308 -N -1 -num-slots 1\\\\\\\"\\\" -S 1\" -S 1 -W weka.classifiers.trees.RandomForest -- -P 100 -I 100 -num-slots 1 -K 0 -M 1.0 -V 0.001 -S 1',-4523450618538717400,2.0260518210300002E7,4330.0,481.0,458.0,23.0,0.0,95.21829521829522,4.781704781704781,0.0,0.7764734406885824,0.07916071226512708,0.17546234207607406,34.32267588501028,51.66197060200164,272.1308087156738,76.96859789330114,195.16221082237269,0.565760517080403,0.1600178750380481,0.40574264204235483,178.4713856435307,0.37104238179528215,65.58294023592168,0.9856115107913669,411.0,0.265625,17.0,0.734375,47.0,0.014388489208633094,6.0,0.9602803738317757,0.9856115107913669,0.9727810650887573,0.7809487876003958,0.9879721223021583,0.9981341384433094,0.9521829521829522,0.23219644139158527,0.7678035586084148,0.04781704781704782,0.9505023552369699,0.9521829521829522,0.9502463774653123,0.7809487876003959,0.9879721223021584,0.9899732767417921,0.8880999342537803,0.9521829521829522,148.968,0.007,146.38,0.01,146380.0,10.0,3.1970248E7,1043340.0,161919.0,100.0,64.65696465696466,?,?
DatasetClassiRealeseNormalized,9,7,weka.classifiers.meta.FilteredClassifier,'-F \"weka.filters.MultiFilter -F \\\"weka.filters.supervised.attribute.AttributeSelection -E \\\\\\\"weka.attributeSelection.WrapperSubsetEval -B weka.classifiers.trees.RandomForest -F 5 -T 0.01 -R 1 -E AUC -- -P 100 -I 100 -num-slots 1 -K 0 -M 1.0 -V 0.001 -S 1\\\\\\\" -S \\\\\\\"weka.attributeSelection.GreedyStepwise -B -T -1.7976931348623157E308 -N -1 -num-slots 1\\\\\\\"\\\" -S 1\" -S 1 -W weka.classifiers.trees.RandomForest -- -P 100 -I 100 -num-slots 1 -K 0 -M 1.0 -V 0.001 -S 1',-4523450618538717400,2.0260518210500002E7,4330.0,481.0,467.0,14.0,0.0,97.0893970893971,2.9106029106029108,0.0,0.8686253853057083,0.07426421129829346,0.16240880507304836,32.19964021685717,47.818573569206585,272.1308087156738,72.45891870581902,199.6718900098548,0.565760517080403,0.15064224263164036,0.41511827444876254,183.66222086077212,0.38183413900368424,67.49041820276403,0.9904076738609112,413.0,0.15625,10.0,0.84375,54.0,0.009592326139088728,4.0,0.9763593380614657,0.9904076738609112,0.9833333333333334,0.8700054705868508,0.9850869304556354,0.9973246845198473,0.9708939708939709,0.13673629703305962,0.8632637029669404,0.029106029106029108,0.9703285880835404,0.9708939708939709,0.9702821989707237,0.870005470586851,0.9850869304556354,0.9910053399627312,0.9342896174863389,0.9708939708939709,148.731,0.006,147.72,0.01,147720.0,10.0,3.082471E7,1043340.0,161919.0,99.79209979209979,63.82536382536382,?,?
DatasetClassiRealeseNormalized,9,8,weka.classifiers.meta.FilteredClassifier,'-F \"weka.filters.MultiFilter -F \\\"weka.filters.supervised.attribute.AttributeSelection -E \\\\\\\"weka.attributeSelection.WrapperSubsetEval -B weka.classifiers.trees.RandomForest -F 5 -T 0.01 -R 1 -E AUC -- -P 100 -I 100 -num-slots 1 -K 0 -M 1.0 -V 0.001 -S 1\\\\\\\" -S \\\\\\\"weka.attributeSelection.GreedyStepwise -B -T -1.7976931348623157E308 -N -1 -num-slots 1\\\\\\\"\\\" -S 1\" -S 1 -W weka.classifiers.trees.RandomForest -- -P 100 -I 100 -num-slots 1 -K 0 -M 1.0 -V 0.001 -S 1',-4523450618538717400,2.02605182108E7,4330.0,481.0,461.0,20.0,0.0,95.84199584199584,4.158004158004158,0.0,0.8097009020414622,0.07403515380657891,0.17720145858919636,32.10032496536195,52.17402455677802,272.1308087156738,76.17565508964273,195.9551536260311,0.565760517080403,0.15836934530071253,0.4073911717796904,179.79929915600994,0.3738031167484614,66.07090906192353,0.9856115107913669,411.0,0.21875,14.0,0.78125,50.0,0.014388489208633094,6.0,0.9670588235294117,0.9856115107913669,0.9762470308788599,0.8120569297388033,0.9855365707434053,0.9977374584264362,0.9584199584199584,0.1915584476285915,0.8084415523714085,0.04158004158004158,0.9571858348328937,0.9584199584199584,0.9572314869226983,0.8120569297388033,0.9855365707434053,0.9884657590328724,0.9047901821060966,0.9584199584199584,147.622,0.006,146.5,0.01,146500.0,10.0,2.4208414E7,1043340.0,161919.0,99.79209979209979,63.513513513513516,?,?
DatasetClassiRealeseNormalized,9,9,weka.classifiers.meta.FilteredClassifier,'-F \"weka.filters.MultiFilter -F \\\"weka.filters.supervised.attribute.AttributeSelection -E \\\\\\\"weka.attributeSelection.WrapperSubsetEval -B weka.classifiers.trees.RandomForest -F 5 -T 0.01 -R 1 -E AUC -- -P 100 -I 100 -num-slots 1 -K 0 -M 1.0 -V 0.001 -S 1\\\\\\\" -S \\\\\\\"weka.attributeSelection.GreedyStepwise -B -T -1.7976931348623157E308 -N -1 -num-slots 1\\\\\\\"\\\" -S 1\" -S 1 -W weka.classifiers.trees.RandomForest -- -P 100 -I 100 -num-slots 1 -K 0 -M 1.0 -V 0.001 -S 1',-4523450618538717400,2.0260518211200003E7,4330.0,481.0,451.0,30.0,0.0,93.76299376299376,6.237006237006237,0.0,0.7020687946483876,0.08110702415259467,0.17746148117750082,35.16656207770844,52.25058388656866,272.1308087156738,76.1872761710961,195.94353254457772,0.565760517080403,0.15839350555321435,0.4073670115271886,175.85553778770628,0.36560402866467,64.62169374267457,0.9808153477218226,409.0,0.34375,22.0,0.65625,42.0,0.019184652278177457,8.0,0.9489559164733179,0.9808153477218226,0.9646226415094339,0.7089544944954249,0.9891336930455635,0.9984105623653733,0.9376299376299376,0.3005645899081151,0.6994354100918849,0.062370062370062374,0.9344586635537913,0.9376299376299376,0.934315044171052,0.708954494495425,0.9891336930455636,0.9876852755647854,0.8507323733862959,0.9376299376299376,277.181,0.008,275.28,0.01,275280.0,10.0,3.0064563E7,1043340.0,161919.0,100.0,66.83991683991684,?,?
DatasetClassiRealeseNormalized,9,10,weka.classifiers.meta.FilteredClassifier,'-F \"weka.filters.MultiFilter -F \\\"weka.filters.supervised.attribute.AttributeSelection -E \\\\\\\"weka.attributeSelection.WrapperSubsetEval -B weka.classifiers.trees.RandomForest -F 5 -T 0.01 -R 1 -E AUC -- -P 100 -I 100 -num-slots 1 -K 0 -M 1.0 -V 0.001 -S 1\\\\\\\" -S \\\\\\\"weka.attributeSelection.GreedyStepwise -B -T -1.7976931348623157E308 -N -1 -num-slots 1\\\\\\\"\\\" -S 1\" -S 1 -W weka.classifiers.trees.RandomForest -- -P 100 -I 100 -num-slots 1 -K 0 -M 1.0 -V 0.001 -S 1',-4523450618538717400,2.02605182115E7,4330.0,481.0,455.0,26.0,0.0,94.5945945945946,5.405405405405405,0.0,0.7491072503310194,0.08318283153165719,0.17971884516435088,36.06659521071831,52.915227197189154,272.1308087156738,77.60219391104857,194.52861480462525,0.565760517080403,0.16133512247619247,0.4044253946042105,167.65617979637435,0.3485575463542086,61.608672898019385,0.9808153477218226,409.0,0.28125,18.0,0.71875,46.0,0.019184652278177457,8.0,0.9578454332552693,0.9808153477218226,0.9691943127962085,0.7526195338983561,0.9880845323741008,0.9982143306452346,0.9459459459459459,0.24638059822412342,0.7536194017758766,0.05405405405405406,0.9437423371849601,0.9459459459459459,0.9439757453654152,0.7526195338983561,0.9880845323741008,0.9885033085444738,0.8744276648726805,0.9459459459459459,148.447,0.007,147.38,0.01,147380.0,10.0,2.5349127E7,1043340.0,161919.0,100.0,65.9043659043659,?,?
DatasetClassiRealeseNormalized,10,1,weka.classifiers.meta.FilteredClassifier,'-F \"weka.filters.MultiFilter -F \\\"weka.filters.supervised.attribute.AttributeSelection -E \\\\\\\"weka.attributeSelection.WrapperSubsetEval -B weka.classifiers.trees.RandomForest -F 5 -T 0.01 -R 1 -E AUC -- -P 100 -I 100 -num-slots 1 -K 0 -M 1.0 -V 0.001 -S 1\\\\\\\" -S \\\\\\\"weka.attributeSelection.GreedyStepwise -B -T -1.7976931348623157E308 -N -1 -num-slots 1\\\\\\\"\\\" -S 1\" -S 1 -W weka.classifiers.trees.RandomForest -- -P 100 -I 100 -num-slots 1 -K 0 -M 1.0 -V 0.001 -S 1',-4523450618538717400,2.02605182117E7,4329.0,482.0,467.0,15.0,0.0,96.88796680497926,3.112033195020747,0.0,0.8583075294947674,0.07938804905693576,0.17910762501225372,34.44814393716185,52.781642236502705,272.3366817903761,81.526116152544,190.81056563783207,0.565013862635635,0.16914131981855604,0.395872542817079,173.36808647904746,0.3596848267200155,63.65946935216496,0.9904306220095693,414.0,0.171875,11.0,0.828125,53.0,0.009569377990430622,4.0,0.9741176470588235,0.9904306220095693,0.9822064056939501,0.8601900817311185,0.9818331339712919,0.9969657578334309,0.9688796680497925,0.15032404604022315,0.8496759539597768,0.03112033195020747,0.968236407469736,0.9688796680497925,0.9681086997563288,0.8601900817311184,0.9818331339712919,0.9876945461302777,0.9291197317725949,0.9688796680497925,147.246,0.007,146.16,0.01,146160.0,10.0,2.7236796E7,1043111.0,162148.0,99.79253112033194,63.38174273858921,?,?
DatasetClassiRealeseNormalized,10,2,weka.classifiers.meta.FilteredClassifier,'-F \"weka.filters.MultiFilter -F \\\"weka.filters.supervised.attribute.AttributeSelection -E \\\\\\\"weka.attributeSelection.WrapperSubsetEval -B weka.classifiers.trees.RandomForest -F 5 -T 0.01 -R 1 -E AUC -- -P 100 -I 100 -num-slots 1 -K 0 -M 1.0 -V 0.001 -S 1\\\\\\\" -S \\\\\\\"weka.attributeSelection.GreedyStepwise -B -T -1.7976931348623157E308 -N -1 -num-slots 1\\\\\\\"\\\" -S 1\" -S 1 -W weka.classifiers.trees.RandomForest -- -P 100 -I 100 -num-slots 1 -K 0 -M 1.0 -V 0.001 -S 1',-4523450618538717400,2.0260518212E7,4330.0,481.0,463.0,18.0,0.0,96.25779625779626,3.7422037422037424,0.0,0.8333654105238847,0.0863832190522433,0.18103813753141965,37.675697690513914,53.659590151225586,269.42867131105754,84.61283426899688,184.81583704206065,0.5601427677984564,0.17591025835550286,0.3842325094429535,165.38082181226926,0.34382707237478016,61.38204260426901,0.9808612440191388,410.0,0.15873015873015872,10.0,0.8412698412698413,53.0,0.019138755980861243,8.0,0.9761904761904762,0.9808612440191388,0.9785202863961813,0.8335082875637224,0.980443533075112,0.9969022742716801,0.9625779625779626,0.14044687728898256,0.8595531227110176,0.037422037422037424,0.9621316506562407,0.9625779625779626,0.96232082832283,0.8335082875637224,0.980443533075112,0.9851573754684634,0.9166794980368003,0.9625779625779626,147.031,0.007,145.93,0.01,145930.0,10.0,3.2733751E7,1043340.0,161919.0,99.58419958419958,65.5925155925156,?,?
DatasetClassiRealeseNormalized,10,3,weka.classifiers.meta.FilteredClassifier,'-F \"weka.filters.MultiFilter -F \\\"weka.filters.supervised.attribute.AttributeSelection -E \\\\\\\"weka.attributeSelection.WrapperSubsetEval -B weka.classifiers.trees.RandomForest -F 5 -T 0.01 -R 1 -E AUC -- -P 100 -I 100 -num-slots 1 -K 0 -M 1.0 -V 0.001 -S 1\\\\\\\" -S \\\\\\\"weka.attributeSelection.GreedyStepwise -B -T -1.7976931348623157E308 -N -1 -num-slots 1\\\\\\\"\\\" -S 1\" -S 1 -W weka.classifiers.trees.RandomForest -- -P 100 -I 100 -num-slots 1 -K 0 -M 1.0 -V 0.001 -S 1',-4523450618538717400,2.02605182122E7,4330.0,481.0,469.0,12.0,0.0,97.5051975051975,2.494802494802495,0.0,0.8858205412248773,0.07353087848431693,0.16076762798061947,31.881680161044898,47.33535624919053,272.1308087156738,67.74758176040747,204.38322695526637,0.565760517080403,0.14084736332725045,0.42491315375315253,186.44473421738417,0.38761899005693173,68.51290932375991,0.9952038369304557,415.0,0.15625,10.0,0.84375,54.0,0.004796163069544364,2.0,0.9764705882352941,0.9952038369304557,0.9857482185273159,0.8883980580891139,0.9936300959232613,0.9990103794941692,0.975051975051975,0.1360981381215194,0.8639018618784806,0.02494802494802495,0.9748493160257866,0.975051975051975,0.9743388921536189,0.8883980580891139,0.9936300959232615,0.9947717897947717,0.9428741092636579,0.975051975051975,148.612,0.007,147.41,0.01,147410.0,10.0,2.9810748E7,1043340.0,161919.0,100.0,63.92931392931393,?,?
DatasetClassiRealeseNormalized,10,4,weka.classifiers.meta.FilteredClassifier,'-F \"weka.filters.MultiFilter -F \\\"weka.filters.supervised.attribute.AttributeSelection -E \\\\\\\"weka.attributeSelection.WrapperSubsetEval -B weka.classifiers.trees.RandomForest -F 5 -T 0.01 -R 1 -E AUC -- -P 100 -I 100 -num-slots 1 -K 0 -M 1.0 -V 0.001 -S 1\\\\\\\" -S \\\\\\\"weka.attributeSelection.GreedyStepwise -B -T -1.7976931348623157E308 -N -1 -num-slots 1\\\\\\\"\\\" -S 1\" -S 1 -W weka.classifiers.trees.RandomForest -- -P 100 -I 100 -num-slots 1 -K 0 -M 1.0 -V 0.001 -S 1',-4523450618538717400,2.0260518212500002E7,4330.0,481.0,462.0,19.0,0.0,96.04989604989605,3.95010395010395,0.0,0.8179445805693343,0.07595452764114298,0.17055903172040243,32.93253129778189,50.21827235626997,272.1308087156738,74.74028875299925,197.39051996267457,0.565760517080403,0.15538521570270114,0.41037530137770184,185.27346765171538,0.3851839244318407,68.0825036041001,0.988009592326139,412.0,0.21875,14.0,0.78125,50.0,0.011990407673860911,5.0,0.9671361502347418,0.988009592326139,0.977461447212337,0.8210030879612951,0.9851244004796164,0.9974625160444208,0.9604989604989606,0.1912393681728214,0.8087606318271786,0.0395010395010395,0.9594128749058326,0.9604989604989606,0.9592160833525708,0.8210030879612951,0.9851244004796164,0.98977874248718,0.9088987908330592,0.9604989604989606,147.902,0.006,146.61,0.01,146610.0,10.0,2.6808587E7,1043340.0,161919.0,99.79209979209979,65.38461538461539,?,?
DatasetClassiRealeseNormalized,10,5,weka.classifiers.meta.FilteredClassifier,'-F \"weka.filters.MultiFilter -F \\\"weka.filters.supervised.attribute.AttributeSelection -E \\\\\\\"weka.attributeSelection.WrapperSubsetEval -B weka.classifiers.trees.RandomForest -F 5 -T 0.01 -R 1 -E AUC -- -P 100 -I 100 -num-slots 1 -K 0 -M 1.0 -V 0.001 -S 1\\\\\\\" -S \\\\\\\"weka.attributeSelection.GreedyStepwise -B -T -1.7976931348623157E308 -N -1 -num-slots 1\\\\\\\"\\\" -S 1\" -S 1 -W weka.classifiers.trees.RandomForest -- -P 100 -I 100 -num-slots 1 -K 0 -M 1.0 -V 0.001 -S 1',-4523450618538717400,2.0260518212700002E7,4330.0,481.0,466.0,15.0,0.0,96.88149688149689,3.1185031185031185,0.0,0.8620907162107921,0.0756168121202201,0.1605222482801425,32.786103858787264,47.2631082743694,272.1308087156738,69.0355872804887,203.09522143518512,0.565760517080403,0.14352512948126547,0.4222353875991375,180.6440474039088,0.3755593501120765,66.38132898529996,0.9856115107913669,411.0,0.140625,9.0,0.859375,55.0,0.014388489208633094,6.0,0.9785714285714285,0.9856115107913669,0.9820788530465949,0.8624188249903527,0.9914193645083933,0.9986423107450536,0.9688149688149689,0.12382845802360191,0.8761715419763981,0.031185031185031187,0.9683351429253069,0.9688149688149689,0.9684966355934097,0.8624188249903527,0.9914193645083933,0.9932522676614044,0.9310394265232975,0.9688149688149689,150.03,0.007,147.89,0.01,147890.0,10.0,3.072282E7,1043340.0,161919.0,100.0,65.17671517671518,?,?
DatasetClassiRealeseNormalized,10,6,weka.classifiers.meta.FilteredClassifier,'-F \"weka.filters.MultiFilter -F \\\"weka.filters.supervised.attribute.AttributeSelection -E \\\\\\\"weka.attributeSelection.WrapperSubsetEval -B weka.classifiers.trees.RandomForest -F 5 -T 0.01 -R 1 -E AUC -- -P 100 -I 100 -num-slots 1 -K 0 -M 1.0 -V 0.001 -S 1\\\\\\\" -S \\\\\\\"weka.attributeSelection.GreedyStepwise -B -T -1.7976931348623157E308 -N -1 -num-slots 1\\\\\\\"\\\" -S 1\" -S 1 -W weka.classifiers.trees.RandomForest -- -P 100 -I 100 -num-slots 1 -K 0 -M 1.0 -V 0.001 -S 1',-4523450618538717400,2.02605182131E7,4330.0,481.0,465.0,16.0,0.0,96.67359667359668,3.3264033264033266,0.0,0.8456044617421659,0.07950651643034908,0.1822555725459943,34.47261041620612,53.662124416644566,272.1308087156738,81.62827415160953,190.5025345640643,0.565760517080403,0.16970535166654788,0.39605516541385505,175.43501278375163,0.36472975630717597,64.46716327773407,0.9928057553956835,414.0,0.203125,13.0,0.796875,51.0,0.007194244604316547,3.0,0.9695550351288056,0.9928057553956835,0.9810426540284359,0.8495691846228096,0.9845998201438849,0.9975763118783286,0.9667359667359667,0.17705521134028326,0.8229447886597168,0.033264033264033266,0.9662139170335892,0.9667359667359667,0.9655235356094862,0.8495691846228095,0.9845998201438848,0.9875403978717558,0.9227247168447263,0.9667359667359667,213.327,0.008,211.29,0.01,211290.0,10.0,2.912492E7,1043340.0,161919.0,99.79209979209979,64.76091476091476,?,?
DatasetClassiRealeseNormalized,10,7,weka.classifiers.meta.FilteredClassifier,'-F \"weka.filters.MultiFilter -F \\\"weka.filters.supervised.attribute.AttributeSelection -E \\\\\\\"weka.attributeSelection.WrapperSubsetEval -B weka.classifiers.trees.RandomForest -F 5 -T 0.01 -R 1 -E AUC -- -P 100 -I 100 -num-slots 1 -K 0 -M 1.0 -V 0.001 -S 1\\\\\\\" -S \\\\\\\"weka.attributeSelection.GreedyStepwise -B -T -1.7976931348623157E308 -N -1 -num-slots 1\\\\\\\"\\\" -S 1\" -S 1 -W weka.classifiers.trees.RandomForest -- -P 100 -I 100 -num-slots 1 -K 0 -M 1.0 -V 0.001 -S 1',-4523450618538717400,2.02605182135E7,4330.0,481.0,461.0,20.0,0.0,95.84199584199584,4.158004158004158,0.0,0.8148718343468555,0.07796536676865562,0.1775219149157018,33.80439535326637,52.268377596428955,272.1308087156738,78.1127604021935,194.01804831348034,0.565760517080403,0.16239659127275155,0.4033639258076514,170.64953198681943,0.35478073178132935,62.70864103634679,0.9808153477218226,409.0,0.1875,12.0,0.8125,52.0,0.019184652278177457,8.0,0.9714964370546318,0.9808153477218226,0.9761336515513127,0.815430962176605,0.985386690647482,0.997749064548138,0.9584199584199584,0.1651046106981359,0.8348953893018641,0.04158004158004158,0.9575481931776468,0.9584199584199584,0.9578485489641084,0.815430962176605,0.9853866906474821,0.9869885811334711,0.9074216644853338,0.9584199584199584,275.67,0.007,272.91,0.0,272910.0,0.0,2.6383503E7,1043340.0,161919.0,100.0,64.55301455301455,?,?
DatasetClassiRealeseNormalized,10,8,weka.classifiers.meta.FilteredClassifier,'-F \"weka.filters.MultiFilter -F \\\"weka.filters.supervised.attribute.AttributeSelection -E \\\\\\\"weka.attributeSelection.WrapperSubsetEval -B weka.classifiers.trees.RandomForest -F 5 -T 0.01 -R 1 -E AUC -- -P 100 -I 100 -num-slots 1 -K 0 -M 1.0 -V 0.001 -S 1\\\\\\\" -S \\\\\\\"weka.attributeSelection.GreedyStepwise -B -T -1.7976931348623157E308 -N -1 -num-slots 1\\\\\\\"\\\" -S 1\" -S 1 -W weka.classifiers.trees.RandomForest -- -P 100 -I 100 -num-slots 1 -K 0 -M 1.0 -V 0.001 -S 1',-4523450618538717400,2.0260518213600002E7,4330.0,481.0,461.0,20.0,0.0,95.84199584199584,4.158004158004158,0.0,0.8173533320675906,0.07594953203860674,0.17488558471978924,32.93036529343712,51.4921539836189,272.1308087156738,76.17222473623778,195.95858397943604,0.565760517080403,0.15836221358885194,0.40739830349155104,180.47559752055483,0.3752091424543759,66.31942864988812,0.9784172661870504,408.0,0.171875,11.0,0.828125,53.0,0.02158273381294964,9.0,0.9737470167064439,0.9784172661870504,0.9760765550239235,0.817489699927702,0.9866981414868106,0.9979791767136064,0.9584199584199584,0.15187769223290806,0.848122307767092,0.04158004158004158,0.9579255371849105,0.9584199584199584,0.9581396949818003,0.8174896999277019,0.9866981414868106,0.9867896294431406,0.9086731981468823,0.9584199584199584,78.155,0.006,76.91,0.0,76910.0,0.0,2.6549396E7,1043340.0,161919.0,100.0,65.38461538461539,?,?
DatasetClassiRealeseNormalized,10,9,weka.classifiers.meta.FilteredClassifier,'-F \"weka.filters.MultiFilter -F \\\"weka.filters.supervised.attribute.AttributeSelection -E \\\\\\\"weka.attributeSelection.WrapperSubsetEval -B weka.classifiers.trees.RandomForest -F 5 -T 0.01 -R 1 -E AUC -- -P 100 -I 100 -num-slots 1 -K 0 -M 1.0 -V 0.001 -S 1\\\\\\\" -S \\\\\\\"weka.attributeSelection.GreedyStepwise -B -T -1.7976931348623157E308 -N -1 -num-slots 1\\\\\\\"\\\" -S 1\" -S 1 -W weka.classifiers.trees.RandomForest -- -P 100 -I 100 -num-slots 1 -K 0 -M 1.0 -V 0.001 -S 1',-4523450618538717400,2.02605182139E7,4330.0,481.0,461.0,20.0,0.0,95.84199584199584,4.158004158004158,0.0,0.8097009020414622,0.08290604076244987,0.17258302405789555,35.94658365968973,50.81420326315887,272.1308087156738,76.7090728162261,195.42173589944773,0.565760517080403,0.15947832186325592,0.40628219521714704,174.0710483283457,0.3618940713687021,63.96594679958403,0.9856115107913669,411.0,0.21875,14.0,0.78125,50.0,0.014388489208633094,6.0,0.9670588235294117,0.9856115107913669,0.9762470308788599,0.8120569297388033,0.9901453836930456,0.9985568516797815,0.9584199584199584,0.1915584476285915,0.8084415523714085,0.04158004158004158,0.9571858348328937,0.9584199584199584,0.9572314869226983,0.8120569297388033,0.9901453836930455,0.9884442101100199,0.9047901821060966,0.9584199584199584,149.396,0.009,148.05,0.01,148050.0,10.0,3.0476736E7,1043340.0,161919.0,100.0,66.63201663201663,?,?
DatasetClassiRealeseNormalized,10,10,weka.classifiers.meta.FilteredClassifier,'-F \"weka.filters.MultiFilter -F \\\"weka.filters.supervised.attribute.AttributeSelection -E \\\\\\\"weka.attributeSelection.WrapperSubsetEval -B weka.classifiers.trees.RandomForest -F 5 -T 0.01 -R 1 -E AUC -- -P 100 -I 100 -num-slots 1 -K 0 -M 1.0 -V 0.001 -S 1\\\\\\\" -S \\\\\\\"weka.attributeSelection.GreedyStepwise -B -T -1.7976931348623157E308 -N -1 -num-slots 1\\\\\\\"\\\" -S 1\" -S 1 -W weka.classifiers.trees.RandomForest -- -P 100 -I 100 -num-slots 1 -K 0 -M 1.0 -V 0.001 -S 1',-4523450618538717400,2.02605182141E7,4330.0,481.0,458.0,23.0,0.0,95.21829521829522,4.781704781704781,0.0,0.7796171238470888,0.08400851751024374,0.1935550980583958,36.42459795494461,56.9890819160786,272.1308087156738,94.41390885676057,177.71689985891325,0.565760517080403,0.19628671279991802,0.36947380428048493,167.65741265909864,0.34856010947837557,61.60912593850022,0.9832134292565947,410.0,0.25,16.0,0.75,48.0,0.016786570743405275,7.0,0.9624413145539906,0.9832134292565947,0.9727164887307237,0.7825323149160556,0.9693869904076738,0.9945228947977715,0.9521829521829522,0.21896952292635743,0.7810304770736426,0.04781704781704782,0.9505043110676914,0.9521829521829522,0.9506299956373225,0.7825323149160556,0.969386990407674,0.9790330944063566,0.889719588903177,0.9521829521829522,146.582,0.007,145.61,0.0,145610.0,0.0,2.8343216E7,1043340.0,161919.0,99.37629937629937,65.8004158004158,?,?
DatasetClassiRealeseNormalized,1,1,weka.classifiers.meta.FilteredClassifier,'-F \"weka.filters.MultiFilter -F \\\"weka.filters.supervised.attribute.AttributeSelection -E \\\\\\\"weka.attributeSelection.WrapperSubsetEval -B weka.classifiers.trees.RandomForest -F 5 -T 0.01 -R 1 -E AUC -- -P 100 -I 100 -num-slots 1 -K 0 -M 1.0 -V 0.001 -S 1\\\\\\\" -S \\\\\\\"weka.attributeSelection.GreedyStepwise -B -T -1.7976931348623157E308 -N -1 -num-slots 1\\\\\\\"\\\" -F \\\"weka.filters.supervised.instance.Resample -B 1.0 -S 1 -Z 173.0\\\" -S 1\" -S 1 -W weka.classifiers.trees.RandomForest -- -P 100 -I 100 -num-slots 1 -K 0 -M 1.0 -V 0.001 -S 1',-4523450618538717400,2.02605182146E7,4329.0,482.0,464.0,18.0,0.0,96.2655601659751,3.7344398340248963,0.0,0.8497714364870482,0.0988826311653014,0.17763938675573016,42.907253065566984,52.34896369270274,272.3366817903761,89.237222031526,183.09945975885006,0.565013862635635,0.1851394647956971,0.37987439783993787,129.25637286328626,0.26816674867901713,47.46197684922148,0.9641148325358851,403.0,0.046875,3.0,0.953125,61.0,0.03588516746411483,15.0,0.9926108374384236,0.9641148325358851,0.9781553398058253,0.8540655834484473,0.9923744019138756,0.9988314875092602,0.9626556016597511,0.04541576912386587,0.9545842308761341,0.03734439834024896,0.9673853757300677,0.9626556016597511,0.9639841506437002,0.8540655834484472,0.9923744019138756,0.9929523207543263,0.9247919556171984,0.9626556016597511,282.129,0.008,280.27,0.01,280270.0,10.0,3.2189993E7,1043111.0,162148.0,100.0,71.47302904564316,?,?
DatasetClassiRealeseNormalized,1,2,weka.classifiers.meta.FilteredClassifier,'-F \"weka.filters.MultiFilter -F \\\"weka.filters.supervised.attribute.AttributeSelection -E \\\\\\\"weka.attributeSelection.WrapperSubsetEval -B weka.classifiers.trees.RandomForest -F 5 -T 0.01 -R 1 -E AUC -- -P 100 -I 100 -num-slots 1 -K 0 -M 1.0 -V 0.001 -S 1\\\\\\\" -S \\\\\\\"weka.attributeSelection.GreedyStepwise -B -T -1.7976931348623157E308 -N -1 -num-slots 1\\\\\\\"\\\" -F \\\"weka.filters.supervised.instance.Resample -B 1.0 -S 1 -Z 173.0\\\" -S 1\" -S 1 -W weka.classifiers.trees.RandomForest -- -P 100 -I 100 -num-slots 1 -K 0 -M 1.0 -V 0.001 -S 1',-4523450618538717400,2.0260518214900002E7,4330.0,481.0,451.0,30.0,0.0,93.76299376299376,6.237006237006237,0.0,0.7433206446333914,0.11127346777669268,0.20553519455801664,48.53148075431607,60.92050245336557,269.42867131105754,106.15579510904828,163.27287620200926,0.5601427677984564,0.2206981187298301,0.3394446490686263,107.95077514278938,0.22442988595174507,40.066550682039086,0.9521531100478469,398.0,0.15873015873015872,10.0,0.8412698412698413,53.0,0.04784688995215311,20.0,0.9754901960784313,0.9521531100478469,0.9636803874092009,0.7460564049105652,0.9817346396293765,0.9971673132429321,0.9376299376299376,0.14420698631224946,0.8557930136877506,0.062370062370062374,0.9428162744037039,0.9376299376299376,0.9395454118784128,0.7460564049105652,0.9817346396293763,0.9858019918273818,0.8715460760575418,0.9376299376299376,146.573,0.007,145.67,0.0,145670.0,0.0,2.8363676E7,1043340.0,161919.0,100.0,72.66112266112266,?,?
DatasetClassiRealeseNormalized,1,3,weka.classifiers.meta.FilteredClassifier,'-F \"weka.filters.MultiFilter -F \\\"weka.filters.supervised.attribute.AttributeSelection -E \\\\\\\"weka.attributeSelection.WrapperSubsetEval -B weka.classifiers.trees.RandomForest -F 5 -T 0.01 -R 1 -E AUC -- -P 100 -I 100 -num-slots 1 -K 0 -M 1.0 -V 0.001 -S 1\\\\\\\" -S \\\\\\\"weka.attributeSelection.GreedyStepwise -B -T -1.7976931348623157E308 -N -1 -num-slots 1\\\\\\\"\\\" -F \\\"weka.filters.supervised.instance.Resample -B 1.0 -S 1 -Z 173.0\\\" -S 1\" -S 1 -W weka.classifiers.trees.RandomForest -- -P 100 -I 100 -num-slots 1 -K 0 -M 1.0 -V 0.001 -S 1',-4523450618538717400,2.02605182151E7,4330.0,481.0,463.0,18.0,0.0,96.25779625779626,3.7422037422037424,0.0,0.8459430604982207,0.10124723022464328,0.19478830453616588,43.89899696223848,57.352179068703705,272.1308087156738,98.82568285424834,173.3051258614255,0.565760517080403,0.20545880011278242,0.3603017169676206,125.6675317668739,0.26126305980639064,46.179090254412586,0.9688249400479616,404.0,0.078125,5.0,0.921875,59.0,0.03117505995203837,13.0,0.9877750611246944,0.9688249400479616,0.9782082324455206,0.8479329957113222,0.9820518585131894,0.9970515189851182,0.9625779625779626,0.07187802253000095,0.928121977469999,0.037422037422037424,0.9653776401942661,0.9625779625779626,0.9634973902172307,0.8479329957113222,0.9820518585131894,0.9874589857871238,0.922927645634525,0.9625779625779626,148.989,0.008,148.06,0.01,148060.0,10.0,2.9211279E7,1043340.0,161919.0,100.0,71.51767151767152,?,?
DatasetClassiRealeseNormalized,1,4,weka.classifiers.meta.FilteredClassifier,'-F \"weka.filters.MultiFilter -F \\\"weka.filters.supervised.attribute.AttributeSelection -E \\\\\\\"weka.attributeSelection.WrapperSubsetEval -B weka.classifiers.trees.RandomForest -F 5 -T 0.01 -R 1 -E AUC -- -P 100 -I 100 -num-slots 1 -K 0 -M 1.0 -V 0.001 -S 1\\\\\\\" -S \\\\\\\"weka.attributeSelection.GreedyStepwise -B -T -1.7976931348623157E308 -N -1 -num-slots 1\\\\\\\"\\\" -F \\\"weka.filters.supervised.instance.Resample -B 1.0 -S 1 -Z 173.0\\\" -S 1\" -S 1 -W weka.classifiers.trees.RandomForest -- -P 100 -I 100 -num-slots 1 -K 0 -M 1.0 -V 0.001 -S 1',-4523450618538717400,2.02605182154E7,4330.0,481.0,461.0,20.0,0.0,95.84199584199584,4.158004158004158,0.0,0.8244141052785282,0.09735620154544126,0.18921530156953942,42.21191618196151,55.711300963349935,272.1308087156738,94.39312502839559,177.73768368727823,0.565760517080403,0.1962435031775376,0.36951701390286534,136.99342526790792,0.28480961594159654,50.341020156611755,0.9712230215827338,405.0,0.125,8.0,0.875,56.0,0.02877697841726619,12.0,0.9806295399515739,0.9712230215827338,0.9759036144578312,0.8249229163710716,0.9818645083932853,0.9970071469671796,0.9584199584199584,0.1121969368372246,0.8878030631627755,0.04158004158004158,0.9597264043924064,0.9584199584199584,0.9589497661786818,0.8249229163710715,0.9818645083932854,0.9871279373988884,0.9121942314713398,0.9584199584199584,148.061,0.008,147.0,0.01,147000.0,10.0,2.7875748E7,1043340.0,161919.0,100.0,70.47817047817048,?,?
DatasetClassiRealeseNormalized,1,5,weka.classifiers.meta.FilteredClassifier,'-F \"weka.filters.MultiFilter -F \\\"weka.filters.supervised.attribute.AttributeSelection -E \\\\\\\"weka.attributeSelection.WrapperSubsetEval -B weka.classifiers.trees.RandomForest -F 5 -T 0.01 -R 1 -E AUC -- -P 100 -I 100 -num-slots 1 -K 0 -M 1.0 -V 0.001 -S 1\\\\\\\" -S \\\\\\\"weka.attributeSelection.GreedyStepwise -B -T -1.7976931348623157E308 -N -1 -num-slots 1\\\\\\\"\\\" -F \\\"weka.filters.supervised.instance.Resample -B 1.0 -S 1 -Z 173.0\\\" -S 1\" -S 1 -W weka.classifiers.trees.RandomForest -- -P 100 -I 100 -num-slots 1 -K 0 -M 1.0 -V 0.001 -S 1',-4523450618538717400,2.0260518215600003E7,4330.0,481.0,460.0,21.0,0.0,95.63409563409563,4.365904365904366,0.0,0.8168150740828062,0.10751102242894135,0.2001381862940543,46.61486577502942,58.92736284221328,272.1308087156738,104.21953838433689,167.91127033133694,0.565760517080403,0.21667263697367337,0.3490878801067296,114.3967238994447,0.23783102681797233,42.03740268856071,0.9688249400479616,404.0,0.125,8.0,0.875,56.0,0.03117505995203837,13.0,0.9805825242718447,0.9688249400479616,0.9746682750301567,0.8175931013113732,0.9824265587529976,0.9971998080475242,0.9563409563409564,0.11251601629299471,0.8874839837070053,0.04365904365904366,0.9580975916982671,0.9563409563409564,0.9570299532841593,0.8175931013113732,0.9824265587529977,0.9856209844913462,0.9083867690940257,0.9563409563409564,148.248,0.007,147.12,0.0,147120.0,0.0,2.9215423E7,1043340.0,161919.0,100.0,70.89397089397089,?,?
DatasetClassiRealeseNormalized,1,6,weka.classifiers.meta.FilteredClassifier,'-F \"weka.filters.MultiFilter -F \\\"weka.filters.supervised.attribute.AttributeSelection -E \\\\\\\"weka.attributeSelection.WrapperSubsetEval -B weka.classifiers.trees.RandomForest -F 5 -T 0.01 -R 1 -E AUC -- -P 100 -I 100 -num-slots 1 -K 0 -M 1.0 -V 0.001 -S 1\\\\\\\" -S \\\\\\\"weka.attributeSelection.GreedyStepwise -B -T -1.7976931348623157E308 -N -1 -num-slots 1\\\\\\\"\\\" -F \\\"weka.filters.supervised.instance.Resample -B 1.0 -S 1 -Z 173.0\\\" -S 1\" -S 1 -W weka.classifiers.trees.RandomForest -- -P 100 -I 100 -num-slots 1 -K 0 -M 1.0 -V 0.001 -S 1',-4523450618538717400,2.0260518215800002E7,4330.0,481.0,456.0,25.0,0.0,94.8024948024948,5.197505197505198,0.0,0.7873676020723924,0.11390453734225149,0.20374642511272872,49.38698004556,59.98974879677062,272.1308087156738,107.73146087066814,164.39934784500568,0.565760517080403,0.2239739311240502,0.34178658595635275,108.43089621312203,0.22542805865513935,39.8451379778951,0.9592326139088729,400.0,0.125,8.0,0.875,56.0,0.0407673860911271,17.0,0.9803921568627451,0.9592326139088729,0.9696969696969697,0.7896845973113783,0.9773306354916067,0.9961327333033794,0.9480249480249481,0.11379233411607512,0.8862076658839249,0.05197505197505198,0.9520154258268683,0.9480249480249481,0.9494486574778546,0.7896845973113783,0.9773306354916067,0.9862005490709982,0.893607608936076,0.9480249480249481,147.729,0.007,146.55,0.0,146550.0,0.0,3.1208762E7,1043340.0,161919.0,100.0,73.4927234927235,?,?
DatasetClassiRealeseNormalized,1,7,weka.classifiers.meta.FilteredClassifier,'-F \"weka.filters.MultiFilter -F \\\"weka.filters.supervised.attribute.AttributeSelection -E \\\\\\\"weka.attributeSelection.WrapperSubsetEval -B weka.classifiers.trees.RandomForest -F 5 -T 0.01 -R 1 -E AUC -- -P 100 -I 100 -num-slots 1 -K 0 -M 1.0 -V 0.001 -S 1\\\\\\\" -S \\\\\\\"weka.attributeSelection.GreedyStepwise -B -T -1.7976931348623157E308 -N -1 -num-slots 1\\\\\\\"\\\" -F \\\"weka.filters.supervised.instance.Resample -B 1.0 -S 1 -Z 173.0\\\" -S 1\" -S 1 -W weka.classifiers.trees.RandomForest -- -P 100 -I 100 -num-slots 1 -K 0 -M 1.0 -V 0.001 -S 1',-4523450618538717400,2.02605182201E7,4330.0,481.0,456.0,25.0,0.0,94.8024948024948,5.197505197505198,0.0,0.7925472267747781,0.11285842703299184,0.2112607329270751,48.93340523480752,62.2022118518394,272.1308087156738,114.24999750748265,157.88081120819118,0.565760517080403,0.23752598234403877,0.3282345347363642,114.02482986540159,0.23705785834802826,41.900742662524614,0.9544364508393285,398.0,0.09375,6.0,0.90625,58.0,0.045563549160671464,19.0,0.9851485148514851,0.9544364508393285,0.9695493300852619,0.7971993493575038,0.9802532973621103,0.9970283323194572,0.9480249480249481,0.08733849718561949,0.9126615028143805,0.05197505197505198,0.9542925632034543,0.9480249480249481,0.9500094655198706,0.7971993493575038,0.9802532973621103,0.9786535732820946,0.8961221827731274,0.9480249480249481,146.97,0.008,145.57,0.0,145570.0,0.0,3.205933E7,1043340.0,161919.0,99.79209979209979,72.45322245322245,?,?
DatasetClassiRealeseNormalized,1,8,weka.classifiers.meta.FilteredClassifier,'-F \"weka.filters.MultiFilter -F \\\"weka.filters.supervised.attribute.AttributeSelection -E \\\\\\\"weka.attributeSelection.WrapperSubsetEval -B weka.classifiers.trees.RandomForest -F 5 -T 0.01 -R 1 -E AUC -- -P 100 -I 100 -num-slots 1 -K 0 -M 1.0 -V 0.001 -S 1\\\\\\\" -S \\\\\\\"weka.attributeSelection.GreedyStepwise -B -T -1.7976931348623157E308 -N -1 -num-slots 1\\\\\\\"\\\" -F \\\"weka.filters.supervised.instance.Resample -B 1.0 -S 1 -Z 173.0\\\" -S 1\" -S 1 -W weka.classifiers.trees.RandomForest -- -P 100 -I 100 -num-slots 1 -K 0 -M 1.0 -V 0.001 -S 1',-4523450618538717400,2.02605182203E7,4330.0,481.0,467.0,14.0,0.0,97.0893970893971,2.9106029106029108,0.0,0.8801779359430605,0.0952396019295553,0.17672566922762994,41.294196261111395,52.03393628644516,272.1308087156738,88.0112542071878,184.11955450848603,0.565760517080403,0.18297558047232393,0.38278493660807905,134.98168748445454,0.2806272089073899,49.60176619527315,0.973621103117506,406.0,0.046875,3.0,0.953125,61.0,0.026378896882494004,11.0,0.9926650366748166,0.973621103117506,0.9830508474576272,0.8822484027987099,0.9917191247002398,0.9987334812157125,0.9708939708939709,0.0441478677764649,0.9558521322235352,0.029106029106029108,0.9733129782029537,0.9708939708939709,0.9716090812800684,0.8822484027987099,0.9917191247002398,0.9924293865691275,0.9400548354935194,0.9708939708939709,148.814,0.007,147.04,0.01,147040.0,10.0,2.9951146E7,1043340.0,161919.0,100.0,70.16632016632016,?,?
DatasetClassiRealeseNormalized,1,9,weka.classifiers.meta.FilteredClassifier,'-F \"weka.filters.MultiFilter -F \\\"weka.filters.supervised.attribute.AttributeSelection -E \\\\\\\"weka.attributeSelection.WrapperSubsetEval -B weka.classifiers.trees.RandomForest -F 5 -T 0.01 -R 1 -E AUC -- -P 100 -I 100 -num-slots 1 -K 0 -M 1.0 -V 0.001 -S 1\\\\\\\" -S \\\\\\\"weka.attributeSelection.GreedyStepwise -B -T -1.7976931348623157E308 -N -1 -num-slots 1\\\\\\\"\\\" -F \\\"weka.filters.supervised.instance.Resample -B 1.0 -S 1 -Z 173.0\\\" -S 1\" -S 1 -W weka.classifiers.trees.RandomForest -- -P 100 -I 100 -num-slots 1 -K 0 -M 1.0 -V 0.001 -S 1',-4523450618538717400,2.0260518220599998E7,4330.0,481.0,461.0,20.0,0.0,95.84199584199584,4.158004158004158,0.0,0.8350423539901917,0.09780471161751607,0.19438652339190915,42.40638216634311,57.23388128800938,272.1308087156738,97.28148013848201,174.8493285771918,0.565760517080403,0.20224839945630355,0.3635121176240994,133.4169961003418,0.2773742122668229,49.02678852497653,0.9592326139088729,400.0,0.046875,3.0,0.953125,61.0,0.0407673860911271,17.0,0.9925558312655087,0.9592326139088729,0.9756097560975611,0.8406656277156496,0.9871477817745803,0.9980254260687893,0.9584199584199584,0.04606234451108552,0.9539376554889145,0.04158004158004158,0.9645469099563393,0.9584199584199584,0.9601147272050743,0.8406656277156497,0.9871477817745803,0.9887624827255191,0.917382342837513,0.9584199584199584,148.516,0.007,147.44,0.01,147440.0,10.0,2.7501734E7,1043340.0,161919.0,100.0,69.33471933471934,?,?
DatasetClassiRealeseNormalized,1,10,weka.classifiers.meta.FilteredClassifier,'-F \"weka.filters.MultiFilter -F \\\"weka.filters.supervised.attribute.AttributeSelection -E \\\\\\\"weka.attributeSelection.WrapperSubsetEval -B weka.classifiers.trees.RandomForest -F 5 -T 0.01 -R 1 -E AUC -- -P 100 -I 100 -num-slots 1 -K 0 -M 1.0 -V 0.001 -S 1\\\\\\\" -S \\\\\\\"weka.attributeSelection.GreedyStepwise -B -T -1.7976931348623157E308 -N -1 -num-slots 1\\\\\\\"\\\" -F \\\"weka.filters.supervised.instance.Resample -B 1.0 -S 1 -Z 173.0\\\" -S 1\" -S 1 -W weka.classifiers.trees.RandomForest -- -P 100 -I 100 -num-slots 1 -K 0 -M 1.0 -V 0.001 -S 1',-4523450618538717400,2.02605182212E7,4330.0,481.0,459.0,22.0,0.0,95.42619542619542,4.573804573804574,0.0,0.8163229882663333,0.113944262806293,0.202624025393262,49.4042042997091,59.65927685262181,272.1308087156738,107.11697236226584,165.01383635340798,0.565760517080403,0.22269640823755893,0.34306410884284405,101.65519477912665,0.21134136128716557,37.35526868820555,0.9592326139088729,400.0,0.078125,5.0,0.921875,59.0,0.0407673860911271,17.0,0.9876543209876543,0.9592326139088729,0.9732360097323601,0.8204510229905794,0.9812649880095923,0.9968715774844996,0.9542619542619543,0.07315434035308135,0.9268456596469187,0.04573804573804574,0.9595344332186437,0.9542619542619543,0.9558883018737033,0.8204510229905794,0.9812649880095923,0.9878044492772504,0.9080465762947516,0.9542619542619543,337.776,0.007,332.88,0.01,332880.0,10.0,2.944033E7,1043340.0,161919.0,100.0,73.8045738045738,?,?
DatasetClassiRealeseNormalized,2,1,weka.classifiers.meta.FilteredClassifier,'-F \"weka.filters.MultiFilter -F \\\"weka.filters.supervised.attribute.AttributeSelection -E \\\\\\\"weka.attributeSelection.WrapperSubsetEval -B weka.classifiers.trees.RandomForest -F 5 -T 0.01 -R 1 -E AUC -- -P 100 -I 100 -num-slots 1 -K 0 -M 1.0 -V 0.001 -S 1\\\\\\\" -S \\\\\\\"weka.attributeSelection.GreedyStepwise -B -T -1.7976931348623157E308 -N -1 -num-slots 1\\\\\\\"\\\" -F \\\"weka.filters.supervised.instance.Resample -B 1.0 -S 1 -Z 173.0\\\" -S 1\" -S 1 -W weka.classifiers.trees.RandomForest -- -P 100 -I 100 -num-slots 1 -K 0 -M 1.0 -V 0.001 -S 1',-4523450618538717400,2.02605182213E7,4329.0,482.0,458.0,24.0,0.0,95.02074688796681,4.979253112033195,0.0,0.7920471704896813,0.1002942293213931,0.19415033558887257,43.51977518999411,57.214613573529995,272.3366817903761,103.47793257743275,168.85874921294334,0.565013862635635,0.21468450742205966,0.3503293552135754,132.8009253046231,0.2755205919183052,48.76351009036788,0.9641148325358851,403.0,0.140625,9.0,0.859375,55.0,0.03588516746411483,15.0,0.9781553398058253,0.9641148325358851,0.9710843373493975,0.7931197072313898,0.9813471889952153,0.9970985708555369,0.950207468879668,0.12671763634378289,0.8732823636562171,0.04979253112033195,0.9526030006733386,0.950207468879668,0.951142254035029,0.7931197072313898,0.9813471889952153,0.9810089083380141,0.8959899298687286,0.950207468879668,80.494,0.007,79.52,0.0,79520.0,0.0,2.9113517E7,1043111.0,162148.0,99.79253112033194,70.64315352697095,?,?
DatasetClassiRealeseNormalized,2,2,weka.classifiers.meta.FilteredClassifier,'-F \"weka.filters.MultiFilter -F \\\"weka.filters.supervised.attribute.AttributeSelection -E \\\\\\\"weka.attributeSelection.WrapperSubsetEval -B weka.classifiers.trees.RandomForest -F 5 -T 0.01 -R 1 -E AUC -- -P 100 -I 100 -num-slots 1 -K 0 -M 1.0 -V 0.001 -S 1\\\\\\\" -S \\\\\\\"weka.attributeSelection.GreedyStepwise -B -T -1.7976931348623157E308 -N -1 -num-slots 1\\\\\\\"\\\" -F \\\"weka.filters.supervised.instance.Resample -B 1.0 -S 1 -Z 173.0\\\" -S 1\" -S 1 -W weka.classifiers.trees.RandomForest -- -P 100 -I 100 -num-slots 1 -K 0 -M 1.0 -V 0.001 -S 1',-4523450618538717400,2.02605182216E7,4330.0,481.0,468.0,13.0,0.0,97.29729729729729,2.7027027027027026,0.0,0.8804694817731732,0.10944884890436882,0.18055656171197784,47.735680484445304,53.51685138109489,269.42867131105754,95.0428891887078,174.38578212234972,0.5601427677984564,0.19759436421768775,0.3625484035807687,113.61298836831622,0.23620163901936844,42.16811366639935,0.9856459330143541,412.0,0.1111111111111111,7.0,0.8888888888888888,56.0,0.014354066985645933,6.0,0.9832935560859188,0.9856459330143541,0.984468339307049,0.8805067023200545,0.9888736994000152,0.9982605674849442,0.972972972972973,0.09843815106973001,0.9015618489302699,0.02702702702702703,0.9728065119550222,0.972972972972973,0.9728810100423003,0.8805067023200545,0.9888736994000152,0.9916733954475133,0.9402341696535245,0.972972972972973,214.086,0.008,211.44,0.01,211440.0,10.0,3.3946393E7,1043340.0,161919.0,100.0,75.25987525987526,?,?
DatasetClassiRealeseNormalized,2,3,weka.classifiers.meta.FilteredClassifier,'-F \"weka.filters.MultiFilter -F \\\"weka.filters.supervised.attribute.AttributeSelection -E \\\\\\\"weka.attributeSelection.WrapperSubsetEval -B weka.classifiers.trees.RandomForest -F 5 -T 0.01 -R 1 -E AUC -- -P 100 -I 100 -num-slots 1 -K 0 -M 1.0 -V 0.001 -S 1\\\\\\\" -S \\\\\\\"weka.attributeSelection.GreedyStepwise -B -T -1.7976931348623157E308 -N -1 -num-slots 1\\\\\\\"\\\" -F \\\"weka.filters.supervised.instance.Resample -B 1.0 -S 1 -Z 173.0\\\" -S 1\" -S 1 -W weka.classifiers.trees.RandomForest -- -P 100 -I 100 -num-slots 1 -K 0 -M 1.0 -V 0.001 -S 1',-4523450618538717400,2.0260518221899997E7,4330.0,481.0,462.0,19.0,0.0,96.04989604989605,3.95010395010395,0.0,0.8342612575034913,0.11357041222775256,0.195812065626674,49.24210934288644,57.653608507838705,272.1308087156738,102.42976382723415,169.70104488843967,0.565760517080403,0.21295169194851177,0.3528088251318912,109.15091069258222,0.22692497025484867,40.10972194134206,0.9712230215827338,405.0,0.109375,7.0,0.890625,57.0,0.02877697841726619,12.0,0.9830097087378641,0.9712230215827338,0.9770808202653799,0.8350559024539473,0.9804031774580336,0.9967683108484362,0.9604989604989606,0.09865093891622669,0.9013490610837733,0.0395010395010395,0.9621301741394609,0.9604989604989606,0.9611223386856679,0.8350559024539475,0.9804031774580336,0.9871564610576635,0.9171118387041185,0.9604989604989606,146.943,0.007,145.83,0.01,145830.0,10.0,3.3663112E7,1043340.0,161919.0,100.0,74.42827442827443,?,?
DatasetClassiRealeseNormalized,2,4,weka.classifiers.meta.FilteredClassifier,'-F \"weka.filters.MultiFilter -F \\\"weka.filters.supervised.attribute.AttributeSelection -E \\\\\\\"weka.attributeSelection.WrapperSubsetEval -B weka.classifiers.trees.RandomForest -F 5 -T 0.01 -R 1 -E AUC -- -P 100 -I 100 -num-slots 1 -K 0 -M 1.0 -V 0.001 -S 1\\\\\\\" -S \\\\\\\"weka.attributeSelection.GreedyStepwise -B -T -1.7976931348623157E308 -N -1 -num-slots 1\\\\\\\"\\\" -F \\\"weka.filters.supervised.instance.Resample -B 1.0 -S 1 -Z 173.0\\\" -S 1\" -S 1 -W weka.classifiers.trees.RandomForest -- -P 100 -I 100 -num-slots 1 -K 0 -M 1.0 -V 0.001 -S 1',-4523450618538717400,2.02605182223E7,4330.0,481.0,460.0,21.0,0.0,95.63409563409563,4.365904365904366,0.0,0.8257396704908136,0.10134259816907443,0.18978039871830485,43.94034680552396,55.877684427410486,272.1308087156738,97.75997343325685,174.37083528241698,0.565760517080403,0.203243188010929,0.362517329069474,130.535597183905,0.27138377792911644,47.96795989398263,0.9592326139088729,400.0,0.0625,4.0,0.9375,60.0,0.0407673860911271,17.0,0.9900990099009901,0.9592326139088729,0.97442143727162,0.830586627288802,0.9892086330935251,0.9984116693268122,0.9563409563409564,0.05960834243208344,0.9403916575679165,0.04365904365904366,0.962040367980962,0.9563409563409564,0.9580079510366913,0.830586627288802,0.9892086330935251,0.9880391595395432,0.9127426335294271,0.9563409563409564,217.524,0.007,215.88,0.01,215880.0,10.0,3.3317958E7,1043340.0,161919.0,99.58419958419958,72.45322245322245,?,?
DatasetClassiRealeseNormalized,2,5,weka.classifiers.meta.FilteredClassifier,'-F \"weka.filters.MultiFilter -F \\\"weka.filters.supervised.attribute.AttributeSelection -E \\\\\\\"weka.attributeSelection.WrapperSubsetEval -B weka.classifiers.trees.RandomForest -F 5 -T 0.01 -R 1 -E AUC -- -P 100 -I 100 -num-slots 1 -K 0 -M 1.0 -V 0.001 -S 1\\\\\\\" -S \\\\\\\"weka.attributeSelection.GreedyStepwise -B -T -1.7976931348623157E308 -N -1 -num-slots 1\\\\\\\"\\\" -F \\\"weka.filters.supervised.instance.Resample -B 1.0 -S 1 -Z 173.0\\\" -S 1\" -S 1 -W weka.classifiers.trees.RandomForest -- -P 100 -I 100 -num-slots 1 -K 0 -M 1.0 -V 0.001 -S 1',-4523450618538717400,2.0260518222599998E7,4330.0,481.0,462.0,19.0,0.0,96.04989604989605,3.95010395010395,0.0,0.8442330964190147,0.11654248826624136,0.198985591371662,50.530748614258876,58.58800042237944,272.1308087156738,107.14957056314348,164.98123815253035,0.565760517080403,0.22276417996495526,0.3429963371154477,99.21213949048244,0.20626224426295725,36.457518337859604,0.9592326139088729,400.0,0.03125,2.0,0.96875,62.0,0.0407673860911271,17.0,0.9950248756218906,0.9592326139088729,0.9768009768009768,0.8506899104627117,0.9886465827338129,0.9982408799819597,0.9604989604989606,0.0325163465900876,0.9674836534099125,0.0395010395010395,0.9670545140033143,0.9604989604989606,0.9622089622089622,0.8506899104627117,0.9886465827338129,0.9892844001375318,0.921966921966922,0.9604989604989606,212.967,0.008,211.34,0.01,211340.0,10.0,3.2110821E7,1043340.0,161919.0,99.79209979209979,75.05197505197505,?,?
DatasetClassiRealeseNormalized,2,6,weka.classifiers.meta.FilteredClassifier,'-F \"weka.filters.MultiFilter -F \\\"weka.filters.supervised.attribute.AttributeSelection -E \\\\\\\"weka.attributeSelection.WrapperSubsetEval -B weka.classifiers.trees.RandomForest -F 5 -T 0.01 -R 1 -E AUC -- -P 100 -I 100 -num-slots 1 -K 0 -M 1.0 -V 0.001 -S 1\\\\\\\" -S \\\\\\\"weka.attributeSelection.GreedyStepwise -B -T -1.7976931348623157E308 -N -1 -num-slots 1\\\\\\\"\\\" -F \\\"weka.filters.supervised.instance.Resample -B 1.0 -S 1 -Z 173.0\\\" -S 1\" -S 1 -W weka.classifiers.trees.RandomForest -- -P 100 -I 100 -num-slots 1 -K 0 -M 1.0 -V 0.001 -S 1',-4523450618538717400,2.0260518222999997E7,4330.0,481.0,452.0,29.0,0.0,93.97089397089397,6.029106029106029,0.0,0.762250515586917,0.11358222132255856,0.22725573007332292,49.24722955620847,66.91167293945152,272.1308087156738,126.54751696639791,145.58329174927593,0.565760517080403,0.2630925508656921,0.30266796621471087,102.57074257671083,0.21324478706176886,37.69170534596772,0.947242206235012,395.0,0.109375,7.0,0.890625,57.0,0.05275779376498801,22.0,0.9825870646766169,0.947242206235012,0.9645909645909646,0.7680803152651496,0.9708108513189448,0.9953044469817924,0.9397089397089398,0.10184173347392772,0.8981582665260723,0.060291060291060294,0.947850355842043,0.9397089397089398,0.9423189423189423,0.7680803152651495,0.9708108513189447,0.9765822435172046,0.8808968808968809,0.9397089397089398,214.257,0.007,212.62,0.0,212620.0,0.0,2.9436906E7,1043340.0,161919.0,99.16839916839916,69.02286902286902,?,?
DatasetClassiRealeseNormalized,2,7,weka.classifiers.meta.FilteredClassifier,'-F \"weka.filters.MultiFilter -F \\\"weka.filters.supervised.attribute.AttributeSelection -E \\\\\\\"weka.attributeSelection.WrapperSubsetEval -B weka.classifiers.trees.RandomForest -F 5 -T 0.01 -R 1 -E AUC -- -P 100 -I 100 -num-slots 1 -K 0 -M 1.0 -V 0.001 -S 1\\\\\\\" -S \\\\\\\"weka.attributeSelection.GreedyStepwise -B -T -1.7976931348623157E308 -N -1 -num-slots 1\\\\\\\"\\\" -F \\\"weka.filters.supervised.instance.Resample -B 1.0 -S 1 -Z 173.0\\\" -S 1\" -S 1 -W weka.classifiers.trees.RandomForest -- -P 100 -I 100 -num-slots 1 -K 0 -M 1.0 -V 0.001 -S 1',-4523450618538717400,2.02605182231E7,4330.0,481.0,465.0,16.0,0.0,96.67359667359668,3.3264033264033266,0.0,0.8647594278283485,0.09637193178930444,0.17703936119827499,41.785154334365245,52.12629767393036,272.1308087156738,86.0546724175778,186.076136298096,0.565760517080403,0.17890784286398712,0.3868526742164158,133.24277940332752,0.2770120153915333,48.96276905660523,0.9688249400479616,404.0,0.046875,3.0,0.953125,61.0,0.03117505995203837,13.0,0.9926289926289926,0.9688249400479616,0.9805825242718447,0.8678652323875488,0.9931804556354916,0.9989397897049397,0.9667359667359667,0.04478602668800511,0.9552139733119949,0.033264033264033266,0.9702350242890784,0.9667359667359667,0.9677393404704507,0.8678652323875488,0.9931804556354916,0.9944012197231425,0.9323202476431687,0.9667359667359667,78.53,0.009,78.04,0.01,78040.0,10.0,3.3727037E7,1043340.0,161919.0,100.0,70.997920997921,?,?
DatasetClassiRealeseNormalized,2,8,weka.classifiers.meta.FilteredClassifier,'-F \"weka.filters.MultiFilter -F \\\"weka.filters.supervised.attribute.AttributeSelection -E \\\\\\\"weka.attributeSelection.WrapperSubsetEval -B weka.classifiers.trees.RandomForest -F 5 -T 0.01 -R 1 -E AUC -- -P 100 -I 100 -num-slots 1 -K 0 -M 1.0 -V 0.001 -S 1\\\\\\\" -S \\\\\\\"weka.attributeSelection.GreedyStepwise -B -T -1.7976931348623157E308 -N -1 -num-slots 1\\\\\\\"\\\" -F \\\"weka.filters.supervised.instance.Resample -B 1.0 -S 1 -Z 173.0\\\" -S 1\" -S 1 -W weka.classifiers.trees.RandomForest -- -P 100 -I 100 -num-slots 1 -K 0 -M 1.0 -V 0.001 -S 1',-4523450618538717400,2.02605182233E7,4330.0,481.0,455.0,26.0,0.0,94.5945945945946,5.405405405405405,0.0,0.7906244768123221,0.09721784674033937,0.1887169592319211,42.15192800099693,55.56457234402826,272.1308087156738,92.07678908687286,180.05401962880097,0.565760517080403,0.19142783593944462,0.37433268114095836,131.59165429984208,0.2735793228686945,48.35602955831837,0.947242206235012,395.0,0.0625,4.0,0.9375,60.0,0.05275779376498801,22.0,0.9899749373433584,0.947242206235012,0.9681372549019607,0.7990636707879649,0.9918315347721822,0.9987650786699425,0.9459459459459459,0.06120373971093396,0.938796260289066,0.05405405405405406,0.9556108464965974,0.9459459459459459,0.9486818607487422,0.799063670787965,0.9918315347721823,0.9923425164707886,0.8950275315605694,0.9459459459459459,149.426,0.008,148.25,0.0,148250.0,0.0,2.6685273E7,1043340.0,161919.0,100.0,70.58212058212058,?,?
DatasetClassiRealeseNormalized,2,9,weka.classifiers.meta.FilteredClassifier,'-F \"weka.filters.MultiFilter -F \\\"weka.filters.supervised.attribute.AttributeSelection -E \\\\\\\"weka.attributeSelection.WrapperSubsetEval -B weka.classifiers.trees.RandomForest -F 5 -T 0.01 -R 1 -E AUC -- -P 100 -I 100 -num-slots 1 -K 0 -M 1.0 -V 0.001 -S 1\\\\\\\" -S \\\\\\\"weka.attributeSelection.GreedyStepwise -B -T -1.7976931348623157E308 -N -1 -num-slots 1\\\\\\\"\\\" -F \\\"weka.filters.supervised.instance.Resample -B 1.0 -S 1 -Z 173.0\\\" -S 1\" -S 1 -W weka.classifiers.trees.RandomForest -- -P 100 -I 100 -num-slots 1 -K 0 -M 1.0 -V 0.001 -S 1',-4523450618538717400,2.02605182236E7,4330.0,481.0,454.0,27.0,0.0,94.38669438669439,5.613305613305613,0.0,0.7863593742288904,0.10864535469468053,0.20203417886604186,47.10669205588045,59.48560634538711,272.1308087156738,103.14594697679422,168.9848617388796,0.565760517080403,0.21444063820539339,0.35131987887500954,114.08920733720153,0.2371916992457412,41.92439947378526,0.9424460431654677,393.0,0.046875,3.0,0.953125,61.0,0.05755395683453238,24.0,0.9924242424242424,0.9424460431654677,0.966789667896679,0.7974454815097569,0.9893585131894485,0.9983788714302448,0.9438669438669439,0.04829590070147624,0.9517040992985238,0.056133056133056136,0.9558634529222765,0.9438669438669439,0.9470976633610676,0.7974454815097569,0.9893585131894485,0.9905285435203478,0.8927908071027019,0.9438669438669439,148.16,0.007,146.97,0.0,146970.0,0.0,3.0603611E7,1043340.0,161919.0,100.0,71.72557172557173,?,?
DatasetClassiRealeseNormalized,2,10,weka.classifiers.meta.FilteredClassifier,'-F \"weka.filters.MultiFilter -F \\\"weka.filters.supervised.attribute.AttributeSelection -E \\\\\\\"weka.attributeSelection.WrapperSubsetEval -B weka.classifiers.trees.RandomForest -F 5 -T 0.01 -R 1 -E AUC -- -P 100 -I 100 -num-slots 1 -K 0 -M 1.0 -V 0.001 -S 1\\\\\\\" -S \\\\\\\"weka.attributeSelection.GreedyStepwise -B -T -1.7976931348623157E308 -N -1 -num-slots 1\\\\\\\"\\\" -F \\\"weka.filters.supervised.instance.Resample -B 1.0 -S 1 -Z 173.0\\\" -S 1\" -S 1 -W weka.classifiers.trees.RandomForest -- -P 100 -I 100 -num-slots 1 -K 0 -M 1.0 -V 0.001 -S 1',-4523450618538717400,2.02605182238E7,4330.0,481.0,459.0,22.0,0.0,95.42619542619542,4.573804573804574,0.0,0.8068555158063809,0.10708332973842187,0.19859372345743556,46.429425836769106,58.47262142751878,272.1308087156738,105.77653804001487,166.35427067565894,0.565760517080403,0.2199096424948334,0.3458508745855695,121.67663716545253,0.25296598163295747,44.71255487010368,0.9688249400479616,404.0,0.140625,9.0,0.859375,55.0,0.03117505995203837,13.0,0.9782082324455206,0.9688249400479616,0.9734939759036144,0.8073534901058181,0.9741456834532374,0.9956906150209608,0.9542619542619543,0.12606201421399263,0.8739379857860073,0.04573804573804574,0.9556705588609876,0.9542619542619543,0.95484474279655,0.8073534901058181,0.9741456834532374,0.9819307902176342,0.9034136546184739,0.9542619542619543,147.285,0.007,145.87,0.01,145870.0,10.0,2.971105E7,1043340.0,161919.0,99.79209979209979,72.55717255717256,?,?
DatasetClassiRealeseNormalized,3,1,weka.classifiers.meta.FilteredClassifier,'-F \"weka.filters.MultiFilter -F \\\"weka.filters.supervised.attribute.AttributeSelection -E \\\\\\\"weka.attributeSelection.WrapperSubsetEval -B weka.classifiers.trees.RandomForest -F 5 -T 0.01 -R 1 -E AUC -- -P 100 -I 100 -num-slots 1 -K 0 -M 1.0 -V 0.001 -S 1\\\\\\\" -S \\\\\\\"weka.attributeSelection.GreedyStepwise -B -T -1.7976931348623157E308 -N -1 -num-slots 1\\\\\\\"\\\" -F \\\"weka.filters.supervised.instance.Resample -B 1.0 -S 1 -Z 173.0\\\" -S 1\" -S 1 -W weka.classifiers.trees.RandomForest -- -P 100 -I 100 -num-slots 1 -K 0 -M 1.0 -V 0.001 -S 1',-4523450618538717400,2.0260518224E7,4329.0,482.0,468.0,14.0,0.0,97.0954356846473,2.904564315352697,0.0,0.8845706465959631,0.10383486881710875,0.17967160075340521,45.05613312329637,52.947841558265196,272.3366817903761,90.55668057311242,181.78000121726365,0.565013862635635,0.18787693064961083,0.37713693198602416,122.5069110254034,0.254163715820339,44.98362476183058,0.9665071770334929,404.0,0.0,0.0,1.0,64.0,0.03349282296650718,14.0,1.0,0.9665071770334929,0.9829683698296838,0.8905231776173124,0.9951031698564593,0.9992611238830312,0.970954356846473,0.0044471798129802065,0.9955528201870197,0.029045643153526972,0.9761676774124907,0.970954356846473,0.9721388369997475,0.8905231776173124,0.9951031698564593,0.9954109385057779,0.9421884102669547,0.970954356846473,78.378,0.006,77.35,0.01,77350.0,10.0,2.989942E7,1043111.0,162148.0,100.0,73.54771784232365,?,?
DatasetClassiRealeseNormalized,3,2,weka.classifiers.meta.FilteredClassifier,'-F \"weka.filters.MultiFilter -F \\\"weka.filters.supervised.attribute.AttributeSelection -E \\\\\\\"weka.attributeSelection.WrapperSubsetEval -B weka.classifiers.trees.RandomForest -F 5 -T 0.01 -R 1 -E AUC -- -P 100 -I 100 -num-slots 1 -K 0 -M 1.0 -V 0.001 -S 1\\\\\\\" -S \\\\\\\"weka.attributeSelection.GreedyStepwise -B -T -1.7976931348623157E308 -N -1 -num-slots 1\\\\\\\"\\\" -F \\\"weka.filters.supervised.instance.Resample -B 1.0 -S 1 -Z 173.0\\\" -S 1\" -S 1 -W weka.classifiers.trees.RandomForest -- -P 100 -I 100 -num-slots 1 -K 0 -M 1.0 -V 0.001 -S 1',-4523450618538717400,2.02605182242E7,4330.0,481.0,462.0,19.0,0.0,96.04989604989605,3.95010395010395,0.0,0.8342973183689013,0.09494639953393776,0.1806083027927016,41.410494826315386,53.532187404893385,269.42867131105754,88.28506008035272,181.14361123070483,0.5601427677984564,0.18354482345187675,0.37659794434657967,131.2501517368915,0.2728693383303358,48.71424822689423,0.9688995215311005,405.0,0.09523809523809523,6.0,0.9047619047619048,57.0,0.03110047846889952,13.0,0.9854014598540146,0.9688995215311005,0.97708082026538,0.8358563495883359,0.9889116731221994,0.998302852565185,0.9604989604989606,0.08683753420595526,0.9131624657940447,0.0395010395010395,0.962989210434466,0.9604989604989606,0.9613716899603509,0.8358563495883359,0.9889116731221993,0.9906856903543899,0.9171118387041185,0.9604989604989606,148.287,0.007,147.16,0.01,147160.0,10.0,3.1757596E7,1043340.0,161919.0,99.79209979209979,69.43866943866944,?,?
DatasetClassiRealeseNormalized,3,3,weka.classifiers.meta.FilteredClassifier,'-F \"weka.filters.MultiFilter -F \\\"weka.filters.supervised.attribute.AttributeSelection -E \\\\\\\"weka.attributeSelection.WrapperSubsetEval -B weka.classifiers.trees.RandomForest -F 5 -T 0.01 -R 1 -E AUC -- -P 100 -I 100 -num-slots 1 -K 0 -M 1.0 -V 0.001 -S 1\\\\\\\" -S \\\\\\\"weka.attributeSelection.GreedyStepwise -B -T -1.7976931348623157E308 -N -1 -num-slots 1\\\\\\\"\\\" -F \\\"weka.filters.supervised.instance.Resample -B 1.0 -S 1 -Z 173.0\\\" -S 1\" -S 1 -W weka.classifiers.trees.RandomForest -- -P 100 -I 100 -num-slots 1 -K 0 -M 1.0 -V 0.001 -S 1',-4523450618538717400,2.02605182246E7,4330.0,481.0,458.0,23.0,0.0,95.21829521829522,4.781704781704781,0.0,0.8067901989206939,0.10709017836303807,0.1972675991635553,46.43239527850647,58.08216616814844,272.1308087156738,100.42372244795361,171.70708626772023,0.565760517080403,0.2087811277504233,0.3569793893299797,116.80342325282109,0.24283455977717483,42.92179331112009,0.9592326139088729,400.0,0.09375,6.0,0.90625,58.0,0.0407673860911271,17.0,0.9852216748768473,0.9592326139088729,0.9720534629404618,0.8102568551387972,0.9873351318944844,0.9980270737744913,0.9521829521829522,0.08670033827407927,0.9132996617259207,0.04781704781704782,0.9570286315113902,0.9521829521829522,0.9537554386457767,0.8102568551387971,0.9873351318944844,0.9896624790898705,0.9032929185205906,0.9521829521829522,216.921,0.007,214.03,0.01,214030.0,10.0,3.3704142E7,1043340.0,161919.0,100.0,72.86902286902287,?,?
DatasetClassiRealeseNormalized,3,4,weka.classifiers.meta.FilteredClassifier,'-F \"weka.filters.MultiFilter -F \\\"weka.filters.supervised.attribute.AttributeSelection -E \\\\\\\"weka.attributeSelection.WrapperSubsetEval -B weka.classifiers.trees.RandomForest -F 5 -T 0.01 -R 1 -E AUC -- -P 100 -I 100 -num-slots 1 -K 0 -M 1.0 -V 0.001 -S 1\\\\\\\" -S \\\\\\\"weka.attributeSelection.GreedyStepwise -B -T -1.7976931348623157E308 -N -1 -num-slots 1\\\\\\\"\\\" -F \\\"weka.filters.supervised.instance.Resample -B 1.0 -S 1 -Z 173.0\\\" -S 1\" -S 1 -W weka.classifiers.trees.RandomForest -- -P 100 -I 100 -num-slots 1 -K 0 -M 1.0 -V 0.001 -S 1',-4523450618538717400,2.02605182249E7,4330.0,481.0,468.0,13.0,0.0,97.29729729729729,2.7027027027027026,0.0,0.8880333769047579,0.09770059861269657,0.1778744869719923,42.36124062052344,52.372186578981285,272.1308087156738,88.41601002339179,183.71479869228205,0.565760517080403,0.1838170686557002,0.3819434484247028,130.25001421107007,0.27079005033486503,47.863016622699696,0.9760191846522782,407.0,0.046875,3.0,0.953125,61.0,0.023980815347721823,10.0,0.9926829268292683,0.9760191846522782,0.9842805320435308,0.8896517242983225,0.9927308153477218,0.9989009646555719,0.972972972972973,0.0438287883206948,0.9561712116793052,0.02702702702702703,0.9749162078602134,0.972972972972973,0.9735592908507056,0.8896517242983225,0.9927308153477218,0.9931496412456918,0.9439921178736173,0.972972972972973,215.739,0.007,214.06,0.01,214060.0,10.0,3.116678E7,1043340.0,161919.0,100.0,70.68607068607069,?,?
DatasetClassiRealeseNormalized,3,5,weka.classifiers.meta.FilteredClassifier,'-F \"weka.filters.MultiFilter -F \\\"weka.filters.supervised.attribute.AttributeSelection -E \\\\\\\"weka.attributeSelection.WrapperSubsetEval -B weka.classifiers.trees.RandomForest -F 5 -T 0.01 -R 1 -E AUC -- -P 100 -I 100 -num-slots 1 -K 0 -M 1.0 -V 0.001 -S 1\\\\\\\" -S \\\\\\\"weka.attributeSelection.GreedyStepwise -B -T -1.7976931348623157E308 -N -1 -num-slots 1\\\\\\\"\\\" -F \\\"weka.filters.supervised.instance.Resample -B 1.0 -S 1 -Z 173.0\\\" -S 1\" -S 1 -W weka.classifiers.trees.RandomForest -- -P 100 -I 100 -num-slots 1 -K 0 -M 1.0 -V 0.001 -S 1',-4523450618538717400,2.0260518225199997E7,4330.0,481.0,455.0,26.0,0.0,94.5945945945946,5.405405405405405,0.0,0.777473309608541,0.11303490984956174,0.21044490945561645,49.009925042917814,61.96200618890207,272.1308087156738,115.49841099640837,156.63239771926544,0.565760517080403,0.24012143658296958,0.32563908049743334,112.56261728077529,0.23401791534464716,41.36342291121559,0.9592326139088729,400.0,0.140625,9.0,0.859375,55.0,0.0407673860911271,17.0,0.9779951100244498,0.9592326139088729,0.9685230024213076,0.779302181536547,0.9733962829736211,0.9958280873264527,0.9459459459459459,0.12733833203707304,0.872661667962927,0.05405405405405406,0.9495069641768906,0.9459459459459459,0.9472740080915555,0.779302181536547,0.973396282973621,0.9741575220716918,0.8886732659165362,0.9459459459459459,148.062,0.008,147.18,0.01,147180.0,10.0,3.0573872E7,1043340.0,161919.0,99.58419958419958,71.3097713097713,?,?
DatasetClassiRealeseNormalized,3,6,weka.classifiers.meta.FilteredClassifier,'-F \"weka.filters.MultiFilter -F \\\"weka.filters.supervised.attribute.AttributeSelection -E \\\\\\\"weka.attributeSelection.WrapperSubsetEval -B weka.classifiers.trees.RandomForest -F 5 -T 0.01 -R 1 -E AUC -- -P 100 -I 100 -num-slots 1 -K 0 -M 1.0 -V 0.001 -S 1\\\\\\\" -S \\\\\\\"weka.attributeSelection.GreedyStepwise -B -T -1.7976931348623157E308 -N -1 -num-slots 1\\\\\\\"\\\" -F \\\"weka.filters.supervised.instance.Resample -B 1.0 -S 1 -Z 173.0\\\" -S 1\" -S 1 -W weka.classifiers.trees.RandomForest -- -P 100 -I 100 -num-slots 1 -K 0 -M 1.0 -V 0.001 -S 1',-4523450618538717400,2.0260518225399997E7,4330.0,481.0,461.0,20.0,0.0,95.84199584199584,4.158004158004158,0.0,0.8370154513418271,0.1080710217439395,0.19401361639001796,46.8576715107855,57.12408501867295,272.1308087156738,100.93804044511421,171.1927682705596,0.565760517080403,0.2098503959357884,0.35591012114461457,116.54044132518186,0.2422878198028729,42.82515525353287,0.9568345323741008,399.0,0.03125,2.0,0.96875,62.0,0.04316546762589928,18.0,0.9950124688279302,0.9568345323741008,0.9755501222493889,0.8442225008149963,0.9876348920863309,0.9980539595663875,0.9584199584199584,0.0328354260458577,0.9671645739541423,0.04158004158004158,0.9657384605015529,0.9584199584199584,0.960323309956562,0.8442225008149962,0.9876348920863309,0.9895998199774744,0.9183306166802501,0.9584199584199584,147.709,0.009,146.78,0.01,146780.0,10.0,3.2152926E7,1043340.0,161919.0,100.0,73.18087318087318,?,?
DatasetClassiRealeseNormalized,3,7,weka.classifiers.meta.FilteredClassifier,'-F \"weka.filters.MultiFilter -F \\\"weka.filters.supervised.attribute.AttributeSelection -E \\\\\\\"weka.attributeSelection.WrapperSubsetEval -B weka.classifiers.trees.RandomForest -F 5 -T 0.01 -R 1 -E AUC -- -P 100 -I 100 -num-slots 1 -K 0 -M 1.0 -V 0.001 -S 1\\\\\\\" -S \\\\\\\"weka.attributeSelection.GreedyStepwise -B -T -1.7976931348623157E308 -N -1 -num-slots 1\\\\\\\"\\\" -F \\\"weka.filters.supervised.instance.Resample -B 1.0 -S 1 -Z 173.0\\\" -S 1\" -S 1 -W weka.classifiers.trees.RandomForest -- -P 100 -I 100 -num-slots 1 -K 0 -M 1.0 -V 0.001 -S 1',-4523450618538717400,2.02605182258E7,4330.0,481.0,456.0,25.0,0.0,94.8024948024948,5.197505197505198,0.0,0.7846795709706881,0.11656482310753308,0.20448325457320302,50.540432603913125,60.20669598598122,272.1308087156738,109.63997267083334,162.49083604484048,0.565760517080403,0.22794173112439364,0.3378187859560093,103.11412127466978,0.214374472504511,37.891380899251615,0.9616306954436451,401.0,0.140625,9.0,0.859375,55.0,0.03836930455635491,16.0,0.9780487804878049,0.9616306954436451,0.969770253929867,0.7861095669274729,0.9817146282973621,0.9971368781726866,0.9480249480249481,0.12701925258130295,0.8729807474186971,0.05197505197505198,0.9509850441832578,0.9480249480249481,0.9491524824052031,0.7861095669274729,0.9817146282973621,0.9839193882632072,0.8922925343723409,0.9480249480249481,213.732,0.008,212.45,0.01,212450.0,10.0,3.3822434E7,1043340.0,161919.0,99.79209979209979,73.8045738045738,?,?
DatasetClassiRealeseNormalized,3,8,weka.classifiers.meta.FilteredClassifier,'-F \"weka.filters.MultiFilter -F \\\"weka.filters.supervised.attribute.AttributeSelection -E \\\\\\\"weka.attributeSelection.WrapperSubsetEval -B weka.classifiers.trees.RandomForest -F 5 -T 0.01 -R 1 -E AUC -- -P 100 -I 100 -num-slots 1 -K 0 -M 1.0 -V 0.001 -S 1\\\\\\\" -S \\\\\\\"weka.attributeSelection.GreedyStepwise -B -T -1.7976931348623157E308 -N -1 -num-slots 1\\\\\\\"\\\" -F \\\"weka.filters.supervised.instance.Resample -B 1.0 -S 1 -Z 173.0\\\" -S 1\" -S 1 -W weka.classifiers.trees.RandomForest -- -P 100 -I 100 -num-slots 1 -K 0 -M 1.0 -V 0.001 -S 1',-4523450618538717400,2.0260518230100002E7,4330.0,481.0,456.0,25.0,0.0,94.8024948024948,5.197505197505198,0.0,0.7899893466529281,0.11015650277727006,0.19921243289389134,47.761898968108085,58.65479013870299,272.1308087156738,104.03204100859232,168.0987677070815,0.565760517080403,0.21628282953969297,0.34947768754070996,110.92756046054203,0.23061862881609568,40.76258803039119,0.9568345323741008,399.0,0.109375,7.0,0.890625,57.0,0.04316546762589928,18.0,0.9827586206896551,0.9568345323741008,0.9696233292831106,0.7933838121341318,0.9823890887290168,0.9972277653779151,0.9480249480249481,0.1005654156508473,0.8994345843491527,0.05197505197505198,0.9531192200157718,0.9480249480249481,0.9497341724410616,0.7933838121341318,0.9823890887290168,0.9852854877565022,0.8948836070875985,0.9480249480249481,213.895,0.009,212.6,0.01,212600.0,10.0,3.4934825E7,1043340.0,161919.0,99.79209979209979,71.51767151767152,?,?
DatasetClassiRealeseNormalized,3,9,weka.classifiers.meta.FilteredClassifier,'-F \"weka.filters.MultiFilter -F \\\"weka.filters.supervised.attribute.AttributeSelection -E \\\\\\\"weka.attributeSelection.WrapperSubsetEval -B weka.classifiers.trees.RandomForest -F 5 -T 0.01 -R 1 -E AUC -- -P 100 -I 100 -num-slots 1 -K 0 -M 1.0 -V 0.001 -S 1\\\\\\\" -S \\\\\\\"weka.attributeSelection.GreedyStepwise -B -T -1.7976931348623157E308 -N -1 -num-slots 1\\\\\\\"\\\" -F \\\"weka.filters.supervised.instance.Resample -B 1.0 -S 1 -Z 173.0\\\" -S 1\" -S 1 -W weka.classifiers.trees.RandomForest -- -P 100 -I 100 -num-slots 1 -K 0 -M 1.0 -V 0.001 -S 1',-4523450618538717400,2.02605182305E7,4330.0,481.0,464.0,17.0,0.0,96.46569646569647,3.5343035343035343,0.0,0.853582108260068,0.104002939523699,0.1856215901564132,45.093823466426784,54.65319236192416,272.1308087156738,96.84906355640639,175.28174515926742,0.565760517080403,0.20134940448317337,0.3644111125972296,127.78069139895534,0.26565632307475123,46.95561373665061,0.9712230215827338,405.0,0.078125,5.0,0.921875,59.0,0.02877697841726619,12.0,0.9878048780487805,0.9712230215827338,0.9794437726723095,0.8551376718413727,0.9844499400479616,0.9975191975558795,0.9646569646569647,0.07155894307423084,0.9284410569257692,0.035343035343035345,0.9669391533012283,0.9646569646569647,0.9654236880355381,0.8551376718413727,0.9844499400479616,0.9872868271124974,0.9267589233731918,0.9646569646569647,216.711,0.008,215.38,0.01,215380.0,10.0,3.4525614E7,1043340.0,161919.0,100.0,72.76507276507276,?,?
DatasetClassiRealeseNormalized,3,10,weka.classifiers.meta.FilteredClassifier,'-F \"weka.filters.MultiFilter -F \\\"weka.filters.supervised.attribute.AttributeSelection -E \\\\\\\"weka.attributeSelection.WrapperSubsetEval -B weka.classifiers.trees.RandomForest -F 5 -T 0.01 -R 1 -E AUC -- -P 100 -I 100 -num-slots 1 -K 0 -M 1.0 -V 0.001 -S 1\\\\\\\" -S \\\\\\\"weka.attributeSelection.GreedyStepwise -B -T -1.7976931348623157E308 -N -1 -num-slots 1\\\\\\\"\\\" -F \\\"weka.filters.supervised.instance.Resample -B 1.0 -S 1 -Z 173.0\\\" -S 1\" -S 1 -W weka.classifiers.trees.RandomForest -- -P 100 -I 100 -num-slots 1 -K 0 -M 1.0 -V 0.001 -S 1',-4523450618538717400,2.02605182308E7,4330.0,481.0,460.0,21.0,0.0,95.63409563409563,4.365904365904366,0.0,0.8278365802525952,0.1166161320730827,0.20525029515415538,50.56267925814556,60.432538337535625,272.1308087156738,113.26747259952899,158.86333611614484,0.565760517080403,0.2354833110177318,0.3302772060626712,100.44175624118841,0.20881862004405075,36.909366019681876,0.9568345323741008,399.0,0.046875,3.0,0.953125,61.0,0.04316546762589928,18.0,0.9925373134328358,0.9568345323741008,0.9743589743589743,0.8341679914231992,0.9829136690647482,0.9972666738440991,0.9563409563409564,0.04638142396685562,0.9536185760331444,0.04365904365904366,0.96321368237106,0.9563409563409564,0.9582309582309583,0.8341679914231993,0.9829136690647482,0.984762063163082,0.9137529137529137,0.9563409563409564,147.756,0.008,146.7,0.01,146700.0,10.0,3.1981896E7,1043340.0,161919.0,99.58419958419958,75.25987525987526,?,?
DatasetClassiRealeseNormalized,4,1,weka.classifiers.meta.FilteredClassifier,'-F \"weka.filters.MultiFilter -F \\\"weka.filters.supervised.attribute.AttributeSelection -E \\\\\\\"weka.attributeSelection.WrapperSubsetEval -B weka.classifiers.trees.RandomForest -F 5 -T 0.01 -R 1 -E AUC -- -P 100 -I 100 -num-slots 1 -K 0 -M 1.0 -V 0.001 -S 1\\\\\\\" -S \\\\\\\"weka.attributeSelection.GreedyStepwise -B -T -1.7976931348623157E308 -N -1 -num-slots 1\\\\\\\"\\\" -F \\\"weka.filters.supervised.instance.Resample -B 1.0 -S 1 -Z 173.0\\\" -S 1\" -S 1 -W weka.classifiers.trees.RandomForest -- -P 100 -I 100 -num-slots 1 -K 0 -M 1.0 -V 0.001 -S 1',-4523450618538717400,2.02605182309E7,4329.0,482.0,455.0,27.0,0.0,94.39834024896265,5.601659751037344,0.0,0.78392827494604,0.11226879004186213,0.2002593024354108,48.715788899654136,59.014879209940375,272.3366817903761,102.58322862021348,169.7534531701626,0.565013862635635,0.2128282751456711,0.3521855874899639,102.30327978281387,0.21224746842907444,37.56500193446548,0.9449760765550239,395.0,0.0625,4.0,0.9375,60.0,0.05502392344497608,23.0,0.9899749373433584,0.9449760765550239,0.966952264381885,0.7931504492918446,0.9890849282296651,0.9982557169531293,0.9439834024896265,0.06150732593460263,0.9384926740653974,0.056016597510373446,0.9545115851669869,0.9439834024896265,0.9469521669518913,0.7931504492918446,0.989084928229665,0.9920639372855238,0.8916393974970649,0.9439834024896265,78.167,0.008,77.6,0.01,77600.0,10.0,2.9726661E7,1043111.0,162148.0,100.0,72.40663900414938,?,?
DatasetClassiRealeseNormalized,4,2,weka.classifiers.meta.FilteredClassifier,'-F \"weka.filters.MultiFilter -F \\\"weka.filters.supervised.attribute.AttributeSelection -E \\\\\\\"weka.attributeSelection.WrapperSubsetEval -B weka.classifiers.trees.RandomForest -F 5 -T 0.01 -R 1 -E AUC -- -P 100 -I 100 -num-slots 1 -K 0 -M 1.0 -V 0.001 -S 1\\\\\\\" -S \\\\\\\"weka.attributeSelection.GreedyStepwise -B -T -1.7976931348623157E308 -N -1 -num-slots 1\\\\\\\"\\\" -F \\\"weka.filters.supervised.instance.Resample -B 1.0 -S 1 -Z 173.0\\\" -S 1\" -S 1 -W weka.classifiers.trees.RandomForest -- -P 100 -I 100 -num-slots 1 -K 0 -M 1.0 -V 0.001 -S 1',-4523450618538717400,2.02605182311E7,4330.0,481.0,457.0,24.0,0.0,95.01039501039502,4.98960498960499,0.0,0.7920299776608777,0.1075905747446498,0.1980511497918487,46.925201594728016,58.702236289661265,269.42867131105754,102.60775764069118,166.82091367036637,0.5601427677984564,0.2133217414567384,0.346821026341718,113.53711961308731,0.23604390771951625,42.13995454181185,0.9617224880382775,402.0,0.12698412698412698,8.0,0.873015873015873,55.0,0.03827751196172249,16.0,0.9804878048780488,0.9617224880382775,0.9710144927536232,0.7939400040822875,0.9799498746867168,0.9967709849140609,0.9501039501039501,0.11536558904979956,0.8846344109502005,0.0498960498960499,0.9535274830362428,0.9501039501039501,0.9513523407099008,0.7939400040822875,0.9799498746867168,0.986034386654021,0.8959550075708413,0.9501039501039501,148.21,0.006,147.13,0.0,147130.0,0.0,3.157295E7,1043340.0,161919.0,99.79209979209979,71.82952182952182,?,?
DatasetClassiRealeseNormalized,4,3,weka.classifiers.meta.FilteredClassifier,'-F \"weka.filters.MultiFilter -F \\\"weka.filters.supervised.attribute.AttributeSelection -E \\\\\\\"weka.attributeSelection.WrapperSubsetEval -B weka.classifiers.trees.RandomForest -F 5 -T 0.01 -R 1 -E AUC -- -P 100 -I 100 -num-slots 1 -K 0 -M 1.0 -V 0.001 -S 1\\\\\\\" -S \\\\\\\"weka.attributeSelection.GreedyStepwise -B -T -1.7976931348623157E308 -N -1 -num-slots 1\\\\\\\"\\\" -F \\\"weka.filters.supervised.instance.Resample -B 1.0 -S 1 -Z 173.0\\\" -S 1\" -S 1 -W weka.classifiers.trees.RandomForest -- -P 100 -I 100 -num-slots 1 -K 0 -M 1.0 -V 0.001 -S 1',-4523450618538717400,2.02605182314E7,4330.0,481.0,464.0,17.0,0.0,96.46569646569647,3.5343035343035343,0.0,0.853582108260068,0.10322693594600742,0.1870348211731627,44.757362126949296,55.06929474820996,272.1308087156738,95.88709380230833,176.2437149133655,0.565760517080403,0.19934946736446638,0.3664110497159366,130.53277441529121,0.27137790938729983,47.96692261024871,0.9712230215827338,405.0,0.078125,5.0,0.921875,59.0,0.02877697841726619,12.0,0.9878048780487805,0.9712230215827338,0.9794437726723095,0.8551376718413727,0.9871852517985612,0.9980634393799556,0.9646569646569647,0.07155894307423084,0.9284410569257692,0.035343035343035345,0.9669391533012283,0.9646569646569647,0.9654236880355381,0.8551376718413727,0.9871852517985611,0.9876578135933354,0.9267589233731918,0.9646569646569647,146.868,0.007,145.74,0.01,145740.0,10.0,3.0416047E7,1043340.0,161919.0,100.0,72.45322245322245,?,?
DatasetClassiRealeseNormalized,4,4,weka.classifiers.meta.FilteredClassifier,'-F \"weka.filters.MultiFilter -F \\\"weka.filters.supervised.attribute.AttributeSelection -E \\\\\\\"weka.attributeSelection.WrapperSubsetEval -B weka.classifiers.trees.RandomForest -F 5 -T 0.01 -R 1 -E AUC -- -P 100 -I 100 -num-slots 1 -K 0 -M 1.0 -V 0.001 -S 1\\\\\\\" -S \\\\\\\"weka.attributeSelection.GreedyStepwise -B -T -1.7976931348623157E308 -N -1 -num-slots 1\\\\\\\"\\\" -F \\\"weka.filters.supervised.instance.Resample -B 1.0 -S 1 -Z 173.0\\\" -S 1\" -S 1 -W weka.classifiers.trees.RandomForest -- -P 100 -I 100 -num-slots 1 -K 0 -M 1.0 -V 0.001 -S 1',-4523450618538717400,2.02605182317E7,4330.0,481.0,462.0,19.0,0.0,96.04989604989605,3.95010395010395,0.0,0.8363564739377229,0.11476984963613558,0.1939290110979233,49.76216405480473,57.09917439647761,272.1308087156738,104.31295636990076,167.81785234577308,0.565760517080403,0.21686685315987683,0.3488936639205261,104.79522068187082,0.21786948166709108,38.50913506502763,0.9688249400479616,404.0,0.09375,6.0,0.90625,58.0,0.03117505995203837,13.0,0.9853658536585366,0.9688249400479616,0.977025392986699,0.8378806456128978,0.985986211031175,0.9977162253095742,0.9604989604989606,0.08542402045099887,0.9145759795490012,0.0395010395010395,0.9629506260217355,0.9604989604989606,0.9613558866279545,0.8378806456128978,0.9859862110311751,0.9895760265289792,0.9181423261229791,0.9604989604989606,214.399,0.008,212.63,0.0,212630.0,0.0,3.6938983E7,1043340.0,161919.0,100.0,76.0914760914761,?,?
DatasetClassiRealeseNormalized,4,5,weka.classifiers.meta.FilteredClassifier,'-F \"weka.filters.MultiFilter -F \\\"weka.filters.supervised.attribute.AttributeSelection -E \\\\\\\"weka.attributeSelection.WrapperSubsetEval -B weka.classifiers.trees.RandomForest -F 5 -T 0.01 -R 1 -E AUC -- -P 100 -I 100 -num-slots 1 -K 0 -M 1.0 -V 0.001 -S 1\\\\\\\" -S \\\\\\\"weka.attributeSelection.GreedyStepwise -B -T -1.7976931348623157E308 -N -1 -num-slots 1\\\\\\\"\\\" -F \\\"weka.filters.supervised.instance.Resample -B 1.0 -S 1 -Z 173.0\\\" -S 1\" -S 1 -W weka.classifiers.trees.RandomForest -- -P 100 -I 100 -num-slots 1 -K 0 -M 1.0 -V 0.001 -S 1',-4523450618538717400,2.02605182321E7,4330.0,481.0,462.0,19.0,0.0,96.04989604989605,3.95010395010395,0.0,0.8383993775750183,0.10723158044710783,0.18902794323626454,46.4937047053941,55.656136415839846,272.1308087156738,100.69821664136016,171.43259207431367,0.565760517080403,0.20935180174918952,0.3564087153312135,120.3454407141523,0.2501984214431441,44.22337966146676,0.9664268585131894,403.0,0.078125,5.0,0.921875,59.0,0.03357314148681055,14.0,0.9877450980392157,0.9664268585131894,0.9769696969696969,0.8408665445769333,0.9837380095923262,0.9973506651809692,0.9604989604989606,0.07219710198577105,0.927802898014229,0.0395010395010395,0.9638580733463893,0.9604989604989606,0.9615809796831695,0.8408665445769333,0.983738009592326,0.9864167997305786,0.9191417827914178,0.9604989604989606,213.783,0.007,211.83,0.01,211830.0,10.0,3.498693E7,1043340.0,161919.0,99.79209979209979,73.8045738045738,?,?
DatasetClassiRealeseNormalized,4,6,weka.classifiers.meta.FilteredClassifier,'-F \"weka.filters.MultiFilter -F \\\"weka.filters.supervised.attribute.AttributeSelection -E \\\\\\\"weka.attributeSelection.WrapperSubsetEval -B weka.classifiers.trees.RandomForest -F 5 -T 0.01 -R 1 -E AUC -- -P 100 -I 100 -num-slots 1 -K 0 -M 1.0 -V 0.001 -S 1\\\\\\\" -S \\\\\\\"weka.attributeSelection.GreedyStepwise -B -T -1.7976931348623157E308 -N -1 -num-slots 1\\\\\\\"\\\" -F \\\"weka.filters.supervised.instance.Resample -B 1.0 -S 1 -Z 173.0\\\" -S 1\" -S 1 -W weka.classifiers.trees.RandomForest -- -P 100 -I 100 -num-slots 1 -K 0 -M 1.0 -V 0.001 -S 1',-4523450618538717400,2.02605182322E7,4330.0,481.0,460.0,21.0,0.0,95.63409563409563,4.365904365904366,0.0,0.819130839615378,0.10416907938735896,0.18889863517982078,45.165858754245846,55.61806380760062,272.1308087156738,95.8870034808705,176.24380523480332,0.565760517080403,0.19934927958600937,0.3664112374943936,127.76880407300503,0.26563160929938673,46.95124549697704,0.9664268585131894,403.0,0.109375,7.0,0.890625,57.0,0.03357314148681055,14.0,0.9829268292682927,0.9664268585131894,0.9746070133010882,0.8206236193844227,0.9886465827338129,0.9982804071107751,0.9563409563409564,0.09928909782776689,0.9007109021722332,0.04365904365904366,0.958962098742243,0.9563409563409564,0.9572880852203706,0.8206236193844227,0.9886465827338129,0.9894403404352485,0.9095257288727664,0.9563409563409564,78.352,0.007,77.3,0.0,77300.0,0.0,3.5039943E7,1043340.0,161919.0,100.0,73.28482328482329,?,?
DatasetClassiRealeseNormalized,4,7,weka.classifiers.meta.FilteredClassifier,'-F \"weka.filters.MultiFilter -F \\\"weka.filters.supervised.attribute.AttributeSelection -E \\\\\\\"weka.attributeSelection.WrapperSubsetEval -B weka.classifiers.trees.RandomForest -F 5 -T 0.01 -R 1 -E AUC -- -P 100 -I 100 -num-slots 1 -K 0 -M 1.0 -V 0.001 -S 1\\\\\\\" -S \\\\\\\"weka.attributeSelection.GreedyStepwise -B -T -1.7976931348623157E308 -N -1 -num-slots 1\\\\\\\"\\\" -F \\\"weka.filters.supervised.instance.Resample -B 1.0 -S 1 -Z 173.0\\\" -S 1\" -S 1 -W weka.classifiers.trees.RandomForest -- -P 100 -I 100 -num-slots 1 -K 0 -M 1.0 -V 0.001 -S 1',-4523450618538717400,2.02605182325E7,4330.0,481.0,459.0,22.0,0.0,95.42619542619542,4.573804573804574,0.0,0.8228360957642725,0.11281998920095694,0.20536529900448178,48.916739274978376,60.466399310006295,272.1308087156738,108.86390832989493,163.2669003857789,0.565760517080403,0.2263282917461433,0.3394322253342597,109.15041736205579,0.22692394461965862,40.10954065700724,0.9520383693045563,397.0,0.03125,2.0,0.96875,62.0,0.047961630695443645,20.0,0.9949874686716792,0.9520383693045563,0.9730392156862744,0.8316191193437003,0.9874475419664268,0.9981034908774336,0.9542619542619543,0.033473584957397905,0.9665264150426022,0.04573804573804574,0.9632017013275036,0.9542619542619543,0.9565769590950894,0.8316191193437003,0.9874475419664268,0.9880383873936871,0.9111771420897126,0.9542619542619543,148.391,0.008,147.29,0.01,147290.0,10.0,3.4203657E7,1043340.0,161919.0,99.79209979209979,72.97297297297297,?,?
DatasetClassiRealeseNormalized,4,8,weka.classifiers.meta.FilteredClassifier,'-F \"weka.filters.MultiFilter -F \\\"weka.filters.supervised.attribute.AttributeSelection -E \\\\\\\"weka.attributeSelection.WrapperSubsetEval -B weka.classifiers.trees.RandomForest -F 5 -T 0.01 -R 1 -E AUC -- -P 100 -I 100 -num-slots 1 -K 0 -M 1.0 -V 0.001 -S 1\\\\\\\" -S \\\\\\\"weka.attributeSelection.GreedyStepwise -B -T -1.7976931348623157E308 -N -1 -num-slots 1\\\\\\\"\\\" -F \\\"weka.filters.supervised.instance.Resample -B 1.0 -S 1 -Z 173.0\\\" -S 1\" -S 1 -W weka.classifiers.trees.RandomForest -- -P 100 -I 100 -num-slots 1 -K 0 -M 1.0 -V 0.001 -S 1',-4523450618538717400,2.02605182327E7,4330.0,481.0,460.0,21.0,0.0,95.63409563409563,4.365904365904366,0.0,0.8213887857408096,0.11130689552823735,0.19844096799450592,48.2606887894992,58.427645120114065,272.1308087156738,104.82337959562932,167.3074291200445,0.565760517080403,0.21792802410733747,0.3478324929730655,116.92499856507467,0.24308731510410536,42.966468632090674,0.9640287769784173,402.0,0.09375,6.0,0.90625,58.0,0.03597122302158273,15.0,0.9852941176470589,0.9640287769784173,0.9745454545454545,0.823805895488415,0.9815647482014388,0.9971404271403778,0.9563409563409564,0.08606217936253907,0.913937820637461,0.04365904365904366,0.9599105241732155,0.9563409563409564,0.9575368722813978,0.8238058954884151,0.9815647482014389,0.9833570031223854,0.9106303915063039,0.9563409563409564,148.444,0.007,146.59,0.01,146590.0,10.0,3.2238847E7,1043340.0,161919.0,100.0,73.18087318087318,?,?
DatasetClassiRealeseNormalized,4,9,weka.classifiers.meta.FilteredClassifier,'-F \"weka.filters.MultiFilter -F \\\"weka.filters.supervised.attribute.AttributeSelection -E \\\\\\\"weka.attributeSelection.WrapperSubsetEval -B weka.classifiers.trees.RandomForest -F 5 -T 0.01 -R 1 -E AUC -- -P 100 -I 100 -num-slots 1 -K 0 -M 1.0 -V 0.001 -S 1\\\\\\\" -S \\\\\\\"weka.attributeSelection.GreedyStepwise -B -T -1.7976931348623157E308 -N -1 -num-slots 1\\\\\\\"\\\" -F \\\"weka.filters.supervised.instance.Resample -B 1.0 -S 1 -Z 173.0\\\" -S 1\" -S 1 -W weka.classifiers.trees.RandomForest -- -P 100 -I 100 -num-slots 1 -K 0 -M 1.0 -V 0.001 -S 1',-4523450618538717400,2.0260518233E7,4330.0,481.0,456.0,25.0,0.0,94.8024948024948,5.197505197505198,0.0,0.7899893466529281,0.11091671837464138,0.20207649184654217,48.09151492032332,59.49806469929271,272.1308087156738,109.45552276365588,162.67528595201793,0.565760517080403,0.22755825938389995,0.338202257696503,116.10890199245054,0.24139064863295331,42.66657734948445,0.9568345323741008,399.0,0.109375,7.0,0.890625,57.0,0.04316546762589928,18.0,0.9827586206896551,0.9568345323741008,0.9696233292831106,0.7933838121341318,0.9782673860911271,0.9966347953615948,0.9480249480249481,0.1005654156508473,0.8994345843491527,0.05197505197505198,0.9531192200157718,0.9480249480249481,0.9497341724410616,0.7933838121341318,0.9782673860911271,0.9789170014848114,0.8948836070875985,0.9480249480249481,149.233,0.007,147.1,0.01,147100.0,10.0,3.2489399E7,1043340.0,161919.0,99.79209979209979,73.4927234927235,?,?
DatasetClassiRealeseNormalized,4,10,weka.classifiers.meta.FilteredClassifier,'-F \"weka.filters.MultiFilter -F \\\"weka.filters.supervised.attribute.AttributeSelection -E \\\\\\\"weka.attributeSelection.WrapperSubsetEval -B weka.classifiers.trees.RandomForest -F 5 -T 0.01 -R 1 -E AUC -- -P 100 -I 100 -num-slots 1 -K 0 -M 1.0 -V 0.001 -S 1\\\\\\\" -S \\\\\\\"weka.attributeSelection.GreedyStepwise -B -T -1.7976931348623157E308 -N -1 -num-slots 1\\\\\\\"\\\" -F \\\"weka.filters.supervised.instance.Resample -B 1.0 -S 1 -Z 173.0\\\" -S 1\" -S 1 -W weka.classifiers.trees.RandomForest -- -P 100 -I 100 -num-slots 1 -K 0 -M 1.0 -V 0.001 -S 1',-4523450618538717400,2.02605182333E7,4330.0,481.0,454.0,27.0,0.0,94.38669438669439,5.613305613305613,0.0,0.7759510049167603,0.1031207548179302,0.19698352550107787,44.71132387969486,57.99852539927423,272.1308087156738,99.85153226898466,172.27927644668915,0.565760517080403,0.20759154317876227,0.35816897390164065,122.12874739501045,0.2539059197401465,44.87869196854235,0.9520383693045563,397.0,0.109375,7.0,0.890625,57.0,0.047961630695443645,20.0,0.9826732673267327,0.9520383693045563,0.9671132764920828,0.7805057103918547,0.9871103117505995,0.9979918553650519,0.9438669438669439,0.10120357456238752,0.8987964254376125,0.056133056133056136,0.9504186608147004,0.9438669438669439,0.9460102227614602,0.7805057103918547,0.9871103117505996,0.9891898256734867,0.8878119573949776,0.9438669438669439,216.138,0.007,213.5,0.01,213500.0,10.0,2.8711346E7,1043340.0,161919.0,99.79209979209979,71.51767151767152,?,?
DatasetClassiRealeseNormalized,5,1,weka.classifiers.meta.FilteredClassifier,'-F \"weka.filters.MultiFilter -F \\\"weka.filters.supervised.attribute.AttributeSelection -E \\\\\\\"weka.attributeSelection.WrapperSubsetEval -B weka.classifiers.trees.RandomForest -F 5 -T 0.01 -R 1 -E AUC -- -P 100 -I 100 -num-slots 1 -K 0 -M 1.0 -V 0.001 -S 1\\\\\\\" -S \\\\\\\"weka.attributeSelection.GreedyStepwise -B -T -1.7976931348623157E308 -N -1 -num-slots 1\\\\\\\"\\\" -F \\\"weka.filters.supervised.instance.Resample -B 1.0 -S 1 -Z 173.0\\\" -S 1\" -S 1 -W weka.classifiers.trees.RandomForest -- -P 100 -I 100 -num-slots 1 -K 0 -M 1.0 -V 0.001 -S 1',-4523450618538717400,2.02605182336E7,4329.0,482.0,464.0,18.0,0.0,96.2655601659751,3.7344398340248963,0.0,0.8440353778672612,0.1055452738926247,0.18216893977176904,45.798313853672674,53.683788197061396,272.3366817903761,93.71440895123602,178.62227283914007,0.565013862635635,0.19442823433866396,0.3705856282969711,117.44912749244486,0.24367038898847482,43.126444340997075,0.9712918660287081,406.0,0.09375,6.0,0.90625,58.0,0.028708133971291867,12.0,0.9854368932038835,0.9712918660287081,0.9783132530120482,0.8451783135253793,0.9887858851674641,0.998200752579518,0.9626556016597511,0.08511373563104291,0.9148862643689571,0.03734439834024896,0.9646082837921052,0.9626556016597511,0.9633566905262718,0.8451783135253794,0.988785885167464,0.9920212359339495,0.9219924474015464,0.9626556016597511,149.888,0.007,147.86,0.01,147860.0,10.0,3.284745E7,1043111.0,162148.0,100.0,74.79253112033194,?,?
DatasetClassiRealeseNormalized,5,2,weka.classifiers.meta.FilteredClassifier,'-F \"weka.filters.MultiFilter -F \\\"weka.filters.supervised.attribute.AttributeSelection -E \\\\\\\"weka.attributeSelection.WrapperSubsetEval -B weka.classifiers.trees.RandomForest -F 5 -T 0.01 -R 1 -E AUC -- -P 100 -I 100 -num-slots 1 -K 0 -M 1.0 -V 0.001 -S 1\\\\\\\" -S \\\\\\\"weka.attributeSelection.GreedyStepwise -B -T -1.7976931348623157E308 -N -1 -num-slots 1\\\\\\\"\\\" -F \\\"weka.filters.supervised.instance.Resample -B 1.0 -S 1 -Z 173.0\\\" -S 1\" -S 1 -W weka.classifiers.trees.RandomForest -- -P 100 -I 100 -num-slots 1 -K 0 -M 1.0 -V 0.001 -S 1',-4523450618538717400,2.02605182338E7,4330.0,481.0,459.0,22.0,0.0,95.42619542619542,4.573804573804574,0.0,0.8068907624365853,0.10650845110733413,0.20939367370385023,46.453237670825075,62.064153246483954,269.42867131105754,118.75620266527068,150.67246864578686,0.5601427677984564,0.24689439223548998,0.3132483755629665,119.7900589625112,0.2490437816268424,44.460768922477676,0.9665071770334929,404.0,0.12698412698412698,8.0,0.873015873015873,55.0,0.03349282296650718,14.0,0.9805825242718447,0.9665071770334929,0.9734939759036145,0.8080121418932154,0.9651780967570441,0.994057443932087,0.9542619542619543,0.11473890421258842,0.8852610957874116,0.04573804573804574,0.9565506994802055,0.9542619542619543,0.9551361370638479,0.8080121418932155,0.9651780967570441,0.9747981525441177,0.9034136546184739,0.9542619542619543,148.486,0.007,147.2,0.0,147200.0,0.0,3.1602168E7,1043340.0,161919.0,99.16839916839916,70.27027027027027,?,?
DatasetClassiRealeseNormalized,5,3,weka.classifiers.meta.FilteredClassifier,'-F \"weka.filters.MultiFilter -F \\\"weka.filters.supervised.attribute.AttributeSelection -E \\\\\\\"weka.attributeSelection.WrapperSubsetEval -B weka.classifiers.trees.RandomForest -F 5 -T 0.01 -R 1 -E AUC -- -P 100 -I 100 -num-slots 1 -K 0 -M 1.0 -V 0.001 -S 1\\\\\\\" -S \\\\\\\"weka.attributeSelection.GreedyStepwise -B -T -1.7976931348623157E308 -N -1 -num-slots 1\\\\\\\"\\\" -F \\\"weka.filters.supervised.instance.Resample -B 1.0 -S 1 -Z 173.0\\\" -S 1\" -S 1 -W weka.classifiers.trees.RandomForest -- -P 100 -I 100 -num-slots 1 -K 0 -M 1.0 -V 0.001 -S 1',-4523450618538717400,2.02605182341E7,4330.0,481.0,459.0,22.0,0.0,95.42619542619542,4.573804573804574,0.0,0.8140442132639791,0.10786045049775798,0.1956766844174776,46.76637156632335,57.613747760701656,272.1308087156738,103.28784473648498,168.84296397918882,0.565760517080403,0.21473564394279623,0.3510248731376067,117.72440986991899,0.24474929286885444,43.26022857372211,0.9616306954436451,401.0,0.09375,6.0,0.90625,58.0,0.03836930455635491,16.0,0.9852579852579852,0.9616306954436451,0.9733009708737864,0.8169678728941436,0.9847497002398081,0.99761724825274,0.9542619542619543,0.08638125881830917,0.9136187411816908,0.04573804573804574,0.9584506070992557,0.9542619542619543,0.9556415931468697,0.8169678728941436,0.9847497002398081,0.9867198297768649,0.906940340509357,0.9542619542619543,148.806,0.007,147.0,0.01,147000.0,10.0,3.1281208E7,1043340.0,161919.0,99.79209979209979,72.24532224532224,?,?
DatasetClassiRealeseNormalized,5,4,weka.classifiers.meta.FilteredClassifier,'-F \"weka.filters.MultiFilter -F \\\"weka.filters.supervised.attribute.AttributeSelection -E \\\\\\\"weka.attributeSelection.WrapperSubsetEval -B weka.classifiers.trees.RandomForest -F 5 -T 0.01 -R 1 -E AUC -- -P 100 -I 100 -num-slots 1 -K 0 -M 1.0 -V 0.001 -S 1\\\\\\\" -S \\\\\\\"weka.attributeSelection.GreedyStepwise -B -T -1.7976931348623157E308 -N -1 -num-slots 1\\\\\\\"\\\" -F \\\"weka.filters.supervised.instance.Resample -B 1.0 -S 1 -Z 173.0\\\" -S 1\" -S 1 -W weka.classifiers.trees.RandomForest -- -P 100 -I 100 -num-slots 1 -K 0 -M 1.0 -V 0.001 -S 1',-4523450618538717400,2.02605182342E7,4330.0,481.0,458.0,23.0,0.0,95.21829521829522,4.781704781704781,0.0,0.8067901989206939,0.10650341732983211,0.19602211190295984,46.177986138057726,57.71545314311568,272.1308087156738,103.24023462507168,168.89057409060214,0.565760517080403,0.21463666242218643,0.3511238546582165,121.18423384935944,0.2519422741150924,44.5316112575752,0.9592326139088729,400.0,0.09375,6.0,0.90625,58.0,0.0407673860911271,17.0,0.9852216748768473,0.9592326139088729,0.9720534629404618,0.8102568551387972,0.9869604316546763,0.998074512320697,0.9521829521829522,0.08670033827407927,0.9132996617259207,0.04781704781704782,0.9570286315113902,0.9521829521829522,0.9537554386457767,0.8102568551387971,0.9869604316546763,0.9845244145502541,0.9032929185205906,0.9521829521829522,78.236,0.008,77.47,0.01,77470.0,10.0,3.133925E7,1043340.0,161919.0,99.58419958419958,72.14137214137214,?,?
DatasetClassiRealeseNormalized,5,5,weka.classifiers.meta.FilteredClassifier,'-F \"weka.filters.MultiFilter -F \\\"weka.filters.supervised.attribute.AttributeSelection -E \\\\\\\"weka.attributeSelection.WrapperSubsetEval -B weka.classifiers.trees.RandomForest -F 5 -T 0.01 -R 1 -E AUC -- -P 100 -I 100 -num-slots 1 -K 0 -M 1.0 -V 0.001 -S 1\\\\\\\" -S \\\\\\\"weka.attributeSelection.GreedyStepwise -B -T -1.7976931348623157E308 -N -1 -num-slots 1\\\\\\\"\\\" -F \\\"weka.filters.supervised.instance.Resample -B 1.0 -S 1 -Z 173.0\\\" -S 1\" -S 1 -W weka.classifiers.trees.RandomForest -- -P 100 -I 100 -num-slots 1 -K 0 -M 1.0 -V 0.001 -S 1',-4523450618538717400,2.0260518234500002E7,4330.0,481.0,468.0,13.0,0.0,97.29729729729729,2.7027027027027026,0.0,0.8865998077655467,0.09330692825635001,0.167168154528086,40.456223355375684,49.21988492024397,272.1308087156738,82.9683914219836,189.16241729369023,0.565760517080403,0.17249145825776216,0.3932690588226408,140.9241183822699,0.29298153509827424,51.785433280180136,0.9784172661870504,408.0,0.0625,4.0,0.9375,60.0,0.02158273381294964,9.0,0.9902912621359223,0.9784172661870504,0.9843184559710494,0.8874443058816699,0.9942296163069544,0.9991474369364887,0.972972972972973,0.05705570678592261,0.9429442932140774,0.02702702702702703,0.9742279214630417,0.972972972972973,0.9733994948901938,0.8874443058816699,0.9942296163069545,0.9933052660153121,0.9432870475343968,0.972972972972973,149.102,0.006,147.25,0.01,147250.0,10.0,3.3189699E7,1043340.0,161919.0,99.79209979209979,71.51767151767152,?,?
DatasetClassiRealeseNormalized,5,6,weka.classifiers.meta.FilteredClassifier,'-F \"weka.filters.MultiFilter -F \\\"weka.filters.supervised.attribute.AttributeSelection -E \\\\\\\"weka.attributeSelection.WrapperSubsetEval -B weka.classifiers.trees.RandomForest -F 5 -T 0.01 -R 1 -E AUC -- -P 100 -I 100 -num-slots 1 -K 0 -M 1.0 -V 0.001 -S 1\\\\\\\" -S \\\\\\\"weka.attributeSelection.GreedyStepwise -B -T -1.7976931348623157E308 -N -1 -num-slots 1\\\\\\\"\\\" -F \\\"weka.filters.supervised.instance.Resample -B 1.0 -S 1 -Z 173.0\\\" -S 1\" -S 1 -W weka.classifiers.trees.RandomForest -- -P 100 -I 100 -num-slots 1 -K 0 -M 1.0 -V 0.001 -S 1',-4523450618538717400,2.02605182349E7,4330.0,481.0,466.0,15.0,0.0,96.88149688149689,3.1185031185031185,0.0,0.8708077425824129,0.1093710548839449,0.1834447400259717,47.421342741467875,54.01225501825715,272.1308087156738,96.3634960754219,175.76731264025193,0.565760517080403,0.20033990868071083,0.36542060839969215,110.78728453434265,0.23032699487389324,40.711040788510935,0.973621103117506,406.0,0.0625,4.0,0.9375,60.0,0.026378896882494004,11.0,0.9902439024390244,0.973621103117506,0.9818621523579202,0.8723946980698476,0.9872601918465228,0.997866502016592,0.9688149688149689,0.05769386569746282,0.9423061343025372,0.031185031185031187,0.9709276805807208,0.9688149688149689,0.9694914894431217,0.8723946980698475,0.9872601918465228,0.9919618361337553,0.9353755206234045,0.9688149688149689,278.326,0.007,274.43,0.01,274430.0,10.0,3.4888517E7,1043340.0,161919.0,100.0,74.63617463617463,?,?
DatasetClassiRealeseNormalized,5,7,weka.classifiers.meta.FilteredClassifier,'-F \"weka.filters.MultiFilter -F \\\"weka.filters.supervised.attribute.AttributeSelection -E \\\\\\\"weka.attributeSelection.WrapperSubsetEval -B weka.classifiers.trees.RandomForest -F 5 -T 0.01 -R 1 -E AUC -- -P 100 -I 100 -num-slots 1 -K 0 -M 1.0 -V 0.001 -S 1\\\\\\\" -S \\\\\\\"weka.attributeSelection.GreedyStepwise -B -T -1.7976931348623157E308 -N -1 -num-slots 1\\\\\\\"\\\" -F \\\"weka.filters.supervised.instance.Resample -B 1.0 -S 1 -Z 173.0\\\" -S 1\" -S 1 -W weka.classifiers.trees.RandomForest -- -P 100 -I 100 -num-slots 1 -K 0 -M 1.0 -V 0.001 -S 1',-4523450618538717400,2.02605182353E7,4330.0,481.0,457.0,24.0,0.0,95.01039501039502,4.98960498960499,0.0,0.7971391417425228,0.11825792161096603,0.2065222150966189,51.274529980148145,60.80703402645763,272.1308087156738,111.22488695823645,160.90592175743737,0.565760517080403,0.2312367712229448,0.33452374585745814,101.89980408948537,0.21184990455194463,37.44515535392824,0.9592326139088729,400.0,0.109375,7.0,0.890625,57.0,0.0407673860911271,17.0,0.9828009828009828,0.9592326139088729,0.9708737864077671,0.8000020863963418,0.9774430455635491,0.9964496165612879,0.9501039501039501,0.1002463361950772,0.8997536638049228,0.0498960498960499,0.9545224680359815,0.9501039501039501,0.951609010705676,0.8000020863963418,0.9774430455635492,0.981383625775441,0.8984803714647531,0.9501039501039501,213.077,0.007,209.98,0.01,209980.0,10.0,3.1126019E7,1043340.0,161919.0,100.0,74.53222453222453,?,?
DatasetClassiRealeseNormalized,5,8,weka.classifiers.meta.FilteredClassifier,'-F \"weka.filters.MultiFilter -F \\\"weka.filters.supervised.attribute.AttributeSelection -E \\\\\\\"weka.attributeSelection.WrapperSubsetEval -B weka.classifiers.trees.RandomForest -F 5 -T 0.01 -R 1 -E AUC -- -P 100 -I 100 -num-slots 1 -K 0 -M 1.0 -V 0.001 -S 1\\\\\\\" -S \\\\\\\"weka.attributeSelection.GreedyStepwise -B -T -1.7976931348623157E308 -N -1 -num-slots 1\\\\\\\"\\\" -F \\\"weka.filters.supervised.instance.Resample -B 1.0 -S 1 -Z 173.0\\\" -S 1\" -S 1 -W weka.classifiers.trees.RandomForest -- -P 100 -I 100 -num-slots 1 -K 0 -M 1.0 -V 0.001 -S 1',-4523450618538717400,2.02605182355E7,4330.0,481.0,458.0,23.0,0.0,95.21829521829522,4.781704781704781,0.0,0.8067901989206939,0.09931363011473221,0.18560042328507903,43.06062237003645,54.646960128433705,272.1308087156738,90.85875313268893,181.27205558298488,0.565760517080403,0.18889553665839695,0.376864980422006,135.41061155949276,0.2815189429511284,49.75938306969561,0.9592326139088729,400.0,0.09375,6.0,0.90625,58.0,0.0407673860911271,17.0,0.9852216748768473,0.9592326139088729,0.9720534629404618,0.8102568551387972,0.9903327338129496,0.9985214041796673,0.9521829521829522,0.08670033827407927,0.9132996617259207,0.04781704781704782,0.9570286315113902,0.9521829521829522,0.9537554386457767,0.8102568551387971,0.9903327338129496,0.9915743773443906,0.9032929185205906,0.9521829521829522,148.223,0.007,146.57,0.01,146570.0,10.0,2.980184E7,1043340.0,161919.0,100.0,71.93347193347194,?,?
DatasetClassiRealeseNormalized,5,9,weka.classifiers.meta.FilteredClassifier,'-F \"weka.filters.MultiFilter -F \\\"weka.filters.supervised.attribute.AttributeSelection -E \\\\\\\"weka.attributeSelection.WrapperSubsetEval -B weka.classifiers.trees.RandomForest -F 5 -T 0.01 -R 1 -E AUC -- -P 100 -I 100 -num-slots 1 -K 0 -M 1.0 -V 0.001 -S 1\\\\\\\" -S \\\\\\\"weka.attributeSelection.GreedyStepwise -B -T -1.7976931348623157E308 -N -1 -num-slots 1\\\\\\\"\\\" -F \\\"weka.filters.supervised.instance.Resample -B 1.0 -S 1 -Z 173.0\\\" -S 1\" -S 1 -W weka.classifiers.trees.RandomForest -- -P 100 -I 100 -num-slots 1 -K 0 -M 1.0 -V 0.001 -S 1',-4523450618538717400,2.02605182358E7,4330.0,481.0,459.0,22.0,0.0,95.42619542619542,4.573804573804574,0.0,0.8163229882663333,0.1095556642710172,0.19532544582094524,47.501386085906105,57.51033139321423,272.1308087156738,100.66259322459707,171.46821549107676,0.565760517080403,0.20927774059167792,0.35648277648872506,113.75966894374307,0.23650658824063006,41.80330388927069,0.9592326139088729,400.0,0.078125,5.0,0.921875,59.0,0.0407673860911271,17.0,0.9876543209876543,0.9592326139088729,0.9732360097323601,0.8204510229905794,0.9836255995203836,0.9973323280383992,0.9542619542619543,0.07315434035308135,0.9268456596469187,0.04573804573804574,0.9595344332186437,0.9542619542619543,0.9558883018737033,0.8204510229905794,0.9836255995203836,0.9887392640091422,0.9080465762947516,0.9542619542619543,148.136,0.007,146.17,0.01,146170.0,10.0,3.2730261E7,1043340.0,161919.0,100.0,71.93347193347194,?,?
DatasetClassiRealeseNormalized,5,10,weka.classifiers.meta.FilteredClassifier,'-F \"weka.filters.MultiFilter -F \\\"weka.filters.supervised.attribute.AttributeSelection -E \\\\\\\"weka.attributeSelection.WrapperSubsetEval -B weka.classifiers.trees.RandomForest -F 5 -T 0.01 -R 1 -E AUC -- -P 100 -I 100 -num-slots 1 -K 0 -M 1.0 -V 0.001 -S 1\\\\\\\" -S \\\\\\\"weka.attributeSelection.GreedyStepwise -B -T -1.7976931348623157E308 -N -1 -num-slots 1\\\\\\\"\\\" -F \\\"weka.filters.supervised.instance.Resample -B 1.0 -S 1 -Z 173.0\\\" -S 1\" -S 1 -W weka.classifiers.trees.RandomForest -- -P 100 -I 100 -num-slots 1 -K 0 -M 1.0 -V 0.001 -S 1',-4523450618538717400,2.02605190001E7,4330.0,481.0,462.0,19.0,0.0,96.04989604989605,3.95010395010395,0.0,0.8383993775750183,0.11087496960300677,0.19111875715049564,48.07341339601398,56.271741825486274,272.1308087156738,99.9075812162928,172.22322749938104,0.565760517080403,0.20770806905674177,0.3580524480236612,108.61441777117959,0.2258096003558827,39.91257670669015,0.9664268585131894,403.0,0.078125,5.0,0.921875,59.0,0.03357314148681055,14.0,0.9877450980392157,0.9664268585131894,0.9769696969696969,0.8408665445769333,0.9905200839328537,0.9985851034246848,0.9604989604989606,0.07219710198577105,0.927802898014229,0.0395010395010395,0.9638580733463893,0.9604989604989606,0.9615809796831695,0.8408665445769333,0.9905200839328537,0.9902904363531675,0.9191417827914178,0.9604989604989606,213.382,0.008,211.69,0.0,211690.0,0.0,3.4082724E7,1043340.0,161919.0,100.0,72.97297297297297,?,?
DatasetClassiRealeseNormalized,6,1,weka.classifiers.meta.FilteredClassifier,'-F \"weka.filters.MultiFilter -F \\\"weka.filters.supervised.attribute.AttributeSelection -E \\\\\\\"weka.attributeSelection.WrapperSubsetEval -B weka.classifiers.trees.RandomForest -F 5 -T 0.01 -R 1 -E AUC -- -P 100 -I 100 -num-slots 1 -K 0 -M 1.0 -V 0.001 -S 1\\\\\\\" -S \\\\\\\"weka.attributeSelection.GreedyStepwise -B -T -1.7976931348623157E308 -N -1 -num-slots 1\\\\\\\"\\\" -F \\\"weka.filters.supervised.instance.Resample -B 1.0 -S 1 -Z 173.0\\\" -S 1\" -S 1 -W weka.classifiers.trees.RandomForest -- -P 100 -I 100 -num-slots 1 -K 0 -M 1.0 -V 0.001 -S 1',-4523450618538717400,2.02605190006E7,4329.0,482.0,450.0,32.0,0.0,93.3609958506224,6.639004149377594,0.0,0.7483521503622006,0.12379806315217033,0.22223488988056345,53.718582951311824,65.4909161424142,272.3366817903761,123.83335231919757,148.50332947117852,0.565013862635635,0.25691566871202814,0.3080981939236069,87.30000996853664,0.18112035263181875,32.0559130685647,0.9354066985645934,391.0,0.078125,5.0,0.921875,59.0,0.0645933014354067,27.0,0.9873737373737373,0.9354066985645934,0.9606879606879607,0.7598097491556166,0.9775343899521531,0.9964017192701108,0.9336099585062241,0.07632825994163077,0.9236717400583693,0.06639004149377593,0.9473634833327973,0.9336099585062241,0.9375813988262122,0.7598097491556166,0.977534389952153,0.9819149535214532,0.8736773136773137,0.9336099585062241,278.247,0.007,274.87,0.01,274870.0,10.0,3.1127002E7,1043111.0,162148.0,99.79253112033194,72.61410788381743,?,?
DatasetClassiRealeseNormalized,6,2,weka.classifiers.meta.FilteredClassifier,'-F \"weka.filters.MultiFilter -F \\\"weka.filters.supervised.attribute.AttributeSelection -E \\\\\\\"weka.attributeSelection.WrapperSubsetEval -B weka.classifiers.trees.RandomForest -F 5 -T 0.01 -R 1 -E AUC -- -P 100 -I 100 -num-slots 1 -K 0 -M 1.0 -V 0.001 -S 1\\\\\\\" -S \\\\\\\"weka.attributeSelection.GreedyStepwise -B -T -1.7976931348623157E308 -N -1 -num-slots 1\\\\\\\"\\\" -F \\\"weka.filters.supervised.instance.Resample -B 1.0 -S 1 -Z 173.0\\\" -S 1\" -S 1 -W weka.classifiers.trees.RandomForest -- -P 100 -I 100 -num-slots 1 -K 0 -M 1.0 -V 0.001 -S 1',-4523450618538717400,2.02605190011E7,4330.0,481.0,464.0,17.0,0.0,96.46569646569647,3.5343035343035343,0.0,0.8498062193486768,0.10634944053699069,0.19127922601494832,46.38388584250026,56.695042339487365,269.42867131105754,101.91571061053168,167.51296070052587,0.5601427677984564,0.2118829742422696,0.34825979355618686,117.40430236523058,0.24408378870110306,43.57528164836116,0.9736842105263158,407.0,0.09523809523809523,6.0,0.9047619047619048,57.0,0.02631578947368421,11.0,0.9854721549636803,0.9736842105263158,0.9795427196149218,0.8506365903130795,0.9850763271815903,0.9977502896046566,0.9646569646569647,0.0862108493687441,0.913789150631256,0.035343035343035345,0.9661874933559879,0.9646569646569647,0.9652251232431461,0.8506365903130794,0.9850763271815903,0.9852591137802007,0.9248858636242547,0.9646569646569647,277.321,0.007,275.58,0.01,275580.0,10.0,3.127819E7,1043340.0,161919.0,99.79209979209979,73.28482328482329,?,?
DatasetClassiRealeseNormalized,6,3,weka.classifiers.meta.FilteredClassifier,'-F \"weka.filters.MultiFilter -F \\\"weka.filters.supervised.attribute.AttributeSelection -E \\\\\\\"weka.attributeSelection.WrapperSubsetEval -B weka.classifiers.trees.RandomForest -F 5 -T 0.01 -R 1 -E AUC -- -P 100 -I 100 -num-slots 1 -K 0 -M 1.0 -V 0.001 -S 1\\\\\\\" -S \\\\\\\"weka.attributeSelection.GreedyStepwise -B -T -1.7976931348623157E308 -N -1 -num-slots 1\\\\\\\"\\\" -F \\\"weka.filters.supervised.instance.Resample -B 1.0 -S 1 -Z 173.0\\\" -S 1\" -S 1 -W weka.classifiers.trees.RandomForest -- -P 100 -I 100 -num-slots 1 -K 0 -M 1.0 -V 0.001 -S 1',-4523450618538717400,2.02605190013E7,4330.0,481.0,462.0,19.0,0.0,96.04989604989605,3.95010395010395,0.0,0.8321116928446773,0.10501981247133842,0.19635642067743003,45.53472147756605,57.813884805854926,272.1308087156738,102.18797526762994,169.94283344804387,0.565760517080403,0.21244901303041566,0.35331150404998724,122.56500510406613,0.2548129004242539,45.039003735929,0.973621103117506,406.0,0.125,8.0,0.875,56.0,0.026378896882494004,11.0,0.9806763285024155,0.973621103117506,0.9771359807460891,0.8324042136752493,0.9794664268585132,0.9967199974991713,0.9604989604989606,0.11187785738145449,0.8881221426185455,0.0395010395010395,0.9614024247379211,0.9604989604989606,0.9608799609626352,0.8324042136752493,0.9794664268585133,0.9842423971151228,0.9160489064035788,0.9604989604989606,147.995,0.007,145.95,0.0,145950.0,0.0,3.1754861E7,1043340.0,161919.0,100.0,70.997920997921,?,?
DatasetClassiRealeseNormalized,6,4,weka.classifiers.meta.FilteredClassifier,'-F \"weka.filters.MultiFilter -F \\\"weka.filters.supervised.attribute.AttributeSelection -E \\\\\\\"weka.attributeSelection.WrapperSubsetEval -B weka.classifiers.trees.RandomForest -F 5 -T 0.01 -R 1 -E AUC -- -P 100 -I 100 -num-slots 1 -K 0 -M 1.0 -V 0.001 -S 1\\\\\\\" -S \\\\\\\"weka.attributeSelection.GreedyStepwise -B -T -1.7976931348623157E308 -N -1 -num-slots 1\\\\\\\"\\\" -F \\\"weka.filters.supervised.instance.Resample -B 1.0 -S 1 -Z 173.0\\\" -S 1\" -S 1 -W weka.classifiers.trees.RandomForest -- -P 100 -I 100 -num-slots 1 -K 0 -M 1.0 -V 0.001 -S 1',-4523450618538717400,2.02605190015E7,4330.0,481.0,460.0,21.0,0.0,95.63409563409563,4.365904365904366,0.0,0.8257396704908136,0.10978460253175988,0.19685347374166115,47.600649640974076,57.96023382005427,272.1308087156738,103.05343903644646,169.07736967922736,0.565760517080403,0.2142483140050862,0.3515122030753168,110.83796450772506,0.23043235864391903,40.72966417541137,0.9592326139088729,400.0,0.0625,4.0,0.9375,60.0,0.0407673860911271,17.0,0.9900990099009901,0.9592326139088729,0.97442143727162,0.830586627288802,0.9871852517985612,0.9980612596805973,0.9563409563409564,0.05960834243208344,0.9403916575679165,0.04365904365904366,0.962040367980962,0.9563409563409564,0.9580079510366913,0.830586627288802,0.9871852517985611,0.987579764095369,0.9127426335294271,0.9563409563409564,147.34,0.008,146.12,0.01,146120.0,10.0,3.4351818E7,1043340.0,161919.0,99.79209979209979,73.18087318087318,?,?
DatasetClassiRealeseNormalized,6,5,weka.classifiers.meta.FilteredClassifier,'-F \"weka.filters.MultiFilter -F \\\"weka.filters.supervised.attribute.AttributeSelection -E \\\\\\\"weka.attributeSelection.WrapperSubsetEval -B weka.classifiers.trees.RandomForest -F 5 -T 0.01 -R 1 -E AUC -- -P 100 -I 100 -num-slots 1 -K 0 -M 1.0 -V 0.001 -S 1\\\\\\\" -S \\\\\\\"weka.attributeSelection.GreedyStepwise -B -T -1.7976931348623157E308 -N -1 -num-slots 1\\\\\\\"\\\" -F \\\"weka.filters.supervised.instance.Resample -B 1.0 -S 1 -Z 173.0\\\" -S 1\" -S 1 -W weka.classifiers.trees.RandomForest -- -P 100 -I 100 -num-slots 1 -K 0 -M 1.0 -V 0.001 -S 1',-4523450618538717400,2.02605190018E7,4330.0,481.0,459.0,22.0,0.0,95.42619542619542,4.573804573804574,0.0,0.8185465893892109,0.10939987708926652,0.1923902012253589,47.433839536699224,56.64609740310188,272.1308087156738,101.01625635364486,171.11455236202897,0.565760517080403,0.21001300697223466,0.35574751010816835,116.8215299278559,0.242872203592216,42.928446977097956,0.9568345323741008,399.0,0.0625,4.0,0.9375,60.0,0.04316546762589928,18.0,0.9900744416873449,0.9568345323741008,0.9731707317073169,0.8240587786897665,0.9836255995203836,0.9971718168993914,0.9542619542619543,0.05992742188785354,0.9400725781121465,0.04573804573804574,0.9606898366203577,0.9542619542619543,0.9561261999255815,0.8240587786897666,0.9836255995203836,0.9898102405876091,0.909120577121264,0.9542619542619543,147.143,0.007,146.16,0.01,146160.0,10.0,3.4956627E7,1043340.0,161919.0,100.0,73.7006237006237,?,?
DatasetClassiRealeseNormalized,6,6,weka.classifiers.meta.FilteredClassifier,'-F \"weka.filters.MultiFilter -F \\\"weka.filters.supervised.attribute.AttributeSelection -E \\\\\\\"weka.attributeSelection.WrapperSubsetEval -B weka.classifiers.trees.RandomForest -F 5 -T 0.01 -R 1 -E AUC -- -P 100 -I 100 -num-slots 1 -K 0 -M 1.0 -V 0.001 -S 1\\\\\\\" -S \\\\\\\"weka.attributeSelection.GreedyStepwise -B -T -1.7976931348623157E308 -N -1 -num-slots 1\\\\\\\"\\\" -F \\\"weka.filters.supervised.instance.Resample -B 1.0 -S 1 -Z 173.0\\\" -S 1\" -S 1 -W weka.classifiers.trees.RandomForest -- -P 100 -I 100 -num-slots 1 -K 0 -M 1.0 -V 0.001 -S 1',-4523450618538717400,2.02605190021E7,4330.0,481.0,457.0,24.0,0.0,95.01039501039502,4.98960498960499,0.0,0.8044185416101924,0.11282586578654631,0.20698623608975641,48.919287257894695,60.943657296286034,272.1308087156738,111.55439424290277,160.57641447277103,0.565760517080403,0.2319218175528124,0.3338386995275905,103.62773638265759,0.2154422793818245,38.08011921609704,0.9520383693045563,397.0,0.0625,4.0,0.9375,60.0,0.047961630695443645,20.0,0.9900249376558603,0.9520383693045563,0.9706601466992664,0.8113449181988508,0.9838504196642686,0.9975377426877596,0.9501039501039501,0.060565580799393746,0.9394344192006063,0.0498960498960499,0.9580881476143321,0.9501039501039501,0.952387971947874,0.8113449181988508,0.9838504196642686,0.9839761629854866,0.9019967400162998,0.9501039501039501,213.667,0.007,212.24,0.0,212240.0,0.0,3.0919395E7,1043340.0,161919.0,99.58419958419958,71.72557172557173,?,?
DatasetClassiRealeseNormalized,6,7,weka.classifiers.meta.FilteredClassifier,'-F \"weka.filters.MultiFilter -F \\\"weka.filters.supervised.attribute.AttributeSelection -E \\\\\\\"weka.attributeSelection.WrapperSubsetEval -B weka.classifiers.trees.RandomForest -F 5 -T 0.01 -R 1 -E AUC -- -P 100 -I 100 -num-slots 1 -K 0 -M 1.0 -V 0.001 -S 1\\\\\\\" -S \\\\\\\"weka.attributeSelection.GreedyStepwise -B -T -1.7976931348623157E308 -N -1 -num-slots 1\\\\\\\"\\\" -F \\\"weka.filters.supervised.instance.Resample -B 1.0 -S 1 -Z 173.0\\\" -S 1\" -S 1 -W weka.classifiers.trees.RandomForest -- -P 100 -I 100 -num-slots 1 -K 0 -M 1.0 -V 0.001 -S 1',-4523450618538717400,2.02605190024E7,4330.0,481.0,462.0,19.0,0.0,96.04989604989605,3.95010395010395,0.0,0.8403919034562254,0.09893410542691276,0.18713110837504643,42.89606722042184,55.09764491460014,272.1308087156738,91.47262141813196,180.65818729754187,0.565760517080403,0.19017177010006645,0.3755887469803365,128.08923991659995,0.2662977960844074,47.06899616442526,0.9640287769784173,402.0,0.0625,4.0,0.9375,60.0,0.03597122302158273,15.0,0.9901477832512315,0.9640287769784173,0.976913730255164,0.844002941148128,0.9890962230215827,0.9982851395712601,0.9604989604989606,0.058970183520543236,0.9410298164794568,0.0395010395010395,0.9648474545026269,0.9604989604989606,0.9617979710552068,0.844002941148128,0.9890962230215827,0.9912466429833515,0.9201115413865748,0.9604989604989606,148.857,0.006,147.88,0.01,147880.0,10.0,2.8795719E7,1043340.0,161919.0,100.0,70.27027027027027,?,?
DatasetClassiRealeseNormalized,6,8,weka.classifiers.meta.FilteredClassifier,'-F \"weka.filters.MultiFilter -F \\\"weka.filters.supervised.attribute.AttributeSelection -E \\\\\\\"weka.attributeSelection.WrapperSubsetEval -B weka.classifiers.trees.RandomForest -F 5 -T 0.01 -R 1 -E AUC -- -P 100 -I 100 -num-slots 1 -K 0 -M 1.0 -V 0.001 -S 1\\\\\\\" -S \\\\\\\"weka.attributeSelection.GreedyStepwise -B -T -1.7976931348623157E308 -N -1 -num-slots 1\\\\\\\"\\\" -F \\\"weka.filters.supervised.instance.Resample -B 1.0 -S 1 -Z 173.0\\\" -S 1\" -S 1 -W weka.classifiers.trees.RandomForest -- -P 100 -I 100 -num-slots 1 -K 0 -M 1.0 -V 0.001 -S 1',-4523450618538717400,2.02605190026E7,4330.0,481.0,465.0,16.0,0.0,96.67359667359668,3.3264033264033266,0.0,0.8647594278283485,0.09723242685967878,0.16935566653540193,42.15824968123618,49.8639614763661,272.1308087156738,84.81569173757313,187.3151169781007,0.565760517080403,0.176331999454414,0.38942851762598896,135.55786290269097,0.2818250787997733,49.81349357041148,0.9688249400479616,404.0,0.046875,3.0,0.953125,61.0,0.03117505995203837,13.0,0.9926289926289926,0.9688249400479616,0.9805825242718447,0.8678652323875488,0.9932179256594724,0.9989368455602378,0.9667359667359667,0.04478602668800511,0.9552139733119949,0.033264033264033266,0.9702350242890784,0.9667359667359667,0.9677393404704507,0.8678652323875488,0.9932179256594724,0.9942640665645593,0.9323202476431687,0.9667359667359667,147.137,0.008,146.1,0.01,146100.0,10.0,3.0888139E7,1043340.0,161919.0,100.0,73.38877338877339,?,?
DatasetClassiRealeseNormalized,6,9,weka.classifiers.meta.FilteredClassifier,'-F \"weka.filters.MultiFilter -F \\\"weka.filters.supervised.attribute.AttributeSelection -E \\\\\\\"weka.attributeSelection.WrapperSubsetEval -B weka.classifiers.trees.RandomForest -F 5 -T 0.01 -R 1 -E AUC -- -P 100 -I 100 -num-slots 1 -K 0 -M 1.0 -V 0.001 -S 1\\\\\\\" -S \\\\\\\"weka.attributeSelection.GreedyStepwise -B -T -1.7976931348623157E308 -N -1 -num-slots 1\\\\\\\"\\\" -F \\\"weka.filters.supervised.instance.Resample -B 1.0 -S 1 -Z 173.0\\\" -S 1\" -S 1 -W weka.classifiers.trees.RandomForest -- -P 100 -I 100 -num-slots 1 -K 0 -M 1.0 -V 0.001 -S 1',-4523450618538717400,2.02605190029E7,4330.0,481.0,461.0,20.0,0.0,95.84199584199584,4.158004158004158,0.0,0.8288256227758007,0.10902849581397593,0.18896798189306546,47.27281522581546,55.638481794837105,272.1308087156738,100.21064127351484,171.92016744215897,0.565760517080403,0.20833813154576888,0.357422385534634,115.77841000844049,0.2407035551111029,42.54513134872848,0.9664268585131894,403.0,0.09375,6.0,0.90625,58.0,0.03357314148681055,14.0,0.9853300733496333,0.9664268585131894,0.9757869249394673,0.8307752921676284,0.9851244004796164,0.9976553132362185,0.9584199584199584,0.08574309990676897,0.914256900093231,0.04158004158004158,0.9614099711899223,0.9584199584199584,0.9594415446858119,0.8307752921676284,0.9851244004796164,0.988180506094938,0.9143640507050277,0.9584199584199584,147.471,0.008,146.29,0.01,146290.0,10.0,3.4293371E7,1043340.0,161919.0,100.0,75.67567567567568,?,?
DatasetClassiRealeseNormalized,6,10,weka.classifiers.meta.FilteredClassifier,'-F \"weka.filters.MultiFilter -F \\\"weka.filters.supervised.attribute.AttributeSelection -E \\\\\\\"weka.attributeSelection.WrapperSubsetEval -B weka.classifiers.trees.RandomForest -F 5 -T 0.01 -R 1 -E AUC -- -P 100 -I 100 -num-slots 1 -K 0 -M 1.0 -V 0.001 -S 1\\\\\\\" -S \\\\\\\"weka.attributeSelection.GreedyStepwise -B -T -1.7976931348623157E308 -N -1 -num-slots 1\\\\\\\"\\\" -F \\\"weka.filters.supervised.instance.Resample -B 1.0 -S 1 -Z 173.0\\\" -S 1\" -S 1 -W weka.classifiers.trees.RandomForest -- -P 100 -I 100 -num-slots 1 -K 0 -M 1.0 -V 0.001 -S 1',-4523450618538717400,2.02605190032E7,4330.0,481.0,464.0,17.0,0.0,96.46569646569647,3.5343035343035343,0.0,0.8517074409241765,0.09819505834504667,0.18362817794505662,42.575629559758866,54.066265264962674,272.1308087156738,93.31233553330398,178.81847318236984,0.565760517080403,0.19399653957027854,0.3717639775101244,130.87222455769356,0.27208362693907184,48.09166046848842,0.973621103117506,406.0,0.09375,6.0,0.90625,58.0,0.026378896882494004,11.0,0.9854368932038835,0.973621103117506,0.9794933655006033,0.8525187035965216,0.9887589928057554,0.9983276742669379,0.9646569646569647,0.08478586153945865,0.9152141384605413,0.035343035343035345,0.9661627565806544,0.9646569646569647,0.9652147240871768,0.8525187035965216,0.9887589928057554,0.9863326673340282,0.9258369083142115,0.9646569646569647,214.945,0.007,213.33,0.01,213330.0,10.0,2.644138E7,1043340.0,161919.0,99.79209979209979,69.95841995841995,?,?
DatasetClassiRealeseNormalized,7,1,weka.classifiers.meta.FilteredClassifier,'-F \"weka.filters.MultiFilter -F \\\"weka.filters.supervised.attribute.AttributeSelection -E \\\\\\\"weka.attributeSelection.WrapperSubsetEval -B weka.classifiers.trees.RandomForest -F 5 -T 0.01 -R 1 -E AUC -- -P 100 -I 100 -num-slots 1 -K 0 -M 1.0 -V 0.001 -S 1\\\\\\\" -S \\\\\\\"weka.attributeSelection.GreedyStepwise -B -T -1.7976931348623157E308 -N -1 -num-slots 1\\\\\\\"\\\" -F \\\"weka.filters.supervised.instance.Resample -B 1.0 -S 1 -Z 173.0\\\" -S 1\" -S 1 -W weka.classifiers.trees.RandomForest -- -P 100 -I 100 -num-slots 1 -K 0 -M 1.0 -V 0.001 -S 1',-4523450618538717400,2.02605190036E7,4329.0,482.0,452.0,30.0,0.0,93.7759336099585,6.224066390041494,0.0,0.7465114648341631,0.12292103319713263,0.2272910558792845,53.338021210757226,66.98092945041606,272.3366817903761,128.71286717293248,143.6238146174436,0.565013862635635,0.26703914351230806,0.29797471912332696,99.76450975459292,0.2069803106941762,36.63278449995363,0.9521531100478469,398.0,0.15625,10.0,0.84375,54.0,0.04784688995215311,20.0,0.9754901960784313,0.9521531100478469,0.9636803874092009,0.7491907181875836,0.9663950358851675,0.9947372025389614,0.9377593360995851,0.14185622605173817,0.8581437739482619,0.06224066390041494,0.9428581009615913,0.9377593360995851,0.9396376731510064,0.7491907181875836,0.9663950358851674,0.9714737117067956,0.8731445415306873,0.9377593360995851,211.131,0.007,209.5,0.0,209500.0,0.0,3.236112E7,1043111.0,162148.0,99.37759336099585,73.44398340248962,?,?
DatasetClassiRealeseNormalized,7,2,weka.classifiers.meta.FilteredClassifier,'-F \"weka.filters.MultiFilter -F \\\"weka.filters.supervised.attribute.AttributeSelection -E \\\\\\\"weka.attributeSelection.WrapperSubsetEval -B weka.classifiers.trees.RandomForest -F 5 -T 0.01 -R 1 -E AUC -- -P 100 -I 100 -num-slots 1 -K 0 -M 1.0 -V 0.001 -S 1\\\\\\\" -S \\\\\\\"weka.attributeSelection.GreedyStepwise -B -T -1.7976931348623157E308 -N -1 -num-slots 1\\\\\\\"\\\" -F \\\"weka.filters.supervised.instance.Resample -B 1.0 -S 1 -Z 173.0\\\" -S 1\" -S 1 -W weka.classifiers.trees.RandomForest -- -P 100 -I 100 -num-slots 1 -K 0 -M 1.0 -V 0.001 -S 1',-4523450618538717400,2.0260519004E7,4330.0,481.0,459.0,22.0,0.0,95.42619542619542,4.573804573804574,0.0,0.816405843367223,0.09961703613532774,0.18546727133974214,43.44757441824162,54.97238262755271,269.42867131105754,92.8549897359585,176.57368157509904,0.5601427677984564,0.19304571670677442,0.367097051091682,126.83310088368953,0.2636862804234709,47.07483441406267,0.9569377990430622,400.0,0.06349206349206349,4.0,0.9365079365079365,59.0,0.0430622009569378,18.0,0.9900990099009901,0.9569377990430622,0.97323600973236,0.8220354575655762,0.9923293081187818,0.9988683783753506,0.9542619542619543,0.06081621871095555,0.9391837812890445,0.04573804573804574,0.9607777825599607,0.9542619542619543,0.9561593598089949,0.8220354575655762,0.9923293081187818,0.9925945516837205,0.9080465762947515,0.9542619542619543,214.937,0.007,213.03,0.0,213030.0,0.0,3.1231341E7,1043340.0,161919.0,100.0,71.3097713097713,?,?
DatasetClassiRealeseNormalized,7,3,weka.classifiers.meta.FilteredClassifier,'-F \"weka.filters.MultiFilter -F \\\"weka.filters.supervised.attribute.AttributeSelection -E \\\\\\\"weka.attributeSelection.WrapperSubsetEval -B weka.classifiers.trees.RandomForest -F 5 -T 0.01 -R 1 -E AUC -- -P 100 -I 100 -num-slots 1 -K 0 -M 1.0 -V 0.001 -S 1\\\\\\\" -S \\\\\\\"weka.attributeSelection.GreedyStepwise -B -T -1.7976931348623157E308 -N -1 -num-slots 1\\\\\\\"\\\" -F \\\"weka.filters.supervised.instance.Resample -B 1.0 -S 1 -Z 173.0\\\" -S 1\" -S 1 -W weka.classifiers.trees.RandomForest -- -P 100 -I 100 -num-slots 1 -K 0 -M 1.0 -V 0.001 -S 1',-4523450618538717400,2.02605190043E7,4330.0,481.0,463.0,18.0,0.0,96.25779625779626,3.7422037422037424,0.0,0.8419726947506754,0.10562560449053805,0.19245086702324238,45.79738211481597,56.66395943907905,272.1308087156738,99.87862531692461,172.2521833987492,0.565760517080403,0.20764786968175594,0.35811264739864695,120.50098233066161,0.2505217927872383,44.28053659171049,0.973621103117506,406.0,0.109375,7.0,0.890625,57.0,0.026378896882494004,11.0,0.9830508474576272,0.973621103117506,0.9783132530120482,0.8424923426363251,0.9813024580335732,0.9969338022220214,0.9625779625779626,0.09833185946045657,0.9016681405395435,0.037422037422037424,0.9637822499238252,0.9625779625779626,0.9630547895608137,0.842492342636325,0.9813024580335732,0.9873893182344095,0.920974808324206,0.9625779625779626,214.12,0.006,211.13,0.01,211130.0,10.0,3.1565586E7,1043340.0,161919.0,100.0,73.28482328482329,?,?
DatasetClassiRealeseNormalized,7,4,weka.classifiers.meta.FilteredClassifier,'-F \"weka.filters.MultiFilter -F \\\"weka.filters.supervised.attribute.AttributeSelection -E \\\\\\\"weka.attributeSelection.WrapperSubsetEval -B weka.classifiers.trees.RandomForest -F 5 -T 0.01 -R 1 -E AUC -- -P 100 -I 100 -num-slots 1 -K 0 -M 1.0 -V 0.001 -S 1\\\\\\\" -S \\\\\\\"weka.attributeSelection.GreedyStepwise -B -T -1.7976931348623157E308 -N -1 -num-slots 1\\\\\\\"\\\" -F \\\"weka.filters.supervised.instance.Resample -B 1.0 -S 1 -Z 173.0\\\" -S 1\" -S 1 -W weka.classifiers.trees.RandomForest -- -P 100 -I 100 -num-slots 1 -K 0 -M 1.0 -V 0.001 -S 1',-4523450618538717400,2.02605190048E7,4330.0,481.0,456.0,25.0,0.0,94.8024948024948,5.197505197505198,0.0,0.7873676020723924,0.11818208419181407,0.21183456757517852,51.2416482250069,62.37116792737085,272.1308087156738,112.70550680189068,159.42530191378313,0.565760517080403,0.23431498295611367,0.33144553412428923,86.98507629295803,0.1808421544552142,31.96443530355333,0.9592326139088729,400.0,0.125,8.0,0.875,56.0,0.0407673860911271,17.0,0.9803921568627451,0.9592326139088729,0.9696969696969697,0.7896845973113783,0.9793540167865707,0.9966021395188276,0.9480249480249481,0.11379233411607512,0.8862076658839249,0.05197505197505198,0.9520154258268683,0.9480249480249481,0.9494486574778546,0.7896845973113783,0.9793540167865707,0.9857570509122074,0.893607608936076,0.9480249480249481,273.534,0.008,271.02,0.0,271020.0,0.0,3.0184872E7,1043340.0,161919.0,100.0,73.07692307692308,?,?
DatasetClassiRealeseNormalized,7,5,weka.classifiers.meta.FilteredClassifier,'-F \"weka.filters.MultiFilter -F \\\"weka.filters.supervised.attribute.AttributeSelection -E \\\\\\\"weka.attributeSelection.WrapperSubsetEval -B weka.classifiers.trees.RandomForest -F 5 -T 0.01 -R 1 -E AUC -- -P 100 -I 100 -num-slots 1 -K 0 -M 1.0 -V 0.001 -S 1\\\\\\\" -S \\\\\\\"weka.attributeSelection.GreedyStepwise -B -T -1.7976931348623157E308 -N -1 -num-slots 1\\\\\\\"\\\" -F \\\"weka.filters.supervised.instance.Resample -B 1.0 -S 1 -Z 173.0\\\" -S 1\" -S 1 -W weka.classifiers.trees.RandomForest -- -P 100 -I 100 -num-slots 1 -K 0 -M 1.0 -V 0.001 -S 1',-4523450618538717400,2.0260519005E7,4330.0,481.0,460.0,21.0,0.0,95.63409563409563,4.365904365904366,0.0,0.819130839615378,0.09918170112074426,0.19189116499813458,43.00342030640016,56.49916447951751,272.1308087156738,96.3640034970531,175.76680521862073,0.565760517080403,0.20034096361133702,0.36541955346906596,131.77346672207761,0.2739573112725106,48.42284023039685,0.9664268585131894,403.0,0.109375,7.0,0.890625,57.0,0.03357314148681055,14.0,0.9829268292682927,0.9664268585131894,0.9746070133010882,0.8206236193844227,0.9841876498800959,0.9975687303009565,0.9563409563409564,0.09928909782776689,0.9007109021722332,0.04365904365904366,0.958962098742243,0.9563409563409564,0.9572880852203706,0.8206236193844227,0.9841876498800959,0.9851457395971498,0.9095257288727664,0.9563409563409564,147.979,0.006,146.21,0.0,146210.0,0.0,2.8990697E7,1043340.0,161919.0,99.79209979209979,70.68607068607069,?,?
DatasetClassiRealeseNormalized,7,6,weka.classifiers.meta.FilteredClassifier,'-F \"weka.filters.MultiFilter -F \\\"weka.filters.supervised.attribute.AttributeSelection -E \\\\\\\"weka.attributeSelection.WrapperSubsetEval -B weka.classifiers.trees.RandomForest -F 5 -T 0.01 -R 1 -E AUC -- -P 100 -I 100 -num-slots 1 -K 0 -M 1.0 -V 0.001 -S 1\\\\\\\" -S \\\\\\\"weka.attributeSelection.GreedyStepwise -B -T -1.7976931348623157E308 -N -1 -num-slots 1\\\\\\\"\\\" -F \\\"weka.filters.supervised.instance.Resample -B 1.0 -S 1 -Z 173.0\\\" -S 1\" -S 1 -W weka.classifiers.trees.RandomForest -- -P 100 -I 100 -num-slots 1 -K 0 -M 1.0 -V 0.001 -S 1',-4523450618538717400,2.02605190053E7,4330.0,481.0,471.0,10.0,0.0,97.92099792099792,2.079002079002079,0.0,0.912207052639264,0.08141670296050736,0.14532347480485033,35.30083329695726,42.788082014167124,272.1308087156738,67.85442998753096,204.27637872814284,0.565760517080403,0.14106950101357787,0.424691016066825,161.02532647237678,0.33477198850805984,59.17203099213156,0.9832134292565947,410.0,0.046875,3.0,0.953125,61.0,0.016786570743405275,7.0,0.9927360774818402,0.9832134292565947,0.9879518072289157,0.9127700476973393,0.9976393884892086,0.99963709513653,0.9792099792099792,0.042871549953384484,0.9571284500466155,0.02079002079002079,0.9800056320495004,0.9792099792099792,0.979474883089341,0.9127700476973393,0.9976393884892086,0.9979032402824181,0.9560971157356701,0.9792099792099792,150.323,0.008,147.89,0.0,147890.0,0.0,2.9905785E7,1043340.0,161919.0,100.0,70.47817047817048,?,?
DatasetClassiRealeseNormalized,7,7,weka.classifiers.meta.FilteredClassifier,'-F \"weka.filters.MultiFilter -F \\\"weka.filters.supervised.attribute.AttributeSelection -E \\\\\\\"weka.attributeSelection.WrapperSubsetEval -B weka.classifiers.trees.RandomForest -F 5 -T 0.01 -R 1 -E AUC -- -P 100 -I 100 -num-slots 1 -K 0 -M 1.0 -V 0.001 -S 1\\\\\\\" -S \\\\\\\"weka.attributeSelection.GreedyStepwise -B -T -1.7976931348623157E308 -N -1 -num-slots 1\\\\\\\"\\\" -F \\\"weka.filters.supervised.instance.Resample -B 1.0 -S 1 -Z 173.0\\\" -S 1\" -S 1 -W weka.classifiers.trees.RandomForest -- -P 100 -I 100 -num-slots 1 -K 0 -M 1.0 -V 0.001 -S 1',-4523450618538717400,2.02605190055E7,4330.0,481.0,460.0,21.0,0.0,95.63409563409563,4.365904365904366,0.0,0.8213887857408096,0.11019855389729524,0.19620930626676045,47.7801315852982,57.77056941253909,272.1308087156738,101.74688616107969,170.38392255459414,0.565760517080403,0.21153198786087252,0.3542285292195304,109.53030529929542,0.2277137324309676,40.249138205345304,0.9640287769784173,402.0,0.09375,6.0,0.90625,58.0,0.03597122302158273,15.0,0.9852941176470589,0.9640287769784173,0.9745454545454545,0.823805895488415,0.9858738009592326,0.9977531258194028,0.9563409563409564,0.08606217936253907,0.913937820637461,0.04365904365904366,0.9599105241732155,0.9563409563409564,0.9575368722813978,0.8238058954884151,0.9858738009592326,0.9893963239237127,0.9106303915063039,0.9563409563409564,146.948,0.007,145.75,0.0,145750.0,0.0,3.1688395E7,1043340.0,161919.0,100.0,73.07692307692308,?,?
DatasetClassiRealeseNormalized,7,8,weka.classifiers.meta.FilteredClassifier,'-F \"weka.filters.MultiFilter -F \\\"weka.filters.supervised.attribute.AttributeSelection -E \\\\\\\"weka.attributeSelection.WrapperSubsetEval -B weka.classifiers.trees.RandomForest -F 5 -T 0.01 -R 1 -E AUC -- -P 100 -I 100 -num-slots 1 -K 0 -M 1.0 -V 0.001 -S 1\\\\\\\" -S \\\\\\\"weka.attributeSelection.GreedyStepwise -B -T -1.7976931348623157E308 -N -1 -num-slots 1\\\\\\\"\\\" -F \\\"weka.filters.supervised.instance.Resample -B 1.0 -S 1 -Z 173.0\\\" -S 1\" -S 1 -W weka.classifiers.trees.RandomForest -- -P 100 -I 100 -num-slots 1 -K 0 -M 1.0 -V 0.001 -S 1',-4523450618538717400,2.02605190056E7,4330.0,481.0,459.0,22.0,0.0,95.42619542619542,4.573804573804574,0.0,0.8163229882663333,0.11615297200880871,0.19754124927785832,50.361861297896354,58.162737896492445,272.1308087156738,107.04794290624677,165.08286580942706,0.565760517080403,0.2225528958549829,0.3432076212254201,105.90377670328547,0.22017417194030245,38.9164965198539,0.9592326139088729,400.0,0.078125,5.0,0.921875,59.0,0.0407673860911271,17.0,0.9876543209876543,0.9592326139088729,0.9732360097323601,0.8204510229905794,0.9894709232613909,0.9984254774838289,0.9542619542619543,0.07315434035308135,0.9268456596469187,0.04573804573804574,0.9595344332186437,0.9542619542619543,0.9558883018737033,0.8204510229905794,0.9894709232613909,0.9881920871477857,0.9080465762947516,0.9542619542619543,77.43,0.008,76.79,0.01,76790.0,10.0,3.2071686E7,1043340.0,161919.0,99.79209979209979,76.2993762993763,?,?
DatasetClassiRealeseNormalized,7,9,weka.classifiers.meta.FilteredClassifier,'-F \"weka.filters.MultiFilter -F \\\"weka.filters.supervised.attribute.AttributeSelection -E \\\\\\\"weka.attributeSelection.WrapperSubsetEval -B weka.classifiers.trees.RandomForest -F 5 -T 0.01 -R 1 -E AUC -- -P 100 -I 100 -num-slots 1 -K 0 -M 1.0 -V 0.001 -S 1\\\\\\\" -S \\\\\\\"weka.attributeSelection.GreedyStepwise -B -T -1.7976931348623157E308 -N -1 -num-slots 1\\\\\\\"\\\" -F \\\"weka.filters.supervised.instance.Resample -B 1.0 -S 1 -Z 173.0\\\" -S 1\" -S 1 -W weka.classifiers.trees.RandomForest -- -P 100 -I 100 -num-slots 1 -K 0 -M 1.0 -V 0.001 -S 1',-4523450618538717400,2.02605190059E7,4330.0,481.0,456.0,25.0,0.0,94.8024948024948,5.197505197505198,0.0,0.7925472267747781,0.10544176858437122,0.21030325812984882,45.71767413793144,61.92029931014418,272.1308087156738,110.76087391316713,161.3699348025067,0.565760517080403,0.23027208713756162,0.33548842994284134,113.8035256233822,0.23659776636877797,41.81941991811951,0.9544364508393285,398.0,0.09375,6.0,0.90625,58.0,0.045563549160671464,19.0,0.9851485148514851,0.9544364508393285,0.9695493300852619,0.7971993493575038,0.9737709832134293,0.9956754594463394,0.9480249480249481,0.08733849718561949,0.9126615028143805,0.05197505197505198,0.9542925632034543,0.9480249480249481,0.9500094655198706,0.7971993493575038,0.9737709832134293,0.9821085810816724,0.8961221827731274,0.9480249480249481,146.389,0.006,145.2,0.01,145200.0,10.0,2.7055087E7,1043340.0,161919.0,99.58419958419958,68.81496881496882,?,?
DatasetClassiRealeseNormalized,7,10,weka.classifiers.meta.FilteredClassifier,'-F \"weka.filters.MultiFilter -F \\\"weka.filters.supervised.attribute.AttributeSelection -E \\\\\\\"weka.attributeSelection.WrapperSubsetEval -B weka.classifiers.trees.RandomForest -F 5 -T 0.01 -R 1 -E AUC -- -P 100 -I 100 -num-slots 1 -K 0 -M 1.0 -V 0.001 -S 1\\\\\\\" -S \\\\\\\"weka.attributeSelection.GreedyStepwise -B -T -1.7976931348623157E308 -N -1 -num-slots 1\\\\\\\"\\\" -F \\\"weka.filters.supervised.instance.Resample -B 1.0 -S 1 -Z 173.0\\\" -S 1\" -S 1 -W weka.classifiers.trees.RandomForest -- -P 100 -I 100 -num-slots 1 -K 0 -M 1.0 -V 0.001 -S 1',-4523450618538717400,2.0260519010100003E7,4330.0,481.0,460.0,21.0,0.0,95.63409563409563,4.365904365904366,0.0,0.8144392394599066,0.10110225376504053,0.19660085672226588,43.83613774973877,57.885854936955205,272.1308087156738,99.03846730049187,173.09234141518195,0.565760517080403,0.20590117941890201,0.3598593376615009,128.33513877311142,0.266809020318319,47.159356700107345,0.9712230215827338,405.0,0.140625,9.0,0.859375,55.0,0.02877697841726619,12.0,0.9782608695652174,0.9712230215827338,0.9747292418772563,0.81472554771014,0.9785296762589928,0.9965042078981204,0.9563409563409564,0.12574293475822254,0.8742570652417775,0.04365904365904366,0.9573224449927891,0.9563409563409564,0.9567620621165968,0.8147255477101402,0.9785296762589928,0.9854826322971532,0.9072119491829029,0.9563409563409564,148.665,0.007,147.41,0.0,147410.0,0.0,3.0705594E7,1043340.0,161919.0,100.0,69.85446985446985,?,?
DatasetClassiRealeseNormalized,8,1,weka.classifiers.meta.FilteredClassifier,'-F \"weka.filters.MultiFilter -F \\\"weka.filters.supervised.attribute.AttributeSelection -E \\\\\\\"weka.attributeSelection.WrapperSubsetEval -B weka.classifiers.trees.RandomForest -F 5 -T 0.01 -R 1 -E AUC -- -P 100 -I 100 -num-slots 1 -K 0 -M 1.0 -V 0.001 -S 1\\\\\\\" -S \\\\\\\"weka.attributeSelection.GreedyStepwise -B -T -1.7976931348623157E308 -N -1 -num-slots 1\\\\\\\"\\\" -F \\\"weka.filters.supervised.instance.Resample -B 1.0 -S 1 -Z 173.0\\\" -S 1\" -S 1 -W weka.classifiers.trees.RandomForest -- -P 100 -I 100 -num-slots 1 -K 0 -M 1.0 -V 0.001 -S 1',-4523450618538717400,2.02605190104E7,4329.0,482.0,456.0,26.0,0.0,94.60580912863071,5.394190871369295,0.0,0.780309936189608,0.10934362649985366,0.20559868970688894,47.446498925509815,60.58835565297854,272.3366817903761,109.31178878932643,163.02489300104963,0.565013862635635,0.2267879435463204,0.3382259190893146,115.62224384699181,0.23988017395641453,42.455626280997635,0.9569377990430622,400.0,0.125,8.0,0.875,56.0,0.0430622009569378,18.0,0.9803921568627451,0.9569377990430622,0.9685230024213075,0.7831104933300235,0.9742822966507177,0.9957472558291474,0.946058091286307,0.11412029224324485,0.8858797077567551,0.05394190871369295,0.9506978298777177,0.946058091286307,0.947685983397539,0.7831104933300235,0.9742822966507177,0.9817828236871377,0.8900586026599291,0.946058091286307,146.691,0.008,145.3,0.01,145300.0,10.0,3.0237229E7,1043111.0,162148.0,99.79253112033194,72.82157676348548,?,?
DatasetClassiRealeseNormalized,8,2,weka.classifiers.meta.FilteredClassifier,'-F \"weka.filters.MultiFilter -F \\\"weka.filters.supervised.attribute.AttributeSelection -E \\\\\\\"weka.attributeSelection.WrapperSubsetEval -B weka.classifiers.trees.RandomForest -F 5 -T 0.01 -R 1 -E AUC -- -P 100 -I 100 -num-slots 1 -K 0 -M 1.0 -V 0.001 -S 1\\\\\\\" -S \\\\\\\"weka.attributeSelection.GreedyStepwise -B -T -1.7976931348623157E308 -N -1 -num-slots 1\\\\\\\"\\\" -F \\\"weka.filters.supervised.instance.Resample -B 1.0 -S 1 -Z 173.0\\\" -S 1\" -S 1 -W weka.classifiers.trees.RandomForest -- -P 100 -I 100 -num-slots 1 -K 0 -M 1.0 -V 0.001 -S 1',-4523450618538717400,2.0260519010700002E7,4330.0,481.0,463.0,18.0,0.0,96.25779625779626,3.7422037422037424,0.0,0.8459923867800349,0.11055027621806578,0.1836133330798394,48.21606363008641,54.42287649283128,269.42867131105754,97.27027126820612,172.15840004285144,0.5601427677984564,0.2022250961916967,0.35791767160675975,112.62454932148704,0.23414667218604374,41.801248832742495,0.9665071770334929,404.0,0.06349206349206349,4.0,0.9365079365079365,59.0,0.03349282296650718,14.0,0.9901960784313726,0.9665071770334929,0.9782082324455207,0.8491060260731905,0.9923293081187818,0.9988823698173245,0.9625779625779626,0.05956284903653324,0.9404371509634668,0.037422037422037424,0.9663612661195257,0.9625779625779626,0.9637272471270478,0.8491060260731906,0.9923293081187818,0.9915907292812157,0.922927645634525,0.9625779625779626,215.307,0.007,212.46,0.01,212460.0,10.0,3.825367E7,1043340.0,161919.0,100.0,75.67567567567568,?,?
DatasetClassiRealeseNormalized,8,3,weka.classifiers.meta.FilteredClassifier,'-F \"weka.filters.MultiFilter -F \\\"weka.filters.supervised.attribute.AttributeSelection -E \\\\\\\"weka.attributeSelection.WrapperSubsetEval -B weka.classifiers.trees.RandomForest -F 5 -T 0.01 -R 1 -E AUC -- -P 100 -I 100 -num-slots 1 -K 0 -M 1.0 -V 0.001 -S 1\\\\\\\" -S \\\\\\\"weka.attributeSelection.GreedyStepwise -B -T -1.7976931348623157E308 -N -1 -num-slots 1\\\\\\\"\\\" -F \\\"weka.filters.supervised.instance.Resample -B 1.0 -S 1 -Z 173.0\\\" -S 1\" -S 1 -W weka.classifiers.trees.RandomForest -- -P 100 -I 100 -num-slots 1 -K 0 -M 1.0 -V 0.001 -S 1',-4523450618538717400,2.0260519011E7,4330.0,481.0,461.0,20.0,0.0,95.84199584199584,4.158004158004158,0.0,0.8266479259018993,0.10524224700217319,0.1919003159053375,45.631165131103515,56.50185881206377,272.1308087156738,99.02886309568318,173.10194561999066,0.565760517080403,0.2058812122571376,0.3598793048232654,123.31098227087878,0.2563637885049455,45.31312821684805,0.9688249400479616,404.0,0.109375,7.0,0.890625,57.0,0.03117505995203837,13.0,0.9829683698296837,0.9688249400479616,0.9758454106280194,0.8277680682389067,0.9764313549160671,0.9957990951367357,0.9584199584199584,0.09897001837199679,0.9010299816280032,0.04158004158004158,0.9605241079693635,0.9584199584199584,0.9592002025486777,0.8277680682389067,0.9764313549160671,0.9857541249211051,0.9132958396423678,0.9584199584199584,147.448,0.007,144.64,0.01,144640.0,10.0,3.3909523E7,1043340.0,161919.0,99.79209979209979,72.24532224532224,?,?
DatasetClassiRealeseNormalized,8,4,weka.classifiers.meta.FilteredClassifier,'-F \"weka.filters.MultiFilter -F \\\"weka.filters.supervised.attribute.AttributeSelection -E \\\\\\\"weka.attributeSelection.WrapperSubsetEval -B weka.classifiers.trees.RandomForest -F 5 -T 0.01 -R 1 -E AUC -- -P 100 -I 100 -num-slots 1 -K 0 -M 1.0 -V 0.001 -S 1\\\\\\\" -S \\\\\\\"weka.attributeSelection.GreedyStepwise -B -T -1.7976931348623157E308 -N -1 -num-slots 1\\\\\\\"\\\" -F \\\"weka.filters.supervised.instance.Resample -B 1.0 -S 1 -Z 173.0\\\" -S 1\" -S 1 -W weka.classifiers.trees.RandomForest -- -P 100 -I 100 -num-slots 1 -K 0 -M 1.0 -V 0.001 -S 1',-4523450618538717400,2.0260519011200003E7,4330.0,481.0,454.0,27.0,0.0,94.38669438669439,5.613305613305613,0.0,0.7731884943851624,0.11466833783892348,0.20593978086989548,49.718150346305656,60.6355459479186,272.1308087156738,110.08780439647114,162.04300431920268,0.565760517080403,0.22887277421303773,0.3368877428673652,100.86411334117051,0.2096967013329948,37.06456972556708,0.9544364508393285,398.0,0.125,8.0,0.875,56.0,0.045563549160671464,19.0,0.9802955665024631,0.9544364508393285,0.9671931956257594,0.7765107691294664,0.9781924460431655,0.9963739115804692,0.9438669438669439,0.11443049302761533,0.8855695069723847,0.056133056133056136,0.9492098085201535,0.9438669438669439,0.9457129062363466,0.7765107691294664,0.9781924460431654,0.9848326314345103,0.8864742956546063,0.9438669438669439,147.898,0.006,146.46,0.0,146460.0,0.0,2.9749156E7,1043340.0,161919.0,99.79209979209979,72.76507276507276,?,?
DatasetClassiRealeseNormalized,8,5,weka.classifiers.meta.FilteredClassifier,'-F \"weka.filters.MultiFilter -F \\\"weka.filters.supervised.attribute.AttributeSelection -E \\\\\\\"weka.attributeSelection.WrapperSubsetEval -B weka.classifiers.trees.RandomForest -F 5 -T 0.01 -R 1 -E AUC -- -P 100 -I 100 -num-slots 1 -K 0 -M 1.0 -V 0.001 -S 1\\\\\\\" -S \\\\\\\"weka.attributeSelection.GreedyStepwise -B -T -1.7976931348623157E308 -N -1 -num-slots 1\\\\\\\"\\\" -F \\\"weka.filters.supervised.instance.Resample -B 1.0 -S 1 -Z 173.0\\\" -S 1\" -S 1 -W weka.classifiers.trees.RandomForest -- -P 100 -I 100 -num-slots 1 -K 0 -M 1.0 -V 0.001 -S 1',-4523450618538717400,2.02605190115E7,4330.0,481.0,448.0,33.0,0.0,93.13929313929314,6.860706860706861,0.0,0.74188145377673,0.12117925682754122,0.22079972182116397,52.54116893425654,65.01080860250615,272.1308087156738,120.57529404669837,151.55551466897543,0.565760517080403,0.25067628699937294,0.31508423008103,95.34702814322416,0.19822666973643277,35.03720456835305,0.9328537170263789,389.0,0.078125,5.0,0.921875,59.0,0.0671462829736211,28.0,0.9873096446700508,0.9328537170263789,0.9593094944512945,0.7541861849479038,0.9789418465227818,0.9966815916499625,0.9313929313929314,0.0766642143665525,0.9233357856334475,0.06860706860706861,0.9461755107650434,0.9313929313929314,0.9356451231170528,0.7541861849479039,0.9789418465227817,0.9820996986731905,0.8703832240468393,0.9313929313929314,147.878,0.008,146.37,0.01,146370.0,10.0,3.1951303E7,1043340.0,161919.0,100.0,73.4927234927235,?,?
DatasetClassiRealeseNormalized,8,6,weka.classifiers.meta.FilteredClassifier,'-F \"weka.filters.MultiFilter -F \\\"weka.filters.supervised.attribute.AttributeSelection -E \\\\\\\"weka.attributeSelection.WrapperSubsetEval -B weka.classifiers.trees.RandomForest -F 5 -T 0.01 -R 1 -E AUC -- -P 100 -I 100 -num-slots 1 -K 0 -M 1.0 -V 0.001 -S 1\\\\\\\" -S \\\\\\\"weka.attributeSelection.GreedyStepwise -B -T -1.7976931348623157E308 -N -1 -num-slots 1\\\\\\\"\\\" -F \\\"weka.filters.supervised.instance.Resample -B 1.0 -S 1 -Z 173.0\\\" -S 1\" -S 1 -W weka.classifiers.trees.RandomForest -- -P 100 -I 100 -num-slots 1 -K 0 -M 1.0 -V 0.001 -S 1',-4523450618538717400,2.0260519011800002E7,4330.0,481.0,462.0,19.0,0.0,96.04989604989605,3.95010395010395,0.0,0.8423358923488314,0.09896813165799759,0.18486076721459757,42.91082038859953,54.42918069088214,272.1308087156738,92.83340739867208,179.29740131700174,0.565760517080403,0.19300084698268624,0.3727596700977167,133.56355858962635,0.27767891598674915,49.08064589231257,0.9616306954436451,401.0,0.046875,3.0,0.953125,61.0,0.03836930455635491,16.0,0.9925742574257426,0.9616306954436451,0.976857490864799,0.847280266254451,0.9922811750599521,0.9988557728218223,0.9604989604989606,0.04574326505531541,0.9542567349446847,0.0395010395010395,0.9659142703697159,0.9604989604989606,0.9620071937951017,0.847280266254451,0.9922811750599521,0.9918562151794251,0.9210528589075768,0.9604989604989606,214.427,0.007,212.02,0.01,212020.0,10.0,2.8902479E7,1043340.0,161919.0,100.0,71.41372141372142,?,?
DatasetClassiRealeseNormalized,8,7,weka.classifiers.meta.FilteredClassifier,'-F \"weka.filters.MultiFilter -F \\\"weka.filters.supervised.attribute.AttributeSelection -E \\\\\\\"weka.attributeSelection.WrapperSubsetEval -B weka.classifiers.trees.RandomForest -F 5 -T 0.01 -R 1 -E AUC -- -P 100 -I 100 -num-slots 1 -K 0 -M 1.0 -V 0.001 -S 1\\\\\\\" -S \\\\\\\"weka.attributeSelection.GreedyStepwise -B -T -1.7976931348623157E308 -N -1 -num-slots 1\\\\\\\"\\\" -F \\\"weka.filters.supervised.instance.Resample -B 1.0 -S 1 -Z 173.0\\\" -S 1\" -S 1 -W weka.classifiers.trees.RandomForest -- -P 100 -I 100 -num-slots 1 -K 0 -M 1.0 -V 0.001 -S 1',-4523450618538717400,2.02605190122E7,4330.0,481.0,469.0,12.0,0.0,97.5051975051975,2.494802494802495,0.0,0.8946484631671169,0.08988453009686194,0.16554451197850314,38.97233242746002,48.741830354961,272.1308087156738,81.68717889325447,190.44362982241935,0.565760517080403,0.1698278147468908,0.3959327023335122,146.57269344167477,0.3047249343901762,53.861117061102775,0.9808153477218226,409.0,0.0625,4.0,0.9375,60.0,0.019184652278177457,8.0,0.9903147699757869,0.9808153477218226,0.9855421686746988,0.8952006214320857,0.9917565947242206,0.9987655572209186,0.975051975051975,0.05673662733015251,0.9432633726698475,0.02494802494802495,0.9759497865180816,0.975051975051975,0.9753698597072091,0.8952006214320857,0.9917565947242206,0.9908193514681953,0.947316538882804,0.975051975051975,213.733,0.007,212.24,0.0,212240.0,0.0,2.7683077E7,1043340.0,161919.0,99.79209979209979,70.16632016632016,?,?
DatasetClassiRealeseNormalized,8,8,weka.classifiers.meta.FilteredClassifier,'-F \"weka.filters.MultiFilter -F \\\"weka.filters.supervised.attribute.AttributeSelection -E \\\\\\\"weka.attributeSelection.WrapperSubsetEval -B weka.classifiers.trees.RandomForest -F 5 -T 0.01 -R 1 -E AUC -- -P 100 -I 100 -num-slots 1 -K 0 -M 1.0 -V 0.001 -S 1\\\\\\\" -S \\\\\\\"weka.attributeSelection.GreedyStepwise -B -T -1.7976931348623157E308 -N -1 -num-slots 1\\\\\\\"\\\" -F \\\"weka.filters.supervised.instance.Resample -B 1.0 -S 1 -Z 173.0\\\" -S 1\" -S 1 -W weka.classifiers.trees.RandomForest -- -P 100 -I 100 -num-slots 1 -K 0 -M 1.0 -V 0.001 -S 1',-4523450618538717400,2.02605190126E7,4330.0,481.0,459.0,22.0,0.0,95.42619542619542,4.573804573804574,0.0,0.8207169964760097,0.09855841353564783,0.18954510830500745,42.7331739031747,55.80840707552473,272.1308087156738,94.50917815631696,177.62163055935684,0.565760517080403,0.19648477787176083,0.3692757392086421,123.78560733432674,0.2573505349986003,45.48753884888488,0.9544364508393285,398.0,0.046875,3.0,0.953125,61.0,0.045563549160671464,19.0,0.9925187032418953,0.9544364508393285,0.9731051344743276,0.8277837095069236,0.9905575539568345,0.9984659578418253,0.9542619542619543,0.04670050342262572,0.9532994965773743,0.04573804573804574,0.9619133040579425,0.9542619542619543,0.9563556409522179,0.8277837095069236,0.9905575539568346,0.9928331015773465,0.9101636783482749,0.9542619542619543,213.969,0.007,211.08,0.01,211080.0,10.0,2.5566925E7,1043340.0,161919.0,100.0,69.85446985446985,?,?
DatasetClassiRealeseNormalized,8,9,weka.classifiers.meta.FilteredClassifier,'-F \"weka.filters.MultiFilter -F \\\"weka.filters.supervised.attribute.AttributeSelection -E \\\\\\\"weka.attributeSelection.WrapperSubsetEval -B weka.classifiers.trees.RandomForest -F 5 -T 0.01 -R 1 -E AUC -- -P 100 -I 100 -num-slots 1 -K 0 -M 1.0 -V 0.001 -S 1\\\\\\\" -S \\\\\\\"weka.attributeSelection.GreedyStepwise -B -T -1.7976931348623157E308 -N -1 -num-slots 1\\\\\\\"\\\" -F \\\"weka.filters.supervised.instance.Resample -B 1.0 -S 1 -Z 173.0\\\" -S 1\" -S 1 -W weka.classifiers.trees.RandomForest -- -P 100 -I 100 -num-slots 1 -K 0 -M 1.0 -V 0.001 -S 1',-4523450618538717400,2.02605190128E7,4330.0,481.0,458.0,23.0,0.0,95.21829521829522,4.781704781704781,0.0,0.804378193906601,0.10969133259329697,0.201891686805982,47.560209455734764,59.44365192638911,272.1308087156738,104.5676678352385,167.56314088043533,0.565760517080403,0.21739639882585965,0.3483641182545433,106.42373714584102,0.22125517078137424,39.10756655893161,0.9616306954436451,401.0,0.109375,7.0,0.890625,57.0,0.03836930455635491,16.0,0.9828431372549019,0.9616306954436451,0.9721212121212122,0.8067452463998966,0.9835881294964028,0.997418343272282,0.9521829521829522,0.0999272567393071,0.900072743260693,0.04781704781704782,0.9559629750000418,0.9521829521829522,0.9534927648796262,0.8067452463998965,0.983588129496403,0.9869801058676959,0.9021190002211901,0.9521829521829522,148.005,0.007,146.03,0.01,146030.0,10.0,2.9159492E7,1043340.0,161919.0,100.0,71.51767151767152,?,?
DatasetClassiRealeseNormalized,8,10,weka.classifiers.meta.FilteredClassifier,'-F \"weka.filters.MultiFilter -F \\\"weka.filters.supervised.attribute.AttributeSelection -E \\\\\\\"weka.attributeSelection.WrapperSubsetEval -B weka.classifiers.trees.RandomForest -F 5 -T 0.01 -R 1 -E AUC -- -P 100 -I 100 -num-slots 1 -K 0 -M 1.0 -V 0.001 -S 1\\\\\\\" -S \\\\\\\"weka.attributeSelection.GreedyStepwise -B -T -1.7976931348623157E308 -N -1 -num-slots 1\\\\\\\"\\\" -F \\\"weka.filters.supervised.instance.Resample -B 1.0 -S 1 -Z 173.0\\\" -S 1\" -S 1 -W weka.classifiers.trees.RandomForest -- -P 100 -I 100 -num-slots 1 -K 0 -M 1.0 -V 0.001 -S 1',-4523450618538717400,2.0260519013E7,4330.0,481.0,457.0,24.0,0.0,95.01039501039502,4.98960498960499,0.0,0.7971391417425228,0.1064501241148107,0.2041660570436359,46.15487914857127,60.113302444930575,272.1308087156738,107.20150778120768,164.92930093446614,0.565760517080403,0.22287215754928832,0.34288835953111463,124.43159915927671,0.2586935533456896,45.724921682529754,0.9592326139088729,400.0,0.109375,7.0,0.890625,57.0,0.0407673860911271,17.0,0.9828009828009828,0.9592326139088729,0.9708737864077671,0.8000020863963418,0.9810776378896883,0.9971129739139706,0.9501039501039501,0.1002463361950772,0.8997536638049228,0.0498960498960499,0.9545224680359815,0.9501039501039501,0.951609010705676,0.8000020863963418,0.9810776378896883,0.983001455238176,0.8984803714647531,0.9501039501039501,148.455,0.006,146.0,0.01,146000.0,10.0,2.779564E7,1043340.0,161919.0,99.79209979209979,71.82952182952182,?,?
DatasetClassiRealeseNormalized,9,1,weka.classifiers.meta.FilteredClassifier,'-F \"weka.filters.MultiFilter -F \\\"weka.filters.supervised.attribute.AttributeSelection -E \\\\\\\"weka.attributeSelection.WrapperSubsetEval -B weka.classifiers.trees.RandomForest -F 5 -T 0.01 -R 1 -E AUC -- -P 100 -I 100 -num-slots 1 -K 0 -M 1.0 -V 0.001 -S 1\\\\\\\" -S \\\\\\\"weka.attributeSelection.GreedyStepwise -B -T -1.7976931348623157E308 -N -1 -num-slots 1\\\\\\\"\\\" -F \\\"weka.filters.supervised.instance.Resample -B 1.0 -S 1 -Z 173.0\\\" -S 1\" -S 1 -W weka.classifiers.trees.RandomForest -- -P 100 -I 100 -num-slots 1 -K 0 -M 1.0 -V 0.001 -S 1',-4523450618538717400,2.02605190133E7,4329.0,482.0,464.0,18.0,0.0,96.2655601659751,3.7344398340248963,0.0,0.8459954558364102,0.09801936682511281,0.18316033744944119,42.532664514772534,53.9759454825673,272.3366817903761,90.71425705710159,181.6224247332745,0.565013862635635,0.18820385281556345,0.37681000982007157,130.38470259271543,0.27050768172762535,47.87629111713844,0.9688995215311005,405.0,0.078125,5.0,0.921875,59.0,0.03110047846889952,13.0,0.9878048780487805,0.9688995215311005,0.9782608695652174,0.8479841561021099,0.9916267942583732,0.9987147135811688,0.9626556016597511,0.07188108012865056,0.9281189198713494,0.03734439834024896,0.9654499657029765,0.9626556016597511,0.9635735585953666,0.84798415610211,0.9916267942583732,0.992740687283753,0.9229539641943734,0.9626556016597511,148.316,0.007,146.27,0.01,146270.0,10.0,2.7599387E7,1043111.0,162148.0,100.0,71.2655601659751,?,?
DatasetClassiRealeseNormalized,9,2,weka.classifiers.meta.FilteredClassifier,'-F \"weka.filters.MultiFilter -F \\\"weka.filters.supervised.attribute.AttributeSelection -E \\\\\\\"weka.attributeSelection.WrapperSubsetEval -B weka.classifiers.trees.RandomForest -F 5 -T 0.01 -R 1 -E AUC -- -P 100 -I 100 -num-slots 1 -K 0 -M 1.0 -V 0.001 -S 1\\\\\\\" -S \\\\\\\"weka.attributeSelection.GreedyStepwise -B -T -1.7976931348623157E308 -N -1 -num-slots 1\\\\\\\"\\\" -F \\\"weka.filters.supervised.instance.Resample -B 1.0 -S 1 -Z 173.0\\\" -S 1\" -S 1 -W weka.classifiers.trees.RandomForest -- -P 100 -I 100 -num-slots 1 -K 0 -M 1.0 -V 0.001 -S 1',-4523450618538717400,2.02605190137E7,4330.0,481.0,456.0,25.0,0.0,94.8024948024948,5.197505197505198,0.0,0.7900773353350908,0.11395833742771104,0.20200074363850268,49.70247598255625,59.87289342282179,269.42867131105754,109.50183332380091,159.92683798725665,0.5601427677984564,0.22765453913472122,0.33248822866373523,101.75772187027509,0.21155451532281724,37.767963363036074,0.9545454545454546,399.0,0.09523809523809523,6.0,0.9047619047619048,57.0,0.045454545454545456,19.0,0.9851851851851852,0.9545454545454546,0.9696233292831106,0.7948270504225264,0.9838611680716944,0.9974664411514489,0.9480249480249481,0.08871758871758872,0.9112824112824113,0.05197505197505198,0.9543813043813044,0.9480249480249481,0.9500449405167186,0.7948270504225265,0.9838611680716943,0.9865365733662872,0.8948836070875985,0.9480249480249481,215.824,0.007,212.12,0.0,212120.0,0.0,3.137842E7,1043340.0,161919.0,99.79209979209979,74.32432432432432,?,?
DatasetClassiRealeseNormalized,9,3,weka.classifiers.meta.FilteredClassifier,'-F \"weka.filters.MultiFilter -F \\\"weka.filters.supervised.attribute.AttributeSelection -E \\\\\\\"weka.attributeSelection.WrapperSubsetEval -B weka.classifiers.trees.RandomForest -F 5 -T 0.01 -R 1 -E AUC -- -P 100 -I 100 -num-slots 1 -K 0 -M 1.0 -V 0.001 -S 1\\\\\\\" -S \\\\\\\"weka.attributeSelection.GreedyStepwise -B -T -1.7976931348623157E308 -N -1 -num-slots 1\\\\\\\"\\\" -F \\\"weka.filters.supervised.instance.Resample -B 1.0 -S 1 -Z 173.0\\\" -S 1\" -S 1 -W weka.classifiers.trees.RandomForest -- -P 100 -I 100 -num-slots 1 -K 0 -M 1.0 -V 0.001 -S 1',-4523450618538717400,2.0260519014000002E7,4330.0,481.0,451.0,30.0,0.0,93.76299376299376,6.237006237006237,0.0,0.7525635309852875,0.12610727390683718,0.21917254375571196,54.67786942782933,64.53171306333253,272.1308087156738,119.8997200385817,152.23108867709212,0.565760517080403,0.2492717672319786,0.31648874984842434,86.12978856578613,0.17906400949227885,31.65014243417612,0.947242206235012,395.0,0.125,8.0,0.875,56.0,0.05275779376498801,22.0,0.9801488833746899,0.947242206235012,0.9634146341463414,0.7576313825862342,0.9766936450839329,0.9962132952829118,0.9376299376299376,0.11538773139492564,0.8846122686050744,0.062370062370062374,0.9452615432764316,0.9376299376299376,0.9401720908076112,0.7576313825862342,0.9766936450839329,0.9833855132993145,0.8760735142562692,0.9376299376299376,212.369,0.007,209.78,0.01,209780.0,10.0,3.2325035E7,1043340.0,161919.0,100.0,74.94802494802495,?,?
DatasetClassiRealeseNormalized,9,4,weka.classifiers.meta.FilteredClassifier,'-F \"weka.filters.MultiFilter -F \\\"weka.filters.supervised.attribute.AttributeSelection -E \\\\\\\"weka.attributeSelection.WrapperSubsetEval -B weka.classifiers.trees.RandomForest -F 5 -T 0.01 -R 1 -E AUC -- -P 100 -I 100 -num-slots 1 -K 0 -M 1.0 -V 0.001 -S 1\\\\\\\" -S \\\\\\\"weka.attributeSelection.GreedyStepwise -B -T -1.7976931348623157E308 -N -1 -num-slots 1\\\\\\\"\\\" -F \\\"weka.filters.supervised.instance.Resample -B 1.0 -S 1 -Z 173.0\\\" -S 1\" -S 1 -W weka.classifiers.trees.RandomForest -- -P 100 -I 100 -num-slots 1 -K 0 -M 1.0 -V 0.001 -S 1',-4523450618538717400,2.02605190143E7,4330.0,481.0,464.0,17.0,0.0,96.46569646569647,3.5343035343035343,0.0,0.8517074409241765,0.09987910918636976,0.18127585041427996,43.30580403073914,53.373661517039515,272.1308087156738,91.85375136250174,180.2770573531721,0.565760517080403,0.19096414004678117,0.37479637703362184,129.5103504439415,0.2692522878252422,47.59121212889047,0.973621103117506,406.0,0.09375,6.0,0.90625,58.0,0.026378896882494004,11.0,0.9854368932038835,0.973621103117506,0.9794933655006033,0.8525187035965216,0.9884592326139089,0.9982178194296988,0.9646569646569647,0.08478586153945865,0.9152141384605413,0.035343035343035345,0.9661627565806544,0.9646569646569647,0.9652147240871768,0.8525187035965216,0.9884592326139089,0.9897327542791845,0.9258369083142115,0.9646569646569647,147.633,0.006,146.04,0.01,146040.0,10.0,2.7232813E7,1043340.0,161919.0,99.79209979209979,71.51767151767152,?,?
DatasetClassiRealeseNormalized,9,5,weka.classifiers.meta.FilteredClassifier,'-F \"weka.filters.MultiFilter -F \\\"weka.filters.supervised.attribute.AttributeSelection -E \\\\\\\"weka.attributeSelection.WrapperSubsetEval -B weka.classifiers.trees.RandomForest -F 5 -T 0.01 -R 1 -E AUC -- -P 100 -I 100 -num-slots 1 -K 0 -M 1.0 -V 0.001 -S 1\\\\\\\" -S \\\\\\\"weka.attributeSelection.GreedyStepwise -B -T -1.7976931348623157E308 -N -1 -num-slots 1\\\\\\\"\\\" -F \\\"weka.filters.supervised.instance.Resample -B 1.0 -S 1 -Z 173.0\\\" -S 1\" -S 1 -W weka.classifiers.trees.RandomForest -- -P 100 -I 100 -num-slots 1 -K 0 -M 1.0 -V 0.001 -S 1',-4523450618538717400,2.0260519014500003E7,4330.0,481.0,463.0,18.0,0.0,96.25779625779626,3.7422037422037424,0.0,0.8439831333117094,0.10598228602716964,0.18494889988592123,45.952032880652574,54.45512989126968,272.1308087156738,99.89043926400446,172.24036945166938,0.565760517080403,0.20767243090229617,0.35808808617810683,127.52670777846296,0.2651282905997151,46.8622822900235,0.9712230215827338,405.0,0.09375,6.0,0.90625,58.0,0.02877697841726619,12.0,0.9854014598540146,0.9712230215827338,0.9782608695652174,0.8451267655760873,0.9891336930455635,0.9984287449635568,0.9625779625779626,0.08510494099522876,0.9148950590047713,0.037422037422037424,0.9645342623444814,0.9625779625779626,0.96328018229381,0.8451267655760873,0.9891336930455636,0.9864753517385271,0.9219662556781311,0.9625779625779626,147.554,0.008,146.58,0.01,146580.0,10.0,3.5866262E7,1043340.0,161919.0,99.58419958419958,73.9085239085239,?,?
DatasetClassiRealeseNormalized,9,6,weka.classifiers.meta.FilteredClassifier,'-F \"weka.filters.MultiFilter -F \\\"weka.filters.supervised.attribute.AttributeSelection -E \\\\\\\"weka.attributeSelection.WrapperSubsetEval -B weka.classifiers.trees.RandomForest -F 5 -T 0.01 -R 1 -E AUC -- -P 100 -I 100 -num-slots 1 -K 0 -M 1.0 -V 0.001 -S 1\\\\\\\" -S \\\\\\\"weka.attributeSelection.GreedyStepwise -B -T -1.7976931348623157E308 -N -1 -num-slots 1\\\\\\\"\\\" -F \\\"weka.filters.supervised.instance.Resample -B 1.0 -S 1 -Z 173.0\\\" -S 1\" -S 1 -W weka.classifiers.trees.RandomForest -- -P 100 -I 100 -num-slots 1 -K 0 -M 1.0 -V 0.001 -S 1',-4523450618538717400,2.0260519014700003E7,4330.0,481.0,462.0,19.0,0.0,96.04989604989605,3.95010395010395,0.0,0.8363564739377229,0.10238443395063385,0.18431980500030698,44.392068257146406,54.269903357177355,272.1308087156738,93.89662451296446,178.23418420270934,0.565760517080403,0.1952112775737307,0.37054923950667223,132.1618978076577,0.27476486030698066,48.56557713233504,0.9688249400479616,404.0,0.09375,6.0,0.90625,58.0,0.03117505995203837,13.0,0.9853658536585366,0.9688249400479616,0.977025392986699,0.8378806456128978,0.988234412470024,0.9981974291614367,0.9604989604989606,0.08542402045099887,0.9145759795490012,0.0395010395010395,0.9629506260217355,0.9604989604989606,0.9613558866279545,0.8378806456128978,0.988234412470024,0.9895879289615525,0.9181423261229791,0.9604989604989606,148.029,0.007,146.09,0.0,146090.0,0.0,3.2635104E7,1043340.0,161919.0,100.0,73.4927234927235,?,?
DatasetClassiRealeseNormalized,9,7,weka.classifiers.meta.FilteredClassifier,'-F \"weka.filters.MultiFilter -F \\\"weka.filters.supervised.attribute.AttributeSelection -E \\\\\\\"weka.attributeSelection.WrapperSubsetEval -B weka.classifiers.trees.RandomForest -F 5 -T 0.01 -R 1 -E AUC -- -P 100 -I 100 -num-slots 1 -K 0 -M 1.0 -V 0.001 -S 1\\\\\\\" -S \\\\\\\"weka.attributeSelection.GreedyStepwise -B -T -1.7976931348623157E308 -N -1 -num-slots 1\\\\\\\"\\\" -F \\\"weka.filters.supervised.instance.Resample -B 1.0 -S 1 -Z 173.0\\\" -S 1\" -S 1 -W weka.classifiers.trees.RandomForest -- -P 100 -I 100 -num-slots 1 -K 0 -M 1.0 -V 0.001 -S 1',-4523450618538717400,2.0260519015E7,4330.0,481.0,463.0,18.0,0.0,96.25779625779626,3.7422037422037424,0.0,0.8459430604982207,0.09604368793081601,0.185536012071058,41.64283363961947,54.62799531692018,272.1308087156738,92.45284432133268,179.67796439434113,0.565760517080403,0.1922096555537062,0.37355086152669675,136.35063399709364,0.28347325155320924,50.10481343167386,0.9688249400479616,404.0,0.078125,5.0,0.921875,59.0,0.03117505995203837,13.0,0.9877750611246944,0.9688249400479616,0.9782082324455206,0.8479329957113222,0.9851244004796164,0.9975494257674278,0.9625779625779626,0.07187802253000095,0.928121977469999,0.037422037422037424,0.9653776401942661,0.9625779625779626,0.9634973902172307,0.8479329957113222,0.9851244004796164,0.9889772824974234,0.922927645634525,0.9625779625779626,148.638,0.007,147.2,0.01,147200.0,10.0,2.9515872E7,1043340.0,161919.0,100.0,70.47817047817048,?,?
DatasetClassiRealeseNormalized,9,8,weka.classifiers.meta.FilteredClassifier,'-F \"weka.filters.MultiFilter -F \\\"weka.filters.supervised.attribute.AttributeSelection -E \\\\\\\"weka.attributeSelection.WrapperSubsetEval -B weka.classifiers.trees.RandomForest -F 5 -T 0.01 -R 1 -E AUC -- -P 100 -I 100 -num-slots 1 -K 0 -M 1.0 -V 0.001 -S 1\\\\\\\" -S \\\\\\\"weka.attributeSelection.GreedyStepwise -B -T -1.7976931348623157E308 -N -1 -num-slots 1\\\\\\\"\\\" -F \\\"weka.filters.supervised.instance.Resample -B 1.0 -S 1 -Z 173.0\\\" -S 1\" -S 1 -W weka.classifiers.trees.RandomForest -- -P 100 -I 100 -num-slots 1 -K 0 -M 1.0 -V 0.001 -S 1',-4523450618538717400,2.02605190152E7,4330.0,481.0,458.0,23.0,0.0,95.21829521829522,4.781704781704781,0.0,0.801905205293033,0.10401753916523106,0.19690762641915727,45.100153611141295,57.97617817597545,272.1308087156738,99.89678284898471,172.2340258666891,0.565760517080403,0.20768561922865844,0.3580748978517445,126.35310040028446,0.26268835842054983,46.43101639120177,0.9640287769784173,402.0,0.125,8.0,0.875,56.0,0.03597122302158273,15.0,0.9804878048780488,0.9640287769784173,0.9721886336154777,0.8033665931559478,0.9832134292565947,0.9973964535858034,0.9521829521829522,0.11315417520453491,0.8868458247954651,0.04781704781704782,0.9549735714627504,0.9521829521829522,0.953220283812787,0.8033665931559478,0.9832134292565947,0.985430716655048,0.9009091316225537,0.9521829521829522,148.031,0.007,145.82,0.01,145820.0,10.0,3.3016706E7,1043340.0,161919.0,99.79209979209979,69.64656964656965,?,?
DatasetClassiRealeseNormalized,9,9,weka.classifiers.meta.FilteredClassifier,'-F \"weka.filters.MultiFilter -F \\\"weka.filters.supervised.attribute.AttributeSelection -E \\\\\\\"weka.attributeSelection.WrapperSubsetEval -B weka.classifiers.trees.RandomForest -F 5 -T 0.01 -R 1 -E AUC -- -P 100 -I 100 -num-slots 1 -K 0 -M 1.0 -V 0.001 -S 1\\\\\\\" -S \\\\\\\"weka.attributeSelection.GreedyStepwise -B -T -1.7976931348623157E308 -N -1 -num-slots 1\\\\\\\"\\\" -F \\\"weka.filters.supervised.instance.Resample -B 1.0 -S 1 -Z 173.0\\\" -S 1\" -S 1 -W weka.classifiers.trees.RandomForest -- -P 100 -I 100 -num-slots 1 -K 0 -M 1.0 -V 0.001 -S 1',-4523450618538717400,2.02605190157E7,4330.0,481.0,458.0,23.0,0.0,95.21829521829522,4.781704781704781,0.0,0.8091434486327959,0.1091818602403924,0.19766067476772506,47.339311311431175,58.19790074724221,272.1308087156738,103.46693961701848,168.66386909865534,0.565760517080403,0.215107982571764,0.350652534508639,115.3674598512041,0.23984918887984222,42.39411935593874,0.9568345323741008,399.0,0.078125,5.0,0.921875,59.0,0.04316546762589928,18.0,0.9876237623762376,0.9568345323741008,0.9719853836784409,0.8138929883231528,0.9877473021582733,0.9981946382167031,0.9521829521829522,0.07347341980885146,0.9265265801911485,0.04781704781704782,0.9581664655922081,0.9521829521829522,0.9540087082782809,0.8138929883231529,0.9877473021582733,0.9863650876901063,0.9044324081512771,0.9521829521829522,276.365,0.007,272.49,0.01,272490.0,10.0,3.1787291E7,1043340.0,161919.0,99.79209979209979,72.55717255717256,?,?
DatasetClassiRealeseNormalized,9,10,weka.classifiers.meta.FilteredClassifier,'-F \"weka.filters.MultiFilter -F \\\"weka.filters.supervised.attribute.AttributeSelection -E \\\\\\\"weka.attributeSelection.WrapperSubsetEval -B weka.classifiers.trees.RandomForest -F 5 -T 0.01 -R 1 -E AUC -- -P 100 -I 100 -num-slots 1 -K 0 -M 1.0 -V 0.001 -S 1\\\\\\\" -S \\\\\\\"weka.attributeSelection.GreedyStepwise -B -T -1.7976931348623157E308 -N -1 -num-slots 1\\\\\\\"\\\" -F \\\"weka.filters.supervised.instance.Resample -B 1.0 -S 1 -Z 173.0\\\" -S 1\" -S 1 -W weka.classifiers.trees.RandomForest -- -P 100 -I 100 -num-slots 1 -K 0 -M 1.0 -V 0.001 -S 1',-4523450618538717400,2.026051902E7,4330.0,481.0,457.0,24.0,0.0,95.01039501039502,4.98960498960499,0.0,0.8044185416101924,0.10808317147905173,0.1938478065433759,46.86293941968138,57.07526506493593,272.1308087156738,99.32406472109011,172.8067439945837,0.565760517080403,0.2064949370500834,0.35926558003031955,112.96488935299776,0.23485423981912215,41.51124596518033,0.9520383693045563,397.0,0.0625,4.0,0.9375,60.0,0.047961630695443645,20.0,0.9900249376558603,0.9520383693045563,0.9706601466992664,0.8113449181988508,0.9896957434052758,0.9984070302797573,0.9501039501039501,0.060565580799393746,0.9394344192006063,0.0498960498960499,0.9580881476143321,0.9501039501039501,0.952387971947874,0.8113449181988508,0.9896957434052759,0.9909861780645696,0.9019967400162998,0.9501039501039501,149.119,0.006,146.51,0.01,146510.0,10.0,2.7852315E7,1043340.0,161919.0,100.0,71.41372141372142,?,?
DatasetClassiRealeseNormalized,10,1,weka.classifiers.meta.FilteredClassifier,'-F \"weka.filters.MultiFilter -F \\\"weka.filters.supervised.attribute.AttributeSelection -E \\\\\\\"weka.attributeSelection.WrapperSubsetEval -B weka.classifiers.trees.RandomForest -F 5 -T 0.01 -R 1 -E AUC -- -P 100 -I 100 -num-slots 1 -K 0 -M 1.0 -V 0.001 -S 1\\\\\\\" -S \\\\\\\"weka.attributeSelection.GreedyStepwise -B -T -1.7976931348623157E308 -N -1 -num-slots 1\\\\\\\"\\\" -F \\\"weka.filters.supervised.instance.Resample -B 1.0 -S 1 -Z 173.0\\\" -S 1\" -S 1 -W weka.classifiers.trees.RandomForest -- -P 100 -I 100 -num-slots 1 -K 0 -M 1.0 -V 0.001 -S 1',-4523450618538717400,2.02605190202E7,4329.0,482.0,458.0,24.0,0.0,95.02074688796681,4.979253112033195,0.0,0.79466060778188,0.09749286931904448,0.1928156929132174,42.30420617517294,56.821304621914,272.3366817903761,96.78454052547124,175.55214126490483,0.565013862635635,0.20079780192006483,0.36421606071557017,132.85801605022039,0.27563903744859003,48.78447338668991,0.9617224880382775,402.0,0.125,8.0,0.875,56.0,0.03827751196172249,16.0,0.9804878048780488,0.9617224880382775,0.9710144927536232,0.7965286340826533,0.9815340909090909,0.9969857723429709,0.950207468879668,0.11348498084139054,0.8865150191586094,0.04979253112033195,0.9535719506572659,0.950207468879668,0.9514314114604889,0.7965286340826533,0.9815340909090909,0.9857990864034631,0.8972719522591646,0.950207468879668,147.212,0.006,145.3,0.01,145300.0,10.0,2.9504356E7,1043111.0,162148.0,99.79253112033194,69.19087136929461,?,?
DatasetClassiRealeseNormalized,10,2,weka.classifiers.meta.FilteredClassifier,'-F \"weka.filters.MultiFilter -F \\\"weka.filters.supervised.attribute.AttributeSelection -E \\\\\\\"weka.attributeSelection.WrapperSubsetEval -B weka.classifiers.trees.RandomForest -F 5 -T 0.01 -R 1 -E AUC -- -P 100 -I 100 -num-slots 1 -K 0 -M 1.0 -V 0.001 -S 1\\\\\\\" -S \\\\\\\"weka.attributeSelection.GreedyStepwise -B -T -1.7976931348623157E308 -N -1 -num-slots 1\\\\\\\"\\\" -F \\\"weka.filters.supervised.instance.Resample -B 1.0 -S 1 -Z 173.0\\\" -S 1\" -S 1 -W weka.classifiers.trees.RandomForest -- -P 100 -I 100 -num-slots 1 -K 0 -M 1.0 -V 0.001 -S 1',-4523450618538717400,2.02605190204E7,4330.0,481.0,463.0,18.0,0.0,96.25779625779626,3.7422037422037424,0.0,0.8440224832456582,0.11595406239065821,0.2051178668106547,50.57290349385258,60.79680677140856,269.42867131105754,115.40508207074049,154.02358924031705,0.5601427677984564,0.23992740555247502,0.3202153622459814,100.73944736256965,0.2094375205043028,37.39002492658443,0.9688995215311005,405.0,0.07936507936507936,5.0,0.9206349206349206,58.0,0.03110047846889952,13.0,0.9878048780487805,0.9688995215311005,0.9782608695652174,0.8460578926224904,0.9735323156375788,0.9956356593951181,0.9625779625779626,0.07304352041194145,0.9269564795880585,0.037422037422037424,0.9654204319267871,0.9625779625779626,0.9635142555324256,0.8460578926224904,0.9735323156375789,0.9781330140384585,0.9219662556781311,0.9625779625779626,146.998,0.007,145.61,0.01,145610.0,10.0,3.2588632E7,1043340.0,161919.0,99.58419958419958,74.22037422037423,?,?
DatasetClassiRealeseNormalized,10,3,weka.classifiers.meta.FilteredClassifier,'-F \"weka.filters.MultiFilter -F \\\"weka.filters.supervised.attribute.AttributeSelection -E \\\\\\\"weka.attributeSelection.WrapperSubsetEval -B weka.classifiers.trees.RandomForest -F 5 -T 0.01 -R 1 -E AUC -- -P 100 -I 100 -num-slots 1 -K 0 -M 1.0 -V 0.001 -S 1\\\\\\\" -S \\\\\\\"weka.attributeSelection.GreedyStepwise -B -T -1.7976931348623157E308 -N -1 -num-slots 1\\\\\\\"\\\" -F \\\"weka.filters.supervised.instance.Resample -B 1.0 -S 1 -Z 173.0\\\" -S 1\" -S 1 -W weka.classifiers.trees.RandomForest -- -P 100 -I 100 -num-slots 1 -K 0 -M 1.0 -V 0.001 -S 1',-4523450618538717400,2.02605190207E7,4330.0,481.0,463.0,18.0,0.0,96.25779625779626,3.7422037422037424,0.0,0.8439831333117094,0.09511389910418919,0.17691646861063423,41.239693753372194,52.090113993860996,272.1308087156738,84.9513408392718,187.17946787640204,0.565760517080403,0.17661401421886028,0.38914650286154273,136.7196070305544,0.28424034725686986,50.24040007664146,0.9712230215827338,405.0,0.09375,6.0,0.90625,58.0,0.02877697841726619,12.0,0.9854014598540146,0.9712230215827338,0.9782608695652174,0.8451267655760873,0.9906324940047961,0.9985441353345695,0.9625779625779626,0.08510494099522876,0.9148950590047713,0.037422037422037424,0.9645342623444814,0.9625779625779626,0.96328018229381,0.8451267655760873,0.9906324940047961,0.9923516489017344,0.9219662556781311,0.9625779625779626,148.041,0.006,146.76,0.0,146760.0,0.0,2.9306759E7,1043340.0,161919.0,100.0,69.64656964656965,?,?
DatasetClassiRealeseNormalized,10,4,weka.classifiers.meta.FilteredClassifier,'-F \"weka.filters.MultiFilter -F \\\"weka.filters.supervised.attribute.AttributeSelection -E \\\\\\\"weka.attributeSelection.WrapperSubsetEval -B weka.classifiers.trees.RandomForest -F 5 -T 0.01 -R 1 -E AUC -- -P 100 -I 100 -num-slots 1 -K 0 -M 1.0 -V 0.001 -S 1\\\\\\\" -S \\\\\\\"weka.attributeSelection.GreedyStepwise -B -T -1.7976931348623157E308 -N -1 -num-slots 1\\\\\\\"\\\" -F \\\"weka.filters.supervised.instance.Resample -B 1.0 -S 1 -Z 173.0\\\" -S 1\" -S 1 -W weka.classifiers.trees.RandomForest -- -P 100 -I 100 -num-slots 1 -K 0 -M 1.0 -V 0.001 -S 1',-4523450618538717400,2.02605190209E7,4330.0,481.0,463.0,18.0,0.0,96.25779625779626,3.7422037422037424,0.0,0.8399097666506417,0.10815827376621691,0.1863083704625006,46.89550243467751,54.85540340939632,272.1308087156738,96.70920249514104,175.4216062205328,0.565760517080403,0.20105863304603128,0.3647018840343717,119.38773889001092,0.24820735735969007,43.871452649357664,0.9760191846522782,407.0,0.125,8.0,0.875,56.0,0.023980815347721823,10.0,0.980722891566265,0.9760191846522782,0.9783653846153846,0.8400426744193754,0.9858363309352518,0.9976880815974314,0.9625779625779626,0.1115587779256844,0.8884412220743156,0.037422037422037424,0.9631278089109414,0.9625779625779626,0.9628208459939228,0.8400426744193753,0.9858363309352518,0.9898738053805346,0.9199519230769231,0.9625779625779626,147.236,0.007,146.35,0.01,146350.0,10.0,3.1063102E7,1043340.0,161919.0,100.0,74.22037422037423,?,?
DatasetClassiRealeseNormalized,10,5,weka.classifiers.meta.FilteredClassifier,'-F \"weka.filters.MultiFilter -F \\\"weka.filters.supervised.attribute.AttributeSelection -E \\\\\\\"weka.attributeSelection.WrapperSubsetEval -B weka.classifiers.trees.RandomForest -F 5 -T 0.01 -R 1 -E AUC -- -P 100 -I 100 -num-slots 1 -K 0 -M 1.0 -V 0.001 -S 1\\\\\\\" -S \\\\\\\"weka.attributeSelection.GreedyStepwise -B -T -1.7976931348623157E308 -N -1 -num-slots 1\\\\\\\"\\\" -F \\\"weka.filters.supervised.instance.Resample -B 1.0 -S 1 -Z 173.0\\\" -S 1\" -S 1 -W weka.classifiers.trees.RandomForest -- -P 100 -I 100 -num-slots 1 -K 0 -M 1.0 -V 0.001 -S 1',-4523450618538717400,2.02605190212E7,4330.0,481.0,459.0,22.0,0.0,95.42619542619542,4.573804573804574,0.0,0.8185465893892109,0.10397478272533292,0.19595844336168858,45.08161517980801,57.69670699925079,272.1308087156738,98.29594053489843,173.8348681807754,0.565760517080403,0.20435746472951857,0.36140305235088444,116.84894400308018,0.2429291975116012,42.93852083656049,0.9568345323741008,399.0,0.0625,4.0,0.9375,60.0,0.04316546762589928,18.0,0.9900744416873449,0.9568345323741008,0.9731707317073169,0.8240587786897665,0.9902203237410072,0.9984436091573804,0.9542619542619543,0.05992742188785354,0.9400725781121465,0.04573804573804574,0.9606898366203577,0.9542619542619543,0.9561261999255815,0.8240587786897666,0.9902203237410072,0.9927272486653584,0.909120577121264,0.9542619542619543,149.029,0.007,147.15,0.01,147150.0,10.0,3.0258217E7,1043340.0,161919.0,100.0,71.62162162162163,?,?
DatasetClassiRealeseNormalized,10,6,weka.classifiers.meta.FilteredClassifier,'-F \"weka.filters.MultiFilter -F \\\"weka.filters.supervised.attribute.AttributeSelection -E \\\\\\\"weka.attributeSelection.WrapperSubsetEval -B weka.classifiers.trees.RandomForest -F 5 -T 0.01 -R 1 -E AUC -- -P 100 -I 100 -num-slots 1 -K 0 -M 1.0 -V 0.001 -S 1\\\\\\\" -S \\\\\\\"weka.attributeSelection.GreedyStepwise -B -T -1.7976931348623157E308 -N -1 -num-slots 1\\\\\\\"\\\" -F \\\"weka.filters.supervised.instance.Resample -B 1.0 -S 1 -Z 173.0\\\" -S 1\" -S 1 -W weka.classifiers.trees.RandomForest -- -P 100 -I 100 -num-slots 1 -K 0 -M 1.0 -V 0.001 -S 1',-4523450618538717400,2.02605190215E7,4330.0,481.0,462.0,19.0,0.0,96.04989604989605,3.95010395010395,0.0,0.8321116928446773,0.09843761325364564,0.18879085634998002,42.680797050979486,55.58633012233876,272.1308087156738,93.2941477959109,178.83666091976292,0.565760517080403,0.193958727226426,0.37180178985397694,131.96250722576264,0.2743503268726874,48.49230700800179,0.973621103117506,406.0,0.125,8.0,0.875,56.0,0.026378896882494004,11.0,0.9806763285024155,0.973621103117506,0.9771359807460891,0.8324042136752493,0.9845248800959233,0.9975361883582854,0.9604989604989606,0.11187785738145449,0.8881221426185455,0.0395010395010395,0.9614024247379211,0.9604989604989606,0.9608799609626352,0.8324042136752493,0.9845248800959233,0.9884754874404749,0.9160489064035788,0.9604989604989606,212.182,0.007,210.88,0.01,210880.0,10.0,2.8345596E7,1043340.0,161919.0,100.0,70.47817047817048,?,?
DatasetClassiRealeseNormalized,10,7,weka.classifiers.meta.FilteredClassifier,'-F \"weka.filters.MultiFilter -F \\\"weka.filters.supervised.attribute.AttributeSelection -E \\\\\\\"weka.attributeSelection.WrapperSubsetEval -B weka.classifiers.trees.RandomForest -F 5 -T 0.01 -R 1 -E AUC -- -P 100 -I 100 -num-slots 1 -K 0 -M 1.0 -V 0.001 -S 1\\\\\\\" -S \\\\\\\"weka.attributeSelection.GreedyStepwise -B -T -1.7976931348623157E308 -N -1 -num-slots 1\\\\\\\"\\\" -F \\\"weka.filters.supervised.instance.Resample -B 1.0 -S 1 -Z 173.0\\\" -S 1\" -S 1 -W weka.classifiers.trees.RandomForest -- -P 100 -I 100 -num-slots 1 -K 0 -M 1.0 -V 0.001 -S 1',-4523450618538717400,2.0260519022E7,4330.0,481.0,453.0,28.0,0.0,94.17879417879418,5.8212058212058215,0.0,0.7745186673363469,0.11030726722881212,0.2153967614015931,47.827267750894286,63.4199966991826,272.1308087156738,113.97380581271887,158.15700290295496,0.565760517080403,0.23695177923642174,0.3288087378439812,109.34120912156564,0.22732060108433605,40.17965096918037,0.9448441247002398,394.0,0.078125,5.0,0.921875,59.0,0.05515587529976019,23.0,0.9874686716791979,0.9448441247002398,0.9656862745098039,0.7827859465100973,0.981939448441247,0.9971602022800151,0.9417879417879418,0.07506881708770198,0.924931182912298,0.058212058212058215,0.9518154190811444,0.9417879417879418,0.9447343115755686,0.7827859465100973,0.981939448441247,0.98558989465434,0.8869527262959979,0.9417879417879418,275.452,0.007,271.8,0.0,271800.0,0.0,2.6541686E7,1043340.0,161919.0,99.79209979209979,70.58212058212058,?,?
DatasetClassiRealeseNormalized,10,8,weka.classifiers.meta.FilteredClassifier,'-F \"weka.filters.MultiFilter -F \\\"weka.filters.supervised.attribute.AttributeSelection -E \\\\\\\"weka.attributeSelection.WrapperSubsetEval -B weka.classifiers.trees.RandomForest -F 5 -T 0.01 -R 1 -E AUC -- -P 100 -I 100 -num-slots 1 -K 0 -M 1.0 -V 0.001 -S 1\\\\\\\" -S \\\\\\\"weka.attributeSelection.GreedyStepwise -B -T -1.7976931348623157E308 -N -1 -num-slots 1\\\\\\\"\\\" -F \\\"weka.filters.supervised.instance.Resample -B 1.0 -S 1 -Z 173.0\\\" -S 1\" -S 1 -W weka.classifiers.trees.RandomForest -- -P 100 -I 100 -num-slots 1 -K 0 -M 1.0 -V 0.001 -S 1',-4523450618538717400,2.0260519022099998E7,4330.0,481.0,454.0,27.0,0.0,94.38669438669439,5.613305613305613,0.0,0.7759510049167603,0.10860411653646544,0.20353204253097518,47.08881192446158,59.92662740841408,272.1308087156738,105.88515610932406,166.24565260634978,0.565760517080403,0.2201354596867444,0.34562505739365856,113.89451265979577,0.236786928606644,41.85285495505743,0.9520383693045563,397.0,0.109375,7.0,0.890625,57.0,0.047961630695443645,20.0,0.9826732673267327,0.9520383693045563,0.9671132764920828,0.7805057103918547,0.9838878896882494,0.9974886467602199,0.9438669438669439,0.10120357456238752,0.8987964254376125,0.056133056133056136,0.9504186608147004,0.9438669438669439,0.9460102227614602,0.7805057103918547,0.9838878896882494,0.9865589234377653,0.8878119573949776,0.9438669438669439,77.484,0.008,77.06,0.01,77060.0,10.0,3.1737321E7,1043340.0,161919.0,100.0,71.20582120582121,?,?
DatasetClassiRealeseNormalized,10,9,weka.classifiers.meta.FilteredClassifier,'-F \"weka.filters.MultiFilter -F \\\"weka.filters.supervised.attribute.AttributeSelection -E \\\\\\\"weka.attributeSelection.WrapperSubsetEval -B weka.classifiers.trees.RandomForest -F 5 -T 0.01 -R 1 -E AUC -- -P 100 -I 100 -num-slots 1 -K 0 -M 1.0 -V 0.001 -S 1\\\\\\\" -S \\\\\\\"weka.attributeSelection.GreedyStepwise -B -T -1.7976931348623157E308 -N -1 -num-slots 1\\\\\\\"\\\" -F \\\"weka.filters.supervised.instance.Resample -B 1.0 -S 1 -Z 173.0\\\" -S 1\" -S 1 -W weka.classifiers.trees.RandomForest -- -P 100 -I 100 -num-slots 1 -K 0 -M 1.0 -V 0.001 -S 1',-4523450618538717400,2.02605190224E7,4330.0,481.0,462.0,19.0,0.0,96.04989604989605,3.95010395010395,0.0,0.8423358923488314,0.10941146806886881,0.1906598483188542,47.43886517915109,56.136623746651,272.1308087156738,100.19226608187306,171.93854263380075,0.565760517080403,0.20829992948414358,0.35746058759625937,116.87240375474447,0.24297797038408414,42.947141599411644,0.9616306954436451,401.0,0.046875,3.0,0.953125,61.0,0.03836930455635491,16.0,0.9925742574257426,0.9616306954436451,0.976857490864799,0.847280266254451,0.9897706834532374,0.998481650522361,0.9604989604989606,0.04574326505531541,0.9542567349446847,0.0395010395010395,0.9659142703697159,0.9604989604989606,0.9620071937951017,0.847280266254451,0.9897706834532374,0.9891583958035868,0.9210528589075768,0.9604989604989606,149.137,0.007,147.09,0.0,147090.0,0.0,3.6187147E7,1043340.0,161919.0,100.0,73.7006237006237,?,?
DatasetClassiRealeseNormalized,10,10,weka.classifiers.meta.FilteredClassifier,'-F \"weka.filters.MultiFilter -F \\\"weka.filters.supervised.attribute.AttributeSelection -E \\\\\\\"weka.attributeSelection.WrapperSubsetEval -B weka.classifiers.trees.RandomForest -F 5 -T 0.01 -R 1 -E AUC -- -P 100 -I 100 -num-slots 1 -K 0 -M 1.0 -V 0.001 -S 1\\\\\\\" -S \\\\\\\"weka.attributeSelection.GreedyStepwise -B -T -1.7976931348623157E308 -N -1 -num-slots 1\\\\\\\"\\\" -F \\\"weka.filters.supervised.instance.Resample -B 1.0 -S 1 -Z 173.0\\\" -S 1\" -S 1 -W weka.classifiers.trees.RandomForest -- -P 100 -I 100 -num-slots 1 -K 0 -M 1.0 -V 0.001 -S 1',-4523450618538717400,2.02605190226E7,4330.0,481.0,458.0,23.0,0.0,95.21829521829522,4.781704781704781,0.0,0.7967667860751357,0.11453985037356904,0.2092728979912638,49.662440468230315,61.61692689097305,272.1308087156738,116.46070526615202,155.6701034495218,0.565760517080403,0.24212204837037843,0.32363846871002455,104.56888774070663,0.21739893501186408,38.42596442285287,0.9688249400479616,404.0,0.15625,10.0,0.84375,54.0,0.03117505995203837,13.0,0.9758454106280193,0.9688249400479616,0.9723225030084236,0.7970468817450308,0.9720098920863309,0.9954456190612458,0.9521829521829522,0.13960801213499055,0.8603919878650095,0.04781704781704782,0.9532424652476567,0.9521829521829522,0.9526441632705585,0.7970468817450308,0.9720098920863309,0.9771676764936909,0.898374991962227,0.9521829521829522,147.528,0.007,144.8,0.01,144800.0,10.0,2.9979479E7,1043340.0,161919.0,99.58419958419958,74.11642411642411,?,?
DatasetClassiRealeseNormalized,1,1,weka.classifiers.meta.FilteredClassifier,'-F \"weka.filters.MultiFilter -F \\\"weka.filters.supervised.instance.Resample -B 1.0 -S 1 -Z 173.0\\\" -S 1\" -S 1 -W weka.classifiers.trees.RandomForest -- -P 100 -I 100 -num-slots 1 -K 0 -M 1.0 -V 0.001 -S 1',-4523450618538717400,2.02605190226E7,4329.0,482.0,467.0,15.0,0.0,96.88796680497926,3.112033195020747,0.0,0.8724642794143588,0.10186110520186989,0.17684536544476454,44.199675584367334,52.11497170737728,272.3366817903761,91.14418662782379,181.1924951625523,0.565013862635635,0.18909582287930246,0.37591803975633253,128.69810400370267,0.26700851453050345,47.25698468440788,0.9712918660287081,406.0,0.046875,3.0,0.953125,61.0,0.028708133971291867,12.0,0.9926650366748166,0.9712918660287081,0.9818621523579201,0.875029922538524,0.9912903708133971,0.9986467825248536,0.9688796680497925,0.044462802021084394,0.9555371979789156,0.03112033195020747,0.9718121107569874,0.9688796680497925,0.9697325319824432,0.875029922538524,0.9912903708133971,0.9921992421800128,0.9361865506315148,0.9688796680497925,0.606,0.006,0.59,0.01,590.0,10.0,3.3305407E7,1043111.0,162148.0,99.79253112033194,72.30290456431536,?,?
DatasetClassiRealeseNormalized,1,2,weka.classifiers.meta.FilteredClassifier,'-F \"weka.filters.MultiFilter -F \\\"weka.filters.supervised.instance.Resample -B 1.0 -S 1 -Z 173.0\\\" -S 1\" -S 1 -W weka.classifiers.trees.RandomForest -- -P 100 -I 100 -num-slots 1 -K 0 -M 1.0 -V 0.001 -S 1',-4523450618538717400,2.02605190226E7,4330.0,481.0,457.0,24.0,0.0,95.01039501039502,4.98960498960499,0.0,0.7946565157067131,0.11452772365760343,0.20800825454762048,49.95081152390246,61.6535158795477,269.42867131105754,109.14772797562995,160.2809433354276,0.5601427677984564,0.22691835337968805,0.3332244144187684,104.4049811138216,0.2170581727938079,38.75050884739925,0.9593301435406698,401.0,0.1111111111111111,7.0,0.8888888888888888,56.0,0.04066985645933014,17.0,0.9828431372549019,0.9593301435406698,0.9709443099273608,0.7975812154918779,0.9799119009645325,0.9968718187385737,0.9501039501039501,0.10188491767439135,0.8981150823256087,0.0498960498960499,0.9545887702616147,0.9501039501039501,0.9516363295027302,0.797581215491878,0.9799119009645324,0.9850108172219445,0.8972368608460333,0.9501039501039501,0.581,0.006,0.57,0.0,570.0,0.0,2.9347974E7,1043340.0,161919.0,100.0,73.7006237006237,?,?
DatasetClassiRealeseNormalized,1,3,weka.classifiers.meta.FilteredClassifier,'-F \"weka.filters.MultiFilter -F \\\"weka.filters.supervised.instance.Resample -B 1.0 -S 1 -Z 173.0\\\" -S 1\" -S 1 -W weka.classifiers.trees.RandomForest -- -P 100 -I 100 -num-slots 1 -K 0 -M 1.0 -V 0.001 -S 1',-4523450618538717400,2.02605190226E7,4330.0,481.0,459.0,22.0,0.0,95.42619542619542,4.573804573804574,0.0,0.8140442132639791,0.09920149045551772,0.1937072654773558,43.012000609734656,57.033885083709215,272.1308087156738,96.64037335235442,175.49043536331942,0.565760517080403,0.20091553711508195,0.36484497996532106,129.4683225272801,0.26916491169912704,47.575768116189465,0.9616306954436451,401.0,0.09375,6.0,0.90625,58.0,0.03836930455635491,16.0,0.9852579852579852,0.9616306954436451,0.9733009708737864,0.8169678728941436,0.9842251199040767,0.9975321601135944,0.9542619542619543,0.08638125881830917,0.9136187411816908,0.04573804573804574,0.9584506070992557,0.9542619542619543,0.9556415931468697,0.8169678728941436,0.9842251199040767,0.9868458048262079,0.906940340509357,0.9542619542619543,0.728,0.007,0.59,0.01,590.0,10.0,2.9095E7,1043340.0,161919.0,99.79209979209979,70.16632016632016,?,?
DatasetClassiRealeseNormalized,1,4,weka.classifiers.meta.FilteredClassifier,'-F \"weka.filters.MultiFilter -F \\\"weka.filters.supervised.instance.Resample -B 1.0 -S 1 -Z 173.0\\\" -S 1\" -S 1 -W weka.classifiers.trees.RandomForest -- -P 100 -I 100 -num-slots 1 -K 0 -M 1.0 -V 0.001 -S 1',-4523450618538717400,2.02605190226E7,4330.0,481.0,461.0,20.0,0.0,95.84199584199584,4.158004158004158,0.0,0.8244141052785282,0.10320592502001777,0.19001602146242788,44.74825216340612,55.94705962858482,272.1308087156738,98.38751775054702,173.7432909651268,0.565760517080403,0.2045478539512412,0.3612126631291617,131.2387082508595,0.2728455472990842,48.22633235473885,0.9712230215827338,405.0,0.125,8.0,0.875,56.0,0.02877697841726619,12.0,0.9806295399515739,0.9712230215827338,0.9759036144578312,0.8249229163710716,0.97931654676259,0.9964258727004726,0.9584199584199584,0.1121969368372246,0.8878030631627755,0.04158004158004158,0.9597264043924064,0.9584199584199584,0.9589497661786818,0.8249229163710715,0.97931654676259,0.986032240279007,0.9121942314713398,0.9584199584199584,0.618,0.007,0.6,0.01,600.0,10.0,3.2221646E7,1043340.0,161919.0,99.58419958419958,72.66112266112266,?,?
DatasetClassiRealeseNormalized,1,5,weka.classifiers.meta.FilteredClassifier,'-F \"weka.filters.MultiFilter -F \\\"weka.filters.supervised.instance.Resample -B 1.0 -S 1 -Z 173.0\\\" -S 1\" -S 1 -W weka.classifiers.trees.RandomForest -- -P 100 -I 100 -num-slots 1 -K 0 -M 1.0 -V 0.001 -S 1',-4523450618538717400,2.02605190226E7,4330.0,481.0,461.0,20.0,0.0,95.84199584199584,4.158004158004158,0.0,0.8266479259018993,0.10633973332502275,0.1995704610717,46.10701566692533,58.76020558556064,272.1308087156738,103.66450759305204,168.4663011226218,0.565760517080403,0.21551872680468198,0.35024179027572094,119.43687258250536,0.24830950640853505,43.889507823899024,0.9688249400479616,404.0,0.109375,7.0,0.890625,57.0,0.03117505995203837,13.0,0.9829683698296837,0.9688249400479616,0.9758454106280194,0.8277680682389067,0.9812275179856115,0.996932493537905,0.9584199584199584,0.09897001837199679,0.9010299816280032,0.04158004158004158,0.9605241079693635,0.9584199584199584,0.9592002025486777,0.8277680682389067,0.9812275179856115,0.9857098839040869,0.9132958396423678,0.9584199584199584,0.757,0.007,0.58,0.01,580.0,10.0,3.0311594E7,1043340.0,161919.0,100.0,71.93347193347194,?,?
DatasetClassiRealeseNormalized,1,6,weka.classifiers.meta.FilteredClassifier,'-F \"weka.filters.MultiFilter -F \\\"weka.filters.supervised.instance.Resample -B 1.0 -S 1 -Z 173.0\\\" -S 1\" -S 1 -W weka.classifiers.trees.RandomForest -- -P 100 -I 100 -num-slots 1 -K 0 -M 1.0 -V 0.001 -S 1',-4523450618538717400,2.02605190226E7,4330.0,481.0,455.0,26.0,0.0,94.5945945945946,5.405405405405405,0.0,0.7802340702210663,0.1089333092946682,0.20224601046873916,47.23154404523437,59.54797664035547,272.1308087156738,104.04085162485252,168.08995709082131,0.565760517080403,0.21630114682921522,0.3494593702511878,115.32563879653179,0.23976224282023242,42.37875135888259,0.9568345323741008,399.0,0.125,8.0,0.875,56.0,0.04316546762589928,18.0,0.9803439803439803,0.9568345323741008,0.9684466019417475,0.7830362998985402,0.9804781175059952,0.9967865113154886,0.9459459459459459,0.11411141357184522,0.8858885864281548,0.05405405405405406,0.9505943289727073,0.9459459459459459,0.9475764282644822,0.7830362998985401,0.9804781175059951,0.9873911947860273,0.890020402420149,0.9459459459459459,0.551,0.007,0.54,0.01,540.0,10.0,2.840602E7,1043340.0,161919.0,100.0,71.72557172557173,?,?
DatasetClassiRealeseNormalized,1,7,weka.classifiers.meta.FilteredClassifier,'-F \"weka.filters.MultiFilter -F \\\"weka.filters.supervised.instance.Resample -B 1.0 -S 1 -Z 173.0\\\" -S 1\" -S 1 -W weka.classifiers.trees.RandomForest -- -P 100 -I 100 -num-slots 1 -K 0 -M 1.0 -V 0.001 -S 1',-4523450618538717400,2.02605190226E7,4330.0,481.0,455.0,26.0,0.0,94.5945945945946,5.405405405405405,0.0,0.7855550601872492,0.11399543800165375,0.21137698116975204,49.42639295356856,62.23643921495705,272.1308087156738,113.3109290508859,158.81987966478792,0.565760517080403,0.23557365707044886,0.3301868600099541,111.9631447643035,0.2327716107365977,41.14313454353645,0.9520383693045563,397.0,0.09375,6.0,0.90625,58.0,0.047961630695443645,20.0,0.9851116625310173,0.9520383693045563,0.9682926829268292,0.7908450806380003,0.9806279976019184,0.9971118446519834,0.9459459459459459,0.0876575766413896,0.9123424233586105,0.05405405405405406,0.9529756899483947,0.9459459459459459,0.9481491453665963,0.7908450806380003,0.9806279976019184,0.9793992148972699,0.8925970456887667,0.9459459459459459,0.579,0.007,0.57,0.01,570.0,10.0,3.0665451E7,1043340.0,161919.0,99.79209979209979,72.97297297297297,?,?
DatasetClassiRealeseNormalized,1,8,weka.classifiers.meta.FilteredClassifier,'-F \"weka.filters.MultiFilter -F \\\"weka.filters.supervised.instance.Resample -B 1.0 -S 1 -Z 173.0\\\" -S 1\" -S 1 -W weka.classifiers.trees.RandomForest -- -P 100 -I 100 -num-slots 1 -K 0 -M 1.0 -V 0.001 -S 1',-4523450618538717400,2.02605190226E7,4330.0,481.0,466.0,15.0,0.0,96.88149688149689,3.1185031185031185,0.0,0.8724205612434356,0.09884535293623396,0.17573314672351023,42.85758572013729,51.741704529915744,272.1308087156738,90.1161408002021,182.0146679154717,0.565760517080403,0.18735164407526425,0.3784088730051387,133.5132344551874,0.2775742920066266,49.06215326566862,0.9712230215827338,405.0,0.046875,3.0,0.953125,61.0,0.02877697841726619,12.0,0.9926470588235294,0.9712230215827338,0.9818181818181818,0.8749878427539701,0.9928057553956835,0.9989298930539258,0.9688149688149689,0.044466947232235,0.955533052767765,0.031185031185031187,0.9717531716927366,0.9688149688149689,0.9696691944867127,0.8749878427539701,0.9928057553956835,0.9924659834718746,0.9361645653616457,0.9688149688149689,0.849,0.009,0.56,0.01,560.0,10.0,3.2388019E7,1043340.0,161919.0,99.79209979209979,74.11642411642411,?,?
DatasetClassiRealeseNormalized,1,9,weka.classifiers.meta.FilteredClassifier,'-F \"weka.filters.MultiFilter -F \\\"weka.filters.supervised.instance.Resample -B 1.0 -S 1 -Z 173.0\\\" -S 1\" -S 1 -W weka.classifiers.trees.RandomForest -- -P 100 -I 100 -num-slots 1 -K 0 -M 1.0 -V 0.001 -S 1',-4523450618538717400,2.02605190226E7,4330.0,481.0,462.0,19.0,0.0,96.04989604989605,3.95010395010395,0.0,0.8403919034562254,0.11187296314393967,0.1963684392780097,48.5061256324331,57.81742348305755,272.1308087156738,103.62502525944603,168.5057834562278,0.565760517080403,0.21543664295103127,0.3503238741293717,113.88041759320792,0.2367576249339042,41.84767543618768,0.9640287769784173,402.0,0.0625,4.0,0.9375,60.0,0.03597122302158273,15.0,0.9901477832512315,0.9640287769784173,0.976913730255164,0.844002941148128,0.9853117505995204,0.9976413682702455,0.9604989604989606,0.058970183520543236,0.9410298164794568,0.0395010395010395,0.9648474545026269,0.9604989604989606,0.9617979710552068,0.844002941148128,0.9853117505995204,0.9890072731055056,0.9201115413865748,0.9604989604989606,0.638,0.009,0.62,0.01,620.0,10.0,3.6185486E7,1043340.0,161919.0,100.0,75.57172557172557,?,?
DatasetClassiRealeseNormalized,1,10,weka.classifiers.meta.FilteredClassifier,'-F \"weka.filters.MultiFilter -F \\\"weka.filters.supervised.instance.Resample -B 1.0 -S 1 -Z 173.0\\\" -S 1\" -S 1 -W weka.classifiers.trees.RandomForest -- -P 100 -I 100 -num-slots 1 -K 0 -M 1.0 -V 0.001 -S 1',-4523450618538717400,2.02605190226E7,4330.0,481.0,462.0,19.0,0.0,96.04989604989605,3.95010395010395,0.0,0.8383993775750183,0.11069699409310545,0.19842413539197762,47.99624638264308,58.42268904004193,272.1308087156738,103.91280517533232,168.2180035403415,0.565760517080403,0.2160349379944539,0.3497255790859491,106.05440033193825,0.2204873187774184,38.971846235442385,0.9664268585131894,403.0,0.078125,5.0,0.921875,59.0,0.03357314148681055,14.0,0.9877450980392157,0.9664268585131894,0.9769696969696969,0.8408665445769333,0.9812275179856115,0.9968545784042095,0.9604989604989606,0.07219710198577105,0.927802898014229,0.0395010395010395,0.9638580733463893,0.9604989604989606,0.9615809796831695,0.8408665445769333,0.9812275179856115,0.9875002667892832,0.9191417827914178,0.9604989604989606,0.601,0.008,0.57,0.01,570.0,10.0,3.1585223E7,1043340.0,161919.0,100.0,72.24532224532224,?,?
DatasetClassiRealeseNormalized,2,1,weka.classifiers.meta.FilteredClassifier,'-F \"weka.filters.MultiFilter -F \\\"weka.filters.supervised.instance.Resample -B 1.0 -S 1 -Z 173.0\\\" -S 1\" -S 1 -W weka.classifiers.trees.RandomForest -- -P 100 -I 100 -num-slots 1 -K 0 -M 1.0 -V 0.001 -S 1',-4523450618538717400,2.02605190226E7,4329.0,482.0,458.0,24.0,0.0,95.02074688796681,4.979253112033195,0.0,0.7920471704896813,0.1002942293213931,0.19415033558887257,43.51977518999411,57.214613573529995,272.3366817903761,103.47793257743275,168.85874921294334,0.565013862635635,0.21468450742205966,0.3503293552135754,132.8009253046231,0.2755205919183052,48.76351009036788,0.9641148325358851,403.0,0.140625,9.0,0.859375,55.0,0.03588516746411483,15.0,0.9781553398058253,0.9641148325358851,0.9710843373493975,0.7931197072313898,0.9813471889952153,0.9970985708555369,0.950207468879668,0.12671763634378289,0.8732823636562171,0.04979253112033195,0.9526030006733386,0.950207468879668,0.951142254035029,0.7931197072313898,0.9813471889952153,0.9810089083380141,0.8959899298687286,0.950207468879668,0.604,0.007,0.57,0.01,570.0,10.0,2.91017E7,1043111.0,162148.0,99.79253112033194,70.64315352697095,?,?
DatasetClassiRealeseNormalized,2,2,weka.classifiers.meta.FilteredClassifier,'-F \"weka.filters.MultiFilter -F \\\"weka.filters.supervised.instance.Resample -B 1.0 -S 1 -Z 173.0\\\" -S 1\" -S 1 -W weka.classifiers.trees.RandomForest -- -P 100 -I 100 -num-slots 1 -K 0 -M 1.0 -V 0.001 -S 1',-4523450618538717400,2.02605190226E7,4330.0,481.0,470.0,11.0,0.0,97.71309771309771,2.286902286902287,0.0,0.9002131150632746,0.10324120045737983,0.17533683804495273,45.02823928436338,51.969728567667744,269.42867131105754,89.74638989798893,179.6822814130686,0.5601427677984564,0.18658293118085018,0.3735598366176063,125.25961160372377,0.26041499293913467,46.490824823580326,0.9856459330143541,412.0,0.07936507936507936,5.0,0.9206349206349206,58.0,0.014354066985645933,6.0,0.988009592326139,0.9856459330143541,0.9868263473053891,0.9002501578546853,0.9916457811194653,0.9987296860187667,0.9771309771309772,0.07085012348170242,0.9291498765182975,0.02286902286902287,0.9773009554934016,0.9771309771309772,0.9772073186284134,0.9002501578546852,0.9916457811194653,0.9928590862897899,0.9501060870385214,0.9771309771309772,0.603,0.008,0.58,0.01,580.0,10.0,3.1517159E7,1043340.0,161919.0,100.0,74.53222453222453,?,?
DatasetClassiRealeseNormalized,2,3,weka.classifiers.meta.FilteredClassifier,'-F \"weka.filters.MultiFilter -F \\\"weka.filters.supervised.instance.Resample -B 1.0 -S 1 -Z 173.0\\\" -S 1\" -S 1 -W weka.classifiers.trees.RandomForest -- -P 100 -I 100 -num-slots 1 -K 0 -M 1.0 -V 0.001 -S 1',-4523450618538717400,2.02605190226E7,4330.0,481.0,461.0,20.0,0.0,95.84199584199584,4.158004158004158,0.0,0.8266479259018993,0.10192466704247385,0.19043580255041512,44.192721508994666,56.07065719356813,272.1308087156738,94.38657439075202,177.74423432492182,0.565760517080403,0.19622988438825784,0.36953063269214514,123.52612772471234,0.2568110763507533,45.39218778928269,0.9688249400479616,404.0,0.109375,7.0,0.890625,57.0,0.03117505995203837,13.0,0.9829683698296837,0.9688249400479616,0.9758454106280194,0.8277680682389067,0.9816396882494005,0.9969612284024307,0.9584199584199584,0.09897001837199679,0.9010299816280032,0.04158004158004158,0.9605241079693635,0.9584199584199584,0.9592002025486777,0.8277680682389067,0.9816396882494004,0.9881838563163301,0.9132958396423678,0.9584199584199584,0.591,0.007,0.56,0.01,560.0,10.0,2.9640232E7,1043340.0,161919.0,100.0,70.06237006237006,?,?
DatasetClassiRealeseNormalized,2,4,weka.classifiers.meta.FilteredClassifier,'-F \"weka.filters.MultiFilter -F \\\"weka.filters.supervised.instance.Resample -B 1.0 -S 1 -Z 173.0\\\" -S 1\" -S 1 -W weka.classifiers.trees.RandomForest -- -P 100 -I 100 -num-slots 1 -K 0 -M 1.0 -V 0.001 -S 1',-4523450618538717400,2.02605190226E7,4330.0,481.0,460.0,21.0,0.0,95.63409563409563,4.365904365904366,0.0,0.8257396704908136,0.09539347666323318,0.1873827198430839,41.360913606872884,55.17172772981323,272.1308087156738,96.17463600247893,175.9561727131949,0.565760517080403,0.1999472681964219,0.36581324888398103,139.09504649998308,0.2891788908523557,51.11330361911047,0.9592326139088729,400.0,0.0625,4.0,0.9375,60.0,0.0407673860911271,17.0,0.9900990099009901,0.9592326139088729,0.97442143727162,0.830586627288802,0.9889463429256595,0.9983935316249267,0.9563409563409564,0.05960834243208344,0.9403916575679165,0.04365904365904366,0.962040367980962,0.9563409563409564,0.9580079510366913,0.830586627288802,0.9889463429256595,0.986692378605182,0.9127426335294271,0.9563409563409564,0.588,0.007,0.56,0.01,560.0,10.0,2.9702151E7,1043340.0,161919.0,99.37629937629937,70.47817047817048,?,?
DatasetClassiRealeseNormalized,2,5,weka.classifiers.meta.FilteredClassifier,'-F \"weka.filters.MultiFilter -F \\\"weka.filters.supervised.instance.Resample -B 1.0 -S 1 -Z 173.0\\\" -S 1\" -S 1 -W weka.classifiers.trees.RandomForest -- -P 100 -I 100 -num-slots 1 -K 0 -M 1.0 -V 0.001 -S 1',-4523450618538717400,2.02605190226E7,4330.0,481.0,463.0,18.0,0.0,96.25779625779626,3.7422037422037424,0.0,0.8497188085815455,0.11858541850626445,0.19750681751118798,51.41652680494966,58.15260003502057,272.1308087156738,106.97992527203104,165.15088344364278,0.565760517080403,0.22241148705203959,0.34334903002836337,100.25927394388584,0.20843923896857763,36.842309188386736,0.9640287769784173,402.0,0.046875,3.0,0.953125,61.0,0.03597122302158273,15.0,0.9925925925925926,0.9640287769784173,0.9781021897810218,0.8540157214433515,0.9881969424460432,0.9981382508456988,0.9625779625779626,0.04542418559954531,0.9545758144004547,0.037422037422037424,0.9673171146855357,0.9625779625779626,0.9639086106239391,0.8540157214433515,0.9881969424460432,0.9897865464166198,0.9247653806047966,0.9625779625779626,0.609,0.007,0.59,0.01,590.0,10.0,3.4063677E7,1043340.0,161919.0,99.79209979209979,75.15592515592516,?,?
DatasetClassiRealeseNormalized,2,6,weka.classifiers.meta.FilteredClassifier,'-F \"weka.filters.MultiFilter -F \\\"weka.filters.supervised.instance.Resample -B 1.0 -S 1 -Z 173.0\\\" -S 1\" -S 1 -W weka.classifiers.trees.RandomForest -- -P 100 -I 100 -num-slots 1 -K 0 -M 1.0 -V 0.001 -S 1',-4523450618538717400,2.02605190226E7,4330.0,481.0,453.0,28.0,0.0,94.17879417879418,5.8212058212058215,0.0,0.7690592955862684,0.11505323078575552,0.2235178348138124,49.8850330774804,65.81111180066043,272.1308087156738,124.23093364131972,147.8998750743541,0.565760517080403,0.258276369316673,0.30748414776372995,102.63416945640519,0.21337665167651806,37.71501284282694,0.9496402877697842,396.0,0.109375,7.0,0.890625,57.0,0.050359712230215826,21.0,0.9826302729528535,0.9496402877697842,0.9658536585365854,0.7742382316121172,0.9699865107913669,0.9951158805913927,0.9417879417879418,0.10152265401815762,0.8984773459818425,0.058212058212058215,0.9491186166124131,0.9417879417879418,0.9441606180871039,0.7742382316121172,0.9699865107913669,0.9765139793310076,0.884335279972518,0.9417879417879418,0.593,0.007,0.57,0.0,570.0,0.0,3.0271931E7,1043340.0,161919.0,99.37629937629937,71.1018711018711,?,?
DatasetClassiRealeseNormalized,2,7,weka.classifiers.meta.FilteredClassifier,'-F \"weka.filters.MultiFilter -F \\\"weka.filters.supervised.instance.Resample -B 1.0 -S 1 -Z 173.0\\\" -S 1\" -S 1 -W weka.classifiers.trees.RandomForest -- -P 100 -I 100 -num-slots 1 -K 0 -M 1.0 -V 0.001 -S 1',-4523450618538717400,2.02605190226E7,4330.0,481.0,465.0,16.0,0.0,96.67359667359668,3.3264033264033266,0.0,0.8647594278283485,0.09637193178930444,0.17703936119827499,41.785154334365245,52.12629767393036,272.1308087156738,86.0546724175778,186.076136298096,0.565760517080403,0.17890784286398712,0.3868526742164158,133.24277940332752,0.2770120153915333,48.96276905660523,0.9688249400479616,404.0,0.046875,3.0,0.953125,61.0,0.03117505995203837,13.0,0.9926289926289926,0.9688249400479616,0.9805825242718447,0.8678652323875488,0.9931804556354916,0.9989397897049397,0.9667359667359667,0.04478602668800511,0.9552139733119949,0.033264033264033266,0.9702350242890784,0.9667359667359667,0.9677393404704507,0.8678652323875488,0.9931804556354916,0.9944012197231425,0.9323202476431687,0.9667359667359667,0.63,0.008,0.61,0.01,610.0,10.0,3.371522E7,1043340.0,161919.0,100.0,70.997920997921,?,?
DatasetClassiRealeseNormalized,2,8,weka.classifiers.meta.FilteredClassifier,'-F \"weka.filters.MultiFilter -F \\\"weka.filters.supervised.instance.Resample -B 1.0 -S 1 -Z 173.0\\\" -S 1\" -S 1 -W weka.classifiers.trees.RandomForest -- -P 100 -I 100 -num-slots 1 -K 0 -M 1.0 -V 0.001 -S 1',-4523450618538717400,2.02605190226E7,4330.0,481.0,457.0,24.0,0.0,95.01039501039502,4.98960498960499,0.0,0.8044185416101924,0.10836869967687367,0.19279565113089414,46.98673936424291,56.76547538958324,272.1308087156738,99.97525365495112,172.1555550607227,0.565760517080403,0.20784876019740356,0.35791175688299937,119.14977414208819,0.2477126281540295,43.784007663232856,0.9520383693045563,397.0,0.0625,4.0,0.9375,60.0,0.047961630695443645,20.0,0.9900249376558603,0.9520383693045563,0.9706601466992664,0.8113449181988508,0.9895458633093526,0.9983681305192967,0.9501039501039501,0.060565580799393746,0.9394344192006063,0.0498960498960499,0.9580881476143321,0.9501039501039501,0.952387971947874,0.8113449181988508,0.9895458633093526,0.9912074403821329,0.9019967400162998,0.9501039501039501,0.601,0.008,0.58,0.0,580.0,0.0,3.2225093E7,1043340.0,161919.0,100.0,73.9085239085239,?,?
DatasetClassiRealeseNormalized,2,9,weka.classifiers.meta.FilteredClassifier,'-F \"weka.filters.MultiFilter -F \\\"weka.filters.supervised.instance.Resample -B 1.0 -S 1 -Z 173.0\\\" -S 1\" -S 1 -W weka.classifiers.trees.RandomForest -- -P 100 -I 100 -num-slots 1 -K 0 -M 1.0 -V 0.001 -S 1',-4523450618538717400,2.02605190227E7,4330.0,481.0,456.0,25.0,0.0,94.8024948024948,5.197505197505198,0.0,0.7998601933991314,0.10561195779461909,0.19982791334049205,45.79146515035815,58.83600812748719,272.1308087156738,101.28735412131337,170.84345459436045,0.565760517080403,0.2105766197948303,0.35518389728557265,118.35477828589828,0.24605983011621263,43.49187026800668,0.947242206235012,395.0,0.046875,3.0,0.953125,61.0,0.05275779376498801,22.0,0.992462311557789,0.947242206235012,0.9693251533742331,0.809276819209733,0.9895458633093526,0.9983999115483159,0.9480249480249481,0.04765774178993604,0.952342258210064,0.05197505197505198,0.9581973565445141,0.9480249480249481,0.9507780357911821,0.809276819209733,0.9895458633093526,0.9909321492914368,0.8996285630816744,0.9480249480249481,0.579,0.007,0.56,0.01,560.0,10.0,2.9746894E7,1043340.0,161919.0,100.0,70.997920997921,?,?
DatasetClassiRealeseNormalized,2,10,weka.classifiers.meta.FilteredClassifier,'-F \"weka.filters.MultiFilter -F \\\"weka.filters.supervised.instance.Resample -B 1.0 -S 1 -Z 173.0\\\" -S 1\" -S 1 -W weka.classifiers.trees.RandomForest -- -P 100 -I 100 -num-slots 1 -K 0 -M 1.0 -V 0.001 -S 1',-4523450618538717400,2.02605190227E7,4330.0,481.0,461.0,20.0,0.0,95.84199584199584,4.158004158004158,0.0,0.8221219629451574,0.10564939965358365,0.19581985192535803,45.807699273990956,57.65590105408511,272.1308087156738,103.74010607926307,168.39070263641077,0.565760517080403,0.21567589621468414,0.35008462086571884,123.80714395221489,0.25739530967196445,45.495452917119124,0.973621103117506,406.0,0.140625,9.0,0.859375,55.0,0.026378896882494004,11.0,0.9783132530120482,0.973621103117506,0.9759615384615384,0.8222520559623607,0.9740707434052758,0.995630043079786,0.9584199584199584,0.12542385530245242,0.8745761446975476,0.04158004158004158,0.9590227855288096,0.9584199584199584,0.9586898288821365,0.8222520559623607,0.9740707434052759,0.9816748217924566,0.9110576923076923,0.9584199584199584,0.578,0.006,0.56,0.01,560.0,10.0,2.9219456E7,1043340.0,161919.0,100.0,73.8045738045738,?,?
DatasetClassiRealeseNormalized,3,1,weka.classifiers.meta.FilteredClassifier,'-F \"weka.filters.MultiFilter -F \\\"weka.filters.supervised.instance.Resample -B 1.0 -S 1 -Z 173.0\\\" -S 1\" -S 1 -W weka.classifiers.trees.RandomForest -- -P 100 -I 100 -num-slots 1 -K 0 -M 1.0 -V 0.001 -S 1',-4523450618538717400,2.02605190227E7,4329.0,482.0,468.0,14.0,0.0,97.0954356846473,2.904564315352697,0.0,0.8845706465959631,0.10383486881710875,0.17967160075340521,45.05613312329637,52.947841558265196,272.3366817903761,90.55668057311242,181.78000121726365,0.565013862635635,0.18787693064961083,0.37713693198602416,122.5069110254034,0.254163715820339,44.98362476183058,0.9665071770334929,404.0,0.0,0.0,1.0,64.0,0.03349282296650718,14.0,1.0,0.9665071770334929,0.9829683698296838,0.8905231776173124,0.9951031698564593,0.9992611238830312,0.970954356846473,0.0044471798129802065,0.9955528201870197,0.029045643153526972,0.9761676774124907,0.970954356846473,0.9721388369997475,0.8905231776173124,0.9951031698564593,0.9954109385057779,0.9421884102669547,0.970954356846473,0.575,0.007,0.56,0.01,560.0,10.0,2.9887603E7,1043111.0,162148.0,100.0,73.54771784232365,?,?
DatasetClassiRealeseNormalized,3,2,weka.classifiers.meta.FilteredClassifier,'-F \"weka.filters.MultiFilter -F \\\"weka.filters.supervised.instance.Resample -B 1.0 -S 1 -Z 173.0\\\" -S 1\" -S 1 -W weka.classifiers.trees.RandomForest -- -P 100 -I 100 -num-slots 1 -K 0 -M 1.0 -V 0.001 -S 1',-4523450618538717400,2.02605190227E7,4330.0,481.0,462.0,19.0,0.0,96.04989604989605,3.95010395010395,0.0,0.8321363628014623,0.10102348200313431,0.18415922932844986,44.06099019407079,54.5846797977313,269.42867131105754,93.82133737096773,175.6073339400898,0.5601427677984564,0.19505475544899736,0.36508801234945903,124.4033014968271,0.258634722446626,46.173000405440334,0.9712918660287081,406.0,0.1111111111111111,7.0,0.8888888888888888,56.0,0.028708133971291867,12.0,0.9830508474576272,0.9712918660287081,0.977135980746089,0.8329494680228192,0.9872788030682768,0.998049093244831,0.9604989604989606,0.10031820558136348,0.8996817944186365,0.0395010395010395,0.9621571874812154,0.9604989604989606,0.9611339612717515,0.8329494680228192,0.9872788030682769,0.9893158477915994,0.9160489064035788,0.9604989604989606,0.586,0.007,0.57,0.01,570.0,10.0,3.3101172E7,1043340.0,161919.0,99.79209979209979,72.03742203742203,?,?
DatasetClassiRealeseNormalized,3,3,weka.classifiers.meta.FilteredClassifier,'-F \"weka.filters.MultiFilter -F \\\"weka.filters.supervised.instance.Resample -B 1.0 -S 1 -Z 173.0\\\" -S 1\" -S 1 -W weka.classifiers.trees.RandomForest -- -P 100 -I 100 -num-slots 1 -K 0 -M 1.0 -V 0.001 -S 1',-4523450618538717400,2.02605190227E7,4330.0,481.0,458.0,23.0,0.0,95.21829521829522,4.781704781704781,0.0,0.8067901989206939,0.10533046758454395,0.19632591354151746,45.66941600541294,57.804902486685926,272.1308087156738,100.31391181386911,171.8168969018047,0.565760517080403,0.2085528312138651,0.35720768586653784,120.35188646432762,0.2502118221711593,44.225748283456205,0.9592326139088729,400.0,0.09375,6.0,0.90625,58.0,0.0407673860911271,17.0,0.9852216748768473,0.9592326139088729,0.9720534629404618,0.8102568551387972,0.9865107913669064,0.9979041012821944,0.9521829521829522,0.08670033827407927,0.9132996617259207,0.04781704781704782,0.9570286315113902,0.9521829521829522,0.9537554386457767,0.8102568551387971,0.9865107913669064,0.9888619435265881,0.9032929185205906,0.9521829521829522,0.618,0.007,0.59,0.01,590.0,10.0,3.0594072E7,1043340.0,161919.0,99.79209979209979,71.20582120582121,?,?
DatasetClassiRealeseNormalized,3,4,weka.classifiers.meta.FilteredClassifier,'-F \"weka.filters.MultiFilter -F \\\"weka.filters.supervised.instance.Resample -B 1.0 -S 1 -Z 173.0\\\" -S 1\" -S 1 -W weka.classifiers.trees.RandomForest -- -P 100 -I 100 -num-slots 1 -K 0 -M 1.0 -V 0.001 -S 1',-4523450618538717400,2.02605190227E7,4330.0,481.0,469.0,12.0,0.0,97.5051975051975,2.494802494802495,0.0,0.8959887555411395,0.09714226919354198,0.1708238390142812,42.11915892188325,50.29624046309958,272.1308087156738,85.86427576393727,186.26653295173656,0.565760517080403,0.1785120078252334,0.38724850925516957,138.71614608610983,0.2883911561041784,50.97406895631668,0.9784172661870504,408.0,0.046875,3.0,0.953125,61.0,0.02158273381294964,9.0,0.9927007299270073,0.9784172661870504,0.9855072463768116,0.8972028575876295,0.9935926258992805,0.9990353423763749,0.975051975051975,0.04350970886492469,0.9564902911350753,0.02494802494802495,0.976564725469835,0.975051975051975,0.9755201215292065,0.8972028575876295,0.9935926258992805,0.9937517126339415,0.9479775037854208,0.975051975051975,0.639,0.007,0.61,0.01,610.0,10.0,3.3273331E7,1043340.0,161919.0,100.0,73.5966735966736,?,?
DatasetClassiRealeseNormalized,3,5,weka.classifiers.meta.FilteredClassifier,'-F \"weka.filters.MultiFilter -F \\\"weka.filters.supervised.instance.Resample -B 1.0 -S 1 -Z 173.0\\\" -S 1\" -S 1 -W weka.classifiers.trees.RandomForest -- -P 100 -I 100 -num-slots 1 -K 0 -M 1.0 -V 0.001 -S 1',-4523450618538717400,2.02605190227E7,4330.0,481.0,455.0,26.0,0.0,94.5945945945946,5.405405405405405,0.0,0.777473309608541,0.11373573587855734,0.21253947504200263,49.313790735338976,62.57871621606523,272.1308087156738,115.65848736330125,156.47232135237257,0.565760517080403,0.24045423568253899,0.325306281397864,112.40112415732905,0.2336821708052579,41.3040789787118,0.9592326139088729,400.0,0.140625,9.0,0.859375,55.0,0.0407673860911271,17.0,0.9779951100244498,0.9592326139088729,0.9685230024213076,0.779302181536547,0.9705860311750599,0.9952813609847863,0.9459459459459459,0.12733833203707304,0.872661667962927,0.05405405405405406,0.9495069641768906,0.9459459459459459,0.9472740080915555,0.779302181536547,0.9705860311750599,0.9750452687459575,0.8886732659165362,0.9459459459459459,0.589,0.007,0.57,0.01,570.0,10.0,3.0332242E7,1043340.0,161919.0,99.58419958419958,72.03742203742203,?,?
DatasetClassiRealeseNormalized,3,6,weka.classifiers.meta.FilteredClassifier,'-F \"weka.filters.MultiFilter -F \\\"weka.filters.supervised.instance.Resample -B 1.0 -S 1 -Z 173.0\\\" -S 1\" -S 1 -W weka.classifiers.trees.RandomForest -- -P 100 -I 100 -num-slots 1 -K 0 -M 1.0 -V 0.001 -S 1',-4523450618538717400,2.02605190227E7,4330.0,481.0,462.0,19.0,0.0,96.04989604989605,3.95010395010395,0.0,0.8442330964190147,0.10717792599150214,0.18898155935044209,46.470441088419896,55.64247945151683,272.1308087156738,98.85213124938926,173.27867746628456,0.565760517080403,0.20551378638126666,0.3602467306991363,120.53595891986511,0.25059450918890874,44.2933894507339,0.9592326139088729,400.0,0.03125,2.0,0.96875,62.0,0.0407673860911271,17.0,0.9950248756218906,0.9592326139088729,0.9768009768009768,0.8506899104627117,0.9888714028776978,0.9982202284964294,0.9604989604989606,0.0325163465900876,0.9674836534099125,0.0395010395010395,0.9670545140033143,0.9604989604989606,0.9622089622089622,0.8506899104627117,0.9888714028776978,0.9906034878270852,0.921966921966922,0.9604989604989606,0.617,0.007,0.58,0.01,580.0,10.0,3.2625634E7,1043340.0,161919.0,100.0,74.42827442827443,?,?
DatasetClassiRealeseNormalized,3,7,weka.classifiers.meta.FilteredClassifier,'-F \"weka.filters.MultiFilter -F \\\"weka.filters.supervised.instance.Resample -B 1.0 -S 1 -Z 173.0\\\" -S 1\" -S 1 -W weka.classifiers.trees.RandomForest -- -P 100 -I 100 -num-slots 1 -K 0 -M 1.0 -V 0.001 -S 1',-4523450618538717400,2.02605190227E7,4330.0,481.0,453.0,28.0,0.0,94.17879417879418,5.8212058212058215,0.0,0.7633289986996098,0.11183947767000149,0.20627961032668068,48.49160692692945,60.735603083816855,272.1308087156738,107.84862662409401,164.2821820915798,0.565760517080403,0.2242175189690104,0.34154299811139255,108.85876934189405,0.2263176077794055,40.0023686607389,0.9544364508393285,398.0,0.140625,9.0,0.859375,55.0,0.045563549160671464,19.0,0.9778869778869779,0.9544364508393285,0.9660194174757282,0.7660705134007385,0.9800659472422062,0.9968748651035084,0.9417879417879418,0.12797649094861327,0.8720235090513868,0.058212058212058215,0.9466661899094331,0.9417879417879418,0.9435438458232887,0.7660705134007385,0.9800659472422062,0.9827846519374287,0.8815604333755452,0.9417879417879418,0.634,0.008,0.59,0.01,590.0,10.0,3.1695136E7,1043340.0,161919.0,99.79209979209979,72.34927234927235,?,?
DatasetClassiRealeseNormalized,3,8,weka.classifiers.meta.FilteredClassifier,'-F \"weka.filters.MultiFilter -F \\\"weka.filters.supervised.instance.Resample -B 1.0 -S 1 -Z 173.0\\\" -S 1\" -S 1 -W weka.classifiers.trees.RandomForest -- -P 100 -I 100 -num-slots 1 -K 0 -M 1.0 -V 0.001 -S 1',-4523450618538717400,2.02605190227E7,4330.0,481.0,460.0,21.0,0.0,95.63409563409563,4.365904365904366,0.0,0.819130839615378,0.10616481197245475,0.19562670692126274,46.031172881814314,57.59903271752109,272.1308087156738,101.88898552501149,170.24182319066233,0.565760517080403,0.21182741273391162,0.35393310434649133,120.57112113440252,0.25066761150603434,44.30631052156132,0.9664268585131894,403.0,0.109375,7.0,0.890625,57.0,0.03357314148681055,14.0,0.9829268292682927,0.9664268585131894,0.9746070133010882,0.8206236193844227,0.9808902877697842,0.99691833136058,0.9563409563409564,0.09928909782776689,0.9007109021722332,0.04365904365904366,0.958962098742243,0.9563409563409564,0.9572880852203706,0.8206236193844227,0.9808902877697843,0.9846836619000982,0.9095257288727664,0.9563409563409564,0.744,0.008,0.61,0.01,610.0,10.0,3.1196308E7,1043340.0,161919.0,99.79209979209979,71.93347193347194,?,?
DatasetClassiRealeseNormalized,3,9,weka.classifiers.meta.FilteredClassifier,'-F \"weka.filters.MultiFilter -F \\\"weka.filters.supervised.instance.Resample -B 1.0 -S 1 -Z 173.0\\\" -S 1\" -S 1 -W weka.classifiers.trees.RandomForest -- -P 100 -I 100 -num-slots 1 -K 0 -M 1.0 -V 0.001 -S 1',-4523450618538717400,2.02605190227E7,4330.0,481.0,464.0,17.0,0.0,96.46569646569647,3.5343035343035343,0.0,0.855409969409227,0.09803690142984313,0.18518684973079927,42.50705553630487,54.52519026858706,272.1308087156738,93.66200790319468,178.46880081247915,0.565760517080403,0.19472350915425088,0.3710370079261521,130.84322479019275,0.2720233363621471,48.08100391415058,0.9688249400479616,404.0,0.0625,4.0,0.9375,60.0,0.03117505995203837,13.0,0.9901960784313726,0.9688249400479616,0.9793939393939394,0.8579271936654517,0.9842251199040767,0.9973917077779503,0.9646569646569647,0.05833202460900303,0.941667975390997,0.035343035343035345,0.9678056225195629,0.9646569646569647,0.965625087084941,0.8579271936654518,0.9842251199040767,0.9882430680484383,0.9276531740765317,0.9646569646569647,0.594,0.008,0.56,0.01,560.0,10.0,2.9507149E7,1043340.0,161919.0,100.0,70.58212058212058,?,?
DatasetClassiRealeseNormalized,3,10,weka.classifiers.meta.FilteredClassifier,'-F \"weka.filters.MultiFilter -F \\\"weka.filters.supervised.instance.Resample -B 1.0 -S 1 -Z 173.0\\\" -S 1\" -S 1 -W weka.classifiers.trees.RandomForest -- -P 100 -I 100 -num-slots 1 -K 0 -M 1.0 -V 0.001 -S 1',-4523450618538717400,2.02605190227E7,4330.0,481.0,462.0,19.0,0.0,96.04989604989605,3.95010395010395,0.0,0.8442330964190147,0.11575881793726792,0.20338490042429522,50.19096310788333,59.883303860468274,272.1308087156738,113.63228942278916,158.49851929288468,0.565760517080403,0.23624176595174462,0.32951875112865836,103.95923924528104,0.2161314745224138,38.20193668475778,0.9592326139088729,400.0,0.03125,2.0,0.96875,62.0,0.0407673860911271,17.0,0.9950248756218906,0.9592326139088729,0.9768009768009768,0.8506899104627117,0.9816771582733813,0.9970671534168661,0.9604989604989606,0.0325163465900876,0.9674836534099125,0.0395010395010395,0.9670545140033143,0.9604989604989606,0.9622089622089622,0.8506899104627117,0.9816771582733813,0.9828164382303791,0.921966921966922,0.9604989604989606,0.612,0.007,0.57,0.01,570.0,10.0,3.1346985E7,1043340.0,161919.0,99.58419958419958,76.0914760914761,?,?
DatasetClassiRealeseNormalized,4,1,weka.classifiers.meta.FilteredClassifier,'-F \"weka.filters.MultiFilter -F \\\"weka.filters.supervised.instance.Resample -B 1.0 -S 1 -Z 173.0\\\" -S 1\" -S 1 -W weka.classifiers.trees.RandomForest -- -P 100 -I 100 -num-slots 1 -K 0 -M 1.0 -V 0.001 -S 1',-4523450618538717400,2.02605190227E7,4329.0,482.0,455.0,27.0,0.0,94.39834024896265,5.601659751037344,0.0,0.78392827494604,0.11226879004186213,0.2002593024354108,48.715788899654136,59.014879209940375,272.3366817903761,102.58322862021348,169.7534531701626,0.565013862635635,0.2128282751456711,0.3521855874899639,102.30327978281387,0.21224746842907444,37.56500193446548,0.9449760765550239,395.0,0.0625,4.0,0.9375,60.0,0.05502392344497608,23.0,0.9899749373433584,0.9449760765550239,0.966952264381885,0.7931504492918446,0.9890849282296651,0.9982557169531293,0.9439834024896265,0.06150732593460263,0.9384926740653974,0.056016597510373446,0.9545115851669869,0.9439834024896265,0.9469521669518913,0.7931504492918446,0.989084928229665,0.9920639372855238,0.8916393974970649,0.9439834024896265,0.592,0.008,0.57,0.01,570.0,10.0,2.9714844E7,1043111.0,162148.0,100.0,72.40663900414938,?,?
DatasetClassiRealeseNormalized,4,2,weka.classifiers.meta.FilteredClassifier,'-F \"weka.filters.MultiFilter -F \\\"weka.filters.supervised.instance.Resample -B 1.0 -S 1 -Z 173.0\\\" -S 1\" -S 1 -W weka.classifiers.trees.RandomForest -- -P 100 -I 100 -num-slots 1 -K 0 -M 1.0 -V 0.001 -S 1',-4523450618538717400,2.02605190227E7,4330.0,481.0,459.0,22.0,0.0,95.42619542619542,4.573804573804574,0.0,0.8093608128558045,0.10542342663389075,0.1977933918307983,45.980008558773356,58.625836992050395,269.42867131105754,102.65661145316353,166.77205985789402,0.5601427677984564,0.21342330863443562,0.34671945916402086,113.95401889140757,0.23691064218587854,42.29468910524625,0.9641148325358851,403.0,0.1111111111111111,7.0,0.8888888888888888,56.0,0.03588516746411483,15.0,0.9829268292682927,0.9641148325358851,0.9734299516908212,0.8113126335956885,0.9778992936887674,0.9963650612594656,0.9542619542619543,0.1012582328371802,0.8987417671628197,0.04573804573804574,0.9574917993330909,0.9542619542619543,0.955406312317409,0.8113126335956884,0.9778992936887674,0.985010718678583,0.9046254236066047,0.9542619542619543,0.594,0.007,0.58,0.01,580.0,10.0,3.0598349E7,1043340.0,161919.0,99.79209979209979,69.75051975051976,?,?
DatasetClassiRealeseNormalized,4,3,weka.classifiers.meta.FilteredClassifier,'-F \"weka.filters.MultiFilter -F \\\"weka.filters.supervised.instance.Resample -B 1.0 -S 1 -Z 173.0\\\" -S 1\" -S 1 -W weka.classifiers.trees.RandomForest -- -P 100 -I 100 -num-slots 1 -K 0 -M 1.0 -V 0.001 -S 1',-4523450618538717400,2.02605190227E7,4330.0,481.0,461.0,20.0,0.0,95.84199584199584,4.158004158004158,0.0,0.8309492847854356,0.0992541734481446,0.18497146005585452,43.034843017651966,54.461772358377324,272.1308087156738,93.03939183949926,179.09141687617455,0.565760517080403,0.19342908906340803,0.3723314280169949,134.45115916279585,0.279524239423692,49.40681277409951,0.9640287769784173,402.0,0.078125,5.0,0.921875,59.0,0.03597122302158273,15.0,0.9877149877149877,0.9640287769784173,0.9757281553398057,0.8339336593919453,0.9872601918465228,0.998011246032132,0.9584199584199584,0.07251618144154115,0.9274838185584589,0.04158004158004158,0.9623787461625299,0.9584199584199584,0.9596741755880632,0.8339336593919453,0.9872601918465228,0.9880856026893429,0.9154003095539608,0.9584199584199584,0.587,0.007,0.57,0.01,570.0,10.0,3.0028366E7,1043340.0,161919.0,99.79209979209979,70.27027027027027,?,?
DatasetClassiRealeseNormalized,4,4,weka.classifiers.meta.FilteredClassifier,'-F \"weka.filters.MultiFilter -F \\\"weka.filters.supervised.instance.Resample -B 1.0 -S 1 -Z 173.0\\\" -S 1\" -S 1 -W weka.classifiers.trees.RandomForest -- -P 100 -I 100 -num-slots 1 -K 0 -M 1.0 -V 0.001 -S 1',-4523450618538717400,2.02605190227E7,4330.0,481.0,462.0,19.0,0.0,96.04989604989605,3.95010395010395,0.0,0.8342612575034913,0.10825120192212603,0.1903929801285008,46.93579442908476,56.05804884310463,272.1308087156738,99.31426756204047,172.81654115363335,0.565760517080403,0.20647456873605088,0.35928594834435207,115.26613679389978,0.23963853803305565,42.35688613792034,0.9712230215827338,405.0,0.109375,7.0,0.890625,57.0,0.02877697841726619,12.0,0.9830097087378641,0.9712230215827338,0.9770808202653799,0.8350559024539473,0.9881220023980816,0.9981287755892314,0.9604989604989606,0.09865093891622669,0.9013490610837733,0.0395010395010395,0.9621301741394609,0.9604989604989606,0.9611223386856679,0.8350559024539475,0.9881220023980816,0.990415307229315,0.9171118387041185,0.9604989604989606,0.599,0.008,0.59,0.0,590.0,0.0,3.1797442E7,1043340.0,161919.0,100.0,73.7006237006237,?,?
DatasetClassiRealeseNormalized,4,5,weka.classifiers.meta.FilteredClassifier,'-F \"weka.filters.MultiFilter -F \\\"weka.filters.supervised.instance.Resample -B 1.0 -S 1 -Z 173.0\\\" -S 1\" -S 1 -W weka.classifiers.trees.RandomForest -- -P 100 -I 100 -num-slots 1 -K 0 -M 1.0 -V 0.001 -S 1',-4523450618538717400,2.02605190227E7,4330.0,481.0,462.0,19.0,0.0,96.04989604989605,3.95010395010395,0.0,0.8383993775750183,0.10126925284038496,0.18670905874187704,43.908545576451424,54.97337941418906,272.1308087156738,96.92248354106104,175.20832517461278,0.565760517080403,0.20150204478391068,0.3642584722964923,126.09326072228379,0.2621481511897792,46.335533017148315,0.9664268585131894,403.0,0.078125,5.0,0.921875,59.0,0.03357314148681055,14.0,0.9877450980392157,0.9664268585131894,0.9769696969696969,0.8408665445769333,0.9841501798561151,0.9974706367987115,0.9604989604989606,0.07219710198577105,0.927802898014229,0.0395010395010395,0.9638580733463893,0.9604989604989606,0.9615809796831695,0.8408665445769333,0.9841501798561152,0.9863416919008815,0.9191417827914178,0.9604989604989606,0.623,0.007,0.6,0.01,600.0,10.0,3.2105897E7,1043340.0,161919.0,99.58419958419958,71.62162162162163,?,?
DatasetClassiRealeseNormalized,4,6,weka.classifiers.meta.FilteredClassifier,'-F \"weka.filters.MultiFilter -F \\\"weka.filters.supervised.instance.Resample -B 1.0 -S 1 -Z 173.0\\\" -S 1\" -S 1 -W weka.classifiers.trees.RandomForest -- -P 100 -I 100 -num-slots 1 -K 0 -M 1.0 -V 0.001 -S 1',-4523450618538717400,2.02605190227E7,4330.0,481.0,460.0,21.0,0.0,95.63409563409563,4.365904365904366,0.0,0.819130839615378,0.10416907938735896,0.18889863517982078,45.165858754245846,55.61806380760062,272.1308087156738,95.8870034808705,176.24380523480332,0.565760517080403,0.19934927958600937,0.3664112374943936,127.76880407300503,0.26563160929938673,46.95124549697704,0.9664268585131894,403.0,0.109375,7.0,0.890625,57.0,0.03357314148681055,14.0,0.9829268292682927,0.9664268585131894,0.9746070133010882,0.8206236193844227,0.9886465827338129,0.9982804071107751,0.9563409563409564,0.09928909782776689,0.9007109021722332,0.04365904365904366,0.958962098742243,0.9563409563409564,0.9572880852203706,0.8206236193844227,0.9886465827338129,0.9894403404352485,0.9095257288727664,0.9563409563409564,0.629,0.007,0.61,0.01,610.0,10.0,3.5028126E7,1043340.0,161919.0,100.0,73.28482328482329,?,?
DatasetClassiRealeseNormalized,4,7,weka.classifiers.meta.FilteredClassifier,'-F \"weka.filters.MultiFilter -F \\\"weka.filters.supervised.instance.Resample -B 1.0 -S 1 -Z 173.0\\\" -S 1\" -S 1 -W weka.classifiers.trees.RandomForest -- -P 100 -I 100 -num-slots 1 -K 0 -M 1.0 -V 0.001 -S 1',-4523450618538717400,2.02605190227E7,4330.0,481.0,458.0,23.0,0.0,95.21829521829522,4.781704781704781,0.0,0.8158713779272009,0.10304528635062654,0.20124961124945992,44.6786020955082,59.25460344947474,272.1308087156738,101.56054384170336,170.57026487397047,0.565760517080403,0.21114458179148307,0.3546159352889199,121.16319615322209,0.2518985367010854,44.523880528284884,0.9496402877697842,396.0,0.03125,2.0,0.96875,62.0,0.050359712230215826,21.0,0.9949748743718593,0.9496402877697842,0.9717791411042944,0.8254765008460841,0.9875599520383693,0.9980731011255415,0.9521829521829522,0.033792664413168014,0.966207335586832,0.04781704781704782,0.9619786934069189,0.9521829521829522,0.9547157929278876,0.8254765008460841,0.9875599520383693,0.9893522534602169,0.9076582780351404,0.9521829521829522,0.592,0.007,0.58,0.0,580.0,0.0,2.9046049E7,1043340.0,161919.0,99.79209979209979,70.58212058212058,?,?
DatasetClassiRealeseNormalized,4,8,weka.classifiers.meta.FilteredClassifier,'-F \"weka.filters.MultiFilter -F \\\"weka.filters.supervised.instance.Resample -B 1.0 -S 1 -Z 173.0\\\" -S 1\" -S 1 -W weka.classifiers.trees.RandomForest -- -P 100 -I 100 -num-slots 1 -K 0 -M 1.0 -V 0.001 -S 1',-4523450618538717400,2.02605190227E7,4330.0,481.0,458.0,23.0,0.0,95.21829521829522,4.781704781704781,0.0,0.804378193906601,0.11125563991718222,0.20152090394355765,48.23846526882595,59.33448107461746,272.1308087156738,107.37421356421663,164.7565951514572,0.565760517080403,0.2232312132312196,0.34252930384918334,116.21120959809498,0.24160334635778583,42.70417235981322,0.9616306954436451,401.0,0.109375,7.0,0.890625,57.0,0.03836930455635491,16.0,0.9828431372549019,0.9616306954436451,0.9721212121212122,0.8067452463998966,0.9796163069544365,0.9968256084649072,0.9521829521829522,0.0999272567393071,0.900072743260693,0.04781704781704782,0.9559629750000418,0.9521829521829522,0.9534927648796262,0.8067452463998965,0.9796163069544364,0.9802656875932416,0.9021190002211901,0.9521829521829522,0.756,0.007,0.58,0.01,580.0,10.0,3.1797906E7,1043340.0,161919.0,99.79209979209979,72.55717255717256,?,?
DatasetClassiRealeseNormalized,4,9,weka.classifiers.meta.FilteredClassifier,'-F \"weka.filters.MultiFilter -F \\\"weka.filters.supervised.instance.Resample -B 1.0 -S 1 -Z 173.0\\\" -S 1\" -S 1 -W weka.classifiers.trees.RandomForest -- -P 100 -I 100 -num-slots 1 -K 0 -M 1.0 -V 0.001 -S 1',-4523450618538717400,2.02605190227E7,4330.0,481.0,457.0,24.0,0.0,95.01039501039502,4.98960498960499,0.0,0.7971391417425228,0.10484776118846,0.1987570676046949,45.4601231035891,58.52071539705022,272.1308087156738,103.58777121728693,168.5430374983869,0.565760517080403,0.21535919171993123,0.3504013253604717,124.97199076090838,0.2598170286089571,45.92349956651946,0.9592326139088729,400.0,0.109375,7.0,0.890625,57.0,0.0407673860911271,17.0,0.9828009828009828,0.9592326139088729,0.9708737864077671,0.8000020863963418,0.9805905275779376,0.996983936842678,0.9501039501039501,0.1002463361950772,0.8997536638049228,0.0498960498960499,0.9545224680359815,0.9501039501039501,0.951609010705676,0.8000020863963418,0.9805905275779377,0.9832171700519604,0.8984803714647531,0.9501039501039501,0.611,0.006,0.58,0.01,580.0,10.0,2.8633232E7,1043340.0,161919.0,99.79209979209979,72.14137214137214,?,?
DatasetClassiRealeseNormalized,4,10,weka.classifiers.meta.FilteredClassifier,'-F \"weka.filters.MultiFilter -F \\\"weka.filters.supervised.instance.Resample -B 1.0 -S 1 -Z 173.0\\\" -S 1\" -S 1 -W weka.classifiers.trees.RandomForest -- -P 100 -I 100 -num-slots 1 -K 0 -M 1.0 -V 0.001 -S 1',-4523450618538717400,2.02605190227E7,4330.0,481.0,458.0,23.0,0.0,95.21829521829522,4.781704781704781,0.0,0.804378193906601,0.10456956771356583,0.1965828109240835,45.339503364340956,57.88054165158494,272.1308087156738,100.91706223893775,171.21374647673608,0.565760517080403,0.2098067822015338,0.35595373487886917,121.0592172130055,0.2516823642682027,44.48567135207756,0.9616306954436451,401.0,0.109375,7.0,0.890625,57.0,0.03836930455635491,16.0,0.9828431372549019,0.9616306954436451,0.9721212121212122,0.8067452463998966,0.9854241606714629,0.997729573807584,0.9521829521829522,0.0999272567393071,0.900072743260693,0.04781704781704782,0.9559629750000418,0.9521829521829522,0.9534927648796262,0.8067452463998965,0.9854241606714629,0.9875324776418796,0.9021190002211901,0.9521829521829522,0.621,0.006,0.58,0.0,580.0,0.0,3.1720683E7,1043340.0,161919.0,99.79209979209979,71.51767151767152,?,?
DatasetClassiRealeseNormalized,5,1,weka.classifiers.meta.FilteredClassifier,'-F \"weka.filters.MultiFilter -F \\\"weka.filters.supervised.instance.Resample -B 1.0 -S 1 -Z 173.0\\\" -S 1\" -S 1 -W weka.classifiers.trees.RandomForest -- -P 100 -I 100 -num-slots 1 -K 0 -M 1.0 -V 0.001 -S 1',-4523450618538717400,2.02605190227E7,4329.0,482.0,464.0,18.0,0.0,96.2655601659751,3.7344398340248963,0.0,0.8440353778672612,0.10624888662452102,0.18309109400969548,46.10362621431528,53.955539972396345,272.3366817903761,93.93337521200962,178.40330657836645,0.565013862635635,0.19488252118674196,0.37013134144889304,117.17529442990033,0.24310227060145298,43.025894881135734,0.9712918660287081,406.0,0.09375,6.0,0.90625,58.0,0.028708133971291867,12.0,0.9854368932038835,0.9712918660287081,0.9783132530120482,0.8451783135253793,0.9887858851674641,0.9981946600240117,0.9626556016597511,0.08511373563104291,0.9148862643689571,0.03734439834024896,0.9646082837921052,0.9626556016597511,0.9633566905262718,0.8451783135253794,0.988785885167464,0.9923383043754693,0.9219924474015464,0.9626556016597511,0.743,0.007,0.59,0.01,590.0,10.0,3.3700886E7,1043111.0,162148.0,100.0,73.7551867219917,?,?
DatasetClassiRealeseNormalized,5,2,weka.classifiers.meta.FilteredClassifier,'-F \"weka.filters.MultiFilter -F \\\"weka.filters.supervised.instance.Resample -B 1.0 -S 1 -Z 173.0\\\" -S 1\" -S 1 -W weka.classifiers.trees.RandomForest -- -P 100 -I 100 -num-slots 1 -K 0 -M 1.0 -V 0.001 -S 1',-4523450618538717400,2.02605190227E7,4330.0,481.0,456.0,25.0,0.0,94.8024948024948,5.197505197505198,0.0,0.7847412419669552,0.10959719370631148,0.212820136033223,47.80038048026938,63.07975452679897,269.42867131105754,119.0767242730127,150.35194703804484,0.5601427677984564,0.24756075732435073,0.3125820104741057,113.42327405040619,0.23580722255801703,42.09770010685245,0.9593301435406698,401.0,0.12698412698412698,8.0,0.873015873015873,55.0,0.04066985645933014,17.0,0.980440097799511,0.9593301435406698,0.9697702539298668,0.7871081673300422,0.9657097288676236,0.994426280658001,0.9480249480249481,0.11567893146840515,0.884321068531595,0.05197505197505198,0.9520768417467684,0.9480249480249481,0.9494746350852757,0.7871081673300422,0.9657097288676236,0.9733171738382779,0.8922925343723409,0.9480249480249481,0.76,0.009,0.6,0.01,600.0,10.0,3.3916148E7,1043340.0,161919.0,99.58419958419958,71.62162162162163,?,?
DatasetClassiRealeseNormalized,5,3,weka.classifiers.meta.FilteredClassifier,'-F \"weka.filters.MultiFilter -F \\\"weka.filters.supervised.instance.Resample -B 1.0 -S 1 -Z 173.0\\\" -S 1\" -S 1 -W weka.classifiers.trees.RandomForest -- -P 100 -I 100 -num-slots 1 -K 0 -M 1.0 -V 0.001 -S 1',-4523450618538717400,2.02605190227E7,4330.0,481.0,459.0,22.0,0.0,95.42619542619542,4.573804573804574,0.0,0.8140442132639791,0.10984287983398916,0.19748299218320858,47.62591764196387,58.14558506315202,272.1308087156738,104.49745130411877,167.63335741155504,0.565760517080403,0.21725041851168142,0.3485100985687215,115.13676490815995,0.23936957361363814,42.30934580746294,0.9616306954436451,401.0,0.09375,6.0,0.90625,58.0,0.03836930455635491,16.0,0.9852579852579852,0.9616306954436451,0.9733009708737864,0.8169678728941436,0.9826139088729017,0.997128065805498,0.9542619542619543,0.08638125881830917,0.9136187411816908,0.04573804573804574,0.9584506070992557,0.9542619542619543,0.9556415931468697,0.8169678728941436,0.9826139088729017,0.9863007881301507,0.906940340509357,0.9542619542619543,0.655,0.007,0.62,0.01,620.0,10.0,3.3683705E7,1043340.0,161919.0,99.79209979209979,73.9085239085239,?,?
DatasetClassiRealeseNormalized,5,4,weka.classifiers.meta.FilteredClassifier,'-F \"weka.filters.MultiFilter -F \\\"weka.filters.supervised.instance.Resample -B 1.0 -S 1 -Z 173.0\\\" -S 1\" -S 1 -W weka.classifiers.trees.RandomForest -- -P 100 -I 100 -num-slots 1 -K 0 -M 1.0 -V 0.001 -S 1',-4523450618538717400,2.02605190227E7,4330.0,481.0,458.0,23.0,0.0,95.21829521829522,4.781704781704781,0.0,0.8067901989206939,0.10650341732983211,0.19602211190295984,46.177986138057726,57.71545314311568,272.1308087156738,103.24023462507168,168.89057409060214,0.565760517080403,0.21463666242218643,0.3511238546582165,121.18423384935944,0.2519422741150924,44.5316112575752,0.9592326139088729,400.0,0.09375,6.0,0.90625,58.0,0.0407673860911271,17.0,0.9852216748768473,0.9592326139088729,0.9720534629404618,0.8102568551387972,0.9869604316546763,0.998074512320697,0.9521829521829522,0.08670033827407927,0.9132996617259207,0.04781704781704782,0.9570286315113902,0.9521829521829522,0.9537554386457767,0.8102568551387971,0.9869604316546763,0.9845244145502541,0.9032929185205906,0.9521829521829522,0.607,0.006,0.57,0.01,570.0,10.0,3.1327433E7,1043340.0,161919.0,99.58419958419958,72.14137214137214,?,?
DatasetClassiRealeseNormalized,5,5,weka.classifiers.meta.FilteredClassifier,'-F \"weka.filters.MultiFilter -F \\\"weka.filters.supervised.instance.Resample -B 1.0 -S 1 -Z 173.0\\\" -S 1\" -S 1 -W weka.classifiers.trees.RandomForest -- -P 100 -I 100 -num-slots 1 -K 0 -M 1.0 -V 0.001 -S 1',-4523450618538717400,2.02605190227E7,4330.0,481.0,467.0,14.0,0.0,97.0893970893971,2.9106029106029108,0.0,0.8786535481313296,0.09468010798961712,0.16862754150078302,41.051609646986336,49.6495771606891,272.1308087156738,84.24137078171908,187.88943793395475,0.565760517080403,0.17513798499317898,0.39062253208722403,141.75035685152633,0.29469928659360983,52.089051408960145,0.9760191846522782,407.0,0.0625,4.0,0.9375,60.0,0.023980815347721823,10.0,0.9902676399026764,0.9760191846522782,0.9830917874396135,0.8798441602504489,0.9932179256594724,0.9989830968961451,0.9708939708939709,0.05737478624169272,0.9426252137583073,0.029106029106029108,0.9725545710947171,0.9708939708939709,0.9714401417840742,0.8798441602504489,0.9932179256594724,0.9926854303503054,0.9393070877496574,0.9708939708939709,0.711,0.008,0.57,0.01,570.0,10.0,3.2383879E7,1043340.0,161919.0,99.79209979209979,72.03742203742203,?,?
DatasetClassiRealeseNormalized,5,6,weka.classifiers.meta.FilteredClassifier,'-F \"weka.filters.MultiFilter -F \\\"weka.filters.supervised.instance.Resample -B 1.0 -S 1 -Z 173.0\\\" -S 1\" -S 1 -W weka.classifiers.trees.RandomForest -- -P 100 -I 100 -num-slots 1 -K 0 -M 1.0 -V 0.001 -S 1',-4523450618538717400,2.02605190227E7,4330.0,481.0,465.0,16.0,0.0,96.67359667359668,3.3264033264033266,0.0,0.8613183407215195,0.10561267589591082,0.1816515067622702,45.79177650629702,53.48426728564321,272.1308087156738,94.21458781883548,177.91622089683835,0.565760517080403,0.19587232394768292,0.3698881931327201,116.4557091369121,0.24211166140730167,42.79401868775053,0.973621103117506,406.0,0.078125,5.0,0.921875,59.0,0.026378896882494004,11.0,0.9878345498783455,0.973621103117506,0.9806763285024155,0.8624854629132681,0.9858738009592326,0.9976319377241265,0.9667359667359667,0.07123986361846073,0.9287601363815393,0.033264033264033266,0.9685444167195992,0.9667359667359667,0.967360162038942,0.8624854629132681,0.9858738009592326,0.9912370657816095,0.9306366717138943,0.9667359667359667,0.699,0.008,0.6,0.01,600.0,10.0,3.3413969E7,1043340.0,161919.0,100.0,74.63617463617463,?,?
DatasetClassiRealeseNormalized,5,7,weka.classifiers.meta.FilteredClassifier,'-F \"weka.filters.MultiFilter -F \\\"weka.filters.supervised.instance.Resample -B 1.0 -S 1 -Z 173.0\\\" -S 1\" -S 1 -W weka.classifiers.trees.RandomForest -- -P 100 -I 100 -num-slots 1 -K 0 -M 1.0 -V 0.001 -S 1',-4523450618538717400,2.02605190227E7,4330.0,481.0,456.0,25.0,0.0,94.8024948024948,5.197505197505198,0.0,0.7873676020723924,0.10612937504268298,0.20321131815746968,46.01580805979449,59.83219544677867,272.1308087156738,105.03842720676026,167.09238150891355,0.565760517080403,0.21837510853796313,0.3473854085424398,120.90746001095428,0.25136686072963466,44.42990508189027,0.9592326139088729,400.0,0.125,8.0,0.875,56.0,0.0407673860911271,17.0,0.9803921568627451,0.9592326139088729,0.9696969696969697,0.7896845973113783,0.9783423261390888,0.9966426355456942,0.9480249480249481,0.11379233411607512,0.8862076658839249,0.05197505197505198,0.9520154258268683,0.9480249480249481,0.9494486574778546,0.7896845973113783,0.9783423261390887,0.9807040366775609,0.893607608936076,0.9480249480249481,0.594,0.007,0.56,0.0,560.0,0.0,2.6612581E7,1043340.0,161919.0,99.79209979209979,71.3097713097713,?,?
DatasetClassiRealeseNormalized,5,8,weka.classifiers.meta.FilteredClassifier,'-F \"weka.filters.MultiFilter -F \\\"weka.filters.supervised.instance.Resample -B 1.0 -S 1 -Z 173.0\\\" -S 1\" -S 1 -W weka.classifiers.trees.RandomForest -- -P 100 -I 100 -num-slots 1 -K 0 -M 1.0 -V 0.001 -S 1',-4523450618538717400,2.02605190227E7,4330.0,481.0,457.0,24.0,0.0,95.01039501039502,4.98960498960499,0.0,0.80205082478823,0.09816858798783315,0.1884418994743434,42.56415248400748,55.48358556964899,272.1308087156738,91.10968375012885,181.02112496554497,0.565760517080403,0.1894172219337398,0.37634329514666315,134.4581948947077,0.27953886672496403,49.40939819687654,0.9544364508393285,398.0,0.078125,5.0,0.921875,59.0,0.045563549160671464,19.0,0.9875930521091811,0.9544364508393285,0.9707317073170731,0.8074519296638835,0.9902952637889688,0.9985230092108958,0.9501039501039501,0.07379249926462157,0.9262075007353785,0.0498960498960499,0.9568327632843762,0.9501039501039501,0.9521376726460891,0.8074519296638835,0.9902952637889688,0.9912429302671064,0.9008588114050153,0.9501039501039501,0.583,0.007,0.56,0.01,560.0,10.0,3.0403211E7,1043340.0,161919.0,100.0,68.91891891891892,?,?
DatasetClassiRealeseNormalized,5,9,weka.classifiers.meta.FilteredClassifier,'-F \"weka.filters.MultiFilter -F \\\"weka.filters.supervised.instance.Resample -B 1.0 -S 1 -Z 173.0\\\" -S 1\" -S 1 -W weka.classifiers.trees.RandomForest -- -P 100 -I 100 -num-slots 1 -K 0 -M 1.0 -V 0.001 -S 1',-4523450618538717400,2.02605190227E7,4330.0,481.0,462.0,19.0,0.0,96.04989604989605,3.95010395010395,0.0,0.8383993775750183,0.10676876819943604,0.19614343073531126,46.29303755223295,57.75117345709445,272.1308087156738,100.48293890890932,171.6478698067645,0.565760517080403,0.20890423889586138,0.3568562781845416,115.84980512672443,0.2408519857104458,42.57136693690789,0.9664268585131894,403.0,0.078125,5.0,0.921875,59.0,0.03357314148681055,14.0,0.9877450980392157,0.9664268585131894,0.9769696969696969,0.8408665445769333,0.9831010191846523,0.9973143240896846,0.9604989604989606,0.07219710198577105,0.927802898014229,0.0395010395010395,0.9638580733463893,0.9604989604989606,0.9615809796831695,0.8408665445769333,0.9831010191846523,0.9871114598030251,0.9191417827914178,0.9604989604989606,0.575,0.006,0.55,0.01,550.0,10.0,2.9617576E7,1043340.0,161919.0,100.0,71.82952182952182,?,?
DatasetClassiRealeseNormalized,5,10,weka.classifiers.meta.FilteredClassifier,'-F \"weka.filters.MultiFilter -F \\\"weka.filters.supervised.instance.Resample -B 1.0 -S 1 -Z 173.0\\\" -S 1\" -S 1 -W weka.classifiers.trees.RandomForest -- -P 100 -I 100 -num-slots 1 -K 0 -M 1.0 -V 0.001 -S 1',-4523450618538717400,2.02605190227E7,4330.0,481.0,464.0,17.0,0.0,96.46569646569647,3.5343035343035343,0.0,0.855409969409227,0.11048797752674613,0.1894429851895919,47.90562051968064,55.77833862138261,272.1308087156738,100.67920547819766,171.45160323747615,0.565760517080403,0.20931227750145043,0.3564482395789525,113.90698979895704,0.2368128686049003,41.85743993359043,0.9688249400479616,404.0,0.0625,4.0,0.9375,60.0,0.03117505995203837,13.0,0.9901960784313726,0.9688249400479616,0.9793939393939394,0.8579271936654517,0.9895458633093526,0.9984285378496991,0.9646569646569647,0.05833202460900303,0.941667975390997,0.035343035343035345,0.9678056225195629,0.9646569646569647,0.965625087084941,0.8579271936654518,0.9895458633093526,0.9890956232568184,0.9276531740765317,0.9646569646569647,0.816,0.009,0.58,0.0,580.0,0.0,3.2810653E7,1043340.0,161919.0,99.79209979209979,73.18087318087318,?,?
DatasetClassiRealeseNormalized,6,1,weka.classifiers.meta.FilteredClassifier,'-F \"weka.filters.MultiFilter -F \\\"weka.filters.supervised.instance.Resample -B 1.0 -S 1 -Z 173.0\\\" -S 1\" -S 1 -W weka.classifiers.trees.RandomForest -- -P 100 -I 100 -num-slots 1 -K 0 -M 1.0 -V 0.001 -S 1',-4523450618538717400,2.02605190227E7,4329.0,482.0,454.0,28.0,0.0,94.19087136929461,5.809128630705394,0.0,0.777234913508517,0.11840735622589349,0.21687115621963765,51.37944185481934,63.910265005292025,272.3366817903761,116.31383579202561,156.02284599835048,0.565013862635635,0.24131501201665065,0.3236988506189844,93.67261985268546,0.19434153496407772,34.39588792698424,0.9425837320574163,394.0,0.0625,4.0,0.9375,60.0,0.05741626794258373,24.0,0.9899497487437185,0.9425837320574163,0.9656862745098039,0.7872649963958298,0.9799641148325359,0.9967675262271589,0.941908713692946,0.0618249816355298,0.9381750183644703,0.058091286307053944,0.9533470553717014,0.941908713692946,0.9451218975871161,0.7872649963958298,0.979964114832536,0.9844238333528397,0.8882485426603074,0.941908713692946,0.624,0.007,0.6,0.0,600.0,0.0,3.222645E7,1043111.0,162148.0,100.0,71.88796680497926,?,?
DatasetClassiRealeseNormalized,6,2,weka.classifiers.meta.FilteredClassifier,'-F \"weka.filters.MultiFilter -F \\\"weka.filters.supervised.instance.Resample -B 1.0 -S 1 -Z 173.0\\\" -S 1\" -S 1 -W weka.classifiers.trees.RandomForest -- -P 100 -I 100 -num-slots 1 -K 0 -M 1.0 -V 0.001 -S 1',-4523450618538717400,2.02605190227E7,4330.0,481.0,463.0,18.0,0.0,96.25779625779626,3.7422037422037424,0.0,0.8420015329026607,0.10484669405156724,0.19013597376913555,45.72846893500976,56.35618309255585,269.42867131105754,101.03228522650814,168.39638608454942,0.5601427677984564,0.21004633103224143,0.350096436766215,124.90137127538301,0.25967021055173184,46.35786186659526,0.9712918660287081,406.0,0.09523809523809523,6.0,0.9047619047619048,57.0,0.028708133971291867,12.0,0.9854368932038835,0.9712918660287081,0.9783132530120482,0.8431717076839369,0.9851143009037746,0.9977849801416218,0.9625779625779626,0.08652419178734969,0.9134758082126504,0.037422037422037424,0.9645656956758687,0.9625779625779626,0.9632932030522392,0.8431717076839369,0.9851143009037746,0.9851179958133796,0.920974808324206,0.9625779625779626,0.603,0.007,0.58,0.01,580.0,10.0,3.1383352E7,1043340.0,161919.0,99.79209979209979,73.28482328482329,?,?
DatasetClassiRealeseNormalized,6,3,weka.classifiers.meta.FilteredClassifier,'-F \"weka.filters.MultiFilter -F \\\"weka.filters.supervised.instance.Resample -B 1.0 -S 1 -Z 173.0\\\" -S 1\" -S 1 -W weka.classifiers.trees.RandomForest -- -P 100 -I 100 -num-slots 1 -K 0 -M 1.0 -V 0.001 -S 1',-4523450618538717400,2.02605190227E7,4330.0,481.0,461.0,20.0,0.0,95.84199584199584,4.158004158004158,0.0,0.8244141052785282,0.11028031233280201,0.19647221475127183,47.81558058774483,57.84797844650693,272.1308087156738,104.7533041204406,167.37750459523323,0.565760517080403,0.21778233704873307,0.3479781800316699,121.18235775236991,0.2519383737055507,44.53092184758212,0.9712230215827338,405.0,0.125,8.0,0.875,56.0,0.02877697841726619,12.0,0.9806295399515739,0.9712230215827338,0.9759036144578312,0.8249229163710716,0.9787170263788969,0.9965634013709963,0.9584199584199584,0.1121969368372246,0.8878030631627755,0.04158004158004158,0.9597264043924064,0.9584199584199584,0.9589497661786818,0.8249229163710715,0.9787170263788969,0.9839866496278658,0.9121942314713398,0.9584199584199584,0.62,0.008,0.6,0.0,600.0,0.0,3.3459208E7,1043340.0,161919.0,100.0,74.32432432432432,?,?
DatasetClassiRealeseNormalized,6,4,weka.classifiers.meta.FilteredClassifier,'-F \"weka.filters.MultiFilter -F \\\"weka.filters.supervised.instance.Resample -B 1.0 -S 1 -Z 173.0\\\" -S 1\" -S 1 -W weka.classifiers.trees.RandomForest -- -P 100 -I 100 -num-slots 1 -K 0 -M 1.0 -V 0.001 -S 1',-4523450618538717400,2.02605190227E7,4330.0,481.0,462.0,19.0,0.0,96.04989604989605,3.95010395010395,0.0,0.8403919034562254,0.10504718793581834,0.19351138163979456,45.54659099171847,56.97621034314802,272.1308087156738,99.89224860117406,172.23856011449976,0.565760517080403,0.20767619251803338,0.35808432456236955,119.2844498777123,0.24799261928838318,43.83349700119489,0.9640287769784173,402.0,0.0625,4.0,0.9375,60.0,0.03597122302158273,15.0,0.9901477832512315,0.9640287769784173,0.976913730255164,0.844002941148128,0.9868854916067147,0.9980069951186873,0.9604989604989606,0.058970183520543236,0.9410298164794568,0.0395010395010395,0.9648474545026269,0.9604989604989606,0.9617979710552068,0.844002941148128,0.9868854916067146,0.9869335449078384,0.9201115413865748,0.9604989604989606,0.624,0.007,0.59,0.01,590.0,10.0,2.9574282E7,1043340.0,161919.0,99.58419958419958,71.20582120582121,?,?
DatasetClassiRealeseNormalized,6,5,weka.classifiers.meta.FilteredClassifier,'-F \"weka.filters.MultiFilter -F \\\"weka.filters.supervised.instance.Resample -B 1.0 -S 1 -Z 173.0\\\" -S 1\" -S 1 -W weka.classifiers.trees.RandomForest -- -P 100 -I 100 -num-slots 1 -K 0 -M 1.0 -V 0.001 -S 1',-4523450618538717400,2.02605190227E7,4330.0,481.0,461.0,20.0,0.0,95.84199584199584,4.158004158004158,0.0,0.8330208984239394,0.10212117576895684,0.18926110023059503,44.27792419520929,55.724785617966255,272.1308087156738,96.1839630148733,175.9468457008005,0.565760517080403,0.19996665907458067,0.36579385800582226,125.91812989492776,0.26178405383560865,46.271177632992234,0.9616306954436451,401.0,0.0625,4.0,0.9375,60.0,0.03836930455635491,16.0,0.9901234567901235,0.9616306954436451,0.9756690997566911,0.8372333722169654,0.9847497002398081,0.9974565104037358,0.9584199584199584,0.05928926297631333,0.9407107370236867,0.04158004158004158,0.9634257739520898,0.9584199584199584,0.9598984562488213,0.8372333722169654,0.9847497002398081,0.9898716263887125,0.9164059784497742,0.9584199584199584,0.591,0.006,0.58,0.0,580.0,0.0,3.1041839E7,1043340.0,161919.0,100.0,72.34927234927235,?,?
DatasetClassiRealeseNormalized,6,6,weka.classifiers.meta.FilteredClassifier,'-F \"weka.filters.MultiFilter -F \\\"weka.filters.supervised.instance.Resample -B 1.0 -S 1 -Z 173.0\\\" -S 1\" -S 1 -W weka.classifiers.trees.RandomForest -- -P 100 -I 100 -num-slots 1 -K 0 -M 1.0 -V 0.001 -S 1',-4523450618538717400,2.02605190227E7,4330.0,481.0,459.0,22.0,0.0,95.42619542619542,4.573804573804574,0.0,0.8163229882663333,0.11194016530837346,0.20269815272884395,48.53526329482434,59.68110241465596,272.1308087156738,111.6025693751971,160.52823934047672,0.565760517080403,0.23202197375300854,0.33373854332739444,108.30568387237562,0.22516774193841085,39.799126156838405,0.9592326139088729,400.0,0.078125,5.0,0.921875,59.0,0.0407673860911271,17.0,0.9876543209876543,0.9592326139088729,0.9732360097323601,0.8204510229905794,0.9842625899280576,0.9976302041512876,0.9542619542619543,0.07315434035308135,0.9268456596469187,0.04573804573804574,0.9595344332186437,0.9542619542619543,0.9558883018737033,0.8204510229905794,0.9842625899280576,0.9822115510233363,0.9080465762947516,0.9542619542619543,0.665,0.007,0.58,0.0,580.0,0.0,3.2390663E7,1043340.0,161919.0,99.58419958419958,72.03742203742203,?,?
DatasetClassiRealeseNormalized,6,7,weka.classifiers.meta.FilteredClassifier,'-F \"weka.filters.MultiFilter -F \\\"weka.filters.supervised.instance.Resample -B 1.0 -S 1 -Z 173.0\\\" -S 1\" -S 1 -W weka.classifiers.trees.RandomForest -- -P 100 -I 100 -num-slots 1 -K 0 -M 1.0 -V 0.001 -S 1',-4523450618538717400,2.02605190227E7,4330.0,481.0,461.0,20.0,0.0,95.84199584199584,4.158004158004158,0.0,0.8330208984239394,0.0965154887039496,0.18452908966885012,41.84739805743731,54.331523749711714,272.1308087156738,89.38781907704195,182.74298963863185,0.565760517080403,0.1858374616986319,0.379923055381771,133.07965171205092,0.27667287258222645,48.90282446890989,0.9616306954436451,401.0,0.0625,4.0,0.9375,60.0,0.03836930455635491,16.0,0.9901234567901235,0.9616306954436451,0.9756690997566911,0.8372333722169654,0.9902952637889688,0.9984813571567724,0.9584199584199584,0.05928926297631333,0.9407107370236867,0.04158004158004158,0.9634257739520898,0.9584199584199584,0.9598984562488213,0.8372333722169654,0.9902952637889688,0.9921067380133936,0.9164059784497742,0.9584199584199584,0.573,0.007,0.54,0.01,540.0,10.0,2.6325673E7,1043340.0,161919.0,100.0,69.75051975051976,?,?
DatasetClassiRealeseNormalized,6,8,weka.classifiers.meta.FilteredClassifier,'-F \"weka.filters.MultiFilter -F \\\"weka.filters.supervised.instance.Resample -B 1.0 -S 1 -Z 173.0\\\" -S 1\" -S 1 -W weka.classifiers.trees.RandomForest -- -P 100 -I 100 -num-slots 1 -K 0 -M 1.0 -V 0.001 -S 1',-4523450618538717400,2.02605190227E7,4330.0,481.0,467.0,14.0,0.0,97.0893970893971,2.9106029106029108,0.0,0.881664499349805,0.09831440042337988,0.16949222821377724,42.62737416079726,49.90416979303456,272.1308087156738,85.03558975650053,187.09521895917328,0.565760517080403,0.1767891678929325,0.38897134918747045,131.30843763733338,0.27299051483853093,48.25195583588858,0.9712230215827338,405.0,0.03125,2.0,0.96875,62.0,0.02877697841726619,12.0,0.995085995085995,0.9712230215827338,0.983009708737864,0.8848310188853504,0.994117206235012,0.9990803909324041,0.9708939708939709,0.03092094931123708,0.969079050688763,0.029106029106029108,0.9741631633523524,0.9708939708939709,0.9717719229116443,0.8848310188853504,0.994117206235012,0.9949463158806222,0.9407802166877726,0.9708939708939709,0.87,0.007,0.62,0.0,620.0,0.0,3.1417582E7,1043340.0,161919.0,100.0,73.28482328482329,?,?
DatasetClassiRealeseNormalized,6,9,weka.classifiers.meta.FilteredClassifier,'-F \"weka.filters.MultiFilter -F \\\"weka.filters.supervised.instance.Resample -B 1.0 -S 1 -Z 173.0\\\" -S 1\" -S 1 -W weka.classifiers.trees.RandomForest -- -P 100 -I 100 -num-slots 1 -K 0 -M 1.0 -V 0.001 -S 1',-4523450618538717400,2.02605190227E7,4330.0,481.0,461.0,20.0,0.0,95.84199584199584,4.158004158004158,0.0,0.8288256227758007,0.1092558552686406,0.19104505007435557,47.3713942386686,56.25004000186045,272.1308087156738,103.62250605848928,168.50830265718454,0.565760517080403,0.21543140552700474,0.35032911155339824,116.14761076022023,0.2414711242416221,42.6808016734235,0.9664268585131894,403.0,0.09375,6.0,0.90625,58.0,0.03357314148681055,14.0,0.9853300733496333,0.9664268585131894,0.9757869249394673,0.8307752921676284,0.9848995803357314,0.9976424813178754,0.9584199584199584,0.08574309990676897,0.914256900093231,0.04158004158004158,0.9614099711899223,0.9584199584199584,0.9594415446858119,0.8307752921676284,0.9848995803357314,0.9858722128061422,0.9143640507050277,0.9584199584199584,0.607,0.007,0.58,0.01,580.0,10.0,3.5138436E7,1043340.0,161919.0,99.79209979209979,75.25987525987526,?,?
DatasetClassiRealeseNormalized,6,10,weka.classifiers.meta.FilteredClassifier,'-F \"weka.filters.MultiFilter -F \\\"weka.filters.supervised.instance.Resample -B 1.0 -S 1 -Z 173.0\\\" -S 1\" -S 1 -W weka.classifiers.trees.RandomForest -- -P 100 -I 100 -num-slots 1 -K 0 -M 1.0 -V 0.001 -S 1',-4523450618538717400,2.02605190227E7,4330.0,481.0,462.0,19.0,0.0,96.04989604989605,3.95010395010395,0.0,0.8342612575034913,0.10171983094032662,0.18074985063143087,44.103908220908,53.21878962261086,272.1308087156738,92.09530452594502,180.03550418972878,0.565760517080403,0.19146632957576928,0.37429418750463367,132.3448585083248,0.2751452359840432,48.63280976267579,0.9712230215827338,405.0,0.109375,7.0,0.890625,57.0,0.02877697841726619,12.0,0.9830097087378641,0.9712230215827338,0.9770808202653799,0.8350559024539473,0.9904076738609112,0.9985783372672753,0.9604989604989606,0.09865093891622669,0.9013490610837733,0.0395010395010395,0.9621301741394609,0.9604989604989606,0.9611223386856679,0.8350559024539475,0.9904076738609113,0.989255383852979,0.9171118387041185,0.9604989604989606,0.643,0.008,0.62,0.01,620.0,10.0,3.2194372E7,1043340.0,161919.0,99.79209979209979,72.34927234927235,?,?
DatasetClassiRealeseNormalized,7,1,weka.classifiers.meta.FilteredClassifier,'-F \"weka.filters.MultiFilter -F \\\"weka.filters.supervised.instance.Resample -B 1.0 -S 1 -Z 173.0\\\" -S 1\" -S 1 -W weka.classifiers.trees.RandomForest -- -P 100 -I 100 -num-slots 1 -K 0 -M 1.0 -V 0.001 -S 1',-4523450618538717400,2.02605190227E7,4329.0,482.0,452.0,30.0,0.0,93.7759336099585,6.224066390041494,0.0,0.7433257597273503,0.12264640173979918,0.22847689687857534,53.21885284619507,67.33038769022949,272.3366817903761,128.91676634083814,143.41991544953794,0.565013862635635,0.2674621708316144,0.29755169180402063,98.15447236600669,0.2036399841618396,36.04159076945738,0.9545454545454546,399.0,0.171875,11.0,0.828125,53.0,0.045454545454545456,19.0,0.973170731707317,0.9545454545454546,0.963768115942029,0.7450731120631967,0.9666566985645934,0.9947743269669234,0.9377593360995851,0.1550888815541305,0.8449111184458695,0.06224066390041494,0.9416939356115551,0.9377593360995851,0.9392892643256112,0.7450731120631967,0.9666566985645932,0.9706054429990895,0.8715899403239558,0.9377593360995851,0.603,0.008,0.58,0.01,580.0,10.0,3.1147451E7,1043111.0,162148.0,99.5850622406639,72.61410788381743,?,?
DatasetClassiRealeseNormalized,7,2,weka.classifiers.meta.FilteredClassifier,'-F \"weka.filters.MultiFilter -F \\\"weka.filters.supervised.instance.Resample -B 1.0 -S 1 -Z 173.0\\\" -S 1\" -S 1 -W weka.classifiers.trees.RandomForest -- -P 100 -I 100 -num-slots 1 -K 0 -M 1.0 -V 0.001 -S 1',-4523450618538717400,2.02605190227E7,4330.0,481.0,460.0,21.0,0.0,95.63409563409563,4.365904365904366,0.0,0.8258238063214528,0.10574920382040923,0.1865940024334969,46.1220949839888,55.306345015400574,269.42867131105754,96.09067087988689,173.33800043117066,0.5601427677984564,0.19977270453198936,0.36037006326646703,121.60475719186941,0.25281654301843953,45.13430460096645,0.9569377990430622,400.0,0.047619047619047616,3.0,0.9523809523809523,60.0,0.0430622009569378,18.0,0.9925558312655087,0.9569377990430622,0.9744214372716199,0.8322901179365402,0.9921774132300448,0.9988414079741695,0.9563409563409564,0.04702220491694176,0.9529777950830582,0.04365904365904366,0.9633053553649087,0.9563409563409564,0.9582644117591119,0.8322901179365402,0.9921774132300448,0.9925548668670777,0.9127426335294269,0.9563409563409564,0.62,0.008,0.59,0.01,590.0,10.0,3.5103487E7,1043340.0,161919.0,100.0,73.5966735966736,?,?
DatasetClassiRealeseNormalized,7,3,weka.classifiers.meta.FilteredClassifier,'-F \"weka.filters.MultiFilter -F \\\"weka.filters.supervised.instance.Resample -B 1.0 -S 1 -Z 173.0\\\" -S 1\" -S 1 -W weka.classifiers.trees.RandomForest -- -P 100 -I 100 -num-slots 1 -K 0 -M 1.0 -V 0.001 -S 1',-4523450618538717400,2.02605190227E7,4330.0,481.0,462.0,19.0,0.0,96.04989604989605,3.95010395010395,0.0,0.8321116928446773,0.1092458773233959,0.19253688432188978,47.36706797920437,56.689285803137615,272.1308087156738,102.12652292850667,170.00428578716713,0.565760517080403,0.21232125348961886,0.35343926359078404,118.24173026431632,0.24582480304431667,43.4503284734133,0.973621103117506,406.0,0.125,8.0,0.875,56.0,0.026378896882494004,11.0,0.9806763285024155,0.973621103117506,0.9771359807460891,0.8324042136752493,0.9822766786570744,0.9971664074823493,0.9604989604989606,0.11187785738145449,0.8881221426185455,0.0395010395010395,0.9614024247379211,0.9604989604989606,0.9608799609626352,0.8324042136752493,0.9822766786570744,0.9862787440346954,0.9160489064035788,0.9604989604989606,0.606,0.008,0.59,0.0,590.0,0.0,3.3549539E7,1043340.0,161919.0,99.79209979209979,74.32432432432432,?,?
DatasetClassiRealeseNormalized,7,4,weka.classifiers.meta.FilteredClassifier,'-F \"weka.filters.MultiFilter -F \\\"weka.filters.supervised.instance.Resample -B 1.0 -S 1 -Z 173.0\\\" -S 1\" -S 1 -W weka.classifiers.trees.RandomForest -- -P 100 -I 100 -num-slots 1 -K 0 -M 1.0 -V 0.001 -S 1',-4523450618538717400,2.02605190227E7,4330.0,481.0,454.0,27.0,0.0,94.38669438669439,5.613305613305613,0.0,0.7731884943851624,0.1155675097635219,0.21069734334362653,50.10801528877268,62.036331152008245,272.1308087156738,110.57891534151186,161.55189337416198,0.565760517080403,0.22989379488879805,0.33586672219160496,94.57566922861163,0.19662301294929652,34.75375304801509,0.9544364508393285,398.0,0.125,8.0,0.875,56.0,0.045563549160671464,19.0,0.9802955665024631,0.9544364508393285,0.9671931956257594,0.7765107691294664,0.9792416067146283,0.9965799796786882,0.9438669438669439,0.11443049302761533,0.8855695069723847,0.056133056133056136,0.9492098085201535,0.9438669438669439,0.9457129062363466,0.7765107691294664,0.9792416067146283,0.9859125680258465,0.8864742956546063,0.9438669438669439,0.602,0.006,0.56,0.01,560.0,10.0,2.8326897E7,1043340.0,161919.0,100.0,71.72557172557173,?,?
DatasetClassiRealeseNormalized,7,5,weka.classifiers.meta.FilteredClassifier,'-F \"weka.filters.MultiFilter -F \\\"weka.filters.supervised.instance.Resample -B 1.0 -S 1 -Z 173.0\\\" -S 1\" -S 1 -W weka.classifiers.trees.RandomForest -- -P 100 -I 100 -num-slots 1 -K 0 -M 1.0 -V 0.001 -S 1',-4523450618538717400,2.02605190227E7,4330.0,481.0,459.0,22.0,0.0,95.42619542619542,4.573804573804574,0.0,0.8117081850533808,0.10783121416562363,0.19343492599078296,46.75369521307689,56.95369924791892,272.1308087156738,100.69822805756131,171.4325806581125,0.565760517080403,0.20935182548349546,0.35640869159690747,120.62827431108236,0.2507864330791733,44.327312618659256,0.9640287769784173,402.0,0.109375,7.0,0.890625,57.0,0.03597122302158273,15.0,0.9828850855745721,0.9640287769784173,0.973365617433414,0.8136175886239345,0.9849370503597122,0.9976991154524198,0.9542619542619543,0.09960817728353699,0.900391822716463,0.04573804573804574,0.9574423021855785,0.9542619542619543,0.955385699154393,0.8136175886239345,0.9849370503597122,0.9849890119017837,0.9058004557755306,0.9542619542619543,0.57,0.007,0.55,0.01,550.0,10.0,3.1005004E7,1043340.0,161919.0,99.79209979209979,72.97297297297297,?,?
DatasetClassiRealeseNormalized,7,6,weka.classifiers.meta.FilteredClassifier,'-F \"weka.filters.MultiFilter -F \\\"weka.filters.supervised.instance.Resample -B 1.0 -S 1 -Z 173.0\\\" -S 1\" -S 1 -W weka.classifiers.trees.RandomForest -- -P 100 -I 100 -num-slots 1 -K 0 -M 1.0 -V 0.001 -S 1',-4523450618538717400,2.02605190227E7,4330.0,481.0,472.0,9.0,0.0,98.12889812889813,1.8711018711018712,0.0,0.921492174606917,0.08169265117569406,0.145080475378186,35.42047953155882,42.716534871412165,272.1308087156738,68.29751914561004,203.83328957006378,0.565760517080403,0.14199068429440756,0.4237698327859954,158.09260143476996,0.3286748470577338,58.094341534091924,0.9832134292565947,410.0,0.03125,2.0,0.96875,62.0,0.016786570743405275,7.0,0.9951456310679612,0.9832134292565947,0.9891435464414958,0.9223699081668183,0.997564448441247,0.999626820839108,0.9812889812889813,0.029325552032386567,0.9706744479676135,0.018711018711018712,0.9822930863454291,0.9812889812889813,0.9815842656932112,0.9223699081668183,0.997564448441247,0.9977799447340534,0.9607371867545825,0.9812889812889813,0.592,0.007,0.58,0.0,580.0,0.0,3.0633665E7,1043340.0,161919.0,100.0,70.27027027027027,?,?
DatasetClassiRealeseNormalized,7,7,weka.classifiers.meta.FilteredClassifier,'-F \"weka.filters.MultiFilter -F \\\"weka.filters.supervised.instance.Resample -B 1.0 -S 1 -Z 173.0\\\" -S 1\" -S 1 -W weka.classifiers.trees.RandomForest -- -P 100 -I 100 -num-slots 1 -K 0 -M 1.0 -V 0.001 -S 1',-4523450618538717400,2.02605190227E7,4330.0,481.0,460.0,21.0,0.0,95.63409563409563,4.365904365904366,0.0,0.8213887857408096,0.1094646695651189,0.19805257588432754,47.461932401010756,58.3132895179907,272.1308087156738,102.3527338201543,169.77807489551952,0.565760517080403,0.2127915464036472,0.35296897067675576,106.78021861612373,0.22199629649921773,39.23856292496791,0.9640287769784173,402.0,0.09375,6.0,0.90625,58.0,0.03597122302158273,15.0,0.9852941176470589,0.9640287769784173,0.9745454545454545,0.823805895488415,0.9850119904076738,0.9976345247781111,0.9563409563409564,0.08606217936253907,0.913937820637461,0.04365904365904366,0.9599105241732155,0.9563409563409564,0.9575368722813978,0.8238058954884151,0.985011990407674,0.988339863826717,0.9106303915063039,0.9563409563409564,0.594,0.007,0.55,0.01,550.0,10.0,2.9407364E7,1043340.0,161919.0,100.0,71.3097713097713,?,?
DatasetClassiRealeseNormalized,7,8,weka.classifiers.meta.FilteredClassifier,'-F \"weka.filters.MultiFilter -F \\\"weka.filters.supervised.instance.Resample -B 1.0 -S 1 -Z 173.0\\\" -S 1\" -S 1 -W weka.classifiers.trees.RandomForest -- -P 100 -I 100 -num-slots 1 -K 0 -M 1.0 -V 0.001 -S 1',-4523450618538717400,2.02605190227E7,4330.0,481.0,459.0,22.0,0.0,95.42619542619542,4.573804573804574,0.0,0.8163229882663333,0.11615297200880871,0.19754124927785832,50.361861297896354,58.162737896492445,272.1308087156738,107.04794290624677,165.08286580942706,0.565760517080403,0.2225528958549829,0.3432076212254201,105.90377670328547,0.22017417194030245,38.9164965198539,0.9592326139088729,400.0,0.078125,5.0,0.921875,59.0,0.0407673860911271,17.0,0.9876543209876543,0.9592326139088729,0.9732360097323601,0.8204510229905794,0.9894709232613909,0.9984254774838289,0.9542619542619543,0.07315434035308135,0.9268456596469187,0.04573804573804574,0.9595344332186437,0.9542619542619543,0.9558883018737033,0.8204510229905794,0.9894709232613909,0.9881920871477857,0.9080465762947516,0.9542619542619543,0.597,0.007,0.58,0.01,580.0,10.0,3.2059869E7,1043340.0,161919.0,99.79209979209979,76.2993762993763,?,?
DatasetClassiRealeseNormalized,7,9,weka.classifiers.meta.FilteredClassifier,'-F \"weka.filters.MultiFilter -F \\\"weka.filters.supervised.instance.Resample -B 1.0 -S 1 -Z 173.0\\\" -S 1\" -S 1 -W weka.classifiers.trees.RandomForest -- -P 100 -I 100 -num-slots 1 -K 0 -M 1.0 -V 0.001 -S 1',-4523450618538717400,2.02605190227E7,4330.0,481.0,457.0,24.0,0.0,95.01039501039502,4.98960498960499,0.0,0.7996250781087273,0.10861182319465691,0.20783515100956954,47.092153394285354,61.193606186241986,272.1308087156738,112.01200223103655,160.11880648463728,0.565760517080403,0.23287318551151048,0.33288733156889244,115.29977331320836,0.2397084684266286,42.3692465610078,0.9568345323741008,399.0,0.09375,6.0,0.90625,58.0,0.04316546762589928,18.0,0.9851851851851852,0.9568345323741008,0.9708029197080292,0.8036686737641933,0.9717101318944844,0.9951978739436798,0.9501039501039501,0.08701941772984938,0.9129805822701507,0.0498960498960499,0.9556430924851977,0.9501039501039501,0.9518781474985855,0.8036686737641932,0.9717101318944844,0.9803523577195693,0.899687174139729,0.9501039501039501,0.59,0.007,0.57,0.01,570.0,10.0,3.0819906E7,1043340.0,161919.0,99.58419958419958,72.03742203742203,?,?
DatasetClassiRealeseNormalized,7,10,weka.classifiers.meta.FilteredClassifier,'-F \"weka.filters.MultiFilter -F \\\"weka.filters.supervised.instance.Resample -B 1.0 -S 1 -Z 173.0\\\" -S 1\" -S 1 -W weka.classifiers.trees.RandomForest -- -P 100 -I 100 -num-slots 1 -K 0 -M 1.0 -V 0.001 -S 1',-4523450618538717400,2.02605190227E7,4330.0,481.0,460.0,21.0,0.0,95.63409563409563,4.365904365904366,0.0,0.8144392394599066,0.10067650770053808,0.19440799927519115,43.65154183387214,57.240204504932386,272.1308087156738,98.06259403184026,174.06821468383356,0.565760517080403,0.20387233686453277,0.3618881802158702,129.8855888885821,0.27003240933177153,47.72910112661607,0.9712230215827338,405.0,0.140625,9.0,0.859375,55.0,0.02877697841726619,12.0,0.9782608695652174,0.9712230215827338,0.9747292418772563,0.81472554771014,0.979916067146283,0.9967892950634075,0.9563409563409564,0.12574293475822254,0.8742570652417775,0.04365904365904366,0.9573224449927891,0.9563409563409564,0.9567620621165968,0.8147255477101402,0.9799160671462829,0.9851042946643079,0.9072119491829029,0.9563409563409564,0.614,0.007,0.6,0.01,600.0,10.0,3.2805476E7,1043340.0,161919.0,99.79209979209979,70.89397089397089,?,?
DatasetClassiRealeseNormalized,8,1,weka.classifiers.meta.FilteredClassifier,'-F \"weka.filters.MultiFilter -F \\\"weka.filters.supervised.instance.Resample -B 1.0 -S 1 -Z 173.0\\\" -S 1\" -S 1 -W weka.classifiers.trees.RandomForest -- -P 100 -I 100 -num-slots 1 -K 0 -M 1.0 -V 0.001 -S 1',-4523450618538717400,2.02605190227E7,4329.0,482.0,457.0,25.0,0.0,94.81327800829875,5.186721991701245,0.0,0.7874404656905979,0.11367403406708274,0.20441847694581758,49.325553833075276,60.24055601176527,272.3366817903761,110.28787697785533,162.04880481252076,0.565013862635635,0.22881302277563348,0.33620083986000154,114.75782781145855,0.23808677969182274,42.13821915469703,0.9593301435406698,401.0,0.125,8.0,0.875,56.0,0.04066985645933014,17.0,0.980440097799511,0.9593301435406698,0.9697702539298668,0.7897560805119229,0.9730861244019139,0.9954477874615023,0.9481327800829875,0.1138026365423177,0.8861973634576823,0.05186721991701245,0.9521158740480383,0.9481327800829875,0.9495542199707385,0.7897560805119229,0.9730861244019139,0.9817720730874898,0.8936442510525247,0.9481327800829875,0.651,0.007,0.62,0.01,620.0,10.0,3.4848337E7,1043111.0,162148.0,99.79253112033194,75.20746887966806,?,?
DatasetClassiRealeseNormalized,8,2,weka.classifiers.meta.FilteredClassifier,'-F \"weka.filters.MultiFilter -F \\\"weka.filters.supervised.instance.Resample -B 1.0 -S 1 -Z 173.0\\\" -S 1\" -S 1 -W weka.classifiers.trees.RandomForest -- -P 100 -I 100 -num-slots 1 -K 0 -M 1.0 -V 0.001 -S 1',-4523450618538717400,2.02605190227E7,4330.0,481.0,463.0,18.0,0.0,96.25779625779626,3.7422037422037424,0.0,0.8459923867800349,0.09704682038646861,0.17375197165416742,42.32658503377738,51.49997516579555,269.42867131105754,87.01668371980216,182.41198759125538,0.5601427677984564,0.18090786636133505,0.37923490143712135,134.53690342853903,0.27970250193043455,49.93414500909412,0.9665071770334929,404.0,0.06349206349206349,4.0,0.9365079365079365,59.0,0.03349282296650718,14.0,0.9901960784313726,0.9665071770334929,0.9782082324455207,0.8491060260731905,0.9930887825624668,0.9989997736006061,0.9625779625779626,0.05956284903653324,0.9404371509634668,0.037422037422037424,0.9663612661195257,0.9625779625779626,0.9637272471270478,0.8491060260731906,0.9930887825624669,0.9921481734992766,0.922927645634525,0.9625779625779626,0.641,0.007,0.58,0.01,580.0,10.0,3.2377206E7,1043340.0,161919.0,99.79209979209979,72.14137214137214,?,?
DatasetClassiRealeseNormalized,8,3,weka.classifiers.meta.FilteredClassifier,'-F \"weka.filters.MultiFilter -F \\\"weka.filters.supervised.instance.Resample -B 1.0 -S 1 -Z 173.0\\\" -S 1\" -S 1 -W weka.classifiers.trees.RandomForest -- -P 100 -I 100 -num-slots 1 -K 0 -M 1.0 -V 0.001 -S 1',-4523450618538717400,2.02605190227E7,4330.0,481.0,459.0,22.0,0.0,95.42619542619542,4.573804573804574,0.0,0.8093127184920893,0.09999820428529659,0.19169003242716537,43.35744154590282,56.43994433663346,272.1308087156738,96.55827517923264,175.5725335364412,0.565760517080403,0.2007448548424795,0.3650156622379235,130.0552091019101,0.2703850501079212,47.79143152357793,0.9664268585131894,403.0,0.125,8.0,0.875,56.0,0.03357314148681055,14.0,0.9805352798053528,0.9664268585131894,0.9734299516908212,0.8104093709017259,0.9764313549160671,0.9958394819442838,0.9542619542619543,0.11283509574876481,0.8871649042512352,0.04573804573804574,0.9565139535942456,0.9542619542619543,0.9551202228035452,0.8104093709017259,0.9764313549160671,0.986332374161925,0.9046254236066047,0.9542619542619543,0.586,0.006,0.58,0.0,580.0,0.0,2.9799653E7,1043340.0,161919.0,99.79209979209979,70.58212058212058,?,?
DatasetClassiRealeseNormalized,8,4,weka.classifiers.meta.FilteredClassifier,'-F \"weka.filters.MultiFilter -F \\\"weka.filters.supervised.instance.Resample -B 1.0 -S 1 -Z 173.0\\\" -S 1\" -S 1 -W weka.classifiers.trees.RandomForest -- -P 100 -I 100 -num-slots 1 -K 0 -M 1.0 -V 0.001 -S 1',-4523450618538717400,2.02605190227E7,4330.0,481.0,455.0,26.0,0.0,94.5945945945946,5.405405405405405,0.0,0.7802340702210663,0.11415045791885464,0.2078193148545792,49.493606830522914,61.18894349358736,272.1308087156738,112.43182742254297,159.69898129313086,0.565760517080403,0.23374600295746978,0.33201451412293315,102.35321065748457,0.21279253774944817,37.61176881829086,0.9568345323741008,399.0,0.125,8.0,0.875,56.0,0.04316546762589928,18.0,0.9803439803439803,0.9568345323741008,0.9684466019417475,0.7830362998985402,0.975457134292566,0.9958809489803823,0.9459459459459459,0.11411141357184522,0.8858885864281548,0.05405405405405406,0.9505943289727073,0.9459459459459459,0.9475764282644822,0.7830362998985401,0.975457134292566,0.9828552288713502,0.890020402420149,0.9459459459459459,0.829,0.009,0.56,0.01,560.0,10.0,2.9730945E7,1043340.0,161919.0,99.79209979209979,72.14137214137214,?,?
DatasetClassiRealeseNormalized,8,5,weka.classifiers.meta.FilteredClassifier,'-F \"weka.filters.MultiFilter -F \\\"weka.filters.supervised.instance.Resample -B 1.0 -S 1 -Z 173.0\\\" -S 1\" -S 1 -W weka.classifiers.trees.RandomForest -- -P 100 -I 100 -num-slots 1 -K 0 -M 1.0 -V 0.001 -S 1',-4523450618538717400,2.02605190227E7,4330.0,481.0,448.0,33.0,0.0,93.13929313929314,6.860706860706861,0.0,0.74188145377673,0.11457132722034395,0.22092708717175355,49.6760882687468,65.0483092132926,272.1308087156738,116.00801624936688,156.12279246630695,0.565760517080403,0.24118090696334069,0.32457961011706227,101.06390412027592,0.21011206677812042,37.137986910504104,0.9328537170263789,389.0,0.078125,5.0,0.921875,59.0,0.0671462829736211,28.0,0.9873096446700508,0.9328537170263789,0.9593094944512945,0.7541861849479038,0.9805530575539568,0.9969983241749014,0.9313929313929314,0.0766642143665525,0.9233357856334475,0.06860706860706861,0.9461755107650434,0.9313929313929314,0.9356451231170528,0.7541861849479039,0.9805530575539568,0.982827834329565,0.8703832240468393,0.9313929313929314,0.608,0.009,0.59,0.01,590.0,10.0,3.0500987E7,1043340.0,161919.0,100.0,69.64656964656965,?,?
DatasetClassiRealeseNormalized,8,6,weka.classifiers.meta.FilteredClassifier,'-F \"weka.filters.MultiFilter -F \\\"weka.filters.supervised.instance.Resample -B 1.0 -S 1 -Z 173.0\\\" -S 1\" -S 1 -W weka.classifiers.trees.RandomForest -- -P 100 -I 100 -num-slots 1 -K 0 -M 1.0 -V 0.001 -S 1',-4523450618538717400,2.02605190227E7,4330.0,481.0,463.0,18.0,0.0,96.25779625779626,3.7422037422037424,0.0,0.8497188085815455,0.09894579102767415,0.18663613665866635,42.90113388892416,54.95190871868544,272.1308087156738,94.65493905868766,177.47586965698616,0.565760517080403,0.19678781509082674,0.3689727019895762,136.49702868788006,0.28377760641970906,50.15860913803924,0.9640287769784173,402.0,0.046875,3.0,0.953125,61.0,0.03597122302158273,15.0,0.9925925925925926,0.9640287769784173,0.9781021897810218,0.8540157214433515,0.9904451438848921,0.99859026653641,0.9625779625779626,0.04542418559954531,0.9545758144004547,0.037422037422037424,0.9673171146855357,0.9625779625779626,0.9639086106239391,0.8540157214433515,0.990445143884892,0.9899491611952612,0.9247653806047966,0.9625779625779626,0.583,0.006,0.54,0.01,540.0,10.0,2.6526359E7,1043340.0,161919.0,100.0,72.76507276507276,?,?
DatasetClassiRealeseNormalized,8,7,weka.classifiers.meta.FilteredClassifier,'-F \"weka.filters.MultiFilter -F \\\"weka.filters.supervised.instance.Resample -B 1.0 -S 1 -Z 173.0\\\" -S 1\" -S 1 -W weka.classifiers.trees.RandomForest -- -P 100 -I 100 -num-slots 1 -K 0 -M 1.0 -V 0.001 -S 1',-4523450618538717400,2.02605190227E7,4330.0,481.0,470.0,11.0,0.0,97.71309771309771,2.286902286902287,0.0,0.9015243164771355,0.09570262056919673,0.16819865434256695,41.494952902157095,49.52329846466138,272.1308087156738,88.49861797091347,183.63219074476035,0.565760517080403,0.18398881075033985,0.3817717063300631,140.99099687008754,0.2931205756134876,51.810009140639764,0.9856115107913669,411.0,0.078125,5.0,0.921875,59.0,0.014388489208633094,6.0,0.9879807692307693,0.9856115107913669,0.9867947178871549,0.9015604446661858,0.9915692446043165,0.9987781043180491,0.9771309771309772,0.06964446633961023,0.9303555336603898,0.02286902286902287,0.9772978970094355,0.9771309771309772,0.9772058898500172,0.9015604446661858,0.9915692446043165,0.9882668850835747,0.9507617000288489,0.9771309771309772,0.591,0.006,0.57,0.01,570.0,10.0,3.0055724E7,1043340.0,161919.0,99.58419958419958,72.34927234927235,?,?
DatasetClassiRealeseNormalized,8,8,weka.classifiers.meta.FilteredClassifier,'-F \"weka.filters.MultiFilter -F \\\"weka.filters.supervised.instance.Resample -B 1.0 -S 1 -Z 173.0\\\" -S 1\" -S 1 -W weka.classifiers.trees.RandomForest -- -P 100 -I 100 -num-slots 1 -K 0 -M 1.0 -V 0.001 -S 1',-4523450618538717400,2.02605190227E7,4330.0,481.0,463.0,18.0,0.0,96.25779625779626,3.7422037422037424,0.0,0.8497188085815455,0.09714304584742804,0.1829201738623112,42.11949566518486,53.85780522917315,272.1308087156738,91.49043436238938,180.64037435328444,0.565760517080403,0.19020880324821077,0.3755517138321922,130.209602354574,0.27070603400119336,47.84816646417233,0.9640287769784173,402.0,0.046875,3.0,0.953125,61.0,0.03597122302158273,15.0,0.9925925925925926,0.9640287769784173,0.9781021897810218,0.8540157214433515,0.9915317745803357,0.9986598788678264,0.9625779625779626,0.04542418559954531,0.9545758144004547,0.037422037422037424,0.9673171146855357,0.9625779625779626,0.9639086106239391,0.8540157214433515,0.9915317745803358,0.9929684019166419,0.9247653806047966,0.9625779625779626,0.577,0.006,0.55,0.01,550.0,10.0,2.8781246E7,1043340.0,161919.0,100.0,71.3097713097713,?,?
DatasetClassiRealeseNormalized,8,9,weka.classifiers.meta.FilteredClassifier,'-F \"weka.filters.MultiFilter -F \\\"weka.filters.supervised.instance.Resample -B 1.0 -S 1 -Z 173.0\\\" -S 1\" -S 1 -W weka.classifiers.trees.RandomForest -- -P 100 -I 100 -num-slots 1 -K 0 -M 1.0 -V 0.001 -S 1',-4523450618538717400,2.02605190227E7,4330.0,481.0,457.0,24.0,0.0,95.01039501039502,4.98960498960499,0.0,0.7945907473309609,0.11315268236275759,0.2001723584489808,49.06098910844879,58.937424265321674,272.1308087156738,105.87893090026421,166.2518778154096,0.565760517080403,0.22012251746416675,0.3456379996162362,106.51638246349128,0.22144778058937897,39.141610965034516,0.9616306954436451,401.0,0.125,8.0,0.875,56.0,0.03836930455635491,16.0,0.980440097799511,0.9616306954436451,0.9709443099273607,0.7964598850802407,0.9853492206235012,0.9977274740276961,0.9501039501039501,0.11347325466030501,0.886526745339695,0.0498960498960499,0.9534746331812346,0.9501039501039501,0.9513298536229741,0.7964598850802407,0.9853492206235012,0.9875736585721855,0.8972368608460333,0.9501039501039501,0.573,0.006,0.55,0.01,550.0,10.0,3.016355E7,1043340.0,161919.0,100.0,74.01247401247402,?,?
DatasetClassiRealeseNormalized,8,10,weka.classifiers.meta.FilteredClassifier,'-F \"weka.filters.MultiFilter -F \\\"weka.filters.supervised.instance.Resample -B 1.0 -S 1 -Z 173.0\\\" -S 1\" -S 1 -W weka.classifiers.trees.RandomForest -- -P 100 -I 100 -num-slots 1 -K 0 -M 1.0 -V 0.001 -S 1',-4523450618538717400,2.02605190227E7,4330.0,481.0,458.0,23.0,0.0,95.21829521829522,4.781704781704781,0.0,0.804378193906601,0.10990188390627777,0.20477833310056376,47.651500757515876,60.29357695442961,272.1308087156738,109.26209604636264,162.86871266931118,0.565760517080403,0.22715612483651276,0.33860439224389016,121.67988404288084,0.25297273189788116,44.71374800124661,0.9616306954436451,401.0,0.109375,7.0,0.890625,57.0,0.03836930455635491,16.0,0.9828431372549019,0.9616306954436451,0.9721212121212122,0.8067452463998966,0.9793914868105515,0.996828912126984,0.9521829521829522,0.0999272567393071,0.900072743260693,0.04781704781704782,0.9559629750000418,0.9521829521829522,0.9534927648796262,0.8067452463998965,0.9793914868105515,0.9813408576117593,0.9021190002211901,0.9521829521829522,0.598,0.006,0.58,0.0,580.0,0.0,2.9922956E7,1043340.0,161919.0,99.79209979209979,73.8045738045738,?,?
DatasetClassiRealeseNormalized,9,1,weka.classifiers.meta.FilteredClassifier,'-F \"weka.filters.MultiFilter -F \\\"weka.filters.supervised.instance.Resample -B 1.0 -S 1 -Z 173.0\\\" -S 1\" -S 1 -W weka.classifiers.trees.RandomForest -- -P 100 -I 100 -num-slots 1 -K 0 -M 1.0 -V 0.001 -S 1',-4523450618538717400,2.02605190227E7,4329.0,482.0,464.0,18.0,0.0,96.2655601659751,3.7344398340248963,0.0,0.8459954558364102,0.09816699309615659,0.18044290065371316,42.59672265821143,53.175137718282485,272.3366817903761,90.04187487513354,182.29480691524253,0.565013862635635,0.18680886903554678,0.37820499360008825,134.7619696681191,0.2795891486890438,49.48359096621752,0.9688995215311005,405.0,0.078125,5.0,0.921875,59.0,0.03110047846889952,13.0,0.9878048780487805,0.9688995215311005,0.9782608695652174,0.8479841561021099,0.9906175239234449,0.9985632696616905,0.9626556016597511,0.07188108012865056,0.9281189198713494,0.03734439834024896,0.9654499657029765,0.9626556016597511,0.9635735585953666,0.84798415610211,0.990617523923445,0.9915889037421023,0.9229539641943734,0.9626556016597511,0.649,0.007,0.62,0.01,620.0,10.0,3.3377054E7,1043111.0,162148.0,100.0,71.99170124481327,?,?
DatasetClassiRealeseNormalized,9,2,weka.classifiers.meta.FilteredClassifier,'-F \"weka.filters.MultiFilter -F \\\"weka.filters.supervised.instance.Resample -B 1.0 -S 1 -Z 173.0\\\" -S 1\" -S 1 -W weka.classifiers.trees.RandomForest -- -P 100 -I 100 -num-slots 1 -K 0 -M 1.0 -V 0.001 -S 1',-4523450618538717400,2.02605190227E7,4330.0,481.0,457.0,24.0,0.0,95.01039501039502,4.98960498960499,0.0,0.7972175379426645,0.10546226912179549,0.19777323693546342,45.99694955550747,58.619863093743895,269.42867131105754,104.09504824302128,165.33362306803627,0.5601427677984564,0.21641382171106296,0.3437289460873935,116.33572842086687,0.24186222124920348,43.17867428687883,0.9569377990430622,400.0,0.09523809523809523,6.0,0.9047619047619048,57.0,0.0430622009569378,18.0,0.9852216748768473,0.9569377990430622,0.970873786407767,0.801347176017,0.9827219564061669,0.9972833807476267,0.9501039501039501,0.08840424629898314,0.9115957537010169,0.0498960498960499,0.9557227860676137,0.9501039501039501,0.9519100228260211,0.8013471760170001,0.982721956406167,0.9860520507360636,0.8984803714647531,0.9501039501039501,0.579,0.006,0.56,0.0,560.0,0.0,2.7354278E7,1043340.0,161919.0,99.79209979209979,72.34927234927235,?,?
DatasetClassiRealeseNormalized,9,3,weka.classifiers.meta.FilteredClassifier,'-F \"weka.filters.MultiFilter -F \\\"weka.filters.supervised.instance.Resample -B 1.0 -S 1 -Z 173.0\\\" -S 1\" -S 1 -W weka.classifiers.trees.RandomForest -- -P 100 -I 100 -num-slots 1 -K 0 -M 1.0 -V 0.001 -S 1',-4523450618538717400,2.02605190227E7,4330.0,481.0,453.0,28.0,0.0,94.17879417879418,5.8212058212058215,0.0,0.7662292577935151,0.12439956173599553,0.21998988858698623,53.937435825509326,64.77236666538397,272.1308087156738,120.76130279251835,151.3695059231555,0.565760517080403,0.2510629995686452,0.3146975175117578,87.58363909708979,0.18208656776941742,32.18438937893225,0.9520383693045563,397.0,0.125,8.0,0.875,56.0,0.047961630695443645,20.0,0.980246913580247,0.9520383693045563,0.9659367396593673,0.770103975311421,0.9741831534772182,0.9958376653930131,0.9417879417879418,0.11474957248338544,0.8852504275166146,0.058212058212058215,0.9478604110183058,0.9417879417879418,0.9438578387483496,0.770103975311421,0.9741831534772183,0.9801746940144581,0.8829683698296836,0.9417879417879418,0.626,0.006,0.56,0.01,560.0,10.0,2.9617272E7,1043340.0,161919.0,99.79209979209979,73.7006237006237,?,?
DatasetClassiRealeseNormalized,9,4,weka.classifiers.meta.FilteredClassifier,'-F \"weka.filters.MultiFilter -F \\\"weka.filters.supervised.instance.Resample -B 1.0 -S 1 -Z 173.0\\\" -S 1\" -S 1 -W weka.classifiers.trees.RandomForest -- -P 100 -I 100 -num-slots 1 -K 0 -M 1.0 -V 0.001 -S 1',-4523450618538717400,2.02605190227E7,4330.0,481.0,465.0,16.0,0.0,96.67359667359668,3.3264033264033266,0.0,0.8595312842228225,0.10316380077913642,0.1804082166921447,44.729987842314245,53.11820118682905,272.1308087156738,91.68245120783678,180.44835750783704,0.565760517080403,0.19060800666909933,0.37515251041130365,126.61715322454492,0.2632373247911537,46.52804797153135,0.9760191846522782,407.0,0.09375,6.0,0.90625,58.0,0.023980815347721823,10.0,0.9854721549636803,0.9760191846522782,0.9807228915662651,0.8600617689015787,0.9899205635491607,0.9984498595304815,0.9667359667359667,0.08446678208368856,0.9155332179163115,0.033264033264033266,0.9678380954552439,0.9667359667359667,0.9671598129429455,0.8600617689015787,0.9899205635491607,0.9911415539096917,0.9297553851770719,0.9667359667359667,0.752,0.009,0.6,0.01,600.0,10.0,3.1062384E7,1043340.0,161919.0,100.0,72.14137214137214,?,?
DatasetClassiRealeseNormalized,9,5,weka.classifiers.meta.FilteredClassifier,'-F \"weka.filters.MultiFilter -F \\\"weka.filters.supervised.instance.Resample -B 1.0 -S 1 -Z 173.0\\\" -S 1\" -S 1 -W weka.classifiers.trees.RandomForest -- -P 100 -I 100 -num-slots 1 -K 0 -M 1.0 -V 0.001 -S 1',-4523450618538717400,2.02605190227E7,4330.0,481.0,465.0,16.0,0.0,96.67359667359668,3.3264033264033266,0.0,0.8595312842228225,0.0934090866676621,0.17983817897427343,40.500517424239646,52.95036305430298,272.1308087156738,91.34614976101258,180.78465895466124,0.565760517080403,0.18990883526198044,0.37585168181842254,143.52744853684382,0.2983938639019622,52.742079889529656,0.9760191846522782,407.0,0.09375,6.0,0.90625,58.0,0.023980815347721823,10.0,0.9854721549636803,0.9760191846522782,0.9807228915662651,0.8600617689015787,0.9891711630695443,0.9984130855208188,0.9667359667359667,0.08446678208368856,0.9155332179163115,0.033264033264033266,0.9678380954552439,0.9667359667359667,0.9671598129429455,0.8600617689015787,0.9891711630695443,0.9879629320488764,0.9297553851770719,0.9667359667359667,0.651,0.007,0.56,0.0,560.0,0.0,2.7265172E7,1043340.0,161919.0,99.58419958419958,68.5031185031185,?,?
DatasetClassiRealeseNormalized,9,6,weka.classifiers.meta.FilteredClassifier,'-F \"weka.filters.MultiFilter -F \\\"weka.filters.supervised.instance.Resample -B 1.0 -S 1 -Z 173.0\\\" -S 1\" -S 1 -W weka.classifiers.trees.RandomForest -- -P 100 -I 100 -num-slots 1 -K 0 -M 1.0 -V 0.001 -S 1',-4523450618538717400,2.02605190227E7,4330.0,481.0,461.0,20.0,0.0,95.84199584199584,4.158004158004158,0.0,0.8288256227758007,0.09977516843993273,0.18359639158849742,43.260737173088145,54.05690630053374,272.1308087156738,92.07760424084366,180.05320447483018,0.565760517080403,0.1914295306462446,0.3743309864341584,132.5485093497303,0.27556862650671576,48.70764540600725,0.9664268585131894,403.0,0.09375,6.0,0.90625,58.0,0.03357314148681055,14.0,0.9853300733496333,0.9664268585131894,0.9757869249394673,0.8307752921676284,0.9871852517985612,0.997967654632239,0.9584199584199584,0.08574309990676897,0.914256900093231,0.04158004158004158,0.9614099711899223,0.9584199584199584,0.9594415446858119,0.8307752921676284,0.9871852517985611,0.9902170123014273,0.9143640507050277,0.9584199584199584,0.606,0.006,0.57,0.01,570.0,10.0,2.9743456E7,1043340.0,161919.0,100.0,72.66112266112266,?,?
DatasetClassiRealeseNormalized,9,7,weka.classifiers.meta.FilteredClassifier,'-F \"weka.filters.MultiFilter -F \\\"weka.filters.supervised.instance.Resample -B 1.0 -S 1 -Z 173.0\\\" -S 1\" -S 1 -W weka.classifiers.trees.RandomForest -- -P 100 -I 100 -num-slots 1 -K 0 -M 1.0 -V 0.001 -S 1',-4523450618538717400,2.02605190227E7,4330.0,481.0,462.0,19.0,0.0,96.04989604989605,3.95010395010395,0.0,0.8363564739377229,0.09554658761676205,0.18335312736809783,41.42729979115601,53.985281193664065,272.1308087156738,90.24800379605938,181.88280491961444,0.565760517080403,0.18762578751779496,0.37813472956260796,135.60385346329454,0.28192069327088265,49.830393737217534,0.9688249400479616,404.0,0.09375,6.0,0.90625,58.0,0.03117505995203837,13.0,0.9853658536585366,0.9688249400479616,0.977025392986699,0.8378806456128978,0.9846372901678657,0.9974088761284863,0.9604989604989606,0.08542402045099887,0.9145759795490012,0.0395010395010395,0.9629506260217355,0.9604989604989606,0.9613558866279545,0.8378806456128978,0.9846372901678657,0.9900224705110936,0.9181423261229791,0.9604989604989606,0.583,0.006,0.57,0.01,570.0,10.0,2.9883849E7,1043340.0,161919.0,100.0,69.85446985446985,?,?
DatasetClassiRealeseNormalized,9,8,weka.classifiers.meta.FilteredClassifier,'-F \"weka.filters.MultiFilter -F \\\"weka.filters.supervised.instance.Resample -B 1.0 -S 1 -Z 173.0\\\" -S 1\" -S 1 -W weka.classifiers.trees.RandomForest -- -P 100 -I 100 -num-slots 1 -K 0 -M 1.0 -V 0.001 -S 1',-4523450618538717400,2.02605190228E7,4330.0,481.0,458.0,23.0,0.0,95.21829521829522,4.781704781704781,0.0,0.801905205293033,0.1033314812017213,0.19331681955834548,44.802691089063295,56.91892477170769,272.1308087156738,97.53608503535142,174.5947236803224,0.565760517080403,0.20277772356621918,0.3629827935141838,131.05111304243832,0.27245553647076576,48.15739668027166,0.9640287769784173,402.0,0.125,8.0,0.875,56.0,0.03597122302158273,15.0,0.9804878048780488,0.9640287769784173,0.9721886336154777,0.8033665931559478,0.9842625899280576,0.9975201991965299,0.9521829521829522,0.11315417520453491,0.8868458247954651,0.04781704781704782,0.9549735714627504,0.9521829521829522,0.953220283812787,0.8033665931559478,0.9842625899280576,0.9875570678453558,0.9009091316225537,0.9521829521829522,0.628,0.008,0.61,0.01,610.0,10.0,3.3925354E7,1043340.0,161919.0,100.0,71.20582120582121,?,?
DatasetClassiRealeseNormalized,9,9,weka.classifiers.meta.FilteredClassifier,'-F \"weka.filters.MultiFilter -F \\\"weka.filters.supervised.instance.Resample -B 1.0 -S 1 -Z 173.0\\\" -S 1\" -S 1 -W weka.classifiers.trees.RandomForest -- -P 100 -I 100 -num-slots 1 -K 0 -M 1.0 -V 0.001 -S 1',-4523450618538717400,2.02605190228E7,4330.0,481.0,460.0,21.0,0.0,95.63409563409563,4.365904365904366,0.0,0.8235910511884597,0.10698518153906579,0.19607966968223017,46.386870524432936,57.732400074664625,272.1308087156738,101.32273149805685,170.80807721761698,0.565760517080403,0.21065016943462964,0.35511034764577337,115.9026911220013,0.2409619358045765,42.59080097141742,0.9616306954436451,401.0,0.078125,5.0,0.921875,59.0,0.03836930455635491,16.0,0.9876847290640394,0.9616306954436451,0.9744835965978129,0.8271298981434626,0.9887215227817746,0.9983306371079581,0.9563409563409564,0.07283526089731125,0.9271647391026888,0.04365904365904366,0.9609380430070085,0.9563409563409564,0.9577767048504917,0.8271298981434626,0.9887215227817745,0.988148362366826,0.9117022299535827,0.9563409563409564,0.576,0.008,0.55,0.01,550.0,10.0,2.8327458E7,1043340.0,161919.0,99.79209979209979,70.79002079002079,?,?
DatasetClassiRealeseNormalized,9,10,weka.classifiers.meta.FilteredClassifier,'-F \"weka.filters.MultiFilter -F \\\"weka.filters.supervised.instance.Resample -B 1.0 -S 1 -Z 173.0\\\" -S 1\" -S 1 -W weka.classifiers.trees.RandomForest -- -P 100 -I 100 -num-slots 1 -K 0 -M 1.0 -V 0.001 -S 1',-4523450618538717400,2.02605190228E7,4330.0,481.0,458.0,23.0,0.0,95.21829521829522,4.781704781704781,0.0,0.8114400640861756,0.11484177941613571,0.1968318942133596,49.79335152716041,57.95388008657774,272.1308087156738,103.23174140846156,168.89906730721225,0.565760517080403,0.21461900500719658,0.3511415120732063,103.05728557966782,0.21425631097644038,37.87049546725286,0.9544364508393285,398.0,0.0625,4.0,0.9375,60.0,0.045563549160671464,19.0,0.9900497512437811,0.9544364508393285,0.9719169719169718,0.8176460723836868,0.98943345323741,0.9983982958941131,0.9521829521829522,0.060246501343623644,0.9397534986563764,0.04781704781704782,0.9593728507388058,0.9521829521829522,0.9542529542529541,0.8176460723836867,0.98943345323741,0.9900162447473496,0.9055389055389055,0.9521829521829522,0.589,0.006,0.57,0.0,570.0,0.0,3.2353235E7,1043340.0,161919.0,100.0,74.11642411642411,?,?
DatasetClassiRealeseNormalized,10,1,weka.classifiers.meta.FilteredClassifier,'-F \"weka.filters.MultiFilter -F \\\"weka.filters.supervised.instance.Resample -B 1.0 -S 1 -Z 173.0\\\" -S 1\" -S 1 -W weka.classifiers.trees.RandomForest -- -P 100 -I 100 -num-slots 1 -K 0 -M 1.0 -V 0.001 -S 1',-4523450618538717400,2.02605190228E7,4329.0,482.0,458.0,24.0,0.0,95.02074688796681,4.979253112033195,0.0,0.79466060778188,0.10651869516611052,0.19771417053363757,46.22070181431503,58.26484837526813,272.3366817903761,103.07442858696682,169.26225320340927,0.565013862635635,0.2138473622136241,0.3511665004220109,123.08464885357215,0.25536234201985925,45.19576578681872,0.9617224880382775,402.0,0.125,8.0,0.875,56.0,0.03827751196172249,16.0,0.9804878048780488,0.9617224880382775,0.9710144927536232,0.7965286340826533,0.9795903110047847,0.9966555529022936,0.950207468879668,0.11348498084139054,0.8865150191586094,0.04979253112033195,0.9535719506572659,0.950207468879668,0.9514314114604889,0.7965286340826533,0.9795903110047847,0.9842974022165314,0.8972719522591646,0.950207468879668,0.622,0.007,0.61,0.01,610.0,10.0,3.4796766E7,1043111.0,162148.0,99.79253112033194,71.88796680497926,?,?
DatasetClassiRealeseNormalized,10,2,weka.classifiers.meta.FilteredClassifier,'-F \"weka.filters.MultiFilter -F \\\"weka.filters.supervised.instance.Resample -B 1.0 -S 1 -Z 173.0\\\" -S 1\" -S 1 -W weka.classifiers.trees.RandomForest -- -P 100 -I 100 -num-slots 1 -K 0 -M 1.0 -V 0.001 -S 1',-4523450618538717400,2.02605190228E7,4330.0,481.0,459.0,22.0,0.0,95.42619542619542,4.573804573804574,0.0,0.8141160764474424,0.10967705498198534,0.20055365547192963,47.835211658274545,59.443977399989194,269.42867131105754,112.17981290020022,157.24885841085734,0.5601427677984564,0.23322206424158048,0.32692070355687597,112.93393318194188,0.23478988187513905,41.916078430850725,0.9593301435406698,401.0,0.07936507936507936,5.0,0.9206349206349206,58.0,0.04066985645933014,17.0,0.9876847290640394,0.9593301435406698,0.9733009708737864,0.818333250037103,0.9756588440798967,0.9961679333202749,0.9542619542619543,0.07429689008636377,0.9257031099136361,0.04573804573804574,0.9596095982302879,0.9542619542619543,0.9559175209238527,0.8183332500371031,0.9756588440798968,0.9772917427640938,0.906940340509357,0.9542619542619543,0.602,0.007,0.58,0.01,580.0,10.0,3.1872586E7,1043340.0,161919.0,99.58419958419958,72.55717255717256,?,?
DatasetClassiRealeseNormalized,10,3,weka.classifiers.meta.FilteredClassifier,'-F \"weka.filters.MultiFilter -F \\\"weka.filters.supervised.instance.Resample -B 1.0 -S 1 -Z 173.0\\\" -S 1\" -S 1 -W weka.classifiers.trees.RandomForest -- -P 100 -I 100 -num-slots 1 -K 0 -M 1.0 -V 0.001 -S 1',-4523450618538717400,2.02605190228E7,4330.0,481.0,464.0,17.0,0.0,96.46569646569647,3.5343035343035343,0.0,0.853582108260068,0.09984057029161177,0.17802403988447923,43.289094251912054,52.41621994863159,272.1308087156738,88.38719770080819,183.74361101486562,0.565760517080403,0.183757167777148,0.3820033493032549,133.94846182270624,0.27847913060853685,49.22208641310345,0.9712230215827338,405.0,0.078125,5.0,0.921875,59.0,0.02877697841726619,12.0,0.9878048780487805,0.9712230215827338,0.9794437726723095,0.8551376718413727,0.9907074340527577,0.9985620152730561,0.9646569646569647,0.07155894307423084,0.9284410569257692,0.035343035343035345,0.9669391533012283,0.9646569646569647,0.9654236880355381,0.8551376718413727,0.9907074340527577,0.9922189259607324,0.9267589233731918,0.9646569646569647,0.606,0.007,0.59,0.0,590.0,0.0,3.2013459E7,1043340.0,161919.0,100.0,71.51767151767152,?,?
DatasetClassiRealeseNormalized,10,4,weka.classifiers.meta.FilteredClassifier,'-F \"weka.filters.MultiFilter -F \\\"weka.filters.supervised.instance.Resample -B 1.0 -S 1 -Z 173.0\\\" -S 1\" -S 1 -W weka.classifiers.trees.RandomForest -- -P 100 -I 100 -num-slots 1 -K 0 -M 1.0 -V 0.001 -S 1',-4523450618538717400,2.02605190228E7,4330.0,481.0,463.0,18.0,0.0,96.25779625779626,3.7422037422037424,0.0,0.8419726947506754,0.10784790695892568,0.18685582606818857,46.760932911143605,55.016592614283894,272.1308087156738,96.57753399359319,175.55327472208063,0.565760517080403,0.2007848939575742,0.3649756231228288,120.65699833776021,0.25084615039035385,44.33786784642395,0.973621103117506,406.0,0.109375,7.0,0.890625,57.0,0.026378896882494004,11.0,0.9830508474576272,0.973621103117506,0.9783132530120482,0.8424923426363251,0.9862110311750599,0.9977625378740664,0.9625779625779626,0.09833185946045657,0.9016681405395435,0.037422037422037424,0.9637822499238252,0.9625779625779626,0.9630547895608137,0.842492342636325,0.9862110311750599,0.9899118821581897,0.920974808324206,0.9625779625779626,0.612,0.007,0.59,0.01,590.0,10.0,3.1658516E7,1043340.0,161919.0,100.0,73.9085239085239,?,?
DatasetClassiRealeseNormalized,10,5,weka.classifiers.meta.FilteredClassifier,'-F \"weka.filters.MultiFilter -F \\\"weka.filters.supervised.instance.Resample -B 1.0 -S 1 -Z 173.0\\\" -S 1\" -S 1 -W weka.classifiers.trees.RandomForest -- -P 100 -I 100 -num-slots 1 -K 0 -M 1.0 -V 0.001 -S 1',-4523450618538717400,2.02605190228E7,4330.0,481.0,458.0,23.0,0.0,95.21829521829522,4.781704781704781,0.0,0.8136820654462168,0.10327958089763395,0.19515377237079637,44.78018804096593,57.45978499887231,272.1308087156738,96.82672769216468,175.30408102350913,0.565760517080403,0.20130296817497856,0.36445754890542437,117.34994897461458,0.24397078788901158,43.12262530231315,0.9520383693045563,397.0,0.046875,3.0,0.953125,61.0,0.047961630695443645,20.0,0.9925,0.9520383693045563,0.9718482252141982,0.8215092913725474,0.9904451438848921,0.9984712787946789,0.9521829521829522,0.047019582878395826,0.9529804171216042,0.04781704781704782,0.9606445548112215,0.9521829521829522,0.95448853591765,0.8215092913725474,0.990445143884892,0.9930962551788353,0.906613767779513,0.9521829521829522,0.754,0.008,0.59,0.01,590.0,10.0,3.1289949E7,1043340.0,161919.0,100.0,71.3097713097713,?,?
DatasetClassiRealeseNormalized,10,6,weka.classifiers.meta.FilteredClassifier,'-F \"weka.filters.MultiFilter -F \\\"weka.filters.supervised.instance.Resample -B 1.0 -S 1 -Z 173.0\\\" -S 1\" -S 1 -W weka.classifiers.trees.RandomForest -- -P 100 -I 100 -num-slots 1 -K 0 -M 1.0 -V 0.001 -S 1',-4523450618538717400,2.02605190228E7,4330.0,481.0,460.0,21.0,0.0,95.63409563409563,4.365904365904366,0.0,0.8144392394599066,0.1055925458679396,0.18982620557505295,45.783048484455854,55.89117149511225,272.1308087156738,97.45117670393137,174.67963201174246,0.565760517080403,0.2026011989686723,0.3631593181117307,125.40814649016859,0.2607237972768578,46.0837738593563,0.9712230215827338,405.0,0.140625,9.0,0.859375,55.0,0.02877697841726619,12.0,0.9782608695652174,0.9712230215827338,0.9747292418772563,0.81472554771014,0.9825764388489209,0.9970756653096808,0.9563409563409564,0.12574293475822254,0.8742570652417775,0.04365904365904366,0.9573224449927891,0.9563409563409564,0.9567620621165968,0.8147255477101402,0.9825764388489209,0.988497812545187,0.9072119491829029,0.9563409563409564,0.684,0.008,0.57,0.01,570.0,10.0,3.1641407E7,1043340.0,161919.0,100.0,73.07692307692308,?,?
DatasetClassiRealeseNormalized,10,7,weka.classifiers.meta.FilteredClassifier,'-F \"weka.filters.MultiFilter -F \\\"weka.filters.supervised.instance.Resample -B 1.0 -S 1 -Z 173.0\\\" -S 1\" -S 1 -W weka.classifiers.trees.RandomForest -- -P 100 -I 100 -num-slots 1 -K 0 -M 1.0 -V 0.001 -S 1',-4523450618538717400,2.02605190228E7,4330.0,481.0,456.0,25.0,0.0,94.8024948024948,5.197505197505198,0.0,0.7974805059198008,0.10985667970329917,0.20928701173775485,47.63190101967776,61.62108244906989,272.1308087156738,108.46057832650905,163.67023038916477,0.565760517080403,0.22548976783058014,0.3402707492498228,115.4730287321688,0.24006866680284575,42.432912788208654,0.9496402877697842,396.0,0.0625,4.0,0.9375,60.0,0.050359712230215826,21.0,0.99,0.9496402877697842,0.9694002447980415,0.8051518807193124,0.9834757194244604,0.9973822798630221,0.9480249480249481,0.060884660255163855,0.9391153397448362,0.05197505197505198,0.9568345268345267,0.9480249480249481,0.9505310173017935,0.8051518807193124,0.9834757194244604,0.9873796709547757,0.8984932258472966,0.9480249480249481,0.593,0.009,0.57,0.01,570.0,10.0,2.8376019E7,1043340.0,161919.0,100.0,71.62162162162163,?,?
DatasetClassiRealeseNormalized,10,8,weka.classifiers.meta.FilteredClassifier,'-F \"weka.filters.MultiFilter -F \\\"weka.filters.supervised.instance.Resample -B 1.0 -S 1 -Z 173.0\\\" -S 1\" -S 1 -W weka.classifiers.trees.RandomForest -- -P 100 -I 100 -num-slots 1 -K 0 -M 1.0 -V 0.001 -S 1',-4523450618538717400,2.02605190228E7,4330.0,481.0,454.0,27.0,0.0,94.38669438669439,5.613305613305613,0.0,0.7759510049167603,0.10860411653646544,0.20353204253097518,47.08881192446158,59.92662740841408,272.1308087156738,105.88515610932406,166.24565260634978,0.565760517080403,0.2201354596867444,0.34562505739365856,113.89451265979577,0.236786928606644,41.85285495505743,0.9520383693045563,397.0,0.109375,7.0,0.890625,57.0,0.047961630695443645,20.0,0.9826732673267327,0.9520383693045563,0.9671132764920828,0.7805057103918547,0.9838878896882494,0.9974886467602199,0.9438669438669439,0.10120357456238752,0.8987964254376125,0.056133056133056136,0.9504186608147004,0.9438669438669439,0.9460102227614602,0.7805057103918547,0.9838878896882494,0.9865589234377653,0.8878119573949776,0.9438669438669439,0.625,0.006,0.58,0.01,580.0,10.0,3.1725504E7,1043340.0,161919.0,100.0,71.20582120582121,?,?
DatasetClassiRealeseNormalized,10,9,weka.classifiers.meta.FilteredClassifier,'-F \"weka.filters.MultiFilter -F \\\"weka.filters.supervised.instance.Resample -B 1.0 -S 1 -Z 173.0\\\" -S 1\" -S 1 -W weka.classifiers.trees.RandomForest -- -P 100 -I 100 -num-slots 1 -K 0 -M 1.0 -V 0.001 -S 1',-4523450618538717400,2.02605190228E7,4330.0,481.0,460.0,21.0,0.0,95.63409563409563,4.365904365904366,0.0,0.8257396704908136,0.10821156493013687,0.19619955795094388,46.918608534842875,57.767699182954914,272.1308087156738,103.98484093928347,168.14596777639036,0.565760517080403,0.21618470049747085,0.34957581658293213,112.44778901502553,0.23377918714142523,41.32122692969784,0.9592326139088729,400.0,0.0625,4.0,0.9375,60.0,0.0407673860911271,17.0,0.9900990099009901,0.9592326139088729,0.97442143727162,0.830586627288802,0.9883842925659473,0.9982918609440027,0.9563409563409564,0.05960834243208344,0.9403916575679165,0.04365904365904366,0.962040367980962,0.9563409563409564,0.9580079510366913,0.830586627288802,0.9883842925659473,0.9866524121924474,0.9127426335294271,0.9563409563409564,0.613,0.007,0.59,0.01,590.0,10.0,3.2516293E7,1043340.0,161919.0,99.58419958419958,71.93347193347194,?,?
DatasetClassiRealeseNormalized,10,10,weka.classifiers.meta.FilteredClassifier,'-F \"weka.filters.MultiFilter -F \\\"weka.filters.supervised.instance.Resample -B 1.0 -S 1 -Z 173.0\\\" -S 1\" -S 1 -W weka.classifiers.trees.RandomForest -- -P 100 -I 100 -num-slots 1 -K 0 -M 1.0 -V 0.001 -S 1',-4523450618538717400,2.02605190228E7,4330.0,481.0,457.0,24.0,0.0,95.01039501039502,4.98960498960499,0.0,0.7892969263342338,0.1168303739553535,0.20892395783722442,50.65557072508369,61.51418726167968,272.1308087156738,116.05219509288561,156.07861362278823,0.565760517080403,0.24127275487086405,0.32448776220953895,102.62301216987564,0.2133534556546271,37.710912870985375,0.9664268585131894,403.0,0.15625,10.0,0.84375,54.0,0.03357314148681055,14.0,0.9757869249394673,0.9664268585131894,0.9710843373493975,0.7897840638405645,0.9718038069544365,0.9953755121454515,0.9501039501039501,0.13992709159076067,0.8600729084092393,0.0498960498960499,0.9516147133295688,0.9501039501039501,0.9507397194144181,0.7897840638405645,0.9718038069544364,0.9788129788730592,0.8946330777656079,0.9501039501039501,0.62,0.007,0.6,0.01,600.0,10.0,3.2223815E7,1043340.0,161919.0,99.58419958419958,75.05197505197505,?,?
DatasetClassiRealeseNormalized,1,1,weka.classifiers.trees.RandomForest,'-P 100 -I 100 -num-slots 1 -K 0 -M 1.0 -V 0.001 -S 1',1116839470751428698,2.02605190228E7,4329.0,482.0,469.0,13.0,0.0,97.30290456431536,2.6970954356846475,0.0,0.877199858895465,0.07372252751095833,0.16074780697799512,31.989754998104384,47.37114479427919,272.3366817903761,68.43191731406007,203.90476447631602,0.565013862635635,0.14197493218684662,0.42303893044878843,185.82725565043162,0.38553372541583325,68.23438342157198,0.992822966507177,415.0,0.15625,10.0,0.84375,54.0,0.007177033492822967,3.0,0.9764705882352941,0.992822966507177,0.9845788849347569,0.8791238482574861,0.9925239234449761,0.9988407809784253,0.9730290456431535,0.1364560791359765,0.8635439208640234,0.026970954356846474,0.9726064000616625,0.9730290456431535,0.9723608731221517,0.8791238482574861,0.9925239234449761,0.9938549863789478,0.9385704342029156,0.9730290456431535,0.386,0.008,0.36,0.01,360.0,10.0,2.7338103E7,1043111.0,162148.0,100.0,64.6265560165975,?,-1.0
DatasetClassiRealeseNormalized,1,2,weka.classifiers.trees.RandomForest,'-P 100 -I 100 -num-slots 1 -K 0 -M 1.0 -V 0.001 -S 1',1116839470751428698,2.02605190228E7,4330.0,481.0,461.0,20.0,0.0,95.84199584199584,4.158004158004158,0.0,0.8096481855237643,0.08297824577799967,0.1819466651427089,36.1906321287976,53.92887716404847,269.42867131105754,83.59247549689088,185.83619581416667,0.5601427677984564,0.1737889303469665,0.38635383745149,167.34343788888074,0.3479073552783383,62.11047884197944,0.9832535885167464,411.0,0.20634920634920634,13.0,0.7936507936507936,50.0,0.01674641148325359,7.0,0.9693396226415094,0.9832535885167464,0.9762470308788598,0.8109715719728205,0.9805574542416647,0.9969067951581664,0.9584199584199584,0.18151557625241835,0.8184844237475816,0.04158004158004158,0.9572705200808477,0.9584199584199584,0.9575286047970133,0.8109715719728205,0.9805574542416647,0.9861205019436232,0.9047901821060966,0.9584199584199584,0.378,0.007,0.35,0.01,350.0,10.0,2.7874518E7,1043340.0,161919.0,99.79209979209979,64.76091476091476,?,-1.0
DatasetClassiRealeseNormalized,1,3,weka.classifiers.trees.RandomForest,'-P 100 -I 100 -num-slots 1 -K 0 -M 1.0 -V 0.001 -S 1',1116839470751428698,2.02605190228E7,4330.0,481.0,464.0,17.0,0.0,96.46569646569647,3.5343035343035343,0.0,0.837108308930457,0.07316413022462125,0.1728888926244394,31.722664643261695,50.90426117932424,272.1308087156738,73.42982022193286,198.70098849374097,0.565760517080403,0.15266074890214731,0.41309976817825567,182.0447100407119,0.37847133064597066,66.89603095653709,0.9904076738609112,413.0,0.203125,13.0,0.796875,51.0,0.009592326139088728,4.0,0.9694835680751174,0.9904076738609112,0.9798339264531435,0.8402384744839148,0.9872601918465228,0.9980484201588145,0.9646569646569647,0.17737429079605338,0.8226257092039466,0.035343035343035345,0.9638671568249033,0.9646569646569647,0.9635091272101947,0.8402384744839148,0.9872601918465228,0.988297636458513,0.9184883917980002,0.9646569646569647,0.369,0.006,0.35,0.0,350.0,0.0,2.3426796E7,1043340.0,161919.0,100.0,63.82536382536382,?,-1.0
DatasetClassiRealeseNormalized,1,4,weka.classifiers.trees.RandomForest,'-P 100 -I 100 -num-slots 1 -K 0 -M 1.0 -V 0.001 -S 1',1116839470751428698,2.02605190228E7,4330.0,481.0,463.0,18.0,0.0,96.25779625779626,3.7422037422037424,0.0,0.8263050194599365,0.07281823814701571,0.17379452215887498,31.572691994821067,51.17090874501118,272.1308087156738,79.06460600721265,193.06620270846116,0.565760517080403,0.16437548026447535,0.4013850368159276,184.04300605546845,0.3826257922151111,67.63034546660214,0.9904076738609112,413.0,0.21875,14.0,0.78125,50.0,0.009592326139088728,4.0,0.9672131147540983,0.9904076738609112,0.9786729857819904,0.830179254477919,0.9780050959232613,0.996154326467598,0.9625779625779626,0.1909202887170513,0.8090797112829488,0.037422037422037424,0.9617196010638633,0.9625779625779626,0.9612139775606718,0.830179254477919,0.9780050959232615,0.9863575007902282,0.9130653064503171,0.9625779625779626,0.373,0.006,0.35,0.0,350.0,0.0,2.7036697E7,1043340.0,161919.0,99.58419958419958,64.13721413721414,?,-1.0
DatasetClassiRealeseNormalized,1,5,weka.classifiers.trees.RandomForest,'-P 100 -I 100 -num-slots 1 -K 0 -M 1.0 -V 0.001 -S 1',1116839470751428698,2.02605190228E7,4330.0,481.0,457.0,24.0,0.0,95.01039501039502,4.98960498960499,0.0,0.7716410824497547,0.0844067020751998,0.18229299926293344,36.59724369516518,53.67314409144978,272.1308087156738,81.51539906755612,190.6154096481177,0.565760517080403,0.1694706841321333,0.39628983294826964,166.27385007848156,0.34568367999684313,61.10070773067332,0.9808153477218226,409.0,0.25,16.0,0.75,48.0,0.019184652278177457,8.0,0.9623529411764706,0.9808153477218226,0.9714964370546318,0.7738863655636479,0.9847497002398081,0.9975554010348089,0.9501039501039501,0.21928860238212758,0.7807113976178724,0.0498960498960499,0.9483540942364471,0.9501039501039501,0.948677784307238,0.7738863655636479,0.9847497002398081,0.9880282116493899,0.8857482185273159,0.9501039501039501,0.397,0.007,0.38,0.0,380.0,0.0,3.0485607E7,1043340.0,161919.0,99.79209979209979,65.07276507276508,?,-1.0
DatasetClassiRealeseNormalized,1,6,weka.classifiers.trees.RandomForest,'-P 100 -I 100 -num-slots 1 -K 0 -M 1.0 -V 0.001 -S 1',1116839470751428698,2.02605190228E7,4330.0,481.0,460.0,21.0,0.0,95.63409563409563,4.365904365904366,0.0,0.7987808522082115,0.07915460711288101,0.1746281684612785,34.320028799659795,51.41636204432122,272.1308087156738,79.2387619826338,192.89204673304002,0.565760517080403,0.16473755089944658,0.4010229661809564,173.28342430437448,0.36025659938539395,63.676518334027925,0.9856115107913669,411.0,0.234375,15.0,0.765625,49.0,0.014388489208633094,6.0,0.9647887323943662,0.9856115107913669,0.9750889679715302,0.8017677014386754,0.983775479616307,0.9973637859090331,0.9563409563409564,0.20510444554958943,0.7948955544504106,0.04365904365904366,0.954958592986762,0.9563409563409564,0.9549230394949464,0.8017677014386754,0.983775479616307,0.9891821590718851,0.899309189868118,0.9563409563409564,0.393,0.006,0.37,0.0,370.0,0.0,2.682002E7,1043340.0,161919.0,99.79209979209979,65.28066528066527,?,-1.0
DatasetClassiRealeseNormalized,1,7,weka.classifiers.trees.RandomForest,'-P 100 -I 100 -num-slots 1 -K 0 -M 1.0 -V 0.001 -S 1',1116839470751428698,2.02605190228E7,4330.0,481.0,458.0,23.0,0.0,95.21829521829522,4.781704781704781,0.0,0.7796171238470888,0.09130499136364292,0.19518425054573008,39.58821915045521,57.46875879096238,272.1308087156738,90.2642532852519,181.86655543042193,0.565760517080403,0.18765957023960894,0.37810094684079404,159.9716845035799,0.33258146466440724,58.784848822729444,0.9832134292565947,410.0,0.25,16.0,0.75,48.0,0.016786570743405275,7.0,0.9624413145539906,0.9832134292565947,0.9727164887307237,0.7825323149160556,0.9819019784172662,0.9972570277411122,0.9521829521829522,0.21896952292635743,0.7810304770736426,0.04781704781704782,0.9505043110676914,0.9521829521829522,0.9506299956373225,0.7825323149160556,0.9819019784172661,0.9823030919505167,0.889719588903177,0.9521829521829522,0.401,0.006,0.38,0.01,380.0,10.0,3.0422378E7,1043340.0,161919.0,100.0,65.17671517671518,?,-1.0
DatasetClassiRealeseNormalized,1,8,weka.classifiers.trees.RandomForest,'-P 100 -I 100 -num-slots 1 -K 0 -M 1.0 -V 0.001 -S 1',1116839470751428698,2.02605190228E7,4330.0,481.0,468.0,13.0,0.0,97.29729729729729,2.7027027027027026,0.0,0.8804786207160199,0.0672195314189806,0.15192224001642377,29.145192406919687,44.73097876532307,272.1308087156738,61.79782104327395,210.33298767239987,0.565760517080403,0.12847779842676496,0.437282718653638,193.65054187825748,0.40259987916477646,71.16082989360692,0.988009592326139,412.0,0.125,8.0,0.875,56.0,0.011990407673860911,5.0,0.9809523809523809,0.988009592326139,0.9844683393070489,0.8808137278691767,0.9934802158273381,0.9990226274150432,0.972972972972973,0.10996338064683389,0.8900366193531661,0.02702702702702703,0.9725805430723463,0.972972972972973,0.972697084180955,0.8808137278691767,0.9934802158273381,0.9934867716715194,0.9402341696535244,0.972972972972973,0.379,0.007,0.36,0.0,360.0,0.0,2.6749353E7,1043340.0,161919.0,100.0,64.34511434511434,?,-1.0
DatasetClassiRealeseNormalized,1,9,weka.classifiers.trees.RandomForest,'-P 100 -I 100 -num-slots 1 -K 0 -M 1.0 -V 0.001 -S 1',1116839470751428698,2.02605190228E7,4330.0,481.0,459.0,22.0,0.0,95.42619542619542,4.573804573804574,0.0,0.7963590177815411,0.0798149640674503,0.1762483677690793,34.60634782170426,51.89340280428496,272.1308087156738,78.23639112648449,193.89441758918935,0.565760517080403,0.16265361980558107,0.4031068972748219,171.33329617140114,0.3562022789426219,62.95990409171665,0.9784172661870504,408.0,0.203125,13.0,0.796875,51.0,0.02158273381294964,9.0,0.9691211401425178,0.9784172661870504,0.973747016706444,0.7969054429622205,0.9840002997601919,0.997427371431114,0.9542619542619543,0.1789696880749039,0.8210303119250961,0.04573804573804574,0.9532713418699166,0.9542619542619543,0.9536334038605192,0.7969054429622205,0.9840002997601919,0.9855154497243956,0.8981638309338671,0.9542619542619543,0.408,0.006,0.37,0.0,370.0,0.0,2.941114E7,1043340.0,161919.0,99.79209979209979,64.03326403326403,?,-1.0
DatasetClassiRealeseNormalized,1,10,weka.classifiers.trees.RandomForest,'-P 100 -I 100 -num-slots 1 -K 0 -M 1.0 -V 0.001 -S 1',1116839470751428698,2.02605190228E7,4330.0,481.0,460.0,21.0,0.0,95.63409563409563,4.365904365904366,0.0,0.7959105328026188,0.0816961736826851,0.17813944865426465,35.42200682789429,52.45020014290759,272.1308087156738,82.69405809922576,189.43675061644808,0.565760517080403,0.17192111870940907,0.3938393983709939,172.90331169808422,0.3594663444866616,63.53683822647809,0.988009592326139,412.0,0.25,16.0,0.75,48.0,0.011990407673860911,5.0,0.9626168224299065,0.988009592326139,0.9751479289940829,0.800497908955368,0.9787170263788969,0.9961660764942132,0.9563409563409564,0.21833136401481723,0.7816686359851828,0.04365904365904366,0.9550384180960799,0.9563409563409564,0.9545727794248504,0.800497908955368,0.9787170263788969,0.9867707044072532,0.8978303747534517,0.9563409563409564,0.367,0.007,0.35,0.0,350.0,0.0,2.6991091E7,1043340.0,161919.0,99.79209979209979,66.94386694386695,?,-1.0
DatasetClassiRealeseNormalized,2,1,weka.classifiers.trees.RandomForest,'-P 100 -I 100 -num-slots 1 -K 0 -M 1.0 -V 0.001 -S 1',1116839470751428698,2.02605190228E7,4329.0,482.0,465.0,17.0,0.0,96.47302904564316,3.5269709543568464,0.0,0.8371556898127908,0.0775427931824821,0.18056367671280585,33.647448609348906,53.21072949580358,272.3366817903761,83.72330666145243,188.61337512892365,0.565013862635635,0.17369980635156104,0.39131405628407395,177.18341331736679,0.367600442567151,65.06042893397263,0.9904306220095693,414.0,0.203125,13.0,0.796875,51.0,0.009569377990430622,4.0,0.9695550351288056,0.9904306220095693,0.9798816568047337,0.8402842015133863,0.9792538875598086,0.9966403194177611,0.9647302904564315,0.17742466844686217,0.8225753315531378,0.035269709543568464,0.9639407867827704,0.9647302904564315,0.9635843887998371,0.8402842015133863,0.9792538875598086,0.9817055442096715,0.9185122569737953,0.9647302904564315,0.456,0.007,0.39,0.0,390.0,0.0,2.8778248E7,1043111.0,162148.0,99.5850622406639,63.79668049792531,?,-1.0
DatasetClassiRealeseNormalized,2,2,weka.classifiers.trees.RandomForest,'-P 100 -I 100 -num-slots 1 -K 0 -M 1.0 -V 0.001 -S 1',1116839470751428698,2.02605190228E7,4330.0,481.0,461.0,20.0,0.0,95.84199584199584,4.158004158004158,0.0,0.8012725169393489,0.07562030982902344,0.16865249070301408,32.98149760612907,49.98849221775991,269.42867131105754,72.72374379415457,196.70492751690296,0.5601427677984564,0.1511928145408619,0.4089499532575945,182.13240135619932,0.37865364107317945,67.5994876380198,0.9904306220095693,414.0,0.25396825396825395,16.0,0.746031746031746,47.0,0.009569377990430622,4.0,0.9627906976744186,0.9904306220095693,0.9764150943396227,0.8070299639922119,0.9893293840662262,0.9983570963735003,0.9584199584199584,0.221957590378643,0.778042409621357,0.04158004158004158,0.9573915491836149,0.9584199584199584,0.9565257335863097,0.8070299639922118,0.9893293840662262,0.9914290086451216,0.9004882489241973,0.9584199584199584,0.375,0.007,0.36,0.01,360.0,10.0,2.7254666E7,1043340.0,161919.0,100.0,66.32016632016632,?,-1.0
DatasetClassiRealeseNormalized,2,3,weka.classifiers.trees.RandomForest,'-P 100 -I 100 -num-slots 1 -K 0 -M 1.0 -V 0.001 -S 1',1116839470751428698,2.02605190228E7,4330.0,481.0,455.0,26.0,0.0,94.5945945945946,5.405405405405405,0.0,0.7379735165940329,0.07969168912196344,0.18199125855574813,34.55289799946773,53.584301554871324,272.1308087156738,81.28185925789437,190.84894945777944,0.565760517080403,0.16898515438231676,0.39677536269808616,176.71393615218415,0.3673886406490315,64.93712967899103,0.988009592326139,412.0,0.328125,21.0,0.671875,43.0,0.011990407673860911,5.0,0.9515011547344111,0.988009592326139,0.9694117647058823,0.7477586329976147,0.9831010191846523,0.9972692184684084,0.9459459459459459,0.28606135361980684,0.7139386463801931,0.05405405405405406,0.9440942096831242,0.9459459459459459,0.9425936861230978,0.7477586329976147,0.9831010191846523,0.9880281740302046,0.8686344537815125,0.9459459459459459,0.375,0.008,0.36,0.01,360.0,10.0,2.6367505E7,1043340.0,161919.0,99.58419958419958,63.72141372141372,?,-1.0
DatasetClassiRealeseNormalized,2,4,weka.classifiers.trees.RandomForest,'-P 100 -I 100 -num-slots 1 -K 0 -M 1.0 -V 0.001 -S 1',1116839470751428698,2.02605190228E7,4330.0,481.0,465.0,16.0,0.0,96.67359667359668,3.3264033264033266,0.0,0.8498575832065238,0.074409460828881,0.16227133718440773,32.26261782807559,47.77809843398587,272.1308087156738,67.54547044758479,204.58533826808903,0.565760517080403,0.14042717348770226,0.4253333435927007,180.50746229124778,0.3752753893788935,66.33113800791462,0.988009592326139,412.0,0.171875,11.0,0.828125,53.0,0.011990407673860911,5.0,0.9739952718676123,0.988009592326139,0.9809523809523809,0.8512078499169976,0.9923935851318945,0.9988424398811789,0.9667359667359667,0.15060137440982763,0.8493986255901723,0.033264033264033266,0.9659850041361413,0.9667359667359667,0.966036798823684,0.8512078499169976,0.9923935851318946,0.9930809024948547,0.9249024199843872,0.9667359667359667,0.386,0.006,0.36,0.01,360.0,10.0,2.8022708E7,1043340.0,161919.0,100.0,63.61746361746362,?,-1.0
DatasetClassiRealeseNormalized,2,5,weka.classifiers.trees.RandomForest,'-P 100 -I 100 -num-slots 1 -K 0 -M 1.0 -V 0.001 -S 1',1116839470751428698,2.02605190228E7,4330.0,481.0,462.0,19.0,0.0,96.04989604989605,3.95010395010395,0.0,0.8276408351092924,0.08367767835407162,0.1749665618583991,36.28115198531596,51.51599635631722,272.1308087156738,77.50614205053229,194.62466666514155,0.565760517080403,0.16113543045848708,0.4046250866219159,169.7525378527828,0.35291587911181455,62.37902229958191,0.9784172661870504,408.0,0.15625,10.0,0.84375,54.0,0.02158273381294964,9.0,0.9760765550239234,0.9784172661870504,0.977245508982036,0.8276748916302482,0.9874475419664268,0.9980991885494456,0.9604989604989606,0.13833169431191014,0.8616683056880898,0.0395010395010395,0.9602516970938022,0.9604989604989606,0.9603670979124797,0.8276748916302481,0.9874475419664268,0.9877907302992345,0.9138196048847187,0.9604989604989606,0.374,0.006,0.36,0.01,360.0,10.0,2.7307572E7,1043340.0,161919.0,100.0,67.04781704781705,?,-1.0
DatasetClassiRealeseNormalized,2,6,weka.classifiers.trees.RandomForest,'-P 100 -I 100 -num-slots 1 -K 0 -M 1.0 -V 0.001 -S 1',1116839470751428698,2.02605190228E7,4330.0,481.0,453.0,28.0,0.0,94.17879417879418,5.8212058212058215,0.0,0.7408205680855977,0.08727071003463589,0.19617017361772632,37.83902657092538,57.75904745437953,272.1308087156738,93.08303100731808,179.04777770835574,0.565760517080403,0.1935198149840293,0.37224070209637367,157.83252950908715,0.3281341569835492,57.99877281590444,0.9712230215827338,405.0,0.25,16.0,0.75,48.0,0.02877697841726619,12.0,0.9619952494061758,0.9712230215827338,0.9665871121718377,0.7413288853190674,0.9727967625899281,0.9954486958331041,0.9417879417879418,0.220564920205208,0.7794350797947921,0.058212058212058215,0.9404407879467261,0.9417879417879418,0.9409879685497515,0.7413288853190674,0.972796762589928,0.9808626936845658,0.8703903302794673,0.9417879417879418,0.54,0.009,0.37,0.01,370.0,10.0,2.8390932E7,1043340.0,161919.0,99.58419958419958,64.44906444906445,?,-1.0
DatasetClassiRealeseNormalized,2,7,weka.classifiers.trees.RandomForest,'-P 100 -I 100 -num-slots 1 -K 0 -M 1.0 -V 0.001 -S 1',1116839470751428698,2.02605190228E7,4330.0,481.0,467.0,14.0,0.0,97.0893970893971,2.9106029106029108,0.0,0.8686253853057083,0.07257148681295772,0.15841978760205713,31.465705008212087,46.644073668664554,272.1308087156738,65.71757475161519,206.41323396405863,0.565760517080403,0.1366269745355825,0.42913354254482045,185.46141259663807,0.3855746623630729,68.15156779635738,0.9904076738609112,413.0,0.15625,10.0,0.84375,54.0,0.009592326139088728,4.0,0.9763593380614657,0.9904076738609112,0.9833333333333334,0.8700054705868508,0.9934427458033573,0.9990001117269413,0.9708939708939709,0.13673629703305962,0.8632637029669404,0.029106029106029108,0.9703285880835404,0.9708939708939709,0.9702821989707237,0.870005470586851,0.9934427458033573,0.9940954770779501,0.9342896174863389,0.9708939708939709,0.545,0.009,0.38,0.01,380.0,10.0,3.0182142E7,1043340.0,161919.0,100.0,63.92931392931393,?,-1.0
DatasetClassiRealeseNormalized,2,8,weka.classifiers.trees.RandomForest,'-P 100 -I 100 -num-slots 1 -K 0 -M 1.0 -V 0.001 -S 1',1116839470751428698,2.02605190228E7,4330.0,481.0,466.0,15.0,0.0,96.88149688149689,3.1185031185031185,0.0,0.8620907162107921,0.07802773881042699,0.16721504823052183,33.83143876044081,49.23369199159611,272.1308087156738,72.17458242222935,199.95622629344447,0.565760517080403,0.15005110690692172,0.41570941017348123,180.4261805526847,0.375106404475436,66.30126938004896,0.9856115107913669,411.0,0.140625,9.0,0.859375,55.0,0.014388489208633094,6.0,0.9785714285714285,0.9856115107913669,0.9820788530465949,0.8624188249903527,0.9905575539568345,0.9985542497092956,0.9688149688149689,0.12382845802360191,0.8761715419763981,0.031185031185031187,0.9683351429253069,0.9688149688149689,0.9684966355934097,0.8624188249903527,0.9905575539568346,0.9915579862273689,0.9310394265232975,0.9688149688149689,0.411,0.008,0.39,0.0,390.0,0.0,3.0176724E7,1043340.0,161919.0,100.0,64.03326403326403,?,-1.0
DatasetClassiRealeseNormalized,2,9,weka.classifiers.trees.RandomForest,'-P 100 -I 100 -num-slots 1 -K 0 -M 1.0 -V 0.001 -S 1',1116839470751428698,2.02605190228E7,4330.0,481.0,462.0,19.0,0.0,96.04989604989605,3.95010395010395,0.0,0.8299056375514157,0.07734071265522825,0.1662905236963502,33.53355644767897,48.96148110725435,272.1308087156738,70.71223941815477,201.41856929751907,0.565760517080403,0.14701089276123652,0.41874962431916646,174.8849163458289,0.363586104669083,64.26501915428149,0.9760191846522782,407.0,0.140625,9.0,0.859375,55.0,0.023980815347721823,10.0,0.9783653846153846,0.9760191846522782,0.9771908763505401,0.8299388956535205,0.9905200839328537,0.9985471375481902,0.9604989604989606,0.1251047758466823,0.8748952241533177,0.0395010395010395,0.96077382856229,0.9604989604989606,0.9606283551954843,0.8299388956535205,0.9905200839328537,0.9917212229496826,0.9149520273225569,0.9604989604989606,0.407,0.007,0.37,0.01,370.0,10.0,2.7964622E7,1043340.0,161919.0,100.0,65.5925155925156,?,-1.0
DatasetClassiRealeseNormalized,2,10,weka.classifiers.trees.RandomForest,'-P 100 -I 100 -num-slots 1 -K 0 -M 1.0 -V 0.001 -S 1',1116839470751428698,2.02605190228E7,4330.0,481.0,458.0,23.0,0.0,95.21829521829522,4.781704781704781,0.0,0.7764734406885824,0.0859589034598945,0.19028356277374486,37.270250588492615,56.02583272141225,272.1308087156738,90.75779565091484,181.373013064759,0.565760517080403,0.1886856458438978,0.3770748712365052,169.34288431962517,0.35206420856470927,62.22848677767942,0.9856115107913669,411.0,0.265625,17.0,0.734375,47.0,0.014388489208633094,6.0,0.9602803738317757,0.9856115107913669,0.9727810650887573,0.7809487876003958,0.9773306354916067,0.9963311990609198,0.9521829521829522,0.23219644139158527,0.7678035586084148,0.04781704781704782,0.9505023552369699,0.9521829521829522,0.9502463774653123,0.7809487876003959,0.9773306354916067,0.9813518001088883,0.8880999342537803,0.9521829521829522,0.371,0.013,0.37,0.01,370.0,10.0,3.1621958E7,1043340.0,161919.0,99.58419958419958,64.96881496881497,?,-1.0
DatasetClassiRealeseNormalized,3,1,weka.classifiers.trees.RandomForest,'-P 100 -I 100 -num-slots 1 -K 0 -M 1.0 -V 0.001 -S 1',1116839470751428698,2.02605190228E7,4329.0,482.0,465.0,17.0,0.0,96.47302904564316,3.5269709543568464,0.0,0.8394152000940698,0.07663456323841593,0.16227836758052389,33.25334853745026,47.822189255052045,272.3366817903761,67.92453534377688,204.4121464465992,0.565013862635635,0.14092227249746242,0.4240915901381726,182.1037948066096,0.37780870291827723,66.86715634832446,0.9880382775119617,413.0,0.1875,12.0,0.8125,52.0,0.011961722488038277,5.0,0.971764705882353,0.9880382775119617,0.9798339264531436,0.8412563152047509,0.9938696172248804,0.9990890024320401,0.9647302904564315,0.1641920129444698,0.8358079870555302,0.035269709543568464,0.9638664148778097,0.9647302904564315,0.963856526390506,0.8412563152047509,0.9938696172248803,0.9938220870279182,0.9196690293422742,0.9647302904564315,0.416,0.007,0.38,0.0,380.0,0.0,3.0114366E7,1043111.0,162148.0,100.0,64.6265560165975,?,-1.0
DatasetClassiRealeseNormalized,3,2,weka.classifiers.trees.RandomForest,'-P 100 -I 100 -num-slots 1 -K 0 -M 1.0 -V 0.001 -S 1',1116839470751428698,2.02605190228E7,4330.0,481.0,463.0,18.0,0.0,96.25779625779626,3.7422037422037424,0.0,0.8286833669713878,0.07255312030769998,0.1671427694917417,31.64375508584851,49.54101179985389,269.42867131105754,70.9910453992549,198.43762591180263,0.5601427677984564,0.14759053097558192,0.4125522368228745,181.03376744303452,0.37636957888364764,67.19172334633592,0.9856459330143541,412.0,0.19047619047619047,12.0,0.8095238095238095,51.0,0.014354066985645933,6.0,0.9716981132075472,0.9856459330143541,0.9786223277909739,0.8300378668122032,0.9883800410116199,0.9981973014849017,0.9625779625779626,0.167408220039799,0.8325917799602011,0.037422037422037424,0.9616179467222168,0.9625779625779626,0.961775744317312,0.830037866812203,0.9883800410116199,0.9909667704286672,0.9143111638954871,0.9625779625779626,0.368,0.008,0.37,0.01,370.0,10.0,2.815578E7,1043340.0,161919.0,99.79209979209979,63.61746361746362,?,-1.0
DatasetClassiRealeseNormalized,3,3,weka.classifiers.trees.RandomForest,'-P 100 -I 100 -num-slots 1 -K 0 -M 1.0 -V 0.001 -S 1',1116839470751428698,2.02605190228E7,4330.0,481.0,463.0,18.0,0.0,96.25779625779626,3.7422037422037424,0.0,0.8356179988608315,0.07725431946461636,0.17456220082590054,33.49609789791109,51.39693897040544,272.1308087156738,75.08635331675829,197.04445539891555,0.565760517080403,0.15610468465022515,0.40965583243017784,172.21478515798606,0.3580348963783494,63.28382514672146,0.9808153477218226,409.0,0.15625,10.0,0.84375,54.0,0.019184652278177457,8.0,0.9761336515513126,0.9808153477218226,0.9784688995215312,0.8357574140120331,0.9877098321342925,0.9981034231879947,0.9625779625779626,0.13801261485614005,0.86198738514386,0.037422037422037424,0.9621406822884997,0.9625779625779626,0.9623257254836203,0.835757414012033,0.9877098321342926,0.9898236661038349,0.9178058783321941,0.9625779625779626,0.398,0.007,0.35,0.01,350.0,10.0,2.7376859E7,1043340.0,161919.0,100.0,64.13721413721414,?,-1.0
DatasetClassiRealeseNormalized,3,4,weka.classifiers.trees.RandomForest,'-P 100 -I 100 -num-slots 1 -K 0 -M 1.0 -V 0.001 -S 1',1116839470751428698,2.02605190228E7,4330.0,481.0,466.0,15.0,0.0,96.88149688149689,3.1185031185031185,0.0,0.8602042200306138,0.07456313360741514,0.15798928416159763,32.329247609681275,46.51731908519139,272.1308087156738,66.23567300848836,205.89513570718546,0.565760517080403,0.13770410188874918,0.42805641519165377,184.6432329826886,0.38387366524467487,67.85091105785325,0.988009592326139,412.0,0.15625,10.0,0.84375,54.0,0.011990407673860911,5.0,0.976303317535545,0.988009592326139,0.9821215733015495,0.8611396799215758,0.9937799760191847,0.9990865274883262,0.9688149688149689,0.1370553764888297,0.8629446235111703,0.031185031185031187,0.9681803629911913,0.9688149688149689,0.9682740499334005,0.8611396799215757,0.9937799760191847,0.9929897398863108,0.9300851768946772,0.9688149688149689,0.367,0.008,0.36,0.01,360.0,10.0,2.9264515E7,1043340.0,161919.0,100.0,64.76091476091476,?,-1.0
DatasetClassiRealeseNormalized,3,5,weka.classifiers.trees.RandomForest,'-P 100 -I 100 -num-slots 1 -K 0 -M 1.0 -V 0.001 -S 1',1116839470751428698,2.02605190228E7,4330.0,481.0,451.0,30.0,0.0,93.76299376299376,6.237006237006237,0.0,0.7063492063492063,0.09143342706509619,0.20329039594684953,39.643906584624325,59.85547858766164,272.1308087156738,99.84521212388461,172.28559659178921,0.565760517080403,0.20757840358395968,0.3581821134964433,159.9467312245027,0.3325295867453279,58.77567923285649,0.9784172661870504,408.0,0.328125,21.0,0.671875,43.0,0.02158273381294964,9.0,0.951048951048951,0.9784172661870504,0.9645390070921986,0.7112729385405193,0.9743705035971223,0.9960124156835821,0.9376299376299376,0.28733767144288724,0.7126623285571128,0.062370062370062374,0.9345332422255499,0.9376299376299376,0.9348462407890141,0.7112729385405193,0.9743705035971223,0.9744396530290738,0.8529591587185131,0.9376299376299376,0.401,0.008,0.36,0.01,360.0,10.0,2.6417193E7,1043340.0,161919.0,99.37629937629937,65.17671517671518,?,-1.0
DatasetClassiRealeseNormalized,3,6,weka.classifiers.trees.RandomForest,'-P 100 -I 100 -num-slots 1 -K 0 -M 1.0 -V 0.001 -S 1',1116839470751428698,2.02605190228E7,4330.0,481.0,462.0,19.0,0.0,96.04989604989605,3.95010395010395,0.0,0.8204695020135548,0.0809593077605224,0.1769336459607718,35.10251487925703,52.09517157913729,272.1308087156738,79.37905410050695,192.75175461516687,0.565760517080403,0.16502921850417246,0.4007312985762305,172.59012320189186,0.3588152249519581,63.4217507442226,0.9856115107913669,411.0,0.203125,13.0,0.796875,51.0,0.014388489208633094,6.0,0.9693396226415094,0.9856115107913669,0.9774078478002379,0.8222701368508051,0.984974520383693,0.9976261636137495,0.9604989604989606,0.17801244970759358,0.8219875502924064,0.0395010395010395,0.9594132651481211,0.9604989604989606,0.9595207604071513,0.8222701368508051,0.984974520383693,0.9864593152501727,0.910191527205904,0.9604989604989606,0.357,0.009,0.36,0.01,360.0,10.0,2.8250795E7,1043340.0,161919.0,99.79209979209979,65.38461538461539,?,-1.0
DatasetClassiRealeseNormalized,3,7,weka.classifiers.trees.RandomForest,'-P 100 -I 100 -num-slots 1 -K 0 -M 1.0 -V 0.001 -S 1',1116839470751428698,2.02605190228E7,4330.0,481.0,455.0,26.0,0.0,94.5945945945946,5.405405405405405,0.0,0.7417929553619359,0.08632468443031593,0.19649770240950232,37.42884670686294,57.855482863891524,272.1308087156738,91.01761685989962,181.1131918557742,0.565760517080403,0.18922581467754598,0.37653470240285697,161.95295971243695,0.3367005399426964,59.512908691513765,0.9856115107913669,411.0,0.3125,20.0,0.6875,44.0,0.014388489208633094,6.0,0.9535962877030162,0.9856115107913669,0.9693396226415093,0.7490682589763447,0.9796537769784173,0.996864203032144,0.9459459459459459,0.272834435154579,0.7271655648454209,0.05405405405405406,0.9438038502539662,0.9459459459459459,0.9430730382815784,0.7490682589763447,0.9796537769784173,0.9815145917834894,0.8706347236014564,0.9459459459459459,0.395,0.007,0.36,0.01,360.0,10.0,2.5228371E7,1043340.0,161919.0,100.0,65.07276507276508,?,-1.0
DatasetClassiRealeseNormalized,3,8,weka.classifiers.trees.RandomForest,'-P 100 -I 100 -num-slots 1 -K 0 -M 1.0 -V 0.001 -S 1',1116839470751428698,2.02605190228E7,4330.0,481.0,461.0,20.0,0.0,95.84199584199584,4.158004158004158,0.0,0.8042328042328042,0.0796358399645936,0.17893831264752513,34.52868279887131,52.68541236934036,272.1308087156738,79.43911806575187,192.69169064992195,0.565760517080403,0.16515409161278974,0.4006064254676132,175.7333831887357,0.3653500689994505,64.57680555101884,0.9904076738609112,413.0,0.25,16.0,0.75,48.0,0.009592326139088728,4.0,0.9627039627039627,0.9904076738609112,0.9763593380614657,0.8098388513719771,0.9871852517985612,0.9980064571618777,0.9584199584199584,0.21801228455904714,0.7819877154409529,0.04158004158004158,0.9574313420467268,0.9584199584199584,0.9565641605260093,0.8098388513719771,0.9871852517985611,0.989945071218583,0.9019727724790088,0.9584199584199584,0.397,0.006,0.37,0.0,370.0,0.0,2.8388267E7,1043340.0,161919.0,100.0,66.11226611226611,?,-1.0
DatasetClassiRealeseNormalized,3,9,weka.classifiers.trees.RandomForest,'-P 100 -I 100 -num-slots 1 -K 0 -M 1.0 -V 0.001 -S 1',1116839470751428698,2.02605190228E7,4330.0,481.0,463.0,18.0,0.0,96.25779625779626,3.7422037422037424,0.0,0.828730811837316,0.07574457665375825,0.1748709674500395,32.84150028649426,51.487850171466626,272.1308087156738,77.87355563270255,194.25725308297126,0.565760517080403,0.16189928405967266,0.4038612330207303,182.2243960414491,0.3788448982150709,66.96206023179086,0.988009592326139,412.0,0.203125,13.0,0.796875,51.0,0.011990407673860911,5.0,0.9694117647058823,0.988009592326139,0.9786223277909738,0.8311422118263809,0.9830635491606715,0.9971759536169422,0.9625779625779626,0.17769337025182347,0.8223066297481765,0.037422037422037424,0.9616017051311169,0.9625779625779626,0.9615083382304284,0.8311422118263809,0.9830635491606714,0.9880199932183019,0.9143111638954868,0.9625779625779626,0.377,0.008,0.38,0.0,380.0,0.0,2.8586524E7,1043340.0,161919.0,99.79209979209979,63.92931392931393,?,-1.0
DatasetClassiRealeseNormalized,3,10,weka.classifiers.trees.RandomForest,'-P 100 -I 100 -num-slots 1 -K 0 -M 1.0 -V 0.001 -S 1',1116839470751428698,2.02605190228E7,4330.0,481.0,469.0,12.0,0.0,97.5051975051975,2.494802494802495,0.0,0.8918615107913669,0.07209310385035908,0.15066666601267015,31.258286670196235,44.36129586639976,272.1308087156738,64.36773667208605,207.76307204358778,0.565760517080403,0.13382065836192528,0.43193985871847773,188.23091014060518,0.3913324535147717,69.16927599229368,0.9856115107913669,411.0,0.09375,6.0,0.90625,58.0,0.014388489208633094,6.0,0.9856115107913669,0.9856115107913669,0.9856115107913669,0.8918615107913669,0.9920563549160671,0.9986937973779226,0.975051975051975,0.08319046426060815,0.9168095357393918,0.02494802494802495,0.975051975051975,0.975051975051975,0.975051975051975,0.8918615107913669,0.9920563549160671,0.9942747777917964,0.9459307553956835,0.975051975051975,0.385,0.008,0.35,0.01,350.0,10.0,2.6858635E7,1043340.0,161919.0,99.79209979209979,64.65696465696466,?,-1.0
DatasetClassiRealeseNormalized,4,1,weka.classifiers.trees.RandomForest,'-P 100 -I 100 -num-slots 1 -K 0 -M 1.0 -V 0.001 -S 1',1116839470751428698,2.02605190228E7,4329.0,482.0,472.0,10.0,0.0,97.9253112033195,2.074688796680498,0.0,0.9048784338490683,0.0811235033764881,0.16499742984256402,35.2011940612861,48.623476031781735,272.3366817903761,72.2514142122036,200.08526757817248,0.565013862635635,0.14989919961038092,0.4151146630252541,169.21364074855947,0.35106564470655494,62.13398784039205,0.9976076555023924,417.0,0.140625,9.0,0.859375,55.0,0.0023923444976076554,1.0,0.9788732394366197,0.9976076555023924,0.9881516587677724,0.9075098492177501,0.9929351076555024,0.9988980488147448,0.979253112033195,0.12227045653080267,0.8777295434691973,0.02074688796680498,0.9793073795469915,0.979253112033195,0.9786598755842231,0.9075098492177501,0.9929351076555024,0.9944373740974224,0.9524091627172195,0.979253112033195,0.404,0.007,0.37,0.01,370.0,10.0,2.7858487E7,1043111.0,162148.0,100.0,65.87136929460581,?,-1.0
DatasetClassiRealeseNormalized,4,2,weka.classifiers.trees.RandomForest,'-P 100 -I 100 -num-slots 1 -K 0 -M 1.0 -V 0.001 -S 1',1116839470751428698,2.02605190228E7,4330.0,481.0,461.0,20.0,0.0,95.84199584199584,4.158004158004158,0.0,0.8069358593561853,0.07770485516223524,0.1776403183063632,33.8906637689316,52.65247866902289,269.42867131105754,80.39504350571674,189.0336278053408,0.5601427677984564,0.1671414625898477,0.39300130520860876,170.28969781467248,0.35403263578933986,63.20400014817713,0.9856459330143541,412.0,0.2222222222222222,14.0,0.7777777777777778,49.0,0.014354066985645933,6.0,0.9671361502347418,0.9856459330143541,0.976303317535545,0.8093528785527079,0.9799498746867168,0.9966851257604472,0.9584199584199584,0.19499624762782655,0.8050037523721735,0.04158004158004158,0.9571521487014445,0.9584199584199584,0.9572075272934779,0.8093528785527079,0.9799498746867168,0.9869232093928415,0.9034058960559082,0.9584199584199584,0.364,0.008,0.36,0.01,360.0,10.0,2.7854597E7,1043340.0,161919.0,99.79209979209979,64.34511434511434,?,-1.0
DatasetClassiRealeseNormalized,4,3,weka.classifiers.trees.RandomForest,'-P 100 -I 100 -num-slots 1 -K 0 -M 1.0 -V 0.001 -S 1',1116839470751428698,2.02605190228E7,4330.0,481.0,459.0,22.0,0.0,95.42619542619542,4.573804573804574,0.0,0.7963590177815411,0.07832191030321148,0.17941453643688232,33.95898628385919,52.82562854971641,272.1308087156738,78.13467800413709,193.99613071153675,0.565760517080403,0.16244215801275902,0.40331835906764396,181.46119126514753,0.3772581938984356,66.6816051154064,0.9784172661870504,408.0,0.203125,13.0,0.796875,51.0,0.02158273381294964,9.0,0.9691211401425178,0.9784172661870504,0.973747016706444,0.7969054429622205,0.9858738009592326,0.997867335550169,0.9542619542619543,0.1789696880749039,0.8210303119250961,0.04573804573804574,0.9532713418699166,0.9542619542619543,0.9536334038605192,0.7969054429622205,0.9858738009592326,0.9868026507332686,0.8981638309338671,0.9542619542619543,0.354,0.008,0.35,0.01,350.0,10.0,2.6800476E7,1043340.0,161919.0,100.0,63.513513513513516,?,-1.0
DatasetClassiRealeseNormalized,4,4,weka.classifiers.trees.RandomForest,'-P 100 -I 100 -num-slots 1 -K 0 -M 1.0 -V 0.001 -S 1',1116839470751428698,2.02605190228E7,4330.0,481.0,465.0,16.0,0.0,96.67359667359668,3.3264033264033266,0.0,0.8498575832065238,0.07257872741788829,0.16277400985682455,31.46884440563705,47.9261020484228,272.1308087156738,70.02855364150207,202.10225507417175,0.565760517080403,0.1455895086101914,0.42017100847021155,184.65859349109726,0.383905599773591,67.85655558905542,0.988009592326139,412.0,0.171875,11.0,0.828125,53.0,0.011990407673860911,5.0,0.9739952718676123,0.988009592326139,0.9809523809523809,0.8512078499169976,0.988009592326139,0.9980689105905168,0.9667359667359667,0.15060137440982763,0.8493986255901723,0.033264033264033266,0.9659850041361413,0.9667359667359667,0.966036798823684,0.8512078499169976,0.988009592326139,0.991359585892701,0.9249024199843872,0.9667359667359667,0.386,0.007,0.35,0.01,350.0,10.0,2.4744032E7,1043340.0,161919.0,99.79209979209979,64.86486486486487,?,-1.0
DatasetClassiRealeseNormalized,4,5,weka.classifiers.trees.RandomForest,'-P 100 -I 100 -num-slots 1 -K 0 -M 1.0 -V 0.001 -S 1',1116839470751428698,2.02605190228E7,4330.0,481.0,463.0,18.0,0.0,96.25779625779626,3.7422037422037424,0.0,0.83338465091217,0.07774460230316405,0.17559787150910774,33.70867581033683,51.70187499118423,272.1308087156738,78.30480724016464,193.8260014755092,0.565760517080403,0.16279585704815933,0.4029646600322437,178.12672782031848,0.3703258374642796,65.45628870945951,0.9832134292565947,410.0,0.171875,11.0,0.828125,53.0,0.016786570743405275,7.0,0.9738717339667459,0.9832134292565947,0.9785202863961814,0.8339564813909894,0.9862485011990407,0.9979424344507413,0.9625779625779626,0.15123953332136783,0.8487604666786321,0.037422037422037424,0.961825044485377,0.9625779625779626,0.9620636940676974,0.8339564813909894,0.9862485011990408,0.984459351403654,0.9166794980368003,0.9625779625779626,0.386,0.008,0.36,0.0,360.0,0.0,2.8138974E7,1043340.0,161919.0,99.79209979209979,64.96881496881497,?,-1.0
DatasetClassiRealeseNormalized,4,6,weka.classifiers.trees.RandomForest,'-P 100 -I 100 -num-slots 1 -K 0 -M 1.0 -V 0.001 -S 1',1116839470751428698,2.02605190228E7,4330.0,481.0,463.0,18.0,0.0,96.25779625779626,3.7422037422037424,0.0,0.8263050194599365,0.07558804017053788,0.16647921840439708,32.77362885350667,49.01703912810674,272.1308087156738,69.6987531530364,202.4320555626374,0.565760517080403,0.1449038527090154,0.4208566643713875,183.13279825915475,0.38073346831425103,67.29587110090667,0.9904076738609112,413.0,0.21875,14.0,0.78125,50.0,0.009592326139088728,4.0,0.9672131147540983,0.9904076738609112,0.9786729857819904,0.830179254477919,0.9924310551558753,0.9988601858616223,0.9625779625779626,0.1909202887170513,0.8090797112829488,0.037422037422037424,0.9617196010638633,0.9625779625779626,0.9612139775606718,0.830179254477919,0.9924310551558753,0.9926695844634564,0.9130653064503171,0.9625779625779626,0.382,0.007,0.36,0.01,360.0,10.0,2.7029162E7,1043340.0,161919.0,100.0,64.86486486486487,?,-1.0
DatasetClassiRealeseNormalized,4,7,weka.classifiers.trees.RandomForest,'-P 100 -I 100 -num-slots 1 -K 0 -M 1.0 -V 0.001 -S 1',1116839470751428698,2.02605190228E7,4330.0,481.0,460.0,21.0,0.0,95.63409563409563,4.365904365904366,0.0,0.8069270026951089,0.07879276383630647,0.17434328340951372,34.16313999525588,51.33248237535589,272.1308087156738,74.90211732585651,197.2286913898173,0.565760517080403,0.15572165764211332,0.4100388594382896,173.66558755311834,0.3610511175740506,63.81695199185133,0.9784172661870504,408.0,0.1875,12.0,0.8125,52.0,0.02158273381294964,9.0,0.9714285714285714,0.9784172661870504,0.974910394265233,0.8072341163538808,0.9884592326139089,0.9982551539386733,0.9563409563409564,0.16542369015390598,0.834576309846094,0.04365904365904366,0.9555989424841884,0.9563409563409564,0.9558952898307737,0.8072341163538808,0.9884592326139089,0.9891300516835013,0.9034551971326163,0.9563409563409564,0.404,0.007,0.38,0.01,380.0,10.0,2.9634798E7,1043340.0,161919.0,100.0,65.07276507276508,?,-1.0
DatasetClassiRealeseNormalized,4,8,weka.classifiers.trees.RandomForest,'-P 100 -I 100 -num-slots 1 -K 0 -M 1.0 -V 0.001 -S 1',1116839470751428698,2.02605190228E7,4330.0,481.0,460.0,21.0,0.0,95.63409563409563,4.365904365904366,0.0,0.7959105328026188,0.0826057448272005,0.1813852760825049,35.81638068702533,53.405880086494676,272.1308087156738,80.11240980605439,192.01839890961944,0.565760517080403,0.1665538665406536,0.39920665053974935,171.87545465966085,0.3573294275668625,63.1591312541311,0.988009592326139,412.0,0.25,16.0,0.75,48.0,0.011990407673860911,5.0,0.9626168224299065,0.988009592326139,0.9751479289940829,0.800497908955368,0.9875974220623501,0.9980970979840474,0.9563409563409564,0.21833136401481723,0.7816686359851828,0.04365904365904366,0.9550384180960799,0.9563409563409564,0.9545727794248504,0.800497908955368,0.9875974220623501,0.9891700263656482,0.8978303747534517,0.9563409563409564,0.402,0.008,0.38,0.0,380.0,0.0,2.5900811E7,1043340.0,161919.0,100.0,64.96881496881497,?,-1.0
DatasetClassiRealeseNormalized,4,9,weka.classifiers.trees.RandomForest,'-P 100 -I 100 -num-slots 1 -K 0 -M 1.0 -V 0.001 -S 1',1116839470751428698,2.02605190228E7,4330.0,481.0,459.0,22.0,0.0,95.42619542619542,4.573804573804574,0.0,0.7846560846560846,0.08182369686741298,0.18471790490300066,35.47729861105284,54.38711725747229,272.1308087156738,83.36454947931394,188.76625923635987,0.565760517080403,0.17331507168256535,0.39244544539783754,172.49894084528773,0.3586256566430098,63.38824393290841,0.988009592326139,412.0,0.265625,17.0,0.734375,47.0,0.011990407673860911,5.0,0.9603729603729604,0.988009592326139,0.9739952718676124,0.7901256688056855,0.9831384892086331,0.9973912493376506,0.9542619542619543,0.23187736193581515,0.7681226380641848,0.04573804573804574,0.9528517220824914,0.9542619542619543,0.9522205765786105,0.7901256688056854,0.9831384892086331,0.9846010101639929,0.8921700497269096,0.9542619542619543,0.385,0.008,0.37,0.01,370.0,10.0,2.8089377E7,1043340.0,161919.0,100.0,65.07276507276508,?,-1.0
DatasetClassiRealeseNormalized,4,10,weka.classifiers.trees.RandomForest,'-P 100 -I 100 -num-slots 1 -K 0 -M 1.0 -V 0.001 -S 1',1116839470751428698,2.02605190228E7,4330.0,481.0,464.0,17.0,0.0,96.46569646569647,3.5343035343035343,0.0,0.8437028117055644,0.0721801448410129,0.16504048912764804,31.296026094532326,48.59342920292165,272.1308087156738,69.49900707344148,202.63180164223235,0.565760517080403,0.14448858019426503,0.42127193688613795,185.7324131278336,0.3861380730308391,68.2511524528961,0.9832134292565947,410.0,0.15625,10.0,0.84375,54.0,0.016786570743405275,7.0,0.9761904761904762,0.9832134292565947,0.979689366786141,0.8440239221115288,0.9914568345323741,0.9986782251076063,0.9646569646569647,0.1376935354003699,0.8623064645996301,0.035343035343035345,0.9640897427782673,0.9646569646569647,0.9642961870058645,0.8440239221115287,0.9914568345323741,0.9929879455326214,0.9218446833930705,0.9646569646569647,0.405,0.007,0.37,0.01,370.0,10.0,2.7058131E7,1043340.0,161919.0,100.0,64.55301455301455,?,-1.0
DatasetClassiRealeseNormalized,5,1,weka.classifiers.trees.RandomForest,'-P 100 -I 100 -num-slots 1 -K 0 -M 1.0 -V 0.001 -S 1',1116839470751428698,2.02605190228E7,4329.0,482.0,468.0,14.0,0.0,97.0954356846473,2.904564315352697,0.0,0.8668298073886959,0.07371369335624184,0.15644531494831984,31.985921672599453,46.103233419650735,272.3366817903761,68.82634972318989,203.5103320671862,0.565013862635635,0.14279325668711595,0.42222060594851907,184.87248479652052,0.38355287302182683,67.88379867932048,0.992822966507177,415.0,0.171875,11.0,0.828125,53.0,0.007177033492822967,3.0,0.9741784037558685,0.992822966507177,0.9834123222748815,0.8693505761371468,0.9896456339712919,0.9983011854133266,0.970954356846473,0.150006390339296,0.849993609660704,0.029045643153526972,0.9704937787165593,0.970954356846473,0.9701238258179123,0.8693505761371468,0.9896456339712919,0.9931451788155344,0.9333728278041074,0.970954356846473,0.383,0.007,0.37,0.0,370.0,0.0,2.8184529E7,1043111.0,162148.0,99.79253112033194,66.70124481327801,?,-1.0
DatasetClassiRealeseNormalized,5,2,weka.classifiers.trees.RandomForest,'-P 100 -I 100 -num-slots 1 -K 0 -M 1.0 -V 0.001 -S 1',1116839470751428698,2.02605190228E7,4330.0,481.0,458.0,23.0,0.0,95.21829521829522,4.781704781704781,0.0,0.7856132395403371,0.08252736886870107,0.1944449182685908,35.99398395665558,57.63335153329403,269.42867131105754,95.99110634684037,173.4375649642172,0.5601427677984564,0.1995657096607908,0.36057705813766566,164.1867642049172,0.341344624126647,60.93886126000388,0.9760765550239234,408.0,0.20634920634920634,13.0,0.7936507936507936,50.0,0.023923444976076555,10.0,0.9691211401425178,0.9760765550239234,0.9725864123957092,0.7859205776035725,0.9648743069795701,0.993820049430818,0.9521829521829522,0.1824556035082351,0.8175443964917649,0.04781704781704782,0.951336042784974,0.9521829521829522,0.9516853068119094,0.7859205776035726,0.9648743069795701,0.9784129139461846,0.892797271238505,0.9521829521829522,0.374,0.006,0.34,0.01,340.0,10.0,2.5982973E7,1043340.0,161919.0,99.37629937629937,63.82536382536382,?,-1.0
DatasetClassiRealeseNormalized,5,3,weka.classifiers.trees.RandomForest,'-P 100 -I 100 -num-slots 1 -K 0 -M 1.0 -V 0.001 -S 1',1116839470751428698,2.02605190228E7,4330.0,481.0,460.0,21.0,0.0,95.63409563409563,4.365904365904366,0.0,0.8094977651207969,0.08259413931403069,0.18023248380740034,35.811348743077275,53.06645955943454,272.1308087156738,82.04073029684768,190.09007841882612,0.565760517080403,0.17056284884999517,0.39519766823040775,169.68879446708925,0.352783356480435,62.3555984961565,0.9760191846522782,407.0,0.171875,11.0,0.828125,53.0,0.023980815347721823,10.0,0.9736842105263158,0.9760191846522782,0.9748502994011976,0.809531075074139,0.9825764388489209,0.9972011020429223,0.9563409563409564,0.15219677168867818,0.8478032283113218,0.04365904365904366,0.9560656665919823,0.9563409563409564,0.9561952134822144,0.809531075074139,0.9825764388489209,0.9838304251143316,0.904747984346268,0.9563409563409564,0.394,0.006,0.37,0.0,370.0,0.0,2.9889153E7,1043340.0,161919.0,99.79209979209979,64.86486486486487,?,-1.0
DatasetClassiRealeseNormalized,5,4,weka.classifiers.trees.RandomForest,'-P 100 -I 100 -num-slots 1 -K 0 -M 1.0 -V 0.001 -S 1',1116839470751428698,2.02605190228E7,4330.0,481.0,462.0,19.0,0.0,96.04989604989605,3.95010395010395,0.0,0.8204695020135548,0.08260724422625251,0.17757532215696797,35.817030799767025,52.28410247104069,272.1308087156738,78.54500743267444,193.5858012829994,0.565760517080403,0.16329523374776392,0.4024652833326391,169.70458457662548,0.35281618415098853,62.36140089302982,0.9856115107913669,411.0,0.203125,13.0,0.796875,51.0,0.014388489208633094,6.0,0.9693396226415094,0.9856115107913669,0.9774078478002379,0.8222701368508051,0.9877098321342925,0.9981608621987742,0.9604989604989606,0.17801244970759358,0.8219875502924064,0.0395010395010395,0.9594132651481211,0.9604989604989606,0.9595207604071513,0.8222701368508051,0.9877098321342926,0.9864735922014795,0.910191527205904,0.9604989604989606,0.4,0.007,0.37,0.01,370.0,10.0,2.8819901E7,1043340.0,161919.0,100.0,65.07276507276508,?,-1.0
DatasetClassiRealeseNormalized,5,5,weka.classifiers.trees.RandomForest,'-P 100 -I 100 -num-slots 1 -K 0 -M 1.0 -V 0.001 -S 1',1116839470751428698,2.02605190228E7,4330.0,481.0,469.0,12.0,0.0,97.5051975051975,2.494802494802495,0.0,0.8873931874048929,0.06918412186418103,0.15482974546933984,29.997003856917313,45.58704542587514,272.1308087156738,64.81759171552844,207.31321700014539,0.565760517080403,0.13475590793249156,0.4310046091479114,194.23082443892207,0.4038062878148068,71.37406652175764,0.9928057553956835,414.0,0.140625,9.0,0.859375,55.0,0.007194244604316547,3.0,0.9787234042553191,0.9928057553956835,0.9857142857142858,0.8888030912567042,0.9927682853717026,0.9988991950926316,0.975051975051975,0.1228712196562916,0.8771287803437084,0.02494802494802495,0.9746721720309394,0.975051975051975,0.9745275991177631,0.8888030912567042,0.9927682853717027,0.9927598798790266,0.9436768149882904,0.975051975051975,0.395,0.006,0.37,0.01,370.0,10.0,2.9531795E7,1043340.0,161919.0,100.0,63.513513513513516,?,-1.0
DatasetClassiRealeseNormalized,5,6,weka.classifiers.trees.RandomForest,'-P 100 -I 100 -num-slots 1 -K 0 -M 1.0 -V 0.001 -S 1',1116839470751428698,2.02605190228E7,4330.0,481.0,464.0,17.0,0.0,96.46569646569647,3.5343035343035343,0.0,0.8347847170306915,0.07740405433116199,0.16886223945925116,33.56102027096805,49.71868007409643,272.1308087156738,76.57982687202073,195.5509818436531,0.565760517080403,0.1592096192765504,0.40655089780385256,179.5872026770244,0.3733621677277015,65.99296989730395,0.9928057553956835,414.0,0.21875,14.0,0.78125,50.0,0.007194244604316547,3.0,0.9672897196261683,0.9928057553956835,0.9798816568047338,0.8395961516653123,0.9841501798561151,0.9972531297614512,0.9646569646569647,0.19060120926128118,0.8093987907387188,0.035343035343035345,0.9641105438142998,0.9646569646569647,0.9632255833439266,0.8395961516653124,0.9841501798561152,0.9903839351629663,0.9172912557527942,0.9646569646569647,0.404,0.007,0.38,0.01,380.0,10.0,3.1155065E7,1043340.0,161919.0,99.79209979209979,64.34511434511434,?,-1.0
DatasetClassiRealeseNormalized,5,7,weka.classifiers.trees.RandomForest,'-P 100 -I 100 -num-slots 1 -K 0 -M 1.0 -V 0.001 -S 1',1116839470751428698,2.02605190228E7,4330.0,481.0,452.0,29.0,0.0,93.97089397089397,6.029106029106029,0.0,0.7221259387637206,0.08505057102761306,0.20007203606017043,36.87641381293883,58.907886005202045,272.1308087156738,93.9217149275328,178.20909378814102,0.565760517080403,0.1952634405977813,0.37049707648262165,169.39171022136782,0.3521657177159414,62.24642884824948,0.9760191846522782,407.0,0.296875,19.0,0.703125,45.0,0.023980815347721823,10.0,0.9553990610328639,0.9760191846522782,0.9655990510083037,0.7248261553481964,0.9744079736211031,0.9959538602261954,0.9397089397089398,0.26056475505666155,0.7394352449433385,0.060291060291060294,0.9371414653104795,0.9397089397089398,0.9377508640644501,0.7248261553481965,0.9744079736211031,0.9766013728136858,0.8609507860083535,0.9397089397089398,0.351,0.006,0.34,0.0,340.0,0.0,2.1303225E7,1043340.0,161919.0,99.58419958419958,65.48856548856548,?,-1.0
DatasetClassiRealeseNormalized,5,8,weka.classifiers.trees.RandomForest,'-P 100 -I 100 -num-slots 1 -K 0 -M 1.0 -V 0.001 -S 1',1116839470751428698,2.02605190228E7,4330.0,481.0,461.0,20.0,0.0,95.84199584199584,4.158004158004158,0.0,0.8097009020414622,0.0753194777729306,0.16723700149449386,32.65718497795003,49.240155765329675,272.1308087156738,69.73232664842122,202.3984820672526,0.565760517080403,0.1449736520757198,0.42078686500468315,180.58513826064802,0.37543687788076513,66.35968162257069,0.9856115107913669,411.0,0.21875,14.0,0.78125,50.0,0.014388489208633094,6.0,0.9670588235294117,0.9856115107913669,0.9762470308788599,0.8120569297388033,0.9915317745803357,0.9987166316779462,0.9584199584199584,0.1915584476285915,0.8084415523714085,0.04158004158004158,0.9571858348328937,0.9584199584199584,0.9572314869226983,0.8120569297388033,0.9915317745803358,0.9921495733842225,0.9047901821060966,0.9584199584199584,0.402,0.006,0.38,0.0,380.0,0.0,3.0787041E7,1043340.0,161919.0,100.0,63.2016632016632,?,-1.0
DatasetClassiRealeseNormalized,5,9,weka.classifiers.trees.RandomForest,'-P 100 -I 100 -num-slots 1 -K 0 -M 1.0 -V 0.001 -S 1',1116839470751428698,2.02605190228E7,4330.0,481.0,459.0,22.0,0.0,95.42619542619542,4.573804573804574,0.0,0.7846560846560846,0.08317223833574099,0.18348689966200218,36.06200218951354,54.024668222432055,272.1308087156738,82.99379933071117,189.13700938496265,0.565760517080403,0.17254428135282987,0.3932162357275731,171.2666452632259,0.35606371156595823,62.935411860024914,0.988009592326139,412.0,0.265625,17.0,0.734375,47.0,0.011990407673860911,5.0,0.9603729603729604,0.988009592326139,0.9739952718676124,0.7901256688056855,0.9825014988009593,0.9971579421863943,0.9542619542619543,0.23187736193581515,0.7681226380641848,0.04573804573804574,0.9528517220824914,0.9542619542619543,0.9522205765786105,0.7901256688056854,0.9825014988009592,0.9874250583141507,0.8921700497269096,0.9542619542619543,0.375,0.006,0.35,0.01,350.0,10.0,2.8214417E7,1043340.0,161919.0,99.58419958419958,65.38461538461539,?,-1.0
DatasetClassiRealeseNormalized,5,10,weka.classifiers.trees.RandomForest,'-P 100 -I 100 -num-slots 1 -K 0 -M 1.0 -V 0.001 -S 1',1116839470751428698,2.02605190228E7,4330.0,481.0,463.0,18.0,0.0,96.25779625779626,3.7422037422037424,0.0,0.8310897811073393,0.07648439466706486,0.16840433665959645,33.16227220930831,49.58385820466031,272.1308087156738,70.5051850028802,201.62562371279364,0.565760517080403,0.14658042620141412,0.41918009087898883,179.86492243148706,0.3739395476746093,66.09502366908134,0.9856115107913669,411.0,0.1875,12.0,0.8125,52.0,0.014388489208633094,6.0,0.9716312056737588,0.9856115107913669,0.9785714285714285,0.8324102292471443,0.9914943045563549,0.9987183686518768,0.9625779625779626,0.16446645178659566,0.8355335482134043,0.037422037422037424,0.9616414201887422,0.9625779625779626,0.9617913986766445,0.8324102292471443,0.9914943045563549,0.9919828604505482,0.9155152224824356,0.9625779625779626,0.384,0.007,0.38,0.01,380.0,10.0,2.6852154E7,1043340.0,161919.0,100.0,64.24116424116424,?,-1.0
DatasetClassiRealeseNormalized,6,1,weka.classifiers.trees.RandomForest,'-P 100 -I 100 -num-slots 1 -K 0 -M 1.0 -V 0.001 -S 1',1116839470751428698,2.02605190228E7,4329.0,482.0,464.0,18.0,0.0,96.2655601659751,3.7344398340248963,0.0,0.8287811809283234,0.08414436228523353,0.17800642371243838,36.512008267435554,52.457126666418816,272.3366817903761,82.3202962314279,190.01638555894817,0.565013862635635,0.17078899633076328,0.39422486630487175,163.18144103237134,0.3385507075360401,59.91900905878552,0.9880382775119617,413.0,0.203125,13.0,0.796875,51.0,0.011961722488038277,5.0,0.9694835680751174,0.9880382775119617,0.9786729857819906,0.8311913030565435,0.9817957535885168,0.9968533621273215,0.9626556016597511,0.1777423241477893,0.8222576758522107,0.03734439834024896,0.9616801778861273,0.9626556016597511,0.9615877760516017,0.8311913030565435,0.9817957535885168,0.988121583350089,0.9143364928909953,0.9626556016597511,0.464,0.007,0.39,0.01,390.0,10.0,2.8373323E7,1043111.0,162148.0,99.5850622406639,64.93775933609959,?,-1.0
DatasetClassiRealeseNormalized,6,2,weka.classifiers.trees.RandomForest,'-P 100 -I 100 -num-slots 1 -K 0 -M 1.0 -V 0.001 -S 1',1116839470751428698,2.02605190228E7,4330.0,481.0,466.0,15.0,0.0,96.88149688149689,3.1185031185031185,0.0,0.8520394561450283,0.07621809947484093,0.17168171113642364,33.242221184451815,50.88635124984514,269.42867131105754,74.04077537181786,195.38789593923968,0.5601427677984564,0.15393092592893526,0.4062118418695212,178.7697860527904,0.3716627568665081,66.35143364025994,0.9952153110047847,416.0,0.20634920634920634,13.0,0.7936507936507936,50.0,0.004784688995215311,2.0,0.9696969696969697,0.9952153110047847,0.9822904368358915,0.8570997999976154,0.9908863066757804,0.9986570075512692,0.9688149688149689,0.17994886415939046,0.8200511358406095,0.031185031185031187,0.9686283917053149,0.9688149688149689,0.9675260110042719,0.8570997999976154,0.9908863066757804,0.9898197400560964,0.9259278271135979,0.9688149688149689,0.468,0.008,0.37,0.01,370.0,10.0,2.7763763E7,1043340.0,161919.0,99.79209979209979,63.40956340956341,?,-1.0
DatasetClassiRealeseNormalized,6,3,weka.classifiers.trees.RandomForest,'-P 100 -I 100 -num-slots 1 -K 0 -M 1.0 -V 0.001 -S 1',1116839470751428698,2.02605190228E7,4330.0,481.0,459.0,22.0,0.0,95.42619542619542,4.573804573804574,0.0,0.7815171160754842,0.07730414769099005,0.18412392741004735,33.51770252999198,54.212230456030305,272.1308087156738,82.56984110798113,189.5609676076927,0.565760517080403,0.1716628713263641,0.3940976457540389,178.71302559882722,0.3715447517647135,65.67173575173884,0.9904076738609112,413.0,0.28125,18.0,0.71875,46.0,0.009592326139088728,4.0,0.9582366589327146,0.9904076738609112,0.9740566037735848,0.7891820234572645,0.9839628297362111,0.9975225587228186,0.9542619542619543,0.24510428040104298,0.7548957195989571,0.04573804573804574,0.9531490369541413,0.9542619542619543,0.9518310323921048,0.7891820234572645,0.9839628297362111,0.9860231655540967,0.890537073816617,0.9542619542619543,0.506,0.007,0.37,0.01,370.0,10.0,2.6640897E7,1043340.0,161919.0,99.79209979209979,63.305613305613306,?,-1.0
DatasetClassiRealeseNormalized,6,4,weka.classifiers.trees.RandomForest,'-P 100 -I 100 -num-slots 1 -K 0 -M 1.0 -V 0.001 -S 1',1116839470751428698,2.02605190228E7,4330.0,481.0,461.0,20.0,0.0,95.84199584199584,4.158004158004158,0.0,0.8148718343468555,0.07688666160884805,0.17697276482067967,33.33668799546037,52.106689477317786,272.1308087156738,75.39563902204152,196.73516969363232,0.565760517080403,0.1567476902745146,0.4090128268058884,177.4170956637478,0.3688505107354424,65.1955199417041,0.9808153477218226,409.0,0.1875,12.0,0.8125,52.0,0.019184652278177457,8.0,0.9714964370546318,0.9808153477218226,0.9761336515513127,0.815430962176605,0.9876348920863309,0.9981467688522659,0.9584199584199584,0.1651046106981359,0.8348953893018641,0.04158004158004158,0.9575481931776468,0.9584199584199584,0.9578485489641084,0.815430962176605,0.9876348920863309,0.9880213036190932,0.9074216644853338,0.9584199584199584,0.374,0.006,0.35,0.01,350.0,10.0,2.6426968E7,1043340.0,161919.0,100.0,64.34511434511434,?,-1.0
DatasetClassiRealeseNormalized,6,5,weka.classifiers.trees.RandomForest,'-P 100 -I 100 -num-slots 1 -K 0 -M 1.0 -V 0.001 -S 1',1116839470751428698,2.02605190228E7,4330.0,481.0,463.0,18.0,0.0,96.25779625779626,3.7422037422037424,0.0,0.8310897811073393,0.07448061328554093,0.16722388300318283,32.293468266866256,49.23629324358037,272.1308087156738,73.126618203475,199.00419051219882,0.565760517080403,0.15203039127541582,0.41373012580498714,184.29431250686895,0.3831482588500394,67.72269313300072,0.9856115107913669,411.0,0.1875,12.0,0.8125,52.0,0.014388489208633094,6.0,0.9716312056737588,0.9856115107913669,0.9785714285714285,0.8324102292471443,0.9858363309352518,0.9976180529975871,0.9625779625779626,0.16446645178659566,0.8355335482134043,0.037422037422037424,0.9616414201887422,0.9625779625779626,0.9617913986766445,0.8324102292471443,0.9858363309352518,0.9904419550757224,0.9155152224824356,0.9625779625779626,0.393,0.006,0.37,0.01,370.0,10.0,2.8536531E7,1043340.0,161919.0,99.58419958419958,64.13721413721414,?,-1.0
DatasetClassiRealeseNormalized,6,6,weka.classifiers.trees.RandomForest,'-P 100 -I 100 -num-slots 1 -K 0 -M 1.0 -V 0.001 -S 1',1116839470751428698,2.02605190228E7,4330.0,481.0,462.0,19.0,0.0,96.04989604989605,3.95010395010395,0.0,0.8276408351092924,0.07755303962345911,0.17553018318414657,33.625617641972255,51.68194528881695,272.1308087156738,77.55791482167422,194.5728938939996,0.565760517080403,0.16124306615732686,0.4045174509230761,176.6045342121369,0.3671611937882264,64.89692771120812,0.9784172661870504,408.0,0.15625,10.0,0.84375,54.0,0.02158273381294964,9.0,0.9760765550239234,0.9784172661870504,0.977245508982036,0.8276748916302482,0.9859112709832134,0.9978284657756922,0.9604989604989606,0.13833169431191014,0.8616683056880898,0.0395010395010395,0.9602516970938022,0.9604989604989606,0.9603670979124797,0.8276748916302481,0.9859112709832134,0.9855327793770006,0.9138196048847187,0.9604989604989606,0.385,0.007,0.37,0.0,370.0,0.0,2.7188006E7,1043340.0,161919.0,99.58419958419958,65.5925155925156,?,-1.0
DatasetClassiRealeseNormalized,6,7,weka.classifiers.trees.RandomForest,'-P 100 -I 100 -num-slots 1 -K 0 -M 1.0 -V 0.001 -S 1',1116839470751428698,2.02605190228E7,4330.0,481.0,469.0,12.0,0.0,97.5051975051975,2.494802494802495,0.0,0.8904119992405544,0.07867915472509918,0.16736128378934056,34.11388110672426,49.276748621590166,272.1308087156738,72.39250930737761,199.7382994082962,0.565760517080403,0.1505041773542154,0.41525633972618753,178.52826836919917,0.3711606411002062,65.6038429502953,0.988009592326139,412.0,0.109375,7.0,0.890625,57.0,0.011990407673860911,5.0,0.9832935560859188,0.988009592326139,0.985645933014354,0.8905605562650261,0.9904826139088729,0.9985329492735661,0.975051975051975,0.09641738272583597,0.903582617274164,0.02494802494802495,0.9747861175992671,0.975051975051975,0.97488381698908,0.8905605562650261,0.9904826139088729,0.9917358679552987,0.9452039188881294,0.975051975051975,0.386,0.007,0.36,0.01,360.0,10.0,2.8008071E7,1043340.0,161919.0,100.0,65.28066528066527,?,-1.0
DatasetClassiRealeseNormalized,6,8,weka.classifiers.trees.RandomForest,'-P 100 -I 100 -num-slots 1 -K 0 -M 1.0 -V 0.001 -S 1',1116839470751428698,2.02605190228E7,4330.0,481.0,463.0,18.0,0.0,96.25779625779626,3.7422037422037424,0.0,0.828730811837316,0.07268792407292086,0.15614422121904895,31.516190131707045,45.974070965002355,272.1308087156738,65.40235036334789,206.72845835232593,0.565760517080403,0.13597162237702265,0.42978889470338033,190.47780363826163,0.3960037497676957,69.99494270318932,0.988009592326139,412.0,0.203125,13.0,0.796875,51.0,0.011990407673860911,5.0,0.9694117647058823,0.988009592326139,0.9786223277909738,0.8311422118263809,0.9938549160671463,0.9990486791243269,0.9625779625779626,0.17769337025182347,0.8223066297481765,0.037422037422037424,0.9616017051311169,0.9625779625779626,0.9615083382304284,0.8311422118263809,0.9938549160671463,0.9946606304242358,0.9143111638954868,0.9625779625779626,0.38,0.007,0.36,0.01,360.0,10.0,2.7476606E7,1043340.0,161919.0,100.0,65.17671517671518,?,-1.0
DatasetClassiRealeseNormalized,6,9,weka.classifiers.trees.RandomForest,'-P 100 -I 100 -num-slots 1 -K 0 -M 1.0 -V 0.001 -S 1',1116839470751428698,2.02605190228E7,4330.0,481.0,466.0,15.0,0.0,96.88149688149689,3.1185031185031185,0.0,0.8582653963264908,0.0764491660582028,0.16674010330092764,33.14699771152711,49.09385235022379,272.1308087156738,73.9374490087046,198.1933597069692,0.565760517080403,0.1537161102052071,0.41204440687519583,178.1047150883888,0.37028007294883325,65.44819968343795,0.9904076738609112,413.0,0.171875,11.0,0.828125,53.0,0.009592326139088728,4.0,0.9740566037735849,0.9904076738609112,0.9821640903686087,0.8601489795290829,0.9877098321342925,0.9980591368408256,0.9688149688149689,0.15028229495405754,0.8497177050459425,0.031185031185031187,0.9681712592586476,0.9688149688149689,0.9680427055845928,0.8601489795290829,0.9877098321342926,0.9908124398552612,0.9290985741099242,0.9688149688149689,0.457,0.007,0.39,0.01,390.0,10.0,3.0265398E7,1043340.0,161919.0,100.0,65.07276507276508,?,-1.0
DatasetClassiRealeseNormalized,6,10,weka.classifiers.trees.RandomForest,'-P 100 -I 100 -num-slots 1 -K 0 -M 1.0 -V 0.001 -S 1',1116839470751428698,2.02605190228E7,4330.0,481.0,459.0,22.0,0.0,95.42619542619542,4.573804573804574,0.0,0.787706134895478,0.08159327174276644,0.1793841857620039,35.377390378260316,52.8166922978987,272.1308087156738,78.39533982805662,193.7354688876172,0.565760517080403,0.1629840744866042,0.40277644259379874,177.3123701153923,0.3686327861026867,65.15703640915233,0.9856115107913669,411.0,0.25,16.0,0.75,48.0,0.014388489208633094,6.0,0.9625292740046838,0.9856115107913669,0.9739336492890994,0.7913993941881375,0.9893210431654677,0.9983920408713063,0.9542619542619543,0.21865044347058735,0.7813495565294126,0.04573804573804574,0.9527309691244117,0.9542619542619543,0.9525948614630435,0.7913993941881375,0.9893210431654677,0.9896994317375847,0.8937464856614988,0.9542619542619543,0.381,0.007,0.35,0.01,350.0,10.0,2.7635372E7,1043340.0,161919.0,100.0,64.96881496881497,?,-1.0
DatasetClassiRealeseNormalized,7,1,weka.classifiers.trees.RandomForest,'-P 100 -I 100 -num-slots 1 -K 0 -M 1.0 -V 0.001 -S 1',1116839470751428698,2.02605190228E7,4329.0,482.0,450.0,32.0,0.0,93.3609958506224,6.639004149377594,0.0,0.667758056177839,0.09691925245756582,0.2142487534693048,42.055301756387834,63.13746304469085,272.3366817903761,107.44175603101456,164.8949257593615,0.565013862635635,0.22290820753322524,0.34210565510240976,148.69299917831316,0.3084916995400688,54.59896118318928,0.9856459330143541,412.0,0.40625,26.0,0.59375,38.0,0.014354066985645933,6.0,0.9406392694063926,0.9856459330143541,0.9626168224299065,0.6826375544954424,0.9690864234449761,0.9948727122377218,0.9336099585062241,0.35421402549187,0.6457859745081299,0.06639004149377593,0.9304148171879656,0.9336099585062241,0.9282383170388754,0.6826375544954424,0.9690864234449761,0.9746190584816438,0.8331602630668051,0.9336099585062241,0.402,0.007,0.38,0.01,380.0,10.0,3.2062297E7,1043111.0,162148.0,99.5850622406639,64.41908713692946,?,-1.0
DatasetClassiRealeseNormalized,7,2,weka.classifiers.trees.RandomForest,'-P 100 -I 100 -num-slots 1 -K 0 -M 1.0 -V 0.001 -S 1',1116839470751428698,2.02605190228E7,4330.0,481.0,467.0,14.0,0.0,97.0893970893971,2.9106029106029108,0.0,0.866753729866635,0.06995844313679671,0.15221345378695483,30.51209694937286,45.11597201055488,269.42867131105754,62.125425962821794,207.30324534823575,0.5601427677984564,0.12915888973559625,0.4309838780628602,185.03966158535493,0.384697841133794,68.67853398264552,0.9904306220095693,414.0,0.15873015873015872,10.0,0.8412698412698413,53.0,0.009569377990430622,4.0,0.9764150943396226,0.9904306220095693,0.9833729216152018,0.8681704564909681,0.994341915394547,0.9991483329300793,0.9708939708939709,0.13919350761456023,0.8608064923854397,0.029106029106029108,0.9703128000049549,0.9708939708939709,0.9702700233579094,0.8681704564909681,0.9943419153945471,0.9949510248164832,0.9333531274742677,0.9708939708939709,0.404,0.007,0.39,0.0,390.0,0.0,3.1126648E7,1043340.0,161919.0,100.0,64.44906444906445,?,-1.0
DatasetClassiRealeseNormalized,7,3,weka.classifiers.trees.RandomForest,'-P 100 -I 100 -num-slots 1 -K 0 -M 1.0 -V 0.001 -S 1',1116839470751428698,2.02605190228E7,4330.0,481.0,466.0,15.0,0.0,96.88149688149689,3.1185031185031185,0.0,0.8582653963264908,0.07693542719551483,0.17119184095595524,33.357831885877886,50.404592518972635,272.1308087156738,75.63946534054017,196.49134337513365,0.565760517080403,0.1572546056975887,0.4085059113828142,181.18089411894954,0.37667545554875165,66.5786042286193,0.9904076738609112,413.0,0.171875,11.0,0.828125,53.0,0.009592326139088728,4.0,0.9740566037735849,0.9904076738609112,0.9821640903686087,0.8601489795290829,0.986398381294964,0.9978146935847197,0.9688149688149689,0.15028229495405754,0.8497177050459425,0.031185031185031187,0.9681712592586476,0.9688149688149689,0.9680427055845928,0.8601489795290829,0.986398381294964,0.9898618026087422,0.9290985741099242,0.9688149688149689,0.367,0.006,0.35,0.01,350.0,10.0,2.4975864E7,1043340.0,161919.0,99.79209979209979,64.76091476091476,?,-1.0
DatasetClassiRealeseNormalized,7,4,weka.classifiers.trees.RandomForest,'-P 100 -I 100 -num-slots 1 -K 0 -M 1.0 -V 0.001 -S 1',1116839470751428698,2.02605190228E7,4330.0,481.0,458.0,23.0,0.0,95.21829521829522,4.781704781704781,0.0,0.782673607700619,0.09084812885269904,0.19166150036303042,39.39013169724205,56.43154354452552,272.1308087156738,88.8551168315053,183.2756918841685,0.565760517080403,0.18472997262267213,0.38103054445773077,154.6056694667792,0.3214255082469422,56.81299746854955,0.9808153477218226,409.0,0.234375,15.0,0.765625,49.0,0.019184652278177457,8.0,0.964622641509434,0.9808153477218226,0.9726516052318669,0.7843912941725273,0.9814898081534772,0.9971179258908753,0.9521829521829522,0.20574260446112966,0.7942573955388704,0.04781704781704782,0.950655271037595,0.9521829521829522,0.9509988152297092,0.7843912941725274,0.9814898081534772,0.9842022635924651,0.8912844803018839,0.9521829521829522,0.385,0.007,0.36,0.01,360.0,10.0,2.936789E7,1043340.0,161919.0,100.0,65.8004158004158,?,-1.0
DatasetClassiRealeseNormalized,7,5,weka.classifiers.trees.RandomForest,'-P 100 -I 100 -num-slots 1 -K 0 -M 1.0 -V 0.001 -S 1',1116839470751428698,2.02605190228E7,4330.0,481.0,460.0,21.0,0.0,95.63409563409563,4.365904365904366,0.0,0.8042859080428593,0.08310348469938399,0.1858011233467151,36.032191836510485,54.70605292613252,272.1308087156738,85.08164623292043,187.0491624827534,0.565760517080403,0.17688491940316098,0.38887559767724195,170.73619775897814,0.3549609101018256,62.7404881368525,0.9808153477218226,409.0,0.203125,13.0,0.796875,51.0,0.019184652278177457,8.0,0.9691943127962085,0.9808153477218226,0.9749702026221693,0.8051605575624968,0.9818270383693045,0.9970976544478652,0.9563409563409564,0.17865060861913382,0.8213493913808663,0.04365904365904366,0.9552516888447485,0.9563409563409564,0.9555836699067607,0.8051605575624968,0.9818270383693045,0.9861868457359212,0.9021192476525481,0.9563409563409564,0.448,0.006,0.37,0.01,370.0,10.0,3.143929E7,1043340.0,161919.0,99.79209979209979,64.13721413721414,?,-1.0
DatasetClassiRealeseNormalized,7,6,weka.classifiers.trees.RandomForest,'-P 100 -I 100 -num-slots 1 -K 0 -M 1.0 -V 0.001 -S 1',1116839470751428698,2.02605190228E7,4330.0,481.0,473.0,8.0,0.0,98.33679833679834,1.6632016632016633,0.0,0.9249287916032619,0.0564218190943531,0.12457391151207142,24.4634965275733,36.678717941213215,272.1308087156738,47.444689557211035,224.6861191584628,0.565760517080403,0.09863760822704996,0.467122908853353,216.09973169658176,0.44927179146898494,79.41024124260986,0.9976019184652278,416.0,0.109375,7.0,0.890625,57.0,0.002398081534772182,1.0,0.983451536643026,0.9976019184652278,0.9904761904761904,0.9263983325964109,0.9990257793764988,0.9998540849190032,0.9833679833679834,0.09514106490275555,0.9048589350972445,0.016632016632016633,0.9833593399257374,0.9833679833679834,0.983018399411842,0.9263983325964109,0.9990257793764988,0.998983820747771,0.9624512099921936,0.9833679833679834,0.396,0.006,0.38,0.01,380.0,10.0,2.8420202E7,1043340.0,161919.0,100.0,63.513513513513516,?,-1.0
DatasetClassiRealeseNormalized,7,7,weka.classifiers.trees.RandomForest,'-P 100 -I 100 -num-slots 1 -K 0 -M 1.0 -V 0.001 -S 1',1116839470751428698,2.02605190228E7,4330.0,481.0,461.0,20.0,0.0,95.84199584199584,4.158004158004158,0.0,0.8148718343468555,0.08101240963800324,0.17697465115498912,35.12553890819143,52.10724487710607,272.1308087156738,79.29476870382885,192.83604001184497,0.565760517080403,0.16485398898924916,0.4009065280911538,171.61771621914247,0.356793588813186,63.06442002252347,0.9808153477218226,409.0,0.1875,12.0,0.8125,52.0,0.019184652278177457,8.0,0.9714964370546318,0.9808153477218226,0.9761336515513127,0.815430962176605,0.9846372901678657,0.997535796494888,0.9584199584199584,0.1651046106981359,0.8348953893018641,0.04158004158004158,0.9575481931776468,0.9584199584199584,0.9578485489641084,0.815430962176605,0.9846372901678657,0.988501446644945,0.9074216644853338,0.9584199584199584,0.352,0.007,0.34,0.01,340.0,10.0,2.4924029E7,1043340.0,161919.0,99.79209979209979,66.83991683991684,?,-1.0
DatasetClassiRealeseNormalized,7,8,weka.classifiers.trees.RandomForest,'-P 100 -I 100 -num-slots 1 -K 0 -M 1.0 -V 0.001 -S 1',1116839470751428698,2.02605190228E7,4330.0,481.0,462.0,19.0,0.0,96.04989604989605,3.95010395010395,0.0,0.8204695020135548,0.08279782670943944,0.17701417680742546,35.899663972367556,52.11888254858606,272.1308087156738,78.47710301023562,193.6537057054382,0.565760517080403,0.16315406031234017,0.4026064567680628,174.14313713352777,0.3620439441445484,63.992437297121704,0.9856115107913669,411.0,0.203125,13.0,0.796875,51.0,0.014388489208633094,6.0,0.9693396226415094,0.9856115107913669,0.9774078478002379,0.8222701368508051,0.9889463429256595,0.9983428331985967,0.9604989604989606,0.17801244970759358,0.8219875502924064,0.0395010395010395,0.9594132651481211,0.9604989604989606,0.9595207604071513,0.8222701368508051,0.9889463429256595,0.9882756506143077,0.910191527205904,0.9604989604989606,0.386,0.007,0.37,0.0,370.0,0.0,2.8565577E7,1043340.0,161919.0,100.0,65.28066528066527,?,-1.0
DatasetClassiRealeseNormalized,7,9,weka.classifiers.trees.RandomForest,'-P 100 -I 100 -num-slots 1 -K 0 -M 1.0 -V 0.001 -S 1',1116839470751428698,2.02605190228E7,4330.0,481.0,456.0,25.0,0.0,94.8024948024948,5.197505197505198,0.0,0.7670070333843563,0.08157560235236465,0.18965697806339854,35.36972924507325,55.841345266710775,272.1308087156738,89.34188974154631,182.7889189741275,0.565760517080403,0.1857419745146493,0.3800185425657537,169.69661558654116,0.3527996166040357,62.3584725255576,0.9760191846522782,407.0,0.234375,15.0,0.765625,49.0,0.023980815347721823,10.0,0.9644549763033176,0.9760191846522782,0.9702026221692491,0.7678411426564442,0.9740707434052758,0.9956404402734843,0.9480249480249481,0.20638076337266986,0.7936192366273301,0.05197505197505198,0.9466325727471202,0.9480249480249481,0.9471234165556676,0.7678411426564441,0.9740707434052759,0.9805280660835839,0.883475294824462,0.9480249480249481,0.393,0.006,0.36,0.0,360.0,0.0,2.7503591E7,1043340.0,161919.0,99.58419958419958,64.44906444906445,?,-1.0
DatasetClassiRealeseNormalized,7,10,weka.classifiers.trees.RandomForest,'-P 100 -I 100 -num-slots 1 -K 0 -M 1.0 -V 0.001 -S 1',1116839470751428698,2.02605190228E7,4330.0,481.0,463.0,18.0,0.0,96.25779625779626,3.7422037422037424,0.0,0.8310897811073393,0.07507453431202317,0.17829819511300626,32.55098185296145,52.49694039946433,272.1308087156738,80.8020296242486,191.32877909142522,0.565760517080403,0.16798758757640042,0.39777292950400256,182.9728850473761,0.38040100841450336,67.23710773907588,0.9856115107913669,411.0,0.1875,12.0,0.8125,52.0,0.014388489208633094,6.0,0.9716312056737588,0.9856115107913669,0.9785714285714285,0.8324102292471443,0.9800659472422062,0.9964538605626645,0.9625779625779626,0.16446645178659566,0.8355335482134043,0.037422037422037424,0.9616414201887422,0.9625779625779626,0.9617913986766445,0.8324102292471443,0.9800659472422062,0.9865481425666058,0.9155152224824356,0.9625779625779626,0.389,0.007,0.37,0.01,370.0,10.0,2.8363038E7,1043340.0,161919.0,99.58419958419958,63.0977130977131,?,-1.0
DatasetClassiRealeseNormalized,8,1,weka.classifiers.trees.RandomForest,'-P 100 -I 100 -num-slots 1 -K 0 -M 1.0 -V 0.001 -S 1',1116839470751428698,2.02605190228E7,4329.0,482.0,459.0,23.0,0.0,95.22821576763485,4.771784232365145,0.0,0.7796812273937753,0.08128887377523246,0.18529220510138,35.27295175487555,54.60419051508621,272.3366817903761,88.25613411049635,184.08054767987971,0.565013862635635,0.1831040126773783,0.38190984995825666,171.66798187720593,0.3561576387493899,63.035203612175465,0.9832535885167464,411.0,0.25,16.0,0.75,48.0,0.01674641148325359,7.0,0.9625292740046838,0.9832535885167464,0.9727810650887574,0.7825949528480954,0.9739832535885168,0.9955032727061891,0.9522821576763485,0.21902856915960214,0.7809714308403978,0.04771784232365145,0.9506053568226209,0.9522821576763485,0.9507318201409563,0.7825949528480954,0.9739832535885168,0.9828793675885588,0.8897518770821938,0.9522821576763485,0.478,0.008,0.34,0.01,340.0,10.0,2.486441E7,1043111.0,162148.0,99.37759336099585,65.14522821576763,?,-1.0
DatasetClassiRealeseNormalized,8,2,weka.classifiers.trees.RandomForest,'-P 100 -I 100 -num-slots 1 -K 0 -M 1.0 -V 0.001 -S 1',1116839470751428698,2.02605190228E7,4330.0,481.0,469.0,12.0,0.0,97.5051975051975,2.494802494802495,0.0,0.8857889113142585,0.07259537386254254,0.1552941712995974,31.662183805871496,46.02909474455016,269.42867131105754,64.40457816522773,205.0240931458298,0.5601427677984564,0.13389725190276036,0.42624551589569604,185.45904325629962,0.3855697364995834,68.83418990037096,0.992822966507177,415.0,0.14285714285714285,9.0,0.8571428571428571,54.0,0.007177033492822967,3.0,0.9787735849056604,0.992822966507177,0.9857482185273159,0.8872367513303506,0.9948735475051265,0.9992448861948878,0.975051975051975,0.12508615140194085,0.8749138485980591,0.02494802494802495,0.974660226646324,0.975051975051975,0.9745171628782079,0.8872367513303505,0.9948735475051265,0.9947387419384079,0.9428741092636579,0.975051975051975,0.502,0.007,0.37,0.0,370.0,0.0,2.8223536E7,1043340.0,161919.0,100.0,64.55301455301455,?,-1.0
DatasetClassiRealeseNormalized,8,3,weka.classifiers.trees.RandomForest,'-P 100 -I 100 -num-slots 1 -K 0 -M 1.0 -V 0.001 -S 1',1116839470751428698,2.02605190228E7,4330.0,481.0,460.0,21.0,0.0,95.63409563409563,4.365904365904366,0.0,0.801571554857087,0.07876847185183601,0.18766671187063505,34.15260742315382,55.25534446264009,272.1308087156738,89.70634657562954,182.42446214004428,0.565760517080403,0.18649968103041484,0.3792608360499881,174.1138891189219,0.36198313746137606,63.981689519336484,0.9832134292565947,410.0,0.21875,14.0,0.78125,50.0,0.016786570743405275,7.0,0.9669811320754716,0.9832134292565947,0.9750297265160522,0.8033307155116662,0.9723096522781774,0.9953241096185567,0.9563409563409564,0.1918775270843616,0.8081224729156384,0.04365904365904366,0.955034268092858,0.9563409563409564,0.95525978781843,0.8033307155116663,0.9723096522781774,0.9830788390696606,0.9007380037538939,0.9563409563409564,0.361,0.008,0.36,0.0,360.0,0.0,2.7843812E7,1043340.0,161919.0,99.37629937629937,63.82536382536382,?,-1.0
DatasetClassiRealeseNormalized,8,4,weka.classifiers.trees.RandomForest,'-P 100 -I 100 -num-slots 1 -K 0 -M 1.0 -V 0.001 -S 1',1116839470751428698,2.02605190228E7,4330.0,481.0,461.0,20.0,0.0,95.84199584199584,4.158004158004158,0.0,0.8070055771777073,0.07988991592897304,0.18017343356664528,34.638845614819196,53.04907319740475,272.1308087156738,80.62910122344225,191.50170749223156,0.565760517080403,0.16762806907160552,0.39813244800879743,173.13521596467598,0.3599484739390353,63.62205616548552,0.988009592326139,412.0,0.234375,15.0,0.765625,49.0,0.011990407673860911,5.0,0.9648711943793911,0.988009592326139,0.976303317535545,0.8107893243330283,0.9846372901678657,0.9975762532146779,0.9584199584199584,0.2047853660938193,0.7952146339061806,0.04158004158004158,0.9572252850941375,0.9584199584199584,0.9569044195118578,0.8107893243330283,0.9846372901678657,0.9882654126779171,0.9034058960559082,0.9584199584199584,0.393,0.008,0.37,0.01,370.0,10.0,2.7846987E7,1043340.0,161919.0,100.0,64.86486486486487,?,-1.0
DatasetClassiRealeseNormalized,8,5,weka.classifiers.trees.RandomForest,'-P 100 -I 100 -num-slots 1 -K 0 -M 1.0 -V 0.001 -S 1',1116839470751428698,2.02605190228E7,4330.0,481.0,459.0,22.0,0.0,95.42619542619542,4.573804573804574,0.0,0.7990886652743497,0.0891053689249853,0.18739951763864918,38.63450201134478,55.17667356155356,272.1308087156738,86.69958635208361,185.43122236359022,0.565760517080403,0.18024862027460212,0.3855118968058009,157.52830379741496,0.3275016710964968,57.88697889109748,0.9760191846522782,407.0,0.1875,12.0,0.8125,52.0,0.023980815347721823,10.0,0.9713603818615751,0.9760191846522782,0.9736842105263158,0.799221985843371,0.9819019784172662,0.9971213472889535,0.9542619542619543,0.1657427696096761,0.834257230390324,0.04573804573804574,0.9537103920813212,0.9542619542619543,0.9539536644799803,0.799221985843371,0.9819019784172661,0.9856688125385001,0.8995405179615705,0.9542619542619543,0.408,0.008,0.38,0.0,380.0,0.0,3.0647205E7,1043340.0,161919.0,99.58419958419958,65.48856548856548,?,-1.0
DatasetClassiRealeseNormalized,8,6,weka.classifiers.trees.RandomForest,'-P 100 -I 100 -num-slots 1 -K 0 -M 1.0 -V 0.001 -S 1',1116839470751428698,2.02605190228E7,4330.0,481.0,465.0,16.0,0.0,96.67359667359668,3.3264033264033266,0.0,0.8518974674774844,0.08086666742656516,0.16873289546076115,35.06234767932528,49.68059688331901,272.1308087156738,73.00486388356263,199.1259448321112,0.565760517080403,0.1517772637911905,0.4139832532892125,175.07386735371412,0.36397893420730587,64.3344530448347,0.9856115107913669,411.0,0.15625,10.0,0.84375,54.0,0.014388489208633094,6.0,0.9762470308788599,0.9856115107913669,0.9809069212410502,0.8524820006053738,0.9917565947242206,0.9987628895772362,0.9667359667359667,0.13737445594459982,0.8626255440554002,0.033264033264033266,0.9661018957931073,0.9667359667359667,0.9662788391712868,0.8524820006053738,0.9917565947242206,0.9918611091099326,0.9259373315882671,0.9667359667359667,0.396,0.007,0.37,0.01,370.0,10.0,2.9770282E7,1043340.0,161919.0,100.0,64.86486486486487,?,-1.0
DatasetClassiRealeseNormalized,8,7,weka.classifiers.trees.RandomForest,'-P 100 -I 100 -num-slots 1 -K 0 -M 1.0 -V 0.001 -S 1',1116839470751428698,2.02605190228E7,4330.0,481.0,464.0,17.0,0.0,96.46569646569647,3.5343035343035343,0.0,0.832393875417632,0.06977885415416749,0.16302874133853978,30.254869192428544,48.00110349981156,272.1308087156738,69.15143550751554,202.97937320815828,0.565760517080403,0.143765978186103,0.42199453889429994,192.49504362403803,0.40019759589197096,70.73621856067007,0.9952038369304557,415.0,0.234375,15.0,0.765625,49.0,0.004796163069544364,2.0,0.9651162790697675,0.9952038369304557,0.9799291617473437,0.8393163117261784,0.9904451438848921,0.9985103651461661,0.9646569646569647,0.20382812772650902,0.796171872273491,0.035343035343035345,0.9645398845125248,0.9646569646569647,0.9629305423771828,0.8393163117261783,0.990445143884892,0.9907429279825912,0.916051537395411,0.9646569646569647,0.362,0.008,0.36,0.01,360.0,10.0,2.6892874E7,1043340.0,161919.0,99.79209979209979,64.03326403326403,?,-1.0
DatasetClassiRealeseNormalized,8,8,weka.classifiers.trees.RandomForest,'-P 100 -I 100 -num-slots 1 -K 0 -M 1.0 -V 0.001 -S 1',1116839470751428698,2.02605190228E7,4330.0,481.0,464.0,17.0,0.0,96.46569646569647,3.5343035343035343,0.0,0.8478103072828457,0.07280792112021292,0.16356192190746882,31.56821871562844,48.158089657363405,272.1308087156738,68.50502569720166,203.62578301847216,0.565760517080403,0.1424220908465731,0.42333842623382983,182.8956939897562,0.38024052804523123,67.20874231511517,0.9784172661870504,408.0,0.125,8.0,0.875,56.0,0.02158273381294964,9.0,0.9807692307692307,0.9784172661870504,0.9795918367346939,0.8478442829066868,0.9904826139088729,0.9985418433108925,0.9646569646569647,0.1112396984699143,0.8887603015300857,0.035343035343035345,0.9649048456740764,0.9646569646569647,0.9647727388591175,0.8478442829066868,0.9904826139088729,0.9917217033904719,0.9239044454991299,0.9646569646569647,0.403,0.008,0.38,0.0,380.0,0.0,2.8082628E7,1043340.0,161919.0,100.0,64.03326403326403,?,-1.0
DatasetClassiRealeseNormalized,8,9,weka.classifiers.trees.RandomForest,'-P 100 -I 100 -num-slots 1 -K 0 -M 1.0 -V 0.001 -S 1',1116839470751428698,2.02605190228E7,4330.0,481.0,465.0,16.0,0.0,96.67359667359668,3.3264033264033266,0.0,0.8498575832065238,0.08107353482428489,0.1745876388017553,35.15204170101787,51.40442875964017,272.1308087156738,77.59263055135287,194.53817816432095,0.565760517080403,0.16131524023150284,0.40444527684890014,171.80439662083447,0.3571816977564126,63.13301953265357,0.988009592326139,412.0,0.171875,11.0,0.828125,53.0,0.011990407673860911,5.0,0.9739952718676123,0.988009592326139,0.9809523809523809,0.8512078499169976,0.9872976618705036,0.9980208647920069,0.9667359667359667,0.15060137440982763,0.8493986255901723,0.033264033264033266,0.9659850041361413,0.9667359667359667,0.966036798823684,0.8512078499169976,0.9872976618705035,0.9895656514814042,0.9249024199843872,0.9667359667359667,0.388,0.007,0.36,0.01,360.0,10.0,2.8268984E7,1043340.0,161919.0,100.0,66.73596673596674,?,-1.0
DatasetClassiRealeseNormalized,8,10,weka.classifiers.trees.RandomForest,'-P 100 -I 100 -num-slots 1 -K 0 -M 1.0 -V 0.001 -S 1',1116839470751428698,2.02605190228E7,4330.0,481.0,458.0,23.0,0.0,95.21829521829522,4.781704781704781,0.0,0.782673607700619,0.07863564234605988,0.18027659191534406,34.09501491363406,53.0794464587825,272.1308087156738,78.9807440415102,193.15006467416362,0.565760517080403,0.1642011310634308,0.40155938601697216,177.65819816086287,0.36935176332819725,65.2841179575822,0.9808153477218226,409.0,0.234375,15.0,0.765625,49.0,0.019184652278177457,8.0,0.964622641509434,0.9808153477218226,0.9726516052318669,0.7843912941725273,0.9866981414868106,0.9979363643812593,0.9521829521829522,0.20574260446112966,0.7942573955388704,0.04781704781704782,0.950655271037595,0.9521829521829522,0.9509988152297092,0.7843912941725274,0.9866981414868106,0.9890121652231426,0.8912844803018839,0.9521829521829522,0.399,0.007,0.37,0.0,370.0,0.0,2.6854097E7,1043340.0,161919.0,100.0,64.65696465696466,?,-1.0
DatasetClassiRealeseNormalized,9,1,weka.classifiers.trees.RandomForest,'-P 100 -I 100 -num-slots 1 -K 0 -M 1.0 -V 0.001 -S 1',1116839470751428698,2.02605190228E7,4329.0,482.0,461.0,21.0,0.0,95.64315352697095,4.356846473029045,0.0,0.8120613465037694,0.07317003440120735,0.16642625927515578,31.750016619405315,49.04454109767653,272.3366817903761,69.83242779513574,202.50425399524033,0.565013862635635,0.14488055559156793,0.4201333070440671,185.83294443451464,0.385545527872437,68.23647230069234,0.9736842105263158,407.0,0.15625,10.0,0.84375,54.0,0.02631578947368421,11.0,0.9760191846522782,0.9736842105263158,0.9748502994011976,0.8120938686025517,0.9891970693779905,0.9983715201057037,0.9564315352697096,0.13899732474339377,0.8610026752566062,0.043568464730290454,0.956732883721749,0.9564315352697096,0.9565743163870079,0.8120938686025517,0.9891970693779905,0.9893697539781678,0.9060298008633896,0.9564315352697096,0.386,0.006,0.36,0.01,360.0,10.0,2.723145E7,1043111.0,162148.0,100.0,65.04149377593362,?,-1.0
DatasetClassiRealeseNormalized,9,2,weka.classifiers.trees.RandomForest,'-P 100 -I 100 -num-slots 1 -K 0 -M 1.0 -V 0.001 -S 1',1116839470751428698,2.02605190229E7,4330.0,481.0,467.0,14.0,0.0,97.0893970893971,2.9106029106029108,0.0,0.866753729866635,0.08083537421697247,0.17039538131271317,35.256027213530054,50.50508389877321,269.42867131105754,79.44988214891131,189.97878916214623,0.5601427677984564,0.1651764701640568,0.39496629763439967,169.91620676110858,0.35325614711249187,63.065376796866204,0.9904306220095693,414.0,0.15873015873015872,10.0,0.8412698412698413,53.0,0.009569377990430622,4.0,0.9764150943396226,0.9904306220095693,0.9833729216152018,0.8681704564909681,0.9813928761297183,0.9968722595454418,0.9708939708939709,0.13919350761456023,0.8608064923854397,0.029106029106029108,0.9703128000049549,0.9708939708939709,0.9702700233579094,0.8681704564909681,0.9813928761297183,0.9893863637913868,0.9333531274742677,0.9708939708939709,0.376,0.008,0.35,0.01,350.0,10.0,2.7529394E7,1043340.0,161919.0,99.58419958419958,66.52806652806653,?,-1.0
DatasetClassiRealeseNormalized,9,3,weka.classifiers.trees.RandomForest,'-P 100 -I 100 -num-slots 1 -K 0 -M 1.0 -V 0.001 -S 1',1116839470751428698,2.02605190229E7,4330.0,481.0,458.0,23.0,0.0,95.21829521829522,4.781704781704781,0.0,0.7856464707136078,0.09021607922395124,0.19549642210341434,39.11608622784183,57.56067251811913,272.1308087156738,92.41078740154046,179.72002131413336,0.565760517080403,0.19212221913002175,0.3736382979503812,154.7747991051564,0.32177712911674927,56.8751475937689,0.9784172661870504,408.0,0.21875,14.0,0.78125,50.0,0.02158273381294964,9.0,0.966824644549763,0.9784172661870504,0.9725864123957093,0.7865008501094706,0.9775179856115108,0.9964629389322346,0.9521829521829522,0.19251568599590183,0.8074843140040981,0.04781704781704782,0.9509421307959344,0.9521829521829522,0.9513535432312141,0.7865008501094706,0.9775179856115108,0.9823476028379827,0.892797271238505,0.9521829521829522,0.374,0.007,0.35,0.01,350.0,10.0,2.862744E7,1043340.0,161919.0,99.79209979209979,66.11226611226611,?,-1.0
DatasetClassiRealeseNormalized,9,4,weka.classifiers.trees.RandomForest,'-P 100 -I 100 -num-slots 1 -K 0 -M 1.0 -V 0.001 -S 1',1116839470751428698,2.02605190229E7,4330.0,481.0,462.0,19.0,0.0,96.04989604989605,3.95010395010395,0.0,0.8153476249166551,0.07874870393382638,0.1755849405132005,34.14403640574693,51.698067674340564,272.1308087156738,76.22272839055904,195.90808032511478,0.565760517080403,0.15846721079118303,0.4072933062892199,178.1079320086513,0.370286760932747,65.44938180621108,0.9904076738609112,413.0,0.234375,15.0,0.765625,49.0,0.009592326139088728,4.0,0.9649532710280374,0.9904076738609112,0.9775147928994083,0.8200470303103401,0.9896957434052758,0.9984601655543243,0.9604989604989606,0.20446628663804922,0.7955337133619508,0.0395010395010395,0.9595744809551898,0.9604989604989606,0.9588991813843885,0.8200470303103401,0.9896957434052759,0.988771778656609,0.9075608152531229,0.9604989604989606,0.394,0.007,0.38,0.0,380.0,0.0,2.8768137E7,1043340.0,161919.0,100.0,64.86486486486487,?,-1.0
DatasetClassiRealeseNormalized,9,5,weka.classifiers.trees.RandomForest,'-P 100 -I 100 -num-slots 1 -K 0 -M 1.0 -V 0.001 -S 1',1116839470751428698,2.02605190229E7,4330.0,481.0,469.0,12.0,0.0,97.5051975051975,2.494802494802495,0.0,0.8889231006081133,0.06910177279718095,0.16244817398234637,29.96129876716761,47.83016509027442,272.1308087156738,66.52498802449658,205.60582069117726,0.565760517080403,0.1383055884085168,0.42745492867188617,193.3219351864569,0.4019167051693491,71.0400766818146,0.9904076738609112,413.0,0.125,8.0,0.875,56.0,0.009592326139088728,4.0,0.9809976247030879,0.9904076738609112,0.9856801909307876,0.8895330390341427,0.9913069544364509,0.998706928108118,0.975051975051975,0.10964430119106379,0.8903556988089363,0.02494802494802495,0.9746555984085676,0.975051975051975,0.974709129378465,0.8895330390341426,0.9913069544364508,0.9908321246216045,0.9444529986912003,0.975051975051975,0.381,0.006,0.35,0.0,350.0,0.0,2.4529628E7,1043340.0,161919.0,100.0,63.72141372141372,?,-1.0
DatasetClassiRealeseNormalized,9,6,weka.classifiers.trees.RandomForest,'-P 100 -I 100 -num-slots 1 -K 0 -M 1.0 -V 0.001 -S 1',1116839470751428698,2.02605190229E7,4330.0,481.0,463.0,18.0,0.0,96.25779625779626,3.7422037422037424,0.0,0.8238095238095238,0.07971547002877095,0.17606254790696996,34.56320897739163,51.83869123404158,272.1308087156738,77.74249058310531,194.38831813256851,0.565760517080403,0.1616267995490755,0.4041337175313275,176.45315619027377,0.36684647856605773,64.84130077849235,0.9928057553956835,414.0,0.234375,15.0,0.765625,49.0,0.007194244604316547,3.0,0.965034965034965,0.9928057553956835,0.9787234042553192,0.8295520339382686,0.9874475419664268,0.9980376044242919,0.9625779625779626,0.2041472071822791,0.7958527928177209,0.037422037422037424,0.962010962010962,0.9625779625779626,0.9609077444734085,0.8295520339382686,0.9874475419664268,0.9900070765599422,0.9117754952311079,0.9625779625779626,0.402,0.007,0.38,0.01,380.0,10.0,3.106562E7,1043340.0,161919.0,100.0,64.55301455301455,?,-1.0
DatasetClassiRealeseNormalized,9,7,weka.classifiers.trees.RandomForest,'-P 100 -I 100 -num-slots 1 -K 0 -M 1.0 -V 0.001 -S 1',1116839470751428698,2.02605190229E7,4330.0,481.0,467.0,14.0,0.0,97.0893970893971,2.9106029106029108,0.0,0.8704102840427989,0.06976540149402713,0.15953237293829226,30.24903635843076,46.971655930776826,272.1308087156738,69.6815324253323,202.44927629034152,0.565760517080403,0.14486805078031664,0.4208924663000863,191.05924179729098,0.3972125609091289,70.20860397946063,0.988009592326139,412.0,0.140625,9.0,0.859375,55.0,0.011990407673860911,5.0,0.9786223277909739,0.988009592326139,0.9832935560859188,0.8710075198197583,0.9856864508393285,0.9975395306002395,0.9708939708939709,0.12350937856783181,0.8764906214321682,0.029106029106029108,0.9703787471008374,0.9708939708939709,0.9704939842748758,0.8710075198197583,0.9856864508393286,0.9912305585775865,0.9351951651397337,0.9708939708939709,0.415,0.006,0.38,0.01,380.0,10.0,2.9321559E7,1043340.0,161919.0,99.58419958419958,63.72141372141372,?,-1.0
DatasetClassiRealeseNormalized,9,8,weka.classifiers.trees.RandomForest,'-P 100 -I 100 -num-slots 1 -K 0 -M 1.0 -V 0.001 -S 1',1116839470751428698,2.02605190229E7,4330.0,481.0,462.0,19.0,0.0,96.04989604989605,3.95010395010395,0.0,0.8229253453721108,0.0753829026301379,0.17876391780364137,32.684684867158815,52.63406470584025,272.1308087156738,77.23580855971001,194.89500015596383,0.565760517080403,0.16057340656904368,0.4051871105113593,178.85795885151637,0.37184606829837086,65.72499442295405,0.9832134292565947,410.0,0.1875,12.0,0.8125,52.0,0.016786570743405275,7.0,0.9715639810426541,0.9832134292565947,0.9773539928486293,0.8238202650155232,0.9850869304556354,0.9976552236810319,0.9604989604989606,0.16478553124236575,0.8352144687576343,0.0395010395010395,0.9595612468935628,0.9604989604989606,0.9598137965823073,0.8238202650155231,0.9850869304556354,0.9883358136695758,0.9114412240665911,0.9604989604989606,0.401,0.007,0.38,0.0,380.0,0.0,2.6833832E7,1043340.0,161919.0,99.79209979209979,63.2016632016632,?,-1.0
DatasetClassiRealeseNormalized,9,9,weka.classifiers.trees.RandomForest,'-P 100 -I 100 -num-slots 1 -K 0 -M 1.0 -V 0.001 -S 1',1116839470751428698,2.02605190229E7,4330.0,481.0,455.0,26.0,0.0,94.5945945945946,5.405405405405405,0.0,0.7491072503310194,0.07903299219661393,0.17318290023791266,34.2672987365467,50.99082683497606,272.1308087156738,73.21310629366215,198.91770242201167,0.565760517080403,0.1522102001947238,0.41355031688567917,179.2766201922826,0.3727164660962216,65.87884004695454,0.9808153477218226,409.0,0.28125,18.0,0.71875,46.0,0.019184652278177457,8.0,0.9578454332552693,0.9808153477218226,0.9691943127962085,0.7526195338983561,0.9899205635491607,0.9985268452039375,0.9459459459459459,0.24638059822412342,0.7536194017758766,0.05405405405405406,0.9437423371849601,0.9459459459459459,0.9439757453654152,0.7526195338983561,0.9899205635491607,0.9887026696646827,0.8744276648726805,0.9459459459459459,0.404,0.008,0.38,0.0,380.0,0.0,2.9250484E7,1043340.0,161919.0,100.0,65.38461538461539,?,-1.0
DatasetClassiRealeseNormalized,9,10,weka.classifiers.trees.RandomForest,'-P 100 -I 100 -num-slots 1 -K 0 -M 1.0 -V 0.001 -S 1',1116839470751428698,2.02605190229E7,4330.0,481.0,457.0,24.0,0.0,95.01039501039502,4.98960498960499,0.0,0.7684066926132488,0.0822350393941064,0.17934486105415692,35.655649409288884,52.80511379121353,272.1308087156738,77.26239069532919,194.86841802034462,0.565760517080403,0.16062867088426028,0.4051318461961427,168.31591455153412,0.34992913628177574,61.8511058508605,0.9832134292565947,410.0,0.265625,17.0,0.734375,47.0,0.016786570743405275,7.0,0.9601873536299765,0.9832134292565947,0.9715639810426541,0.7720094640432469,0.9884967026378897,0.9982717770095314,0.9501039501039501,0.23251552084735536,0.7674844791526446,0.0498960498960499,0.948236653154686,0.9501039501039501,0.9482853034142295,0.7720094640432469,0.9884967026378897,0.9888431947929164,0.8840870752670897,0.9501039501039501,0.515,0.009,0.37,0.01,370.0,10.0,2.6875894E7,1043340.0,161919.0,100.0,65.38461538461539,?,-1.0
DatasetClassiRealeseNormalized,10,1,weka.classifiers.trees.RandomForest,'-P 100 -I 100 -num-slots 1 -K 0 -M 1.0 -V 0.001 -S 1',1116839470751428698,2.02605190229E7,4329.0,482.0,461.0,21.0,0.0,95.64315352697095,4.356846473029045,0.0,0.7959685547268698,0.08373134186761128,0.18502450380174124,36.33279002282251,54.52530099699443,272.3366817903761,85.51096292782826,186.82571886254783,0.565013862635635,0.17740863677972668,0.38760522585590834,168.1141859415066,0.34878461813590583,61.73027622878509,0.9880382775119617,413.0,0.25,16.0,0.75,48.0,0.011961722488038277,5.0,0.9627039627039627,0.9880382775119617,0.975206611570248,0.8005536345508053,0.9797772129186603,0.9966246003115774,0.9564315352697096,0.21839325775774782,0.7816067422422521,0.043568464730290454,0.9551297107078834,0.9564315352697096,0.9546663571559838,0.8005536345508054,0.9797772129186603,0.9859121907882732,0.8978597160415343,0.9564315352697096,0.481,0.008,0.38,0.0,380.0,0.0,3.0508486E7,1043111.0,162148.0,99.5850622406639,63.79668049792531,?,-1.0
DatasetClassiRealeseNormalized,10,2,weka.classifiers.trees.RandomForest,'-P 100 -I 100 -num-slots 1 -K 0 -M 1.0 -V 0.001 -S 1',1116839470751428698,2.02605190229E7,4330.0,481.0,460.0,21.0,0.0,95.63409563409563,4.365904365904366,0.0,0.8015247676497753,0.0818568483529796,0.17863964556468856,35.701539098466974,52.94867864014433,269.42867131105754,81.23619564842657,188.19247566263095,0.5601427677984564,0.16889021964329848,0.3912525481551579,169.72218786686034,0.3528527814279841,62.993365569069205,0.9808612440191388,410.0,0.20634920634920634,13.0,0.7936507936507936,50.0,0.019138755980861243,8.0,0.9692671394799054,0.9808612440191388,0.9750297265160524,0.8024212239652719,0.9816966659071922,0.9971085392766414,0.9563409563409564,0.18182891867102394,0.8181710813289761,0.04365904365904366,0.9552266302082884,0.9563409563409564,0.9555686931105805,0.8024212239652719,0.9816966659071922,0.9862421389710245,0.9007380037538939,0.9563409563409564,0.428,0.006,0.41,0.01,410.0,10.0,3.025721E7,1043340.0,161919.0,99.58419958419958,64.55301455301455,?,-1.0
DatasetClassiRealeseNormalized,10,3,weka.classifiers.trees.RandomForest,'-P 100 -I 100 -num-slots 1 -K 0 -M 1.0 -V 0.001 -S 1',1116839470751428698,2.02605190229E7,4330.0,481.0,468.0,13.0,0.0,97.29729729729729,2.7027027027027026,0.0,0.8736589012587641,0.07177114989399246,0.1606067293192849,31.118693165058755,47.28798231234793,272.1308087156738,67.33796830965832,204.7928404060155,0.565760517080403,0.13999577611155575,0.4257647409688472,191.01365652748984,0.3971177890384404,70.19185274500236,0.9976019184652278,416.0,0.1875,12.0,0.8125,52.0,0.002398081534772182,1.0,0.9719626168224299,0.9976019184652278,0.9846153846153846,0.8786943943752566,0.9931804556354916,0.9989374176782112,0.972972972972973,0.16287105450774517,0.8371289454922548,0.02702702702702703,0.9731826695325195,0.972972972972973,0.9718783872630025,0.8786943943752566,0.9931804556354916,0.9944921764991154,0.9367521367521368,0.972972972972973,0.365,0.008,0.37,0.01,370.0,10.0,2.8023327E7,1043340.0,161919.0,100.0,64.44906444906445,?,-1.0
DatasetClassiRealeseNormalized,10,4,weka.classifiers.trees.RandomForest,'-P 100 -I 100 -num-slots 1 -K 0 -M 1.0 -V 0.001 -S 1',1116839470751428698,2.02605190229E7,4330.0,481.0,462.0,19.0,0.0,96.04989604989605,3.95010395010395,0.0,0.8204695020135548,0.07302770403660035,0.16616239719191575,31.663512676336662,48.923756387367966,272.1308087156738,70.21535766945817,201.91545104621565,0.565760517080403,0.1459778745726781,0.41978264250772485,187.6839046643773,0.3901952279924684,68.96826770557689,0.9856115107913669,411.0,0.203125,13.0,0.796875,51.0,0.014388489208633094,6.0,0.9693396226415094,0.9856115107913669,0.9774078478002379,0.8222701368508051,0.9898830935251799,0.9983847861931247,0.9604989604989606,0.17801244970759358,0.8219875502924064,0.0395010395010395,0.9594132651481211,0.9604989604989606,0.9595207604071513,0.8222701368508051,0.9898830935251798,0.9920759675656332,0.910191527205904,0.9604989604989606,0.376,0.007,0.35,0.0,350.0,0.0,2.5417998E7,1043340.0,161919.0,99.79209979209979,64.34511434511434,?,-1.0
DatasetClassiRealeseNormalized,10,5,weka.classifiers.trees.RandomForest,'-P 100 -I 100 -num-slots 1 -K 0 -M 1.0 -V 0.001 -S 1',1116839470751428698,2.02605190229E7,4330.0,481.0,464.0,17.0,0.0,96.46569646569647,3.5343035343035343,0.0,0.8415647827013624,0.07324463630821153,0.15796716298641836,31.75757064820751,46.510805872793384,272.1308087156738,66.57507430424027,205.55573441143355,0.565760517080403,0.13840971788823342,0.42735079919216956,183.56348769669836,0.3816288725503084,67.45413669368399,0.9856115107913669,411.0,0.171875,11.0,0.828125,53.0,0.014388489208633094,6.0,0.9739336492890995,0.9856115107913669,0.9797377830750893,0.8424799724685494,0.9923186450839329,0.9988075050199562,0.9646569646569647,0.15092045386559774,0.8490795461344023,0.035343035343035345,0.963870804942377,0.9646569646569647,0.9640439232578538,0.8424799724685494,0.9923186450839329,0.993493055494935,0.9207632004806341,0.9646569646569647,0.414,0.007,0.38,0.01,380.0,10.0,3.1278763E7,1043340.0,161919.0,100.0,65.17671517671518,?,-1.0
DatasetClassiRealeseNormalized,10,6,weka.classifiers.trees.RandomForest,'-P 100 -I 100 -num-slots 1 -K 0 -M 1.0 -V 0.001 -S 1',1116839470751428698,2.02605190229E7,4330.0,481.0,462.0,19.0,0.0,96.04989604989605,3.95010395010395,0.0,0.8126755078197063,0.07752920906388293,0.18087418357528506,33.61528513549161,53.255397391629884,272.1308087156738,81.36215949315017,190.76864922252366,0.565760517080403,0.16915209873835796,0.396608418342045,178.5183914636538,0.3711401069930433,65.60021348048555,0.9928057553956835,414.0,0.25,16.0,0.75,48.0,0.007194244604316547,3.0,0.9627906976744186,0.9928057553956835,0.9775678866587957,0.8194339602885871,0.9834007793764988,0.9972923457561761,0.9604989604989606,0.21769320510327703,0.782306794896723,0.0395010395010395,0.959914792199334,0.9604989604989606,0.9585694297156747,0.8194339602885871,0.9834007793764988,0.987920629945002,0.9061752476772239,0.9604989604989606,0.39,0.006,0.36,0.01,360.0,10.0,2.6683829E7,1043340.0,161919.0,99.79209979209979,64.13721413721414,?,-1.0
DatasetClassiRealeseNormalized,10,7,weka.classifiers.trees.RandomForest,'-P 100 -I 100 -num-slots 1 -K 0 -M 1.0 -V 0.001 -S 1',1116839470751428698,2.02605190229E7,4330.0,481.0,463.0,18.0,0.0,96.25779625779626,3.7422037422037424,0.0,0.8356179988608315,0.07940950452299521,0.17691312563522227,34.430547779857655,52.08912971030812,272.1308087156738,77.96830136117772,194.16250735449609,0.565760517080403,0.16209626062614912,0.4036642564542538,170.49031332491214,0.3544497158522082,62.65013290099132,0.9808153477218226,409.0,0.15625,10.0,0.84375,54.0,0.019184652278177457,8.0,0.9761336515513126,0.9808153477218226,0.9784688995215312,0.8357574140120331,0.9858738009592326,0.9978179736548056,0.9625779625779626,0.13801261485614005,0.86198738514386,0.037422037422037424,0.9621406822884997,0.9625779625779626,0.9623257254836203,0.835757414012033,0.9858738009592326,0.9879088172038532,0.9178058783321941,0.9625779625779626,0.394,0.006,0.37,0.0,370.0,0.0,2.7765587E7,1043340.0,161919.0,100.0,65.07276507276508,?,-1.0
DatasetClassiRealeseNormalized,10,8,weka.classifiers.trees.RandomForest,'-P 100 -I 100 -num-slots 1 -K 0 -M 1.0 -V 0.001 -S 1',1116839470751428698,2.02605190229E7,4330.0,481.0,462.0,19.0,0.0,96.04989604989605,3.95010395010395,0.0,0.8276408351092924,0.07708242095537873,0.17437127527180116,33.421565763865615,51.34072411400749,272.1308087156738,75.63571318508637,196.49509553058743,0.565760517080403,0.15724680495859952,0.4085137121218034,179.84777984535617,0.37390390820240366,66.08872427717792,0.9784172661870504,408.0,0.15625,10.0,0.84375,54.0,0.02158273381294964,9.0,0.9760765550239234,0.9784172661870504,0.977245508982036,0.8276748916302482,0.9878597122302158,0.9981709302370991,0.9604989604989606,0.13833169431191014,0.8616683056880898,0.0395010395010395,0.9602516970938022,0.9604989604989606,0.9603670979124797,0.8276748916302481,0.9878597122302157,0.9877750884659693,0.9138196048847187,0.9604989604989606,0.356,0.008,0.36,0.01,360.0,10.0,2.8915894E7,1043340.0,161919.0,100.0,66.11226611226611,?,-1.0
DatasetClassiRealeseNormalized,10,9,weka.classifiers.trees.RandomForest,'-P 100 -I 100 -num-slots 1 -K 0 -M 1.0 -V 0.001 -S 1',1116839470751428698,2.02605190229E7,4330.0,481.0,459.0,22.0,0.0,95.42619542619542,4.573804573804574,0.0,0.787706134895478,0.08152377663774603,0.16995169825737416,35.347258537641935,50.03945311140332,272.1308087156738,74.97303684772488,197.15777186794895,0.565760517080403,0.15586909947551952,0.40989141760488346,175.48001713504476,0.3648233204470785,64.4837010418724,0.9856115107913669,411.0,0.25,16.0,0.75,48.0,0.014388489208633094,6.0,0.9625292740046838,0.9856115107913669,0.9739336492890994,0.7913993941881375,0.99126948441247,0.9987266872458712,0.9542619542619543,0.21865044347058735,0.7813495565294126,0.04573804573804574,0.9527309691244117,0.9542619542619543,0.9525948614630435,0.7913993941881375,0.99126948441247,0.9894021125009821,0.8937464856614988,0.9542619542619543,0.367,0.008,0.37,0.0,370.0,0.0,3.1204069E7,1043340.0,161919.0,100.0,65.48856548856548,?,-1.0
DatasetClassiRealeseNormalized,10,10,weka.classifiers.trees.RandomForest,'-P 100 -I 100 -num-slots 1 -K 0 -M 1.0 -V 0.001 -S 1',1116839470751428698,2.02605190229E7,4330.0,481.0,458.0,23.0,0.0,95.21829521829522,4.781704781704781,0.0,0.7796171238470888,0.08456381472819195,0.19265594983249323,36.665364945110774,56.72434266397582,272.1308087156738,91.05880981454045,181.07199890113338,0.565760517080403,0.18931145491588453,0.37644906216451846,167.4848057551727,0.3482012593662634,61.54569802133768,0.9832134292565947,410.0,0.25,16.0,0.75,48.0,0.016786570743405275,7.0,0.9624413145539906,0.9832134292565947,0.9727164887307237,0.7825323149160556,0.9763189448441247,0.9962410843987569,0.9521829521829522,0.21896952292635743,0.7810304770736426,0.04781704781704782,0.9505043110676914,0.9521829521829522,0.9506299956373225,0.7825323149160556,0.9763189448441247,0.9812222262411366,0.889719588903177,0.9521829521829522,0.41,0.007,0.39,0.01,390.0,10.0,3.0181663E7,1043340.0,161919.0,99.79209979209979,64.76091476091476,?,-1.0
